instancia,variante,status,rc,tiempo_solver_s,gap_pct,objetivo_solver,objetivo_post,status_solver,best_bound,nodos_explorados,iter_simplex,presolve_time_s,rows_cargadas,cols_cargadas,nz_cargados,rows_presolved,cols_presolved,nz_presolved,reduccion_rows_pct,reduccion_cols_pct,reduccion_nz_pct,solver_warnings,solver_warnings_txt,matrix_min,matrix_max,objective_min,objective_max,rhs_min,rhs_max,bounds_min,bounds_max,matrix_range_ratio_vs_base,objective_range_ratio_vs_base,rhs_range_ratio_vs_base,bounds_range_ratio_vs_base,kappa_antes,kappa_despues,rho_antes,rho_despues,tiempo_preprocesamiento_s,tiempo_total_s,speedup_vs_base,speedup_solver_vs_base,speedup_total_vs_base,overhead_preprocesamiento_vs_base,ratio_preproc_solver,gap_delta_vs_base,obj_solver_delta_vs_base,obj_solver_rel_delta_vs_base,obj_post_delta_vs_base,obj_post_rel_delta_vs_base,matrix_kappa_ratio_vs_base,kappa_proxy_ratio,kappa_solver,kappa_solver_exact,kappa_solver_ratio_vs_base,work_units,dettime_ticks,root_gap,root_time,tiempo_determinista,speedup_det_vs_base,primal_integral,kappa_arbol_max,kappa_attention,kappa_stable_frac,kappa_suspicious_frac,kappa_unstable_frac,kappa_illposed_frac,kappa_arbol_max_ratio_vs_base,mip_equivalente,post_factible,solver_max_viol,solver_int_viol,solver_obj_diff,post_max_viol,post_int_viol,verif_solver_avg_viol,verif_solver_p95_viol,verif_solver_p99_viol,verif_solver_max_viol_rel,verif_post_avg_viol,verif_post_p95_viol,verif_post_p99_viol,verif_post_max_viol_rel,verif_solver_max_le,verif_solver_max_ge,verif_solver_max_eq,verif_solver_max_lb,verif_solver_max_ub,verif_solver_max_int,verif_solver_viol_le_count,verif_solver_viol_ge_count,verif_solver_viol_eq_count,verif_solver_viol_lb_count,verif_solver_viol_ub_count,verif_solver_viol_int_count,verif_solver_missing,verif_solver_obj_original,verif_post_max_le,verif_post_max_ge,verif_post_max_eq,verif_post_max_lb,verif_post_max_ub,verif_post_max_int,verif_post_viol_le_count,verif_post_viol_ge_count,verif_post_viol_eq_count,verif_post_viol_lb_count,verif_post_viol_ub_count,verif_post_viol_int_count,verif_post_missing,verif_post_obj_original,obj_original_variante,abs_obj_diff_vs_base,rel_obj_diff_vs_base,sentido_obj_vs_base,best_bound_delta_vs_base,equivalente_vs_base,max_diff_post_csv,diffs_post_csv,csv,csv_post,log
caso01a.txt,base,OK,0,1.997796597,0.039441871535917,-344334928.4223614,-353539000.0,OPTIMAL,-344470740.562483,1.0,9580.0,0.23,14400.0,10800.0,35590.0,10911.0,8715.0,28973.0,24.229166666666668,19.305555555555557,18.592301208204553,4,Model contains large bounds | Model contains large matrix coefficients | Model contains large rhs | max constraint violation (6.8303e-06) exceeds tolerance,0.002,2000000000.0,0.003,3000.0,5.0,5000000000.0,1.0,10000000000.0,,,,,,,,,0.0,1.997796597,1.0,1.0,1.0,0.0,0.0,0.0,,,0.0,,,,231760.739156,,,1.887088,,,,1.887088,1.0,0.233765706493323,,,,,,,,BASE,BASE,,,,,,5.0442766105535e-09,2.8421709430404e-14,9.31322574615479e-08,5.517722456716e-07,4457820.92770328,5.94196543080942,140886542.570947,815475019.033504,4.54747350886464e-12,0.0,6.83031976222992e-06,0.0,0.0,0.0,0.0,0.0,7.0,0.0,0.0,0.0,0.0,-344334928.422361,1200.26937797562,0.0,815475019.033504,0.0,0.0,0.0,210.0,0.0,966.0,0.0,0.0,0.0,0.0,-353539362.325839,,,,,,BASE,0.0,0,/clusteruy/home/mathiasr/generator-aware-row-scaling/results-revision/r1-internal-scaling/simple-gurobi-01pct/base-scaleflag2/resultados/caso01a_base.csv,/clusteruy/home/mathiasr/generator-aware-row-scaling/results-revision/r1-internal-scaling/simple-gurobi-01pct/base-scaleflag2/resultados/caso01a_base_postprocesado.csv,/clusteruy/home/mathiasr/generator-aware-row-scaling/results-revision/r1-internal-scaling/simple-gurobi-01pct/base-scaleflag2/logs/caso01a_base.log
caso01b.txt,base,OK,0,2.11950393,0.038843862469336,-353071954.4255615,-352389000.0,OPTIMAL,-353209101.20995635,1.0,10938.0,0.23,14400.0,10800.0,35590.0,10911.0,8715.0,28973.0,24.229166666666668,19.305555555555557,18.592301208204553,3,Model contains large bounds | Model contains large matrix coefficients | Model contains large rhs,0.002,2000000000.0,0.003,3000.0,5.0,5000000000.0,1.0,10000000000.0,,,,,,,,,0.0,2.11950393,1.0,1.0,1.0,0.0,0.0,0.0,,,0.0,,,,352864.04657,,,2.000785,,,,2.000785,1.0,0.236560286709135,,,,,,,,BASE,BASE,,,,,,3.97890689704402e-09,4.65661287307739e-10,1.15954899229109e-07,9.30274836719036e-07,456099.156601281,2.30734767107029,26841250.1747587,39018588.3065237,3.63797880709171e-12,0.0,9.30274836719036e-07,0.0,0.0,0.0,0.0,0.0,0.0,0.0,0.0,0.0,0.0,-353071954.425562,1567.27661031944,0.0,39018588.3065237,0.0,0.0,0.0,885.0,0.0,984.0,0.0,0.0,0.0,0.0,-352389157.746047,,,,,,BASE,0.0,0,/clusteruy/home/mathiasr/generator-aware-row-scaling/results-revision/r1-internal-scaling/simple-gurobi-01pct/base-scaleflag2/resultados/caso01b_base.csv,/clusteruy/home/mathiasr/generator-aware-row-scaling/results-revision/r1-internal-scaling/simple-gurobi-01pct/base-scaleflag2/resultados/caso01b_base_postprocesado.csv,/clusteruy/home/mathiasr/generator-aware-row-scaling/results-revision/r1-internal-scaling/simple-gurobi-01pct/base-scaleflag2/logs/caso01b_base.log
caso01c.txt,base,OK,0,1.923470019,0.038331433774163,-347925444.9712162,-348839000.0,OPTIMAL,-348058809.7827388,1.0,9998.0,0.23,14400.0,10800.0,35590.0,10911.0,8715.0,28973.0,24.229166666666668,19.305555555555557,18.592301208204553,4,Model contains large bounds | Model contains large matrix coefficients | Model contains large rhs | max constraint violation (1.4305e-06) exceeds tolerance,0.002,2000000000.0,0.005,3000.0,5.0,5000000000.0,1.0,10000000000.0,,,,,,,,,0.0,1.923470019,1.0,1.0,1.0,0.0,0.0,0.0,,,0.0,,,,48149.777836,,,1.697827,,,,1.697827,1.0,0.258408170510382,,,,,,,,BASE,BASE,,,,,,2.88661890081534e-09,5.82076609134674e-11,7.45058059692383e-08,1.05216167867184e-06,1784338.53498423,3.09531824976932,81415643.7163414,360908013.513844,6.97042423780658e-12,0.0,1.41700729727745e-06,0.0,0.0,0.0,0.0,0.0,2.0,0.0,0.0,0.0,0.0,-347925444.971216,1311.83585772548,0.0,360908013.513844,0.0,0.0,0.0,463.0,0.0,953.0,0.0,0.0,0.0,0.0,-348839287.025585,,,,,,BASE,0.0,0,/clusteruy/home/mathiasr/generator-aware-row-scaling/results-revision/r1-internal-scaling/simple-gurobi-01pct/base-scaleflag2/resultados/caso01c_base.csv,/clusteruy/home/mathiasr/generator-aware-row-scaling/results-revision/r1-internal-scaling/simple-gurobi-01pct/base-scaleflag2/resultados/caso01c_base_postprocesado.csv,/clusteruy/home/mathiasr/generator-aware-row-scaling/results-revision/r1-internal-scaling/simple-gurobi-01pct/base-scaleflag2/logs/caso01c_base.log
caso01d.txt,base,OK,0,47.550831733,0.045662171903748,-273065636.1913758,-273223000.0,OPTIMAL,-273190323.89158356,7964.0,513478.0,0.23,14400.0,10800.0,35590.0,10859.0,8460.0,28794.0,24.59027777777778,21.666666666666668,19.095251475133466,4,Model contains large bounds | Model contains large matrix coefficients | Model contains large rhs | max constraint violation (5.7640e-06) exceeds tolerance,0.002,2000000000.0,0.003,2000.0,5.0,5000000000.0,1.0,10000000000.0,,,,,,,,,0.0,47.550831733,1.0,1.0,1.0,0.0,0.0,0.0,,,0.0,,,,152767.381131,,,56.657744,,0.012597,3.871243,56.657744,1.0,0.01917157595462,,,,,,,,BASE,BASE,,,,,,2.96969779142441e-09,4.54747350886464e-13,8.19563865661621e-08,1.34250149130821e-06,854591.194532508,5.98819528773657,39453911.0176916,847599845.167328,9.09494701772928e-12,0.0,5.7639554142952e-06,0.0,0.0,0.0,0.0,0.0,3.0,0.0,0.0,0.0,0.0,-273065636.191376,547.837901605064,0.0,847599845.167328,0.0,0.0,0.0,281.0,0.0,1046.0,0.0,0.0,0.0,0.0,-273222760.094038,,,,,,BASE,0.0,0,/clusteruy/home/mathiasr/generator-aware-row-scaling/results-revision/r1-internal-scaling/simple-gurobi-01pct/base-scaleflag2/resultados/caso01d_base.csv,/clusteruy/home/mathiasr/generator-aware-row-scaling/results-revision/r1-internal-scaling/simple-gurobi-01pct/base-scaleflag2/resultados/caso01d_base_postprocesado.csv,/clusteruy/home/mathiasr/generator-aware-row-scaling/results-revision/r1-internal-scaling/simple-gurobi-01pct/base-scaleflag2/logs/caso01d_base.log
caso01e.txt,base,OK,0,98.229017658,0.092936265433182,-282972556.14794254,-282838000.0,OPTIMAL,-283235540.27382725,27161.0,3044421.0,0.24,14400.0,10800.0,35590.0,10859.0,8460.0,28794.0,24.59027777777778,21.666666666666668,19.095251475133466,3,Model contains large bounds | Model contains large matrix coefficients | Model contains large rhs,0.002,2000000000.0,0.003,2000.0,5.0,5000000000.0,1.0,10000000000.0,,,,,,,,,0.0,98.229017658,1.0,1.0,1.0,0.0,0.0,0.0,,,0.0,,,,117028.009171,,,109.975633,,0.015272,4.723442,109.975633,1.0,0.015641714363289,,,,,,,,BASE,BASE,,,,,,1.97105032025232e-09,5.82076609134674e-11,6.51925802230835e-08,4.76837158203125e-07,592444.851428984,5.34476572477044,16694006.0282537,370215784.193021,3.63797880709171e-12,0.0,5.76372258365154e-07,0.0,0.0,3.0236355992308e-06,0.0,0.0,0.0,0.0,0.0,1.0,0.0,-282972556.147942,435.574131356763,0.0,370215784.193021,0.0,0.0,3.0236355992308e-06,385.0,0.0,1043.0,0.0,0.0,1.0,0.0,-282838320.712484,,,,,,BASE,0.0,0,/clusteruy/home/mathiasr/generator-aware-row-scaling/results-revision/r1-internal-scaling/simple-gurobi-01pct/base-scaleflag2/resultados/caso01e_base.csv,/clusteruy/home/mathiasr/generator-aware-row-scaling/results-revision/r1-internal-scaling/simple-gurobi-01pct/base-scaleflag2/resultados/caso01e_base_postprocesado.csv,/clusteruy/home/mathiasr/generator-aware-row-scaling/results-revision/r1-internal-scaling/simple-gurobi-01pct/base-scaleflag2/logs/caso01e_base.log
caso01f.txt,base,OK,0,58.433239361,0.034277846196226,-277860266.78574526,-277647000.0,OPTIMAL,-277955511.3006345,15943.0,1056400.0,0.23,14400.0,10800.0,35590.0,10859.0,8460.0,28794.0,24.59027777777778,21.666666666666668,19.095251475133466,3,Model contains large bounds | Model contains large matrix coefficients | Model contains large rhs,0.002,2000000000.0,0.005,2000.0,5.0,5000000000.0,1.0,10000000000.0,,,,,,,,,0.0,58.433239361,1.0,1.0,1.0,0.0,0.0,0.0,,,0.0,,,,595892.803119,,,67.993204,,0.016438,3.707967,67.993204,1.0,0.022354467079938,,,,,,,,BASE,BASE,,,,,,2.27658790829803e-09,1.82183157448886e-12,7.63684511184692e-08,3.44589352607727e-07,999830.330739649,5.55094543119883,30829990.4847951,848482136.933364,8.18545231595635e-12,0.0,4.65195626020432e-07,0.0,0.0,0.0,0.0,0.0,0.0,0.0,0.0,0.0,0.0,-277860266.785745,466.952203786412,0.0,848482136.933364,0.0,0.0,0.0,235.0,0.0,1042.0,0.0,0.0,0.0,0.0,-277646958.098476,,,,,,BASE,0.0,0,/clusteruy/home/mathiasr/generator-aware-row-scaling/results-revision/r1-internal-scaling/simple-gurobi-01pct/base-scaleflag2/resultados/caso01f_base.csv,/clusteruy/home/mathiasr/generator-aware-row-scaling/results-revision/r1-internal-scaling/simple-gurobi-01pct/base-scaleflag2/resultados/caso01f_base_postprocesado.csv,/clusteruy/home/mathiasr/generator-aware-row-scaling/results-revision/r1-internal-scaling/simple-gurobi-01pct/base-scaleflag2/logs/caso01f_base.log
caso02a.txt,base,OK,0,8.256430018,0.097640364141677,-371249583.1713754,-382050000.0,OPTIMAL,-371612072.6162584,2155.0,39635.0,0.25,14400.0,10800.0,35590.0,10865.0,8656.0,29011.0,24.54861111111111,19.85185185185185,18.48552964315819,3,Model contains large bounds | Model contains large matrix coefficients | Model contains large rhs,0.002,2000000000.0,0.003,3000.0,5.0,5000000000.0,1.0,10000000000.0,,,,,,,,,0.0,8.256430018,1.0,1.0,1.0,0.0,0.0,0.0,,,0.0,,,,97724.57929,,,7.955594,,0.004174,4.009494,7.955594,1.0,0.05351524283773,,,,,,,,BASE,BASE,,,,,,1.79655820664617e-09,6.49036380195857e-14,5.77419996261597e-08,3.59490513801575e-07,3376779.051721,5.2398181784755,70624327.3430352,766964201.908997,5.3140936984164e-08,0.0,3.59490513801575e-07,0.0,0.0,0.0,0.0,0.0,0.0,0.0,0.0,0.0,0.0,-371249583.171375,694.103473601655,0.0,766964201.908997,0.0,0.0,0.0,226.0,0.0,964.0,0.0,0.0,0.0,0.0,-382049767.829281,,,,,,BASE,0.0,0,/clusteruy/home/mathiasr/generator-aware-row-scaling/results-revision/r1-internal-scaling/simple-gurobi-01pct/base-scaleflag2/resultados/caso02a_base.csv,/clusteruy/home/mathiasr/generator-aware-row-scaling/results-revision/r1-internal-scaling/simple-gurobi-01pct/base-scaleflag2/resultados/caso02a_base_postprocesado.csv,/clusteruy/home/mathiasr/generator-aware-row-scaling/results-revision/r1-internal-scaling/simple-gurobi-01pct/base-scaleflag2/logs/caso02a_base.log
caso02b.txt,base,OK,0,27.156158932,0.096503215841631,-378609378.8830267,-375661000.0,OPTIMAL,-378974749.10912687,2971.0,302240.0,0.25,14400.0,10800.0,35590.0,10865.0,8656.0,29011.0,24.54861111111111,19.85185185185185,18.48552964315819,3,Model contains large bounds | Model contains large matrix coefficients | Model contains large rhs,0.002,2000000000.0,0.003,3000.0,5.0,5000000000.0,1.0,10000000000.0,,,,,,,,,0.0,27.156158932,1.0,1.0,1.0,0.0,0.0,0.0,,,0.0,,,,1541469.455542,,,26.892445,,0.004152,6.111746,26.892445,1.0,0.020643382307341,,,,,,,,BASE,BASE,,,,,,4.52149709875365e-09,1.41183136292944e-09,1.49025581777096e-07,7.28759914636612e-07,645025.245061129,2.46780405490377,27955583.744101,50908252.22698,1.69620761880651e-09,0.0,7.28759914636612e-07,0.0,0.0,0.0,0.0,0.0,0.0,0.0,0.0,0.0,0.0,-378609378.883027,1459.53086303707,0.0,50908252.22698,0.0,0.0,0.0,318.0,0.0,985.0,0.0,0.0,0.0,0.0,-375660959.438232,,,,,,BASE,0.0,0,/clusteruy/home/mathiasr/generator-aware-row-scaling/results-revision/r1-internal-scaling/simple-gurobi-01pct/base-scaleflag2/resultados/caso02b_base.csv,/clusteruy/home/mathiasr/generator-aware-row-scaling/results-revision/r1-internal-scaling/simple-gurobi-01pct/base-scaleflag2/resultados/caso02b_base_postprocesado.csv,/clusteruy/home/mathiasr/generator-aware-row-scaling/results-revision/r1-internal-scaling/simple-gurobi-01pct/base-scaleflag2/logs/caso02b_base.log
caso02c.txt,base,OK,0,21.270705345,0.046638340828139,-374325270.8665839,-370532000.0,OPTIMAL,-374499849.9622165,1537.0,208337.0,0.25,14400.0,10800.0,35590.0,10865.0,8656.0,29011.0,24.54861111111111,19.85185185185185,18.48552964315819,3,Model contains large bounds | Model contains large matrix coefficients | Model contains large rhs,0.002,2000000000.0,0.005,3000.0,5.0,5000000000.0,1.0,10000000000.0,,,,,,,,,0.0,21.270705345,1.0,1.0,1.0,0.0,0.0,0.0,,,0.0,,,,199353.007,,,23.832119,,0.004154,4.734089,23.832119,1.0,0.024772242767781,,,,,,,,BASE,BASE,,,,,,3.95847359641425e-09,1.84445525519513e-10,1.3597309589386e-07,3.12924385070801e-07,900615.913857864,2.44249917913085,34021373.7837487,279373136.033961,1.45756601942182e-10,0.0,5.57862222194672e-07,0.0,0.0,0.0,0.0,0.0,0.0,0.0,0.0,0.0,0.0,-374325270.866584,428.813298854158,0.0,279373136.033961,0.0,0.0,0.0,240.0,0.0,964.0,0.0,0.0,0.0,0.0,-370531688.917163,,,,,,BASE,0.0,0,/clusteruy/home/mathiasr/generator-aware-row-scaling/results-revision/r1-internal-scaling/simple-gurobi-01pct/base-scaleflag2/resultados/caso02c_base.csv,/clusteruy/home/mathiasr/generator-aware-row-scaling/results-revision/r1-internal-scaling/simple-gurobi-01pct/base-scaleflag2/resultados/caso02c_base_postprocesado.csv,/clusteruy/home/mathiasr/generator-aware-row-scaling/results-revision/r1-internal-scaling/simple-gurobi-01pct/base-scaleflag2/logs/caso02c_base.log
caso02d.txt,base,OK,0,66.738623921,0.096473557719248,-282168421.9979867,-282149000.0,OPTIMAL,-282440639.9134484,23147.0,1934792.0,0.26,14400.0,10800.0,35590.0,10704.0,8287.0,28579.0,25.666666666666668,23.26851851851852,19.699353751053668,3,Model contains large bounds | Model contains large matrix coefficients | Model contains large rhs,0.002,2000000000.0,0.003,2000.0,5.0,5000000000.0,1.0,10000000000.0,,,,,,,,,0.0,66.738623921,1.0,1.0,1.0,0.0,0.0,0.0,,,0.0,,,,160453.648107,,,78.217491,,0.090797,5.003553,78.217491,1.0,0.087164018335448,,,,,,,,BASE,BASE,,,,,,2.38032805767363e-09,5.6843418860808e-14,7.45058059692383e-08,4.76837158203125e-07,691226.882144668,4.55917301059148,14145261.4332825,822987111.243139,4.76837158203125e-07,0.0,9.81148332357407e-07,0.0,0.0,0.0,0.0,0.0,0.0,0.0,0.0,0.0,0.0,-282168421.997987,753.83000474696,0.0,822987111.243139,0.0,0.0,0.0,184.0,0.0,1055.0,0.0,0.0,0.0,0.0,-282148804.756015,,,,,,BASE,0.0,0,/clusteruy/home/mathiasr/generator-aware-row-scaling/results-revision/r1-internal-scaling/simple-gurobi-01pct/base-scaleflag2/resultados/caso02d_base.csv,/clusteruy/home/mathiasr/generator-aware-row-scaling/results-revision/r1-internal-scaling/simple-gurobi-01pct/base-scaleflag2/resultados/caso02d_base_postprocesado.csv,/clusteruy/home/mathiasr/generator-aware-row-scaling/results-revision/r1-internal-scaling/simple-gurobi-01pct/base-scaleflag2/logs/caso02d_base.log
caso02e.txt,base,OK,0,17.627098285,0.099997392112977,-291217358.385449,-291793000.0,OPTIMAL,-291508568.14921474,386.0,212004.0,0.25,14400.0,10800.0,35590.0,10704.0,8287.0,28579.0,25.666666666666668,23.26851851851852,19.699353751053668,4,Model contains large bounds | Model contains large matrix coefficients | Model contains large rhs | max constraint violation (7.1311e-06) exceeds tolerance,0.002,2000000000.0,0.003,2000.0,5.0,5000000000.0,1.0,10000000000.0,,,,,,,,,0.0,17.627098285,1.0,1.0,1.0,0.0,0.0,0.0,,,0.0,,,,52411.19098,,,16.163381,,0.003559,6.734962,16.163381,1.0,0.030612174085455,,,,,,,,BASE,BASE,,,,,,2.49061890587953e-09,9.09494701772928e-13,5.82123175263406e-08,4.76837158203125e-07,1082493.43046075,2.76301491610846,56500836.1091267,85975587.0248943,9.08073616301408e-12,0.0,7.13113695383072e-06,0.0,0.0,0.0,0.0,0.0,1.0,0.0,0.0,0.0,0.0,-291217358.385449,844.579539933846,0.0,85975587.0248943,0.0,0.0,0.0,461.0,0.0,1070.0,0.0,0.0,0.0,0.0,-291793141.520922,,,,,,BASE,0.0,0,/clusteruy/home/mathiasr/generator-aware-row-scaling/results-revision/r1-internal-scaling/simple-gurobi-01pct/base-scaleflag2/resultados/caso02e_base.csv,/clusteruy/home/mathiasr/generator-aware-row-scaling/results-revision/r1-internal-scaling/simple-gurobi-01pct/base-scaleflag2/resultados/caso02e_base_postprocesado.csv,/clusteruy/home/mathiasr/generator-aware-row-scaling/results-revision/r1-internal-scaling/simple-gurobi-01pct/base-scaleflag2/logs/caso02e_base.log
caso02f.txt,base,OK,0,17.210721937,0.099723161296178,-286107787.114972,-287128000.0,OPTIMAL,-286393102.8449976,290.0,163553.0,0.25,14400.0,10800.0,35590.0,10704.0,8287.0,28579.0,25.666666666666668,23.26851851851852,19.699353751053668,4,Model contains large bounds | Model contains large matrix coefficients | Model contains large rhs | max constraint violation (7.3677e-06) exceeds tolerance,0.002,2000000000.0,0.005,2000.0,5.0,5000000000.0,1.0,10000000000.0,,,,,,,,,0.0,17.210721937,1.0,1.0,1.0,0.0,0.0,0.0,,,0.0,,,,22244.585052,,,19.492257,,0.003464,4.886861,19.492257,1.0,0.029827198868279,,,,,,,,BASE,BASE,,,,,,3.18874531144184e-09,9.09494701772928e-13,6.51925802230835e-08,3.53902578353882e-07,1080019.93736971,2.67091628804599,45003486.3801017,377294683.983615,5.6843418860808e-14,0.0,7.36769288778305e-06,0.0,0.0,0.0,0.0,0.0,3.0,0.0,0.0,0.0,0.0,-286107787.114972,844.579539933846,0.0,377294683.983615,0.0,0.0,0.0,435.0,0.0,1057.0,0.0,0.0,0.0,0.0,-287128105.802398,,,,,,BASE,0.0,0,/clusteruy/home/mathiasr/generator-aware-row-scaling/results-revision/r1-internal-scaling/simple-gurobi-01pct/base-scaleflag2/resultados/caso02f_base.csv,/clusteruy/home/mathiasr/generator-aware-row-scaling/results-revision/r1-internal-scaling/simple-gurobi-01pct/base-scaleflag2/resultados/caso02f_base_postprocesado.csv,/clusteruy/home/mathiasr/generator-aware-row-scaling/results-revision/r1-internal-scaling/simple-gurobi-01pct/base-scaleflag2/logs/caso02f_base.log
caso03a.txt,base,OK,0,2.097628846,0.013888948178475,-373599814.83434415,-377231000.0,OPTIMAL,-373651703.91902137,1.0,10208.0,0.25,14400.0,10800.0,35590.0,10964.0,8770.0,28718.0,23.86111111111111,18.796296296296298,19.308794605226186,4,Model contains large bounds | Model contains large matrix coefficients | Model contains large rhs | max constraint violation (2.0889e-06) exceeds tolerance,0.002,2000000000.0,0.003,3000.0,5.0,5000000000.0,1.0,10000000000.0,,,,,,,,,0.0,2.097628846,1.0,1.0,1.0,0.0,0.0,0.0,,,0.0,,,,85699.593391,,,1.82184,,,,1.82184,1.0,0.225859028105399,,,,,,,,BASE,BASE,,,,,,2.4829071637078e-09,2.82448731070411e-11,8.5681676864624e-08,2.06753611564636e-07,1503165.51519446,3.75256322989442,35423066.1550559,725056413.010389,1.55040424942854e-11,0.0,2.14576721191406e-06,0.0,0.0,0.0,0.0,0.0,1.0,0.0,0.0,0.0,0.0,-373599814.834344,1737.05419492809,0.0,725056413.010389,0.0,0.0,0.0,663.0,0.0,997.0,0.0,0.0,0.0,0.0,-377230585.007596,,,,,,BASE,0.0,0,/clusteruy/home/mathiasr/generator-aware-row-scaling/results-revision/r1-internal-scaling/simple-gurobi-01pct/base-scaleflag2/resultados/caso03a_base.csv,/clusteruy/home/mathiasr/generator-aware-row-scaling/results-revision/r1-internal-scaling/simple-gurobi-01pct/base-scaleflag2/resultados/caso03a_base_postprocesado.csv,/clusteruy/home/mathiasr/generator-aware-row-scaling/results-revision/r1-internal-scaling/simple-gurobi-01pct/base-scaleflag2/logs/caso03a_base.log
caso03b.txt,base,OK,0,2.388578205,0.017819574292769,-379994218.7158212,-379669000.0,OPTIMAL,-380061932.0679335,1.0,11261.0,0.25,14400.0,10800.0,35590.0,10964.0,8770.0,28718.0,23.86111111111111,18.796296296296298,19.308794605226186,4,Model contains large bounds | Model contains large matrix coefficients | Model contains large rhs | max constraint violation (6.5416e-06) exceeds tolerance,0.002,2000000000.0,0.003,3000.0,5.0,5000000000.0,1.0,10000000000.0,,,,,,,,,0.0,2.388578205,1.0,1.0,1.0,0.0,0.0,0.0,,,0.0,,,,311008.131201,,,2.162431,,,,2.162431,1.0,0.22655599614451,,,,,,,,BASE,BASE,,,,,,4.90191030421401e-09,1.39698386192322e-09,1.35051086544991e-07,3.7066638469696e-07,180469.783260195,2.23329872378375,6219386.12930387,24569114.3257705,3.63797880709171e-12,0.0,6.56768679618835e-06,0.0,0.0,0.0,0.0,0.0,2.0,0.0,0.0,0.0,0.0,-379994218.715821,2340.22805713537,0.0,24569114.3257705,0.0,0.0,0.0,1046.0,0.0,1003.0,0.0,0.0,0.0,0.0,-379669252.405244,,,,,,BASE,0.0,0,/clusteruy/home/mathiasr/generator-aware-row-scaling/results-revision/r1-internal-scaling/simple-gurobi-01pct/base-scaleflag2/resultados/caso03b_base.csv,/clusteruy/home/mathiasr/generator-aware-row-scaling/results-revision/r1-internal-scaling/simple-gurobi-01pct/base-scaleflag2/resultados/caso03b_base_postprocesado.csv,/clusteruy/home/mathiasr/generator-aware-row-scaling/results-revision/r1-internal-scaling/simple-gurobi-01pct/base-scaleflag2/logs/caso03b_base.log
caso03c.txt,base,OK,0,2.198885624,0.020286771903105,-376455385.9128313,-375359000.0,OPTIMAL,-376531756.5582884,1.0,10109.0,0.25,14400.0,10800.0,35590.0,10964.0,8770.0,28718.0,23.86111111111111,18.796296296296298,19.308794605226186,4,Model contains large bounds | Model contains large matrix coefficients | Model contains large rhs | max constraint violation (2.3842e-06) exceeds tolerance,0.002,2000000000.0,0.005,3000.0,5.0,5000000000.0,1.0,10000000000.0,,,,,,,,,0.0,2.198885624,1.0,1.0,1.0,0.0,0.0,0.0,,,0.0,,,,61474.234192,,,1.847472,,,,1.847472,1.0,0.247721711598765,,,,,,,,BASE,BASE,,,,,,4.36577354399458e-09,5.82076609134674e-11,1.3598233636003e-07,2.08616256713867e-07,823483.444424481,3.15854107459435,31897842.7030803,339101009.40295,3.63797880709171e-12,0.0,2.38418579101562e-06,0.0,0.0,0.0,0.0,0.0,1.0,0.0,0.0,0.0,0.0,-376455385.912831,1652.68917176222,0.0,339101009.40295,0.0,0.0,0.0,650.0,0.0,997.0,0.0,0.0,0.0,0.0,-375359386.715669,,,,,,BASE,0.0,0,/clusteruy/home/mathiasr/generator-aware-row-scaling/results-revision/r1-internal-scaling/simple-gurobi-01pct/base-scaleflag2/resultados/caso03c_base.csv,/clusteruy/home/mathiasr/generator-aware-row-scaling/results-revision/r1-internal-scaling/simple-gurobi-01pct/base-scaleflag2/resultados/caso03c_base_postprocesado.csv,/clusteruy/home/mathiasr/generator-aware-row-scaling/results-revision/r1-internal-scaling/simple-gurobi-01pct/base-scaleflag2/logs/caso03c_base.log
caso03d.txt,base,OK,0,69.150203252,0.05078764635902,-284030284.888892,-284744000.0,OPTIMAL,-284174537.1855339,11548.0,1941100.0,0.27,14400.0,10800.0,35590.0,10797.0,8408.0,28284.0,25.020833333333332,22.14814814814815,20.528238269176736,3,Model contains large bounds | Model contains large matrix coefficients | Model contains large rhs,0.002,2000000000.0,0.003,2000.0,5.0,5000000000.0,1.0,10000000000.0,,,,,,,,,0.0,69.150203252,1.0,1.0,1.0,0.0,0.0,0.0,,,0.0,,,,114894.768088,,,88.073818,,0.005716,3.926944,88.073818,1.0,0.009611208743661,,,,,,,,BASE,BASE,,,,,,2.92818569369413e-09,5.45230527393397e-14,9.22288745641714e-08,2.08616256713867e-07,448505.454687605,5.80791823196897,12533943.4176691,456552215.742115,7.27595761418343e-12,0.0,4.76837158203125e-07,0.0,0.0,0.0,0.0,0.0,0.0,0.0,0.0,0.0,0.0,-284030284.888892,779.47512856673,0.0,456552215.742115,0.0,0.0,0.0,169.0,0.0,1043.0,0.0,0.0,0.0,0.0,-284743855.385543,,,,,,BASE,0.0,0,/clusteruy/home/mathiasr/generator-aware-row-scaling/results-revision/r1-internal-scaling/simple-gurobi-01pct/base-scaleflag2/resultados/caso03d_base.csv,/clusteruy/home/mathiasr/generator-aware-row-scaling/results-revision/r1-internal-scaling/simple-gurobi-01pct/base-scaleflag2/resultados/caso03d_base_postprocesado.csv,/clusteruy/home/mathiasr/generator-aware-row-scaling/results-revision/r1-internal-scaling/simple-gurobi-01pct/base-scaleflag2/logs/caso03d_base.log
caso03e.txt,base,OK,0,155.592774629,0.095934276413353,-290827592.17629385,-292118000.0,OPTIMAL,-291106595.52245855,26787.0,5302278.0,0.26,14400.0,10800.0,35590.0,10797.0,8408.0,28284.0,25.020833333333332,22.14814814814815,20.528238269176736,3,Model contains large bounds | Model contains large matrix coefficients | Model contains large rhs,0.002,2000000000.0,0.003,2000.0,5.0,5000000000.0,1.0,10000000000.0,,,,,,,,,0.0,155.592774629,1.0,1.0,1.0,0.0,0.0,0.0,,,0.0,,,,106930.859768,,,198.576582,,0.005677,4.694025,198.576582,1.0,0.004633889397951,,,,,,,,BASE,BASE,,,,,,2.66264138375929e-09,7.105427357601e-14,9.03429463505746e-08,2.19792127609253e-07,724544.648027583,2.2662195939599,36602277.7113789,62945984.4169957,7.27595761418343e-12,0.0,4.2421743273735e-07,0.0,0.0,0.0,0.0,0.0,0.0,0.0,0.0,0.0,0.0,-290827592.176294,1019.95149801818,0.0,62945984.4169957,0.0,0.0,0.0,607.0,0.0,1052.0,0.0,0.0,0.0,0.0,-292118318.45942,,,,,,BASE,0.0,0,/clusteruy/home/mathiasr/generator-aware-row-scaling/results-revision/r1-internal-scaling/simple-gurobi-01pct/base-scaleflag2/resultados/caso03e_base.csv,/clusteruy/home/mathiasr/generator-aware-row-scaling/results-revision/r1-internal-scaling/simple-gurobi-01pct/base-scaleflag2/resultados/caso03e_base_postprocesado.csv,/clusteruy/home/mathiasr/generator-aware-row-scaling/results-revision/r1-internal-scaling/simple-gurobi-01pct/base-scaleflag2/logs/caso03e_base.log
caso03f.txt,base,OK,0,52.551791894,0.08798020326499,-287061305.61415505,-287416000.0,OPTIMAL,-287313862.7343295,8031.0,647424.0,0.26,14400.0,10800.0,35590.0,10797.0,8408.0,28284.0,25.020833333333332,22.14814814814815,20.528238269176736,3,Model contains large bounds | Model contains large matrix coefficients | Model contains large rhs,0.002,2000000000.0,0.005,2000.0,5.0,5000000000.0,1.0,10000000000.0,,,,,,,,,0.0,52.551791894,1.0,1.0,1.0,0.0,0.0,0.0,,,0.0,,,,129924.142218,,,61.565473,,0.00461,4.048568,61.565473,1.0,0.010812529041323,,,,,,,,BASE,BASE,,,,,,2.81539842880567e-09,7.105427357601e-14,8.94069671630859e-08,3.59490513801575e-07,279387.256389081,5.17198487733256,11141325.7941406,668948561.358075,1.33604771690443e-09,0.0,5.50411641597748e-07,0.0,0.0,0.0,0.0,0.0,0.0,0.0,0.0,0.0,0.0,-287061305.614155,4437.45600481006,0.0,668948561.358075,0.0,0.0,0.0,184.0,0.0,1041.0,0.0,0.0,0.0,0.0,-287416371.552309,,,,,,BASE,0.0,0,/clusteruy/home/mathiasr/generator-aware-row-scaling/results-revision/r1-internal-scaling/simple-gurobi-01pct/base-scaleflag2/resultados/caso03f_base.csv,/clusteruy/home/mathiasr/generator-aware-row-scaling/results-revision/r1-internal-scaling/simple-gurobi-01pct/base-scaleflag2/resultados/caso03f_base_postprocesado.csv,/clusteruy/home/mathiasr/generator-aware-row-scaling/results-revision/r1-internal-scaling/simple-gurobi-01pct/base-scaleflag2/logs/caso03f_base.log
caso04a.txt,base,OK,0,3.323713366,0.003843773731511,-357810493.62773466,-355273000.0,OPTIMAL,-357824247.0534973,1.0,12279.0,0.26,14400.0,10800.0,35590.0,10770.0,8602.0,28689.0,25.208333333333332,20.35185185185185,19.390278168024725,4,Model contains large bounds | Model contains large matrix coefficients | Model contains large rhs | max constraint violation (5.4315e-06) exceeds tolerance,0.002,2000000000.0,0.003,3000.0,5.0,4000000000.0,1.0,10000000000.0,,,,,,,,,0.0,3.323713366,1.0,1.0,1.0,0.0,0.0,0.0,,,0.0,,,,1344498.345832,,,2.761193,,,,2.761193,1.0,0.889052036587935,,,,,,,,BASE,BASE,,,,,,3.33402683683204e-09,9.9793340258003e-12,9.49972309172154e-08,3.92552465200424e-07,425959.98247464,2.03633067670427,17657113.4579448,59142747.294792,9.5367431640625e-07,0.0,5.43147325515747e-06,0.0,0.0,0.0,0.0,0.0,1.0,0.0,0.0,0.0,0.0,-357810493.627735,490.287370054022,0.0,59142747.294792,0.0,0.0,0.0,712.0,0.0,1039.0,0.0,0.0,0.0,0.0,-355272563.86527,,,,,,BASE,0.0,0,/clusteruy/home/mathiasr/generator-aware-row-scaling/results-revision/r1-internal-scaling/simple-gurobi-01pct/base-scaleflag2/resultados/caso04a_base.csv,/clusteruy/home/mathiasr/generator-aware-row-scaling/results-revision/r1-internal-scaling/simple-gurobi-01pct/base-scaleflag2/resultados/caso04a_base_postprocesado.csv,/clusteruy/home/mathiasr/generator-aware-row-scaling/results-revision/r1-internal-scaling/simple-gurobi-01pct/base-scaleflag2/logs/caso04a_base.log
caso04b.txt,base,OK,0,2.568220828,0.022464930926464,-362870816.79831946,-362019000.0,OPTIMAL,-362952335.4766655,1.0,12629.0,0.26,14400.0,10800.0,35590.0,10770.0,8602.0,28689.0,25.208333333333332,20.35185185185185,19.390278168024725,4,Model contains large bounds | Model contains large matrix coefficients | Model contains large rhs | max constraint violation (5.4529e-06) exceeds tolerance,0.002,2000000000.0,0.003,3000.0,5.0,4000000000.0,1.0,10000000000.0,,,,,,,,,0.0,2.568220828,1.0,1.0,1.0,0.0,0.0,0.0,,,0.0,,,,851800.104434,,,2.422925,,,,2.422925,1.0,0.218905656862006,,,,,,,,BASE,BASE,,,,,,5.6510870627683e-09,3.72529029846191e-09,1.58332986757159e-07,4.37721610069275e-07,337716.779735171,2.43408431846357,16010996.7373089,28902862.4501506,3.63797880709171e-12,0.0,5.45289367437363e-06,0.0,0.0,0.0,0.0,0.0,4.0,0.0,0.0,0.0,0.0,-362870816.798319,2758.71764990465,0.0,28902862.4501506,0.0,0.0,0.0,813.0,0.0,1046.0,0.0,0.0,0.0,0.0,-362018785.584147,,,,,,BASE,0.0,0,/clusteruy/home/mathiasr/generator-aware-row-scaling/results-revision/r1-internal-scaling/simple-gurobi-01pct/base-scaleflag2/resultados/caso04b_base.csv,/clusteruy/home/mathiasr/generator-aware-row-scaling/results-revision/r1-internal-scaling/simple-gurobi-01pct/base-scaleflag2/resultados/caso04b_base_postprocesado.csv,/clusteruy/home/mathiasr/generator-aware-row-scaling/results-revision/r1-internal-scaling/simple-gurobi-01pct/base-scaleflag2/logs/caso04b_base.log
caso04c.txt,base,OK,0,3.544011146,0.005454887900897,-360294952.85187316,-358158000.0,OPTIMAL,-360314606.5376638,1.0,12586.0,0.26,14400.0,10800.0,35590.0,10770.0,8602.0,28689.0,25.208333333333332,20.35185185185185,19.390278168024725,4,Model contains large bounds | Model contains large matrix coefficients | Model contains large rhs | max constraint violation (1.7621e-06) exceeds tolerance,0.002,2000000000.0,0.005,3000.0,5.0,4000000000.0,1.0,10000000000.0,,,,,,,,,0.0,3.544011146,1.0,1.0,1.0,0.0,0.0,0.0,,,0.0,,,,2110707.354663,,,2.985491,,,,2.985491,1.0,0.898541360656325,,,,,,,,BASE,BASE,,,,,,2.98533770613827e-09,9.8838021100888e-12,9.49913010117598e-08,3.95812094211578e-07,404497.817762535,2.48673049105146,16886560.5729864,43342847.982792,9.5367431640625e-07,0.0,1.76206231117249e-06,0.0,0.0,0.0,0.0,0.0,1.0,0.0,0.0,0.0,0.0,-360294952.851873,740.538215185756,0.0,43342847.982792,0.0,0.0,0.0,793.0,0.0,1031.0,0.0,0.0,0.0,0.0,-358158353.888952,,,,,,BASE,0.0,0,/clusteruy/home/mathiasr/generator-aware-row-scaling/results-revision/r1-internal-scaling/simple-gurobi-01pct/base-scaleflag2/resultados/caso04c_base.csv,/clusteruy/home/mathiasr/generator-aware-row-scaling/results-revision/r1-internal-scaling/simple-gurobi-01pct/base-scaleflag2/resultados/caso04c_base_postprocesado.csv,/clusteruy/home/mathiasr/generator-aware-row-scaling/results-revision/r1-internal-scaling/simple-gurobi-01pct/base-scaleflag2/logs/caso04c_base.log
caso04d.txt,base,OK,0,18.638346816,0.022775046597654,-284501365.4039219,-282375000.0,OPTIMAL,-284566160.7224636,2659.0,296101.0,0.26,14400.0,10800.0,35590.0,10665.0,8317.0,28407.0,25.9375,22.99074074074074,20.182635571789827,3,Model contains large bounds | Model contains large matrix coefficients | Model contains large rhs,0.002,2000000000.0,0.003,2000.0,5.0,4000000000.0,1.0,10000000000.0,,,,,,,,,0.0,18.638346816,1.0,1.0,1.0,0.0,0.0,0.0,,,0.0,,,,218401.96076,,,20.154435,,0.007896,4.412774,20.154435,1.0,0.141326055297818,,,,,,,,BASE,BASE,,,,,,3.32458303855489e-09,2.27373675443232e-13,1.00582838058472e-07,2.7194619178772e-07,799156.101548369,4.19349366896168,27883569.52502,599782013.341988,9.5367431640625e-07,0.0,4.76837158203125e-07,0.0,0.0,0.0,0.0,0.0,0.0,0.0,0.0,0.0,0.0,-284501365.403922,397.507294818104,0.0,599782013.341988,0.0,0.0,0.0,64.0,0.0,1071.0,0.0,0.0,0.0,0.0,-282374901.420946,,,,,,BASE,0.0,0,/clusteruy/home/mathiasr/generator-aware-row-scaling/results-revision/r1-internal-scaling/simple-gurobi-01pct/base-scaleflag2/resultados/caso04d_base.csv,/clusteruy/home/mathiasr/generator-aware-row-scaling/results-revision/r1-internal-scaling/simple-gurobi-01pct/base-scaleflag2/resultados/caso04d_base_postprocesado.csv,/clusteruy/home/mathiasr/generator-aware-row-scaling/results-revision/r1-internal-scaling/simple-gurobi-01pct/base-scaleflag2/logs/caso04d_base.log
caso04e.txt,base,OK,0,179.725059079,0.097444072782901,-288669531.5904784,-287518000.0,OPTIMAL,-288950822.9389435,40132.0,7069646.0,0.27,14400.0,10800.0,35590.0,10665.0,8317.0,28407.0,25.9375,22.99074074074074,20.182635571789827,3,Model contains large bounds | Model contains large matrix coefficients | Model contains large rhs,0.002,2000000000.0,0.003,2000.0,5.0,4000000000.0,1.0,10000000000.0,,,,,,,,,0.0,179.725059079,1.0,1.0,1.0,0.0,0.0,0.0,,,0.0,,,,263677.608997,,,244.50364,,0.012067,5.507639,244.50364,1.0,0.008926133286314,,,,,,,,BASE,BASE,,,,,,3.02387498681323e-09,5.6843418860808e-14,1.00582838058472e-07,2.55182385444641e-07,507871.366581672,4.40053259476306,16878511.6981969,598815449.639904,3.63797880709171e-12,0.0,7.15255737304688e-07,0.0,0.0,0.0,0.0,0.0,0.0,0.0,0.0,0.0,0.0,-288669531.590478,397.5072948181,0.0,598815449.639904,0.0,0.0,0.0,85.0,0.0,1071.0,0.0,0.0,0.0,0.0,-287518301.939803,,,,,,BASE,0.0,0,/clusteruy/home/mathiasr/generator-aware-row-scaling/results-revision/r1-internal-scaling/simple-gurobi-01pct/base-scaleflag2/resultados/caso04e_base.csv,/clusteruy/home/mathiasr/generator-aware-row-scaling/results-revision/r1-internal-scaling/simple-gurobi-01pct/base-scaleflag2/resultados/caso04e_base_postprocesado.csv,/clusteruy/home/mathiasr/generator-aware-row-scaling/results-revision/r1-internal-scaling/simple-gurobi-01pct/base-scaleflag2/logs/caso04e_base.log
caso04f.txt,base,OK,0,67.524055152,0.09380371860909,-286191274.79913706,-284626000.0,OPTIMAL,-286459732.8572334,8385.0,1186321.0,0.27,14400.0,10800.0,35590.0,10665.0,8317.0,28407.0,25.9375,22.99074074074074,20.182635571789827,3,Model contains large bounds | Model contains large matrix coefficients | Model contains large rhs,0.002,2000000000.0,0.005,2000.0,5.0,4000000000.0,1.0,10000000000.0,,,,,,,,,0.0,67.524055152,1.0,1.0,1.0,0.0,0.0,0.0,,,0.0,,,,87199.004898,,,90.03291,,0.006692,4.171837,90.03291,1.0,0.011848100584968,,,,,,,,BASE,BASE,,,,,,2.80011090592179e-09,4.26270130304814e-14,9.68575477600098e-08,2.38418579101562e-07,613885.677044936,4.14936124173963,24177955.8905001,599175919.359745,3.63797880709171e-12,0.0,4.74508851766586e-07,0.0,0.0,0.0,0.0,0.0,0.0,0.0,0.0,0.0,0.0,-286191274.799137,480.924243195346,0.0,599175919.359745,0.0,0.0,0.0,88.0,0.0,1071.0,0.0,0.0,0.0,0.0,-284626021.11537,,,,,,BASE,0.0,0,/clusteruy/home/mathiasr/generator-aware-row-scaling/results-revision/r1-internal-scaling/simple-gurobi-01pct/base-scaleflag2/resultados/caso04f_base.csv,/clusteruy/home/mathiasr/generator-aware-row-scaling/results-revision/r1-internal-scaling/simple-gurobi-01pct/base-scaleflag2/resultados/caso04f_base_postprocesado.csv,/clusteruy/home/mathiasr/generator-aware-row-scaling/results-revision/r1-internal-scaling/simple-gurobi-01pct/base-scaleflag2/logs/caso04f_base.log
caso05a.txt,base,OK,0,29.411381658,0.009298696178601,-344715794.3929069,-344075000.0,OPTIMAL,-344747848.46730715,1974.0,408051.0,0.22,14400.0,10800.0,35590.0,9533.0,7968.0,26070.0,33.798611111111114,26.22222222222222,26.749086822141052,4,Model contains large bounds | Model contains large matrix coefficient range | Model contains large rhs | max constraint violation (1.4817e-06) exceeds tolerance,0.002,2000000000.0,0.003,3000.0,5.0,4000000000.0,1.0,10000000000.0,,,,,,,,,0.0,29.411381658,1.0,1.0,1.0,0.0,0.0,0.0,,,0.0,,,,338329.77849,,,31.077635,,0.004686,5.259301,31.077635,1.0,0.017669049384481,,,,,,,,BASE,BASE,,,,,,5.55365226386224e-09,1.39698386192322e-09,1.72995496541262e-07,4.61237505078316e-07,290938.803056169,2.42419089531321,11453549.1171634,176447653.949939,1.30597754832706e-11,0.0,1.55228190124035e-06,0.0,0.0,0.0,0.0,0.0,1.0,0.0,0.0,0.0,0.0,-344715794.392907,559.539166083305,0.0,176447653.949939,0.0,0.0,0.0,695.0,0.0,1027.0,0.0,0.0,0.0,0.0,-344075447.437842,,,,,,BASE,0.0,0,/clusteruy/home/mathiasr/generator-aware-row-scaling/results-revision/r1-internal-scaling/simple-gurobi-01pct/base-scaleflag2/resultados/caso05a_base.csv,/clusteruy/home/mathiasr/generator-aware-row-scaling/results-revision/r1-internal-scaling/simple-gurobi-01pct/base-scaleflag2/resultados/caso05a_base_postprocesado.csv,/clusteruy/home/mathiasr/generator-aware-row-scaling/results-revision/r1-internal-scaling/simple-gurobi-01pct/base-scaleflag2/logs/caso05a_base.log
caso05b.txt,base,OK,0,2.931127079,0.014507903285235,-348679657.5100229,-347466000.0,OPTIMAL,-348730243.6175097,1.0,10999.0,0.22,14400.0,10800.0,35590.0,9533.0,7968.0,26070.0,33.798611111111114,26.22222222222222,26.749086822141052,4,Model contains large bounds | Model contains large matrix coefficient range | Model contains large rhs | max constraint violation (6.4368e-06) exceeds tolerance,0.002,2000000000.0,0.003,3000.0,5.0,4000000000.0,1.0,10000000000.0,,,,,,,,,0.0,2.931127079,1.0,1.0,1.0,0.0,0.0,0.0,,,0.0,,,,476391.943227,,,2.520997,,,,2.520997,1.0,0.891954458547021,,,,,,,,BASE,BASE,,,,,,6.19304966531219e-09,1.39698386192322e-09,1.82557851076127e-07,4.78234142065048e-07,220940.973561838,2.99640849142353,10798305.9279195,22994226.2677598,9.5367431640625e-07,0.0,6.48864079266787e-06,2.22044604925031e-16,0.0,0.0,0.0,0.0,2.0,0.0,0.0,0.0,0.0,-348679657.510023,1483.86077193362,0.0,22994226.2677598,0.0,0.0,0.0,894.0,0.0,1025.0,0.0,0.0,0.0,0.0,-347466362.186904,,,,,,BASE,0.0,0,/clusteruy/home/mathiasr/generator-aware-row-scaling/results-revision/r1-internal-scaling/simple-gurobi-01pct/base-scaleflag2/resultados/caso05b_base.csv,/clusteruy/home/mathiasr/generator-aware-row-scaling/results-revision/r1-internal-scaling/simple-gurobi-01pct/base-scaleflag2/resultados/caso05b_base_postprocesado.csv,/clusteruy/home/mathiasr/generator-aware-row-scaling/results-revision/r1-internal-scaling/simple-gurobi-01pct/base-scaleflag2/logs/caso05b_base.log
caso05c.txt,base,OK,0,3.431016077,0.010325590528129,-346625020.28835297,-346153000.0,OPTIMAL,-346660811.368616,1.0,11940.0,0.22,14400.0,10800.0,35590.0,9533.0,7968.0,26070.0,33.798611111111114,26.22222222222222,26.749086822141052,4,Model contains large bounds | Model contains large matrix coefficient range | Model contains large rhs | max constraint violation (1.6266e-06) exceeds tolerance,0.002,2000000000.0,0.005,3000.0,5.0,4000000000.0,1.0,10000000000.0,,,,,,,,,0.0,3.431016077,1.0,1.0,1.0,0.0,0.0,0.0,,,0.0,,,,600202.631967,,,2.953439,,,,2.953439,1.0,0.90810286309879,,,,,,,,BASE,BASE,,,,,,5.81826723446409e-09,3.72529029846191e-09,1.89081765711308e-07,3.84985469281673e-07,278276.808098578,2.41067749534133,11029011.7351984,176447653.949939,9.5367431640625e-07,0.0,1.52736902236938e-06,0.0,0.0,0.0,0.0,0.0,1.0,0.0,0.0,0.0,0.0,-346625020.288353,816.565049793237,0.0,176447653.949939,0.0,0.0,0.0,734.0,0.0,1021.0,0.0,0.0,0.0,0.0,-346153186.319308,,,,,,BASE,0.0,0,/clusteruy/home/mathiasr/generator-aware-row-scaling/results-revision/r1-internal-scaling/simple-gurobi-01pct/base-scaleflag2/resultados/caso05c_base.csv,/clusteruy/home/mathiasr/generator-aware-row-scaling/results-revision/r1-internal-scaling/simple-gurobi-01pct/base-scaleflag2/resultados/caso05c_base_postprocesado.csv,/clusteruy/home/mathiasr/generator-aware-row-scaling/results-revision/r1-internal-scaling/simple-gurobi-01pct/base-scaleflag2/logs/caso05c_base.log
caso05d.txt,base,OK,0,20.096508658,0.070881114872654,-275658092.04932904,-275410000.0,OPTIMAL,-275853481.5782103,3980.0,119109.0,0.22,14400.0,10800.0,35590.0,9389.0,7587.0,25642.0,34.798611111111114,29.75,27.951671817926385,3,Model contains large bounds | Model contains large matrix coefficient range | Model contains large rhs,0.002,2000000000.0,0.003,2000.0,5.0,4000000000.0,1.0,10000000000.0,,,,,,,,,0.0,20.096508658,1.0,1.0,1.0,0.0,0.0,0.0,,,0.0,,,,123487.518253,,,19.17424,,0.003904,4.348005,19.17424,1.0,0.01986145705046,,,,,,,,BASE,BASE,,,,,,2.58708363689696e-09,4.54747350886464e-13,9.36025753617288e-08,4.76837158203125e-07,872036.959730595,6.05231608603865,15472369.0222329,713229873.347456,9.5367431640625e-07,0.0,4.76837158203125e-07,0.0,0.0,7.7715611723761e-16,0.0,0.0,0.0,0.0,0.0,0.0,0.0,-275658092.049329,1017.94615455566,0.0,713229873.347456,0.0,0.0,7.7715611723761e-16,157.0,0.0,1053.0,0.0,0.0,0.0,0.0,-275409584.906801,,,,,,BASE,0.0,0,/clusteruy/home/mathiasr/generator-aware-row-scaling/results-revision/r1-internal-scaling/simple-gurobi-01pct/base-scaleflag2/resultados/caso05d_base.csv,/clusteruy/home/mathiasr/generator-aware-row-scaling/results-revision/r1-internal-scaling/simple-gurobi-01pct/base-scaleflag2/resultados/caso05d_base_postprocesado.csv,/clusteruy/home/mathiasr/generator-aware-row-scaling/results-revision/r1-internal-scaling/simple-gurobi-01pct/base-scaleflag2/logs/caso05d_base.log
caso05e.txt,base,OK,0,47.438146162,0.077045935170969,-278624914.19657695,-279702000.0,OPTIMAL,-278839583.367339,6330.0,951403.0,0.22,14400.0,10800.0,35590.0,9389.0,7587.0,25642.0,34.798611111111114,29.75,27.951671817926385,4,Model contains large bounds | Model contains large matrix coefficient range | Model contains large rhs | max constraint violation (1.5693e-06) exceeds tolerance,0.002,2000000000.0,0.003,2000.0,5.0,4000000000.0,1.0,10000000000.0,,,,,,,,,0.0,47.438146162,1.0,1.0,1.0,0.0,0.0,0.0,,,0.0,,,,137822.878953,,,48.825283,,0.003295,5.821392,48.825283,1.0,0.01141077143284,,,,,,,,BASE,BASE,,,,,,2.71951697633306e-09,9.09494701772928e-13,9.36002470552922e-08,4.06987965106964e-07,603046.013563995,2.45431733148089,29797232.6463344,55175776.1444221,1.8573587112769e-11,0.0,1.56927853822708e-06,0.0,0.0,0.0,0.0,0.0,1.0,0.0,0.0,0.0,0.0,-278624914.196577,1335.47469474026,0.0,55175776.1444221,0.0,0.0,0.0,473.0,0.0,1068.0,0.0,0.0,0.0,0.0,-279701914.506258,,,,,,BASE,0.0,0,/clusteruy/home/mathiasr/generator-aware-row-scaling/results-revision/r1-internal-scaling/simple-gurobi-01pct/base-scaleflag2/resultados/caso05e_base.csv,/clusteruy/home/mathiasr/generator-aware-row-scaling/results-revision/r1-internal-scaling/simple-gurobi-01pct/base-scaleflag2/resultados/caso05e_base_postprocesado.csv,/clusteruy/home/mathiasr/generator-aware-row-scaling/results-revision/r1-internal-scaling/simple-gurobi-01pct/base-scaleflag2/logs/caso05e_base.log
caso05f.txt,base,OK,0,32.591364594,0.083603836923325,-276768701.82506967,-276064000.0,OPTIMAL,-277000091.0791983,4392.0,436655.0,0.23,14400.0,10800.0,35590.0,9389.0,7587.0,25642.0,34.798611111111114,29.75,27.951671817926385,3,Model contains large bounds | Model contains large matrix coefficient range | Model contains large rhs,0.002,2000000000.0,0.005,2000.0,5.0,4000000000.0,1.0,10000000000.0,,,,,,,,,0.0,32.591364594,1.0,1.0,1.0,0.0,0.0,0.0,,,0.0,,,,123474.720761,,,31.890255,,0.003452,5.025433,31.890255,1.0,0.01436688765493,,,,,,,,BASE,BASE,,,,,,3.87547989767602e-09,1.73372427525423e-13,1.15483999252319e-07,2.38418579101562e-07,513711.619308386,5.94182904536497,13572226.8993984,318963712.53763,9.5367431640625e-07,0.0,5.20143657922745e-07,0.0,0.0,0.0,0.0,0.0,0.0,0.0,0.0,0.0,0.0,-276768701.82507,845.712314956218,0.0,318963712.53763,0.0,0.0,0.0,154.0,0.0,1051.0,0.0,0.0,0.0,0.0,-276064026.561682,,,,,,BASE,0.0,0,/clusteruy/home/mathiasr/generator-aware-row-scaling/results-revision/r1-internal-scaling/simple-gurobi-01pct/base-scaleflag2/resultados/caso05f_base.csv,/clusteruy/home/mathiasr/generator-aware-row-scaling/results-revision/r1-internal-scaling/simple-gurobi-01pct/base-scaleflag2/resultados/caso05f_base_postprocesado.csv,/clusteruy/home/mathiasr/generator-aware-row-scaling/results-revision/r1-internal-scaling/simple-gurobi-01pct/base-scaleflag2/logs/caso05f_base.log
caso09a.txt,base,OK,0,2.380664858,0.007806032281619,-291198750.0186297,-290882000.0,OPTIMAL,-291221481.08705986,1.0,11106.0,0.22,14400.0,10800.0,35590.0,9626.0,8173.0,25749.0,33.15277777777778,24.324074074074073,27.65102556898005,4,Model contains large bounds | Model contains large matrix coefficient range | Model contains large rhs | max constraint violation (1.0496e-06) exceeds tolerance,0.001,2000000000.0,0.003,3000.0,5.0,3000000000.0,1.0,10000000000.0,,,,,,,,,0.0,2.380664858,1.0,1.0,1.0,0.0,0.0,0.0,,,0.0,,,,1.0931664425989638e+16,,,2.267511,,,,2.267511,1.0,0.194424120483504,,,,,,,,BASE,BASE,,,,,,5.64568066376938e-09,7.29682980704608e-12,1.71363353729248e-07,6.29574060440063e-07,174315.333949973,1.93237813967205,5209465.64535239,188440935.629502,1.62714286489063e-11,0.0,1.04960054159164e-06,0.0,0.0,0.0,0.0,0.0,1.0,0.0,0.0,0.0,0.0,-291198750.01863,1259.89204313034,0.0,188440935.629502,0.0,0.0,0.0,729.0,0.0,1004.0,0.0,0.0,0.0,0.0,-290881708.096218,,,,,,BASE,0.0,0,/clusteruy/home/mathiasr/generator-aware-row-scaling/results-revision/r1-internal-scaling/simple-gurobi-01pct/base-scaleflag2/resultados/caso09a_base.csv,/clusteruy/home/mathiasr/generator-aware-row-scaling/results-revision/r1-internal-scaling/simple-gurobi-01pct/base-scaleflag2/resultados/caso09a_base_postprocesado.csv,/clusteruy/home/mathiasr/generator-aware-row-scaling/results-revision/r1-internal-scaling/simple-gurobi-01pct/base-scaleflag2/logs/caso09a_base.log
caso09b.txt,base,OK,0,2.187206048,0.014432730713915,-292283970.8800111,-291901000.0,OPTIMAL,-292326155.43844813,1.0,10876.0,0.22,14400.0,10800.0,35590.0,9626.0,8173.0,25749.0,33.15277777777778,24.324074074074073,27.65102556898005,4,Model contains large bounds | Model contains large matrix coefficient range | Model contains large rhs | max constraint violation (1.2384e-06) exceeds tolerance,0.001,2000000000.0,0.003,3000.0,5.0,3000000000.0,1.0,10000000000.0,,,,,,,,,0.0,2.187206048,1.0,1.0,1.0,0.0,0.0,0.0,,,0.0,,,,372874.557443,,,2.034859,,,,2.034859,1.0,0.245385560750489,,,,,,,,BASE,BASE,,,,,,5.81450524900594e-09,1.5603518477285e-12,1.82546209543944e-07,3.39001417160034e-07,143216.03423283,1.9393740733018,5321872.42957044,17892502.9407634,9.09494701772928e-13,0.0,1.23842619359493e-06,0.0,0.0,0.0,0.0,0.0,3.0,0.0,0.0,0.0,0.0,-292283970.880011,1489.55986349264,0.0,17892502.9407634,0.0,0.0,0.0,758.0,0.0,1001.0,0.0,0.0,0.0,0.0,-291900753.86104,,,,,,BASE,0.0,0,/clusteruy/home/mathiasr/generator-aware-row-scaling/results-revision/r1-internal-scaling/simple-gurobi-01pct/base-scaleflag2/resultados/caso09b_base.csv,/clusteruy/home/mathiasr/generator-aware-row-scaling/results-revision/r1-internal-scaling/simple-gurobi-01pct/base-scaleflag2/resultados/caso09b_base_postprocesado.csv,/clusteruy/home/mathiasr/generator-aware-row-scaling/results-revision/r1-internal-scaling/simple-gurobi-01pct/base-scaleflag2/logs/caso09b_base.log
caso09c.txt,base,OK,0,2.333753846,0.011449949059219,-291698143.7071562,-291381000.0,OPTIMAL,-291731542.99601734,1.0,11103.0,0.22,14400.0,10800.0,35590.0,9626.0,8173.0,25749.0,33.15277777777778,24.324074074074073,27.65102556898005,4,Model contains large bounds | Model contains large matrix coefficient range | Model contains large rhs | max constraint violation (2.0224e-06) exceeds tolerance,0.001,2000000000.0,0.005,3000.0,5.0,3000000000.0,1.0,10000000000.0,,,,,,,,,0.0,2.333753846,1.0,1.0,1.0,0.0,0.0,0.0,,,0.0,,,,372629.477099,,,2.194365,,,,2.194365,1.0,0.216508828620015,,,,,,,,BASE,BASE,,,,,,5.67925244993976e-09,7.29913907093726e-12,1.69279519468546e-07,7.89761543273926e-07,174321.490376915,1.93237810582923,5209465.64535239,188440935.629502,3.63797880709171e-12,0.0,2.02120281755924e-06,0.0,0.0,0.0,0.0,0.0,2.0,0.0,0.0,0.0,0.0,-291698143.707156,1259.89204313034,0.0,188440935.629502,0.0,0.0,0.0,729.0,0.0,1005.0,0.0,0.0,0.0,0.0,-291381122.354128,,,,,,BASE,0.0,0,/clusteruy/home/mathiasr/generator-aware-row-scaling/results-revision/r1-internal-scaling/simple-gurobi-01pct/base-scaleflag2/resultados/caso09c_base.csv,/clusteruy/home/mathiasr/generator-aware-row-scaling/results-revision/r1-internal-scaling/simple-gurobi-01pct/base-scaleflag2/resultados/caso09c_base_postprocesado.csv,/clusteruy/home/mathiasr/generator-aware-row-scaling/results-revision/r1-internal-scaling/simple-gurobi-01pct/base-scaleflag2/logs/caso09c_base.log
caso09d.txt,base,OK,0,64.927160124,0.096882007131042,-238242283.35751933,-237954000.0,OPTIMAL,-238473097.26347092,10046.0,540104.0,0.21,14400.0,10800.0,35590.0,9650.0,7945.0,25722.0,32.986111111111114,26.435185185185187,27.72688957572352,3,Model contains large bounds | Model contains large matrix coefficient range | Model contains large rhs,0.001,2000000000.0,0.003,2000.0,5.0,3000000000.0,1.0,10000000000.0,,,,,,,,,0.0,64.927160124,1.0,1.0,1.0,0.0,0.0,0.0,,,0.0,,,,2542686.77221,,,70.599239,,2.016211,3.526163,70.599239,1.0,0.201291238240768,,,,,,,,BASE,BASE,,,,,,3.58427425518902e-09,5.09647879454177e-14,1.19209289550781e-07,1.9371509552002e-07,642646.347710015,3.70734738449059,17299084.0749461,701182506.040375,9.09494701772928e-13,0.0,7.56699591875076e-07,0.0,0.0,0.0,0.0,0.0,0.0,0.0,0.0,0.0,0.0,-238242283.357519,926.170638848795,0.0,701182506.040375,0.0,0.0,0.0,176.0,0.0,1039.0,0.0,0.0,0.0,0.0,-237953554.711861,,,,,,BASE,0.0,0,/clusteruy/home/mathiasr/generator-aware-row-scaling/results-revision/r1-internal-scaling/simple-gurobi-01pct/base-scaleflag2/resultados/caso09d_base.csv,/clusteruy/home/mathiasr/generator-aware-row-scaling/results-revision/r1-internal-scaling/simple-gurobi-01pct/base-scaleflag2/resultados/caso09d_base_postprocesado.csv,/clusteruy/home/mathiasr/generator-aware-row-scaling/results-revision/r1-internal-scaling/simple-gurobi-01pct/base-scaleflag2/logs/caso09d_base.log
caso09e.txt,base,OK,0,114.402683861,0.099722608087185,-238207628.4793588,-238623000.0,OPTIMAL,-238445175.33914104,40681.0,2679711.0,0.21,14400.0,10800.0,35590.0,9650.0,7945.0,25722.0,32.986111111111114,26.435185185185187,27.72688957572352,4,Model contains large bounds | Model contains large matrix coefficient range | Model contains large rhs | max constraint violation (1.1761e-06) exceeds tolerance,0.001,2000000000.0,0.003,2000.0,5.0,3000000000.0,1.0,10000000000.0,,,,,,,,,0.0,114.402683861,1.0,1.0,1.0,0.0,0.0,0.0,,,0.0,,,,354323.680615,,,133.269379,,0.003867,3.839897,133.269379,1.0,0.006743297150702,,,,,,,,BASE,BASE,,,,,,3.96566342762337e-09,6.75015598972095e-14,1.32261775434017e-07,1.97440385818481e-07,177048.612305936,3.96578455447373,7798156.26284382,30626398.7522239,9.87654402706539e-12,0.0,1.17626041173935e-06,0.0,0.0,0.0,0.0,0.0,1.0,0.0,0.0,0.0,0.0,-238207628.479359,1072.40810814071,0.0,30626398.7522239,0.0,0.0,0.0,435.0,0.0,1033.0,0.0,0.0,0.0,0.0,-238622611.546396,,,,,,BASE,0.0,0,/clusteruy/home/mathiasr/generator-aware-row-scaling/results-revision/r1-internal-scaling/simple-gurobi-01pct/base-scaleflag2/resultados/caso09e_base.csv,/clusteruy/home/mathiasr/generator-aware-row-scaling/results-revision/r1-internal-scaling/simple-gurobi-01pct/base-scaleflag2/resultados/caso09e_base_postprocesado.csv,/clusteruy/home/mathiasr/generator-aware-row-scaling/results-revision/r1-internal-scaling/simple-gurobi-01pct/base-scaleflag2/logs/caso09e_base.log
caso09f.txt,base,OK,0,3.912672585,0.09995526753975,-238096964.76951241,-238211000.0,OPTIMAL,-238334955.2276518,9.0,12454.0,0.21,14400.0,10800.0,35590.0,9650.0,7945.0,25722.0,32.986111111111114,26.435185185185187,27.72688957572352,4,Model contains large bounds | Model contains large matrix coefficient range | Model contains large rhs | max constraint violation (8.5467e-06) exceeds tolerance,0.001,2000000000.0,0.005,2000.0,5.0,3000000000.0,1.0,10000000000.0,,,,,,,,,0.0,3.912672585,1.0,1.0,1.0,0.0,0.0,0.0,,,0.0,,,,82629.961263,,,3.175671,,0.001007,3.453867,3.175671,1.0,0.123842554425373,,,,,,,,BASE,BASE,,,,,,5.23568009870386e-09,4.80504525057755e-14,1.34110450744629e-07,2.49594449996948e-07,432441.577137574,3.83468002127515,10292668.6453908,312004537.376562,9.5367431640625e-07,0.0,8.54674726724625e-06,0.0,0.0,0.0,0.0,0.0,4.0,0.0,0.0,0.0,0.0,-238096964.769512,1471.74888966863,0.0,312004537.376562,0.0,0.0,0.0,360.0,0.0,1035.0,0.0,0.0,0.0,0.0,-238211420.201167,,,,,,BASE,0.0,0,/clusteruy/home/mathiasr/generator-aware-row-scaling/results-revision/r1-internal-scaling/simple-gurobi-01pct/base-scaleflag2/resultados/caso09f_base.csv,/clusteruy/home/mathiasr/generator-aware-row-scaling/results-revision/r1-internal-scaling/simple-gurobi-01pct/base-scaleflag2/resultados/caso09f_base_postprocesado.csv,/clusteruy/home/mathiasr/generator-aware-row-scaling/results-revision/r1-internal-scaling/simple-gurobi-01pct/base-scaleflag2/logs/caso09f_base.log
caso10a.txt,base,OK,0,2.579076818,0.069257542050597,-350156949.3877227,-350500000.0,OPTIMAL,-350399459.48418796,1.0,12625.0,0.27,14400.0,10800.0,35590.0,11895.0,9280.0,31965.0,17.395833333333332,14.074074074074074,10.185445349817364,3,Model contains large bounds | Model contains large matrix coefficient range | Model contains large rhs,0.001,1000000000.0,0.003,3000.0,5.0,2000000000.0,1.0,10000000000.0,,,,,,,,,0.0,2.579076818,1.0,1.0,1.0,0.0,0.0,0.0,,,0.0,,,,876750.255621,,,2.231003,,,,2.231003,1.0,0.214143903462213,,,,,,,,BASE,BASE,,,,,,5.2394590347761e-09,1.86264514923096e-09,1.69980339705944e-07,3.57627868652344e-07,177055.887072181,3.07368855156821,3752081.8394041,95634845.8836954,1.09139364212751e-11,0.0,9.53616108745337e-07,0.0,0.0,0.0,0.0,0.0,0.0,0.0,0.0,0.0,0.0,-350156949.387723,1811.07986167355,0.0,95634845.8836954,0.0,0.0,0.0,1506.0,0.0,969.0,0.0,0.0,0.0,0.0,-350499700.825445,,,,,,BASE,0.0,0,/clusteruy/home/mathiasr/generator-aware-row-scaling/results-revision/r1-internal-scaling/simple-gurobi-01pct/base-scaleflag2/resultados/caso10a_base.csv,/clusteruy/home/mathiasr/generator-aware-row-scaling/results-revision/r1-internal-scaling/simple-gurobi-01pct/base-scaleflag2/resultados/caso10a_base_postprocesado.csv,/clusteruy/home/mathiasr/generator-aware-row-scaling/results-revision/r1-internal-scaling/simple-gurobi-01pct/base-scaleflag2/logs/caso10a_base.log
caso10b.txt,base,OK,0,2.568844954,0.078793447469784,-353197663.6389631,-353524000.0,OPTIMAL,-353475960.254527,1.0,11910.0,0.26,14400.0,10800.0,35590.0,11895.0,9280.0,31965.0,17.395833333333332,14.074074074074074,10.185445349817364,4,Model contains large bounds | Model contains large matrix coefficient range | Model contains large rhs | max constraint violation (5.2452e-06) exceeds tolerance,0.001,1000000000.0,0.003,3000.0,5.0,2000000000.0,1.0,10000000000.0,,,,,,,,,0.0,2.568844954,1.0,1.0,1.0,0.0,0.0,0.0,,,0.0,,,,877046.677148,,,2.148082,,,,2.148082,1.0,0.245100777666799,,,,,,,,BASE,BASE,,,,,,6.20791407784709e-09,3.72529029846191e-09,1.69510021805763e-07,3.35276126861572e-07,102077.698131412,3.02828246788707,2480343.99925863,35219398.9671325,3.63797880709171e-12,0.0,5.16115687787533e-06,0.0,0.0,0.0,0.0,0.0,2.0,0.0,0.0,0.0,0.0,-353197663.638963,2793.95594463524,0.0,35219398.9671325,0.0,0.0,0.0,1498.0,0.0,986.0,0.0,0.0,0.0,0.0,-353523928.765474,,,,,,BASE,0.0,0,/clusteruy/home/mathiasr/generator-aware-row-scaling/results-revision/r1-internal-scaling/simple-gurobi-01pct/base-scaleflag2/resultados/caso10b_base.csv,/clusteruy/home/mathiasr/generator-aware-row-scaling/results-revision/r1-internal-scaling/simple-gurobi-01pct/base-scaleflag2/resultados/caso10b_base_postprocesado.csv,/clusteruy/home/mathiasr/generator-aware-row-scaling/results-revision/r1-internal-scaling/simple-gurobi-01pct/base-scaleflag2/logs/caso10b_base.log
caso10c.txt,base,OK,0,2.589815423,0.076119364693243,-351619821.61375093,-351934000.0,OPTIMAL,-351887472.38809884,1.0,12266.0,0.27,14400.0,10800.0,35590.0,11895.0,9280.0,31965.0,17.395833333333332,14.074074074074074,10.185445349817364,4,Model contains large bounds | Model contains large matrix coefficient range | Model contains large rhs | max constraint violation (1.0928e-06) exceeds tolerance,0.001,1000000000.0,0.005,3000.0,5.0,2000000000.0,1.0,10000000000.0,,,,,,,,,0.0,2.589815423,1.0,1.0,1.0,0.0,0.0,0.0,,,0.0,,,,876750.255621,,,2.208209,,,,2.208209,1.0,0.23316934231441,,,,,,,,BASE,BASE,,,,,,5.20458690174308e-09,3.72529029846191e-09,1.63922086358071e-07,3.5017728805542e-07,176195.650052564,3.07861784539638,3752081.83940399,95634845.8836954,1.09139364212751e-11,0.0,1.04546779766679e-06,0.0,0.0,0.0,0.0,0.0,1.0,0.0,0.0,0.0,0.0,-351619821.613751,1811.07986167355,0.0,95634845.8836954,0.0,0.0,0.0,1508.0,0.0,970.0,0.0,0.0,0.0,0.0,-351934305.791457,,,,,,BASE,0.0,0,/clusteruy/home/mathiasr/generator-aware-row-scaling/results-revision/r1-internal-scaling/simple-gurobi-01pct/base-scaleflag2/resultados/caso10c_base.csv,/clusteruy/home/mathiasr/generator-aware-row-scaling/results-revision/r1-internal-scaling/simple-gurobi-01pct/base-scaleflag2/resultados/caso10c_base_postprocesado.csv,/clusteruy/home/mathiasr/generator-aware-row-scaling/results-revision/r1-internal-scaling/simple-gurobi-01pct/base-scaleflag2/logs/caso10c_base.log
caso10d.txt,base,OK,0,234.754228041,0.093969378131033,-262027550.78557578,-262954000.0,OPTIMAL,-262273776.44558096,53605.0,7574229.0,0.27,14400.0,10800.0,35590.0,11761.0,8871.0,31576.0,18.32638888888889,17.86111111111111,11.2784490025288,4,Model contains large bounds | Model contains large matrix coefficient range | Model contains large rhs | max constraint violation (1.5225e-06) exceeds tolerance,0.001,1000000000.0,0.003,2000.0,5.0,2000000000.0,1.0,10000000000.0,,,,,,,,,0.0,234.754228041,1.0,1.0,1.0,0.0,0.0,0.0,,,0.0,,,,122353.442732,,,279.557687,,0.051423,5.268393,279.557687,1.0,0.025176065707477,,,,,,,,BASE,BASE,,,,,,3.60736999957133e-09,4.54747350886464e-13,1.09914690256119e-07,2.34693288803101e-07,518585.550537183,3.51435222907419,21160133.2228445,373775471.762661,5.21742649084445e-11,0.0,1.44331716001034e-06,0.0,0.0,0.0,0.0,0.0,1.0,0.0,0.0,0.0,0.0,-262027550.785576,1029.14923769572,0.0,373775471.762661,0.0,0.0,0.0,527.0,0.0,1017.0,0.0,0.0,0.0,0.0,-262953881.659124,,,,,,BASE,0.0,0,/clusteruy/home/mathiasr/generator-aware-row-scaling/results-revision/r1-internal-scaling/simple-gurobi-01pct/base-scaleflag2/resultados/caso10d_base.csv,/clusteruy/home/mathiasr/generator-aware-row-scaling/results-revision/r1-internal-scaling/simple-gurobi-01pct/base-scaleflag2/resultados/caso10d_base_postprocesado.csv,/clusteruy/home/mathiasr/generator-aware-row-scaling/results-revision/r1-internal-scaling/simple-gurobi-01pct/base-scaleflag2/logs/caso10d_base.log
caso10e.txt,base,OK,0,476.433252869,0.098508044724646,-263554945.58267677,-264432000.0,OPTIMAL,-263814568.40634537,88910.0,13073812.0,0.27,14400.0,10800.0,35590.0,11761.0,8871.0,31576.0,18.32638888888889,17.86111111111111,11.2784490025288,3,Model contains large bounds | Model contains large matrix coefficient range | Model contains large rhs,0.001,1000000000.0,0.003,2000.0,5.0,2000000000.0,1.0,10000000000.0,,,,,,,,,0.0,476.433252869,1.0,1.0,1.0,0.0,0.0,0.0,,,0.0,,,,97603.931092,,,582.629735,,0.045982,4.876893,582.629735,1.0,0.014237765808303,,,,,,,,BASE,BASE,,,,,,3.47996281426962e-09,4.54747350886464e-13,1.09904794953764e-07,3.05473804473877e-07,438627.319911139,3.44288318586906,20398197.6166607,40724712.7557947,1.35607081119815e-11,0.0,5.05708158016205e-07,0.0,0.0,0.0,0.0,0.0,0.0,0.0,0.0,0.0,0.0,-263554945.582677,5662.46308300865,0.0,40724712.7557947,0.0,0.0,0.0,533.0,0.0,1018.0,0.0,0.0,0.0,0.0,-264431638.003585,,,,,,BASE,0.0,0,/clusteruy/home/mathiasr/generator-aware-row-scaling/results-revision/r1-internal-scaling/simple-gurobi-01pct/base-scaleflag2/resultados/caso10e_base.csv,/clusteruy/home/mathiasr/generator-aware-row-scaling/results-revision/r1-internal-scaling/simple-gurobi-01pct/base-scaleflag2/resultados/caso10e_base_postprocesado.csv,/clusteruy/home/mathiasr/generator-aware-row-scaling/results-revision/r1-internal-scaling/simple-gurobi-01pct/base-scaleflag2/logs/caso10e_base.log
caso10f.txt,base,OK,0,441.399626066,0.095767771552919,-262712802.52515084,-263717000.0,OPTIMAL,-262964396.7217134,112118.0,18788231.0,0.27,14400.0,10800.0,35590.0,11761.0,8871.0,31576.0,18.32638888888889,17.86111111111111,11.2784490025288,3,Model contains large bounds | Model contains large matrix coefficient range | Model contains large rhs,0.001,1000000000.0,0.005,2000.0,5.0,2000000000.0,1.0,10000000000.0,,,,,,,,,0.0,441.399626066,1.0,1.0,1.0,0.0,0.0,0.0,,,0.0,,,,674398.126455,,,580.583912,,0.048724,5.054012,580.583912,1.0,0.013445349477883,,,,,,,,BASE,BASE,,,,,,3.42274673276486e-09,4.54747350886464e-13,1.11758708953857e-07,2.34693288803101e-07,475959.872953742,3.29582016253508,20325505.6092798,599646239.334011,2.18278728425503e-11,0.0,5.48781827092171e-07,0.0,0.0,0.0,0.0,0.0,0.0,0.0,0.0,0.0,0.0,-262712802.525151,1029.14923769572,0.0,599646239.334011,0.0,0.0,0.0,516.0,0.0,1016.0,0.0,0.0,0.0,0.0,-263716588.041314,,,,,,BASE,0.0,0,/clusteruy/home/mathiasr/generator-aware-row-scaling/results-revision/r1-internal-scaling/simple-gurobi-01pct/base-scaleflag2/resultados/caso10f_base.csv,/clusteruy/home/mathiasr/generator-aware-row-scaling/results-revision/r1-internal-scaling/simple-gurobi-01pct/base-scaleflag2/resultados/caso10f_base_postprocesado.csv,/clusteruy/home/mathiasr/generator-aware-row-scaling/results-revision/r1-internal-scaling/simple-gurobi-01pct/base-scaleflag2/logs/caso10f_base.log
caso11a.txt,base,OK,0,2.483150913,0.03938936224599,-347620258.80276114,-347724000.0,OPTIMAL,-347757184.2057414,1.0,11423.0,0.21,14400.0,10800.0,35590.0,10409.0,8530.0,27927.0,27.71527777777778,21.01851851851852,21.531329025007025,5,Markowitz tolerance tightened to 0.03125 | Model contains large bounds | Model contains large matrix coefficient range | Model contains large rhs | max constraint violation (4.3721e-06) exceeds tolerance,0.002,2000000000.0,0.003,3000.0,5.0,3000000000.0,1.0,10000000000.0,,,,,,,,,0.0,2.483150913,1.0,1.0,1.0,0.0,0.0,0.0,,,0.0,,,,306656.009804,,,2.414799,,,,2.414799,1.0,0.180399499959989,,,,,,,,BASE,BASE,,,,,,3.08154432652027e-09,7.84172726753237e-12,9.68715175986293e-08,2.19792127609253e-07,432947.800849465,2.98314860976208,13894412.9672466,272984863.716117,9.49285094975494e-12,0.0,4.37162816524506e-06,0.0,0.0,0.0,0.0,0.0,1.0,0.0,0.0,0.0,0.0,-347620258.802761,2392.42829521853,0.0,272984863.716117,0.0,0.0,0.0,1031.0,0.0,1026.0,0.0,0.0,0.0,0.0,-347723770.501579,,,,,,BASE,0.0,0,/clusteruy/home/mathiasr/generator-aware-row-scaling/results-revision/r1-internal-scaling/simple-gurobi-01pct/base-scaleflag2/resultados/caso11a_base.csv,/clusteruy/home/mathiasr/generator-aware-row-scaling/results-revision/r1-internal-scaling/simple-gurobi-01pct/base-scaleflag2/resultados/caso11a_base_postprocesado.csv,/clusteruy/home/mathiasr/generator-aware-row-scaling/results-revision/r1-internal-scaling/simple-gurobi-01pct/base-scaleflag2/logs/caso11a_base.log
caso11b.txt,base,OK,0,27.85833649,0.004236245774624,-351196802.49553406,-350423000.0,OPTIMAL,-351211680.0552404,9727.0,422094.0,0.2,14400.0,10800.0,35590.0,10409.0,8530.0,27927.0,27.71527777777778,21.01851851851852,21.531329025007025,4,Model contains large bounds | Model contains large matrix coefficient range | Model contains large rhs | max constraint violation (1.4305e-06) exceeds tolerance,0.002,2000000000.0,0.003,3000.0,5.0,3000000000.0,1.0,10000000000.0,,,,,,,,,0.0,27.85833649,1.0,1.0,1.0,0.0,0.0,0.0,,,0.0,,,,2081557.200127,,,33.959172,,0.32707,4.068845,33.959172,1.0,0.369794798235355,,,,,,,,BASE,BASE,,,,,,4.72768260831878e-09,2.3283064365387e-09,1.56466849148274e-07,2.30967998504639e-07,289794.719299147,7.48200762115384,13389846.1932282,22951788.0459004,7.27595761418343e-12,0.0,1.43051147460938e-06,0.0,0.0,9.99200722162641e-16,0.0,0.0,1.0,0.0,0.0,0.0,0.0,-351196802.495534,1393.22202906232,0.0,22951788.0459004,0.0,0.0,9.99200722162641e-16,1137.0,0.0,1021.0,0.0,0.0,0.0,0.0,-350423332.629336,,,,,,BASE,0.0,0,/clusteruy/home/mathiasr/generator-aware-row-scaling/results-revision/r1-internal-scaling/simple-gurobi-01pct/base-scaleflag2/resultados/caso11b_base.csv,/clusteruy/home/mathiasr/generator-aware-row-scaling/results-revision/r1-internal-scaling/simple-gurobi-01pct/base-scaleflag2/resultados/caso11b_base_postprocesado.csv,/clusteruy/home/mathiasr/generator-aware-row-scaling/results-revision/r1-internal-scaling/simple-gurobi-01pct/base-scaleflag2/logs/caso11b_base.log
caso11c.txt,base,OK,0,20.603958094,0.00360248496755,-349384159.92619044,-348925000.0,OPTIMAL,-349396746.4380308,8139.0,187281.0,0.21,14400.0,10800.0,35590.0,10409.0,8530.0,27927.0,27.71527777777778,21.01851851851852,21.531329025007025,4,Model contains large bounds | Model contains large matrix coefficient range | Model contains large rhs | max constraint violation (1.7104e-06) exceeds tolerance,0.002,2000000000.0,0.005,3000.0,5.0,3000000000.0,1.0,10000000000.0,,,,,,,,,0.0,20.603958094,1.0,1.0,1.0,0.0,0.0,0.0,,,0.0,,,,767455.428641,,,22.931286,,0.331453,4.237845,22.931286,1.0,0.400390812924396,,,,,,,,BASE,BASE,,,,,,5.29183949194929e-09,4.65661287307739e-10,1.5810364857316e-07,5.10364770889282e-07,414796.102303143,6.71148578595371,14162037.294326,259302988.143398,7.27595761418343e-12,0.0,1.71037390828133e-06,0.0,0.0,0.0,0.0,0.0,1.0,0.0,0.0,0.0,0.0,-349384159.92619,1261.73586998016,0.0,259302988.143398,0.0,0.0,0.0,1065.0,0.0,1023.0,0.0,0.0,0.0,0.0,-348925101.980888,,,,,,BASE,0.0,0,/clusteruy/home/mathiasr/generator-aware-row-scaling/results-revision/r1-internal-scaling/simple-gurobi-01pct/base-scaleflag2/resultados/caso11c_base.csv,/clusteruy/home/mathiasr/generator-aware-row-scaling/results-revision/r1-internal-scaling/simple-gurobi-01pct/base-scaleflag2/resultados/caso11c_base_postprocesado.csv,/clusteruy/home/mathiasr/generator-aware-row-scaling/results-revision/r1-internal-scaling/simple-gurobi-01pct/base-scaleflag2/logs/caso11c_base.log
caso11d.txt,base,OK,0,2.322675326,0.031130947031747,-264603704.39719164,-265643000.0,OPTIMAL,-264686078.03625157,1.0,9627.0,0.22,14400.0,10800.0,35590.0,10315.0,8193.0,27634.0,28.368055555555557,24.13888888888889,22.35459398707502,4,Model contains large bounds | Model contains large matrix coefficient range | Model contains large rhs | max constraint violation (9.4278e-06) exceeds tolerance,0.002,2000000000.0,0.003,2000.0,5.0,3000000000.0,1.0,10000000000.0,,,,,,,,,0.0,2.322675326,1.0,1.0,1.0,0.0,0.0,0.0,,,0.0,,,,19226.351515,,,2.148655,,,,2.148655,1.0,0.845652042154669,,,,,,,,BASE,BASE,,,,,,2.52720733510337e-09,6.75015598972095e-14,6.89271837472918e-08,1.7508864402771e-07,1096536.64593415,4.14376410443975,29206293.6624997,762177795.048992,3.63797880709171e-12,0.0,9.42777842283249e-06,0.0,0.0,0.0,0.0,0.0,1.0,0.0,0.0,0.0,0.0,-264603704.397191,990.794693689684,0.0,762177795.048992,0.0,0.0,0.0,240.0,0.0,1043.0,0.0,0.0,0.0,0.0,-265643383.161377,,,,,,BASE,0.0,0,/clusteruy/home/mathiasr/generator-aware-row-scaling/results-revision/r1-internal-scaling/simple-gurobi-01pct/base-scaleflag2/resultados/caso11d_base.csv,/clusteruy/home/mathiasr/generator-aware-row-scaling/results-revision/r1-internal-scaling/simple-gurobi-01pct/base-scaleflag2/resultados/caso11d_base_postprocesado.csv,/clusteruy/home/mathiasr/generator-aware-row-scaling/results-revision/r1-internal-scaling/simple-gurobi-01pct/base-scaleflag2/logs/caso11d_base.log
caso11e.txt,base,OK,0,44.164924488,0.098881730339573,-266956910.9968687,-267650000.0,OPTIMAL,-267220882.60972348,3034.0,1305220.0,0.21,14400.0,10800.0,35590.0,10315.0,8193.0,27634.0,28.368055555555557,24.13888888888889,22.35459398707502,3,Model contains large bounds | Model contains large matrix coefficient range | Model contains large rhs,0.002,2000000000.0,0.003,2000.0,5.0,3000000000.0,1.0,10000000000.0,,,,,,,,,0.0,44.164924488,1.0,1.0,1.0,0.0,0.0,0.0,,,0.0,,,,990268.730627,,,51.166062,,0.00311,5.227105,51.166062,1.0,0.069929596026553,,,,,,,,BASE,BASE,,,,,,2.93420359852046e-09,5.6843418860808e-14,9.36025753617288e-08,2.23517417907715e-07,529046.033324124,2.64232588685395,15295922.1823741,317461457.369318,7.27595761418343e-12,0.0,7.07339495420456e-07,0.0,0.0,0.0,0.0,0.0,0.0,0.0,0.0,0.0,0.0,-266956910.996869,969.544405353183,0.0,317461457.369318,0.0,0.0,0.0,367.0,0.0,1046.0,0.0,0.0,0.0,0.0,-267649803.327467,,,,,,BASE,0.0,0,/clusteruy/home/mathiasr/generator-aware-row-scaling/results-revision/r1-internal-scaling/simple-gurobi-01pct/base-scaleflag2/resultados/caso11e_base.csv,/clusteruy/home/mathiasr/generator-aware-row-scaling/results-revision/r1-internal-scaling/simple-gurobi-01pct/base-scaleflag2/resultados/caso11e_base_postprocesado.csv,/clusteruy/home/mathiasr/generator-aware-row-scaling/results-revision/r1-internal-scaling/simple-gurobi-01pct/base-scaleflag2/logs/caso11e_base.log
caso11f.txt,base,OK,0,2.261354912,0.038559453961192,-265562676.23183668,-266546000.0,OPTIMAL,-265665075.7497164,1.0,9233.0,0.21,14400.0,10800.0,35590.0,10315.0,8193.0,27634.0,28.368055555555557,24.13888888888889,22.35459398707502,3,Model contains large bounds | Model contains large matrix coefficient range | Model contains large rhs,0.002,2000000000.0,0.005,2000.0,5.0,3000000000.0,1.0,10000000000.0,,,,,,,,,0.0,2.261354912,1.0,1.0,1.0,0.0,0.0,0.0,,,0.0,,,,31692.712161,,,2.029415,,,,2.029415,1.0,0.841707484425276,,,,,,,,BASE,BASE,,,,,,3.45034685264449e-09,5.6843418860808e-14,1.14097492769361e-07,2.08616256713867e-07,769179.008879887,2.96484681009295,18940761.1592878,376206740.875152,3.63797880709171e-12,0.0,5.41564077138901e-07,0.0,0.0,0.0,0.0,0.0,0.0,0.0,0.0,0.0,0.0,-265562676.231837,990.794693689684,0.0,376206740.875152,0.0,0.0,0.0,328.0,0.0,1042.0,0.0,0.0,0.0,0.0,-266545625.518748,,,,,,BASE,0.0,0,/clusteruy/home/mathiasr/generator-aware-row-scaling/results-revision/r1-internal-scaling/simple-gurobi-01pct/base-scaleflag2/resultados/caso11f_base.csv,/clusteruy/home/mathiasr/generator-aware-row-scaling/results-revision/r1-internal-scaling/simple-gurobi-01pct/base-scaleflag2/resultados/caso11f_base_postprocesado.csv,/clusteruy/home/mathiasr/generator-aware-row-scaling/results-revision/r1-internal-scaling/simple-gurobi-01pct/base-scaleflag2/logs/caso11f_base.log
caso12a.txt,base,OK,0,18.248716391,0.054781360505552,-431454572.74222684,-435926000.0,OPTIMAL,-431690929.42713845,3061.0,253780.0,0.19,14400.0,10800.0,35590.0,12287.0,9398.0,32697.0,14.67361111111111,12.981481481481481,8.128687833661141,4,Model contains large bounds | Model contains large matrix coefficients | Model contains large rhs | max constraint violation (1.4296e-06) exceeds tolerance,0.002,600000000.0,0.003,3000.0,5.0,3000000000.0,1.0,10000000000.0,,,,,,,,,0.0,18.248716391,1.0,1.0,1.0,0.0,0.0,0.0,,,0.0,,,,365547.7267,,,20.338313,,2.562325,5.338213,20.338313,1.0,0.642671461911264,,,,,,,,BASE,BASE,,,,,,4.587574780402e-09,4.65661287307739e-10,1.52746215462685e-07,2.79396772384644e-07,404759.119661155,112.965057504011,6355736.40919719,901077411.508131,5.00222085975111e-12,0.0,1.42958015203476e-06,0.0,0.0,0.0,0.0,0.0,1.0,0.0,0.0,0.0,0.0,-431454572.742227,31755.0035143963,0.0,901077411.508131,0.0,0.0,0.0,2397.0,0.0,913.0,0.0,0.0,0.0,0.0,-435926225.735125,,,,,,BASE,0.0,0,/clusteruy/home/mathiasr/generator-aware-row-scaling/results-revision/r1-internal-scaling/simple-gurobi-01pct/base-scaleflag2/resultados/caso12a_base.csv,/clusteruy/home/mathiasr/generator-aware-row-scaling/results-revision/r1-internal-scaling/simple-gurobi-01pct/base-scaleflag2/resultados/caso12a_base_postprocesado.csv,/clusteruy/home/mathiasr/generator-aware-row-scaling/results-revision/r1-internal-scaling/simple-gurobi-01pct/base-scaleflag2/logs/caso12a_base.log
caso12b.txt,base,OK,0,43.462280955,0.032486825944166,-437796598.21805084,-438017000.0,OPTIMAL,-437938824.4369034,5002.0,514564.0,0.19,14400.0,10800.0,35590.0,12287.0,9398.0,32697.0,14.67361111111111,12.981481481481481,8.128687833661141,4,Model contains large bounds | Model contains large matrix coefficients | Model contains large rhs | max constraint violation (1.1483e-06) exceeds tolerance,0.002,600000000.0,0.003,3000.0,5.0,3000000000.0,1.0,10000000000.0,,,,,,,,,0.0,43.462280955,1.0,1.0,1.0,0.0,0.0,0.0,,,0.0,,,,679641.657104,,,45.605313,,0.008959,4.476602,45.605313,1.0,0.017625667191747,,,,,,,,BASE,BASE,,,,,,4.63285496570566e-09,4.65661287307739e-10,1.59726478159428e-07,3.05473804473877e-07,317821.984925136,111.049102203203,10161706.7531389,61874726.7712636,6.15786177604605e-09,0.0,1.07381492853165e-06,0.0,0.0,0.0,0.0,0.0,1.0,0.0,0.0,0.0,0.0,-437796598.218051,15121.7326735555,0.0,61874726.7712636,0.0,0.0,0.0,2435.0,0.0,937.0,0.0,0.0,0.0,0.0,-438017391.251703,,,,,,BASE,0.0,0,/clusteruy/home/mathiasr/generator-aware-row-scaling/results-revision/r1-internal-scaling/simple-gurobi-01pct/base-scaleflag2/resultados/caso12b_base.csv,/clusteruy/home/mathiasr/generator-aware-row-scaling/results-revision/r1-internal-scaling/simple-gurobi-01pct/base-scaleflag2/resultados/caso12b_base_postprocesado.csv,/clusteruy/home/mathiasr/generator-aware-row-scaling/results-revision/r1-internal-scaling/simple-gurobi-01pct/base-scaleflag2/logs/caso12b_base.log
caso12c.txt,base,OK,0,19.213902252,0.010569991421825,-434747140.64604914,-435122000.0,OPTIMAL,-434793093.38152206,4559.0,282250.0,0.19,14400.0,10800.0,35590.0,12287.0,9398.0,32697.0,14.67361111111111,12.981481481481481,8.128687833661141,3,Model contains large bounds | Model contains large matrix coefficients | Model contains large rhs,0.002,600000000.0,0.005,3000.0,5.0,3000000000.0,1.0,10000000000.0,,,,,,,,,0.0,19.213902252,1.0,1.0,1.0,0.0,0.0,0.0,,,0.0,,,,559444.452113,,,22.731322,,2.503744,5.105917,22.731322,1.0,0.430026699711527,,,,,,,,BASE,BASE,,,,,,5.33602136539596e-09,1.86264514923096e-09,1.72294676303864e-07,3.42726707458496e-07,309144.528684011,60.2770645997668,11127586.8132502,62086402.9821483,3.63797880709171e-11,0.0,9.34116542339325e-07,0.0,0.0,0.0,0.0,0.0,0.0,0.0,0.0,0.0,0.0,-434747140.646049,1586.1624255441,0.0,62086402.9821483,0.0,0.0,0.0,2470.0,0.0,970.0,0.0,0.0,0.0,0.0,-435122152.190885,,,,,,BASE,0.0,0,/clusteruy/home/mathiasr/generator-aware-row-scaling/results-revision/r1-internal-scaling/simple-gurobi-01pct/base-scaleflag2/resultados/caso12c_base.csv,/clusteruy/home/mathiasr/generator-aware-row-scaling/results-revision/r1-internal-scaling/simple-gurobi-01pct/base-scaleflag2/resultados/caso12c_base_postprocesado.csv,/clusteruy/home/mathiasr/generator-aware-row-scaling/results-revision/r1-internal-scaling/simple-gurobi-01pct/base-scaleflag2/logs/caso12c_base.log
caso12d.txt,base,OK,0,42.783975206,0.092591748117301,-307779784.97622454,-309661000.0,OPTIMAL,-308064763.6594857,10693.0,764307.0,0.2,14400.0,10800.0,35590.0,11983.0,8867.0,31946.0,16.78472222222222,17.89814814814815,10.238831132340545,3,Model contains large bounds | Model contains large matrix coefficients | Model contains large rhs,0.002,600000000.0,0.003,2000.0,5.0,3000000000.0,1.0,10000000000.0,,,,,,,,,0.0,42.783975206,1.0,1.0,1.0,0.0,0.0,0.0,,,0.0,,,,633663.847828,,,47.830622,,0.011878,2.998298,47.830622,1.0,0.015701355940806,,,,,,,,BASE,BASE,,,,,,3.07672985470812e-09,7.01660951563099e-14,1.08042731881142e-07,2.86847352981567e-07,609147.687375289,11.9222468035261,32705232.2271769,62102119.1524537,1.81898940354586e-11,0.0,5.32716512680054e-07,0.0,0.0,0.0,0.0,0.0,0.0,0.0,0.0,0.0,0.0,-307779784.976224,31755.0035143963,0.0,62102119.1524537,0.0,0.0,0.0,910.0,0.0,1058.0,0.0,0.0,0.0,0.0,-309661078.214126,,,,,,BASE,0.0,0,/clusteruy/home/mathiasr/generator-aware-row-scaling/results-revision/r1-internal-scaling/simple-gurobi-01pct/base-scaleflag2/resultados/caso12d_base.csv,/clusteruy/home/mathiasr/generator-aware-row-scaling/results-revision/r1-internal-scaling/simple-gurobi-01pct/base-scaleflag2/resultados/caso12d_base_postprocesado.csv,/clusteruy/home/mathiasr/generator-aware-row-scaling/results-revision/r1-internal-scaling/simple-gurobi-01pct/base-scaleflag2/logs/caso12d_base.log
caso12e.txt,base,OK,0,47.05362826,0.093160120027904,-312905418.6438447,-314800000.0,OPTIMAL,-313196921.70742714,13892.0,828443.0,0.2,14400.0,10800.0,35590.0,11983.0,8867.0,31946.0,16.78472222222222,17.89814814814815,10.238831132340545,3,Model contains large bounds | Model contains large matrix coefficients | Model contains large rhs,0.002,600000000.0,0.003,2000.0,5.0,3000000000.0,1.0,10000000000.0,,,,,,,,,0.0,47.05362826,1.0,1.0,1.0,0.0,0.0,0.0,,,0.0,,,,848883.47322,,,55.253675,,0.011769,2.977191,55.253675,1.0,0.015576494851369,,,,,,,,BASE,BASE,,,,,,3.32139821385348e-09,7.01660951563099e-14,1.15483999252319e-07,3.35276126861572e-07,579050.958749331,15.5905894024651,26183680.3973361,62102119.1524537,3.63797880709171e-12,0.0,5.44881913810968e-07,0.0,0.0,0.0,0.0,0.0,0.0,0.0,0.0,0.0,0.0,-312905418.643845,1562.3461729083,0.0,62102119.1524537,0.0,0.0,0.0,1120.0,0.0,1041.0,0.0,0.0,0.0,0.0,-314800125.70663,,,,,,BASE,0.0,0,/clusteruy/home/mathiasr/generator-aware-row-scaling/results-revision/r1-internal-scaling/simple-gurobi-01pct/base-scaleflag2/resultados/caso12e_base.csv,/clusteruy/home/mathiasr/generator-aware-row-scaling/results-revision/r1-internal-scaling/simple-gurobi-01pct/base-scaleflag2/resultados/caso12e_base_postprocesado.csv,/clusteruy/home/mathiasr/generator-aware-row-scaling/results-revision/r1-internal-scaling/simple-gurobi-01pct/base-scaleflag2/logs/caso12e_base.log
caso12f.txt,base,OK,0,52.430031712,0.088869158709166,-310330599.7164866,-312057000.0,OPTIMAL,-310606387.9096717,10968.0,944438.0,0.2,14400.0,10800.0,35590.0,11983.0,8867.0,31946.0,16.78472222222222,17.89814814814815,10.238831132340545,3,Model contains large bounds | Model contains large matrix coefficients | Model contains large rhs,0.002,600000000.0,0.005,2000.0,5.0,3000000000.0,1.0,10000000000.0,,,,,,,,,0.0,52.430031712,1.0,1.0,1.0,0.0,0.0,0.0,,,0.0,,,,622967.849296,,,60.531523,,0.011857,2.969373,60.531523,1.0,0.015517821760625,,,,,,,,BASE,BASE,,,,,,2.90357646602161e-09,6.89004409082362e-14,1.04308128356934e-07,3.46451997756958e-07,635545.673407473,9.6580966683358,32705232.2271769,62102119.1524537,1.81898940354586e-12,0.0,4.76837158203125e-07,0.0,0.0,0.0,0.0,0.0,0.0,0.0,0.0,0.0,0.0,-310330599.716486,9583.6600606448,0.0,62102119.1524537,0.0,0.0,0.0,892.0,0.0,1055.0,0.0,0.0,0.0,0.0,-312056868.099824,,,,,,BASE,0.0,0,/clusteruy/home/mathiasr/generator-aware-row-scaling/results-revision/r1-internal-scaling/simple-gurobi-01pct/base-scaleflag2/resultados/caso12f_base.csv,/clusteruy/home/mathiasr/generator-aware-row-scaling/results-revision/r1-internal-scaling/simple-gurobi-01pct/base-scaleflag2/resultados/caso12f_base_postprocesado.csv,/clusteruy/home/mathiasr/generator-aware-row-scaling/results-revision/r1-internal-scaling/simple-gurobi-01pct/base-scaleflag2/logs/caso12f_base.log
caso14a.txt,base,OK,0,1.19625878,0.046932814166897,-375053952.8756724,-393283000.0,OPTIMAL,-375229976.25040114,1.0,8831.0,0.14,14400.0,10800.0,35590.0,10715.0,8626.0,28445.0,25.59027777777778,20.12962962962963,20.075864006743465,4,Model contains large bounds | Model contains large matrix coefficients | Model contains large rhs | max constraint violation (1.0394e-06) exceeds tolerance,0.002,1000000000.0,0.003,3000.0,5.0,4000000000.0,1.0,10000000000.0,,,,,,,,,0.0,1.19625878,1.0,1.0,1.0,0.0,0.0,0.0,,,0.0,,,,150393.26291,,,0.964797,,,,0.964797,1.0,0.273352215088144,,,,,,,,BASE,BASE,,,,,,3.48840888560712e-09,2.8421709430404e-14,1.20159238576889e-07,3.12924385070801e-07,475997.74852808,68.4918671062006,17228546.413855,220237472.401595,7.27595761418343e-12,0.0,1.03935599327087e-06,0.0,0.0,0.0,0.0,0.0,1.0,0.0,0.0,0.0,0.0,-375053952.875672,37176.7246135549,0.0,220237472.401595,0.0,0.0,0.0,1474.0,0.0,835.0,0.0,0.0,0.0,0.0,-393283498.341534,,,,,,BASE,0.0,0,/clusteruy/home/mathiasr/generator-aware-row-scaling/results-revision/r1-internal-scaling/simple-gurobi-01pct/base-scaleflag2/resultados/caso14a_base.csv,/clusteruy/home/mathiasr/generator-aware-row-scaling/results-revision/r1-internal-scaling/simple-gurobi-01pct/base-scaleflag2/resultados/caso14a_base_postprocesado.csv,/clusteruy/home/mathiasr/generator-aware-row-scaling/results-revision/r1-internal-scaling/simple-gurobi-01pct/base-scaleflag2/logs/caso14a_base.log
caso14b.txt,base,OK,0,1.226599006,0.047707625355845,-383587004.8561624,-401127000.0,OPTIMAL,-383770005.1073529,1.0,8924.0,0.14,14400.0,10800.0,35590.0,10715.0,8626.0,28445.0,25.59027777777778,20.12962962962963,20.075864006743465,4,Model contains large bounds | Model contains large matrix coefficients | Model contains large rhs | max constraint violation (1.9791e-06) exceeds tolerance,0.002,1000000000.0,0.003,3000.0,5.0,4000000000.0,1.0,10000000000.0,,,,,,,,,0.0,1.226599006,1.0,1.0,1.0,0.0,0.0,0.0,,,0.0,,,,147422.783052,,,0.976064,,,,0.976064,1.0,0.294594263339498,,,,,,,,BASE,BASE,,,,,,3.74669970686782e-09,2.72060152184394e-14,1.19218602776528e-07,3.01748514175415e-07,473267.181573595,66.8327641913903,17228546.413855,220237472.401595,3.63797880709171e-11,0.0,1.97906047105789e-06,0.0,0.0,0.0,0.0,0.0,3.0,0.0,0.0,0.0,0.0,-383587004.856162,37176.7246135549,0.0,220237472.401595,0.0,0.0,0.0,1465.0,0.0,845.0,0.0,0.0,0.0,0.0,-401126555.252539,,,,,,BASE,0.0,0,/clusteruy/home/mathiasr/generator-aware-row-scaling/results-revision/r1-internal-scaling/simple-gurobi-01pct/base-scaleflag2/resultados/caso14b_base.csv,/clusteruy/home/mathiasr/generator-aware-row-scaling/results-revision/r1-internal-scaling/simple-gurobi-01pct/base-scaleflag2/resultados/caso14b_base_postprocesado.csv,/clusteruy/home/mathiasr/generator-aware-row-scaling/results-revision/r1-internal-scaling/simple-gurobi-01pct/base-scaleflag2/logs/caso14b_base.log
caso14c.txt,base,OK,0,1.221625468,0.04728329539929,-379286584.2825316,-397781000.0,OPTIMAL,-379465923.4785878,1.0,9285.0,0.14,14400.0,10800.0,35590.0,10715.0,8626.0,28445.0,25.59027777777778,20.12962962962963,20.075864006743465,4,Model contains large bounds | Model contains large matrix coefficients | Model contains large rhs | max constraint violation (1.4305e-06) exceeds tolerance,0.002,1000000000.0,0.005,3000.0,5.0,4000000000.0,1.0,10000000000.0,,,,,,,,,0.0,1.221625468,1.0,1.0,1.0,0.0,0.0,0.0,,,0.0,,,,150101.65786,,,0.984547,,,,0.984547,1.0,0.279955432600659,,,,,,,,BASE,BASE,,,,,,3.69522816222007e-09,2.46469511466785e-14,1.20140612125397e-07,2.98023223876953e-07,470981.942431876,69.0675049930826,17228546.413855,220237472.401595,2.91038304567337e-11,0.0,1.32434070110321e-06,0.0,0.0,0.0,0.0,0.0,2.0,0.0,0.0,0.0,0.0,-379286584.282532,37176.7246135549,0.0,220237472.401595,0.0,0.0,0.0,1478.0,0.0,841.0,0.0,0.0,0.0,0.0,-397781392.613228,,,,,,BASE,0.0,0,/clusteruy/home/mathiasr/generator-aware-row-scaling/results-revision/r1-internal-scaling/simple-gurobi-01pct/base-scaleflag2/resultados/caso14c_base.csv,/clusteruy/home/mathiasr/generator-aware-row-scaling/results-revision/r1-internal-scaling/simple-gurobi-01pct/base-scaleflag2/resultados/caso14c_base_postprocesado.csv,/clusteruy/home/mathiasr/generator-aware-row-scaling/results-revision/r1-internal-scaling/simple-gurobi-01pct/base-scaleflag2/logs/caso14c_base.log
caso14d.txt,base,OK,0,11.932589667,0.039197281447999,-283345953.7263668,-296473000.0,OPTIMAL,-283457017.63732046,1059.0,122381.0,0.15,14400.0,10800.0,35590.0,10570.0,8270.0,27788.0,26.59722222222222,23.425925925925927,21.921888170834503,3,Model contains large bounds | Model contains large matrix coefficients | Model contains large rhs,0.002,1000000000.0,0.003,2000.0,5.0,4000000000.0,1.0,10000000000.0,,,,,,,,,0.0,11.932589667,1.0,1.0,1.0,0.0,0.0,0.0,,,0.0,,,,471271.994672,,,13.466219,,0.003568,1.806614,13.466219,1.0,0.018444904460406,,,,,,,,BASE,BASE,,,,,,2.12563444680393e-09,1.4210854715202e-14,8.19563865661621e-08,3.05473804473877e-07,1910163.01427066,26.9997898308374,15939867.2737625,774498691.095958,1.45519152283669e-11,0.0,3.3155083656311e-07,0.0,0.0,0.0,0.0,0.0,0.0,0.0,0.0,0.0,0.0,-283345953.726367,37176.7246135549,0.0,774498691.095958,0.0,0.0,0.0,917.0,0.0,991.0,0.0,0.0,0.0,0.0,-296472983.795594,,,,,,BASE,0.0,0,/clusteruy/home/mathiasr/generator-aware-row-scaling/results-revision/r1-internal-scaling/simple-gurobi-01pct/base-scaleflag2/resultados/caso14d_base.csv,/clusteruy/home/mathiasr/generator-aware-row-scaling/results-revision/r1-internal-scaling/simple-gurobi-01pct/base-scaleflag2/resultados/caso14d_base_postprocesado.csv,/clusteruy/home/mathiasr/generator-aware-row-scaling/results-revision/r1-internal-scaling/simple-gurobi-01pct/base-scaleflag2/logs/caso14d_base.log
caso14e.txt,base,OK,0,3.287433076,0.061730464059904,-290596914.1103419,-303586000.0,OPTIMAL,-290776300.933966,1443.0,38238.0,0.15,14400.0,10800.0,35590.0,10570.0,8270.0,27788.0,26.59722222222222,23.425925925925927,21.921888170834503,4,Model contains large bounds | Model contains large matrix coefficients | Model contains large rhs | max constraint violation (7.6108e-06) exceeds tolerance,0.002,1000000000.0,0.003,2000.0,5.0,4000000000.0,1.0,10000000000.0,,,,,,,,,0.0,3.287433076,1.0,1.0,1.0,0.0,0.0,0.0,,,0.0,,,,348652.906854,,,2.960973,,0.003678,1.632816,2.960973,1.0,0.066990533807349,,,,,,,,BASE,BASE,,,,,,2.46800794210403e-09,1.4210854715202e-14,7.12508335709573e-08,3.05473804473877e-07,1742787.98248118,21.4387466748675,15939867.2737625,731865274.391579,2.37587727269783e-14,0.0,7.54743814468384e-06,0.0,0.0,0.0,0.0,0.0,1.0,0.0,0.0,0.0,0.0,-290596914.110342,37176.7246135549,0.0,731865274.391579,0.0,0.0,0.0,932.0,0.0,989.0,0.0,0.0,0.0,0.0,-303585717.709585,,,,,,BASE,0.0,0,/clusteruy/home/mathiasr/generator-aware-row-scaling/results-revision/r1-internal-scaling/simple-gurobi-01pct/base-scaleflag2/resultados/caso14e_base.csv,/clusteruy/home/mathiasr/generator-aware-row-scaling/results-revision/r1-internal-scaling/simple-gurobi-01pct/base-scaleflag2/resultados/caso14e_base_postprocesado.csv,/clusteruy/home/mathiasr/generator-aware-row-scaling/results-revision/r1-internal-scaling/simple-gurobi-01pct/base-scaleflag2/logs/caso14e_base.log
caso14f.txt,base,OK,0,15.89019035,0.053460977095926,-286922375.1582279,-300185000.0,OPTIMAL,-287075766.66349435,1461.0,242808.0,0.15,14400.0,10800.0,35590.0,10570.0,8270.0,27788.0,26.59722222222222,23.425925925925927,21.921888170834503,3,Model contains large bounds | Model contains large matrix coefficients | Model contains large rhs,0.002,1000000000.0,0.005,2000.0,5.0,4000000000.0,1.0,10000000000.0,,,,,,,,,0.0,15.89019035,1.0,1.0,1.0,0.0,0.0,0.0,,,0.0,,,,3101383.686986,,,19.2947,,0.003722,1.922787,19.2947,1.0,0.015945678251463,,,,,,,,BASE,BASE,,,,,,1.96636466233837e-09,1.4210854715202e-14,7.07991421222691e-08,2.57045030593872e-07,1626630.99587151,21.1704356790557,14246444.3853586,731892098.574455,2.41016095969826e-11,0.0,4.57977876067162e-07,0.0,0.0,0.0,0.0,0.0,0.0,0.0,0.0,0.0,0.0,-286922375.158228,37176.7246135549,0.0,731892098.574455,0.0,0.0,0.0,921.0,0.0,989.0,0.0,0.0,0.0,0.0,-300185200.199889,,,,,,BASE,0.0,0,/clusteruy/home/mathiasr/generator-aware-row-scaling/results-revision/r1-internal-scaling/simple-gurobi-01pct/base-scaleflag2/resultados/caso14f_base.csv,/clusteruy/home/mathiasr/generator-aware-row-scaling/results-revision/r1-internal-scaling/simple-gurobi-01pct/base-scaleflag2/resultados/caso14f_base_postprocesado.csv,/clusteruy/home/mathiasr/generator-aware-row-scaling/results-revision/r1-internal-scaling/simple-gurobi-01pct/base-scaleflag2/logs/caso14f_base.log
caso19a.txt,base,OK,0,2.898049711,0.012565740800436,-303762044.1177141,-303738000.0,OPTIMAL,-303800214.06882805,1.0,13718.0,0.27,14400.0,10800.0,35590.0,11777.0,9219.0,31586.0,18.21527777777778,14.63888888888889,11.250351222253443,3,Model contains large bounds | Model contains large matrix coefficients | Model contains large rhs,0.002,1000000000.0,0.003,3000.0,5.0,6000000000.0,1.0,10000000000.0,,,,,,,,,0.0,2.898049711,1.0,1.0,1.0,0.0,0.0,0.0,,,0.0,,,,448747.51869,,,2.813072,,,,2.813072,1.0,0.155580791461668,,,,,,,,BASE,BASE,,,,,,6.14933495129052e-09,1.86264514923096e-09,2.03964300453663e-07,4.17232513427734e-07,252138.890345435,2.0682135376763,8780667.10252001,56076943.5565542,7.27595761418343e-12,0.0,6.46337866783142e-07,0.0,0.0,0.0,0.0,0.0,0.0,0.0,0.0,0.0,0.0,-303762044.117714,3193.01443670873,0.0,56076943.5565542,0.0,0.0,0.0,1254.0,0.0,1010.0,0.0,0.0,0.0,0.0,-303737711.682555,,,,,,BASE,0.0,0,/clusteruy/home/mathiasr/generator-aware-row-scaling/results-revision/r1-internal-scaling/simple-gurobi-01pct/base-scaleflag2/resultados/caso19a_base.csv,/clusteruy/home/mathiasr/generator-aware-row-scaling/results-revision/r1-internal-scaling/simple-gurobi-01pct/base-scaleflag2/resultados/caso19a_base_postprocesado.csv,/clusteruy/home/mathiasr/generator-aware-row-scaling/results-revision/r1-internal-scaling/simple-gurobi-01pct/base-scaleflag2/logs/caso19a_base.log
caso19b.txt,base,OK,0,2.694491899,0.022382519224966,-319073196.70954937,-319107000.0,OPTIMAL,-319144613.3291446,1.0,12926.0,0.27,14400.0,10800.0,35590.0,11777.0,9219.0,31586.0,18.21527777777778,14.63888888888889,11.250351222253443,4,Model contains large bounds | Model contains large matrix coefficients | Model contains large rhs | max constraint violation (1.0990e-06) exceeds tolerance,0.002,1000000000.0,0.003,3000.0,5.0,6000000000.0,1.0,10000000000.0,,,,,,,,,0.0,2.694491899,1.0,1.0,1.0,0.0,0.0,0.0,,,0.0,,,,417261.12813,,,2.511153,,,,2.511153,1.0,0.182885905923187,,,,,,,,BASE,BASE,,,,,,6.85558132039311e-09,3.49828042089931e-09,2.2807507775724e-07,3.53902578353882e-07,246114.531668257,2.02854556585689,8868213.04347683,46788828.0075939,9.09494701772928e-13,0.0,1.02957710623741e-06,0.0,0.0,0.0,0.0,0.0,1.0,0.0,0.0,0.0,0.0,-319073196.709549,3162.97972610539,0.0,46788828.0075939,0.0,0.0,0.0,1243.0,0.0,1008.0,0.0,0.0,0.0,0.0,-319107007.665026,,,,,,BASE,0.0,0,/clusteruy/home/mathiasr/generator-aware-row-scaling/results-revision/r1-internal-scaling/simple-gurobi-01pct/base-scaleflag2/resultados/caso19b_base.csv,/clusteruy/home/mathiasr/generator-aware-row-scaling/results-revision/r1-internal-scaling/simple-gurobi-01pct/base-scaleflag2/resultados/caso19b_base_postprocesado.csv,/clusteruy/home/mathiasr/generator-aware-row-scaling/results-revision/r1-internal-scaling/simple-gurobi-01pct/base-scaleflag2/logs/caso19b_base.log
caso19c.txt,base,OK,0,2.724338888,0.018011962827392,-311371224.84780693,-311347000.0,OPTIMAL,-311427308.9170817,1.0,13222.0,0.27,14400.0,10800.0,35590.0,11777.0,9219.0,31586.0,18.21527777777778,14.63888888888889,11.250351222253443,3,Model contains large bounds | Model contains large matrix coefficients | Model contains large rhs,0.002,1000000000.0,0.005,3000.0,5.0,6000000000.0,1.0,10000000000.0,,,,,,,,,0.0,2.724338888,1.0,1.0,1.0,0.0,0.0,0.0,,,0.0,,,,448747.51869,,,2.599941,,,,2.599941,1.0,0.17251913384788,,,,,,,,BASE,BASE,,,,,,6.14933495129052e-09,1.86264514923096e-09,2.03964300453663e-07,4.17232513427734e-07,252138.890345435,2.0682135376763,8780667.10252001,56076943.5565542,7.27595761418343e-12,0.0,6.46337866783142e-07,0.0,0.0,0.0,0.0,0.0,0.0,0.0,0.0,0.0,0.0,-311371224.847807,3193.01443670873,0.0,56076943.5565542,0.0,0.0,0.0,1254.0,0.0,1010.0,0.0,0.0,0.0,0.0,-311346892.412648,,,,,,BASE,0.0,0,/clusteruy/home/mathiasr/generator-aware-row-scaling/results-revision/r1-internal-scaling/simple-gurobi-01pct/base-scaleflag2/resultados/caso19c_base.csv,/clusteruy/home/mathiasr/generator-aware-row-scaling/results-revision/r1-internal-scaling/simple-gurobi-01pct/base-scaleflag2/resultados/caso19c_base_postprocesado.csv,/clusteruy/home/mathiasr/generator-aware-row-scaling/results-revision/r1-internal-scaling/simple-gurobi-01pct/base-scaleflag2/logs/caso19c_base.log
caso19d.txt,base,OK,0,107.766609831,0.058513814640344,-259043660.62576568,-259460000.0,OPTIMAL,-259195236.9531818,15219.0,2266484.0,0.27,14400.0,10800.0,35590.0,11852.0,9108.0,31717.0,17.694444444444443,15.666666666666666,10.88227030064625,3,Model contains large bounds | Model contains large matrix coefficients | Model contains large rhs,0.002,1000000000.0,0.003,2000.0,5.0,6000000000.0,1.0,10000000000.0,,,,,,,,,0.0,107.766609831,1.0,1.0,1.0,0.0,0.0,0.0,,,0.0,,,,723802.2421,,,139.296139,,0.003865,4.835003,139.296139,1.0,0.006846640822274,,,,,,,,BASE,BASE,,,,,,5.16401165053836e-09,4.51109372079372e-10,1.65775418281555e-07,2.96160578727722e-07,443603.835522742,8.40811670459063,15031495.505502,74165546.3635556,9.18021214602049e-12,0.0,7.99540430307388e-07,0.0,0.0,0.0,0.0,0.0,0.0,0.0,0.0,0.0,0.0,-259043660.625766,1363.73821117851,0.0,74165546.3635556,0.0,0.0,0.0,1317.0,0.0,1032.0,0.0,0.0,0.0,0.0,-259459528.417826,,,,,,BASE,0.0,0,/clusteruy/home/mathiasr/generator-aware-row-scaling/results-revision/r1-internal-scaling/simple-gurobi-01pct/base-scaleflag2/resultados/caso19d_base.csv,/clusteruy/home/mathiasr/generator-aware-row-scaling/results-revision/r1-internal-scaling/simple-gurobi-01pct/base-scaleflag2/resultados/caso19d_base_postprocesado.csv,/clusteruy/home/mathiasr/generator-aware-row-scaling/results-revision/r1-internal-scaling/simple-gurobi-01pct/base-scaleflag2/logs/caso19d_base.log
caso19e.txt,base,OK,0,81.773235087,0.064548069874428,-273174735.02141774,-273471000.0,OPTIMAL,-273351064.04025865,8518.0,1073942.0,0.27,14400.0,10800.0,35590.0,11852.0,9108.0,31717.0,17.694444444444443,15.666666666666666,10.88227030064625,3,Model contains large bounds | Model contains large matrix coefficients | Model contains large rhs,0.002,1000000000.0,0.003,2000.0,5.0,6000000000.0,1.0,10000000000.0,,,,,,,,,0.0,81.773235087,1.0,1.0,1.0,0.0,0.0,0.0,,,0.0,,,,446521.258255,,,94.393887,,0.003074,4.894487,94.393887,1.0,0.008274062519802,,,,,,,,BASE,BASE,,,,,,5.75191398020173e-09,7.27595761418343e-12,1.91859435290098e-07,2.90572643280029e-07,341928.150891466,9.72122821445033,11042101.12042,42745192.9516354,7.27595761418343e-12,0.0,5.7881698012352e-07,0.0,0.0,0.0,0.0,0.0,0.0,0.0,0.0,0.0,0.0,-273174735.021418,1333.70350057517,0.0,42745192.9516354,0.0,0.0,0.0,1402.0,0.0,1032.0,0.0,0.0,0.0,0.0,-273470804.074871,,,,,,BASE,0.0,0,/clusteruy/home/mathiasr/generator-aware-row-scaling/results-revision/r1-internal-scaling/simple-gurobi-01pct/base-scaleflag2/resultados/caso19e_base.csv,/clusteruy/home/mathiasr/generator-aware-row-scaling/results-revision/r1-internal-scaling/simple-gurobi-01pct/base-scaleflag2/resultados/caso19e_base_postprocesado.csv,/clusteruy/home/mathiasr/generator-aware-row-scaling/results-revision/r1-internal-scaling/simple-gurobi-01pct/base-scaleflag2/logs/caso19e_base.log
caso19f.txt,base,OK,0,107.007535879,0.086160607167641,-265944050.103495,-266272000.0,OPTIMAL,-266173189.1117904,11502.0,1811323.0,0.28,14400.0,10800.0,35590.0,11852.0,9108.0,31717.0,17.694444444444443,15.666666666666666,10.88227030064625,3,Model contains large bounds | Model contains large matrix coefficients | Model contains large rhs,0.002,1000000000.0,0.005,2000.0,5.0,6000000000.0,1.0,10000000000.0,,,,,,,,,0.0,107.007535879,1.0,1.0,1.0,0.0,0.0,0.0,,,0.0,,,,226133.05814,,,128.176651,,0.003811,4.175154,128.176651,1.0,0.007090661957119,,,,,,,,BASE,BASE,,,,,,5.63202364573459e-09,7.27595761418343e-12,1.77430920302868e-07,3.01748514175415e-07,507974.751873385,6.52473124629798,23153043.1640284,84738717.6434776,7.27595761418343e-12,0.0,8.73114913702011e-07,0.0,0.0,0.0,0.0,0.0,0.0,0.0,0.0,0.0,0.0,-265944050.103495,1487.93579826798,0.0,84738717.6434776,0.0,0.0,0.0,989.0,0.0,1031.0,0.0,0.0,0.0,0.0,-266272010.890305,,,,,,BASE,0.0,0,/clusteruy/home/mathiasr/generator-aware-row-scaling/results-revision/r1-internal-scaling/simple-gurobi-01pct/base-scaleflag2/resultados/caso19f_base.csv,/clusteruy/home/mathiasr/generator-aware-row-scaling/results-revision/r1-internal-scaling/simple-gurobi-01pct/base-scaleflag2/resultados/caso19f_base_postprocesado.csv,/clusteruy/home/mathiasr/generator-aware-row-scaling/results-revision/r1-internal-scaling/simple-gurobi-01pct/base-scaleflag2/logs/caso19f_base.log
caso20a.txt,base,OK,0,3.680474382,0.002888429109404,-292279307.3158339,-290340000.0,OPTIMAL,-292287749.5964272,1.0,13646.0,0.27,14400.0,10800.0,35590.0,11760.0,9216.0,31581.0,18.333333333333332,14.666666666666666,11.26440011239112,4,Model contains large bounds | Model contains large matrix coefficients | Model contains large rhs | max constraint violation (7.3891e-06) exceeds tolerance,0.003,2000000000.0,0.003,3000.0,5.0,7000000000.0,1.0,10000000000.0,,,,,,,,,0.0,3.680474382,1.0,1.0,1.0,0.0,0.0,0.0,,,0.0,,,,548421.013726,,,3.101071,,,,3.101071,1.0,0.895115921049649,,,,,,,,BASE,BASE,,,,,,6.93838430381528e-09,3.72529029846191e-09,2.0395964384079e-07,4.0791928768158e-07,636991.257655528,1.56694022014218,27594556.238585,96056487.0801181,9.09494701772928e-13,0.0,7.38909875508398e-06,0.0,0.0,0.0,0.0,0.0,3.0,0.0,0.0,0.0,0.0,-292279307.315834,1030.03821840371,0.0,96056487.0801181,0.0,0.0,0.0,657.0,0.0,1000.0,0.0,0.0,0.0,0.0,-290339983.070993,,,,,,BASE,0.0,0,/clusteruy/home/mathiasr/generator-aware-row-scaling/results-revision/r1-internal-scaling/simple-gurobi-01pct/base-scaleflag2/resultados/caso20a_base.csv,/clusteruy/home/mathiasr/generator-aware-row-scaling/results-revision/r1-internal-scaling/simple-gurobi-01pct/base-scaleflag2/resultados/caso20a_base_postprocesado.csv,/clusteruy/home/mathiasr/generator-aware-row-scaling/results-revision/r1-internal-scaling/simple-gurobi-01pct/base-scaleflag2/logs/caso20a_base.log
caso20b.txt,base,OK,0,3.603227342,0.005296718801832,-308820535.72793245,-306919000.0,OPTIMAL,-308836893.0833123,1.0,13335.0,0.27,14400.0,10800.0,35590.0,11760.0,9216.0,31581.0,18.333333333333332,14.666666666666666,11.26440011239112,4,Model contains large bounds | Model contains large matrix coefficients | Model contains large rhs | max constraint violation (1.2565e-06) exceeds tolerance,0.003,2000000000.0,0.003,3000.0,5.0,7000000000.0,1.0,10000000000.0,,,,,,,,,0.0,3.603227342,1.0,1.0,1.0,0.0,0.0,0.0,,,0.0,,,,547786.408418,,,3.109566,,,,3.109566,1.0,0.893097409607546,,,,,,,,BASE,BASE,,,,,,6.24161434156209e-09,3.72529029846191e-09,1.97445042431355e-07,4.0791928768158e-07,618681.815727992,1.69645951901746,27367664.655928,65583024.6559258,9.09494701772928e-13,0.0,1.16089358925819e-06,0.0,0.0,0.0,0.0,0.0,1.0,0.0,0.0,0.0,0.0,-308820535.727932,1030.77739186507,0.0,65583024.6559258,0.0,0.0,0.0,661.0,0.0,992.0,0.0,0.0,0.0,0.0,-306919350.644823,,,,,,BASE,0.0,0,/clusteruy/home/mathiasr/generator-aware-row-scaling/results-revision/r1-internal-scaling/simple-gurobi-01pct/base-scaleflag2/resultados/caso20b_base.csv,/clusteruy/home/mathiasr/generator-aware-row-scaling/results-revision/r1-internal-scaling/simple-gurobi-01pct/base-scaleflag2/resultados/caso20b_base_postprocesado.csv,/clusteruy/home/mathiasr/generator-aware-row-scaling/results-revision/r1-internal-scaling/simple-gurobi-01pct/base-scaleflag2/logs/caso20b_base.log
caso20c.txt,base,OK,0,3.667856736,0.004128044111251,-300492084.94795823,-298563000.0,OPTIMAL,-300504489.3937757,1.0,13761.0,0.27,14400.0,10800.0,35590.0,11760.0,9216.0,31581.0,18.333333333333332,14.666666666666666,11.26440011239112,3,Model contains large bounds | Model contains large matrix coefficients | Model contains large rhs,0.003,2000000000.0,0.005,3000.0,5.0,7000000000.0,1.0,10000000000.0,,,,,,,,,0.0,3.667856736,1.0,1.0,1.0,0.0,0.0,0.0,,,0.0,,,,548421.013726,,,3.147017,,,,3.147017,1.0,0.895071383348534,,,,,,,,BASE,BASE,,,,,,6.11435964341009e-09,3.72529029846191e-09,2.03968957066536e-07,2.75671482086182e-07,635869.622514416,1.56694022014218,27594556.2385849,79954797.2495837,1.13686837721616e-13,0.0,9.14908014237881e-07,0.0,0.0,0.0,0.0,0.0,0.0,0.0,0.0,0.0,0.0,-300492084.947958,1030.03821840371,0.0,79954797.2495837,0.0,0.0,0.0,660.0,0.0,997.0,0.0,0.0,0.0,0.0,-298562540.310237,,,,,,BASE,0.0,0,/clusteruy/home/mathiasr/generator-aware-row-scaling/results-revision/r1-internal-scaling/simple-gurobi-01pct/base-scaleflag2/resultados/caso20c_base.csv,/clusteruy/home/mathiasr/generator-aware-row-scaling/results-revision/r1-internal-scaling/simple-gurobi-01pct/base-scaleflag2/resultados/caso20c_base_postprocesado.csv,/clusteruy/home/mathiasr/generator-aware-row-scaling/results-revision/r1-internal-scaling/simple-gurobi-01pct/base-scaleflag2/logs/caso20c_base.log
caso20d.txt,base,OK,0,4.221032846,0.092164401809983,-253789677.21029735,-253963000.0,OPTIMAL,-254023580.9481537,1.0,12635.0,0.27,14400.0,10800.0,35590.0,11904.0,9163.0,31849.0,17.333333333333332,15.157407407407407,10.51137960101152,4,Model contains large bounds | Model contains large matrix coefficients | Model contains large rhs | max constraint violation (8.1863e-06) exceeds tolerance,0.003,2000000000.0,0.003,2000.0,5.0,7000000000.0,1.0,10000000000.0,,,,,,,,,0.0,4.221032846,1.0,1.0,1.0,0.0,0.0,0.0,,,0.0,,,,243993.380314,,,3.777683,,,,3.777683,1.0,0.887242484275965,,,,,,,,BASE,BASE,,,,,,6.58369320192388e-09,8.55315818171182e-14,1.44364312291146e-07,2.08616256713867e-07,1206276.03979702,6.83904627079417,54232782.9362123,780767220.717118,9.5367431640625e-07,0.0,8.18644184619188e-06,0.0,0.0,0.0,0.0,0.0,5.0,0.0,0.0,0.0,0.0,-253789677.210297,1032.25573878778,0.0,780767220.717118,0.0,0.0,0.0,988.0,0.0,1037.0,0.0,0.0,0.0,0.0,-253962936.98359,,,,,,BASE,0.0,0,/clusteruy/home/mathiasr/generator-aware-row-scaling/results-revision/r1-internal-scaling/simple-gurobi-01pct/base-scaleflag2/resultados/caso20d_base.csv,/clusteruy/home/mathiasr/generator-aware-row-scaling/results-revision/r1-internal-scaling/simple-gurobi-01pct/base-scaleflag2/resultados/caso20d_base_postprocesado.csv,/clusteruy/home/mathiasr/generator-aware-row-scaling/results-revision/r1-internal-scaling/simple-gurobi-01pct/base-scaleflag2/logs/caso20d_base.log
caso20e.txt,base,OK,0,90.763645653,0.037615075306062,-269327520.8902765,-269259000.0,OPTIMAL,-269428828.6400793,7072.0,874699.0,0.27,14400.0,10800.0,35590.0,11904.0,9163.0,31849.0,17.333333333333332,15.157407407407407,10.51137960101152,4,Model contains large bounds | Model contains large matrix coefficients | Model contains large rhs | max constraint violation (1.1590e-06) exceeds tolerance,0.003,2000000000.0,0.003,2000.0,5.0,7000000000.0,1.0,10000000000.0,,,,,,,,,0.0,90.763645653,1.0,1.0,1.0,0.0,0.0,0.0,,,0.0,,,,1462936.288274,,,110.119296,,0.002238,4.653989,110.119296,1.0,0.007488205390547,,,,,,,,BASE,BASE,,,,,,5.38400818962043e-09,2.3283064365387e-10,1.82308722287417e-07,2.38418579101562e-07,517505.476730267,6.659191754655,26511210.5013665,50167836.1095284,7.27595761418343e-12,0.0,1.15903094410896e-06,0.0,0.0,0.0,0.0,0.0,1.0,0.0,0.0,0.0,0.0,-269327520.890276,1222.59290508772,0.0,50167836.1095284,0.0,0.0,0.0,1194.0,0.0,1036.0,0.0,0.0,0.0,0.0,-269258590.071949,,,,,,BASE,0.0,0,/clusteruy/home/mathiasr/generator-aware-row-scaling/results-revision/r1-internal-scaling/simple-gurobi-01pct/base-scaleflag2/resultados/caso20e_base.csv,/clusteruy/home/mathiasr/generator-aware-row-scaling/results-revision/r1-internal-scaling/simple-gurobi-01pct/base-scaleflag2/resultados/caso20e_base_postprocesado.csv,/clusteruy/home/mathiasr/generator-aware-row-scaling/results-revision/r1-internal-scaling/simple-gurobi-01pct/base-scaleflag2/logs/caso20e_base.log
caso20f.txt,base,OK,0,47.403432618,0.057067879309134,-261261941.41792977,-261101000.0,OPTIMAL,-261411038.06733885,7027.0,208932.0,0.27,14400.0,10800.0,35590.0,11904.0,9163.0,31849.0,17.333333333333332,15.157407407407407,10.51137960101152,4,Model contains large bounds | Model contains large matrix coefficients | Model contains large rhs | max constraint violation (1.9073e-06) exceeds tolerance,0.003,2000000000.0,0.005,2000.0,5.0,7000000000.0,1.0,10000000000.0,,,,,,,,,0.0,47.403432618,1.0,1.0,1.0,0.0,0.0,0.0,,,0.0,,,,765257.819204,,,54.524819,,0.004713,4.093063,54.524819,1.0,0.014811594553518,,,,,,,,BASE,BASE,,,,,,5.01980079982892e-09,1.45519152283669e-11,1.62054784595966e-07,2.98023223876953e-07,708106.617417154,5.30002119401517,31852471.8158225,334882257.290072,3.63797880709171e-12,0.0,1.9073486328125e-06,0.0,0.0,0.0,0.0,0.0,2.0,0.0,0.0,0.0,0.0,-261261941.41793,966.469300726836,0.0,334882257.290072,0.0,0.0,0.0,1137.0,0.0,1039.0,0.0,0.0,0.0,0.0,-261101097.642456,,,,,,BASE,0.0,0,/clusteruy/home/mathiasr/generator-aware-row-scaling/results-revision/r1-internal-scaling/simple-gurobi-01pct/base-scaleflag2/resultados/caso20f_base.csv,/clusteruy/home/mathiasr/generator-aware-row-scaling/results-revision/r1-internal-scaling/simple-gurobi-01pct/base-scaleflag2/resultados/caso20f_base_postprocesado.csv,/clusteruy/home/mathiasr/generator-aware-row-scaling/results-revision/r1-internal-scaling/simple-gurobi-01pct/base-scaleflag2/logs/caso20f_base.log
caso21a.txt,base,OK,0,2.018430161,0.007228526467547,-266478976.86843446,-266268000.0,OPTIMAL,-266498239.37180784,1.0,9852.0,0.25,14400.0,10800.0,35590.0,10779.0,8749.0,28573.0,25.145833333333332,18.99074074074074,19.71621241921888,4,Model contains large bounds | Model contains large matrix coefficients | Model contains large rhs | max constraint violation (1.0752e-06) exceeds tolerance,0.003,2000000000.0,0.003,3000.0,5.0,7000000000.0,1.0,10000000000.0,,,,,,,,,0.0,2.018430161,1.0,1.0,1.0,0.0,0.0,0.0,,,0.0,,,,6683296770256883.0,,,1.886657,,,,1.886657,1.0,0.212989864918323,,,,,,,,BASE,BASE,,,,,,6.2182710674443e-09,3.72529029846191e-09,2.00473004952073e-07,9.11997631192207e-07,829084.670141976,1.04738521151898,33643674.1422684,332662562.905521,1.45519152283669e-11,0.0,1.07521191239357e-06,0.0,0.0,0.0,0.0,0.0,1.0,0.0,0.0,0.0,0.0,-266478976.868434,2282.2610760142,0.0,332662562.905521,0.0,0.0,0.0,589.0,0.0,878.0,0.0,0.0,0.0,0.0,-266267823.369516,,,,,,BASE,0.0,0,/clusteruy/home/mathiasr/generator-aware-row-scaling/results-revision/r1-internal-scaling/simple-gurobi-01pct/base-scaleflag2/resultados/caso21a_base.csv,/clusteruy/home/mathiasr/generator-aware-row-scaling/results-revision/r1-internal-scaling/simple-gurobi-01pct/base-scaleflag2/resultados/caso21a_base_postprocesado.csv,/clusteruy/home/mathiasr/generator-aware-row-scaling/results-revision/r1-internal-scaling/simple-gurobi-01pct/base-scaleflag2/logs/caso21a_base.log
caso21b.txt,base,OK,0,1.97147816,0.012162693483193,-282321296.44836104,-281239000.0,OPTIMAL,-282355634.32228583,1.0,10345.0,0.25,14400.0,10800.0,35590.0,10779.0,8749.0,28573.0,25.145833333333332,18.99074074074074,19.71621241921888,3,Model contains large bounds | Model contains large matrix coefficients | Model contains large rhs,0.003,2000000000.0,0.003,3000.0,5.0,7000000000.0,1.0,10000000000.0,,,,,,,,,0.0,1.97147816,1.0,1.0,1.0,0.0,0.0,0.0,,,0.0,,,,323563.565557,,,1.899654,,,,1.899654,1.0,0.224133156652232,,,,,,,,BASE,BASE,,,,,,6.30585574631035e-09,7.45058059692383e-09,2.03978270292283e-07,7.41798430681229e-07,496237.94580979,1.15043943365263,23093489.3975517,59686593.3628237,1.4210854715202e-14,0.0,7.41798430681229e-07,0.0,0.0,0.0,0.0,0.0,0.0,0.0,0.0,0.0,0.0,-282321296.448361,2278.67993514489,0.0,59686593.3628237,0.0,0.0,0.0,761.0,0.0,889.0,0.0,0.0,0.0,0.0,-281239008.536479,,,,,,BASE,0.0,0,/clusteruy/home/mathiasr/generator-aware-row-scaling/results-revision/r1-internal-scaling/simple-gurobi-01pct/base-scaleflag2/resultados/caso21b_base.csv,/clusteruy/home/mathiasr/generator-aware-row-scaling/results-revision/r1-internal-scaling/simple-gurobi-01pct/base-scaleflag2/resultados/caso21b_base_postprocesado.csv,/clusteruy/home/mathiasr/generator-aware-row-scaling/results-revision/r1-internal-scaling/simple-gurobi-01pct/base-scaleflag2/logs/caso21b_base.log
caso21c.txt,base,OK,0,2.016905606,0.010318102198209,-274303163.3128224,-274092000.0,OPTIMAL,-274331466.19354594,1.0,9938.0,0.25,14400.0,10800.0,35590.0,10779.0,8749.0,28573.0,25.145833333333332,18.99074074074074,19.71621241921888,4,Model contains large bounds | Model contains large matrix coefficients | Model contains large rhs | max constraint violation (1.0752e-06) exceeds tolerance,0.003,2000000000.0,0.005,3000.0,5.0,7000000000.0,1.0,10000000000.0,,,,,,,,,0.0,2.016905606,1.0,1.0,1.0,0.0,0.0,0.0,,,0.0,,,,6683296341235583.0,,,1.854172,,,,1.854172,1.0,0.213923910691784,,,,,,,,BASE,BASE,,,,,,6.21828723796602e-09,3.72529029846191e-09,2.00473004952073e-07,9.11997631192207e-07,829084.670141976,1.04738521151898,33643674.1422684,332662562.905521,1.45519152283669e-11,0.0,1.07521191239357e-06,0.0,0.0,0.0,0.0,0.0,1.0,0.0,0.0,0.0,0.0,-274303163.312822,2282.2610760142,0.0,332662562.905521,0.0,0.0,0.0,589.0,0.0,878.0,0.0,0.0,0.0,0.0,-274092009.813904,,,,,,BASE,0.0,0,/clusteruy/home/mathiasr/generator-aware-row-scaling/results-revision/r1-internal-scaling/simple-gurobi-01pct/base-scaleflag2/resultados/caso21c_base.csv,/clusteruy/home/mathiasr/generator-aware-row-scaling/results-revision/r1-internal-scaling/simple-gurobi-01pct/base-scaleflag2/resultados/caso21c_base_postprocesado.csv,/clusteruy/home/mathiasr/generator-aware-row-scaling/results-revision/r1-internal-scaling/simple-gurobi-01pct/base-scaleflag2/logs/caso21c_base.log
caso21d.txt,base,OK,0,2.750425885,0.031977155862847,-235258086.85164392,-236833000.0,OPTIMAL,-235333315.69675642,1.0,11370.0,0.25,14400.0,10800.0,35590.0,10976.0,8743.0,28973.0,23.77777777777778,19.046296296296298,18.592301208204553,4,Model contains large bounds | Model contains large matrix coefficients | Model contains large rhs | max constraint violation (5.9572e-06) exceeds tolerance,0.003,2000000000.0,0.003,2000.0,5.0,7000000000.0,1.0,10000000000.0,,,,,,,,,0.0,2.750425885,1.0,1.0,1.0,0.0,0.0,0.0,,,0.0,,,,101876.980719,,,2.223595,,,,2.223595,1.0,0.875004913413234,,,,,,,,BASE,BASE,,,,,,3.23725991480274e-09,4.35262936804292e-14,9.31322574615479e-08,5.95720484852791e-06,1923099.89147077,5.49371418078082,49861555.354642,729196601.693688,7.15255737304688e-07,0.0,5.95720484852791e-06,0.0,0.0,0.0,0.0,0.0,2.0,0.0,0.0,0.0,0.0,-235258086.851644,1050.70673105691,0.0,729196601.693688,0.0,0.0,0.0,856.0,0.0,1001.0,0.0,0.0,0.0,0.0,-236833208.101287,,,,,,BASE,0.0,0,/clusteruy/home/mathiasr/generator-aware-row-scaling/results-revision/r1-internal-scaling/simple-gurobi-01pct/base-scaleflag2/resultados/caso21d_base.csv,/clusteruy/home/mathiasr/generator-aware-row-scaling/results-revision/r1-internal-scaling/simple-gurobi-01pct/base-scaleflag2/resultados/caso21d_base_postprocesado.csv,/clusteruy/home/mathiasr/generator-aware-row-scaling/results-revision/r1-internal-scaling/simple-gurobi-01pct/base-scaleflag2/logs/caso21d_base.log
caso21e.txt,base,OK,0,33.385840141,0.067331606376434,-250261375.77893478,-250523000.0,OPTIMAL,-250429880.7833865,2406.0,269550.0,0.25,14400.0,10800.0,35590.0,10976.0,8743.0,28973.0,23.77777777777778,19.046296296296298,18.592301208204553,4,Model contains large bounds | Model contains large matrix coefficients | Model contains large rhs | max constraint violation (1.4571e-06) exceeds tolerance,0.003,2000000000.0,0.003,2000.0,5.0,7000000000.0,1.0,10000000000.0,,,,,,,,,0.0,33.385840141,1.0,1.0,1.0,0.0,0.0,0.0,,,0.0,,,,268036.808033,,,34.292979,,0.007061,4.336429,34.292979,1.0,0.021177537403101,,,,,,,,BASE,BASE,,,,,,5.13123174956304e-09,2.3283064365387e-10,1.47148966789246e-07,4.76837158203125e-07,254807.610350233,3.84977847985974,6847238.66574158,398671564.940091,9.5367431640625e-07,0.0,1.39744952321053e-06,0.0,0.0,0.0,0.0,0.0,3.0,0.0,0.0,0.0,0.0,-250261375.778935,1924.14698908274,0.0,398671564.940091,0.0,0.0,0.0,1409.0,0.0,1007.0,0.0,0.0,0.0,0.0,-250522666.040888,,,,,,BASE,0.0,0,/clusteruy/home/mathiasr/generator-aware-row-scaling/results-revision/r1-internal-scaling/simple-gurobi-01pct/base-scaleflag2/resultados/caso21e_base.csv,/clusteruy/home/mathiasr/generator-aware-row-scaling/results-revision/r1-internal-scaling/simple-gurobi-01pct/base-scaleflag2/resultados/caso21e_base_postprocesado.csv,/clusteruy/home/mathiasr/generator-aware-row-scaling/results-revision/r1-internal-scaling/simple-gurobi-01pct/base-scaleflag2/logs/caso21e_base.log
caso21f.txt,base,OK,0,2.816697212,0.037278424926998,-242348278.32506162,-242567000.0,OPTIMAL,-242438621.9460589,1.0,12012.0,0.25,14400.0,10800.0,35590.0,10976.0,8743.0,28973.0,23.77777777777778,19.046296296296298,18.592301208204553,4,Model contains large bounds | Model contains large matrix coefficients | Model contains large rhs | max constraint violation (5.9572e-06) exceeds tolerance,0.003,2000000000.0,0.005,2000.0,5.0,7000000000.0,1.0,10000000000.0,,,,,,,,,0.0,2.816697212,1.0,1.0,1.0,0.0,0.0,0.0,,,0.0,,,,202531.184447,,,2.257634,,,,2.257634,1.0,0.879998291333787,,,,,,,,BASE,BASE,,,,,,3.55604644825232e-09,9.26370091746985e-13,9.50042158365252e-08,5.95720484852791e-06,1113155.51848607,5.42520081414227,32343604.2076939,396923471.58063,7.15255737304688e-07,0.0,5.95720484852791e-06,0.0,0.0,0.0,0.0,0.0,3.0,0.0,0.0,0.0,0.0,-242348278.325062,1050.70673105691,0.0,396923471.58063,0.0,0.0,0.0,963.0,0.0,1002.0,0.0,0.0,0.0,0.0,-242566640.931342,,,,,,BASE,0.0,0,/clusteruy/home/mathiasr/generator-aware-row-scaling/results-revision/r1-internal-scaling/simple-gurobi-01pct/base-scaleflag2/resultados/caso21f_base.csv,/clusteruy/home/mathiasr/generator-aware-row-scaling/results-revision/r1-internal-scaling/simple-gurobi-01pct/base-scaleflag2/resultados/caso21f_base_postprocesado.csv,/clusteruy/home/mathiasr/generator-aware-row-scaling/results-revision/r1-internal-scaling/simple-gurobi-01pct/base-scaleflag2/logs/caso21f_base.log
caso22a.txt,base,OK,0,1.741036057,0.006536858649999,-246377677.13872316,-250624000.0,OPTIMAL,-246393782.49922287,1.0,9277.0,0.24,14400.0,10800.0,35590.0,10764.0,8807.0,28458.0,25.25,18.453703703703702,20.039336892385503,4,Model contains large bounds | Model contains large matrix coefficients | Model contains large rhs | max constraint violation (6.9141e-06) exceeds tolerance,0.003,2000000000.0,0.003,3000.0,5.0,7000000000.0,1.0,10000000000.0,,,,,,,,,0.0,1.741036057,1.0,1.0,1.0,0.0,0.0,0.0,,,0.0,,,,739368443948553.4,,,1.555876,,,,1.555876,1.0,0.23699885372351,,,,,,,,BASE,BASE,,,,,,4.40748060746727e-09,8.52766746106651e-12,1.04787468444556e-07,2.04890966415405e-07,1762226.88270809,1.2185648281714,54343696.00902,728450389.696648,2.12949657907302e-11,0.0,6.91413879394531e-06,0.0,0.0,0.0,0.0,0.0,2.0,0.0,0.0,0.0,0.0,-246377677.138723,1236.08641907767,0.0,728450389.696648,0.0,0.0,0.0,456.0,0.0,821.0,0.0,0.0,0.0,0.0,-250624175.958707,,,,,,BASE,0.0,0,/clusteruy/home/mathiasr/generator-aware-row-scaling/results-revision/r1-internal-scaling/simple-gurobi-01pct/base-scaleflag2/resultados/caso22a_base.csv,/clusteruy/home/mathiasr/generator-aware-row-scaling/results-revision/r1-internal-scaling/simple-gurobi-01pct/base-scaleflag2/resultados/caso22a_base_postprocesado.csv,/clusteruy/home/mathiasr/generator-aware-row-scaling/results-revision/r1-internal-scaling/simple-gurobi-01pct/base-scaleflag2/logs/caso22a_base.log
caso22b.txt,base,OK,0,2.085865688,0.010887615828662,-261576418.9427612,-260778000.0,OPTIMAL,-261604898.37835407,1.0,10333.0,0.24,14400.0,10800.0,35590.0,10764.0,8807.0,28458.0,25.25,18.453703703703702,20.039336892385503,4,Model contains large bounds | Model contains large matrix coefficients | Model contains large rhs | max constraint violation (8.1063e-06) exceeds tolerance,0.003,2000000000.0,0.003,3000.0,5.0,7000000000.0,1.0,10000000000.0,,,,,,,,,0.0,2.085865688,1.0,1.0,1.0,0.0,0.0,0.0,,,0.0,,,,324157.51658,,,1.898019,,,,1.898019,1.0,0.223419679307082,,,,,,,,BASE,BASE,,,,,,7.31146183661406e-09,7.31233740225424e-09,2.28178687393665e-07,2.45869159698486e-07,380857.451374103,1.46191599156107,17781356.4059751,51328038.6704158,7.27595761418343e-12,0.0,8.00078851170838e-06,0.0,0.0,0.0,0.0,0.0,2.0,0.0,0.0,0.0,0.0,-261576418.942761,2830.50980783096,0.0,51328038.6704158,0.0,0.0,0.0,866.0,0.0,857.0,0.0,0.0,0.0,0.0,-260777829.352538,,,,,,BASE,0.0,0,/clusteruy/home/mathiasr/generator-aware-row-scaling/results-revision/r1-internal-scaling/simple-gurobi-01pct/base-scaleflag2/resultados/caso22b_base.csv,/clusteruy/home/mathiasr/generator-aware-row-scaling/results-revision/r1-internal-scaling/simple-gurobi-01pct/base-scaleflag2/resultados/caso22b_base_postprocesado.csv,/clusteruy/home/mathiasr/generator-aware-row-scaling/results-revision/r1-internal-scaling/simple-gurobi-01pct/base-scaleflag2/logs/caso22b_base.log
caso22c.txt,base,OK,0,1.725106966,0.009359451642266,-253687468.1981038,-256567000.0,OPTIMAL,-253711211.95401227,1.0,8857.0,0.24,14400.0,10800.0,35590.0,10764.0,8807.0,28458.0,25.25,18.453703703703702,20.039336892385503,4,Model contains large bounds | Model contains large matrix coefficients | Model contains large rhs | max constraint violation (5.6658e-06) exceeds tolerance,0.003,2000000000.0,0.005,3000.0,5.0,7000000000.0,1.0,10000000000.0,,,,,,,,,0.0,1.725106966,1.0,1.0,1.0,0.0,0.0,0.0,,,0.0,,,,29960.752701,,,1.554203,,,,1.554203,1.0,0.25031491361888,,,,,,,,BASE,BASE,,,,,,3.94264292323378e-09,7.27595761418343e-12,1.01547630038112e-07,2.30967998504639e-07,1443914.39597621,1.03975189453513,53534305.0231602,358420800.517226,6.66489086142974e-12,0.0,5.66570088267326e-06,0.0,0.0,0.0,0.0,0.0,1.0,0.0,0.0,0.0,0.0,-253687468.198104,1230.9627448017,0.0,358420800.517226,0.0,0.0,0.0,444.0,0.0,820.0,0.0,0.0,0.0,0.0,-256566949.139798,,,,,,BASE,0.0,0,/clusteruy/home/mathiasr/generator-aware-row-scaling/results-revision/r1-internal-scaling/simple-gurobi-01pct/base-scaleflag2/resultados/caso22c_base.csv,/clusteruy/home/mathiasr/generator-aware-row-scaling/results-revision/r1-internal-scaling/simple-gurobi-01pct/base-scaleflag2/resultados/caso22c_base_postprocesado.csv,/clusteruy/home/mathiasr/generator-aware-row-scaling/results-revision/r1-internal-scaling/simple-gurobi-01pct/base-scaleflag2/logs/caso22c_base.log
caso22d.txt,base,OK,0,2.171141342,0.07068657600355,-219108270.10286286,-225568000.0,OPTIMAL,-219263150.2367392,1.0,10515.0,0.25,14400.0,10800.0,35590.0,10978.0,8780.0,28879.0,23.76388888888889,18.703703703703702,18.85642034279292,4,Model contains large bounds | Model contains large matrix coefficients | Model contains large rhs | max constraint violation (2.2058e-06) exceeds tolerance,0.003,2000000000.0,0.003,2000.0,5.0,7000000000.0,1.0,10000000000.0,,,,,,,,,0.0,2.171141342,1.0,1.0,1.0,0.0,0.0,0.0,,,0.0,,,,31499.106622,,,1.927587,,,,1.927587,1.0,0.240843260851495,,,,,,,,BASE,BASE,,,,,,2.47259270101227e-09,4.6349035720538e-14,7.82310962677002e-08,2.04890966415405e-07,3808480.59397861,7.08379776910688,93258570.6782979,804752059.58072,8.59756710269721e-12,0.0,2.15554609894753e-06,0.0,0.0,0.0,0.0,0.0,1.0,0.0,0.0,0.0,0.0,-219108270.102863,2518.28590663905,0.0,804752059.58072,0.0,0.0,0.0,567.0,0.0,969.0,0.0,0.0,0.0,0.0,-225568195.403131,,,,,,BASE,0.0,0,/clusteruy/home/mathiasr/generator-aware-row-scaling/results-revision/r1-internal-scaling/simple-gurobi-01pct/base-scaleflag2/resultados/caso22d_base.csv,/clusteruy/home/mathiasr/generator-aware-row-scaling/results-revision/r1-internal-scaling/simple-gurobi-01pct/base-scaleflag2/resultados/caso22d_base_postprocesado.csv,/clusteruy/home/mathiasr/generator-aware-row-scaling/results-revision/r1-internal-scaling/simple-gurobi-01pct/base-scaleflag2/logs/caso22d_base.log
caso22e.txt,base,OK,0,2.523673524,0.086565377948199,-233659855.1377557,-233683000.0,OPTIMAL,-233862123.6744689,1.0,11236.0,0.25,14400.0,10800.0,35590.0,10978.0,8780.0,28879.0,23.76388888888889,18.703703703703702,18.85642034279292,5,Markowitz tolerance tightened to 0.03125 | Model contains large bounds | Model contains large matrix coefficients | Model contains large rhs | max constraint violation (9.7752e-06) exceeds tolerance,0.003,2000000000.0,0.003,2000.0,5.0,7000000000.0,1.0,10000000000.0,,,,,,,,,0.0,2.523673524,1.0,1.0,1.0,0.0,0.0,0.0,,,0.0,,,,433089.167641,,,2.067524,,,,2.067524,1.0,0.232050148583984,,,,,,,,BASE,BASE,,,,,,7.45231055030955e-09,1.39698386192322e-09,1.6741716535762e-07,2.57045030593872e-07,263324.690614432,8.78804419967426,12164149.3179787,35648282.2667244,7.27595761418343e-12,0.0,9.70310065895319e-06,0.0,0.0,0.0,0.0,0.0,6.0,0.0,0.0,0.0,0.0,-233659855.137756,1965.24931447659,0.0,35648282.2667244,0.0,0.0,0.0,1353.0,0.0,987.0,0.0,0.0,0.0,0.0,-233683116.01395,,,,,,BASE,0.0,0,/clusteruy/home/mathiasr/generator-aware-row-scaling/results-revision/r1-internal-scaling/simple-gurobi-01pct/base-scaleflag2/resultados/caso22e_base.csv,/clusteruy/home/mathiasr/generator-aware-row-scaling/results-revision/r1-internal-scaling/simple-gurobi-01pct/base-scaleflag2/resultados/caso22e_base_postprocesado.csv,/clusteruy/home/mathiasr/generator-aware-row-scaling/results-revision/r1-internal-scaling/simple-gurobi-01pct/base-scaleflag2/logs/caso22e_base.log
caso22f.txt,base,OK,0,2.165963256,0.082210130581485,-225694759.27079642,-226209000.0,OPTIMAL,-225880303.2271085,1.0,9870.0,0.25,14400.0,10800.0,35590.0,10978.0,8780.0,28879.0,23.76388888888889,18.703703703703702,18.85642034279292,4,Model contains large bounds | Model contains large matrix coefficients | Model contains large rhs | max constraint violation (4.9970e-06) exceeds tolerance,0.003,2000000000.0,0.005,2000.0,5.0,7000000000.0,1.0,10000000000.0,,,,,,,,,0.0,2.165963256,1.0,1.0,1.0,0.0,0.0,0.0,,,0.0,,,,30172.968233,,,1.706374,,,,1.706374,1.0,0.265176223390263,,,,,,,,BASE,BASE,,,,,,4.32376067734036e-09,4.65661287307739e-10,1.1621363228187e-07,2.45869159698486e-07,1126903.21074949,7.82124676625371,40460248.2757763,363655030.165253,3.63797880709171e-12,0.0,4.99701127409935e-06,0.0,0.0,0.0,0.0,0.0,3.0,0.0,0.0,0.0,0.0,-225694759.270796,2102.30760135877,0.0,363655030.165253,0.0,0.0,0.0,1036.0,0.0,968.0,0.0,0.0,0.0,0.0,-226208740.675625,,,,,,BASE,0.0,0,/clusteruy/home/mathiasr/generator-aware-row-scaling/results-revision/r1-internal-scaling/simple-gurobi-01pct/base-scaleflag2/resultados/caso22f_base.csv,/clusteruy/home/mathiasr/generator-aware-row-scaling/results-revision/r1-internal-scaling/simple-gurobi-01pct/base-scaleflag2/resultados/caso22f_base_postprocesado.csv,/clusteruy/home/mathiasr/generator-aware-row-scaling/results-revision/r1-internal-scaling/simple-gurobi-01pct/base-scaleflag2/logs/caso22f_base.log
caso23a.txt,base,OK,0,15.156077495,0.000564909431887,-272266412.95065725,-281048000.0,OPTIMAL,-272267951.00930387,971.0,75214.0,0.24,14400.0,10800.0,35590.0,10600.0,8574.0,28687.0,26.38888888888889,20.61111111111111,19.3958977240798,4,Markowitz tolerance tightened to 0.03125 | Model contains large bounds | Model contains large matrix coefficients | Model contains large rhs,0.003,2000000000.0,0.003,3000.0,5.0,7000000000.0,1.0,10000000000.0,,,,,,,,,0.0,15.156077495,1.0,1.0,1.0,0.0,0.0,0.0,,,0.0,,,,139970.960254,,,13.492788,,0.236611,4.814507,13.492788,1.0,0.243838051547491,,,,,,,,BASE,BASE,,,,,,5.29620070875257e-09,1.13686837721616e-13,1.55885936692357e-07,8.90577211976051e-07,2656418.39456193,1.19667218214978,60764138.3470627,848672641.856526,1.81898940354586e-12,0.0,8.90577211976051e-07,4.40365801210757e-09,0.0,0.0,0.0,0.0,0.0,0.0,0.0,0.0,0.0,-272266412.950657,132.272310402721,0.0,848672641.856526,4.40365801210757e-09,0.0,0.0,207.0,0.0,854.0,0.0,0.0,0.0,0.0,-281047962.131648,,,,,,BASE,0.0,0,/clusteruy/home/mathiasr/generator-aware-row-scaling/results-revision/r1-internal-scaling/simple-gurobi-01pct/base-scaleflag2/resultados/caso23a_base.csv,/clusteruy/home/mathiasr/generator-aware-row-scaling/results-revision/r1-internal-scaling/simple-gurobi-01pct/base-scaleflag2/resultados/caso23a_base_postprocesado.csv,/clusteruy/home/mathiasr/generator-aware-row-scaling/results-revision/r1-internal-scaling/simple-gurobi-01pct/base-scaleflag2/logs/caso23a_base.log
caso23b.txt,base,OK,0,6.104757145,0.00784055061142,-286234251.1407134,-284855000.0,OPTIMAL,-286256693.4820413,1.0,11939.0,0.24,14400.0,10800.0,35590.0,10600.0,8574.0,28687.0,26.38888888888889,20.61111111111111,19.3958977240798,4,Model contains large bounds | Model contains large matrix coefficients | Model contains large rhs | max constraint violation (1.1101e-06) exceeds tolerance,0.003,2000000000.0,0.003,3000.0,5.0,7000000000.0,1.0,10000000000.0,,,,,,,,,0.0,6.104757145,1.0,1.0,1.0,0.0,0.0,0.0,,,0.0,,,,32959.724786,,,4.279065,,0.187535,5.130208,4.279065,1.0,0.220671306196304,,,,,,,,BASE,BASE,,,,,,6.11354842313995e-09,3.72529029846191e-09,1.79524067789316e-07,1.11013650894165e-06,554367.759681464,1.03037692287513,24588476.5835153,63283179.5209963,1.81898940354586e-12,0.0,1.11013650894165e-06,0.0,0.0,0.0,0.0,0.0,2.0,0.0,0.0,0.0,0.0,-286234251.140713,1635.09707373366,0.0,63283179.5209963,0.0,0.0,0.0,713.0,0.0,892.0,0.0,0.0,0.0,0.0,-284854877.428942,,,,,,BASE,0.0,0,/clusteruy/home/mathiasr/generator-aware-row-scaling/results-revision/r1-internal-scaling/simple-gurobi-01pct/base-scaleflag2/resultados/caso23b_base.csv,/clusteruy/home/mathiasr/generator-aware-row-scaling/results-revision/r1-internal-scaling/simple-gurobi-01pct/base-scaleflag2/resultados/caso23b_base_postprocesado.csv,/clusteruy/home/mathiasr/generator-aware-row-scaling/results-revision/r1-internal-scaling/simple-gurobi-01pct/base-scaleflag2/logs/caso23b_base.log
caso23c.txt,base,OK,0,18.322224153,0.000940543447023,-278860000.8798806,-285811000.0,OPTIMAL,-278862623.67934525,2360.0,131125.0,0.25,14400.0,10800.0,35590.0,10600.0,8574.0,28687.0,26.38888888888889,20.61111111111111,19.3958977240798,4,Model contains large bounds | Model contains large matrix coefficients | Model contains large rhs | max constraint violation (1.1157e-06) exceeds tolerance,0.003,2000000000.0,0.005,3000.0,5.0,7000000000.0,1.0,10000000000.0,,,,,,,,,0.0,18.322224153,1.0,1.0,1.0,0.0,0.0,0.0,,,0.0,,,,247235.722811,,,16.548039,,0.209416,5.96904,16.548039,1.0,0.188617517239578,,,,,,,,BASE,BASE,,,,,,5.80194973581973e-09,7.27595761418343e-12,1.76030334841926e-07,1.11572444438934e-06,1672917.93517864,1.07117384764506,53583077.306097,848609388.51553,3.41060513164848e-13,0.0,1.11572444438934e-06,0.0,0.0,0.0,0.0,0.0,1.0,0.0,0.0,0.0,0.0,-278860000.879881,156.077361823164,0.0,848609388.51553,0.0,0.0,0.0,197.0,0.0,858.0,0.0,0.0,0.0,0.0,-285810690.646376,,,,,,BASE,0.0,0,/clusteruy/home/mathiasr/generator-aware-row-scaling/results-revision/r1-internal-scaling/simple-gurobi-01pct/base-scaleflag2/resultados/caso23c_base.csv,/clusteruy/home/mathiasr/generator-aware-row-scaling/results-revision/r1-internal-scaling/simple-gurobi-01pct/base-scaleflag2/resultados/caso23c_base_postprocesado.csv,/clusteruy/home/mathiasr/generator-aware-row-scaling/results-revision/r1-internal-scaling/simple-gurobi-01pct/base-scaleflag2/logs/caso23c_base.log
caso23d.txt,base,OK,0,5.294757185,0.006576267248867,-235049010.6540724,-238298000.0,OPTIMAL,-235064468.10517883,1.0,11526.0,0.25,14400.0,10800.0,35590.0,10758.0,8490.0,28989.0,25.291666666666668,21.38888888888889,18.547344759763977,4,Model contains large bounds | Model contains large matrix coefficients | Model contains large rhs | max constraint violation (1.8086e-06) exceeds tolerance,0.003,2000000000.0,0.003,2000.0,5.0,7000000000.0,1.0,10000000000.0,,,,,,,,,0.0,5.294757185,1.0,1.0,1.0,0.0,0.0,0.0,,,0.0,,,,546210.546665,,,3.720582,,0.918601,4.182981,3.720582,1.0,0.8750939092348,,,,,,,,BASE,BASE,,,,,,4.50449101119623e-09,4.04121180963557e-14,1.34110450744629e-07,1.80862843990326e-06,3187109.58793071,6.06580471432541,94884254.1380524,821424283.377363,8.20438742721308e-07,0.0,1.80862843990326e-06,0.0,0.0,0.0,0.0,0.0,3.0,0.0,0.0,0.0,0.0,-235049010.654073,1362.58089477805,0.0,821424283.377363,0.0,0.0,0.0,260.0,0.0,993.0,0.0,0.0,0.0,0.0,-238298335.351402,,,,,,BASE,0.0,0,/clusteruy/home/mathiasr/generator-aware-row-scaling/results-revision/r1-internal-scaling/simple-gurobi-01pct/base-scaleflag2/resultados/caso23d_base.csv,/clusteruy/home/mathiasr/generator-aware-row-scaling/results-revision/r1-internal-scaling/simple-gurobi-01pct/base-scaleflag2/resultados/caso23d_base_postprocesado.csv,/clusteruy/home/mathiasr/generator-aware-row-scaling/results-revision/r1-internal-scaling/simple-gurobi-01pct/base-scaleflag2/logs/caso23d_base.log
caso23e.txt,base,OK,0,6.291838994,0.0,-143397170.90790913,-139821000.0,OPTIMAL,-143397170.90790913,1.0,13415.0,0.25,14400.0,10800.0,35590.0,10758.0,8490.0,28989.0,25.291666666666668,21.38888888888889,18.547344759763977,3,Model contains large bounds | Model contains large matrix coefficients | Model contains large rhs,0.003,2000000000.0,0.003,2000.0,5.0,7000000000.0,1.0,10000000000.0,,,,,,,,,0.0,6.291838994,1.0,1.0,1.0,0.0,0.0,0.0,,,0.0,,,,985924.871536,,,4.698896,,0.736388,6.000266,4.698896,1.0,0.738398464129525,,,,,,,,BASE,BASE,,,,,,1.01808275524335e-09,0.0,1.86264514923096e-09,7.31553882360458e-07,184018.899024678,1.43305104887514,8210052.67386232,12417211.7699241,1.81898940354586e-12,0.0,7.31553882360458e-07,0.0,0.0,0.0,0.0,0.0,0.0,0.0,0.0,0.0,0.0,-143397170.907909,423.484792815423,0.0,12417211.7699241,0.0,0.0,0.0,116.0,0.0,722.0,0.0,0.0,0.0,0.0,-139820878.089497,,,,,,BASE,0.0,0,/clusteruy/home/mathiasr/generator-aware-row-scaling/results-revision/r1-internal-scaling/simple-gurobi-01pct/base-scaleflag2/resultados/caso23e_base.csv,/clusteruy/home/mathiasr/generator-aware-row-scaling/results-revision/r1-internal-scaling/simple-gurobi-01pct/base-scaleflag2/resultados/caso23e_base_postprocesado.csv,/clusteruy/home/mathiasr/generator-aware-row-scaling/results-revision/r1-internal-scaling/simple-gurobi-01pct/base-scaleflag2/logs/caso23e_base.log
caso23f.txt,base,OK,0,59.583593499,0.024923294710714,-241204450.99065363,-241569000.0,OPTIMAL,-241264567.0868294,4125.0,559081.0,0.25,14400.0,10800.0,35590.0,10758.0,8490.0,28989.0,25.291666666666668,21.38888888888889,18.547344759763977,3,Model contains large bounds | Model contains large matrix coefficients | Model contains large rhs,0.003,2000000000.0,0.005,2000.0,5.0,7000000000.0,1.0,10000000000.0,,,,,,,,,0.0,59.583593499,1.0,1.0,1.0,0.0,0.0,0.0,,,0.0,,,,175730.33294,,,65.751646,,0.815265,5.337198,65.751646,1.0,0.127538574901766,,,,,,,,BASE,BASE,,,,,,4.59048766225832e-09,2.72848410531878e-12,1.41561031341553e-07,4.66592609882355e-07,1102521.70156434,2.97368396816789,48549721.2610428,733624146.333,9.5367431640625e-07,0.0,5.24334609508514e-07,0.0,0.0,9.99200722162641e-16,0.0,0.0,0.0,0.0,0.0,0.0,0.0,-241204450.990654,809.227432165892,0.0,733624146.333,0.0,0.0,9.99200722162641e-16,357.0,0.0,984.0,0.0,0.0,0.0,0.0,-241569026.234641,,,,,,BASE,0.0,0,/clusteruy/home/mathiasr/generator-aware-row-scaling/results-revision/r1-internal-scaling/simple-gurobi-01pct/base-scaleflag2/resultados/caso23f_base.csv,/clusteruy/home/mathiasr/generator-aware-row-scaling/results-revision/r1-internal-scaling/simple-gurobi-01pct/base-scaleflag2/resultados/caso23f_base_postprocesado.csv,/clusteruy/home/mathiasr/generator-aware-row-scaling/results-revision/r1-internal-scaling/simple-gurobi-01pct/base-scaleflag2/logs/caso23f_base.log
caso24a.txt,base,OK,0,2.038884064,0.062408037464063,-334316196.49120486,-342124000.0,OPTIMAL,-334524836.6683595,1.0,9930.0,0.24,14400.0,10800.0,35590.0,10839.0,8720.0,28750.0,24.729166666666668,19.25925925925926,19.21888170834504,4,Model contains large bounds | Model contains large matrix coefficients | Model contains large rhs | max constraint violation (5.5195e-06) exceeds tolerance,0.003,2000000000.0,0.003,3000.0,5.0,7000000000.0,1.0,10000000000.0,,,,,,,,,0.0,2.038884064,1.0,1.0,1.0,0.0,0.0,0.0,,,0.0,,,,149224.440262,,,2.063527,,,,2.063527,1.0,0.206274002996997,,,,,,,,BASE,BASE,,,,,,3.62193760414339e-09,2.85105272723727e-14,8.7544322013855e-08,5.29270619153976e-06,3564847.70800966,4.40961784361502,99815767.0884962,821918990.545476,8.5265128291212e-14,0.0,5.51948323845863e-06,0.0,0.0,0.0,0.0,0.0,2.0,0.0,0.0,0.0,0.0,-334316196.491205,2250.1069063992,0.0,821918990.545476,0.0,0.0,0.0,431.0,0.0,944.0,0.0,0.0,0.0,0.0,-342124398.845958,,,,,,BASE,0.0,0,/clusteruy/home/mathiasr/generator-aware-row-scaling/results-revision/r1-internal-scaling/simple-gurobi-01pct/base-scaleflag2/resultados/caso24a_base.csv,/clusteruy/home/mathiasr/generator-aware-row-scaling/results-revision/r1-internal-scaling/simple-gurobi-01pct/base-scaleflag2/resultados/caso24a_base_postprocesado.csv,/clusteruy/home/mathiasr/generator-aware-row-scaling/results-revision/r1-internal-scaling/simple-gurobi-01pct/base-scaleflag2/logs/caso24a_base.log
caso24b.txt,base,OK,0,2.048813623,0.071696760862688,-346968974.543967,-346576000.0,OPTIMAL,-347217740.0599135,1.0,10795.0,0.24,14400.0,10800.0,35590.0,10839.0,8720.0,28750.0,24.729166666666668,19.25925925925926,19.21888170834504,4,Model contains large bounds | Model contains large matrix coefficients | Model contains large rhs | max constraint violation (4.8159e-06) exceeds tolerance,0.003,2000000000.0,0.003,3000.0,5.0,7000000000.0,1.0,10000000000.0,,,,,,,,,0.0,2.048813623,1.0,1.0,1.0,0.0,0.0,0.0,,,0.0,,,,445293.059388,,,2.005259,,,,2.005259,1.0,0.22393153401841,,,,,,,,BASE,BASE,,,,,,3.59585750515875e-09,9.36495325731784e-12,9.31322574615479e-08,4.81586903333664e-06,485460.609774349,1.85730879761949,21359327.5557663,245868529.256225,1.93836058315355e-11,0.0,4.81586903333664e-06,0.0,0.0,0.0,0.0,0.0,1.0,0.0,0.0,0.0,0.0,-346968974.543967,2313.19661338445,0.0,245868529.256225,0.0,0.0,0.0,983.0,0.0,958.0,0.0,0.0,0.0,0.0,-346575547.160119,,,,,,BASE,0.0,0,/clusteruy/home/mathiasr/generator-aware-row-scaling/results-revision/r1-internal-scaling/simple-gurobi-01pct/base-scaleflag2/resultados/caso24b_base.csv,/clusteruy/home/mathiasr/generator-aware-row-scaling/results-revision/r1-internal-scaling/simple-gurobi-01pct/base-scaleflag2/resultados/caso24b_base_postprocesado.csv,/clusteruy/home/mathiasr/generator-aware-row-scaling/results-revision/r1-internal-scaling/simple-gurobi-01pct/base-scaleflag2/logs/caso24b_base.log
caso24c.txt,base,OK,0,2.290160646,0.003371335373389,-340229761.71380985,-339569000.0,OPTIMAL,-340241232.0001173,1.0,10185.0,0.24,14400.0,10800.0,35590.0,10839.0,8720.0,28750.0,24.729166666666668,19.25925925925926,19.21888170834504,3,Model contains large bounds | Model contains large matrix coefficients | Model contains large rhs,0.003,2000000000.0,0.005,3000.0,5.0,7000000000.0,1.0,10000000000.0,,,,,,,,,0.0,2.290160646,1.0,1.0,1.0,0.0,0.0,0.0,,,0.0,,,,49970.651596,,,1.917659,,,,1.917659,1.0,0.857870765110079,,,,,,,,BASE,BASE,,,,,,4.78197595121722e-09,5.82076609134674e-11,1.51459826156497e-07,7.13393092155457e-07,1521350.05279872,1.59505409103407,57559006.4183631,368895079.665667,1.81898940354586e-12,0.0,7.13393092155457e-07,0.0,0.0,0.0,0.0,0.0,0.0,0.0,0.0,0.0,0.0,-340229761.71381,994.427187635418,0.0,368895079.665667,0.0,0.0,0.0,461.0,0.0,942.0,0.0,0.0,0.0,0.0,-339568653.457889,,,,,,BASE,0.0,0,/clusteruy/home/mathiasr/generator-aware-row-scaling/results-revision/r1-internal-scaling/simple-gurobi-01pct/base-scaleflag2/resultados/caso24c_base.csv,/clusteruy/home/mathiasr/generator-aware-row-scaling/results-revision/r1-internal-scaling/simple-gurobi-01pct/base-scaleflag2/resultados/caso24c_base_postprocesado.csv,/clusteruy/home/mathiasr/generator-aware-row-scaling/results-revision/r1-internal-scaling/simple-gurobi-01pct/base-scaleflag2/logs/caso24c_base.log
caso24d.txt,base,OK,0,8.42216484,0.007422913138703,-274605019.4787324,-278450000.0,OPTIMAL,-274625403.17080283,1586.0,108976.0,0.24,14400.0,10800.0,35590.0,10829.0,8518.0,28676.0,24.79861111111111,21.12962962962963,19.42680528238269,4,Model contains large bounds | Model contains large matrix coefficients | Model contains large rhs | max constraint violation (1.6168e-06) exceeds tolerance,0.003,2000000000.0,0.003,2000.0,5.0,7000000000.0,1.0,10000000000.0,,,,,,,,,0.0,8.42216484,1.0,1.0,1.0,0.0,0.0,0.0,,,0.0,,,,119227.557169,,,8.877686,,0.004484,3.262484,8.877686,1.0,0.055468381580483,,,,,,,,BASE,BASE,,,,,,3.25216110352689e-09,1.13686837721616e-13,1.00582838058472e-07,1.61037314683199e-06,2486171.11315097,5.53371505658076,44764543.2440883,871296102.150831,2.5465851649642e-11,0.0,1.61677598953247e-06,0.0,0.0,0.0,0.0,0.0,2.0,0.0,0.0,0.0,0.0,-274605019.478732,642.29212706133,0.0,871296102.150831,0.0,0.0,0.0,206.0,0.0,1030.0,0.0,0.0,0.0,0.0,-278449804.160315,,,,,,BASE,0.0,0,/clusteruy/home/mathiasr/generator-aware-row-scaling/results-revision/r1-internal-scaling/simple-gurobi-01pct/base-scaleflag2/resultados/caso24d_base.csv,/clusteruy/home/mathiasr/generator-aware-row-scaling/results-revision/r1-internal-scaling/simple-gurobi-01pct/base-scaleflag2/resultados/caso24d_base_postprocesado.csv,/clusteruy/home/mathiasr/generator-aware-row-scaling/results-revision/r1-internal-scaling/simple-gurobi-01pct/base-scaleflag2/logs/caso24d_base.log
caso24e.txt,base,OK,0,79.471405389,0.096396188110815,-287782634.95367074,-292737000.0,OPTIMAL,-288060046.44381094,12511.0,1207723.0,0.25,14400.0,10800.0,35590.0,10829.0,8518.0,28676.0,24.79861111111111,21.12962962962963,19.42680528238269,4,Model contains large bounds | Model contains large matrix coefficients | Model contains large rhs | max constraint violation (4.2351e-06) exceeds tolerance,0.003,2000000000.0,0.003,2000.0,5.0,7000000000.0,1.0,10000000000.0,,,,,,,,,0.0,79.471405389,1.0,1.0,1.0,0.0,0.0,0.0,,,0.0,,,,287156.795638,,,93.089712,,0.003793,6.791684,93.089712,1.0,0.035259993365119,,,,,,,,BASE,BASE,,,,,,3.54246432709485e-09,4.54747350886464e-13,1.04787759482861e-07,4.23513120040298e-06,1003473.17848767,7.21014067557233,25919388.8284849,838965634.360657,2.91038304567337e-11,0.0,4.23513120040298e-06,0.0,0.0,0.0,0.0,0.0,2.0,0.0,0.0,0.0,0.0,-287782634.953671,645.071409307377,0.0,838965634.360657,0.0,0.0,0.0,583.0,0.0,1031.0,0.0,0.0,0.0,0.0,-292736952.387057,,,,,,BASE,0.0,0,/clusteruy/home/mathiasr/generator-aware-row-scaling/results-revision/r1-internal-scaling/simple-gurobi-01pct/base-scaleflag2/resultados/caso24e_base.csv,/clusteruy/home/mathiasr/generator-aware-row-scaling/results-revision/r1-internal-scaling/simple-gurobi-01pct/base-scaleflag2/resultados/caso24e_base_postprocesado.csv,/clusteruy/home/mathiasr/generator-aware-row-scaling/results-revision/r1-internal-scaling/simple-gurobi-01pct/base-scaleflag2/logs/caso24e_base.log
caso24f.txt,base,OK,0,7.454166719,0.008182005794531,-280993317.61891836,-284411000.0,OPTIMAL,-281016308.5084482,2217.0,73359.0,0.24,14400.0,10800.0,35590.0,10829.0,8518.0,28676.0,24.79861111111111,21.12962962962963,19.42680528238269,4,Model contains large bounds | Model contains large matrix coefficients | Model contains large rhs | max constraint violation (3.7582e-06) exceeds tolerance,0.003,2000000000.0,0.005,2000.0,5.0,7000000000.0,1.0,10000000000.0,,,,,,,,,0.0,7.454166719,1.0,1.0,1.0,0.0,0.0,0.0,,,0.0,,,,117698.811833,,,7.471059,,0.004383,3.464891,7.471059,1.0,0.062639022303508,,,,,,,,BASE,BASE,,,,,,3.25293367133655e-09,4.54747350886464e-13,9.87201929092407e-08,3.75823583453894e-06,2088611.24523207,4.82075638610699,42761826.9159963,869087750.501557,2.5465851649642e-11,0.0,3.75823583453894e-06,0.0,0.0,0.0,0.0,0.0,1.0,0.0,0.0,0.0,0.0,-280993317.618918,622.281294889799,0.0,869087750.501557,0.0,0.0,0.0,213.0,0.0,1028.0,0.0,0.0,0.0,0.0,-284410906.9203,,,,,,BASE,0.0,0,/clusteruy/home/mathiasr/generator-aware-row-scaling/results-revision/r1-internal-scaling/simple-gurobi-01pct/base-scaleflag2/resultados/caso24f_base.csv,/clusteruy/home/mathiasr/generator-aware-row-scaling/results-revision/r1-internal-scaling/simple-gurobi-01pct/base-scaleflag2/resultados/caso24f_base_postprocesado.csv,/clusteruy/home/mathiasr/generator-aware-row-scaling/results-revision/r1-internal-scaling/simple-gurobi-01pct/base-scaleflag2/logs/caso24f_base.log
caso25a.txt,base,OK,0,1.540807145,0.001479469379972,-139461269.4028319,-239318000.0,OPTIMAL,-139463332.68960965,1.0,6851.0,0.23,14400.0,10800.0,35590.0,10171.0,8721.0,27486.0,29.368055555555557,19.25,22.770441135150325,4,Model contains large bounds | Model contains large matrix coefficients | Model contains large rhs | max constraint violation (1.7791e-06) exceeds tolerance,0.002,2000000000.0,0.003,3000.0,5.0,5000000000.0,1.0,10000000000.0,,,,,,,,,0.0,1.540807145,1.0,1.0,1.0,0.0,0.0,0.0,,,0.0,,,,64151.486983,,,1.325218,,,,1.325218,1.0,0.799938122572115,,,,,,,,BASE,BASE,,,,,,2.41315892087099e-09,3.13082892944262e-15,5.58793544769287e-08,3.42261046171188e-07,9748222.66608135,57.0345210045852,734663943.054216,823626601.355826,4.76837158203125e-07,0.0,1.77882611751556e-06,1.68810382419162e-09,0.0,0.0,0.0,0.0,1.0,0.0,0.0,0.0,0.0,-139461269.402832,1089.16775855804,0.0,823626601.355826,1.68810382419162e-09,0.0,0.0,556.0,0.0,770.0,0.0,0.0,0.0,0.0,-239318066.009296,,,,,,BASE,0.0,0,/clusteruy/home/mathiasr/generator-aware-row-scaling/results-revision/r1-internal-scaling/simple-gurobi-01pct/base-scaleflag2/resultados/caso25a_base.csv,/clusteruy/home/mathiasr/generator-aware-row-scaling/results-revision/r1-internal-scaling/simple-gurobi-01pct/base-scaleflag2/resultados/caso25a_base_postprocesado.csv,/clusteruy/home/mathiasr/generator-aware-row-scaling/results-revision/r1-internal-scaling/simple-gurobi-01pct/base-scaleflag2/logs/caso25a_base.log
caso25b.txt,base,OK,0,1.538057808,0.011564081514231,-149554210.87535864,-149677000.0,OPTIMAL,-149571505.44621223,1.0,8694.0,0.23,14400.0,10800.0,35590.0,10171.0,8721.0,27486.0,29.368055555555557,19.25,22.770441135150325,4,Model contains large bounds | Model contains large matrix coefficients | Model contains large rhs | max constraint violation (1.1424e-06) exceeds tolerance,0.002,2000000000.0,0.003,3000.0,5.0,5000000000.0,1.0,10000000000.0,,,,,,,,,0.0,1.538057808,1.0,1.0,1.0,0.0,0.0,0.0,,,0.0,,,,36575.213842,,,1.540388,,,,1.540388,1.0,0.31380993605596,,,,,,,,BASE,BASE,,,,,,6.31798523470322e-09,5.58793544769287e-09,2.37261410802603e-07,1.14244903670624e-06,158409.396661755,0.991789594216927,4901720.4591485,29065698.7133334,2.8421709430404e-14,0.0,1.14244903670624e-06,0.0,0.0,0.0,0.0,0.0,2.0,0.0,0.0,0.0,0.0,-149554210.875359,1500.33672246952,0.0,29065698.7133334,0.0,0.0,0.0,883.0,0.0,776.0,0.0,0.0,0.0,0.0,-149677225.950997,,,,,,BASE,0.0,0,/clusteruy/home/mathiasr/generator-aware-row-scaling/results-revision/r1-internal-scaling/simple-gurobi-01pct/base-scaleflag2/resultados/caso25b_base.csv,/clusteruy/home/mathiasr/generator-aware-row-scaling/results-revision/r1-internal-scaling/simple-gurobi-01pct/base-scaleflag2/resultados/caso25b_base_postprocesado.csv,/clusteruy/home/mathiasr/generator-aware-row-scaling/results-revision/r1-internal-scaling/simple-gurobi-01pct/base-scaleflag2/logs/caso25b_base.log
caso25c.txt,base,OK,0,1.52965041,0.009353514644248,-143316649.16057998,-143235000.0,OPTIMAL,-143330054.30434686,1.0,7757.0,0.23,14400.0,10800.0,35590.0,10171.0,8721.0,27486.0,29.368055555555557,19.25,22.770441135150325,4,Model contains large bounds | Model contains large matrix coefficients | Model contains large rhs | max constraint violation (9.5954e-06) exceeds tolerance,0.002,2000000000.0,0.005,3000.0,5.0,5000000000.0,1.0,10000000000.0,,,,,,,,,0.0,1.52965041,1.0,1.0,1.0,0.0,0.0,0.0,,,0.0,,,,33962.609955,,,1.384104,,,,1.384104,1.0,0.333891423199409,,,,,,,,BASE,BASE,,,,,,8.64043870540318e-09,5.58793544769287e-09,2.27335040108302e-07,9.66945663094521e-07,261844.122547034,0.516473737949084,8445939.38076283,57393928.0432483,9.09494701772928e-13,0.0,9.5955329015851e-06,0.0,0.0,0.0,0.0,0.0,8.0,0.0,0.0,0.0,0.0,-143316649.16058,761.441224292819,0.0,57393928.0432483,0.0,0.0,0.0,675.0,0.0,746.0,0.0,0.0,0.0,0.0,-143234586.7207,,,,,,BASE,0.0,0,/clusteruy/home/mathiasr/generator-aware-row-scaling/results-revision/r1-internal-scaling/simple-gurobi-01pct/base-scaleflag2/resultados/caso25c_base.csv,/clusteruy/home/mathiasr/generator-aware-row-scaling/results-revision/r1-internal-scaling/simple-gurobi-01pct/base-scaleflag2/resultados/caso25c_base_postprocesado.csv,/clusteruy/home/mathiasr/generator-aware-row-scaling/results-revision/r1-internal-scaling/simple-gurobi-01pct/base-scaleflag2/logs/caso25c_base.log
caso25d.txt,base,OK,0,1.813961395,0.073469699648038,-138121854.1783226,-179197000.0,OPTIMAL,-138223331.88973573,1.0,7925.0,0.23,14400.0,10800.0,35590.0,10648.0,8683.0,28440.0,26.055555555555557,19.60185185185185,20.089912896881145,3,Model contains large bounds | Model contains large matrix coefficients | Model contains large rhs,0.002,2000000000.0,0.003,2000.0,5.0,5000000000.0,1.0,10000000000.0,,,,,,,,,0.0,1.813961395,1.0,1.0,1.0,0.0,0.0,0.0,,,0.0,,,,187431.28655,,,1.5909,,0.002188,1.555116,1.5909,1.0,0.273777431207997,,,,,,,,BASE,BASE,,,,,,1.30686625630628e-09,2.8421709430404e-14,4.14578244090083e-08,4.13041561841965e-07,11571246.0045329,58.1607094345765,743074652.655646,851991097.161923,6.15546014159918e-09,0.0,4.39584255218506e-07,0.0,0.0,0.0,0.0,0.0,0.0,0.0,0.0,0.0,0.0,-138121854.178323,2030.27750128138,0.0,851991097.161923,0.0,0.0,0.0,379.0,0.0,849.0,0.0,0.0,0.0,0.0,-179197450.004999,,,,,,BASE,0.0,0,/clusteruy/home/mathiasr/generator-aware-row-scaling/results-revision/r1-internal-scaling/simple-gurobi-01pct/base-scaleflag2/resultados/caso25d_base.csv,/clusteruy/home/mathiasr/generator-aware-row-scaling/results-revision/r1-internal-scaling/simple-gurobi-01pct/base-scaleflag2/resultados/caso25d_base_postprocesado.csv,/clusteruy/home/mathiasr/generator-aware-row-scaling/results-revision/r1-internal-scaling/simple-gurobi-01pct/base-scaleflag2/logs/caso25d_base.log
caso25e.txt,base,OK,0,23.742188967,0.00514065857923,-147701804.99618757,-147620000.0,OPTIMAL,-147709397.84169778,4088.0,166372.0,0.23,14400.0,10800.0,35590.0,10648.0,8683.0,28440.0,26.055555555555557,19.60185185185185,20.089912896881145,4,Model contains large bounds | Model contains large matrix coefficients | Model contains large rhs | max constraint violation (1.0957e-06) exceeds tolerance,0.002,2000000000.0,0.003,2000.0,5.0,5000000000.0,1.0,10000000000.0,,,,,,,,,0.0,23.742188967,1.0,1.0,1.0,0.0,0.0,0.0,,,0.0,,,,1162452.456203,,,24.07564,,0.001986,3.377927,24.07564,1.0,0.029178032444273,,,,,,,,BASE,BASE,,,,,,6.03163948614556e-09,1.17637682706117e-08,2.00598733499647e-07,1.09570100903511e-06,200268.233311686,1.12503639812806,4178170.28790228,38769625.3492691,9.22931770657397e-09,0.0,1.09570100903511e-06,3.97079168320437e-10,0.0,0.0,0.0,0.0,1.0,0.0,0.0,0.0,0.0,-147701804.996188,647.5504428815,0.0,38769625.3492691,3.97079168320437e-10,0.0,0.0,701.0,0.0,854.0,0.0,0.0,0.0,0.0,-147620028.993744,,,,,,BASE,0.0,0,/clusteruy/home/mathiasr/generator-aware-row-scaling/results-revision/r1-internal-scaling/simple-gurobi-01pct/base-scaleflag2/resultados/caso25e_base.csv,/clusteruy/home/mathiasr/generator-aware-row-scaling/results-revision/r1-internal-scaling/simple-gurobi-01pct/base-scaleflag2/resultados/caso25e_base_postprocesado.csv,/clusteruy/home/mathiasr/generator-aware-row-scaling/results-revision/r1-internal-scaling/simple-gurobi-01pct/base-scaleflag2/logs/caso25e_base.log
caso25f.txt,base,OK,0,4.019144234,0.078110959689408,-141665050.57037193,-147820000.0,OPTIMAL,-141775706.50091693,111.0,15954.0,0.23,14400.0,10800.0,35590.0,10648.0,8683.0,28440.0,26.055555555555557,19.60185185185185,20.089912896881145,3,Model contains large bounds | Model contains large matrix coefficients | Model contains large rhs,0.002,2000000000.0,0.005,2000.0,5.0,5000000000.0,1.0,10000000000.0,,,,,,,,,0.0,4.019144234,1.0,1.0,1.0,0.0,0.0,0.0,,,0.0,,,,101982.503403,,,3.464714,,0.002069,3.056939,3.464714,1.0,0.126023237442935,,,,,,,,BASE,BASE,,,,,,5.10078919085777e-09,5.58793544769287e-09,1.58334732986987e-07,8.8114757090807e-07,1207851.01710454,1.27096217376169,23316772.9051702,839772512.729371,3.86535248253495e-12,0.0,8.8114757090807e-07,0.0,0.0,0.0,0.0,0.0,0.0,0.0,0.0,0.0,0.0,-141665050.570372,988.757926783172,0.0,839772512.729371,0.0,0.0,0.0,230.0,0.0,846.0,0.0,0.0,0.0,0.0,-147819585.757071,,,,,,BASE,0.0,0,/clusteruy/home/mathiasr/generator-aware-row-scaling/results-revision/r1-internal-scaling/simple-gurobi-01pct/base-scaleflag2/resultados/caso25f_base.csv,/clusteruy/home/mathiasr/generator-aware-row-scaling/results-revision/r1-internal-scaling/simple-gurobi-01pct/base-scaleflag2/resultados/caso25f_base_postprocesado.csv,/clusteruy/home/mathiasr/generator-aware-row-scaling/results-revision/r1-internal-scaling/simple-gurobi-01pct/base-scaleflag2/logs/caso25f_base.log
caso26a.txt,base,OK,0,1.967002788,4.070758691e-06,-351655982.1826283,-389995000.0,OPTIMAL,-351655996.49769473,1.0,10105.0,0.23,14400.0,10800.0,35590.0,10619.0,8516.0,28484.0,26.256944444444443,21.14814814814815,19.96628266366957,4,Model contains large bounds | Model contains large matrix coefficients | Model contains large rhs | max constraint violation (6.6075e-06) exceeds tolerance,0.002,2000000000.0,0.003,3000.0,5.0,5000000000.0,1.0,10000000000.0,,,,,,,,,0.0,1.967002788,1.0,1.0,1.0,0.0,0.0,0.0,,,0.0,,,,381591.127087,,,1.574952,,0.002835,1.56387,1.574952,1.0,0.231251125880193,,,,,,,,BASE,BASE,,,,,,2.69492671543001e-09,2.8421709430404e-14,5.77606260776524e-08,1.97440385818481e-07,5478497.49628292,25.3919709144379,130269130.808909,846985521.78448,2.27373675443232e-13,0.0,6.60750083625317e-06,0.0,0.0,0.0,0.0,0.0,1.0,0.0,0.0,0.0,0.0,-351655982.182628,825.667031722409,0.0,846985521.78448,0.0,0.0,0.0,394.0,0.0,877.0,0.0,0.0,0.0,0.0,-389995011.710395,,,,,,BASE,0.0,0,/clusteruy/home/mathiasr/generator-aware-row-scaling/results-revision/r1-internal-scaling/simple-gurobi-01pct/base-scaleflag2/resultados/caso26a_base.csv,/clusteruy/home/mathiasr/generator-aware-row-scaling/results-revision/r1-internal-scaling/simple-gurobi-01pct/base-scaleflag2/resultados/caso26a_base_postprocesado.csv,/clusteruy/home/mathiasr/generator-aware-row-scaling/results-revision/r1-internal-scaling/simple-gurobi-01pct/base-scaleflag2/logs/caso26a_base.log
caso26b.txt,base,OK,0,18.930948508,0.011458128918727,-360490592.42597896,-360439000.0,OPTIMAL,-360531897.902799,850.0,152648.0,0.23,14400.0,10800.0,35590.0,10619.0,8516.0,28484.0,26.256944444444443,21.14814814814815,19.96628266366957,3,Model contains large bounds | Model contains large matrix coefficients | Model contains large rhs,0.002,2000000000.0,0.003,3000.0,5.0,5000000000.0,1.0,10000000000.0,,,,,,,,,0.0,18.930948508,1.0,1.0,1.0,0.0,0.0,0.0,,,0.0,,,,310160.763005,,,17.292098,,0.002441,6.337453,17.292098,1.0,0.02396579544716,,,,,,,,BASE,BASE,,,,,,4.80182459769399e-09,2.33740138355643e-10,1.43437646329403e-07,9.18051227927208e-07,649447.524361589,2.2679353579509,28702516.061535,357644466.915178,5.45696821063757e-12,0.0,9.18051227927208e-07,0.0,0.0,0.0,0.0,0.0,0.0,0.0,0.0,0.0,0.0,-360490592.425979,465.08468324185,0.0,357644466.915178,0.0,0.0,0.0,530.0,0.0,880.0,0.0,0.0,0.0,0.0,-360439496.728077,,,,,,BASE,0.0,0,/clusteruy/home/mathiasr/generator-aware-row-scaling/results-revision/r1-internal-scaling/simple-gurobi-01pct/base-scaleflag2/resultados/caso26b_base.csv,/clusteruy/home/mathiasr/generator-aware-row-scaling/results-revision/r1-internal-scaling/simple-gurobi-01pct/base-scaleflag2/resultados/caso26b_base_postprocesado.csv,/clusteruy/home/mathiasr/generator-aware-row-scaling/results-revision/r1-internal-scaling/simple-gurobi-01pct/base-scaleflag2/logs/caso26b_base.log
caso26c.txt,base,OK,0,4.309107546,0.000249613796031,-355266512.0779667,-355157000.0,OPTIMAL,-355267398.8721935,1.0,11215.0,0.23,14400.0,10800.0,35590.0,10619.0,8516.0,28484.0,26.256944444444443,21.14814814814815,19.96628266366957,4,Model contains large bounds | Model contains large matrix coefficients | Model contains large rhs | max constraint violation (1.4220e-06) exceeds tolerance,0.002,2000000000.0,0.005,3000.0,5.0,5000000000.0,1.0,10000000000.0,,,,,,,,,0.0,4.309107546,1.0,1.0,1.0,0.0,0.0,0.0,,,0.0,,,,52652.657368,,,3.141554,,0.002772,3.733276,3.141554,1.0,0.096235055728187,,,,,,,,BASE,BASE,,,,,,4.96642475354774e-09,2.33740138355643e-10,1.43423676490784e-07,1.42198405228555e-06,748388.196655542,2.10629317794103,31932475.6899344,357294347.043959,8.06886255588779e-08,0.0,1.42198405228555e-06,0.0,0.0,0.0,0.0,0.0,1.0,0.0,0.0,0.0,0.0,-355266512.077967,475.929265151037,0.0,357294347.043959,0.0,0.0,0.0,456.0,0.0,868.0,0.0,0.0,0.0,0.0,-355156525.832438,,,,,,BASE,0.0,0,/clusteruy/home/mathiasr/generator-aware-row-scaling/results-revision/r1-internal-scaling/simple-gurobi-01pct/base-scaleflag2/resultados/caso26c_base.csv,/clusteruy/home/mathiasr/generator-aware-row-scaling/results-revision/r1-internal-scaling/simple-gurobi-01pct/base-scaleflag2/resultados/caso26c_base_postprocesado.csv,/clusteruy/home/mathiasr/generator-aware-row-scaling/results-revision/r1-internal-scaling/simple-gurobi-01pct/base-scaleflag2/logs/caso26c_base.log
caso26d.txt,base,OK,0,2.549075414,0.009990445714773,-242463122.00223783,-245992000.0,OPTIMAL,-242487345.1488198,1.0,10078.0,0.24,14400.0,10800.0,35590.0,10719.0,8324.0,28621.0,25.5625,22.925925925925927,19.581343073897163,5,Markowitz tolerance tightened to 0.03125 | Model contains large bounds | Model contains large matrix coefficients | Model contains large rhs | max constraint violation (5.1763e-06) exceeds tolerance,0.002,2000000000.0,0.003,2000.0,5.0,5000000000.0,1.0,10000000000.0,,,,,,,,,0.0,2.549075414,1.0,1.0,1.0,0.0,0.0,0.0,,,0.0,,,,264685.308279,,,2.10683,,0.0048,2.063474,2.10683,1.0,0.195398137129464,,,,,,,,BASE,BASE,,,,,,3.08928839498329e-09,5.6843418860808e-14,7.45151191949846e-08,4.58676367998123e-07,2816628.04216738,6.73811367224837,86168142.2286182,826888761.913613,1.81898940354586e-12,0.0,5.17629086971283e-06,0.0,0.0,0.0,0.0,0.0,4.0,0.0,0.0,0.0,0.0,-242463122.002238,544.447305395464,0.0,826888761.913613,0.0,0.0,0.0,200.0,0.0,1022.0,0.0,0.0,0.0,0.0,-245992342.65055,,,,,,BASE,0.0,0,/clusteruy/home/mathiasr/generator-aware-row-scaling/results-revision/r1-internal-scaling/simple-gurobi-01pct/base-scaleflag2/resultados/caso26d_base.csv,/clusteruy/home/mathiasr/generator-aware-row-scaling/results-revision/r1-internal-scaling/simple-gurobi-01pct/base-scaleflag2/resultados/caso26d_base_postprocesado.csv,/clusteruy/home/mathiasr/generator-aware-row-scaling/results-revision/r1-internal-scaling/simple-gurobi-01pct/base-scaleflag2/logs/caso26d_base.log
caso26e.txt,base,OK,0,12.165329932,0.099471772156492,-251521551.6395021,-250950000.0,OPTIMAL,-251771744.58427343,2843.0,135034.0,0.24,14400.0,10800.0,35590.0,10719.0,8324.0,28621.0,25.5625,22.925925925925927,19.581343073897163,3,Model contains large bounds | Model contains large matrix coefficients | Model contains large rhs,0.002,2000000000.0,0.003,2000.0,5.0,5000000000.0,1.0,10000000000.0,,,,,,,,,0.0,12.165329932,1.0,1.0,1.0,0.0,0.0,0.0,,,0.0,,,,662870.726345,,,12.103098,,0.00426,4.351899,12.103098,1.0,0.038934855032241,,,,,,,,BASE,BASE,,,,,,2.61873784924637e-09,9.09494701772928e-13,8.5681676864624e-08,6.89760781824589e-07,773293.108546578,3.96133938088886,37243962.8365933,323233310.723043,4.77484718430787e-12,0.0,6.89760781824589e-07,0.0,0.0,0.0,0.0,0.0,0.0,0.0,0.0,0.0,0.0,-251521551.639502,941.506883934206,0.0,323233310.723043,0.0,0.0,0.0,370.0,0.0,1012.0,0.0,0.0,0.0,0.0,-250950292.113844,,,,,,BASE,0.0,0,/clusteruy/home/mathiasr/generator-aware-row-scaling/results-revision/r1-internal-scaling/simple-gurobi-01pct/base-scaleflag2/resultados/caso26e_base.csv,/clusteruy/home/mathiasr/generator-aware-row-scaling/results-revision/r1-internal-scaling/simple-gurobi-01pct/base-scaleflag2/resultados/caso26e_base_postprocesado.csv,/clusteruy/home/mathiasr/generator-aware-row-scaling/results-revision/r1-internal-scaling/simple-gurobi-01pct/base-scaleflag2/logs/caso26e_base.log
caso26f.txt,base,OK,0,15.976522945,0.011679659680817,-246527385.59961694,-245781000.0,OPTIMAL,-246556179.159275,227.0,162875.0,0.24,14400.0,10800.0,35590.0,10719.0,8324.0,28621.0,25.5625,22.925925925925927,19.581343073897163,3,Model contains large bounds | Model contains large matrix coefficients | Model contains large rhs,0.002,2000000000.0,0.005,2000.0,5.0,5000000000.0,1.0,10000000000.0,,,,,,,,,0.0,15.976522945,1.0,1.0,1.0,0.0,0.0,0.0,,,0.0,,,,154792.611357,,,17.722095,,0.004665,3.949398,17.722095,1.0,0.030543956400328,,,,,,,,BASE,BASE,,,,,,2.6620049597254e-09,9.09494701772928e-13,8.00983980298043e-08,8.72649252414703e-07,767041.080916343,3.3770208503127,36871902.5383667,323232114.558312,4.54747350886464e-13,0.0,8.72649252414703e-07,0.0,0.0,0.0,0.0,0.0,0.0,0.0,0.0,0.0,0.0,-246527385.599617,316.218149761149,0.0,323232114.558312,0.0,0.0,0.0,286.0,0.0,1017.0,0.0,0.0,0.0,0.0,-245780747.479698,,,,,,BASE,0.0,0,/clusteruy/home/mathiasr/generator-aware-row-scaling/results-revision/r1-internal-scaling/simple-gurobi-01pct/base-scaleflag2/resultados/caso26f_base.csv,/clusteruy/home/mathiasr/generator-aware-row-scaling/results-revision/r1-internal-scaling/simple-gurobi-01pct/base-scaleflag2/resultados/caso26f_base_postprocesado.csv,/clusteruy/home/mathiasr/generator-aware-row-scaling/results-revision/r1-internal-scaling/simple-gurobi-01pct/base-scaleflag2/logs/caso26f_base.log
caso27a.txt,base,OK,0,1.502100784,0.008278325035672,-169212540.10279554,-240127000.0,OPTIMAL,-169226548.06686637,1.0,6525.0,0.23,14400.0,10800.0,35590.0,10307.0,8797.0,27419.0,28.42361111111111,18.546296296296298,22.958696262995222,3,Model contains large bounds | Model contains large matrix coefficients | Model contains large rhs,0.002,2000000000.0,0.003,3000.0,5.0,5000000000.0,1.0,10000000000.0,,,,,,,,,0.0,1.502100784,1.0,1.0,1.0,0.0,0.0,0.0,,,0.0,,,,65005.295829,,,1.240908,,,,1.240908,1.0,0.31556574417028,,,,,,,,BASE,BASE,,,,,,3.00537719032737e-09,1.4210854715202e-14,9.03382897377014e-08,2.88709998130798e-07,6820486.95453331,7.80799562906704,139436497.401943,793436290.832137,4.54747350886464e-13,0.0,9.10833477973938e-07,0.0,0.0,0.0,0.0,0.0,0.0,0.0,0.0,0.0,0.0,-169212540.102796,655.445495625347,0.0,793436290.832137,0.0,0.0,0.0,686.0,0.0,817.0,0.0,0.0,0.0,0.0,-240127303.418302,,,,,,BASE,0.0,0,/clusteruy/home/mathiasr/generator-aware-row-scaling/results-revision/r1-internal-scaling/simple-gurobi-01pct/base-scaleflag2/resultados/caso27a_base.csv,/clusteruy/home/mathiasr/generator-aware-row-scaling/results-revision/r1-internal-scaling/simple-gurobi-01pct/base-scaleflag2/resultados/caso27a_base_postprocesado.csv,/clusteruy/home/mathiasr/generator-aware-row-scaling/results-revision/r1-internal-scaling/simple-gurobi-01pct/base-scaleflag2/logs/caso27a_base.log
caso27b.txt,base,OK,0,1.815773495,0.010741790474583,-177670093.3407692,-177721000.0,OPTIMAL,-177689178.28993186,1.0,10015.0,0.23,14400.0,10800.0,35590.0,10307.0,8797.0,27419.0,28.42361111111111,18.546296296296298,22.958696262995222,3,Model contains large bounds | Model contains large matrix coefficients | Model contains large rhs,0.002,2000000000.0,0.003,3000.0,5.0,5000000000.0,1.0,10000000000.0,,,,,,,,,0.0,1.815773495,1.0,1.0,1.0,0.0,0.0,0.0,,,0.0,,,,63554.055407,,,1.73286,,,,1.73286,1.0,0.289360513504759,,,,,,,,BASE,BASE,,,,,,5.65327580892792e-09,3.72529029846191e-09,1.89528800547123e-07,2.42143869400024e-07,127433.280847481,1.08921955607754,4342774.23440267,18150428.9094368,1.81898940354586e-12,0.0,5.96046447753906e-07,0.0,0.0,0.0,0.0,0.0,0.0,0.0,0.0,0.0,0.0,-177670093.340769,1199.15184230832,0.0,18150428.9094368,0.0,0.0,0.0,946.0,0.0,835.0,0.0,0.0,0.0,0.0,-177721394.846413,,,,,,BASE,0.0,0,/clusteruy/home/mathiasr/generator-aware-row-scaling/results-revision/r1-internal-scaling/simple-gurobi-01pct/base-scaleflag2/resultados/caso27b_base.csv,/clusteruy/home/mathiasr/generator-aware-row-scaling/results-revision/r1-internal-scaling/simple-gurobi-01pct/base-scaleflag2/resultados/caso27b_base_postprocesado.csv,/clusteruy/home/mathiasr/generator-aware-row-scaling/results-revision/r1-internal-scaling/simple-gurobi-01pct/base-scaleflag2/logs/caso27b_base.log
caso27c.txt,base,OK,0,1.726351238,0.011923826012395,-172505861.75384098,-172503000.0,OPTIMAL,-172526431.0526577,1.0,9037.0,0.23,14400.0,10800.0,35590.0,10307.0,8797.0,27419.0,28.42361111111111,18.546296296296298,22.958696262995222,3,Model contains large bounds | Model contains large matrix coefficients | Model contains large rhs,0.002,2000000000.0,0.005,3000.0,5.0,5000000000.0,1.0,10000000000.0,,,,,,,,,0.0,1.726351238,1.0,1.0,1.0,0.0,0.0,0.0,,,0.0,,,,64272.296776,,,1.635237,,,,1.635237,1.0,0.289065908025692,,,,,,,,BASE,BASE,,,,,,6.05467241782467e-09,5.58793544769287e-09,1.93732557818294e-07,2.88709998130798e-07,244608.817553055,0.948094847126974,6217374.56518966,154118426.394812,4.54747350886464e-13,0.0,7.08620063960552e-07,0.0,0.0,0.0,0.0,0.0,0.0,0.0,0.0,0.0,0.0,-172505861.753841,1063.15712201018,0.0,154118426.394812,0.0,0.0,0.0,746.0,0.0,799.0,0.0,0.0,0.0,0.0,-172503074.310549,,,,,,BASE,0.0,0,/clusteruy/home/mathiasr/generator-aware-row-scaling/results-revision/r1-internal-scaling/simple-gurobi-01pct/base-scaleflag2/resultados/caso27c_base.csv,/clusteruy/home/mathiasr/generator-aware-row-scaling/results-revision/r1-internal-scaling/simple-gurobi-01pct/base-scaleflag2/resultados/caso27c_base_postprocesado.csv,/clusteruy/home/mathiasr/generator-aware-row-scaling/results-revision/r1-internal-scaling/simple-gurobi-01pct/base-scaleflag2/logs/caso27c_base.log
caso27d.txt,base,OK,0,28.241406599,6.324793874e-05,-152251969.45804545,-188272000.0,OPTIMAL,-152252065.75427783,13664.0,471186.0,0.23,14400.0,10800.0,35590.0,10692.0,8693.0,28157.0,25.75,19.50925925925926,20.885080078673784,3,Model contains large bounds | Model contains large matrix coefficients | Model contains large rhs,0.002,2000000000.0,0.003,2000.0,5.0,5000000000.0,1.0,10000000000.0,,,,,,,,,0.0,28.241406599,1.0,1.0,1.0,0.0,0.0,0.0,,,0.0,,,,67061.554347,,,30.683881,,0.044828,2.961856,30.683881,1.0,0.045139440319569,,,,,,,,BASE,BASE,,,,,,1.13852464422098e-09,1.4210854715202e-14,3.72529029846191e-08,1.7508864402771e-07,8842172.06642796,52.5316501206491,718443341.512153,822185462.817347,1.19209289550781e-07,0.0,2.97324731945992e-07,0.0,0.0,0.0,0.0,0.0,0.0,0.0,0.0,0.0,0.0,-152251969.458046,852.215411567755,0.0,822185462.817347,0.0,0.0,0.0,349.0,0.0,872.0,0.0,0.0,0.0,0.0,-188272290.592205,,,,,,BASE,0.0,0,/clusteruy/home/mathiasr/generator-aware-row-scaling/results-revision/r1-internal-scaling/simple-gurobi-01pct/base-scaleflag2/resultados/caso27d_base.csv,/clusteruy/home/mathiasr/generator-aware-row-scaling/results-revision/r1-internal-scaling/simple-gurobi-01pct/base-scaleflag2/resultados/caso27d_base_postprocesado.csv,/clusteruy/home/mathiasr/generator-aware-row-scaling/results-revision/r1-internal-scaling/simple-gurobi-01pct/base-scaleflag2/logs/caso27d_base.log
caso27e.txt,base,OK,0,73.459450044,0.08827837303627,-159956769.89249906,-160210000.0,OPTIMAL,-160097977.12652153,19959.0,784099.0,0.24,14400.0,10800.0,35590.0,10692.0,8693.0,28157.0,25.75,19.50925925925926,20.885080078673784,4,Model contains large bounds | Model contains large matrix coefficients | Model contains large rhs | max constraint violation (1.1185e-06) exceeds tolerance,0.002,2000000000.0,0.003,2000.0,5.0,5000000000.0,1.0,10000000000.0,,,,,,,,,0.0,73.459450044,1.0,1.0,1.0,0.0,0.0,0.0,,,0.0,,,,163019.575452,,,84.811719,,0.042864,3.810415,84.811719,1.0,0.029463977673921,,,,,,,,BASE,BASE,,,,,,5.66044540455041e-09,6.64113031234584e-09,1.66484387591481e-07,3.65078449249268e-07,144146.646327082,0.728781759260493,3935225.0919259,24922922.2570247,3.63797880709171e-12,0.0,1.11851841211319e-06,0.0,0.0,0.0,0.0,0.0,5.0,0.0,0.0,0.0,0.0,-159956769.892499,857.393567250452,0.0,24922922.2570247,0.0,0.0,0.0,528.0,0.0,881.0,0.0,0.0,0.0,0.0,-160210416.232438,,,,,,BASE,0.0,0,/clusteruy/home/mathiasr/generator-aware-row-scaling/results-revision/r1-internal-scaling/simple-gurobi-01pct/base-scaleflag2/resultados/caso27e_base.csv,/clusteruy/home/mathiasr/generator-aware-row-scaling/results-revision/r1-internal-scaling/simple-gurobi-01pct/base-scaleflag2/resultados/caso27e_base_postprocesado.csv,/clusteruy/home/mathiasr/generator-aware-row-scaling/results-revision/r1-internal-scaling/simple-gurobi-01pct/base-scaleflag2/logs/caso27e_base.log
caso27f.txt,base,OK,0,54.059237247,0.01665277603831,-155091596.87179253,-154829000.0,OPTIMAL,-155117423.92807382,17490.0,789521.0,0.24,14400.0,10800.0,35590.0,10692.0,8693.0,28157.0,25.75,19.50925925925926,20.885080078673784,3,Model contains large bounds | Model contains large matrix coefficients | Model contains large rhs,0.002,2000000000.0,0.005,2000.0,5.0,5000000000.0,1.0,10000000000.0,,,,,,,,,0.0,54.059237247,1.0,1.0,1.0,0.0,0.0,0.0,,,0.0,,,,157603.993468,,,59.873547,,0.043375,4.044127,59.873547,1.0,0.038273558830638,,,,,,,,BASE,BASE,,,,,,4.05875648229181e-09,1.0046642273664e-08,1.30385160446167e-07,2.5331974029541e-07,158592.211882161,1.07321865934994,6256863.00203764,32320381.4842124,4.4110493035987e-11,0.0,4.6752393245697e-07,0.0,0.0,0.0,0.0,0.0,0.0,0.0,0.0,0.0,0.0,-155091596.871793,852.215411567755,0.0,32320381.4842124,0.0,0.0,0.0,170.0,0.0,864.0,0.0,0.0,0.0,0.0,-154828594.050646,,,,,,BASE,0.0,0,/clusteruy/home/mathiasr/generator-aware-row-scaling/results-revision/r1-internal-scaling/simple-gurobi-01pct/base-scaleflag2/resultados/caso27f_base.csv,/clusteruy/home/mathiasr/generator-aware-row-scaling/results-revision/r1-internal-scaling/simple-gurobi-01pct/base-scaleflag2/resultados/caso27f_base_postprocesado.csv,/clusteruy/home/mathiasr/generator-aware-row-scaling/results-revision/r1-internal-scaling/simple-gurobi-01pct/base-scaleflag2/logs/caso27f_base.log
caso28a.txt,base,OK,0,1.380108113,0.000343985801899,-62653789.00368681,-108436000.0,OPTIMAL,-62654004.52382533,1.0,5167.0,0.25,14400.0,10800.0,35590.0,9777.0,8639.0,26797.0,32.104166666666664,20.00925925925926,24.706378196122508,4,Model contains large bounds | Model contains large matrix coefficients | Model contains large rhs | max constraint violation (1.0466e-06) exceeds tolerance,0.002,2000000000.0,0.003,3000.0,5.0,5000000000.0,1.0,10000000000.0,,,,,,,,,0.0,1.380108113,1.0,1.0,1.0,0.0,0.0,0.0,,,0.0,,,,27527.180348,,,1.205508,,,,1.205508,1.0,0.401450971744149,,,,,,,,BASE,BASE,,,,,,4.44051709853542e-09,1.33226762955019e-15,1.56108580995352e-07,1.04657374322414e-06,4998016.06106803,1.91192474290032,20109552.7449941,771863541.394302,7.105427357601e-15,0.0,1.04657374322414e-06,0.0,0.0,0.0,0.0,0.0,1.0,0.0,0.0,0.0,0.0,-62653789.0036868,193.672535514585,0.0,771863541.394302,0.0,0.0,0.0,645.0,0.0,719.0,0.0,0.0,0.0,0.0,-108436339.038233,,,,,,BASE,0.0,0,/clusteruy/home/mathiasr/generator-aware-row-scaling/results-revision/r1-internal-scaling/simple-gurobi-01pct/base-scaleflag2/resultados/caso28a_base.csv,/clusteruy/home/mathiasr/generator-aware-row-scaling/results-revision/r1-internal-scaling/simple-gurobi-01pct/base-scaleflag2/resultados/caso28a_base_postprocesado.csv,/clusteruy/home/mathiasr/generator-aware-row-scaling/results-revision/r1-internal-scaling/simple-gurobi-01pct/base-scaleflag2/logs/caso28a_base.log
caso28b.txt,base,OK,0,1.538961964,0.00594895758284,-71176867.83815354,-71565900.0,OPTIMAL,-71181102.11983003,1.0,8057.0,0.25,14400.0,10800.0,35590.0,9777.0,8639.0,26797.0,32.104166666666664,20.00925925925926,24.706378196122508,4,Model contains large bounds | Model contains large matrix coefficients | Model contains large rhs | max constraint violation (1.2400e-06) exceeds tolerance,0.002,2000000000.0,0.003,3000.0,5.0,5000000000.0,1.0,10000000000.0,,,,,,,,,0.0,1.538961964,1.0,1.0,1.0,0.0,0.0,0.0,,,0.0,,,,78207.703007,,,1.46127,,,,1.46127,1.0,0.459091191254198,,,,,,,,BASE,BASE,,,,,,7.76765051301717e-09,7.45058059692383e-09,2.70354648819194e-07,1.23998324852437e-06,115620.56919374,0.696263562499368,2144109.4682253,17404617.2327536,1.46387745947883e-07,0.0,1.23998324852437e-06,4.3703128390842e-09,0.0,0.0,0.0,0.0,2.0,0.0,0.0,0.0,0.0,-71176867.8381535,101.492704653754,0.0,17404617.2327536,4.3703128390842e-09,0.0,0.0,1001.0,0.0,726.0,0.0,0.0,0.0,0.0,-71565876.0318692,,,,,,BASE,0.0,0,/clusteruy/home/mathiasr/generator-aware-row-scaling/results-revision/r1-internal-scaling/simple-gurobi-01pct/base-scaleflag2/resultados/caso28b_base.csv,/clusteruy/home/mathiasr/generator-aware-row-scaling/results-revision/r1-internal-scaling/simple-gurobi-01pct/base-scaleflag2/resultados/caso28b_base_postprocesado.csv,/clusteruy/home/mathiasr/generator-aware-row-scaling/results-revision/r1-internal-scaling/simple-gurobi-01pct/base-scaleflag2/logs/caso28b_base.log
caso28c.txt,base,OK,0,1.922296185,0.000438746101818,-66165262.43020433,-66867100.0,OPTIMAL,-66165552.727714,1.0,8467.0,0.26,14400.0,10800.0,35590.0,9777.0,8639.0,26797.0,32.104166666666664,20.00925925925926,24.706378196122508,4,Model contains large bounds | Model contains large matrix coefficients | Model contains large rhs | max constraint violation (1.0725e-06) exceeds tolerance,0.002,2000000000.0,0.005,3000.0,5.0,5000000000.0,1.0,10000000000.0,,,,,,,,,0.0,1.922296185,1.0,1.0,1.0,0.0,0.0,0.0,,,0.0,,,,1074399524572233.1,,,1.904745,,,,1.904745,1.0,0.387763177959823,,,,,,,,BASE,BASE,,,,,,7.023092858544e-09,3.72529029846191e-09,2.74043995887041e-07,1.07253435999155e-06,145426.873364511,0.301081524750004,2288412.24814013,237261177.149207,7.15255737304688e-07,0.0,1.07253435999155e-06,0.0,0.0,0.0,0.0,0.0,3.0,0.0,0.0,0.0,0.0,-66165262.4302043,71.8101158402652,0.0,237261177.149207,0.0,0.0,0.0,857.0,0.0,671.0,0.0,0.0,0.0,0.0,-66867108.6313977,,,,,,BASE,0.0,0,/clusteruy/home/mathiasr/generator-aware-row-scaling/results-revision/r1-internal-scaling/simple-gurobi-01pct/base-scaleflag2/resultados/caso28c_base.csv,/clusteruy/home/mathiasr/generator-aware-row-scaling/results-revision/r1-internal-scaling/simple-gurobi-01pct/base-scaleflag2/resultados/caso28c_base_postprocesado.csv,/clusteruy/home/mathiasr/generator-aware-row-scaling/results-revision/r1-internal-scaling/simple-gurobi-01pct/base-scaleflag2/logs/caso28c_base.log
caso28d.txt,base,OK,0,1.694552901,0.002637858860617,-81771740.48732784,-90551900.0,OPTIMAL,-81773897.51042977,1.0,8789.0,0.25,14400.0,10800.0,35590.0,10414.0,8639.0,28073.0,27.680555555555557,20.00925925925926,21.121101432986794,4,Model contains large bounds | Model contains large matrix coefficients | Model contains large rhs | max constraint violation (1.0019e-06) exceeds tolerance,0.002,2000000000.0,0.003,2000.0,5.0,5000000000.0,1.0,10000000000.0,,,,,,,,,0.0,1.694552901,1.0,1.0,1.0,0.0,0.0,0.0,,,0.0,,,,22260.245753,,,1.557244,,,,1.557244,1.0,0.310998264764482,,,,,,,,BASE,BASE,,,,,,6.11226422383276e-09,7.45058059692383e-09,2.11767619475722e-07,1.0018702596426e-06,2925831.33602456,0.405116176129487,17583117.2403721,747147315.823355,4.39785985406616e-11,0.0,1.0018702596426e-06,0.0,0.0,0.0,0.0,0.0,1.0,0.0,0.0,0.0,0.0,-81771740.4873278,137.195298532149,0.0,747147315.823355,0.0,0.0,0.0,486.0,0.0,735.0,0.0,0.0,0.0,0.0,-90551881.765919,,,,,,BASE,0.0,0,/clusteruy/home/mathiasr/generator-aware-row-scaling/results-revision/r1-internal-scaling/simple-gurobi-01pct/base-scaleflag2/resultados/caso28d_base.csv,/clusteruy/home/mathiasr/generator-aware-row-scaling/results-revision/r1-internal-scaling/simple-gurobi-01pct/base-scaleflag2/resultados/caso28d_base_postprocesado.csv,/clusteruy/home/mathiasr/generator-aware-row-scaling/results-revision/r1-internal-scaling/simple-gurobi-01pct/base-scaleflag2/logs/caso28d_base.log
caso28e.txt,base,OK,0,1.800417861,0.014078180522183,-89502243.00293756,-89110900.0,OPTIMAL,-89514843.29027891,1.0,9301.0,0.25,14400.0,10800.0,35590.0,10414.0,8639.0,28073.0,27.680555555555557,20.00925925925926,21.121101432986794,4,Model contains large bounds | Model contains large matrix coefficients | Model contains large rhs | max constraint violation (1.2572e-06) exceeds tolerance,0.002,2000000000.0,0.003,2000.0,5.0,5000000000.0,1.0,10000000000.0,,,,,,,,,0.0,1.800417861,1.0,1.0,1.0,0.0,0.0,0.0,,,0.0,,,,181150.29791,,,1.75491,,,,1.75491,1.0,0.38367055363783,,,,,,,,BASE,BASE,,,,,,8.49473124118173e-09,2.60770320892334e-08,2.80097592622042e-07,1.25716906040907e-06,259212.029425376,0.346202825175532,9080139.8430761,46860661.494117,8.8710682576838e-08,0.0,1.25716906040907e-06,2.64840087890625e-09,0.0,0.0,0.0,0.0,1.0,0.0,0.0,0.0,0.0,-89502243.0029376,732.891213803348,0.0,46860661.494117,2.64840087890625e-09,0.0,0.0,563.0,0.0,761.0,0.0,0.0,0.0,0.0,-89110894.426103,,,,,,BASE,0.0,0,/clusteruy/home/mathiasr/generator-aware-row-scaling/results-revision/r1-internal-scaling/simple-gurobi-01pct/base-scaleflag2/resultados/caso28e_base.csv,/clusteruy/home/mathiasr/generator-aware-row-scaling/results-revision/r1-internal-scaling/simple-gurobi-01pct/base-scaleflag2/resultados/caso28e_base_postprocesado.csv,/clusteruy/home/mathiasr/generator-aware-row-scaling/results-revision/r1-internal-scaling/simple-gurobi-01pct/base-scaleflag2/logs/caso28e_base.log
caso28f.txt,base,OK,0,1.845719765,0.003811560958422,-85249437.2007826,-84730500.0,OPTIMAL,-85252686.53504822,1.0,8589.0,0.25,14400.0,10800.0,35590.0,10414.0,8639.0,28073.0,27.680555555555557,20.00925925925926,21.121101432986794,4,Model contains large bounds | Model contains large matrix coefficients | Model contains large rhs | max constraint violation (1.0022e-06) exceeds tolerance,0.002,2000000000.0,0.005,2000.0,5.0,5000000000.0,1.0,10000000000.0,,,,,,,,,0.0,1.845719765,1.0,1.0,1.0,0.0,0.0,0.0,,,0.0,,,,50366.473444,,,1.916763,,,,1.916763,1.0,0.340075774501492,,,,,,,,BASE,BASE,,,,,,7.24519034594411e-09,1.12049747258421e-08,2.6057823561132e-07,1.00221950560808e-06,371279.188218915,0.214266991990681,10402273.7096021,323350360.590815,3.89377419196535e-12,0.0,1.00221950560808e-06,0.0,0.0,0.0,0.0,0.0,1.0,0.0,0.0,0.0,0.0,-85249437.2007826,31.4861856021884,0.0,323350360.590815,0.0,0.0,0.0,442.0,0.0,728.0,0.0,0.0,0.0,0.0,-84730472.7951706,,,,,,BASE,0.0,0,/clusteruy/home/mathiasr/generator-aware-row-scaling/results-revision/r1-internal-scaling/simple-gurobi-01pct/base-scaleflag2/resultados/caso28f_base.csv,/clusteruy/home/mathiasr/generator-aware-row-scaling/results-revision/r1-internal-scaling/simple-gurobi-01pct/base-scaleflag2/resultados/caso28f_base_postprocesado.csv,/clusteruy/home/mathiasr/generator-aware-row-scaling/results-revision/r1-internal-scaling/simple-gurobi-01pct/base-scaleflag2/logs/caso28f_base.log
caso29a.txt,base,OK,0,2.287221344,0.008305432298274,-264139789.01958683,-263163000.0,OPTIMAL,-264161726.97093666,1.0,11060.0,0.25,14400.0,10800.0,35590.0,10592.0,8571.0,28581.0,26.444444444444443,20.63888888888889,19.693734194998594,4,Model contains large bounds | Model contains large matrix coefficients | Model contains large rhs | max constraint violation (1.1921e-06) exceeds tolerance,0.002,2000000000.0,0.003,3000.0,5.0,5000000000.0,1.0,10000000000.0,,,,,,,,,0.0,2.287221344,1.0,1.0,1.0,0.0,0.0,0.0,,,0.0,,,,369877.371493,,,2.138777,,,,2.138777,1.0,0.208712896342752,,,,,,,,BASE,BASE,,,,,,5.82893627216528e-09,7.10133463144133e-10,1.93263404071331e-07,9.93488356471062e-07,915616.957740968,1.03385026560761,30923123.0590611,315695400.136077,9.09494701772928e-12,0.0,1.19209289550781e-06,0.0,0.0,0.0,0.0,0.0,1.0,0.0,0.0,0.0,0.0,-264139789.019587,2395.28209014216,0.0,315695400.136077,0.0,0.0,0.0,460.0,0.0,896.0,0.0,0.0,0.0,0.0,-263162808.708462,,,,,,BASE,0.0,0,/clusteruy/home/mathiasr/generator-aware-row-scaling/results-revision/r1-internal-scaling/simple-gurobi-01pct/base-scaleflag2/resultados/caso29a_base.csv,/clusteruy/home/mathiasr/generator-aware-row-scaling/results-revision/r1-internal-scaling/simple-gurobi-01pct/base-scaleflag2/resultados/caso29a_base_postprocesado.csv,/clusteruy/home/mathiasr/generator-aware-row-scaling/results-revision/r1-internal-scaling/simple-gurobi-01pct/base-scaleflag2/logs/caso29a_base.log
caso29b.txt,base,OK,0,2.102957166,0.015976372008121,-270632504.21109855,-268865000.0,OPTIMAL,-270675741.4667462,1.0,11121.0,0.25,14400.0,10800.0,35590.0,10592.0,8571.0,28581.0,26.444444444444443,20.63888888888889,19.693734194998594,4,Model contains large bounds | Model contains large matrix coefficients | Model contains large rhs | max constraint violation (1.0768e-06) exceeds tolerance,0.002,2000000000.0,0.003,3000.0,5.0,5000000000.0,1.0,10000000000.0,,,,,,,,,0.0,2.102957166,1.0,1.0,1.0,0.0,0.0,0.0,,,0.0,,,,155267.563575,,,1.937464,,,,1.937464,1.0,0.244407653138925,,,,,,,,BASE,BASE,,,,,,6.20956243448578e-09,7.45058059692383e-09,1.88143458217383e-07,1.07684172689915e-06,488653.238185299,1.07824736387232,23032297.7355313,54991833.4365253,7.27595761418343e-12,0.0,1.07684172689915e-06,0.0,0.0,0.0,0.0,0.0,1.0,0.0,0.0,0.0,0.0,-270632504.211099,3315.26932891649,0.0,54991833.4365253,0.0,0.0,0.0,521.0,0.0,906.0,0.0,0.0,0.0,0.0,-268864553.46621,,,,,,BASE,0.0,0,/clusteruy/home/mathiasr/generator-aware-row-scaling/results-revision/r1-internal-scaling/simple-gurobi-01pct/base-scaleflag2/resultados/caso29b_base.csv,/clusteruy/home/mathiasr/generator-aware-row-scaling/results-revision/r1-internal-scaling/simple-gurobi-01pct/base-scaleflag2/resultados/caso29b_base_postprocesado.csv,/clusteruy/home/mathiasr/generator-aware-row-scaling/results-revision/r1-internal-scaling/simple-gurobi-01pct/base-scaleflag2/logs/caso29b_base.log
caso29c.txt,base,OK,0,2.231667884,0.011887001745029,-267260214.1145025,-266469000.0,OPTIMAL,-267291983.34081805,1.0,10813.0,0.25,14400.0,10800.0,35590.0,10592.0,8571.0,28581.0,26.444444444444443,20.63888888888889,19.693734194998594,4,Model contains large bounds | Model contains large matrix coefficients | Model contains large rhs | max constraint violation (4.5663e-06) exceeds tolerance,0.002,2000000000.0,0.005,3000.0,5.0,5000000000.0,1.0,10000000000.0,,,,,,,,,0.0,2.231667884,1.0,1.0,1.0,0.0,0.0,0.0,,,0.0,,,,384544.458595,,,2.104618,,,,2.104618,1.0,0.225414678258638,,,,,,,,BASE,BASE,,,,,,7.00601322319182e-09,1.85573298949748e-09,1.9674887880683e-07,9.93488356471062e-07,911378.478761784,1.03385026560761,30837158.2033078,315695400.136077,3.63797880709171e-12,0.0,4.56627458333969e-06,0.0,0.0,0.0,0.0,0.0,6.0,0.0,0.0,0.0,0.0,-267260214.114502,2880.68076253896,0.0,315695400.136077,0.0,0.0,0.0,461.0,0.0,899.0,0.0,0.0,0.0,0.0,-266469136.158073,,,,,,BASE,0.0,0,/clusteruy/home/mathiasr/generator-aware-row-scaling/results-revision/r1-internal-scaling/simple-gurobi-01pct/base-scaleflag2/resultados/caso29c_base.csv,/clusteruy/home/mathiasr/generator-aware-row-scaling/results-revision/r1-internal-scaling/simple-gurobi-01pct/base-scaleflag2/resultados/caso29c_base_postprocesado.csv,/clusteruy/home/mathiasr/generator-aware-row-scaling/results-revision/r1-internal-scaling/simple-gurobi-01pct/base-scaleflag2/logs/caso29c_base.log
caso29d.txt,base,OK,0,4.837783289,0.048735700397111,-222658067.7311324,-222076000.0,OPTIMAL,-222766581.69993183,1.0,19608.0,0.25,14400.0,10800.0,35590.0,10724.0,8463.0,28812.0,25.52777777777778,21.63888888888889,19.04467547063782,4,Model contains large bounds | Model contains large matrix coefficients | Model contains large rhs | max constraint violation (3.2433e-06) exceeds tolerance,0.002,2000000000.0,0.003,2000.0,5.0,5000000000.0,1.0,10000000000.0,,,,,,,,,0.0,4.837783289,1.0,1.0,1.0,0.0,0.0,0.0,,,0.0,,,,221353.939382,,,3.595612,,0.001347,4.265318,3.595612,1.0,0.104040620303428,,,,,,,,BASE,BASE,,,,,,3.00853746449068e-09,9.09494701772928e-13,8.19563865661621e-08,3.99071723222733e-07,1791765.87132211,3.49834026754927,61346776.8908346,774205102.220858,9.5367431640625e-07,0.0,3.2433308660984e-06,0.0,0.0,0.0,0.0,0.0,3.0,0.0,0.0,0.0,0.0,-222658067.731132,691.521939368555,0.0,774205102.220858,0.0,0.0,0.0,174.0,0.0,1021.0,0.0,0.0,0.0,0.0,-222075709.043029,,,,,,BASE,0.0,0,/clusteruy/home/mathiasr/generator-aware-row-scaling/results-revision/r1-internal-scaling/simple-gurobi-01pct/base-scaleflag2/resultados/caso29d_base.csv,/clusteruy/home/mathiasr/generator-aware-row-scaling/results-revision/r1-internal-scaling/simple-gurobi-01pct/base-scaleflag2/resultados/caso29d_base_postprocesado.csv,/clusteruy/home/mathiasr/generator-aware-row-scaling/results-revision/r1-internal-scaling/simple-gurobi-01pct/base-scaleflag2/logs/caso29d_base.log
caso29e.txt,base,OK,0,43.484810807,0.099117251897961,-228244271.183001,-228116000.0,OPTIMAL,-228470500.63221213,4628.0,292122.0,0.25,14400.0,10800.0,35590.0,10724.0,8463.0,28812.0,25.52777777777778,21.63888888888889,19.04467547063782,4,Model contains large bounds | Model contains large matrix coefficients | Model contains large rhs | max constraint violation (1.0440e-06) exceeds tolerance,0.002,2000000000.0,0.003,2000.0,5.0,5000000000.0,1.0,10000000000.0,,,,,,,,,0.0,43.484810807,1.0,1.0,1.0,0.0,0.0,0.0,,,0.0,,,,159560.21918,,,45.360316,,0.002033,5.910381,45.360316,1.0,0.013811416237762,,,,,,,,BASE,BASE,,,,,,4.75669240984032e-09,1.02318153949454e-12,1.52774155139924e-07,4.1816383600235e-07,681884.23044634,3.31153935475983,29631459.2062532,226675996.503996,7.15255737304688e-07,0.0,1.04401260614395e-06,0.0,0.0,0.0,0.0,0.0,1.0,0.0,0.0,0.0,0.0,-228244271.183001,963.950592918656,0.0,226675996.503996,0.0,0.0,0.0,365.0,0.0,1025.0,0.0,0.0,0.0,0.0,-228116453.240044,,,,,,BASE,0.0,0,/clusteruy/home/mathiasr/generator-aware-row-scaling/results-revision/r1-internal-scaling/simple-gurobi-01pct/base-scaleflag2/resultados/caso29e_base.csv,/clusteruy/home/mathiasr/generator-aware-row-scaling/results-revision/r1-internal-scaling/simple-gurobi-01pct/base-scaleflag2/resultados/caso29e_base_postprocesado.csv,/clusteruy/home/mathiasr/generator-aware-row-scaling/results-revision/r1-internal-scaling/simple-gurobi-01pct/base-scaleflag2/logs/caso29e_base.log
caso29f.txt,base,OK,0,7.617415523,0.005211953026702,-225196349.02158996,-224041000.0,OPTIMAL,-225208086.14951882,1352.0,63943.0,0.26,14400.0,10800.0,35590.0,10724.0,8463.0,28812.0,25.52777777777778,21.63888888888889,19.04467547063782,3,Model contains large bounds | Model contains large matrix coefficients | Model contains large rhs,0.002,2000000000.0,0.005,2000.0,5.0,5000000000.0,1.0,10000000000.0,,,,,,,,,0.0,7.617415523,1.0,1.0,1.0,0.0,0.0,0.0,,,0.0,,,,225128.109812,,,6.218522,,0.002528,4.751973,6.218522,1.0,0.068101797157914,,,,,,,,BASE,BASE,,,,,,3.90138542874736e-09,9.09494701772928e-13,1.26659870147705e-07,3.49478796124458e-07,1032472.61672878,2.69167106705076,41420703.6355972,373888465.004846,7.27595761418343e-12,0.0,5.82076609134674e-07,0.0,0.0,0.0,0.0,0.0,0.0,0.0,0.0,0.0,0.0,-225196349.02159,650.081072757108,0.0,373888465.004846,0.0,0.0,0.0,146.0,0.0,1018.0,0.0,0.0,0.0,0.0,-224040751.976329,,,,,,BASE,0.0,0,/clusteruy/home/mathiasr/generator-aware-row-scaling/results-revision/r1-internal-scaling/simple-gurobi-01pct/base-scaleflag2/resultados/caso29f_base.csv,/clusteruy/home/mathiasr/generator-aware-row-scaling/results-revision/r1-internal-scaling/simple-gurobi-01pct/base-scaleflag2/resultados/caso29f_base_postprocesado.csv,/clusteruy/home/mathiasr/generator-aware-row-scaling/results-revision/r1-internal-scaling/simple-gurobi-01pct/base-scaleflag2/logs/caso29f_base.log
caso30a.txt,base,OK,0,68.928672657,0.003858625351316,-222104834.74472743,-221074000.0,OPTIMAL,-222113404.9381874,3927.0,342365.0,0.25,14400.0,10800.0,35590.0,10645.0,8790.0,28095.0,26.07638888888889,18.61111111111111,21.059286316381005,4,Model contains large bounds | Model contains large matrix coefficients | Model contains large rhs | max constraint violation (1.9073e-06) exceeds tolerance,0.002,2000000000.0,0.003,3000.0,5.0,4000000000.0,1.0,10000000000.0,,,,,,,,,0.0,68.928672657,1.0,1.0,1.0,0.0,0.0,0.0,,,0.0,,,,367770.577293,,,84.113442,,,4.459479,84.113442,1.0,0.996098706531888,,,,,,,,BASE,BASE,,,,,,5.3418309950332e-09,5.58793544769287e-09,1.58327165991068e-07,2.57045030593872e-07,624786.740449727,1.09701467247023,24705791.7042342,325036587.174459,2.95585778076202e-12,0.0,1.84610689757392e-06,0.0,0.0,0.0,0.0,0.0,3.0,0.0,0.0,0.0,0.0,-222104834.744727,483.374606302161,0.0,325036587.174459,0.0,0.0,0.0,577.0,0.0,877.0,0.0,0.0,0.0,0.0,-221073672.008333,,,,,,BASE,0.0,0,/clusteruy/home/mathiasr/generator-aware-row-scaling/results-revision/r1-internal-scaling/simple-gurobi-01pct/base-scaleflag2/resultados/caso30a_base.csv,/clusteruy/home/mathiasr/generator-aware-row-scaling/results-revision/r1-internal-scaling/simple-gurobi-01pct/base-scaleflag2/resultados/caso30a_base_postprocesado.csv,/clusteruy/home/mathiasr/generator-aware-row-scaling/results-revision/r1-internal-scaling/simple-gurobi-01pct/base-scaleflag2/logs/caso30a_base.log
caso30b.txt,base,OK,0,2.103630902,0.010293719989564,-227831096.75215542,-226772000.0,OPTIMAL,-227854549.04730424,1.0,10966.0,0.25,14400.0,10800.0,35590.0,10645.0,8790.0,28095.0,26.07638888888889,18.61111111111111,21.059286316381005,4,Model contains large bounds | Model contains large matrix coefficients | Model contains large rhs | max constraint violation (3.4780e-06) exceeds tolerance,0.002,2000000000.0,0.003,3000.0,5.0,4000000000.0,1.0,10000000000.0,,,,,,,,,0.0,2.103630902,1.0,1.0,1.0,0.0,0.0,0.0,,,0.0,,,,308002.642655,,,2.025343,,,,2.025343,1.0,0.264106739033502,,,,,,,,BASE,BASE,,,,,,5.4847439070995e-09,5.58793544769287e-09,1.65314413607121e-07,2.08616256713867e-07,347457.838794325,1.01401741238555,18326795.995804,43067140.5773613,1.81898940354586e-12,0.0,3.4780241549015e-06,0.0,0.0,0.0,0.0,0.0,2.0,0.0,0.0,0.0,0.0,-227831096.752155,609.790036219427,0.0,43067140.5773613,0.0,0.0,0.0,673.0,0.0,907.0,0.0,0.0,0.0,0.0,-226772114.923667,,,,,,BASE,0.0,0,/clusteruy/home/mathiasr/generator-aware-row-scaling/results-revision/r1-internal-scaling/simple-gurobi-01pct/base-scaleflag2/resultados/caso30b_base.csv,/clusteruy/home/mathiasr/generator-aware-row-scaling/results-revision/r1-internal-scaling/simple-gurobi-01pct/base-scaleflag2/resultados/caso30b_base_postprocesado.csv,/clusteruy/home/mathiasr/generator-aware-row-scaling/results-revision/r1-internal-scaling/simple-gurobi-01pct/base-scaleflag2/logs/caso30b_base.log
caso30c.txt,base,OK,0,66.236155565,0.002691654864515,-224884792.5021168,-223707000.0,OPTIMAL,-224890845.62457374,6695.0,377316.0,0.24,14400.0,10800.0,35590.0,10645.0,8790.0,28095.0,26.07638888888889,18.61111111111111,21.059286316381005,5,Model contains large bounds | Model contains large matrix coefficients | Model contains large rhs | max bound violation (1.0467e-04) exceeds tolerance | max constraint violation (2.1652e-04) exceeds tolerance,0.002,2000000000.0,0.005,3000.0,5.0,4000000000.0,1.0,10000000000.0,,,,,,,,,0.0,66.236155565,1.0,1.0,1.0,0.0,0.0,0.0,,,0.0,,,,368259.941126,,,72.239548,,,4.305397,72.239548,1.0,0.995941664981786,,,,,,,,BASE,BASE,,,,,,6.35404294638155e-08,7.27595761418343e-12,1.09430402517319e-07,0.000216523763986842,665072.166819151,1.17121647547294,25123250.8644021,332293086.338909,0.000216523763986842,0.0,0.000156813624592189,0.00010467099106591,0.0,0.0,5.0,0.0,7.0,3.0,0.0,0.0,0.0,-224884792.502117,483.374606302161,0.0,332293086.338909,0.0,0.0,0.0,597.0,0.0,881.0,0.0,0.0,0.0,0.0,-223706837.919775,,,,,,BASE,0.0,0,/clusteruy/home/mathiasr/generator-aware-row-scaling/results-revision/r1-internal-scaling/simple-gurobi-01pct/base-scaleflag2/resultados/caso30c_base.csv,/clusteruy/home/mathiasr/generator-aware-row-scaling/results-revision/r1-internal-scaling/simple-gurobi-01pct/base-scaleflag2/resultados/caso30c_base_postprocesado.csv,/clusteruy/home/mathiasr/generator-aware-row-scaling/results-revision/r1-internal-scaling/simple-gurobi-01pct/base-scaleflag2/logs/caso30c_base.log
caso30d.txt,base,OK,0,52.821901775,0.00523227495538,-197120481.31844115,-196097000.0,OPTIMAL,-197130795.2040171,8436.0,753462.0,0.25,14400.0,10800.0,35590.0,10872.0,8705.0,28527.0,24.5,19.39814814814815,19.84546220848553,4,Model contains large bounds | Model contains large matrix coefficients | Model contains large rhs | max constraint violation (4.5812e-06) exceeds tolerance,0.002,2000000000.0,0.003,2000.0,5.0,4000000000.0,1.0,10000000000.0,,,,,,,,,0.0,52.821901775,1.0,1.0,1.0,0.0,0.0,0.0,,,0.0,,,,220760.297588,,,59.27775,,0.031458,3.540648,59.27775,1.0,0.037586332472577,,,,,,,,BASE,BASE,,,,,,4.06924179394647e-09,2.27373675443232e-13,1.22243072837591e-07,2.08616256713867e-07,793027.05549339,3.41735242747898,37169018.9573819,144325306.928925,1.81898940354586e-12,0.0,4.58117574453354e-06,0.0,0.0,0.0,0.0,0.0,1.0,0.0,0.0,0.0,0.0,-197120481.318441,921.444260842058,0.0,144325306.928925,0.0,0.0,0.0,186.0,0.0,979.0,0.0,0.0,0.0,0.0,-196096589.387147,,,,,,BASE,0.0,0,/clusteruy/home/mathiasr/generator-aware-row-scaling/results-revision/r1-internal-scaling/simple-gurobi-01pct/base-scaleflag2/resultados/caso30d_base.csv,/clusteruy/home/mathiasr/generator-aware-row-scaling/results-revision/r1-internal-scaling/simple-gurobi-01pct/base-scaleflag2/resultados/caso30d_base_postprocesado.csv,/clusteruy/home/mathiasr/generator-aware-row-scaling/results-revision/r1-internal-scaling/simple-gurobi-01pct/base-scaleflag2/logs/caso30d_base.log
caso30e.txt,base,OK,0,7.455299071,0.099611947153935,-202107744.60113502,-202297000.0,OPTIMAL,-202309068.0608811,19.0,22052.0,0.25,14400.0,10800.0,35590.0,10872.0,8705.0,28527.0,24.5,19.39814814814815,19.84546220848553,4,Model contains large bounds | Model contains large matrix coefficients | Model contains large rhs | max constraint violation (2.6693e-06) exceeds tolerance,0.002,2000000000.0,0.003,2000.0,5.0,4000000000.0,1.0,10000000000.0,,,,,,,,,0.0,7.455299071,1.0,1.0,1.0,0.0,0.0,0.0,,,0.0,,,,502674.183374,,,7.112714,,0.001155,5.419189,7.112714,1.0,0.337647384016583,,,,,,,,BASE,BASE,,,,,,4.7420033981808e-09,2.9976945370423e-10,1.4158693375066e-07,1.97440385818481e-07,127398.072711867,1.72674439499339,4993408.77640956,19358457.9446187,1.19209289550781e-06,0.0,2.66917049884796e-06,0.0,0.0,0.0,2.0,0.0,1.0,0.0,0.0,0.0,0.0,-202107744.601135,1208.61919701251,0.0,19358457.9446187,0.0,0.0,0.0,917.0,0.0,991.0,0.0,0.0,0.0,0.0,-202296846.78451,,,,,,BASE,0.0,0,/clusteruy/home/mathiasr/generator-aware-row-scaling/results-revision/r1-internal-scaling/simple-gurobi-01pct/base-scaleflag2/resultados/caso30e_base.csv,/clusteruy/home/mathiasr/generator-aware-row-scaling/results-revision/r1-internal-scaling/simple-gurobi-01pct/base-scaleflag2/resultados/caso30e_base_postprocesado.csv,/clusteruy/home/mathiasr/generator-aware-row-scaling/results-revision/r1-internal-scaling/simple-gurobi-01pct/base-scaleflag2/logs/caso30e_base.log
caso30f.txt,base,OK,0,19.493585837,0.082046459914274,-199214215.6169699,-198698000.0,OPTIMAL,-199377663.82852963,2674.0,109294.0,0.25,14400.0,10800.0,35590.0,10872.0,8705.0,28527.0,24.5,19.39814814814815,19.84546220848553,4,Model contains large bounds | Model contains large matrix coefficients | Model contains large rhs | max constraint violation (5.5635e-06) exceeds tolerance,0.002,2000000000.0,0.005,2000.0,5.0,4000000000.0,1.0,10000000000.0,,,,,,,,,0.0,19.493585837,1.0,1.0,1.0,0.0,0.0,0.0,,,0.0,,,,29341.3342,,,17.882659,,0.030726,3.482448,17.882659,1.0,0.05377140101267,,,,,,,,BASE,BASE,,,,,,3.53265341310187e-09,5.6843418860808e-14,8.7544322013855e-08,2.42143869400024e-07,624949.311110698,2.84740211694225,21709691.5627407,627172204.90162,9.5367431640625e-07,0.0,5.56372106075287e-06,0.0,0.0,0.0,0.0,0.0,3.0,0.0,0.0,0.0,0.0,-199214215.61697,921.444260842058,0.0,627172204.90162,0.0,0.0,0.0,386.0,0.0,970.0,0.0,0.0,0.0,0.0,-198698021.151496,,,,,,BASE,0.0,0,/clusteruy/home/mathiasr/generator-aware-row-scaling/results-revision/r1-internal-scaling/simple-gurobi-01pct/base-scaleflag2/resultados/caso30f_base.csv,/clusteruy/home/mathiasr/generator-aware-row-scaling/results-revision/r1-internal-scaling/simple-gurobi-01pct/base-scaleflag2/resultados/caso30f_base_postprocesado.csv,/clusteruy/home/mathiasr/generator-aware-row-scaling/results-revision/r1-internal-scaling/simple-gurobi-01pct/base-scaleflag2/logs/caso30f_base.log
caso31a.txt,base,OK,0,1.252581729,0.000246743345485,-52453301.85961975,-69607200.0,OPTIMAL,-52453431.28465158,1.0,4306.0,0.25,14400.0,10800.0,35590.0,9783.0,8737.0,26455.0,32.0625,19.10185185185185,25.667322281539757,3,Model contains large bounds | Model contains large matrix coefficients | Model contains large rhs,0.002,2000000000.0,0.003,3000.0,5.0,4000000000.0,1.0,10000000000.0,,,,,,,,,0.0,1.252581729,1.0,1.0,1.0,0.0,0.0,0.0,,,0.0,,,,53330.558341,,,1.106253,,,,1.106253,1.0,0.452623295563569,,,,,,,,BASE,BASE,,,,,,2.95701979011077e-09,1.77635683940025e-15,1.08499079942703e-07,5.22006303071976e-07,1822033.03530301,1.62057881249968,17690436.7993119,723636430.416623,3.06632084158624e-08,0.0,6.6123902797699e-07,3.44336095739294e-09,0.0,0.0,0.0,0.0,0.0,0.0,0.0,0.0,0.0,-52453301.8596198,183.466445424902,0.0,723636430.416623,3.44336095739294e-09,0.0,0.0,618.0,0.0,712.0,0.0,0.0,0.0,0.0,-69607193.1774189,,,,,,BASE,0.0,0,/clusteruy/home/mathiasr/generator-aware-row-scaling/results-revision/r1-internal-scaling/simple-gurobi-01pct/base-scaleflag2/resultados/caso31a_base.csv,/clusteruy/home/mathiasr/generator-aware-row-scaling/results-revision/r1-internal-scaling/simple-gurobi-01pct/base-scaleflag2/resultados/caso31a_base_postprocesado.csv,/clusteruy/home/mathiasr/generator-aware-row-scaling/results-revision/r1-internal-scaling/simple-gurobi-01pct/base-scaleflag2/logs/caso31a_base.log
caso31b.txt,base,OK,0,1.510461208,0.007285272217368,-58793185.87041135,-59403600.0,OPTIMAL,-58797469.114047274,1.0,7801.0,0.25,14400.0,10800.0,35590.0,9783.0,8737.0,26455.0,32.0625,19.10185185185185,25.667322281539757,4,Model contains large bounds | Model contains large matrix coefficients | Model contains large rhs | max constraint violation (2.4711e-06) exceeds tolerance,0.002,2000000000.0,0.003,3000.0,5.0,4000000000.0,1.0,10000000000.0,,,,,,,,,0.0,1.510461208,1.0,1.0,1.0,0.0,0.0,0.0,,,0.0,,,,24687.547084,,,1.52404,,,,1.52404,1.0,0.520111054378525,,,,,,,,BASE,BASE,,,,,,4.77032388499175e-09,3.72529029846191e-09,1.54981680680066e-07,5.91113372472307e-07,129699.065366695,1.28816634549883,2921192.98325175,16659491.4681561,2.64957563445023e-07,0.0,2.47129355557263e-06,0.0,0.0,0.0,0.0,0.0,2.0,0.0,0.0,0.0,0.0,-58793185.8704114,68.7182079154163,0.0,16659491.4681561,0.0,0.0,0.0,1169.0,0.0,722.0,0.0,0.0,0.0,0.0,-59403638.8577427,,,,,,BASE,0.0,0,/clusteruy/home/mathiasr/generator-aware-row-scaling/results-revision/r1-internal-scaling/simple-gurobi-01pct/base-scaleflag2/resultados/caso31b_base.csv,/clusteruy/home/mathiasr/generator-aware-row-scaling/results-revision/r1-internal-scaling/simple-gurobi-01pct/base-scaleflag2/resultados/caso31b_base_postprocesado.csv,/clusteruy/home/mathiasr/generator-aware-row-scaling/results-revision/r1-internal-scaling/simple-gurobi-01pct/base-scaleflag2/logs/caso31b_base.log
caso31c.txt,base,OK,0,1.380322643,0.00052129826725,-55118409.76644112,-55729000.0,OPTIMAL,-55118697.09775617,1.0,6872.0,0.25,14400.0,10800.0,35590.0,9783.0,8737.0,26455.0,32.0625,19.10185185185185,25.667322281539757,3,Model contains large bounds | Model contains large matrix coefficients | Model contains large rhs,0.002,2000000000.0,0.005,3000.0,5.0,4000000000.0,1.0,10000000000.0,,,,,,,,,0.0,1.380322643,1.0,1.0,1.0,0.0,0.0,0.0,,,0.0,,,,63272.482807,,,1.393877,,,,1.393877,1.0,0.475388199415728,,,,,,,,BASE,BASE,,,,,,3.77827973239253e-09,3.72529029846191e-09,1.2875534594059e-07,5.85801899433136e-07,134589.989638806,0.716638892749345,3004748.68338358,17547210.4023617,7.105427357601e-15,0.0,5.85801899433136e-07,0.0,0.0,0.0,0.0,0.0,0.0,0.0,0.0,0.0,0.0,-55118409.7664411,35.1312186534374,0.0,17547210.4023617,0.0,0.0,0.0,928.0,0.0,639.0,0.0,0.0,0.0,0.0,-55728986.6422675,,,,,,BASE,0.0,0,/clusteruy/home/mathiasr/generator-aware-row-scaling/results-revision/r1-internal-scaling/simple-gurobi-01pct/base-scaleflag2/resultados/caso31c_base.csv,/clusteruy/home/mathiasr/generator-aware-row-scaling/results-revision/r1-internal-scaling/simple-gurobi-01pct/base-scaleflag2/resultados/caso31c_base_postprocesado.csv,/clusteruy/home/mathiasr/generator-aware-row-scaling/results-revision/r1-internal-scaling/simple-gurobi-01pct/base-scaleflag2/logs/caso31c_base.log
caso31d.txt,base,OK,0,1.8194511,0.001357523084237,-73701311.71545011,-74718400.0,OPTIMAL,-73702312.22777003,1.0,8888.0,0.25,14400.0,10800.0,35590.0,10486.0,8737.0,27864.0,27.180555555555557,19.10185185185185,21.708345040741783,3,Model contains large bounds | Model contains large matrix coefficients | Model contains large rhs,0.002,2000000000.0,0.003,2000.0,5.0,4000000000.0,1.0,10000000000.0,,,,,,,,,0.0,1.8194511,1.0,1.0,1.0,0.0,0.0,0.0,,,0.0,,,,340237.275684,,,1.71518,,,,1.71518,1.0,0.322939926971684,,,,,,,,BASE,BASE,,,,,,4.32724946885841e-09,1.11758708953857e-08,1.26659870147705e-07,4.51458618044853e-07,653503.816568761,0.381155863230719,17730576.9507577,713466769.163853,5.45696821063757e-12,0.0,4.51458618044853e-07,0.0,0.0,0.0,0.0,0.0,0.0,0.0,0.0,0.0,0.0,-73701311.7154501,104.5494061525,0.0,713466769.163853,0.0,0.0,0.0,338.0,0.0,694.0,0.0,0.0,0.0,0.0,-74718425.5395243,,,,,,BASE,0.0,0,/clusteruy/home/mathiasr/generator-aware-row-scaling/results-revision/r1-internal-scaling/simple-gurobi-01pct/base-scaleflag2/resultados/caso31d_base.csv,/clusteruy/home/mathiasr/generator-aware-row-scaling/results-revision/r1-internal-scaling/simple-gurobi-01pct/base-scaleflag2/resultados/caso31d_base_postprocesado.csv,/clusteruy/home/mathiasr/generator-aware-row-scaling/results-revision/r1-internal-scaling/simple-gurobi-01pct/base-scaleflag2/logs/caso31d_base.log
caso31e.txt,base,OK,0,1.795173203,0.013912491036281,-79254736.28467503,-78903300.0,OPTIMAL,-79265762.59275647,1.0,8388.0,0.25,14400.0,10800.0,35590.0,10486.0,8737.0,27864.0,27.180555555555557,19.10185185185185,21.708345040741783,4,Model contains large bounds | Model contains large matrix coefficients | Model contains large rhs | max constraint violation (2.3842e-06) exceeds tolerance,0.002,2000000000.0,0.003,2000.0,5.0,4000000000.0,1.0,10000000000.0,,,,,,,,,0.0,1.795173203,1.0,1.0,1.0,0.0,0.0,0.0,,,0.0,,,,188239.927153,,,1.702211,,,,1.702211,1.0,0.43750985087334,,,,,,,,BASE,BASE,,,,,,5.70999202523372e-09,2.05385731533163e-08,1.68744591064751e-07,4.05358150601387e-07,184967.705504086,0.411300237750209,6910544.26233688,27938188.17073,7.105427357601e-15,0.0,2.37755011767149e-06,0.0,0.0,0.0,0.0,0.0,1.0,0.0,0.0,0.0,0.0,-79254736.284675,269.081971444077,0.0,27938188.17073,0.0,0.0,0.0,364.0,0.0,796.0,0.0,0.0,0.0,0.0,-78903286.0663608,,,,,,BASE,0.0,0,/clusteruy/home/mathiasr/generator-aware-row-scaling/results-revision/r1-internal-scaling/simple-gurobi-01pct/base-scaleflag2/resultados/caso31e_base.csv,/clusteruy/home/mathiasr/generator-aware-row-scaling/results-revision/r1-internal-scaling/simple-gurobi-01pct/base-scaleflag2/resultados/caso31e_base_postprocesado.csv,/clusteruy/home/mathiasr/generator-aware-row-scaling/results-revision/r1-internal-scaling/simple-gurobi-01pct/base-scaleflag2/logs/caso31e_base.log
caso31f.txt,base,OK,0,1.595360656,0.001926566605868,-76347260.16239539,-75947300.0,OPTIMAL,-76348731.04321417,1.0,7800.0,0.25,14400.0,10800.0,35590.0,10486.0,8737.0,27864.0,27.180555555555557,19.10185185185185,21.708345040741783,4,Model contains large bounds | Model contains large matrix coefficients | Model contains large rhs | max constraint violation (8.8479e-06) exceeds tolerance,0.002,2000000000.0,0.005,2000.0,5.0,4000000000.0,1.0,10000000000.0,,,,,,,,,0.0,1.595360656,1.0,1.0,1.0,0.0,0.0,0.0,,,0.0,,,,85158.133994,,,1.480264,,,,1.480264,1.0,0.405918675066111,,,,,,,,BASE,BASE,,,,,,7.03466647205732e-09,2.23692040890453e-08,1.45286321640015e-07,6.54254108667374e-07,313812.177099923,0.263445611401171,12479309.8144107,271585651.903109,4.54747350886464e-13,0.0,8.80705192685127e-06,0.0,0.0,0.0,0.0,0.0,6.0,0.0,0.0,0.0,0.0,-76347260.1623954,47.4850537843167,0.0,271585651.903109,0.0,0.0,0.0,316.0,0.0,704.0,0.0,0.0,0.0,0.0,-75947302.0504065,,,,,,BASE,0.0,0,/clusteruy/home/mathiasr/generator-aware-row-scaling/results-revision/r1-internal-scaling/simple-gurobi-01pct/base-scaleflag2/resultados/caso31f_base.csv,/clusteruy/home/mathiasr/generator-aware-row-scaling/results-revision/r1-internal-scaling/simple-gurobi-01pct/base-scaleflag2/resultados/caso31f_base_postprocesado.csv,/clusteruy/home/mathiasr/generator-aware-row-scaling/results-revision/r1-internal-scaling/simple-gurobi-01pct/base-scaleflag2/logs/caso31f_base.log
caso32a.txt,base,OK,0,1.438579482,7.071161979e-05,-73703484.7055835,-90141800.0,OPTIMAL,-73703536.82251137,1.0,5744.0,0.25,14400.0,10800.0,35590.0,9980.0,8787.0,26789.0,30.694444444444443,18.63888888888889,24.728856420342794,3,Model contains large bounds | Model contains large matrix coefficients | Model contains large rhs,0.002,2000000000.0,0.003,3000.0,5.0,4000000000.0,1.0,10000000000.0,,,,,,,,,0.0,1.438579482,1.0,1.0,1.0,0.0,0.0,0.0,,,0.0,,,,34238.066641,,,1.208357,,,,1.208357,1.0,0.394900482139212,,,,,,,,BASE,BASE,,,,,,3.47640048666634e-09,2.16715534406779e-14,1.16883311420679e-07,2.30967998504639e-07,2000029.99444757,1.6932144087127,19081466.9068885,714617173.643801,1.4210854715202e-14,0.0,2.79862433671951e-07,0.0,0.0,0.0,0.0,0.0,0.0,0.0,0.0,0.0,0.0,-73703484.7055835,182.782234307907,0.0,714617173.643801,0.0,0.0,0.0,758.0,0.0,707.0,0.0,0.0,0.0,0.0,-90141786.9757966,,,,,,BASE,0.0,0,/clusteruy/home/mathiasr/generator-aware-row-scaling/results-revision/r1-internal-scaling/simple-gurobi-01pct/base-scaleflag2/resultados/caso32a_base.csv,/clusteruy/home/mathiasr/generator-aware-row-scaling/results-revision/r1-internal-scaling/simple-gurobi-01pct/base-scaleflag2/resultados/caso32a_base_postprocesado.csv,/clusteruy/home/mathiasr/generator-aware-row-scaling/results-revision/r1-internal-scaling/simple-gurobi-01pct/base-scaleflag2/logs/caso32a_base.log
caso32b.txt,base,OK,0,2.059229209,0.036217369738703,-79804551.49927722,-80599000.0,OPTIMAL,-79833454.60876203,1.0,8878.0,0.25,14400.0,10800.0,35590.0,9980.0,8787.0,26789.0,30.694444444444443,18.63888888888889,24.728856420342794,3,Model contains large bounds | Model contains large matrix coefficients | Model contains large rhs,0.002,2000000000.0,0.003,3000.0,5.0,4000000000.0,1.0,10000000000.0,,,,,,,,,0.0,2.059229209,1.0,1.0,1.0,0.0,0.0,0.0,,,0.0,,,,1.0948908016546378e+16,,,1.757538,,,,1.757538,1.0,0.834291034633477,,,,,,,,BASE,BASE,,,,,,4.78954898586284e-09,5.58793544769287e-09,1.55299203470349e-07,1.52736902236938e-07,180016.060010916,0.669720467963149,3198047.14708024,494183259.090488,9.5367431640625e-07,0.0,7.80390109866858e-07,0.0,0.0,0.0,0.0,0.0,0.0,0.0,0.0,0.0,0.0,-79804551.4992772,96.2062325876016,0.0,494183259.090488,0.0,0.0,0.0,878.0,0.0,756.0,0.0,0.0,0.0,0.0,-80598973.7916325,,,,,,BASE,0.0,0,/clusteruy/home/mathiasr/generator-aware-row-scaling/results-revision/r1-internal-scaling/simple-gurobi-01pct/base-scaleflag2/resultados/caso32b_base.csv,/clusteruy/home/mathiasr/generator-aware-row-scaling/results-revision/r1-internal-scaling/simple-gurobi-01pct/base-scaleflag2/resultados/caso32b_base_postprocesado.csv,/clusteruy/home/mathiasr/generator-aware-row-scaling/results-revision/r1-internal-scaling/simple-gurobi-01pct/base-scaleflag2/logs/caso32b_base.log
caso32c.txt,base,OK,0,1.708215517,0.00022915497364,-76419891.7428235,-76603700.0,OPTIMAL,-76420066.86280628,1.0,9403.0,0.25,14400.0,10800.0,35590.0,9980.0,8787.0,26789.0,30.694444444444443,18.63888888888889,24.728856420342794,3,Model contains large bounds | Model contains large matrix coefficients | Model contains large rhs,0.002,2000000000.0,0.005,3000.0,5.0,4000000000.0,1.0,10000000000.0,,,,,,,,,0.0,1.708215517,1.0,1.0,1.0,0.0,0.0,0.0,,,0.0,,,,647694191698186.8,,,1.56562,,,,1.56562,1.0,0.386960274163356,,,,,,,,BASE,BASE,,,,,,4.41426188039653e-09,7.45058059692383e-09,1.47628597915173e-07,3.94880771636963e-07,152176.508595832,0.486730999434174,3174137.04734401,21455630.1620493,1.4210854715202e-14,0.0,3.94880771636963e-07,0.0,0.0,0.0,0.0,0.0,0.0,0.0,0.0,0.0,0.0,-76419891.7428235,51.0174167881451,0.0,21455630.1620493,0.0,0.0,0.0,822.0,0.0,660.0,0.0,0.0,0.0,0.0,-76603748.7057997,,,,,,BASE,0.0,0,/clusteruy/home/mathiasr/generator-aware-row-scaling/results-revision/r1-internal-scaling/simple-gurobi-01pct/base-scaleflag2/resultados/caso32c_base.csv,/clusteruy/home/mathiasr/generator-aware-row-scaling/results-revision/r1-internal-scaling/simple-gurobi-01pct/base-scaleflag2/resultados/caso32c_base_postprocesado.csv,/clusteruy/home/mathiasr/generator-aware-row-scaling/results-revision/r1-internal-scaling/simple-gurobi-01pct/base-scaleflag2/logs/caso32c_base.log
caso32d.txt,base,OK,0,1.872873189,0.00827948662912,-89516628.12146114,-89111900.0,OPTIMAL,-89524039.6387173,1.0,9735.0,0.25,14400.0,10800.0,35590.0,10610.0,8787.0,28048.0,26.319444444444443,18.63888888888889,21.19134588367519,3,Model contains large bounds | Model contains large matrix coefficients | Model contains large rhs,0.002,2000000000.0,0.003,2000.0,5.0,4000000000.0,1.0,10000000000.0,,,,,,,,,0.0,1.872873189,1.0,1.0,1.0,0.0,0.0,0.0,,,0.0,,,,526099.556842,,,1.765991,,,,1.765991,1.0,0.295522490469943,,,,,,,,BASE,BASE,,,,,,5.20809148128511e-09,2.6775524020195e-08,1.46687962114811e-07,3.20374965667725e-07,403928.234232866,0.441444666838886,16249276.6479604,322901826.024166,1.09139364212751e-11,0.0,9.18866135179996e-07,0.0,0.0,0.0,0.0,0.0,0.0,0.0,0.0,0.0,0.0,-89516628.1214611,340.502607502449,0.0,322901826.024166,0.0,0.0,0.0,362.0,0.0,797.0,0.0,0.0,0.0,0.0,-89111900.9142728,,,,,,BASE,0.0,0,/clusteruy/home/mathiasr/generator-aware-row-scaling/results-revision/r1-internal-scaling/simple-gurobi-01pct/base-scaleflag2/resultados/caso32d_base.csv,/clusteruy/home/mathiasr/generator-aware-row-scaling/results-revision/r1-internal-scaling/simple-gurobi-01pct/base-scaleflag2/resultados/caso32d_base_postprocesado.csv,/clusteruy/home/mathiasr/generator-aware-row-scaling/results-revision/r1-internal-scaling/simple-gurobi-01pct/base-scaleflag2/logs/caso32d_base.log
caso32e.txt,base,OK,0,2.025365023,0.018397116624342,-94855813.16758735,-94353200.0,OPTIMAL,-94873263.90216076,1.0,10353.0,0.25,14400.0,10800.0,35590.0,10610.0,8787.0,28048.0,26.319444444444443,18.63888888888889,21.19134588367519,3,Model contains large bounds | Model contains large matrix coefficients | Model contains large rhs,0.002,2000000000.0,0.003,2000.0,5.0,4000000000.0,1.0,10000000000.0,,,,,,,,,0.0,2.025365023,1.0,1.0,1.0,0.0,0.0,0.0,,,0.0,,,,341811.153892,,,1.912078,,,,1.912078,1.0,0.378480578997013,,,,,,,,BASE,BASE,,,,,,5.53936368224468e-09,1.90979335457086e-08,1.61585630849004e-07,3.46451997756958e-07,286068.636606511,0.529570578780333,14185938.9147673,30606190.1585808,1.09139364212751e-11,0.0,8.99657607078552e-07,0.0,0.0,0.0,0.0,0.0,0.0,0.0,0.0,0.0,0.0,-94855813.1675874,776.856119273474,0.0,30606190.1585808,0.0,0.0,0.0,412.0,0.0,847.0,0.0,0.0,0.0,0.0,-94353155.1628226,,,,,,BASE,0.0,0,/clusteruy/home/mathiasr/generator-aware-row-scaling/results-revision/r1-internal-scaling/simple-gurobi-01pct/base-scaleflag2/resultados/caso32e_base.csv,/clusteruy/home/mathiasr/generator-aware-row-scaling/results-revision/r1-internal-scaling/simple-gurobi-01pct/base-scaleflag2/resultados/caso32e_base_postprocesado.csv,/clusteruy/home/mathiasr/generator-aware-row-scaling/results-revision/r1-internal-scaling/simple-gurobi-01pct/base-scaleflag2/logs/caso32e_base.log
caso32f.txt,base,OK,0,1.863198615,0.011818397423157,-92143869.78582788,-91739100.0,OPTIMAL,-92154759.71456024,1.0,9612.0,0.25,14400.0,10800.0,35590.0,10610.0,8787.0,28048.0,26.319444444444443,18.63888888888889,21.19134588367519,3,Model contains large bounds | Model contains large matrix coefficients | Model contains large rhs,0.002,2000000000.0,0.005,2000.0,5.0,4000000000.0,1.0,10000000000.0,,,,,,,,,0.0,1.863198615,1.0,1.0,1.0,0.0,0.0,0.0,,,0.0,,,,526099.556842,,,1.719387,,,,1.719387,1.0,0.344055275127313,,,,,,,,BASE,BASE,,,,,,5.20809148128511e-09,2.6775524020195e-08,1.46687962114811e-07,3.20374965667725e-07,403928.234232866,0.441444666838886,16249276.6479604,322901826.024166,1.09139364212751e-11,0.0,9.18866135179996e-07,0.0,0.0,0.0,0.0,0.0,0.0,0.0,0.0,0.0,0.0,-92143869.7858279,340.502607502449,0.0,322901826.024166,0.0,0.0,0.0,362.0,0.0,797.0,0.0,0.0,0.0,0.0,-91739142.5786396,,,,,,BASE,0.0,0,/clusteruy/home/mathiasr/generator-aware-row-scaling/results-revision/r1-internal-scaling/simple-gurobi-01pct/base-scaleflag2/resultados/caso32f_base.csv,/clusteruy/home/mathiasr/generator-aware-row-scaling/results-revision/r1-internal-scaling/simple-gurobi-01pct/base-scaleflag2/resultados/caso32f_base_postprocesado.csv,/clusteruy/home/mathiasr/generator-aware-row-scaling/results-revision/r1-internal-scaling/simple-gurobi-01pct/base-scaleflag2/logs/caso32f_base.log
caso33a.txt,base,OK,0,1.303919787,0.000118858831044,-42297752.95618236,-62344600.0,OPTIMAL,-42297803.23079708,1.0,4734.0,0.25,14400.0,10800.0,35590.0,9718.0,8759.0,26243.0,32.513888888888886,18.89814814814815,26.262995223377352,3,Model contains large bounds | Model contains large matrix coefficients | Model contains large rhs,0.002,2000000000.0,0.003,3000.0,5.0,4000000000.0,1.0,10000000000.0,,,,,,,,,0.0,1.303919787,1.0,1.0,1.0,0.0,0.0,0.0,,,0.0,,,,61204.625709,,,1.125874,,,,1.125874,1.0,0.471979727967705,,,,,,,,BASE,BASE,,,,,,3.67101188000394e-09,1.78745906964634e-15,1.22123747132719e-07,7.82310962677002e-08,1878387.22069501,1.73512061975301,17824779.81664,724562675.061075,3.5527136788005e-15,0.0,6.70552253723145e-07,0.0,0.0,0.0,0.0,0.0,0.0,0.0,0.0,0.0,0.0,-42297752.9561824,183.584278897417,0.0,724562675.061075,0.0,0.0,0.0,698.0,0.0,707.0,0.0,0.0,0.0,0.0,-62344560.8831839,,,,,,BASE,0.0,0,/clusteruy/home/mathiasr/generator-aware-row-scaling/results-revision/r1-internal-scaling/simple-gurobi-01pct/base-scaleflag2/resultados/caso33a_base.csv,/clusteruy/home/mathiasr/generator-aware-row-scaling/results-revision/r1-internal-scaling/simple-gurobi-01pct/base-scaleflag2/resultados/caso33a_base_postprocesado.csv,/clusteruy/home/mathiasr/generator-aware-row-scaling/results-revision/r1-internal-scaling/simple-gurobi-01pct/base-scaleflag2/logs/caso33a_base.log
caso33b.txt,base,OK,0,1.510545153,0.003971168222573,-48642597.15176617,-49154700.0,OPTIMAL,-48644528.8311269,1.0,8183.0,0.25,14400.0,10800.0,35590.0,9718.0,8759.0,26243.0,32.513888888888886,18.89814814814815,26.262995223377352,3,Model contains large bounds | Model contains large matrix coefficients | Model contains large rhs,0.002,2000000000.0,0.003,3000.0,5.0,4000000000.0,1.0,10000000000.0,,,,,,,,,0.0,1.510545153,1.0,1.0,1.0,0.0,0.0,0.0,,,0.0,,,,45685.047997,,,1.500589,,,,1.500589,1.0,0.580783559626746,,,,,,,,BASE,BASE,,,,,,4.40871376954378e-09,7.45058059692383e-09,1.45522644743323e-07,1.564621925354e-07,129790.446057353,1.15635678749895,3561297.31492714,17181962.1122294,7.105427357601e-15,0.0,5.80097548663616e-07,0.0,0.0,0.0,0.0,0.0,0.0,0.0,0.0,0.0,0.0,-48642597.1517662,53.4237454611566,0.0,17181962.1122294,0.0,0.0,0.0,999.0,0.0,720.0,0.0,0.0,0.0,0.0,-49154661.0657518,,,,,,BASE,0.0,0,/clusteruy/home/mathiasr/generator-aware-row-scaling/results-revision/r1-internal-scaling/simple-gurobi-01pct/base-scaleflag2/resultados/caso33b_base.csv,/clusteruy/home/mathiasr/generator-aware-row-scaling/results-revision/r1-internal-scaling/simple-gurobi-01pct/base-scaleflag2/resultados/caso33b_base_postprocesado.csv,/clusteruy/home/mathiasr/generator-aware-row-scaling/results-revision/r1-internal-scaling/simple-gurobi-01pct/base-scaleflag2/logs/caso33b_base.log
caso33c.txt,base,OK,0,1.631056952,0.000187129555945,-45069481.18162224,-45568200.0,OPTIMAL,-45069565.51994224,1.0,8260.0,0.25,14400.0,10800.0,35590.0,9718.0,8759.0,26243.0,32.513888888888886,18.89814814814815,26.262995223377352,3,Model contains large bounds | Model contains large matrix coefficients | Model contains large rhs,0.002,2000000000.0,0.005,3000.0,5.0,4000000000.0,1.0,10000000000.0,,,,,,,,,0.0,1.631056952,1.0,1.0,1.0,0.0,0.0,0.0,,,0.0,,,,37196.708105,,,1.590996,,,,1.590996,1.0,0.506754944647962,,,,,,,,BASE,BASE,,,,,,4.34947745229545e-09,7.45058059692383e-09,1.41807540785522e-07,1.7508864402771e-07,128870.533500991,0.781712304124951,3591125.77475937,17818870.4685841,1.32732890668479e-08,0.0,6.34230673313141e-07,3.30442470974392e-10,0.0,0.0,0.0,0.0,0.0,0.0,0.0,0.0,0.0,-45069481.1816222,4.8201875604102,0.0,17818870.4685841,3.30442470974392e-10,0.0,0.0,893.0,0.0,680.0,0.0,0.0,0.0,0.0,-45568230.0846094,,,,,,BASE,0.0,0,/clusteruy/home/mathiasr/generator-aware-row-scaling/results-revision/r1-internal-scaling/simple-gurobi-01pct/base-scaleflag2/resultados/caso33c_base.csv,/clusteruy/home/mathiasr/generator-aware-row-scaling/results-revision/r1-internal-scaling/simple-gurobi-01pct/base-scaleflag2/resultados/caso33c_base_postprocesado.csv,/clusteruy/home/mathiasr/generator-aware-row-scaling/results-revision/r1-internal-scaling/simple-gurobi-01pct/base-scaleflag2/logs/caso33c_base.log
caso33d.txt,base,OK,0,2.012353169,0.001312611635486,-66148196.351856746,-65931900.0,OPTIMAL,-66149064.620778725,1.0,9719.0,0.25,14400.0,10800.0,35590.0,10450.0,8759.0,27697.0,27.430555555555557,18.89814814814815,22.177577971340263,3,Model contains large bounds | Model contains large matrix coefficients | Model contains large rhs,0.002,2000000000.0,0.003,2000.0,5.0,4000000000.0,1.0,10000000000.0,,,,,,,,,0.0,2.012353169,1.0,1.0,1.0,0.0,0.0,0.0,,,0.0,,,,74274.16817,,,1.819031,,,,1.819031,1.0,0.322495236213967,,,,,,,,BASE,BASE,,,,,,5.44474511631122e-09,3.35276126861572e-08,1.41575001180172e-07,2.90572643280029e-07,157238.455386313,0.231424814855182,3717698.77714239,44001212.3650051,5.45696821063757e-12,0.0,4.1816383600235e-07,0.0,0.0,0.0,0.0,0.0,0.0,0.0,0.0,0.0,0.0,-66148196.3518567,261.896857448683,0.0,44001212.3650051,0.0,0.0,0.0,293.0,0.0,721.0,0.0,0.0,0.0,0.0,-65931854.6611061,,,,,,BASE,0.0,0,/clusteruy/home/mathiasr/generator-aware-row-scaling/results-revision/r1-internal-scaling/simple-gurobi-01pct/base-scaleflag2/resultados/caso33d_base.csv,/clusteruy/home/mathiasr/generator-aware-row-scaling/results-revision/r1-internal-scaling/simple-gurobi-01pct/base-scaleflag2/resultados/caso33d_base_postprocesado.csv,/clusteruy/home/mathiasr/generator-aware-row-scaling/results-revision/r1-internal-scaling/simple-gurobi-01pct/base-scaleflag2/logs/caso33d_base.log
caso33e.txt,base,OK,0,1.775951526,0.011265783210322,-71755756.63058986,-71647800.0,OPTIMAL,-71763840.47857279,1.0,8711.0,0.25,14400.0,10800.0,35590.0,10450.0,8759.0,27697.0,27.430555555555557,18.89814814814815,22.177577971340263,4,Model contains large bounds | Model contains large matrix coefficients | Model contains large rhs | max constraint violation (8.8215e-06) exceeds tolerance,0.002,2000000000.0,0.003,2000.0,5.0,4000000000.0,1.0,10000000000.0,,,,,,,,,0.0,1.775951526,1.0,1.0,1.0,0.0,0.0,0.0,,,0.0,,,,250220.67005,,,1.588179,,,,1.588179,1.0,0.459799023899194,,,,,,,,BASE,BASE,,,,,,6.53615762153126e-09,2.31695594266057e-08,1.56346941366792e-07,1.71363353729248e-07,119100.393467212,0.276176078539184,3163778.69900726,19529880.6281975,2.27373675443232e-13,0.0,8.83499160408974e-06,0.0,0.0,0.0,0.0,0.0,4.0,0.0,0.0,0.0,0.0,-71755756.6305899,235.787508163152,0.0,19529880.6281975,0.0,0.0,0.0,401.0,0.0,776.0,0.0,0.0,0.0,0.0,-71647794.6489923,,,,,,BASE,0.0,0,/clusteruy/home/mathiasr/generator-aware-row-scaling/results-revision/r1-internal-scaling/simple-gurobi-01pct/base-scaleflag2/resultados/caso33e_base.csv,/clusteruy/home/mathiasr/generator-aware-row-scaling/results-revision/r1-internal-scaling/simple-gurobi-01pct/base-scaleflag2/resultados/caso33e_base_postprocesado.csv,/clusteruy/home/mathiasr/generator-aware-row-scaling/results-revision/r1-internal-scaling/simple-gurobi-01pct/base-scaleflag2/logs/caso33e_base.log
caso33f.txt,base,OK,0,1.849641634,0.001851571181915,-68903725.33907786,-68687400.0,OPTIMAL,-68905001.1405995,1.0,9185.0,0.25,14400.0,10800.0,35590.0,10450.0,8759.0,27697.0,27.430555555555557,18.89814814814815,22.177577971340263,3,Model contains large bounds | Model contains large matrix coefficients | Model contains large rhs,0.002,2000000000.0,0.005,2000.0,5.0,4000000000.0,1.0,10000000000.0,,,,,,,,,0.0,1.849641634,1.0,1.0,1.0,0.0,0.0,0.0,,,0.0,,,,74274.168169,,,1.598453,,,,1.598453,1.0,0.403027036464976,,,,,,,,BASE,BASE,,,,,,5.44474511631122e-09,3.35276126861572e-08,1.41575001180172e-07,2.90572643280029e-07,157238.455386313,0.231424814855182,3717698.77714239,44001212.3650051,5.45696821063757e-12,0.0,4.1816383600235e-07,0.0,0.0,0.0,0.0,0.0,0.0,0.0,0.0,0.0,0.0,-68903725.3390779,261.896857448683,0.0,44001212.3650051,0.0,0.0,0.0,293.0,0.0,721.0,0.0,0.0,0.0,0.0,-68687383.6483272,,,,,,BASE,0.0,0,/clusteruy/home/mathiasr/generator-aware-row-scaling/results-revision/r1-internal-scaling/simple-gurobi-01pct/base-scaleflag2/resultados/caso33f_base.csv,/clusteruy/home/mathiasr/generator-aware-row-scaling/results-revision/r1-internal-scaling/simple-gurobi-01pct/base-scaleflag2/resultados/caso33f_base_postprocesado.csv,/clusteruy/home/mathiasr/generator-aware-row-scaling/results-revision/r1-internal-scaling/simple-gurobi-01pct/base-scaleflag2/logs/caso33f_base.log
caso34a.txt,base,OK,0,1.905387205,1.2673962023e-05,-279017613.54162645,-278713000.0,OPTIMAL,-279017648.90421283,1.0,9017.0,0.27,14400.0,10800.0,35590.0,11063.0,9033.0,30173.0,23.17361111111111,16.36111111111111,15.220567575161562,4,Model contains large bounds | Model contains large matrix coefficients | Model contains large rhs | max constraint violation (8.9342e-06) exceeds tolerance,0.002,1000000000.0,0.003,3000.0,5.0,4000000000.0,1.0,10000000000.0,,,,,,,,,0.0,1.905387205,1.0,1.0,1.0,0.0,0.0,0.0,,,0.0,,,,203208.856097,,,1.566995,,0.012714,1.393494,1.566995,1.0,0.28758450472843,,,,,,,,BASE,BASE,,,,,,2.576662577117e-09,5.6843418860808e-14,6.70552253723145e-08,1.60187482833862e-07,718110.431379324,1.56901744500023,37650928.563996,72371663.594332,9.5367431640625e-07,0.0,8.93417745828629e-06,0.0,0.0,0.0,0.0,0.0,2.0,0.0,0.0,0.0,0.0,-279017613.541626,75.8315318436144,0.0,72371663.594332,0.0,0.0,0.0,456.0,0.0,723.0,0.0,0.0,0.0,0.0,-278713452.881336,,,,,,BASE,0.0,0,/clusteruy/home/mathiasr/generator-aware-row-scaling/results-revision/r1-internal-scaling/simple-gurobi-01pct/base-scaleflag2/resultados/caso34a_base.csv,/clusteruy/home/mathiasr/generator-aware-row-scaling/results-revision/r1-internal-scaling/simple-gurobi-01pct/base-scaleflag2/resultados/caso34a_base_postprocesado.csv,/clusteruy/home/mathiasr/generator-aware-row-scaling/results-revision/r1-internal-scaling/simple-gurobi-01pct/base-scaleflag2/logs/caso34a_base.log
caso34b.txt,base,OK,0,2.042844457,0.008676656921738,-286835947.2669053,-287771000.0,OPTIMAL,-286860835.0379779,1.0,10024.0,0.28,14400.0,10800.0,35590.0,11063.0,9033.0,30173.0,23.17361111111111,16.36111111111111,15.220567575161562,4,Model contains large bounds | Model contains large matrix coefficients | Model contains large rhs | max constraint violation (5.9032e-06) exceeds tolerance,0.002,1000000000.0,0.003,3000.0,5.0,4000000000.0,1.0,10000000000.0,,,,,,,,,0.0,2.042844457,1.0,1.0,1.0,0.0,0.0,0.0,,,0.0,,,,926737.12538,,,1.763747,,0.006011,1.701288,1.763747,1.0,0.263353611267803,,,,,,,,BASE,BASE,,,,,,2.81438690795113e-09,7.27595761418343e-12,7.77665991336108e-08,1.86264514923096e-07,498084.091696632,1.62645739000009,37602559.3652815,52121285.8589039,9.5367431640625e-07,0.0,5.94719313085079e-06,0.0,0.0,0.0,0.0,0.0,1.0,0.0,0.0,0.0,0.0,-286835947.266905,379.157659218094,0.0,52121285.8589039,0.0,0.0,0.0,794.0,0.0,722.0,0.0,0.0,0.0,0.0,-287771091.856898,,,,,,BASE,0.0,0,/clusteruy/home/mathiasr/generator-aware-row-scaling/results-revision/r1-internal-scaling/simple-gurobi-01pct/base-scaleflag2/resultados/caso34b_base.csv,/clusteruy/home/mathiasr/generator-aware-row-scaling/results-revision/r1-internal-scaling/simple-gurobi-01pct/base-scaleflag2/resultados/caso34b_base_postprocesado.csv,/clusteruy/home/mathiasr/generator-aware-row-scaling/results-revision/r1-internal-scaling/simple-gurobi-01pct/base-scaleflag2/logs/caso34b_base.log
caso34c.txt,base,OK,0,1.762890508,0.000207588233175,-282718180.6010665,-284169000.0,OPTIMAL,-282718767.4907425,1.0,9183.0,0.27,14400.0,10800.0,35590.0,11063.0,9033.0,30173.0,23.17361111111111,16.36111111111111,15.220567575161562,4,Model contains large bounds | Model contains large matrix coefficients | Model contains large rhs | max constraint violation (5.9604e-06) exceeds tolerance,0.002,1000000000.0,0.005,3000.0,5.0,4000000000.0,1.0,10000000000.0,,,,,,,,,0.0,1.762890508,1.0,1.0,1.0,0.0,0.0,0.0,,,0.0,,,,393228201390704.6,,,1.488458,,0.006267,1.46625,1.488458,1.0,0.277772137827198,,,,,,,,BASE,BASE,,,,,,2.62169994394531e-09,7.27595761418343e-12,7.78850517235697e-08,1.78813934326172e-07,555122.482283493,1.62916284292777,38338353.0821945,777316525.722662,9.5367431640625e-07,0.0,5.96040626987815e-06,0.0,0.0,0.0,0.0,0.0,1.0,0.0,0.0,0.0,0.0,-282718180.601066,387.311587373326,0.0,777316525.722662,0.0,0.0,0.0,799.0,0.0,723.0,0.0,0.0,0.0,0.0,-284168693.620554,,,,,,BASE,0.0,0,/clusteruy/home/mathiasr/generator-aware-row-scaling/results-revision/r1-internal-scaling/simple-gurobi-01pct/base-scaleflag2/resultados/caso34c_base.csv,/clusteruy/home/mathiasr/generator-aware-row-scaling/results-revision/r1-internal-scaling/simple-gurobi-01pct/base-scaleflag2/resultados/caso34c_base_postprocesado.csv,/clusteruy/home/mathiasr/generator-aware-row-scaling/results-revision/r1-internal-scaling/simple-gurobi-01pct/base-scaleflag2/logs/caso34c_base.log
caso34d.txt,base,OK,0,1.969048966,0.087372531765594,-183058137.74142492,-183240000.0,OPTIMAL,-183218080.27097255,1.0,9310.0,0.29,14400.0,10800.0,35590.0,11333.0,8815.0,30629.0,21.29861111111111,18.37962962962963,13.939308794605227,3,Model contains large bounds | Model contains large matrix coefficients | Model contains large rhs,0.002,1000000000.0,0.003,2000.0,5.0,4000000000.0,1.0,10000000000.0,,,,,,,,,0.0,1.969048966,1.0,1.0,1.0,0.0,0.0,0.0,,,0.0,,,,1070508.59175,,,1.677767,,0.001309,1.455101,1.677767,1.0,0.261715683875132,,,,,,,,BASE,BASE,,,,,,3.58734039779419e-09,3.72529029846191e-09,1.11788976937533e-07,1.97440385818481e-07,730773.376278462,0.280392920352179,42987247.0435031,66825433.0297252,7.27595761418343e-12,0.0,3.54892108589411e-07,0.0,0.0,1.88737914186277e-15,0.0,0.0,0.0,0.0,0.0,0.0,0.0,-183058137.741425,6.78181416045728,0.0,66825433.0297252,0.0,0.0,1.88737914186277e-15,254.0,0.0,873.0,0.0,0.0,0.0,0.0,-183240024.677821,,,,,,BASE,0.0,0,/clusteruy/home/mathiasr/generator-aware-row-scaling/results-revision/r1-internal-scaling/simple-gurobi-01pct/base-scaleflag2/resultados/caso34d_base.csv,/clusteruy/home/mathiasr/generator-aware-row-scaling/results-revision/r1-internal-scaling/simple-gurobi-01pct/base-scaleflag2/resultados/caso34d_base_postprocesado.csv,/clusteruy/home/mathiasr/generator-aware-row-scaling/results-revision/r1-internal-scaling/simple-gurobi-01pct/base-scaleflag2/logs/caso34d_base.log
caso34e.txt,base,OK,0,2.213954597,0.048197632164008,-190756366.79548165,-191113000.0,OPTIMAL,-190848306.84747916,1.0,9570.0,0.28,14400.0,10800.0,35590.0,11333.0,8815.0,30629.0,21.29861111111111,18.37962962962963,13.939308794605227,4,Model contains large bounds | Model contains large matrix coefficients | Model contains large rhs | max constraint violation (8.9612e-06) exceeds tolerance,0.002,1000000000.0,0.003,2000.0,5.0,4000000000.0,1.0,10000000000.0,,,,,,,,,0.0,2.213954597,1.0,1.0,1.0,0.0,0.0,0.0,,,0.0,,,,1066763.553153,,,1.896432,,0.008802,1.664434,1.896432,1.0,0.245457520964936,,,,,,,,BASE,BASE,,,,,,1.04560639307807e-08,1.45053490996359e-08,1.83936208486557e-07,8.19696388987268e-07,651203.036732897,0.276707489250854,37819781.2154774,62391419.6035212,9.5367431640625e-07,0.0,8.91275703907013e-06,0.0,0.0,0.0,0.0,0.0,2.0,0.0,0.0,0.0,0.0,-190756366.795481,5.86687401186929,0.0,62391419.6035212,0.0,0.0,0.0,255.0,0.0,875.0,0.0,0.0,0.0,0.0,-191113081.066919,,,,,,BASE,0.0,0,/clusteruy/home/mathiasr/generator-aware-row-scaling/results-revision/r1-internal-scaling/simple-gurobi-01pct/base-scaleflag2/resultados/caso34e_base.csv,/clusteruy/home/mathiasr/generator-aware-row-scaling/results-revision/r1-internal-scaling/simple-gurobi-01pct/base-scaleflag2/resultados/caso34e_base_postprocesado.csv,/clusteruy/home/mathiasr/generator-aware-row-scaling/results-revision/r1-internal-scaling/simple-gurobi-01pct/base-scaleflag2/logs/caso34e_base.log
caso34f.txt,base,OK,0,1.77775236,0.000953485620613,-186822733.4191614,-187235000.0,OPTIMAL,-186824514.7470606,1.0,9304.0,0.28,14400.0,10800.0,35590.0,11333.0,8815.0,30629.0,21.29861111111111,18.37962962962963,13.939308794605227,4,Model contains large bounds | Model contains large matrix coefficients | Model contains large rhs | max constraint violation (8.9621e-06) exceeds tolerance,0.002,1000000000.0,0.005,2000.0,5.0,4000000000.0,1.0,10000000000.0,,,,,,,,,0.0,1.77775236,1.0,1.0,1.0,0.0,0.0,0.0,,,0.0,,,,1066762.363626,,,1.650204,,0.019198,1.519025,1.650204,1.0,0.2845467641908,,,,,,,,BASE,BASE,,,,,,4.74182593802943e-09,3.72529029846191e-09,1.16069568321109e-07,8.19696388987268e-07,661873.178018088,0.199566906419737,37819781.2154777,66405407.296762,9.5367431640625e-07,0.0,8.91368836164474e-06,0.0,0.0,0.0,0.0,0.0,2.0,0.0,0.0,0.0,0.0,-186822733.419161,6.73979959387915,0.0,66405407.296762,0.0,0.0,0.0,250.0,0.0,875.0,0.0,0.0,0.0,0.0,-187235169.527784,,,,,,BASE,0.0,0,/clusteruy/home/mathiasr/generator-aware-row-scaling/results-revision/r1-internal-scaling/simple-gurobi-01pct/base-scaleflag2/resultados/caso34f_base.csv,/clusteruy/home/mathiasr/generator-aware-row-scaling/results-revision/r1-internal-scaling/simple-gurobi-01pct/base-scaleflag2/resultados/caso34f_base_postprocesado.csv,/clusteruy/home/mathiasr/generator-aware-row-scaling/results-revision/r1-internal-scaling/simple-gurobi-01pct/base-scaleflag2/logs/caso34f_base.log
caso35a.txt,base,OK,0,114.835802531,4.2e-14,-574334105.448153,-575384000.0,OPTIMAL,-574334105.4481533,43360.0,2958865.0,0.21,14400.0,10800.0,35590.0,10026.0,8022.0,26876.0,30.375,25.72222222222222,24.484405731947177,4,Model contains large bounds | Model contains large matrix coefficients | Model contains large rhs | max constraint violation (1.0966e-06) exceeds tolerance,0.002,2000000000.0,0.003,3000.0,5.0,4000000000.0,1.0,10000000000.0,,,,,,,,,0.0,114.835802531,1.0,1.0,1.0,0.0,0.0,0.0,,,0.0,,,,1129091.825076,,,139.32831,,0.058057,5.086293,139.32831,1.0,0.05702270103958,,,,,,,,BASE,BASE,,,,,,3.45443350542391e-09,5.6843418860808e-14,1.08033418655396e-07,2.34693288803101e-07,290324.345136298,3.84338873381908,10769153.1673602,257174412.52722,1.81898940354586e-11,0.0,1.09663233160973e-06,0.0,0.0,0.0,0.0,0.0,1.0,0.0,0.0,0.0,0.0,-574334105.448153,1626.40377363025,0.0,257174412.52722,0.0,0.0,0.0,281.0,0.0,1065.0,0.0,0.0,0.0,0.0,-575384362.67775,,,,,,BASE,0.0,0,/clusteruy/home/mathiasr/generator-aware-row-scaling/results-revision/r1-internal-scaling/simple-gurobi-01pct/base-scaleflag2/resultados/caso35a_base.csv,/clusteruy/home/mathiasr/generator-aware-row-scaling/results-revision/r1-internal-scaling/simple-gurobi-01pct/base-scaleflag2/resultados/caso35a_base_postprocesado.csv,/clusteruy/home/mathiasr/generator-aware-row-scaling/results-revision/r1-internal-scaling/simple-gurobi-01pct/base-scaleflag2/logs/caso35a_base.log
caso35b.txt,base,OK,0,101.072475892,0.050173761043298,-582066303.8722522,-585550000.0,OPTIMAL,-582358348.4286706,39879.0,1682801.0,0.21,14400.0,10800.0,35590.0,10026.0,8022.0,26876.0,30.375,25.72222222222222,24.484405731947177,3,Model contains large bounds | Model contains large matrix coefficients | Model contains large rhs,0.002,2000000000.0,0.003,3000.0,5.0,4000000000.0,1.0,10000000000.0,,,,,,,,,0.0,101.072475892,1.0,1.0,1.0,0.0,0.0,0.0,,,0.0,,,,221262.60146,,,122.187945,,0.009769,4.142468,122.187945,1.0,0.011194162350661,,,,,,,,BASE,BASE,,,,,,4.09025130800045e-09,5.6843418860808e-14,1.32247805595398e-07,2.70083546638489e-07,259862.211993554,2.91425055267943,9824872.48117531,40561073.2806624,1.45519152283669e-11,0.0,7.07805156707764e-07,0.0,0.0,0.0,0.0,0.0,0.0,0.0,0.0,0.0,0.0,-582066303.872252,1667.04024211725,0.0,40561073.2806624,0.0,0.0,0.0,844.0,0.0,1060.0,0.0,0.0,0.0,0.0,-585550000.013439,,,,,,BASE,0.0,0,/clusteruy/home/mathiasr/generator-aware-row-scaling/results-revision/r1-internal-scaling/simple-gurobi-01pct/base-scaleflag2/resultados/caso35b_base.csv,/clusteruy/home/mathiasr/generator-aware-row-scaling/results-revision/r1-internal-scaling/simple-gurobi-01pct/base-scaleflag2/resultados/caso35b_base_postprocesado.csv,/clusteruy/home/mathiasr/generator-aware-row-scaling/results-revision/r1-internal-scaling/simple-gurobi-01pct/base-scaleflag2/logs/caso35b_base.log
caso35c.txt,base,OK,0,67.93735313,0.058587903380348,-578104325.4878087,-580249000.0,OPTIMAL,-578443024.6914631,38042.0,2135398.0,0.21,14400.0,10800.0,35590.0,10026.0,8022.0,26876.0,30.375,25.72222222222222,24.484405731947177,3,Model contains large bounds | Model contains large matrix coefficients | Model contains large rhs,0.002,2000000000.0,0.005,3000.0,5.0,4000000000.0,1.0,10000000000.0,,,,,,,,,0.0,67.93735313,1.0,1.0,1.0,0.0,0.0,0.0,,,0.0,,,,1289073.411756,,,75.663964,,0.010052,3.950862,75.663964,1.0,0.012110182536347,,,,,,,,BASE,BASE,,,,,,3.40740990732416e-09,5.6843418860808e-14,1.08503736555576e-07,2.38418579101562e-07,312348.045284417,3.99915085566968,5951604.16642247,759802073.503693,2.18278728425503e-11,0.0,5.11296093463898e-07,0.0,0.0,0.0,0.0,0.0,0.0,0.0,0.0,0.0,0.0,-578104325.487809,2028.51580482123,0.0,759802073.503693,0.0,0.0,0.0,303.0,0.0,1062.0,0.0,0.0,0.0,0.0,-580248541.341877,,,,,,BASE,0.0,0,/clusteruy/home/mathiasr/generator-aware-row-scaling/results-revision/r1-internal-scaling/simple-gurobi-01pct/base-scaleflag2/resultados/caso35c_base.csv,/clusteruy/home/mathiasr/generator-aware-row-scaling/results-revision/r1-internal-scaling/simple-gurobi-01pct/base-scaleflag2/resultados/caso35c_base_postprocesado.csv,/clusteruy/home/mathiasr/generator-aware-row-scaling/results-revision/r1-internal-scaling/simple-gurobi-01pct/base-scaleflag2/logs/caso35c_base.log
caso35d.txt,base,OK,0,24.388249147,0.094935442014561,-342072338.21957576,-343692000.0,OPTIMAL,-342397086.10587406,1966.0,1198301.0,0.21,14400.0,10800.0,35590.0,9648.0,7435.0,25927.0,33.0,31.15740740740741,27.150885080078673,3,Model contains large bounds | Model contains large matrix coefficients | Model contains large rhs,0.002,2000000000.0,0.003,2000.0,5.0,4000000000.0,1.0,10000000000.0,,,,,,,,,0.0,24.388249147,1.0,1.0,1.0,0.0,0.0,0.0,,,0.0,,,,134288.425414,,,33.810499,,0.008427,2.0858,33.810499,1.0,0.014246349144315,,,,,,,,BASE,BASE,,,,,,1.97856563244336e-09,2.8421709430404e-14,8.38190317153931e-08,3.5017728805542e-07,249100.858674406,4.83500025507015,11122204.7785609,30571944.2894968,2.8421709430404e-14,0.0,3.5017728805542e-07,0.0,0.0,0.0,0.0,0.0,0.0,0.0,0.0,0.0,0.0,-342072338.219576,56.2295319761761,0.0,30571944.2894968,0.0,0.0,0.0,9.0,0.0,1077.0,0.0,0.0,0.0,0.0,-343691913.832734,,,,,,BASE,0.0,0,/clusteruy/home/mathiasr/generator-aware-row-scaling/results-revision/r1-internal-scaling/simple-gurobi-01pct/base-scaleflag2/resultados/caso35d_base.csv,/clusteruy/home/mathiasr/generator-aware-row-scaling/results-revision/r1-internal-scaling/simple-gurobi-01pct/base-scaleflag2/resultados/caso35d_base_postprocesado.csv,/clusteruy/home/mathiasr/generator-aware-row-scaling/results-revision/r1-internal-scaling/simple-gurobi-01pct/base-scaleflag2/logs/caso35d_base.log
caso35e.txt,base,OK,0,5.675511754,0.092565002885312,-349736087.267019,-352727000.0,OPTIMAL,-350059820.48628867,1086.0,50012.0,0.21,14400.0,10800.0,35590.0,9648.0,7435.0,25927.0,33.0,31.15740740740741,27.150885080078673,4,Model contains large bounds | Model contains large matrix coefficients | Model contains large rhs | max constraint violation (6.2268e-06) exceeds tolerance,0.002,2000000000.0,0.003,2000.0,5.0,4000000000.0,1.0,10000000000.0,,,,,,,,,0.0,5.675511754,1.0,1.0,1.0,0.0,0.0,0.0,,,0.0,,,,53210.969733,,,6.484986,,0.007592,1.994866,6.484986,1.0,0.040610378016091,,,,,,,,BASE,BASE,,,,,,3.02777234646877e-09,2.8421709430404e-14,9.12696123123169e-08,9.63095885708753e-07,947220.390264896,1.94197531642301,45727278.8084794,82592473.043399,7.27595761418343e-12,0.0,6.19189813733101e-06,0.0,0.0,0.0,0.0,0.0,4.0,0.0,0.0,0.0,0.0,-349736087.267019,5.29838498634282,0.0,82592473.043399,0.0,0.0,0.0,61.0,0.0,1084.0,0.0,0.0,0.0,0.0,-352726788.413335,,,,,,BASE,0.0,0,/clusteruy/home/mathiasr/generator-aware-row-scaling/results-revision/r1-internal-scaling/simple-gurobi-01pct/base-scaleflag2/resultados/caso35e_base.csv,/clusteruy/home/mathiasr/generator-aware-row-scaling/results-revision/r1-internal-scaling/simple-gurobi-01pct/base-scaleflag2/resultados/caso35e_base_postprocesado.csv,/clusteruy/home/mathiasr/generator-aware-row-scaling/results-revision/r1-internal-scaling/simple-gurobi-01pct/base-scaleflag2/logs/caso35e_base.log
caso35f.txt,base,OK,0,20.661262797,0.093366950950263,-345490176.3972298,-348458000.0,OPTIMAL,-345812750.0407646,4931.0,125655.0,0.21,14400.0,10800.0,35590.0,9648.0,7435.0,25927.0,33.0,31.15740740740741,27.150885080078673,3,Model contains large bounds | Model contains large matrix coefficients | Model contains large rhs,0.002,2000000000.0,0.005,2000.0,5.0,4000000000.0,1.0,10000000000.0,,,,,,,,,0.0,20.661262797,1.0,1.0,1.0,0.0,0.0,0.0,,,0.0,,,,16138.220843,,,21.256963,,0.008254,2.098556,21.256963,1.0,0.014659119564957,,,,,,,,BASE,BASE,,,,,,2.16869886598353e-09,2.8421709430404e-14,8.94069671630859e-08,3.5017728805542e-07,928089.66249939,2.04691424324951,44840761.9209196,77146425.6215828,7.27595761418343e-12,0.0,3.5017728805542e-07,0.0,0.0,0.0,0.0,0.0,0.0,0.0,0.0,0.0,0.0,-345490176.39723,5.39277591614929,0.0,77146425.6215828,0.0,0.0,0.0,81.0,0.0,1077.0,0.0,0.0,0.0,0.0,-348458252.467815,,,,,,BASE,0.0,0,/clusteruy/home/mathiasr/generator-aware-row-scaling/results-revision/r1-internal-scaling/simple-gurobi-01pct/base-scaleflag2/resultados/caso35f_base.csv,/clusteruy/home/mathiasr/generator-aware-row-scaling/results-revision/r1-internal-scaling/simple-gurobi-01pct/base-scaleflag2/resultados/caso35f_base_postprocesado.csv,/clusteruy/home/mathiasr/generator-aware-row-scaling/results-revision/r1-internal-scaling/simple-gurobi-01pct/base-scaleflag2/logs/caso35f_base.log
caso42a.txt,base,OK,0,3.31053426,0.004047643906055,-410342804.65269434,-410122000.0,OPTIMAL,-410359413.8682208,1.0,12729.0,0.21,14400.0,10800.0,35590.0,9798.0,8177.0,26122.0,31.958333333333332,24.287037037037038,26.602978364709188,3,Model contains large bounds | Model contains large matrix coefficients | Model contains large rhs,0.003,2000000000.0,0.003,3000.0,5.0,7000000000.0,1.0,10000000000.0,,,,,,,,,0.0,3.31053426,1.0,1.0,1.0,0.0,0.0,0.0,,,0.0,,,,350174.805354,,,2.967019,,,,2.967019,1.0,0.908467936232045,,,,,,,,BASE,BASE,,,,,,5.19147101159527e-09,3.72529029846191e-09,1.57398171722889e-07,7.70203769207001e-07,178747.596735467,7.72958138904232,8165246.73292703,30229186.062436,3.63797880709171e-12,0.0,7.70203769207001e-07,0.0,0.0,0.0,0.0,0.0,0.0,0.0,0.0,0.0,0.0,-410342804.652694,877.390969251195,0.0,30229186.062436,0.0,0.0,0.0,1379.0,0.0,1041.0,0.0,0.0,0.0,0.0,-410122106.838885,,,,,,BASE,0.0,0,/clusteruy/home/mathiasr/generator-aware-row-scaling/results-revision/r1-internal-scaling/simple-gurobi-01pct/base-scaleflag2/resultados/caso42a_base.csv,/clusteruy/home/mathiasr/generator-aware-row-scaling/results-revision/r1-internal-scaling/simple-gurobi-01pct/base-scaleflag2/resultados/caso42a_base_postprocesado.csv,/clusteruy/home/mathiasr/generator-aware-row-scaling/results-revision/r1-internal-scaling/simple-gurobi-01pct/base-scaleflag2/logs/caso42a_base.log
caso42b.txt,base,OK,0,2.763540977,0.015902717275981,-424503668.3163221,-424606000.0,OPTIMAL,-424571175.9345206,1.0,12457.0,0.21,14400.0,10800.0,35590.0,9798.0,8177.0,26122.0,31.958333333333332,24.287037037037038,26.602978364709188,4,Model contains large bounds | Model contains large matrix coefficients | Model contains large rhs | max constraint violation (1.1160e-06) exceeds tolerance,0.003,2000000000.0,0.003,3000.0,5.0,7000000000.0,1.0,10000000000.0,,,,,,,,,0.0,2.763540977,1.0,1.0,1.0,0.0,0.0,0.0,,,0.0,,,,742207.615175,,,2.686782,,,,2.686782,1.0,0.165956314363778,,,,,,,,BASE,BASE,,,,,,6.49392388119119e-09,3.72529029846191e-09,2.08639539778233e-07,6.40749931335449e-07,110975.779329743,3.64198779075857,5193562.24543565,17315140.0586028,3.63797880709171e-12,0.0,1.115957275033e-06,0.0,0.0,0.0,0.0,0.0,1.0,0.0,0.0,0.0,0.0,-424503668.316322,1984.42825263451,0.0,17315140.0586028,0.0,0.0,0.0,1397.0,0.0,1033.0,0.0,0.0,0.0,0.0,-424605525.05878,,,,,,BASE,0.0,0,/clusteruy/home/mathiasr/generator-aware-row-scaling/results-revision/r1-internal-scaling/simple-gurobi-01pct/base-scaleflag2/resultados/caso42b_base.csv,/clusteruy/home/mathiasr/generator-aware-row-scaling/results-revision/r1-internal-scaling/simple-gurobi-01pct/base-scaleflag2/resultados/caso42b_base_postprocesado.csv,/clusteruy/home/mathiasr/generator-aware-row-scaling/results-revision/r1-internal-scaling/simple-gurobi-01pct/base-scaleflag2/logs/caso42b_base.log
caso42c.txt,base,OK,0,3.210694851,0.005943962739805,-417331261.72121346,-417166000.0,OPTIMAL,-417356067.7359117,1.0,12289.0,0.21,14400.0,10800.0,35590.0,9798.0,8177.0,26122.0,31.958333333333332,24.287037037037038,26.602978364709188,3,Model contains large bounds | Model contains large matrix coefficients | Model contains large rhs,0.003,2000000000.0,0.005,3000.0,5.0,7000000000.0,1.0,10000000000.0,,,,,,,,,0.0,3.210694851,1.0,1.0,1.0,0.0,0.0,0.0,,,0.0,,,,350174.805354,,,2.80757,,,,2.80757,1.0,0.904989487314465,,,,,,,,BASE,BASE,,,,,,5.18361083938695e-09,3.72529029846191e-09,1.564621925354e-07,8.20960849523544e-07,168562.991803944,8.68309035211405,8049793.97241527,17315140.0586028,3.63797880709171e-12,0.0,8.20960849523544e-07,0.0,0.0,0.0,0.0,0.0,0.0,0.0,0.0,0.0,0.0,-417331261.721213,1013.28476751082,0.0,17315140.0586028,0.0,0.0,0.0,1445.0,0.0,1038.0,0.0,0.0,0.0,0.0,-417166177.87639,,,,,,BASE,0.0,0,/clusteruy/home/mathiasr/generator-aware-row-scaling/results-revision/r1-internal-scaling/simple-gurobi-01pct/base-scaleflag2/resultados/caso42c_base.csv,/clusteruy/home/mathiasr/generator-aware-row-scaling/results-revision/r1-internal-scaling/simple-gurobi-01pct/base-scaleflag2/resultados/caso42c_base_postprocesado.csv,/clusteruy/home/mathiasr/generator-aware-row-scaling/results-revision/r1-internal-scaling/simple-gurobi-01pct/base-scaleflag2/logs/caso42c_base.log
caso42d.txt,base,OK,0,18.056363806,3.8e-14,-313356460.8440429,-315983000.0,OPTIMAL,-313356460.844043,2291.0,260754.0,0.22,14400.0,10800.0,35590.0,9565.0,7727.0,25510.0,33.576388888888886,28.453703703703702,28.322562517561114,4,Model contains large bounds | Model contains large matrix coefficients | Model contains large rhs | max constraint violation (9.1405e-06) exceeds tolerance,0.003,2000000000.0,0.003,2000.0,5.0,7000000000.0,1.0,10000000000.0,,,,,,,,,0.0,18.056363806,1.0,1.0,1.0,0.0,0.0,0.0,,,0.0,,,,21783.752773,,,16.262022,,0.005818,2.781195,16.262022,1.0,0.022966106639327,,,,,,,,BASE,BASE,,,,,,2.87668474809314e-09,2.8421709430404e-14,5.72809949517251e-08,1.7508864402771e-07,616216.401877794,5.84478286028329,23658470.2612929,319812946.148909,7.27595761418343e-12,0.0,9.14046540856361e-06,0.0,0.0,0.0,0.0,0.0,2.0,0.0,0.0,0.0,0.0,-313356460.844043,1890.20223920709,0.0,319812946.148909,0.0,0.0,0.0,605.0,0.0,1054.0,0.0,0.0,0.0,0.0,-315982799.061545,,,,,,BASE,0.0,0,/clusteruy/home/mathiasr/generator-aware-row-scaling/results-revision/r1-internal-scaling/simple-gurobi-01pct/base-scaleflag2/resultados/caso42d_base.csv,/clusteruy/home/mathiasr/generator-aware-row-scaling/results-revision/r1-internal-scaling/simple-gurobi-01pct/base-scaleflag2/resultados/caso42d_base_postprocesado.csv,/clusteruy/home/mathiasr/generator-aware-row-scaling/results-revision/r1-internal-scaling/simple-gurobi-01pct/base-scaleflag2/logs/caso42d_base.log
caso42e.txt,base,OK,0,20.398085385,1.8e-14,-326874786.56761956,-329156000.0,OPTIMAL,-326874786.5676196,4077.0,125720.0,0.22,14400.0,10800.0,35590.0,9565.0,7727.0,25510.0,33.576388888888886,28.453703703703702,28.322562517561114,3,Model contains large bounds | Model contains large matrix coefficients | Model contains large rhs,0.003,2000000000.0,0.003,2000.0,5.0,7000000000.0,1.0,10000000000.0,,,,,,,,,0.0,20.398085385,1.0,1.0,1.0,0.0,0.0,0.0,,,0.0,,,,209476.955181,,,20.108504,,0.005176,3.894802,20.108504,1.0,0.023477266085314,,,,,,,,BASE,BASE,,,,,,3.62879860744534e-09,4.99156271871445e-14,1.14087015390396e-07,2.60770320892334e-07,275976.656229444,3.01204593704452,5195395.86504172,51105655.5282674,7.27595761418343e-12,0.0,9.5367431640625e-07,0.0,0.0,0.0,0.0,0.0,0.0,0.0,0.0,0.0,0.0,-326874786.56762,2002.42115972115,0.0,51105655.5282674,0.0,0.0,0.0,1014.0,0.0,1059.0,0.0,0.0,0.0,0.0,-329155898.368138,,,,,,BASE,0.0,0,/clusteruy/home/mathiasr/generator-aware-row-scaling/results-revision/r1-internal-scaling/simple-gurobi-01pct/base-scaleflag2/resultados/caso42e_base.csv,/clusteruy/home/mathiasr/generator-aware-row-scaling/results-revision/r1-internal-scaling/simple-gurobi-01pct/base-scaleflag2/resultados/caso42e_base_postprocesado.csv,/clusteruy/home/mathiasr/generator-aware-row-scaling/results-revision/r1-internal-scaling/simple-gurobi-01pct/base-scaleflag2/logs/caso42e_base.log
caso42f.txt,base,OK,0,26.705989649,0.099785349680074,-321028380.7630959,-322400000.0,OPTIMAL,-321348720.05541265,10579.0,423051.0,0.22,14400.0,10800.0,35590.0,9565.0,7727.0,25510.0,33.576388888888886,28.453703703703702,28.322562517561114,3,Model contains large bounds | Model contains large matrix coefficients | Model contains large rhs,0.003,2000000000.0,0.005,2000.0,5.0,7000000000.0,1.0,10000000000.0,,,,,,,,,0.0,26.705989649,1.0,1.0,1.0,0.0,0.0,0.0,,,0.0,,,,178632061707257.6,,,26.442227,,0.005826,2.874693,26.442227,1.0,0.016004426635209,,,,,,,,BASE,BASE,,,,,,2.77956026460411e-09,5.6843418860808e-14,9.03476029634478e-08,2.06753611564636e-07,646190.29731783,4.62648097170693,17281344.0237202,707270762.901947,2.38418579101562e-07,0.0,4.76837158203125e-07,0.0,0.0,0.0,0.0,0.0,0.0,0.0,0.0,0.0,0.0,-321028380.763095,1282.70487625551,0.0,707270762.901947,0.0,0.0,0.0,502.0,0.0,1052.0,0.0,0.0,0.0,0.0,-322400313.297795,,,,,,BASE,0.0,0,/clusteruy/home/mathiasr/generator-aware-row-scaling/results-revision/r1-internal-scaling/simple-gurobi-01pct/base-scaleflag2/resultados/caso42f_base.csv,/clusteruy/home/mathiasr/generator-aware-row-scaling/results-revision/r1-internal-scaling/simple-gurobi-01pct/base-scaleflag2/resultados/caso42f_base_postprocesado.csv,/clusteruy/home/mathiasr/generator-aware-row-scaling/results-revision/r1-internal-scaling/simple-gurobi-01pct/base-scaleflag2/logs/caso42f_base.log
caso43a.txt,base,OK,0,54.499689229,0.011455919001729,-375870482.913786,-374832000.0,OPTIMAL,-375913542.33186,9571.0,594113.0,0.27,14400.0,10800.0,35590.0,11806.0,9203.0,31572.0,18.01388888888889,14.787037037037036,11.289688114638944,3,Model contains large bounds | Model contains large matrix coefficients | Model contains large rhs,0.003,1000000000.0,0.003,3000.0,5.0,7000000000.0,1.0,10000000000.0,,,,,,,,,0.0,54.499689229,1.0,1.0,1.0,0.0,0.0,0.0,,,0.0,,,,1092846.244794,,,65.021195,,3.410716,5.45804,65.021195,1.0,0.502722722627534,,,,,,,,BASE,BASE,,,,,,6.0785880665119e-09,7.45058059692383e-09,1.91857106983662e-07,3.24100255966187e-07,689974.051344192,6.31582070596228,28413049.4388424,355293157.790273,8.71257412882187e-08,0.0,8.96397978067398e-07,0.0,0.0,0.0,0.0,0.0,0.0,0.0,0.0,0.0,0.0,-375870482.913786,1498.36166102954,0.0,355293157.790273,0.0,0.0,0.0,1160.0,0.0,988.0,0.0,0.0,0.0,0.0,-374831871.248424,,,,,,BASE,0.0,0,/clusteruy/home/mathiasr/generator-aware-row-scaling/results-revision/r1-internal-scaling/simple-gurobi-01pct/base-scaleflag2/resultados/caso43a_base.csv,/clusteruy/home/mathiasr/generator-aware-row-scaling/results-revision/r1-internal-scaling/simple-gurobi-01pct/base-scaleflag2/resultados/caso43a_base_postprocesado.csv,/clusteruy/home/mathiasr/generator-aware-row-scaling/results-revision/r1-internal-scaling/simple-gurobi-01pct/base-scaleflag2/logs/caso43a_base.log
caso43b.txt,base,OK,0,30.53030522,0.015292166755845,-391955845.3132258,-390864000.0,OPTIMAL,-392015783.8547004,3049.0,319809.0,0.26,14400.0,10800.0,35590.0,11806.0,9203.0,31572.0,18.01388888888889,14.787037037037036,11.289688114638944,3,Model contains large bounds | Model contains large matrix coefficients | Model contains large rhs,0.003,1000000000.0,0.003,3000.0,5.0,7000000000.0,1.0,10000000000.0,,,,,,,,,0.0,30.53030522,1.0,1.0,1.0,0.0,0.0,0.0,,,0.0,,,,952673.438458,,,35.349148,,2.760588,5.776924,35.349148,1.0,0.770000342758,,,,,,,,BASE,BASE,,,,,,6.24465828541811e-09,5.58793544769287e-09,2.01165676116943e-07,2.03028321266174e-07,616566.378973772,8.42147420644586,27594078.8288226,61728109.0034314,8.71257412882187e-08,0.0,1.05006620287895e-06,0.0,0.0,0.0,0.0,0.0,1.0,0.0,0.0,0.0,0.0,-391955845.313226,1892.70735173661,0.0,61728109.0034314,0.0,0.0,0.0,1267.0,0.0,991.0,0.0,0.0,0.0,0.0,-390863909.728673,,,,,,BASE,0.0,0,/clusteruy/home/mathiasr/generator-aware-row-scaling/results-revision/r1-internal-scaling/simple-gurobi-01pct/base-scaleflag2/resultados/caso43b_base.csv,/clusteruy/home/mathiasr/generator-aware-row-scaling/results-revision/r1-internal-scaling/simple-gurobi-01pct/base-scaleflag2/resultados/caso43b_base_postprocesado.csv,/clusteruy/home/mathiasr/generator-aware-row-scaling/results-revision/r1-internal-scaling/simple-gurobi-01pct/base-scaleflag2/logs/caso43b_base.log
caso43c.txt,base,OK,0,82.812148928,0.0,-382032218.44015765,-392622000.0,OPTIMAL,-382032218.44015765,9731.0,954448.0,0.27,14400.0,10800.0,35590.0,11806.0,9203.0,31572.0,18.01388888888889,14.787037037037036,11.289688114638944,4,Model contains large bounds | Model contains large matrix coefficients | Model contains large rhs | max constraint violation (1.2005e-06) exceeds tolerance,0.003,1000000000.0,0.005,3000.0,5.0,7000000000.0,1.0,10000000000.0,,,,,,,,,0.0,82.812148928,1.0,1.0,1.0,0.0,0.0,0.0,,,0.0,,,,2427633.493629,,,90.307917,,3.05377,5.448802,90.307917,1.0,0.40110530126072,,,,,,,,BASE,BASE,,,,,,3.67141563976069e-09,6.3948846218409e-14,1.05244107544422e-07,6.82179176036968e-07,2161819.39171018,3.09063591843321,13066217.809539,851670011.782453,3.63797880709171e-12,0.0,1.20047479867935e-06,0.0,0.0,0.0,0.0,0.0,1.0,0.0,0.0,0.0,0.0,-382032218.440158,938.375583859779,0.0,851670011.782453,0.0,0.0,0.0,999.0,0.0,909.0,0.0,0.0,0.0,0.0,-392622229.560554,,,,,,BASE,0.0,0,/clusteruy/home/mathiasr/generator-aware-row-scaling/results-revision/r1-internal-scaling/simple-gurobi-01pct/base-scaleflag2/resultados/caso43c_base.csv,/clusteruy/home/mathiasr/generator-aware-row-scaling/results-revision/r1-internal-scaling/simple-gurobi-01pct/base-scaleflag2/resultados/caso43c_base_postprocesado.csv,/clusteruy/home/mathiasr/generator-aware-row-scaling/results-revision/r1-internal-scaling/simple-gurobi-01pct/base-scaleflag2/logs/caso43c_base.log
caso43d.txt,base,OK,0,121.570639522,0.099325685538532,-287566884.70962363,-288986000.0,OPTIMAL,-287852512.48924327,18114.0,1910563.0,0.28,14400.0,10800.0,35590.0,11681.0,8846.0,31205.0,18.881944444444443,18.09259259259259,12.32087665074459,3,Model contains large bounds | Model contains large matrix coefficients | Model contains large rhs,0.003,1000000000.0,0.003,2000.0,5.0,7000000000.0,1.0,10000000000.0,,,,,,,,,0.0,121.570639522,1.0,1.0,1.0,0.0,0.0,0.0,,,0.0,,,,71255.221561,,,139.947445,,0.047797,4.144307,139.947445,1.0,0.034227901549655,,,,,,,,BASE,BASE,,,,,,2.99572475481878e-09,7.63833440942108e-14,1.00582838058472e-07,2.88709998130798e-07,1132973.67108408,3.07361711169035,37189437.5458038,797528060.131678,2.95585778076202e-12,0.0,4.74974513053894e-07,0.0,0.0,0.0,0.0,0.0,0.0,0.0,0.0,0.0,0.0,-287566884.709623,957.371041022932,0.0,797528060.131678,0.0,0.0,0.0,450.0,0.0,1046.0,0.0,0.0,0.0,0.0,-288985989.710805,,,,,,BASE,0.0,0,/clusteruy/home/mathiasr/generator-aware-row-scaling/results-revision/r1-internal-scaling/simple-gurobi-01pct/base-scaleflag2/resultados/caso43d_base.csv,/clusteruy/home/mathiasr/generator-aware-row-scaling/results-revision/r1-internal-scaling/simple-gurobi-01pct/base-scaleflag2/resultados/caso43d_base_postprocesado.csv,/clusteruy/home/mathiasr/generator-aware-row-scaling/results-revision/r1-internal-scaling/simple-gurobi-01pct/base-scaleflag2/logs/caso43d_base.log
caso43e.txt,base,OK,0,372.011241273,0.096582513977455,-302763972.5188382,-304179000.0,OPTIMAL,-303056389.57491493,42097.0,6605936.0,0.27,14400.0,10800.0,35590.0,11681.0,8846.0,31205.0,18.881944444444443,18.09259259259259,12.32087665074459,4,Model contains large bounds | Model contains large matrix coefficients | Model contains large rhs | max constraint violation (1.9073e-06) exceeds tolerance,0.003,1000000000.0,0.003,2000.0,5.0,7000000000.0,1.0,10000000000.0,,,,,,,,,0.0,372.011241273,1.0,1.0,1.0,0.0,0.0,0.0,,,0.0,,,,1349276.720314,,,456.421359,,0.045397,4.301371,456.421359,1.0,0.015197686303924,,,,,,,,BASE,BASE,,,,,,3.72372502741811e-09,7.63833440942108e-14,1.15488655865193e-07,2.04890966415405e-07,398259.272524562,3.1253046394092,14780882.652185,287308381.99047,3.63797880709171e-12,0.0,1.9073486328125e-06,0.0,0.0,0.0,0.0,0.0,1.0,0.0,0.0,0.0,0.0,-302763972.518838,1293.59063281075,0.0,287308381.99047,0.0,0.0,0.0,897.0,0.0,1048.0,0.0,0.0,0.0,0.0,-304178715.963882,,,,,,BASE,0.0,0,/clusteruy/home/mathiasr/generator-aware-row-scaling/results-revision/r1-internal-scaling/simple-gurobi-01pct/base-scaleflag2/resultados/caso43e_base.csv,/clusteruy/home/mathiasr/generator-aware-row-scaling/results-revision/r1-internal-scaling/simple-gurobi-01pct/base-scaleflag2/resultados/caso43e_base_postprocesado.csv,/clusteruy/home/mathiasr/generator-aware-row-scaling/results-revision/r1-internal-scaling/simple-gurobi-01pct/base-scaleflag2/logs/caso43e_base.log
caso43f.txt,base,OK,0,88.145658274,0.093950893651823,-294770725.1110287,-296603000.0,OPTIMAL,-295047664.84149444,9121.0,1213306.0,0.27,14400.0,10800.0,35590.0,11681.0,8846.0,31205.0,18.881944444444443,18.09259259259259,12.32087665074459,3,Model contains large bounds | Model contains large matrix coefficients | Model contains large rhs,0.003,1000000000.0,0.005,2000.0,5.0,7000000000.0,1.0,10000000000.0,,,,,,,,,0.0,88.145658274,1.0,1.0,1.0,0.0,0.0,0.0,,,0.0,,,,62116.553714,,,90.294404,,0.002359,4.549132,90.294404,1.0,0.026979603210896,,,,,,,,BASE,BASE,,,,,,3.32020227800126e-09,1.13686837721616e-13,1.10836699604988e-07,2.55182385444641e-07,1121016.90455034,2.63447829590669,39049496.7385564,798534413.623791,7.27595761418343e-12,0.0,5.79748302698135e-07,0.0,0.0,0.0,0.0,0.0,0.0,0.0,0.0,0.0,0.0,-294770725.111029,957.371041022932,0.0,798534413.623791,0.0,0.0,0.0,468.0,0.0,1046.0,0.0,0.0,0.0,0.0,-296603385.608778,,,,,,BASE,0.0,0,/clusteruy/home/mathiasr/generator-aware-row-scaling/results-revision/r1-internal-scaling/simple-gurobi-01pct/base-scaleflag2/resultados/caso43f_base.csv,/clusteruy/home/mathiasr/generator-aware-row-scaling/results-revision/r1-internal-scaling/simple-gurobi-01pct/base-scaleflag2/resultados/caso43f_base_postprocesado.csv,/clusteruy/home/mathiasr/generator-aware-row-scaling/results-revision/r1-internal-scaling/simple-gurobi-01pct/base-scaleflag2/logs/caso43f_base.log
caso44a.txt,base,OK,0,69.315914522,0.012017259095789,-583981273.5510932,-581096000.0,OPTIMAL,-584051452.0938067,10624.0,319684.0,0.27,14400.0,10800.0,35590.0,11914.0,9157.0,31826.0,17.26388888888889,15.212962962962964,10.576004495644844,3,Model contains large bounds | Model contains large matrix coefficients | Model contains large rhs,0.003,2000000000.0,0.003,3000.0,5.0,7000000000.0,1.0,10000000000.0,,,,,,,,,0.0,69.315914522,1.0,1.0,1.0,0.0,0.0,0.0,,,0.0,,,,133983.757595,,,86.515773,,0.00692,4.151052,86.515773,1.0,0.012760618704633,,,,,,,,BASE,BASE,,,,,,4.86733488494638e-09,1.45519152283669e-11,1.58343464136124e-07,8.79832782629819e-07,1041173.30884853,3.27199653979358,55880547.3014521,76468781.7465001,5.45696821063757e-12,0.0,9.5367431640625e-07,0.0,0.0,0.0,0.0,0.0,0.0,0.0,0.0,0.0,0.0,-583981273.551093,1002.03797550357,0.0,76468781.7465001,0.0,0.0,0.0,396.0,0.0,1080.0,0.0,0.0,0.0,0.0,-581096104.965058,,,,,,BASE,0.0,0,/clusteruy/home/mathiasr/generator-aware-row-scaling/results-revision/r1-internal-scaling/simple-gurobi-01pct/base-scaleflag2/resultados/caso44a_base.csv,/clusteruy/home/mathiasr/generator-aware-row-scaling/results-revision/r1-internal-scaling/simple-gurobi-01pct/base-scaleflag2/resultados/caso44a_base_postprocesado.csv,/clusteruy/home/mathiasr/generator-aware-row-scaling/results-revision/r1-internal-scaling/simple-gurobi-01pct/base-scaleflag2/logs/caso44a_base.log
caso44b.txt,base,OK,0,158.250644097,0.090328175935345,-600329327.3907292,-600328000.0,OPTIMAL,-600871593.9217662,25545.0,1284315.0,0.27,14400.0,10800.0,35590.0,11914.0,9157.0,31826.0,17.26388888888889,15.212962962962964,10.576004495644844,3,Model contains large bounds | Model contains large matrix coefficients | Model contains large rhs,0.003,2000000000.0,0.003,3000.0,5.0,7000000000.0,1.0,10000000000.0,,,,,,,,,0.0,158.250644097,1.0,1.0,1.0,0.0,0.0,0.0,,,0.0,,,,91649.782813,,,195.846727,,0.007221,7.03652,195.846727,1.0,0.009205846581016,,,,,,,,BASE,BASE,,,,,,4.22740143809589e-09,1.45519152283669e-11,1.37845054268837e-07,2.30967998504639e-07,421192.532252355,30.2019409544354,18045911.7860635,53069946.9710347,7.27595761418343e-12,0.0,6.69620931148529e-07,0.0,0.0,0.0,0.0,0.0,0.0,0.0,0.0,0.0,0.0,-600329327.390729,2006.69419133134,0.0,53069946.9710347,0.0,0.0,0.0,1624.0,0.0,1064.0,0.0,0.0,0.0,0.0,-600328233.323,,,,,,BASE,0.0,0,/clusteruy/home/mathiasr/generator-aware-row-scaling/results-revision/r1-internal-scaling/simple-gurobi-01pct/base-scaleflag2/resultados/caso44b_base.csv,/clusteruy/home/mathiasr/generator-aware-row-scaling/results-revision/r1-internal-scaling/simple-gurobi-01pct/base-scaleflag2/resultados/caso44b_base_postprocesado.csv,/clusteruy/home/mathiasr/generator-aware-row-scaling/results-revision/r1-internal-scaling/simple-gurobi-01pct/base-scaleflag2/logs/caso44b_base.log
caso44c.txt,base,OK,0,3.381909964,0.029410869273596,-591716806.537327,-592109000.0,OPTIMAL,-591890835.5937676,1.0,12354.0,0.27,14400.0,10800.0,35590.0,11914.0,9157.0,31826.0,17.26388888888889,15.212962962962964,10.576004495644844,4,Model contains large bounds | Model contains large matrix coefficients | Model contains large rhs | max constraint violation (6.7952e-06) exceeds tolerance,0.003,2000000000.0,0.005,3000.0,5.0,7000000000.0,1.0,10000000000.0,,,,,,,,,0.0,3.381909964,1.0,1.0,1.0,0.0,0.0,0.0,,,0.0,,,,144626.611005,,,2.966058,,,,2.966058,1.0,0.883196328372433,,,,,,,,BASE,BASE,,,,,,3.25266757252569e-09,1.06194941729138e-11,8.2426704466343e-08,2.21654772758484e-07,266930.391027083,22.1913856701246,13739374.5531759,24957817.567701,9.5367431640625e-07,0.0,6.79492950439453e-06,0.0,0.0,0.0,0.0,0.0,2.0,0.0,0.0,0.0,0.0,-591716806.537327,1259.37359593897,0.0,24957817.567701,0.0,0.0,0.0,2238.0,0.0,1074.0,0.0,0.0,0.0,0.0,-592109032.414712,,,,,,BASE,0.0,0,/clusteruy/home/mathiasr/generator-aware-row-scaling/results-revision/r1-internal-scaling/simple-gurobi-01pct/base-scaleflag2/resultados/caso44c_base.csv,/clusteruy/home/mathiasr/generator-aware-row-scaling/results-revision/r1-internal-scaling/simple-gurobi-01pct/base-scaleflag2/resultados/caso44c_base_postprocesado.csv,/clusteruy/home/mathiasr/generator-aware-row-scaling/results-revision/r1-internal-scaling/simple-gurobi-01pct/base-scaleflag2/logs/caso44c_base.log
caso44d.txt,base,OK,0,130.23656593,0.095960591766481,-366491871.63696754,-369548000.0,OPTIMAL,-366843559.4057664,42911.0,6886072.0,0.28,14400.0,10800.0,35590.0,11309.0,8280.0,30340.0,21.46527777777778,23.333333333333332,14.75133464456308,3,Model contains large bounds | Model contains large matrix coefficients | Model contains large rhs,0.003,2000000000.0,0.003,2000.0,5.0,7000000000.0,1.0,10000000000.0,,,,,,,,,0.0,130.23656593,1.0,1.0,1.0,0.0,0.0,0.0,,,0.0,,,,135731.728929,,,186.114379,,0.012436,3.42401,186.114379,1.0,0.008952490364314,,,,,,,,BASE,BASE,,,,,,1.24611655495809e-09,1.4210854715202e-14,4.28594648838047e-08,2.03028321266174e-07,175474.093153477,3.59596180156345,6736417.57095786,37464075.0327962,2.8421709430404e-14,0.0,4.25148755311966e-07,0.0,0.0,0.0,0.0,0.0,0.0,0.0,0.0,0.0,0.0,-366491871.636968,855.790551680533,0.0,37464075.0327962,0.0,0.0,0.0,106.0,0.0,1080.0,0.0,0.0,0.0,0.0,-369548302.447336,,,,,,BASE,0.0,0,/clusteruy/home/mathiasr/generator-aware-row-scaling/results-revision/r1-internal-scaling/simple-gurobi-01pct/base-scaleflag2/resultados/caso44d_base.csv,/clusteruy/home/mathiasr/generator-aware-row-scaling/results-revision/r1-internal-scaling/simple-gurobi-01pct/base-scaleflag2/resultados/caso44d_base_postprocesado.csv,/clusteruy/home/mathiasr/generator-aware-row-scaling/results-revision/r1-internal-scaling/simple-gurobi-01pct/base-scaleflag2/logs/caso44d_base.log
caso44e.txt,base,OK,0,105.178156553,0.096026569169585,-384964409.0066682,-388734000.0,OPTIMAL,-385334077.1211613,29343.0,6300457.0,0.28,14400.0,10800.0,35590.0,11309.0,8280.0,30340.0,21.46527777777778,23.333333333333332,14.75133464456308,4,Model contains large bounds | Model contains large matrix coefficients | Model contains large rhs | max constraint violation (1.0990e-06) exceeds tolerance,0.003,2000000000.0,0.003,2000.0,5.0,7000000000.0,1.0,10000000000.0,,,,,,,,,0.0,105.178156553,1.0,1.0,1.0,0.0,0.0,0.0,,,0.0,,,,15835.844347,,,145.491929,,0.011765,3.408856,145.491929,1.0,0.009349646799878,,,,,,,,BASE,BASE,,,,,,1.67465996952437e-09,2.1094237467878e-14,4.84334304928781e-08,1.12876296043396e-06,999801.964509995,1.85110842931271,42571226.6103411,94800556.9870271,7.27595761418343e-12,0.0,1.12876296043396e-06,0.0,0.0,0.0,0.0,0.0,1.0,0.0,0.0,0.0,0.0,-384964409.006668,637.354501776077,0.0,94800556.9870271,0.0,0.0,0.0,198.0,0.0,1080.0,0.0,0.0,0.0,0.0,-388734023.630592,,,,,,BASE,0.0,0,/clusteruy/home/mathiasr/generator-aware-row-scaling/results-revision/r1-internal-scaling/simple-gurobi-01pct/base-scaleflag2/resultados/caso44e_base.csv,/clusteruy/home/mathiasr/generator-aware-row-scaling/results-revision/r1-internal-scaling/simple-gurobi-01pct/base-scaleflag2/resultados/caso44e_base_postprocesado.csv,/clusteruy/home/mathiasr/generator-aware-row-scaling/results-revision/r1-internal-scaling/simple-gurobi-01pct/base-scaleflag2/logs/caso44e_base.log
caso44f.txt,base,OK,0,86.850735328,0.058873616051539,-375319263.6362989,-379104000.0,OPTIMAL,-375540227.6585396,9645.0,2320637.0,0.28,14400.0,10800.0,35590.0,11309.0,8280.0,30340.0,21.46527777777778,23.333333333333332,14.75133464456308,4,Model contains large bounds | Model contains large matrix coefficients | Model contains large rhs | max constraint violation (1.1139e-06) exceeds tolerance,0.003,2000000000.0,0.005,2000.0,5.0,7000000000.0,1.0,10000000000.0,,,,,,,,,0.0,86.850735328,1.0,1.0,1.0,0.0,0.0,0.0,,,0.0,,,,15825.745489,,,124.955949,,0.012255,3.065557,124.955949,1.0,0.011394017204221,,,,,,,,BASE,BASE,,,,,,1.3222227853962e-09,2.1094237467878e-14,4.4703483581543e-08,1.14366412162781e-06,987724.064207813,1.83824486188194,41879991.3289828,93606993.7091291,7.27595761418343e-12,0.0,1.14366412162781e-06,0.0,0.0,0.0,0.0,0.0,1.0,0.0,0.0,0.0,0.0,-375319263.636299,630.247849467523,0.0,93606993.7091291,0.0,0.0,0.0,199.0,0.0,1080.0,0.0,0.0,0.0,0.0,-379104171.021445,,,,,,BASE,0.0,0,/clusteruy/home/mathiasr/generator-aware-row-scaling/results-revision/r1-internal-scaling/simple-gurobi-01pct/base-scaleflag2/resultados/caso44f_base.csv,/clusteruy/home/mathiasr/generator-aware-row-scaling/results-revision/r1-internal-scaling/simple-gurobi-01pct/base-scaleflag2/resultados/caso44f_base_postprocesado.csv,/clusteruy/home/mathiasr/generator-aware-row-scaling/results-revision/r1-internal-scaling/simple-gurobi-01pct/base-scaleflag2/logs/caso44f_base.log
caso45a.txt,base,OK,0,53.259834949,0.016985213646202,-501486243.39765316,-497165000.0,OPTIMAL,-501571421.90750057,16136.0,197093.0,0.24,14400.0,10800.0,35590.0,11023.0,8715.0,29069.0,23.45138888888889,19.305555555555557,18.322562517561114,4,Model contains large bounds | Model contains large matrix coefficients | Model contains large rhs | max constraint violation (1.6900e-06) exceeds tolerance,0.003,2000000000.0,0.003,3000.0,5.0,7000000000.0,1.0,10000000000.0,,,,,,,,,0.0,53.259834949,1.0,1.0,1.0,0.0,0.0,0.0,,,0.0,,,,219337.501909,,,60.481089,,0.012448,3.815961,60.481089,1.0,0.018728328107483,,,,,,,,BASE,BASE,,,,,,4.19524402748754e-09,7.27595761418343e-12,1.23404897749424e-07,2.04890966415405e-07,976309.002474692,3.62153036772047,34837848.3053641,98269267.1774002,9.5367431640625e-07,0.0,1.69000122696161e-06,0.0,0.0,0.0,0.0,0.0,1.0,0.0,0.0,0.0,0.0,-501486243.397653,1265.18108311068,0.0,98269267.1774002,0.0,0.0,0.0,335.0,0.0,1059.0,0.0,0.0,0.0,0.0,-497164625.007699,,,,,,BASE,0.0,0,/clusteruy/home/mathiasr/generator-aware-row-scaling/results-revision/r1-internal-scaling/simple-gurobi-01pct/base-scaleflag2/resultados/caso45a_base.csv,/clusteruy/home/mathiasr/generator-aware-row-scaling/results-revision/r1-internal-scaling/simple-gurobi-01pct/base-scaleflag2/resultados/caso45a_base_postprocesado.csv,/clusteruy/home/mathiasr/generator-aware-row-scaling/results-revision/r1-internal-scaling/simple-gurobi-01pct/base-scaleflag2/logs/caso45a_base.log
caso45b.txt,base,OK,0,55.16596359,0.055783656300205,-516631613.9871433,-517252000.0,OPTIMAL,-516919809.9910281,25935.0,373285.0,0.24,14400.0,10800.0,35590.0,11023.0,8715.0,29069.0,23.45138888888889,19.305555555555557,18.322562517561114,4,Model contains large bounds | Model contains large matrix coefficients | Model contains large rhs | max constraint violation (1.1210e-06) exceeds tolerance,0.003,2000000000.0,0.003,3000.0,5.0,7000000000.0,1.0,10000000000.0,,,,,,,,,0.0,55.16596359,1.0,1.0,1.0,0.0,0.0,0.0,,,0.0,,,,2339252.642065,,,62.392343,,0.012119,4.520866,62.392343,1.0,0.01773978512131,,,,,,,,BASE,BASE,,,,,,2.85040496714675e-09,9.00430840999887e-12,8.01030546426775e-08,4.15835529565811e-07,135791.317265788,4.00610865924896,5768565.12699271,34461011.3956616,5.83531800657511e-09,0.0,1.12102134153247e-06,0.0,0.0,0.0,0.0,0.0,1.0,0.0,0.0,0.0,0.0,-516631613.987143,905.328200891177,0.0,34461011.3956616,0.0,0.0,0.0,1685.0,0.0,1071.0,0.0,0.0,0.0,0.0,-517252194.679192,,,,,,BASE,0.0,0,/clusteruy/home/mathiasr/generator-aware-row-scaling/results-revision/r1-internal-scaling/simple-gurobi-01pct/base-scaleflag2/resultados/caso45b_base.csv,/clusteruy/home/mathiasr/generator-aware-row-scaling/results-revision/r1-internal-scaling/simple-gurobi-01pct/base-scaleflag2/resultados/caso45b_base_postprocesado.csv,/clusteruy/home/mathiasr/generator-aware-row-scaling/results-revision/r1-internal-scaling/simple-gurobi-01pct/base-scaleflag2/logs/caso45b_base.log
caso45c.txt,base,OK,0,44.564612299,0.043574914118635,-508403272.54817045,-506079000.0,OPTIMAL,-508624808.83755964,15820.0,229659.0,0.25,14400.0,10800.0,35590.0,11023.0,8715.0,29069.0,23.45138888888889,19.305555555555557,18.322562517561114,4,Model contains large bounds | Model contains large matrix coefficients | Model contains large rhs | max constraint violation (7.7602e-05) exceeds tolerance,0.003,2000000000.0,0.005,3000.0,5.0,7000000000.0,1.0,10000000000.0,,,,,,,,,0.0,44.564612299,1.0,1.0,1.0,0.0,0.0,0.0,,,0.0,,,,136868.749193,,,44.679487,,0.012339,4.166068,44.679487,1.0,0.020700298547296,,,,,,,,BASE,BASE,,,,,,8.0752003060582e-09,9.47120160077451e-12,8.5681676864624e-08,7.76020029835678e-05,648794.703209284,2.69977050736361,22453882.0848647,60410809.9903284,3.38329755322775e-08,0.0,7.76020029835678e-05,0.0,0.0,0.0,0.0,0.0,1.0,0.0,0.0,0.0,0.0,-508403272.548171,902.982791044305,0.0,60410809.9903284,0.0,0.0,0.0,382.0,0.0,1055.0,0.0,0.0,0.0,0.0,-506078702.154899,,,,,,BASE,0.0,0,/clusteruy/home/mathiasr/generator-aware-row-scaling/results-revision/r1-internal-scaling/simple-gurobi-01pct/base-scaleflag2/resultados/caso45c_base.csv,/clusteruy/home/mathiasr/generator-aware-row-scaling/results-revision/r1-internal-scaling/simple-gurobi-01pct/base-scaleflag2/resultados/caso45c_base_postprocesado.csv,/clusteruy/home/mathiasr/generator-aware-row-scaling/results-revision/r1-internal-scaling/simple-gurobi-01pct/base-scaleflag2/logs/caso45c_base.log
caso45d.txt,base,OK,0,49.076411717,0.090368936015657,-340665192.2900426,-341503000.0,OPTIMAL,-340973047.7996908,2606.0,1796856.0,0.25,14400.0,10800.0,35590.0,10530.0,7955.0,27835.0,26.875,26.34259259259259,21.78982860354032,3,Model contains large bounds | Model contains large matrix coefficients | Model contains large rhs,0.003,2000000000.0,0.003,2000.0,5.0,7000000000.0,1.0,10000000000.0,,,,,,,,,0.0,49.076411717,1.0,1.0,1.0,0.0,0.0,0.0,,,0.0,,,,262221.097755,,,74.203834,,0.007812,2.978674,74.203834,1.0,0.011455251008422,,,,,,,,BASE,BASE,,,,,,1.36517555531728e-09,2.8421709430404e-14,6.33299350738525e-08,1.60187482833862e-07,651323.908212921,2.36199246440768,27262047.9796604,45271285.1849971,2.8421709430404e-14,0.0,1.60187482833862e-07,0.0,0.0,0.0,0.0,0.0,0.0,0.0,0.0,0.0,0.0,-340665192.290042,22.4489228200255,0.0,45271285.1849971,0.0,0.0,0.0,15.0,0.0,1080.0,0.0,0.0,0.0,0.0,-341503453.678228,,,,,,BASE,0.0,0,/clusteruy/home/mathiasr/generator-aware-row-scaling/results-revision/r1-internal-scaling/simple-gurobi-01pct/base-scaleflag2/resultados/caso45d_base.csv,/clusteruy/home/mathiasr/generator-aware-row-scaling/results-revision/r1-internal-scaling/simple-gurobi-01pct/base-scaleflag2/resultados/caso45d_base_postprocesado.csv,/clusteruy/home/mathiasr/generator-aware-row-scaling/results-revision/r1-internal-scaling/simple-gurobi-01pct/base-scaleflag2/logs/caso45d_base.log
caso45e.txt,base,OK,0,84.201338589,0.096385937673272,-358101677.67803806,-359670000.0,OPTIMAL,-358446837.33789176,7641.0,2676572.0,0.25,14400.0,10800.0,35590.0,10530.0,7955.0,27835.0,26.875,26.34259259259259,21.78982860354032,3,Model contains large bounds | Model contains large matrix coefficients | Model contains large rhs,0.003,2000000000.0,0.003,2000.0,5.0,7000000000.0,1.0,10000000000.0,,,,,,,,,0.0,84.201338589,1.0,1.0,1.0,0.0,0.0,0.0,,,0.0,,,,15383.789165,,,121.636807,,0.029766,3.35714,121.636807,1.0,0.028471997624039,,,,,,,,BASE,BASE,,,,,,1.35398675108231e-09,2.8421709430404e-14,6.14672899246216e-08,1.88127160072327e-07,1498838.8073164,2.24511963838663,66480362.4364526,118722812.391909,2.8421709430404e-14,0.0,3.71597707271576e-07,0.0,0.0,0.0,0.0,0.0,0.0,0.0,0.0,0.0,0.0,-358101677.678038,22.4489228200255,0.0,118722812.391909,0.0,0.0,0.0,289.0,0.0,1080.0,0.0,0.0,0.0,0.0,-359670484.542742,,,,,,BASE,0.0,0,/clusteruy/home/mathiasr/generator-aware-row-scaling/results-revision/r1-internal-scaling/simple-gurobi-01pct/base-scaleflag2/resultados/caso45e_base.csv,/clusteruy/home/mathiasr/generator-aware-row-scaling/results-revision/r1-internal-scaling/simple-gurobi-01pct/base-scaleflag2/resultados/caso45e_base_postprocesado.csv,/clusteruy/home/mathiasr/generator-aware-row-scaling/results-revision/r1-internal-scaling/simple-gurobi-01pct/base-scaleflag2/logs/caso45e_base.log
caso45f.txt,base,OK,0,64.072718042,0.099168026869243,-348905386.10626054,-350644000.0,OPTIMAL,-349251388.69330263,2729.0,1596293.0,0.25,14400.0,10800.0,35590.0,10530.0,7955.0,27835.0,26.875,26.34259259259259,21.78982860354032,3,Model contains large bounds | Model contains large matrix coefficients | Model contains large rhs,0.003,2000000000.0,0.005,2000.0,5.0,7000000000.0,1.0,10000000000.0,,,,,,,,,0.0,64.072718042,1.0,1.0,1.0,0.0,0.0,0.0,,,0.0,,,,15383.369726,,,100.693559,,0.0075,2.948655,100.693559,1.0,0.008322253816395,,,,,,,,BASE,BASE,,,,,,1.42368676156776e-09,2.8421709430404e-14,6.33299350738525e-08,2.16066837310791e-07,1425288.89833138,2.63187643963408,64887172.7162366,104507623.851774,8.5265128291212e-14,0.0,2.16066837310791e-07,0.0,0.0,0.0,0.0,0.0,0.0,0.0,0.0,0.0,0.0,-348905386.10626,22.4489228200255,0.0,104507623.851774,0.0,0.0,0.0,173.0,0.0,1080.0,0.0,0.0,0.0,0.0,-350643930.857821,,,,,,BASE,0.0,0,/clusteruy/home/mathiasr/generator-aware-row-scaling/results-revision/r1-internal-scaling/simple-gurobi-01pct/base-scaleflag2/resultados/caso45f_base.csv,/clusteruy/home/mathiasr/generator-aware-row-scaling/results-revision/r1-internal-scaling/simple-gurobi-01pct/base-scaleflag2/resultados/caso45f_base_postprocesado.csv,/clusteruy/home/mathiasr/generator-aware-row-scaling/results-revision/r1-internal-scaling/simple-gurobi-01pct/base-scaleflag2/logs/caso45f_base.log
caso46a.txt,base,OK,0,46.467413883,0.026823698176966,-323886351.9421849,-391574000.0,OPTIMAL,-323973230.2396663,11035.0,435652.0,0.24,14400.0,10800.0,35590.0,10720.0,8791.0,28374.0,25.555555555555557,18.60185185185185,20.27535824669851,3,Model contains large bounds | Model contains large matrix coefficients | Model contains large rhs,0.003,2000000000.0,0.003,3000.0,5.0,7000000000.0,1.0,10000000000.0,,,,,,,,,0.0,46.467413883,1.0,1.0,1.0,0.0,0.0,0.0,,,0.0,,,,34128.945727,,,51.473716,,0.037063,3.264052,51.473716,1.0,0.041120280333944,,,,,,,,BASE,BASE,,,,,,2.12636838007207e-09,2.73669975570093e-14,6.70552253723145e-08,1.97440385818481e-07,7562092.10126601,33.3910690998615,144314426.106246,804405287.709359,2.91038304567337e-11,0.0,4.76720742881298e-07,0.0,0.0,0.0,0.0,0.0,0.0,0.0,0.0,0.0,0.0,-323886351.942185,2387.47866413715,0.0,804405287.709359,0.0,0.0,0.0,563.0,0.0,903.0,0.0,0.0,0.0,0.0,-391573807.0173,,,,,,BASE,0.0,0,/clusteruy/home/mathiasr/generator-aware-row-scaling/results-revision/r1-internal-scaling/simple-gurobi-01pct/base-scaleflag2/resultados/caso46a_base.csv,/clusteruy/home/mathiasr/generator-aware-row-scaling/results-revision/r1-internal-scaling/simple-gurobi-01pct/base-scaleflag2/resultados/caso46a_base_postprocesado.csv,/clusteruy/home/mathiasr/generator-aware-row-scaling/results-revision/r1-internal-scaling/simple-gurobi-01pct/base-scaleflag2/logs/caso46a_base.log
caso46b.txt,base,OK,0,83.751617259,0.038705428036721,-338057560.6406412,-338134000.0,OPTIMAL,-338188407.2664977,19688.0,980740.0,0.23,14400.0,10800.0,35590.0,10720.0,8791.0,28374.0,25.555555555555557,18.60185185185185,20.27535824669851,5,Model contains large bounds | Model contains large matrix coefficients | Model contains large rhs | max bound violation (2.4057e-05) exceeds tolerance | max constraint violation (8.5186e-05) exceeds tolerance,0.003,2000000000.0,0.003,3000.0,5.0,7000000000.0,1.0,10000000000.0,,,,,,,,,0.0,83.751617259,1.0,1.0,1.0,0.0,0.0,0.0,,,0.0,,,,287602.259328,,,93.429685,,0.033301,4.275418,93.429685,1.0,0.033699159744338,,,,,,,,BASE,BASE,,,,,,4.84607467466437e-08,1.82474146903634e-11,1.12382404040545e-07,8.51860863545773e-05,130499.280152227,1.54079966425942,4704682.96942408,23372175.8420258,5.73629555908894e-05,0.0,8.51860863545773e-05,2.40568025766511e-05,0.0,0.0,5.0,0.0,10.0,1.0,0.0,0.0,0.0,-338057560.640641,1113.46921121036,0.0,23372175.8420258,0.0,0.0,0.0,1058.0,0.0,911.0,0.0,0.0,0.0,0.0,-338133980.610798,,,,,,BASE,0.0,0,/clusteruy/home/mathiasr/generator-aware-row-scaling/results-revision/r1-internal-scaling/simple-gurobi-01pct/base-scaleflag2/resultados/caso46b_base.csv,/clusteruy/home/mathiasr/generator-aware-row-scaling/results-revision/r1-internal-scaling/simple-gurobi-01pct/base-scaleflag2/resultados/caso46b_base_postprocesado.csv,/clusteruy/home/mathiasr/generator-aware-row-scaling/results-revision/r1-internal-scaling/simple-gurobi-01pct/base-scaleflag2/logs/caso46b_base.log
caso46c.txt,base,OK,0,65.25740757,0.08531630105701,-329778392.2348455,-330386000.0,OPTIMAL,-330059746.96078557,12837.0,561461.0,0.24,14400.0,10800.0,35590.0,10720.0,8791.0,28374.0,25.555555555555557,18.60185185185185,20.27535824669851,4,Model contains large bounds | Model contains large matrix coefficients | Model contains large rhs | max constraint violation (1.0360e-06) exceeds tolerance,0.003,2000000000.0,0.005,3000.0,5.0,7000000000.0,1.0,10000000000.0,,,,,,,,,0.0,65.25740757,1.0,1.0,1.0,0.0,0.0,0.0,,,0.0,,,,156794.466412,,,68.758711,,0.033185,3.880044,68.758711,1.0,0.033761699580864,,,,,,,,BASE,BASE,,,,,,4.25601171858129e-09,1.16460796562023e-10,1.19218602776528e-07,3.1106173992157e-07,422028.186261587,1.65448156586394,8857758.69534267,341141984.999998,3.63797880709171e-12,0.0,1.03597994893789e-06,0.0,0.0,0.0,0.0,0.0,1.0,0.0,0.0,0.0,0.0,-329778392.234846,8010.5678596738,0.0,341141984.999998,0.0,0.0,0.0,846.0,0.0,871.0,0.0,0.0,0.0,0.0,-330386321.87681,,,,,,BASE,0.0,0,/clusteruy/home/mathiasr/generator-aware-row-scaling/results-revision/r1-internal-scaling/simple-gurobi-01pct/base-scaleflag2/resultados/caso46c_base.csv,/clusteruy/home/mathiasr/generator-aware-row-scaling/results-revision/r1-internal-scaling/simple-gurobi-01pct/base-scaleflag2/resultados/caso46c_base_postprocesado.csv,/clusteruy/home/mathiasr/generator-aware-row-scaling/results-revision/r1-internal-scaling/simple-gurobi-01pct/base-scaleflag2/logs/caso46c_base.log
caso46d.txt,base,OK,0,31.20385941,4.353287011e-06,-240522767.18991402,-260314000.0,OPTIMAL,-240522777.6605604,10676.0,153837.0,0.24,14400.0,10800.0,35590.0,10730.0,8444.0,28281.0,25.48611111111111,21.814814814814813,20.536667603259342,4,Model contains large bounds | Model contains large matrix coefficients | Model contains large rhs | max constraint violation (9.8194e-06) exceeds tolerance,0.003,2000000000.0,0.003,2000.0,5.0,7000000000.0,1.0,10000000000.0,,,,,,,,,0.0,31.20385941,1.0,1.0,1.0,0.0,0.0,0.0,,,0.0,,,,269522.881539,,,33.426813,,0.038887,2.613006,33.426813,1.0,0.04556686622247,,,,,,,,BASE,BASE,,,,,,2.12347179105864e-09,1.4210854715202e-14,5.30946999788286e-08,2.01165676116943e-07,5966324.73230492,4.18968226769204,62538405.8019383,861928032.834632,5.0000000000008e-09,0.0,9.81951598078012e-06,0.0,0.0,8.69798460880046e-06,0.0,0.0,1.0,0.0,0.0,1.0,0.0,-240522767.189914,703.478420299114,0.0,861928032.834632,0.0,0.0,8.69798460880046e-06,246.0,0.0,951.0,0.0,0.0,1.0,0.0,-260313927.528021,,,,,,BASE,0.0,0,/clusteruy/home/mathiasr/generator-aware-row-scaling/results-revision/r1-internal-scaling/simple-gurobi-01pct/base-scaleflag2/resultados/caso46d_base.csv,/clusteruy/home/mathiasr/generator-aware-row-scaling/results-revision/r1-internal-scaling/simple-gurobi-01pct/base-scaleflag2/resultados/caso46d_base_postprocesado.csv,/clusteruy/home/mathiasr/generator-aware-row-scaling/results-revision/r1-internal-scaling/simple-gurobi-01pct/base-scaleflag2/logs/caso46d_base.log
caso46e.txt,base,OK,0,31.170260488,0.097682889660274,-255482660.95591056,-256856000.0,OPTIMAL,-255732223.80171326,395.0,248173.0,0.24,14400.0,10800.0,35590.0,10730.0,8444.0,28281.0,25.48611111111111,21.814814814814813,20.536667603259342,4,Model contains large bounds | Model contains large matrix coefficients | Model contains large rhs | max constraint violation (8.0466e-06) exceeds tolerance,0.003,2000000000.0,0.003,2000.0,5.0,7000000000.0,1.0,10000000000.0,,,,,,,,,0.0,31.170260488,1.0,1.0,1.0,0.0,0.0,0.0,,,0.0,,,,91646.617442,,,39.641257,,0.003918,4.493815,39.641257,1.0,0.016081380799109,,,,,,,,BASE,BASE,,,,,,6.65818363774125e-09,2.91038304567337e-11,1.34129077196122e-07,3.48314642906189e-07,596013.322567975,1.61844911624655,25189327.8412379,77283261.3449895,3.63797880709171e-12,0.0,8.04662704467773e-06,0.0,0.0,0.0,0.0,0.0,7.0,0.0,0.0,0.0,0.0,-255482660.955911,546.561482649195,0.0,77283261.3449895,0.0,0.0,0.0,643.0,0.0,959.0,0.0,0.0,0.0,0.0,-256856338.904254,,,,,,BASE,0.0,0,/clusteruy/home/mathiasr/generator-aware-row-scaling/results-revision/r1-internal-scaling/simple-gurobi-01pct/base-scaleflag2/resultados/caso46e_base.csv,/clusteruy/home/mathiasr/generator-aware-row-scaling/results-revision/r1-internal-scaling/simple-gurobi-01pct/base-scaleflag2/resultados/caso46e_base_postprocesado.csv,/clusteruy/home/mathiasr/generator-aware-row-scaling/results-revision/r1-internal-scaling/simple-gurobi-01pct/base-scaleflag2/logs/caso46e_base.log
caso46f.txt,base,OK,0,82.416769813,0.066866143364807,-247251037.3616742,-261867000.0,OPTIMAL,-247416364.59478742,7402.0,1671084.0,0.24,14400.0,10800.0,35590.0,10730.0,8444.0,28281.0,25.48611111111111,21.814814814814813,20.536667603259342,3,Model contains large bounds | Model contains large matrix coefficients | Model contains large rhs,0.003,2000000000.0,0.005,2000.0,5.0,7000000000.0,1.0,10000000000.0,,,,,,,,,0.0,82.416769813,1.0,1.0,1.0,0.0,0.0,0.0,,,0.0,,,,240815005625910.44,,,91.760192,,0.038603,3.263634,91.760192,1.0,0.041665090696612,,,,,,,,BASE,BASE,,,,,,1.96649575985644e-09,2.31259456029415e-14,6.51925802230835e-08,2.81259417533875e-07,2012885.1571935,3.20347450845423,37252722.3191262,874704616.381743,4.00177668780088e-11,0.0,4.60073351860046e-07,0.0,0.0,0.0,0.0,0.0,0.0,0.0,0.0,0.0,0.0,-247251037.361674,532.346982080548,0.0,874704616.381743,0.0,0.0,0.0,406.0,0.0,946.0,0.0,0.0,0.0,0.0,-261866572.701817,,,,,,BASE,0.0,0,/clusteruy/home/mathiasr/generator-aware-row-scaling/results-revision/r1-internal-scaling/simple-gurobi-01pct/base-scaleflag2/resultados/caso46f_base.csv,/clusteruy/home/mathiasr/generator-aware-row-scaling/results-revision/r1-internal-scaling/simple-gurobi-01pct/base-scaleflag2/resultados/caso46f_base_postprocesado.csv,/clusteruy/home/mathiasr/generator-aware-row-scaling/results-revision/r1-internal-scaling/simple-gurobi-01pct/base-scaleflag2/logs/caso46f_base.log
caso47a.txt,base,OK,0,2.721223178,0.000524245611056,-201163907.71556538,-232292000.0,OPTIMAL,-201164962.3085226,1.0,9031.0,0.24,14400.0,10800.0,35590.0,10382.0,8582.0,28309.0,27.90277777777778,20.537037037037038,20.45799381848834,4,Model contains large bounds | Model contains large matrix coefficients | Model contains large rhs | max constraint violation (1.0202e-06) exceeds tolerance,0.003,2000000000.0,0.003,3000.0,5.0,7000000000.0,1.0,10000000000.0,,,,,,,,,0.0,2.721223178,1.0,1.0,1.0,0.0,0.0,0.0,,,0.0,,,,63102.309831,,,2.015288,,0.036951,2.369737,2.015288,1.0,0.108986291691068,,,,,,,,BASE,BASE,,,,,,4.38806563174593e-09,1.68934310984523e-14,1.2153759598732e-07,1.02016929304227e-06,4672647.44107277,4.13541456630547,104339436.962421,778826032.040136,9.09494701772928e-13,0.0,1.02016929304227e-06,0.0,0.0,0.0,0.0,0.0,1.0,0.0,0.0,0.0,0.0,-201163907.715565,1065.67351107924,0.0,778826032.040136,0.0,0.0,0.0,529.0,0.0,801.0,0.0,0.0,0.0,0.0,-232291725.958268,,,,,,BASE,0.0,0,/clusteruy/home/mathiasr/generator-aware-row-scaling/results-revision/r1-internal-scaling/simple-gurobi-01pct/base-scaleflag2/resultados/caso47a_base.csv,/clusteruy/home/mathiasr/generator-aware-row-scaling/results-revision/r1-internal-scaling/simple-gurobi-01pct/base-scaleflag2/resultados/caso47a_base_postprocesado.csv,/clusteruy/home/mathiasr/generator-aware-row-scaling/results-revision/r1-internal-scaling/simple-gurobi-01pct/base-scaleflag2/logs/caso47a_base.log
caso47b.txt,base,OK,0,83.304192151,0.036350349892262,-214471162.57934278,-215773000.0,OPTIMAL,-214549123.59735838,4865.0,368421.0,0.24,14400.0,10800.0,35590.0,10382.0,8582.0,28309.0,27.90277777777778,20.537037037037038,20.45799381848834,3,Model contains large bounds | Model contains large matrix coefficients | Model contains large rhs,0.003,2000000000.0,0.003,3000.0,5.0,7000000000.0,1.0,10000000000.0,,,,,,,,,0.0,83.304192151,1.0,1.0,1.0,0.0,0.0,0.0,,,0.0,,,,6085158.258836,,,84.765155,,0.003755,5.185769,84.765155,1.0,0.004673017795204,,,,,,,,BASE,BASE,,,,,,5.33744039860946e-09,1.04773789644241e-09,1.80681236088276e-07,8.86560883373022e-07,441790.216020796,1.25937079412512,14804410.0206257,317264456.079971,1.01181285572238e-11,0.0,8.86560883373022e-07,0.0,0.0,0.0,0.0,0.0,0.0,0.0,0.0,0.0,0.0,-214471162.579343,1259.25709720036,0.0,317264456.079971,0.0,0.0,0.0,825.0,0.0,818.0,0.0,0.0,0.0,0.0,-215773111.766166,,,,,,BASE,0.0,0,/clusteruy/home/mathiasr/generator-aware-row-scaling/results-revision/r1-internal-scaling/simple-gurobi-01pct/base-scaleflag2/resultados/caso47b_base.csv,/clusteruy/home/mathiasr/generator-aware-row-scaling/results-revision/r1-internal-scaling/simple-gurobi-01pct/base-scaleflag2/resultados/caso47b_base_postprocesado.csv,/clusteruy/home/mathiasr/generator-aware-row-scaling/results-revision/r1-internal-scaling/simple-gurobi-01pct/base-scaleflag2/logs/caso47b_base.log
caso47c.txt,base,OK,0,11.884355739,0.000892106006127,-207205324.9159476,-219772000.0,OPTIMAL,-207207173.40709618,153.0,48403.0,0.24,14400.0,10800.0,35590.0,10382.0,8582.0,28309.0,27.90277777777778,20.537037037037038,20.45799381848834,3,Model contains large bounds | Model contains large matrix coefficients | Model contains large rhs,0.003,2000000000.0,0.005,3000.0,5.0,7000000000.0,1.0,10000000000.0,,,,,,,,,0.0,11.884355739,1.0,1.0,1.0,0.0,0.0,0.0,,,0.0,,,,682792332306417.0,,,10.895361,,0.016544,5.071514,10.895361,1.0,0.034882166872733,,,,,,,,BASE,BASE,,,,,,4.53856263728063e-09,2.8421709430404e-14,1.41585478559137e-07,8.79634171724319e-07,2299887.211332,1.55792701306154,66346036.9830819,836346711.291703,2.250999386888e-11,0.0,8.79634171724319e-07,0.0,5.6843418860808e-14,5.55111512312578e-16,0.0,0.0,0.0,0.0,0.0,0.0,0.0,-207205324.915948,855.017119354277,0.0,836346711.291703,0.0,5.6843418860808e-14,5.55111512312578e-16,346.0,0.0,796.0,0.0,0.0,0.0,0.0,-219772278.236084,,,,,,BASE,0.0,0,/clusteruy/home/mathiasr/generator-aware-row-scaling/results-revision/r1-internal-scaling/simple-gurobi-01pct/base-scaleflag2/resultados/caso47c_base.csv,/clusteruy/home/mathiasr/generator-aware-row-scaling/results-revision/r1-internal-scaling/simple-gurobi-01pct/base-scaleflag2/resultados/caso47c_base_postprocesado.csv,/clusteruy/home/mathiasr/generator-aware-row-scaling/results-revision/r1-internal-scaling/simple-gurobi-01pct/base-scaleflag2/logs/caso47c_base.log
caso47d.txt,base,OK,0,2.999580492,0.0,-185771587.76484418,-200630000.0,OPTIMAL,-185771587.76484418,1.0,9232.0,0.24,14400.0,10800.0,35590.0,10688.0,8576.0,28903.0,25.77777777777778,20.59259259259259,18.78898567013206,5,Markowitz tolerance tightened to 0.03125 | Model contains large bounds | Model contains large matrix coefficients | Model contains large rhs | max constraint violation (1.1921e-06) exceeds tolerance,0.003,2000000000.0,0.003,2000.0,5.0,7000000000.0,1.0,10000000000.0,,,,,,,,,0.0,2.999580492,1.0,1.0,1.0,0.0,0.0,0.0,,,0.0,,,,22254.392296,,,2.227057,,0.006276,2.485063,2.227057,1.0,0.505251367602063,,,,,,,,BASE,BASE,,,,,,3.00700918001688e-09,1.4210854715202e-14,1.04308128356934e-07,1.19209289550781e-06,6463599.01744752,7.31621762093181,138934010.066156,864583534.574496,2.27373675443232e-13,0.0,1.19209289550781e-06,0.0,0.0,0.0,0.0,0.0,1.0,0.0,0.0,0.0,0.0,-185771587.764844,1279.35894895974,0.0,864583534.574496,0.0,0.0,0.0,300.0,0.0,910.0,0.0,0.0,0.0,0.0,-200629892.688275,,,,,,BASE,0.0,0,/clusteruy/home/mathiasr/generator-aware-row-scaling/results-revision/r1-internal-scaling/simple-gurobi-01pct/base-scaleflag2/resultados/caso47d_base.csv,/clusteruy/home/mathiasr/generator-aware-row-scaling/results-revision/r1-internal-scaling/simple-gurobi-01pct/base-scaleflag2/resultados/caso47d_base_postprocesado.csv,/clusteruy/home/mathiasr/generator-aware-row-scaling/results-revision/r1-internal-scaling/simple-gurobi-01pct/base-scaleflag2/logs/caso47d_base.log
caso47e.txt,base,OK,0,65.679514424,0.064363564854577,-198329755.8099908,-198319000.0,OPTIMAL,-198457407.91099748,4833.0,499607.0,0.24,14400.0,10800.0,35590.0,10688.0,8576.0,28903.0,25.77777777777778,20.59259259259259,18.78898567013206,4,Model contains large bounds | Model contains large matrix coefficients | Model contains large rhs | max constraint violation (1.1225e-06) exceeds tolerance,0.003,2000000000.0,0.003,2000.0,5.0,7000000000.0,1.0,10000000000.0,,,,,,,,,0.0,65.679514424,1.0,1.0,1.0,0.0,0.0,0.0,,,0.0,,,,528053.11343,,,70.52422,,0.511411,6.215169,70.52422,1.0,0.061544964946116,,,,,,,,BASE,BASE,,,,,,5.26312514633005e-09,1.86264514923096e-09,1.59956980496645e-07,1.12247653305531e-06,541076.482679771,5.9108699609002,24625581.9675091,385437847.898947,1.47188927712705e-11,0.0,1.12247653305531e-06,0.0,0.0,0.0,0.0,0.0,1.0,0.0,0.0,0.0,0.0,-198329755.809991,1208.0386803888,0.0,385437847.898947,0.0,0.0,0.0,1071.0,0.0,908.0,0.0,0.0,0.0,0.0,-198319358.827256,,,,,,BASE,0.0,0,/clusteruy/home/mathiasr/generator-aware-row-scaling/results-revision/r1-internal-scaling/simple-gurobi-01pct/base-scaleflag2/resultados/caso47e_base.csv,/clusteruy/home/mathiasr/generator-aware-row-scaling/results-revision/r1-internal-scaling/simple-gurobi-01pct/base-scaleflag2/resultados/caso47e_base_postprocesado.csv,/clusteruy/home/mathiasr/generator-aware-row-scaling/results-revision/r1-internal-scaling/simple-gurobi-01pct/base-scaleflag2/logs/caso47e_base.log
caso47f.txt,base,OK,0,3.959862473,0.002539980247695,-191242067.21917596,-199263000.0,OPTIMAL,-191246924.72990862,1.0,11248.0,0.24,14400.0,10800.0,35590.0,10688.0,8576.0,28903.0,25.77777777777778,20.59259259259259,18.78898567013206,4,Model contains large bounds | Model contains large matrix coefficients | Model contains large rhs | max constraint violation (8.4396e-06) exceeds tolerance,0.003,2000000000.0,0.005,2000.0,5.0,7000000000.0,1.0,10000000000.0,,,,,,,,,0.0,3.959862473,1.0,1.0,1.0,0.0,0.0,0.0,,,0.0,,,,188508.594846,,,2.642655,,0.575306,3.222523,2.642655,1.0,0.589440253319556,,,,,,,,BASE,BASE,,,,,,4.08459939415443e-09,4.89164264649834e-14,9.03476029634478e-08,6.04288652539253e-06,2640752.18761236,5.53140258798946,72056902.3239108,844845474.43591,9.5367431640625e-07,0.0,8.43964517116547e-06,3.44336095739294e-09,0.0,0.0,0.0,0.0,3.0,0.0,0.0,0.0,0.0,-191242067.219176,1276.0545349719,0.0,844845474.43591,3.44336095739294e-09,0.0,0.0,466.0,0.0,909.0,0.0,0.0,0.0,0.0,-199262646.725838,,,,,,BASE,0.0,0,/clusteruy/home/mathiasr/generator-aware-row-scaling/results-revision/r1-internal-scaling/simple-gurobi-01pct/base-scaleflag2/resultados/caso47f_base.csv,/clusteruy/home/mathiasr/generator-aware-row-scaling/results-revision/r1-internal-scaling/simple-gurobi-01pct/base-scaleflag2/resultados/caso47f_base_postprocesado.csv,/clusteruy/home/mathiasr/generator-aware-row-scaling/results-revision/r1-internal-scaling/simple-gurobi-01pct/base-scaleflag2/logs/caso47f_base.log
caso48a.txt,base,OK,0,1.698194122,0.000321416059958,-304058944.7886183,-372747000.0,OPTIMAL,-304059922.0828986,1.0,7693.0,0.24,14400.0,10800.0,35590.0,10422.0,8576.0,27872.0,27.625,20.59259259259259,21.685866816521497,4,Model contains large bounds | Model contains large matrix coefficients | Model contains large rhs | max constraint violation (4.1906e-06) exceeds tolerance,0.002,2000000000.0,0.003,3000.0,5.0,6000000000.0,1.0,10000000000.0,,,,,,,,,0.0,1.698194122,1.0,1.0,1.0,0.0,0.0,0.0,,,0.0,,,,25416.60373,,,1.47854,,0.002804,1.394941,1.47854,1.0,0.238083809384197,,,,,,,,BASE,BASE,,,,,,2.49716819834049e-09,3.79751785573034e-14,7.4524432420731e-08,4.67567588202655e-07,8899044.10790581,17.7947922412508,514594362.779248,868405456.32763,3.63797880709171e-12,0.0,4.19048592448235e-06,0.0,0.0,0.0,0.0,0.0,1.0,0.0,0.0,0.0,0.0,-304058944.788618,419.951449654909,0.0,868405456.32763,0.0,0.0,0.0,275.0,0.0,881.0,0.0,0.0,0.0,0.0,-372747122.550789,,,,,,BASE,0.0,0,/clusteruy/home/mathiasr/generator-aware-row-scaling/results-revision/r1-internal-scaling/simple-gurobi-01pct/base-scaleflag2/resultados/caso48a_base.csv,/clusteruy/home/mathiasr/generator-aware-row-scaling/results-revision/r1-internal-scaling/simple-gurobi-01pct/base-scaleflag2/resultados/caso48a_base_postprocesado.csv,/clusteruy/home/mathiasr/generator-aware-row-scaling/results-revision/r1-internal-scaling/simple-gurobi-01pct/base-scaleflag2/logs/caso48a_base.log
caso48b.txt,base,OK,0,34.939127871,0.069199455232411,-316456497.62196314,-321597000.0,OPTIMAL,-316675483.7943651,2354.0,829857.0,0.24,14400.0,10800.0,35590.0,10422.0,8576.0,27872.0,27.625,20.59259259259259,21.685866816521497,4,Model contains large bounds | Model contains large matrix coefficients | Model contains large rhs | max constraint violation (1.0729e-06) exceeds tolerance,0.002,2000000000.0,0.003,3000.0,5.0,6000000000.0,1.0,10000000000.0,,,,,,,,,0.0,34.939127871,1.0,1.0,1.0,0.0,0.0,0.0,,,0.0,,,,563473.291984,,,43.487498,,0.005499,3.054603,43.487498,1.0,0.01548928740348,,,,,,,,BASE,BASE,,,,,,4.14810178065684e-09,5.82076609134674e-11,1.28526880871505e-07,6.87534338794649e-07,653331.474667414,1.43790081029446,22864968.1273548,841927361.079692,1.07288360595703e-06,0.0,9.11240931600332e-07,0.0,0.0,0.0,1.0,0.0,0.0,0.0,0.0,0.0,0.0,-316456497.621963,789.142412560257,0.0,841927361.079692,0.0,0.0,0.0,549.0,0.0,884.0,0.0,0.0,0.0,0.0,-321597021.997746,,,,,,BASE,0.0,0,/clusteruy/home/mathiasr/generator-aware-row-scaling/results-revision/r1-internal-scaling/simple-gurobi-01pct/base-scaleflag2/resultados/caso48b_base.csv,/clusteruy/home/mathiasr/generator-aware-row-scaling/results-revision/r1-internal-scaling/simple-gurobi-01pct/base-scaleflag2/resultados/caso48b_base_postprocesado.csv,/clusteruy/home/mathiasr/generator-aware-row-scaling/results-revision/r1-internal-scaling/simple-gurobi-01pct/base-scaleflag2/logs/caso48b_base.log
caso48c.txt,base,OK,0,2.170088403,0.038109984653135,-309350637.0570159,-311996000.0,OPTIMAL,-309468530.5373227,1.0,9185.0,0.24,14400.0,10800.0,35590.0,10422.0,8576.0,27872.0,27.625,20.59259259259259,21.685866816521497,3,Model contains large bounds | Model contains large matrix coefficients | Model contains large rhs,0.002,2000000000.0,0.005,3000.0,5.0,6000000000.0,1.0,10000000000.0,,,,,,,,,0.0,2.170088403,1.0,1.0,1.0,0.0,0.0,0.0,,,0.0,,,,65750.482318,,,1.791221,,0.003113,1.723261,1.791221,1.0,0.212494239962399,,,,,,,,BASE,BASE,,,,,,3.90618324204009e-09,1.45519152283669e-11,1.19209289550781e-07,8.0309109762311e-07,911332.547787598,1.26846579074971,27963426.3816064,398850888.789018,4.54747350886464e-13,0.0,8.0309109762311e-07,0.0,0.0,0.0,0.0,0.0,0.0,0.0,0.0,0.0,0.0,-309350637.057016,387.768254447714,0.0,398850888.789018,0.0,0.0,0.0,508.0,0.0,857.0,0.0,0.0,0.0,0.0,-311995868.86968,,,,,,BASE,0.0,0,/clusteruy/home/mathiasr/generator-aware-row-scaling/results-revision/r1-internal-scaling/simple-gurobi-01pct/base-scaleflag2/resultados/caso48c_base.csv,/clusteruy/home/mathiasr/generator-aware-row-scaling/results-revision/r1-internal-scaling/simple-gurobi-01pct/base-scaleflag2/resultados/caso48c_base_postprocesado.csv,/clusteruy/home/mathiasr/generator-aware-row-scaling/results-revision/r1-internal-scaling/simple-gurobi-01pct/base-scaleflag2/logs/caso48c_base.log
caso48d.txt,base,OK,0,1.605996022,0.097710889662834,-220240325.68602553,-238958000.0,OPTIMAL,-220455524.46764967,1.0,8530.0,0.24,14400.0,10800.0,35590.0,10617.0,8426.0,28214.0,26.270833333333332,21.98148148148148,20.724922731104243,4,Model contains large bounds | Model contains large matrix coefficients | Model contains large rhs | max constraint violation (7.8725e-06) exceeds tolerance,0.002,2000000000.0,0.003,2000.0,5.0,6000000000.0,1.0,10000000000.0,,,,,,,,,0.0,1.605996022,1.0,1.0,1.0,0.0,0.0,0.0,,,0.0,,,,223157.226334,,,1.38994,,0.001008,1.379007,1.38994,1.0,0.273874147827695,,,,,,,,BASE,BASE,,,,,,1.95100010795855e-09,2.8421709430404e-14,4.65661287307739e-08,7.87246972322464e-06,6616784.46808197,6.73286299931069,78997248.5927473,860954896.458385,7.27595761418343e-12,0.0,7.87246972322464e-06,0.0,0.0,0.0,0.0,0.0,1.0,0.0,0.0,0.0,0.0,-220240325.686026,660.932935718571,0.0,860954896.458385,0.0,0.0,0.0,205.0,0.0,928.0,0.0,0.0,0.0,0.0,-238958135.969428,,,,,,BASE,0.0,0,/clusteruy/home/mathiasr/generator-aware-row-scaling/results-revision/r1-internal-scaling/simple-gurobi-01pct/base-scaleflag2/resultados/caso48d_base.csv,/clusteruy/home/mathiasr/generator-aware-row-scaling/results-revision/r1-internal-scaling/simple-gurobi-01pct/base-scaleflag2/resultados/caso48d_base_postprocesado.csv,/clusteruy/home/mathiasr/generator-aware-row-scaling/results-revision/r1-internal-scaling/simple-gurobi-01pct/base-scaleflag2/logs/caso48d_base.log
caso48e.txt,base,OK,0,55.750935233,0.097689921404754,-232831037.99512437,-236753000.0,OPTIMAL,-233058490.45314768,7141.0,912833.0,0.24,14400.0,10800.0,35590.0,10617.0,8426.0,28214.0,26.270833333333332,21.98148148148148,20.724922731104243,4,Model contains large bounds | Model contains large matrix coefficients | Model contains large rhs | max constraint violation (1.0245e-06) exceeds tolerance,0.002,2000000000.0,0.003,2000.0,5.0,6000000000.0,1.0,10000000000.0,,,,,,,,,0.0,55.750935233,1.0,1.0,1.0,0.0,0.0,0.0,,,0.0,,,,512502.411192,,,59.73283,,0.005041,3.724633,59.73283,1.0,0.01003375470296,,,,,,,,BASE,BASE,,,,,,2.87043443398222e-09,7.11208869574866e-14,8.19563865661621e-08,8.92090611159801e-07,1124426.20727392,4.14042876386249,25364275.7909204,860562138.126952,7.27595761418343e-12,0.0,1.02445483207703e-06,0.0,0.0,0.0,0.0,0.0,1.0,0.0,0.0,0.0,0.0,-232831037.995124,661.717891699234,0.0,860562138.126952,0.0,0.0,0.0,407.0,0.0,928.0,0.0,0.0,0.0,0.0,-236753015.060149,,,,,,BASE,0.0,0,/clusteruy/home/mathiasr/generator-aware-row-scaling/results-revision/r1-internal-scaling/simple-gurobi-01pct/base-scaleflag2/resultados/caso48e_base.csv,/clusteruy/home/mathiasr/generator-aware-row-scaling/results-revision/r1-internal-scaling/simple-gurobi-01pct/base-scaleflag2/resultados/caso48e_base_postprocesado.csv,/clusteruy/home/mathiasr/generator-aware-row-scaling/results-revision/r1-internal-scaling/simple-gurobi-01pct/base-scaleflag2/logs/caso48e_base.log
caso48f.txt,base,OK,0,2.350028919,0.0,-224601177.5972079,-226530000.0,OPTIMAL,-224601177.5972079,1.0,10965.0,0.24,14400.0,10800.0,35590.0,10617.0,8426.0,28214.0,26.270833333333332,21.98148148148148,20.724922731104243,4,Model contains large bounds | Model contains large matrix coefficients | Model contains large rhs | max constraint violation (1.7485e-06) exceeds tolerance,0.002,2000000000.0,0.005,2000.0,5.0,6000000000.0,1.0,10000000000.0,,,,,,,,,0.0,2.350028919,1.0,1.0,1.0,0.0,0.0,0.0,,,0.0,,,,33982.219509,,,2.012318,,0.007344,1.947817,2.012318,1.0,0.206821524117981,,,,,,,,BASE,BASE,,,,,,3.52372105742969e-09,2.91038304567337e-11,8.80239531397823e-08,1.73691660165787e-06,334441.522157472,1.60168561978194,7495514.39118264,389805203.677182,4.10210247991927e-08,0.0,1.73691660165787e-06,0.0,0.0,0.0,0.0,0.0,1.0,0.0,0.0,0.0,0.0,-224601177.597208,881.767218278532,0.0,389805203.677182,0.0,0.0,0.0,663.0,0.0,923.0,0.0,0.0,0.0,0.0,-226529723.608448,,,,,,BASE,0.0,0,/clusteruy/home/mathiasr/generator-aware-row-scaling/results-revision/r1-internal-scaling/simple-gurobi-01pct/base-scaleflag2/resultados/caso48f_base.csv,/clusteruy/home/mathiasr/generator-aware-row-scaling/results-revision/r1-internal-scaling/simple-gurobi-01pct/base-scaleflag2/resultados/caso48f_base_postprocesado.csv,/clusteruy/home/mathiasr/generator-aware-row-scaling/results-revision/r1-internal-scaling/simple-gurobi-01pct/base-scaleflag2/logs/caso48f_base.log
