instancia,variante,status,rc,tiempo_solver_s,gap_pct,objetivo_solver,objetivo_post,status_solver,best_bound,nodos_explorados,iter_simplex,presolve_time_s,rows_cargadas,cols_cargadas,nz_cargados,rows_presolved,cols_presolved,nz_presolved,reduccion_rows_pct,reduccion_cols_pct,reduccion_nz_pct,solver_warnings,solver_warnings_txt,matrix_min,matrix_max,objective_min,objective_max,rhs_min,rhs_max,bounds_min,bounds_max,matrix_range_ratio_vs_base,objective_range_ratio_vs_base,rhs_range_ratio_vs_base,bounds_range_ratio_vs_base,kappa_antes,kappa_despues,rho_antes,rho_despues,tiempo_preprocesamiento_s,tiempo_total_s,speedup_vs_base,speedup_solver_vs_base,speedup_total_vs_base,overhead_preprocesamiento_vs_base,ratio_preproc_solver,gap_delta_vs_base,obj_solver_delta_vs_base,obj_solver_rel_delta_vs_base,obj_post_delta_vs_base,obj_post_rel_delta_vs_base,matrix_kappa_ratio_vs_base,kappa_proxy_ratio,kappa_solver,kappa_solver_exact,kappa_solver_ratio_vs_base,work_units,dettime_ticks,root_gap,root_time,tiempo_determinista,speedup_det_vs_base,primal_integral,kappa_arbol_max,kappa_attention,kappa_stable_frac,kappa_suspicious_frac,kappa_unstable_frac,kappa_illposed_frac,kappa_arbol_max_ratio_vs_base,mip_equivalente,post_factible,solver_max_viol,solver_int_viol,solver_obj_diff,post_max_viol,post_int_viol,verif_solver_avg_viol,verif_solver_p95_viol,verif_solver_p99_viol,verif_solver_max_viol_rel,verif_post_avg_viol,verif_post_p95_viol,verif_post_p99_viol,verif_post_max_viol_rel,verif_solver_max_le,verif_solver_max_ge,verif_solver_max_eq,verif_solver_max_lb,verif_solver_max_ub,verif_solver_max_int,verif_solver_viol_le_count,verif_solver_viol_ge_count,verif_solver_viol_eq_count,verif_solver_viol_lb_count,verif_solver_viol_ub_count,verif_solver_viol_int_count,verif_solver_missing,verif_solver_obj_original,verif_post_max_le,verif_post_max_ge,verif_post_max_eq,verif_post_max_lb,verif_post_max_ub,verif_post_max_int,verif_post_viol_le_count,verif_post_viol_ge_count,verif_post_viol_eq_count,verif_post_viol_lb_count,verif_post_viol_ub_count,verif_post_viol_int_count,verif_post_missing,verif_post_obj_original,obj_original_variante,abs_obj_diff_vs_base,rel_obj_diff_vs_base,sentido_obj_vs_base,best_bound_delta_vs_base,equivalente_vs_base,max_diff_post_csv,diffs_post_csv,csv,csv_post,log
instance001.txt,base,OK,0,42.96708068,0.0,-989879.4735171883,-989879.0,OPTIMAL,-989879.4735171883,28061.0,1052457.0,0.12,10080.0,6120.0,22679.0,8680.0,5624.0,20649.0,13.88888888888889,8.104575163398692,8.951011949380485,3,Model contains large bounds | Model contains large matrix coefficient range | Model contains large rhs,0.0007,10000000000.0,0.0009,100.0,40.0,10000000000.0,1.0,4000000000.0,,,,,,,,,0.0,42.96708068,1.0,1.0,1.0,0.0,0.0,0.0,,,0.0,,,,1977274.212838,,,43.5791,,1.56855,3.025602,43.5791,1.0,0.95889646568449,,,,,,,,BASE,BASE,,,,,,3.48821233602637e-09,5.6843418860808e-14,1.28522515296936e-07,1.59161572810262e-12,0.2374949721214,0.0324106940190177,8.40917808739211,7.67160232321584,3.97903932025656e-13,0.0,2.36555933952332e-07,0.0,0.0,0.0,0.0,0.0,0.0,0.0,0.0,0.0,0.0,-989879.473517189,33.5620766271328,0.0,1.7629936337471e-05,0.0,0.0,0.0,518.0,0.0,189.0,0.0,0.0,0.0,0.0,-989879.473517189,,,,,,BASE,0.0,0,/clusteruy/home/mathiasr/generator-aware-row-scaling/results-revision/r5-ablation/sgtm-gurobi-01pct/resultados/instance001_base.csv,/clusteruy/home/mathiasr/generator-aware-row-scaling/results-revision/r5-ablation/sgtm-gurobi-01pct/resultados/instance001_base_postprocesado.csv,/clusteruy/home/mathiasr/generator-aware-row-scaling/results-revision/r5-ablation/sgtm-gurobi-01pct/logs/instance001_base.log
instance001.txt,estructurado,OK,0,9.359147823,0.098257236607477,-989879.4735171869,-989879.0,OPTIMAL,-990852.1017336096,4772.0,50893.0,0.13,10080.0,6120.0,22679.0,8680.0,5624.0,20649.0,13.88888888888889,8.104575163398692,8.951011949380485,1,Model contains large bounds,9e-06,100000.0,0.0009,100.0,10.0,3000000.0,1.0,4000000000.0,0.0007777777777777777,1.0,0.0012,1.0,18380000000000.0,368600000000.0,1.0,1.118,0.047245098,9.406392921,4.590918050723474,4.590918050723474,4.567859437816483,0.047245098,0.005048012799188373,-0.098257236607477,1.3969838619232178e-09,1.4112666231571884e-15,0.0,0.0,0.0007777777777777777,0.020054406964091404,21814.0,,0.011032359527255536,8.0,,0.0,3.0,8.0,5.4473875,0.105226163853047,,,,,,,,OK,REVISAR,4.6752393245697e-07,0.0,1.1641532182693481e-10,33.5620766271327,0.0,5.05446085497316e-09,8.5265128291212e-14,1.89989805221558e-07,3.12638803734444e-13,0.237494973011331,0.0324106940190174,8.40917808739223,7.67160232321584,2.27373675443232e-13,0.0,4.6752393245697e-07,0.0,0.0,0.0,0.0,0.0,0.0,0.0,0.0,0.0,0.0,-989879.473517187,33.5620766271327,0.0,1.81104987859726e-05,0.0,0.0,0.0,518.0,0.0,191.0,0.0,0.0,0.0,0.0,-989879.473517187,-989879.473517187,1.280568540096283e-09,1.2936610712274226e-15,igual,-972.6282164212316,OK,0.0,0,/clusteruy/home/mathiasr/generator-aware-row-scaling/results-revision/r5-ablation/sgtm-gurobi-01pct/resultados/instance001_estructurado.csv,/clusteruy/home/mathiasr/generator-aware-row-scaling/results-revision/r5-ablation/sgtm-gurobi-01pct/resultados/instance001_estructurado_postprocesado.csv,/clusteruy/home/mathiasr/generator-aware-row-scaling/results-revision/r5-ablation/sgtm-gurobi-01pct/logs/instance001_estructurado.log
instance001.txt,estructurado_solo_local,OK,0,9.366609284,0.098257236607477,-989879.4735171869,-989879.0,OPTIMAL,-990852.1017336096,4772.0,50893.0,0.13,10080.0,6120.0,22679.0,8680.0,5624.0,20649.0,13.88888888888889,8.104575163398692,8.951011949380485,1,Model contains large bounds,9e-06,100000.0,0.0009,100.0,10.0,3000000.0,1.0,4000000000.0,0.0007777777777777777,1.0,0.0012,1.0,18380000000000.0,368600000000.0,1.0,1.118,0.048155496,9.41476478,4.587260915579789,4.587260915579789,4.5637975758327975,0.048155496,0.005141187652853098,-0.098257236607477,1.3969838619232178e-09,1.4112666231571884e-15,0.0,0.0,0.0007777777777777777,0.020054406964091404,21814.0,,0.011032359527255536,8.0,,0.0,3.0,8.0,5.4473875,0.106021950657268,,,,,,,,OK,REVISAR,4.6752393245697e-07,0.0,1.1641532182693481e-10,33.5620766271327,0.0,5.05446085497316e-09,8.5265128291212e-14,1.89989805221558e-07,3.12638803734444e-13,0.237494973011331,0.0324106940190174,8.40917808739223,7.67160232321584,2.27373675443232e-13,0.0,4.6752393245697e-07,0.0,0.0,0.0,0.0,0.0,0.0,0.0,0.0,0.0,0.0,-989879.473517187,33.5620766271327,0.0,1.81104987859726e-05,0.0,0.0,0.0,518.0,0.0,191.0,0.0,0.0,0.0,0.0,-989879.473517187,-989879.473517187,1.280568540096283e-09,1.2936610712274226e-15,igual,-972.6282164212316,OK,0.0,0,/clusteruy/home/mathiasr/generator-aware-row-scaling/results-revision/r5-ablation/sgtm-gurobi-01pct/resultados/instance001_estructurado_solo_local.csv,/clusteruy/home/mathiasr/generator-aware-row-scaling/results-revision/r5-ablation/sgtm-gurobi-01pct/resultados/instance001_estructurado_solo_local_postprocesado.csv,/clusteruy/home/mathiasr/generator-aware-row-scaling/results-revision/r5-ablation/sgtm-gurobi-01pct/logs/instance001_estructurado_solo_local.log
instance001.txt,estructurado_solo_acoplamiento,OK,0,37.527489212,0.0,-989879.4735171883,-989879.0,OPTIMAL,-989879.4735171883,28061.0,1052457.0,0.12,10080.0,6120.0,22679.0,8680.0,5624.0,20649.0,13.88888888888889,8.104575163398692,8.951011949380485,3,Model contains large bounds | Model contains large matrix coefficient range | Model contains large rhs,0.0007,10000000000.0,0.0009,100.0,40.0,10000000000.0,1.0,4000000000.0,1.0,1.0,1.0,1.0,18380000000000.0,18380000000000.0,1.0,1.0,0.04148528,37.568974492,1.1449495178659757,1.1449495178659757,1.1436852152871375,0.04148528,0.0011054637779160145,0.0,0.0,0.0,0.0,0.0,1.0,1.0,1977274.0,,0.999999892357874,44.0,,2.0,3.0,44.0,0.9904340909090908,0.959904482017238,,,,,,,,OK,REVISAR,2.36555933952332e-07,0.0,6.984919309616089e-10,33.5620766271328,0.0,3.48821233602637e-09,5.6843418860808e-14,1.28522515296936e-07,1.59161572810262e-12,0.2374949721214,0.0324106940190177,8.40917808739211,7.67160232321584,3.97903932025656e-13,0.0,2.36555933952332e-07,0.0,0.0,0.0,0.0,0.0,0.0,0.0,0.0,0.0,0.0,-989879.473517189,33.5620766271328,0.0,1.7629936337471e-05,0.0,0.0,0.0,518.0,0.0,189.0,0.0,0.0,0.0,0.0,-989879.473517189,-989879.473517189,-6.984919309616089e-10,7.056333115785942e-16,igual,0.0,OK,0.0,0,/clusteruy/home/mathiasr/generator-aware-row-scaling/results-revision/r5-ablation/sgtm-gurobi-01pct/resultados/instance001_estructurado_solo_acoplamiento.csv,/clusteruy/home/mathiasr/generator-aware-row-scaling/results-revision/r5-ablation/sgtm-gurobi-01pct/resultados/instance001_estructurado_solo_acoplamiento_postprocesado.csv,/clusteruy/home/mathiasr/generator-aware-row-scaling/results-revision/r5-ablation/sgtm-gurobi-01pct/logs/instance001_estructurado_solo_acoplamiento.log
instance001.txt,estructurado_matricial,OK,0,8.362419865,0.096315723541565,-989879.4735171979,-989879.0,OPTIMAL,-990832.8830943054,2952.0,40480.0,0.13,10080.0,6120.0,22679.0,8680.0,5624.0,20649.0,13.88888888888889,8.104575163398692,8.951011949380485,1,Model contains large bounds,9e-06,100000.0,0.0009,100.0,50.0,40000000.0,1.0,4000000000.0,0.0007777777777777777,1.0,0.0032,1.0,18380000000000.0,5022000000000.0,1.0,1.0,0.04783028,8.410250145,5.138115685847592,5.138115685847592,5.1088944965025185,0.04783028,0.005719669757337639,-0.096315723541565,-9.546056389808655e-09,-9.643655258240787e-15,0.0,0.0,0.0007777777777777777,0.2732317736670294,173384.0,,0.08768839388803859,7.0,,0.0,3.0,7.0,6.225585714285714,0.124321110221498,,,,,,,,OK,REVISAR,5.92321157455444e-07,0.0,1.1641532182693481e-10,33.5620766271327,0.0,5.53933963641132e-09,8.5265128291212e-14,2.05673277378079e-07,3.33955085807247e-13,0.237494971949364,0.0324106940190174,8.40917808739209,7.67160232321584,2.27373675443232e-13,0.0,5.92321157455444e-07,0.0,0.0,0.0,0.0,0.0,0.0,0.0,0.0,0.0,0.0,-989879.473517198,33.5620766271327,0.0,1.76336616277695e-05,0.0,0.0,0.0,518.0,0.0,187.0,0.0,0.0,0.0,0.0,-989879.473517198,-989879.473517198,-9.66247171163559e-09,9.761260810170553e-15,igual,-953.4095771170687,OK,0.0,0,/clusteruy/home/mathiasr/generator-aware-row-scaling/results-revision/r5-ablation/sgtm-gurobi-01pct/resultados/instance001_estructurado_matricial.csv,/clusteruy/home/mathiasr/generator-aware-row-scaling/results-revision/r5-ablation/sgtm-gurobi-01pct/resultados/instance001_estructurado_matricial_postprocesado.csv,/clusteruy/home/mathiasr/generator-aware-row-scaling/results-revision/r5-ablation/sgtm-gurobi-01pct/logs/instance001_estructurado_matricial.log
instance001.txt,matricial_solo_local,OK,0,8.344475135,0.096315723541565,-989879.4735171979,-989879.0,OPTIMAL,-990832.8830943054,2952.0,40480.0,0.13,10080.0,6120.0,22679.0,8680.0,5624.0,20649.0,13.88888888888889,8.104575163398692,8.951011949380485,1,Model contains large bounds,9e-06,100000.0,0.0009,100.0,50.0,40000000.0,1.0,4000000000.0,0.0007777777777777777,1.0,0.0032,1.0,18380000000000.0,5022000000000.0,1.0,1.0,0.047360159,8.391835294,5.149165164358777,5.149165164358777,5.120105337472559,0.047360159,0.005675630669849194,-0.096315723541565,-9.546056389808655e-09,-9.643655258240787e-15,0.0,0.0,0.0007777777777777777,0.2732317736670294,173384.0,,0.08768839388803859,7.0,,0.0,3.0,7.0,6.225585714285714,0.124215227713957,,,,,,,,OK,REVISAR,5.92321157455444e-07,0.0,1.1641532182693481e-10,33.5620766271327,0.0,5.53933963641132e-09,8.5265128291212e-14,2.05673277378079e-07,3.33955085807247e-13,0.237494971949364,0.0324106940190174,8.40917808739209,7.67160232321584,2.27373675443232e-13,0.0,5.92321157455444e-07,0.0,0.0,0.0,0.0,0.0,0.0,0.0,0.0,0.0,0.0,-989879.473517198,33.5620766271327,0.0,1.76336616277695e-05,0.0,0.0,0.0,518.0,0.0,187.0,0.0,0.0,0.0,0.0,-989879.473517198,-989879.473517198,-9.66247171163559e-09,9.761260810170553e-15,igual,-953.4095771170687,OK,0.0,0,/clusteruy/home/mathiasr/generator-aware-row-scaling/results-revision/r5-ablation/sgtm-gurobi-01pct/resultados/instance001_matricial_solo_local.csv,/clusteruy/home/mathiasr/generator-aware-row-scaling/results-revision/r5-ablation/sgtm-gurobi-01pct/resultados/instance001_matricial_solo_local_postprocesado.csv,/clusteruy/home/mathiasr/generator-aware-row-scaling/results-revision/r5-ablation/sgtm-gurobi-01pct/logs/instance001_matricial_solo_local.log
instance001.txt,matricial_solo_acoplamiento,OK,0,45.594159592,0.0,-989879.4735171883,-989879.0,OPTIMAL,-989879.4735171883,28061.0,1052457.0,0.12,10080.0,6120.0,22679.0,8680.0,5624.0,20649.0,13.88888888888889,8.104575163398692,8.951011949380485,3,Model contains large bounds | Model contains large matrix coefficient range | Model contains large rhs,0.0007,10000000000.0,0.0009,100.0,40.0,10000000000.0,1.0,4000000000.0,1.0,1.0,1.0,1.0,18380000000000.0,18380000000000.0,1.0,1.0,0.041104599,45.635264191,0.9423812405907149,0.9423812405907149,0.9415324188804367,0.041104599,0.0009015321121789524,0.0,0.0,0.0,0.0,0.0,1.0,1.0,1977274.0,,0.999999892357874,44.0,,2.0,3.0,44.0,0.9904340909090908,0.954325787183843,,,,,,,,OK,REVISAR,2.36555933952332e-07,0.0,6.984919309616089e-10,33.5620766271328,0.0,3.48821233602637e-09,5.6843418860808e-14,1.28522515296936e-07,1.59161572810262e-12,0.2374949721214,0.0324106940190177,8.40917808739211,7.67160232321584,3.97903932025656e-13,0.0,2.36555933952332e-07,0.0,0.0,0.0,0.0,0.0,0.0,0.0,0.0,0.0,0.0,-989879.473517189,33.5620766271328,0.0,1.7629936337471e-05,0.0,0.0,0.0,518.0,0.0,189.0,0.0,0.0,0.0,0.0,-989879.473517189,-989879.473517189,-6.984919309616089e-10,7.056333115785942e-16,igual,0.0,OK,0.0,0,/clusteruy/home/mathiasr/generator-aware-row-scaling/results-revision/r5-ablation/sgtm-gurobi-01pct/resultados/instance001_matricial_solo_acoplamiento.csv,/clusteruy/home/mathiasr/generator-aware-row-scaling/results-revision/r5-ablation/sgtm-gurobi-01pct/resultados/instance001_matricial_solo_acoplamiento_postprocesado.csv,/clusteruy/home/mathiasr/generator-aware-row-scaling/results-revision/r5-ablation/sgtm-gurobi-01pct/logs/instance001_matricial_solo_acoplamiento.log
instance002.txt,base,OK,0,91.268339179,0.0,2400390.5530608757,2400390.0,OPTIMAL,2400390.5530608757,14313.0,3335885.0,0.13,10080.0,6120.0,22679.0,8733.0,5611.0,20711.0,13.363095238095237,8.316993464052288,8.677631288857533,3,Model contains large bounds | Model contains large matrix coefficient range | Model contains large rhs,0.0006,10000000000.0,0.001,100.0,40.0,10000000000.0,1.0,4000000000.0,,,,,,,,,0.0,91.268339179,1.0,1.0,1.0,0.0,0.0,0.0,,,0.0,,,,7132875.73171,,,110.703948,,0.954702,3.062142,110.703948,1.0,0.803462573685321,,,,,,,,BASE,BASE,,,,,,7.68436339956427e-10,5.6843418860808e-14,2.23517417907715e-08,3.48927518434844e-13,0.100326631347988,1.90921127796105e-09,2.52090016862638,4.06410192996506,3.48927518434844e-13,0.0,2.34693288803101e-07,0.0,0.0,0.0,0.0,0.0,0.0,0.0,0.0,0.0,0.0,2400390.55306087,20.4930703286607,0.0,1.07754021883011e-05,0.0,0.0,0.0,195.0,0.0,61.0,0.0,0.0,0.0,0.0,2400390.55306087,,,,,,BASE,0.0,0,/clusteruy/home/mathiasr/generator-aware-row-scaling/results-revision/r5-ablation/sgtm-gurobi-01pct/resultados/instance002_base.csv,/clusteruy/home/mathiasr/generator-aware-row-scaling/results-revision/r5-ablation/sgtm-gurobi-01pct/resultados/instance002_base_postprocesado.csv,/clusteruy/home/mathiasr/generator-aware-row-scaling/results-revision/r5-ablation/sgtm-gurobi-01pct/logs/instance002_base.log
instance002.txt,estructurado,OK,0,80.699073906,0.0,2401013.26403727,2401010.0,OPTIMAL,2401013.26403727,12128.0,1681575.0,0.13,10080.0,6120.0,22679.0,8733.0,5611.0,20711.0,13.363095238095237,8.316993464052288,8.677631288857533,1,Model contains large bounds,8e-06,100000.0,0.001,100.0,10.0,3000000.0,1.0,4000000000.0,0.0007499999999999999,1.0,0.0012,1.0,22530000000000.0,372900000000.0,1.0,1.118,0.046829635,80.74590354099999,1.1309713328967232,1.1309713328967232,1.130315411389967,0.046829635,0.0005802995342244963,0.0,622.710976394359,0.0002594206911872339,620.0,0.00025829136098717294,0.0007499999999999999,0.016551264980026632,25770.0,,0.003612848585800615,75.0,,1.0,3.0,75.0,1.47605264,0.731234536356546,,,,,,,,OK,REVISAR,2.96160578727722e-07,0.0,0.0,20.4930703286607,0.0,1.7611081867951e-09,4.2632564145606e-14,4.69572842121108e-08,3.97903932025656e-13,0.10017117697517,1.57029944602972e-13,2.55339569868996,4.06410192996506,7.95807864051312e-13,0.0,2.96160578727722e-07,0.0,0.0,0.0,0.0,0.0,0.0,0.0,0.0,0.0,0.0,2401013.26403727,20.4930703286607,0.0,1.07772648334503e-05,0.0,0.0,0.0,191.0,0.0,61.0,0.0,0.0,0.0,0.0,2401013.26403727,2401013.26403727,622.710976394359,0.0002594206911872339,empeora,622.710976394359,DIFIERE,10000000.0,394,/clusteruy/home/mathiasr/generator-aware-row-scaling/results-revision/r5-ablation/sgtm-gurobi-01pct/resultados/instance002_estructurado.csv,/clusteruy/home/mathiasr/generator-aware-row-scaling/results-revision/r5-ablation/sgtm-gurobi-01pct/resultados/instance002_estructurado_postprocesado.csv,/clusteruy/home/mathiasr/generator-aware-row-scaling/results-revision/r5-ablation/sgtm-gurobi-01pct/logs/instance002_estructurado.log
instance002.txt,estructurado_solo_local,OK,0,78.999540959,0.0,2401013.26403727,2401010.0,OPTIMAL,2401013.26403727,12128.0,1681575.0,0.13,10080.0,6120.0,22679.0,8733.0,5611.0,20711.0,13.363095238095237,8.316993464052288,8.677631288857533,1,Model contains large bounds,8e-06,100000.0,0.001,100.0,10.0,3000000.0,1.0,4000000000.0,0.0007499999999999999,1.0,0.0012,1.0,22530000000000.0,372900000000.0,1.0,1.118,0.046452758,79.045993717,1.155302145696864,1.155302145696864,1.1546232122244975,0.046452758,0.0005880130116719099,0.0,622.710976394359,0.0002594206911872339,620.0,0.00025829136098717294,0.0007499999999999999,0.016551264980026632,25770.0,,0.003612848585800615,75.0,,1.0,3.0,75.0,1.47605264,0.734428637657775,,,,,,,,OK,REVISAR,2.96160578727722e-07,0.0,0.0,20.4930703286607,0.0,1.7611081867951e-09,4.2632564145606e-14,4.69572842121108e-08,3.97903932025656e-13,0.10017117697517,1.57029944602972e-13,2.55339569868996,4.06410192996506,7.95807864051312e-13,0.0,2.96160578727722e-07,0.0,0.0,0.0,0.0,0.0,0.0,0.0,0.0,0.0,0.0,2401013.26403727,20.4930703286607,0.0,1.07772648334503e-05,0.0,0.0,0.0,191.0,0.0,61.0,0.0,0.0,0.0,0.0,2401013.26403727,2401013.26403727,622.710976394359,0.0002594206911872339,empeora,622.710976394359,DIFIERE,10000000.0,394,/clusteruy/home/mathiasr/generator-aware-row-scaling/results-revision/r5-ablation/sgtm-gurobi-01pct/resultados/instance002_estructurado_solo_local.csv,/clusteruy/home/mathiasr/generator-aware-row-scaling/results-revision/r5-ablation/sgtm-gurobi-01pct/resultados/instance002_estructurado_solo_local_postprocesado.csv,/clusteruy/home/mathiasr/generator-aware-row-scaling/results-revision/r5-ablation/sgtm-gurobi-01pct/logs/instance002_estructurado_solo_local.log
instance002.txt,estructurado_solo_acoplamiento,OK,0,127.683088964,0.0,2400390.5530608757,2400390.0,OPTIMAL,2400390.5530608757,14313.0,3335885.0,0.13,10080.0,6120.0,22679.0,8733.0,5611.0,20711.0,13.363095238095237,8.316993464052288,8.677631288857533,3,Model contains large bounds | Model contains large matrix coefficient range | Model contains large rhs,0.0006,10000000000.0,0.001,100.0,40.0,10000000000.0,1.0,4000000000.0,1.0,1.0,1.0,1.0,22530000000000.0,22530000000000.0,1.0,1.0,0.040692324,127.72378128800001,0.7148036589617042,0.7148036589617042,0.714575925161518,0.040692324,0.0003186978348516703,0.0,0.0,0.0,0.0,0.0,1.0,1.0,7132876.0,,1.0000000376131606,111.0,,1.0,3.0,111.0,0.9973328648648648,0.80433353466976,,,,,,,,OK,REVISAR,2.34693288803101e-07,0.0,5.587935447692871e-09,20.4930703286607,0.0,7.68436339956427e-10,5.6843418860808e-14,2.23517417907715e-08,3.48927518434844e-13,0.100326631347988,1.90921127796105e-09,2.52090016862638,4.06410192996506,3.48927518434844e-13,0.0,2.34693288803101e-07,0.0,0.0,0.0,0.0,0.0,0.0,0.0,0.0,0.0,0.0,2400390.55306087,20.4930703286607,0.0,1.07754021883011e-05,0.0,0.0,0.0,195.0,0.0,61.0,0.0,0.0,0.0,0.0,2400390.55306087,2400390.55306087,-5.587935447692871e-09,2.3279276118494027e-15,igual,0.0,OK,0.0,0,/clusteruy/home/mathiasr/generator-aware-row-scaling/results-revision/r5-ablation/sgtm-gurobi-01pct/resultados/instance002_estructurado_solo_acoplamiento.csv,/clusteruy/home/mathiasr/generator-aware-row-scaling/results-revision/r5-ablation/sgtm-gurobi-01pct/resultados/instance002_estructurado_solo_acoplamiento_postprocesado.csv,/clusteruy/home/mathiasr/generator-aware-row-scaling/results-revision/r5-ablation/sgtm-gurobi-01pct/logs/instance002_estructurado_solo_acoplamiento.log
instance002.txt,estructurado_matricial,OK,0,71.525514849,1.9e-14,2400390.553060874,2400390.0,OPTIMAL,2400390.5530608734,28212.0,2970408.0,0.13,10080.0,6120.0,22679.0,8733.0,5611.0,20711.0,13.363095238095237,8.316993464052288,8.677631288857533,1,Model contains large bounds,8e-06,100000.0,0.001,100.0,50.0,40000000.0,1.0,4000000000.0,0.0007499999999999999,1.0,0.0032,1.0,22530000000000.0,4481000000000.0,1.0,1.0,0.047851761,71.57336661000001,1.2760249174253377,1.2760249174253377,1.2751718062434731,0.047851761,0.0006690166593141134,-1.9e-14,-1.862645149230957e-09,-7.759758706164675e-16,0.0,0.0,0.0007499999999999999,0.19889036839769197,527525.0,,0.07395684711775201,89.0,,1.0,4.0,89.0,1.243864584269663,0.823891620525482,,,,,,,,OK,REVISAR,4.91738319396973e-07,0.0,3.725290298461914e-09,32.1237019145412,0.0,1.20037708432775e-09,4.2632564145606e-14,2.83308327198012e-08,2.70006239588838e-13,0.0958065841156382,2.08100203735735e-13,2.20357926936329,6.370641238952,7.95807864051312e-13,0.0,4.91738319396973e-07,0.0,0.0,0.0,0.0,0.0,0.0,0.0,0.0,0.0,0.0,2400390.55306087,32.1237019145412,0.0,1.65160745382309e-05,0.0,0.0,0.0,187.0,0.0,60.0,0.0,0.0,0.0,0.0,2400390.55306087,2400390.55306087,-5.587935447692871e-09,2.3279276118494027e-15,igual,-2.3283064365386963e-09,DIFIERE,13740000.0,514,/clusteruy/home/mathiasr/generator-aware-row-scaling/results-revision/r5-ablation/sgtm-gurobi-01pct/resultados/instance002_estructurado_matricial.csv,/clusteruy/home/mathiasr/generator-aware-row-scaling/results-revision/r5-ablation/sgtm-gurobi-01pct/resultados/instance002_estructurado_matricial_postprocesado.csv,/clusteruy/home/mathiasr/generator-aware-row-scaling/results-revision/r5-ablation/sgtm-gurobi-01pct/logs/instance002_estructurado_matricial.log
instance002.txt,matricial_solo_local,OK,0,71.841454329,1.9e-14,2400390.553060874,2400390.0,OPTIMAL,2400390.5530608734,28212.0,2970408.0,0.13,10080.0,6120.0,22679.0,8733.0,5611.0,20711.0,13.363095238095237,8.316993464052288,8.677631288857533,1,Model contains large bounds,8e-06,100000.0,0.001,100.0,50.0,40000000.0,1.0,4000000000.0,0.0007499999999999999,1.0,0.0032,1.0,22530000000000.0,4481000000000.0,1.0,1.0,0.046957477,71.88841180600001,1.2704133015046442,1.2704133015046442,1.2695834681297338,0.046957477,0.0006536264812368203,-1.9e-14,-1.862645149230957e-09,-7.759758706164675e-16,0.0,0.0,0.0007499999999999999,0.19889036839769197,527525.0,,0.07395684711775201,89.0,,1.0,4.0,89.0,1.243864584269663,0.814350775118359,,,,,,,,OK,REVISAR,4.91738319396973e-07,0.0,3.725290298461914e-09,32.1237019145412,0.0,1.20037708432775e-09,4.2632564145606e-14,2.83308327198012e-08,2.70006239588838e-13,0.0958065841156382,2.08100203735735e-13,2.20357926936329,6.370641238952,7.95807864051312e-13,0.0,4.91738319396973e-07,0.0,0.0,0.0,0.0,0.0,0.0,0.0,0.0,0.0,0.0,2400390.55306087,32.1237019145412,0.0,1.65160745382309e-05,0.0,0.0,0.0,187.0,0.0,60.0,0.0,0.0,0.0,0.0,2400390.55306087,2400390.55306087,-5.587935447692871e-09,2.3279276118494027e-15,igual,-2.3283064365386963e-09,DIFIERE,13740000.0,514,/clusteruy/home/mathiasr/generator-aware-row-scaling/results-revision/r5-ablation/sgtm-gurobi-01pct/resultados/instance002_matricial_solo_local.csv,/clusteruy/home/mathiasr/generator-aware-row-scaling/results-revision/r5-ablation/sgtm-gurobi-01pct/resultados/instance002_matricial_solo_local_postprocesado.csv,/clusteruy/home/mathiasr/generator-aware-row-scaling/results-revision/r5-ablation/sgtm-gurobi-01pct/logs/instance002_matricial_solo_local.log
instance002.txt,matricial_solo_acoplamiento,OK,0,96.708918881,0.0,2400390.5530608757,2400390.0,OPTIMAL,2400390.5530608757,14313.0,3335885.0,0.13,10080.0,6120.0,22679.0,8733.0,5611.0,20711.0,13.363095238095237,8.316993464052288,8.677631288857533,3,Model contains large bounds | Model contains large matrix coefficient range | Model contains large rhs,0.0006,10000000000.0,0.001,100.0,40.0,10000000000.0,1.0,4000000000.0,1.0,1.0,1.0,1.0,22530000000000.0,22530000000000.0,1.0,1.0,0.04111068,96.750029561,0.943742730609008,0.943742730609008,0.9433417187894102,0.04111068,0.00042509709006866833,0.0,0.0,0.0,0.0,0.0,1.0,1.0,7132876.0,,1.0000000376131606,111.0,,1.0,3.0,111.0,0.9973328648648648,0.807034729450181,,,,,,,,OK,REVISAR,2.34693288803101e-07,0.0,5.587935447692871e-09,20.4930703286607,0.0,7.68436339956427e-10,5.6843418860808e-14,2.23517417907715e-08,3.48927518434844e-13,0.100326631347988,1.90921127796105e-09,2.52090016862638,4.06410192996506,3.48927518434844e-13,0.0,2.34693288803101e-07,0.0,0.0,0.0,0.0,0.0,0.0,0.0,0.0,0.0,0.0,2400390.55306087,20.4930703286607,0.0,1.07754021883011e-05,0.0,0.0,0.0,195.0,0.0,61.0,0.0,0.0,0.0,0.0,2400390.55306087,2400390.55306087,-5.587935447692871e-09,2.3279276118494027e-15,igual,0.0,OK,0.0,0,/clusteruy/home/mathiasr/generator-aware-row-scaling/results-revision/r5-ablation/sgtm-gurobi-01pct/resultados/instance002_matricial_solo_acoplamiento.csv,/clusteruy/home/mathiasr/generator-aware-row-scaling/results-revision/r5-ablation/sgtm-gurobi-01pct/resultados/instance002_matricial_solo_acoplamiento_postprocesado.csv,/clusteruy/home/mathiasr/generator-aware-row-scaling/results-revision/r5-ablation/sgtm-gurobi-01pct/logs/instance002_matricial_solo_acoplamiento.log
instance003.txt,base,OK,0,82.447142363,0.0,271503.1591707838,271503.0,OPTIMAL,271503.1591707838,20771.0,1264189.0,0.07,10080.0,6120.0,22679.0,8871.0,5688.0,21563.0,11.994047619047619,7.0588235294117645,4.920851889413114,3,Model contains large bounds | Model contains large matrix coefficient range | Model contains large rhs,0.0003,10000000000.0,0.001,100.0,40.0,10000000000.0,1.0,4000000000.0,,,,,,,,,0.0,82.447142363,1.0,1.0,1.0,0.0,0.0,0.0,,,0.0,,,,103738151.845347,,,59.694334,,0.98774,2.375411,59.694334,1.0,0.775537766419944,,,,,,,,BASE,BASE,,,,,,5.95940369021248e-10,5.6843418860808e-14,2.23517417907715e-08,2.41584530158434e-13,0.0524585143471867,1.13686837721616e-13,0.275391769428378,1.86692884743013,5.6843418860808e-13,0.0,3.07336449623108e-07,0.0,0.0,0.0,0.0,0.0,0.0,0.0,0.0,0.0,0.0,271503.159170784,21.7188550680073,0.0,1.13081187009811e-05,0.0,0.0,0.0,127.0,0.0,45.0,0.0,0.0,0.0,0.0,271503.159170784,,,,,,BASE,0.0,0,/clusteruy/home/mathiasr/generator-aware-row-scaling/results-revision/r5-ablation/sgtm-gurobi-01pct/resultados/instance003_base.csv,/clusteruy/home/mathiasr/generator-aware-row-scaling/results-revision/r5-ablation/sgtm-gurobi-01pct/resultados/instance003_base_postprocesado.csv,/clusteruy/home/mathiasr/generator-aware-row-scaling/results-revision/r5-ablation/sgtm-gurobi-01pct/logs/instance003_base.log
instance003.txt,estructurado,OK,0,70.607705484,3e-13,271315.7487579457,271316.0,OPTIMAL,271315.7487579449,33062.0,1769091.0,0.07,10080.0,6120.0,22679.0,8871.0,5688.0,21563.0,11.994047619047619,7.0588235294117645,4.920851889413114,1,Model contains large bounds,1e-05,100000.0,0.001,100.0,10.0,3000000.0,1.0,4000000000.0,0.0003,1.0,0.0012,1.0,37980000000000.0,309900000000.0,1.0,1.118,0.046364676,70.65407015999999,1.1676791052455722,1.1676791052455722,1.1669128498371566,0.046364676,0.0006566517872543873,-3e-13,-187.41041283810046,-0.0006902697317058235,-187.0,-0.0006887585035892789,0.0003,0.00815955766192733,1141831.0,,0.011006856972950929,79.0,,1.0,3.0,79.0,0.7556244810126582,0.881459576026213,,,,,,,,OK,REVISAR,2.30967998504639e-07,0.0,2.9103830456733704e-10,25.0117380578394,0.0,7.31759867405176e-10,1.13686837721616e-13,2.79396772384644e-08,3.5527136788005e-13,0.0551532543706129,1.70530256582424e-13,0.0704621968330142,2.14998144047333,2.27373675443232e-13,0.0,2.30967998504639e-07,0.0,0.0,0.0,0.0,0.0,0.0,0.0,0.0,0.0,0.0,271315.748757946,25.0117380578394,0.0,1.31335109472275e-05,0.0,0.0,0.0,115.0,0.0,33.0,0.0,0.0,0.0,0.0,271315.748757946,271315.748757946,-187.41041283780942,0.0006902697317047516,mejora,-187.41041283891536,DIFIERE,146628300.0,666,/clusteruy/home/mathiasr/generator-aware-row-scaling/results-revision/r5-ablation/sgtm-gurobi-01pct/resultados/instance003_estructurado.csv,/clusteruy/home/mathiasr/generator-aware-row-scaling/results-revision/r5-ablation/sgtm-gurobi-01pct/resultados/instance003_estructurado_postprocesado.csv,/clusteruy/home/mathiasr/generator-aware-row-scaling/results-revision/r5-ablation/sgtm-gurobi-01pct/logs/instance003_estructurado.log
instance003.txt,estructurado_solo_local,OK,0,63.706094133,3e-13,271315.7487579457,271316.0,OPTIMAL,271315.7487579449,33062.0,1769091.0,0.07,10080.0,6120.0,22679.0,8871.0,5688.0,21563.0,11.994047619047619,7.0588235294117645,4.920851889413114,1,Model contains large bounds,1e-05,100000.0,0.001,100.0,10.0,3000000.0,1.0,4000000000.0,0.0003,1.0,0.0012,1.0,37980000000000.0,309900000000.0,1.0,1.118,0.046220954,63.752315087,1.2941798345206046,1.2941798345206046,1.2932415434716054,0.046220954,0.0007255342621304634,-3e-13,-187.41041283810046,-0.0006902697317058235,-187.0,-0.0006887585035892789,0.0003,0.00815955766192733,1141831.0,,0.011006856972950929,79.0,,1.0,3.0,79.0,0.7556244810126582,0.871449397707721,,,,,,,,OK,REVISAR,2.30967998504639e-07,0.0,2.9103830456733704e-10,25.0117380578394,0.0,7.31759867405176e-10,1.13686837721616e-13,2.79396772384644e-08,3.5527136788005e-13,0.0551532543706129,1.70530256582424e-13,0.0704621968330142,2.14998144047333,2.27373675443232e-13,0.0,2.30967998504639e-07,0.0,0.0,0.0,0.0,0.0,0.0,0.0,0.0,0.0,0.0,271315.748757946,25.0117380578394,0.0,1.31335109472275e-05,0.0,0.0,0.0,115.0,0.0,33.0,0.0,0.0,0.0,0.0,271315.748757946,271315.748757946,-187.41041283780942,0.0006902697317047516,mejora,-187.41041283891536,DIFIERE,146628300.0,666,/clusteruy/home/mathiasr/generator-aware-row-scaling/results-revision/r5-ablation/sgtm-gurobi-01pct/resultados/instance003_estructurado_solo_local.csv,/clusteruy/home/mathiasr/generator-aware-row-scaling/results-revision/r5-ablation/sgtm-gurobi-01pct/resultados/instance003_estructurado_solo_local_postprocesado.csv,/clusteruy/home/mathiasr/generator-aware-row-scaling/results-revision/r5-ablation/sgtm-gurobi-01pct/logs/instance003_estructurado_solo_local.log
instance003.txt,estructurado_solo_acoplamiento,OK,0,63.382565798,0.0,271503.1591707838,271503.0,OPTIMAL,271503.1591707838,20771.0,1264189.0,0.07,10080.0,6120.0,22679.0,8871.0,5688.0,21563.0,11.994047619047619,7.0588235294117645,4.920851889413114,3,Model contains large bounds | Model contains large matrix coefficient range | Model contains large rhs,0.0003,10000000000.0,0.001,100.0,40.0,10000000000.0,1.0,4000000000.0,1.0,1.0,1.0,1.0,37980000000000.0,37980000000000.0,1.0,1.0,0.040004074,63.422569872000004,1.3007858127069,1.3007858127069,1.2999653361476136,0.040004074,0.0006311526442064973,0.0,0.0,0.0,0.0,0.0,1.0,1.0,103738152.0,,1.0000000014908015,60.0,,1.0,2.0,60.0,0.9949055666666666,0.758343020177451,,,,,,,,OK,REVISAR,3.07336449623108e-07,0.0,1.7462298274040222e-10,21.7188550680073,0.0,5.95940369021248e-10,5.6843418860808e-14,2.23517417907715e-08,2.41584530158434e-13,0.0524585143471867,1.13686837721616e-13,0.275391769428378,1.86692884743013,5.6843418860808e-13,0.0,3.07336449623108e-07,0.0,0.0,0.0,0.0,0.0,0.0,0.0,0.0,0.0,0.0,271503.159170784,21.7188550680073,0.0,1.13081187009811e-05,0.0,0.0,0.0,127.0,0.0,45.0,0.0,0.0,0.0,0.0,271503.159170784,271503.159170784,1.7462298274040222e-10,6.431710896982934e-16,igual,0.0,OK,0.0,0,/clusteruy/home/mathiasr/generator-aware-row-scaling/results-revision/r5-ablation/sgtm-gurobi-01pct/resultados/instance003_estructurado_solo_acoplamiento.csv,/clusteruy/home/mathiasr/generator-aware-row-scaling/results-revision/r5-ablation/sgtm-gurobi-01pct/resultados/instance003_estructurado_solo_acoplamiento_postprocesado.csv,/clusteruy/home/mathiasr/generator-aware-row-scaling/results-revision/r5-ablation/sgtm-gurobi-01pct/logs/instance003_estructurado_solo_acoplamiento.log
instance003.txt,estructurado_matricial,OK,0,54.437985095,0.0,271350.13928184,271350.0,OPTIMAL,271350.13928184,15683.0,1089691.0,0.07,10080.0,6120.0,22679.0,8871.0,5688.0,21563.0,11.994047619047619,7.0588235294117645,4.920851889413114,1,Model contains large bounds,1e-05,100000.0,0.001,100.0,90.0,20000000.0,1.0,4000000000.0,0.0003,1.0,0.0008888888888888888,1.0,37980000000000.0,1653000000000.0,1.0,1.001,0.048089802,54.486074897,1.5145149516302097,1.5145149516302097,1.5131782298294996,0.048089802,0.0008833868835534277,0.0,-153.01988894381793,-0.0005636026093072593,-153.0,-0.0005635296847548646,0.0003,0.043522906793048974,7263022.0,,0.07001302674861341,48.0,,1.0,3.0,48.0,1.2436319583333333,0.865548788158425,,,,,,,,OK,REVISAR,1.19209289550781e-07,0.0,0.0,24.325720768291,0.0,7.42477063462152e-10,1.13686837721616e-13,2.98023223876953e-08,4.54747350886464e-13,0.0535342072505567,2.27373675443232e-13,0.395988504022078,2.09101215025599,3.41060513164848e-13,0.0,1.19209289550781e-07,0.0,0.0,0.0,0.0,0.0,0.0,0.0,0.0,0.0,0.0,271350.13928184,24.325720768291,0.0,1.26156955957413e-05,0.0,0.0,0.0,139.0,0.0,46.0,0.0,0.0,0.0,0.0,271350.13928184,271350.13928184,-153.01988894381793,0.0005636026093072593,mejora,-153.01988894381793,DIFIERE,109956000.0,568,/clusteruy/home/mathiasr/generator-aware-row-scaling/results-revision/r5-ablation/sgtm-gurobi-01pct/resultados/instance003_estructurado_matricial.csv,/clusteruy/home/mathiasr/generator-aware-row-scaling/results-revision/r5-ablation/sgtm-gurobi-01pct/resultados/instance003_estructurado_matricial_postprocesado.csv,/clusteruy/home/mathiasr/generator-aware-row-scaling/results-revision/r5-ablation/sgtm-gurobi-01pct/logs/instance003_estructurado_matricial.log
instance003.txt,matricial_solo_local,OK,0,55.705971291,0.0,271350.13928184,271350.0,OPTIMAL,271350.13928184,15683.0,1089691.0,0.07,10080.0,6120.0,22679.0,8871.0,5688.0,21563.0,11.994047619047619,7.0588235294117645,4.920851889413114,1,Model contains large bounds,1e-05,100000.0,0.001,100.0,90.0,20000000.0,1.0,4000000000.0,0.0003,1.0,0.0008888888888888888,1.0,37980000000000.0,1653000000000.0,1.0,1.001,0.046931746,55.752903036999996,1.480041375318778,1.480041375318778,1.478795504303777,0.046931746,0.0008424903993655419,0.0,-153.01988894381793,-0.0005636026093072593,-153.0,-0.0005635296847548646,0.0003,0.043522906793048974,7263022.0,,0.07001302674861341,48.0,,1.0,3.0,48.0,1.2436319583333333,0.854249776171609,,,,,,,,OK,REVISAR,1.19209289550781e-07,0.0,0.0,24.325720768291,0.0,7.42477063462152e-10,1.13686837721616e-13,2.98023223876953e-08,4.54747350886464e-13,0.0535342072505567,2.27373675443232e-13,0.395988504022078,2.09101215025599,3.41060513164848e-13,0.0,1.19209289550781e-07,0.0,0.0,0.0,0.0,0.0,0.0,0.0,0.0,0.0,0.0,271350.13928184,24.325720768291,0.0,1.26156955957413e-05,0.0,0.0,0.0,139.0,0.0,46.0,0.0,0.0,0.0,0.0,271350.13928184,271350.13928184,-153.01988894381793,0.0005636026093072593,mejora,-153.01988894381793,DIFIERE,109956000.0,568,/clusteruy/home/mathiasr/generator-aware-row-scaling/results-revision/r5-ablation/sgtm-gurobi-01pct/resultados/instance003_matricial_solo_local.csv,/clusteruy/home/mathiasr/generator-aware-row-scaling/results-revision/r5-ablation/sgtm-gurobi-01pct/resultados/instance003_matricial_solo_local_postprocesado.csv,/clusteruy/home/mathiasr/generator-aware-row-scaling/results-revision/r5-ablation/sgtm-gurobi-01pct/logs/instance003_matricial_solo_local.log
instance003.txt,matricial_solo_acoplamiento,OK,0,62.532564419,0.0,271503.1591707838,271503.0,OPTIMAL,271503.1591707838,20771.0,1264189.0,0.07,10080.0,6120.0,22679.0,8871.0,5688.0,21563.0,11.994047619047619,7.0588235294117645,4.920851889413114,3,Model contains large bounds | Model contains large matrix coefficient range | Model contains large rhs,0.0003,10000000000.0,0.001,100.0,40.0,10000000000.0,1.0,4000000000.0,1.0,1.0,1.0,1.0,37980000000000.0,37980000000000.0,1.0,1.0,0.041136827,62.573701246000006,1.3184673158542193,1.3184673158542193,1.3176005369871004,0.041136827,0.000657846473788638,0.0,0.0,0.0,0.0,0.0,1.0,1.0,103738152.0,,1.0000000014908015,60.0,,1.0,2.0,60.0,0.9949055666666666,0.76321556669597,,,,,,,,OK,REVISAR,3.07336449623108e-07,0.0,1.7462298274040222e-10,21.7188550680073,0.0,5.95940369021248e-10,5.6843418860808e-14,2.23517417907715e-08,2.41584530158434e-13,0.0524585143471867,1.13686837721616e-13,0.275391769428378,1.86692884743013,5.6843418860808e-13,0.0,3.07336449623108e-07,0.0,0.0,0.0,0.0,0.0,0.0,0.0,0.0,0.0,0.0,271503.159170784,21.7188550680073,0.0,1.13081187009811e-05,0.0,0.0,0.0,127.0,0.0,45.0,0.0,0.0,0.0,0.0,271503.159170784,271503.159170784,1.7462298274040222e-10,6.431710896982934e-16,igual,0.0,OK,0.0,0,/clusteruy/home/mathiasr/generator-aware-row-scaling/results-revision/r5-ablation/sgtm-gurobi-01pct/resultados/instance003_matricial_solo_acoplamiento.csv,/clusteruy/home/mathiasr/generator-aware-row-scaling/results-revision/r5-ablation/sgtm-gurobi-01pct/resultados/instance003_matricial_solo_acoplamiento_postprocesado.csv,/clusteruy/home/mathiasr/generator-aware-row-scaling/results-revision/r5-ablation/sgtm-gurobi-01pct/logs/instance003_matricial_solo_acoplamiento.log
instance004.txt,base,OK,0,0.338133765,0.044719419837546,-6879397.720699709,-6879400.0,OPTIMAL,-6882474.147448723,1.0,7425.0,0.09,10080.0,6120.0,22679.0,8842.0,5699.0,21126.0,12.281746031746032,6.879084967320262,6.847744609550686,3,Model contains large bounds | Model contains large matrix coefficient range | Model contains large rhs,0.0006,10000000000.0,0.002,100.0,40.0,8000000000.0,1.0,4000000000.0,,,,,,,,,0.0,0.338133765,1.0,1.0,1.0,0.0,0.0,0.0,,,0.0,,,,2137810.588362,,,0.271388,,,,0.271388,1.0,0.621627353656689,,,,,,,,BASE,BASE,,,,,,4.17432668241423e-09,1.56319401867222e-13,1.63912773132324e-07,5.40012479177676e-13,2.91118207799101,21.7756944841178,58.5572145742951,20.860266263655,1.13686837721616e-13,0.0,2.34693288803101e-07,0.0,0.0,0.0,0.0,0.0,0.0,0.0,0.0,0.0,0.0,-6879397.72069971,90.3371690562119,0.0,5.79468905925751e-05,0.0,0.0,0.0,2503.0,0.0,320.0,0.0,0.0,0.0,0.0,-6879397.72069971,,,,,,BASE,0.0,0,/clusteruy/home/mathiasr/generator-aware-row-scaling/results-revision/r5-ablation/sgtm-gurobi-01pct/resultados/instance004_base.csv,/clusteruy/home/mathiasr/generator-aware-row-scaling/results-revision/r5-ablation/sgtm-gurobi-01pct/resultados/instance004_base_postprocesado.csv,/clusteruy/home/mathiasr/generator-aware-row-scaling/results-revision/r5-ablation/sgtm-gurobi-01pct/logs/instance004_base.log
instance004.txt,estructurado,OK,0,0.399780374,0.040440779168125,-6879691.9464212125,-6879690.0,OPTIMAL,-6882474.147448712,1.0,7635.0,0.1,10080.0,6120.0,22679.0,8842.0,5699.0,21126.0,12.281746031746032,6.879084967320262,6.847744609550686,1,Model contains large bounds,1e-05,100000.0,0.002,100.0,10.0,3000000.0,1.0,4000000000.0,0.0006,1.0,0.0015,1.0,16000000000000.0,278500000000.0,1.0,1.118,0.046382457,0.446162831,0.845798811024175,0.845798811024175,0.7578707626588463,0.046382457,0.11601984493615988,0.004278640669420998,-294.22572150360793,-4.276911053104253e-05,-290.0,-4.215483908480391e-05,0.0006,0.01740625,33411.0,,0.015628606286209695,0.0,,,,0.0,,0.681110532436412,,,,,,,,OK,REVISAR,6.8172812461853e-07,0.0,2.7939677238464355e-09,90.346215438052,0.0,7.09468871924393e-09,1.40421008154589e-13,2.68612056970595e-07,4.9737991503207e-13,2.91059867303807,21.7787853312466,58.5644366024643,20.8623106433465,2.27373675443232e-13,0.0,6.8172812461853e-07,0.0,0.0,0.0,0.0,0.0,0.0,0.0,0.0,0.0,0.0,-6879691.94642121,90.346215438052,0.0,5.84311783313751e-05,0.0,0.0,0.0,2505.0,0.0,320.0,0.0,0.0,0.0,0.0,-6879691.94642121,-6879691.94642121,-294.22572150081396,4.27691105306364e-05,mejora,1.1175870895385742e-08,DIFIERE,160000.0,1075,/clusteruy/home/mathiasr/generator-aware-row-scaling/results-revision/r5-ablation/sgtm-gurobi-01pct/resultados/instance004_estructurado.csv,/clusteruy/home/mathiasr/generator-aware-row-scaling/results-revision/r5-ablation/sgtm-gurobi-01pct/resultados/instance004_estructurado_postprocesado.csv,/clusteruy/home/mathiasr/generator-aware-row-scaling/results-revision/r5-ablation/sgtm-gurobi-01pct/logs/instance004_estructurado.log
instance004.txt,estructurado_solo_local,OK,0,0.399154937,0.040440779168125,-6879691.9464212125,-6879690.0,OPTIMAL,-6882474.147448712,1.0,7635.0,0.1,10080.0,6120.0,22679.0,8842.0,5699.0,21126.0,12.281746031746032,6.879084967320262,6.847744609550686,1,Model contains large bounds,1e-05,100000.0,0.002,100.0,10.0,3000000.0,1.0,4000000000.0,0.0006,1.0,0.0015,1.0,16000000000000.0,278500000000.0,1.0,1.118,0.046652379,0.445807316,0.847124095573945,0.847124095573945,0.7584751368234611,0.046652379,0.11687787040950467,0.004278640669420998,-294.22572150360793,-4.276911053104253e-05,-290.0,-4.215483908480391e-05,0.0006,0.01740625,33411.0,,0.015628606286209695,0.0,,,,0.0,,0.681226769855182,,,,,,,,OK,REVISAR,6.8172812461853e-07,0.0,2.7939677238464355e-09,90.346215438052,0.0,7.09468871924393e-09,1.40421008154589e-13,2.68612056970595e-07,4.9737991503207e-13,2.91059867303807,21.7787853312466,58.5644366024643,20.8623106433465,2.27373675443232e-13,0.0,6.8172812461853e-07,0.0,0.0,0.0,0.0,0.0,0.0,0.0,0.0,0.0,0.0,-6879691.94642121,90.346215438052,0.0,5.84311783313751e-05,0.0,0.0,0.0,2505.0,0.0,320.0,0.0,0.0,0.0,0.0,-6879691.94642121,-6879691.94642121,-294.22572150081396,4.27691105306364e-05,mejora,1.1175870895385742e-08,DIFIERE,160000.0,1075,/clusteruy/home/mathiasr/generator-aware-row-scaling/results-revision/r5-ablation/sgtm-gurobi-01pct/resultados/instance004_estructurado_solo_local.csv,/clusteruy/home/mathiasr/generator-aware-row-scaling/results-revision/r5-ablation/sgtm-gurobi-01pct/resultados/instance004_estructurado_solo_local_postprocesado.csv,/clusteruy/home/mathiasr/generator-aware-row-scaling/results-revision/r5-ablation/sgtm-gurobi-01pct/logs/instance004_estructurado_solo_local.log
instance004.txt,estructurado_solo_acoplamiento,OK,0,0.338427629,0.044719419837546,-6879397.720699709,-6879400.0,OPTIMAL,-6882474.147448723,1.0,7425.0,0.09,10080.0,6120.0,22679.0,8842.0,5699.0,21126.0,12.281746031746032,6.879084967320262,6.847744609550686,3,Model contains large bounds | Model contains large matrix coefficient range | Model contains large rhs,0.0006,10000000000.0,0.002,100.0,40.0,8000000000.0,1.0,4000000000.0,1.0,1.0,1.0,1.0,16000000000000.0,16000000000000.0,1.0,1.0,0.039998285,0.37842591400000003,0.9991316784599757,0.9991316784599757,0.8935269824042757,0.039998285,0.11818859210221279,0.0,0.0,0.0,0.0,0.0,1.0,1.0,2137811.0,,1.0000001925512028,0.0,,,,0.0,,0.626101662680818,,,,,,,,OK,REVISAR,2.34693288803101e-07,0.0,9.313225746154785e-10,90.3371690562119,0.0,4.17432668241423e-09,1.56319401867222e-13,1.63912773132324e-07,5.40012479177676e-13,2.91118207799101,21.7756944841178,58.5572145742951,20.860266263655,1.13686837721616e-13,0.0,2.34693288803101e-07,0.0,0.0,0.0,0.0,0.0,0.0,0.0,0.0,0.0,0.0,-6879397.72069971,90.3371690562119,0.0,5.79468905925751e-05,0.0,0.0,0.0,2503.0,0.0,320.0,0.0,0.0,0.0,0.0,-6879397.72069971,-6879397.72069971,-9.313225746154785e-10,1.3537850440209073e-16,igual,0.0,OK,0.0,0,/clusteruy/home/mathiasr/generator-aware-row-scaling/results-revision/r5-ablation/sgtm-gurobi-01pct/resultados/instance004_estructurado_solo_acoplamiento.csv,/clusteruy/home/mathiasr/generator-aware-row-scaling/results-revision/r5-ablation/sgtm-gurobi-01pct/resultados/instance004_estructurado_solo_acoplamiento_postprocesado.csv,/clusteruy/home/mathiasr/generator-aware-row-scaling/results-revision/r5-ablation/sgtm-gurobi-01pct/logs/instance004_estructurado_solo_acoplamiento.log
instance004.txt,estructurado_matricial,OK,0,0.395900886,0.040440779168315,-6879691.946421197,-6879690.0,OPTIMAL,-6882474.147448709,1.0,7402.0,0.1,10080.0,6120.0,22679.0,8842.0,5699.0,21126.0,12.281746031746032,6.879084967320262,6.847744609550686,1,Model contains large bounds,1e-05,100000.0,0.002,100.0,80.0,40000000.0,1.0,4000000000.0,0.0006,1.0,0.0025,1.0,16000000000000.0,3664000000000.0,1.0,1.0,0.048290694,0.44419158000000003,0.8540869115407839,0.8540869115407839,0.7612340715688486,0.048290694,0.12197672626577552,0.004278640669231004,-294.22572148777544,-4.27691105287411e-05,-290.0,-4.215483908480391e-05,0.0006,0.229,187485.0,,0.08769953756457528,0.0,,,,0.0,,0.679597929688273,,,,,,,,OK,REVISAR,6.37024641036987e-07,0.0,3.725290298461914e-09,90.346215438052,0.0,6.70700779568096e-09,2.1316282072803e-13,2.57045030593872e-07,5.71986902286881e-13,2.91059867411833,21.7787853312465,58.5644366024641,20.8623106433465,2.27373675443232e-13,0.0,6.37024641036987e-07,0.0,0.0,0.0,0.0,0.0,0.0,0.0,0.0,0.0,0.0,-6879691.9464212,90.346215438052,0.0,5.84274530410767e-05,0.0,0.0,0.0,2505.0,0.0,320.0,0.0,0.0,0.0,0.0,-6879691.9464212,-6879691.9464212,-294.22572149150074,4.2769110529282616e-05,mejora,1.3969838619232178e-08,DIFIERE,160000.0,1075,/clusteruy/home/mathiasr/generator-aware-row-scaling/results-revision/r5-ablation/sgtm-gurobi-01pct/resultados/instance004_estructurado_matricial.csv,/clusteruy/home/mathiasr/generator-aware-row-scaling/results-revision/r5-ablation/sgtm-gurobi-01pct/resultados/instance004_estructurado_matricial_postprocesado.csv,/clusteruy/home/mathiasr/generator-aware-row-scaling/results-revision/r5-ablation/sgtm-gurobi-01pct/logs/instance004_estructurado_matricial.log
instance004.txt,matricial_solo_local,OK,0,0.391791507,0.040440779168315,-6879691.946421197,-6879690.0,OPTIMAL,-6882474.147448709,1.0,7402.0,0.1,10080.0,6120.0,22679.0,8842.0,5699.0,21126.0,12.281746031746032,6.879084967320262,6.847744609550686,1,Model contains large bounds,1e-05,100000.0,0.002,100.0,80.0,40000000.0,1.0,4000000000.0,0.0006,1.0,0.0025,1.0,16000000000000.0,3664000000000.0,1.0,1.0,0.046964136,0.438755643,0.8630451629468323,0.8630451629468323,0.770665335921389,0.046964136,0.11987022475196227,0.004278640669231004,-294.22572148777544,-4.27691105287411e-05,-290.0,-4.215483908480391e-05,0.0006,0.229,187485.0,,0.08769953756457528,0.0,,,,0.0,,0.677613346511687,,,,,,,,OK,REVISAR,6.37024641036987e-07,0.0,3.725290298461914e-09,90.346215438052,0.0,6.70700779568096e-09,2.1316282072803e-13,2.57045030593872e-07,5.71986902286881e-13,2.91059867411833,21.7787853312465,58.5644366024641,20.8623106433465,2.27373675443232e-13,0.0,6.37024641036987e-07,0.0,0.0,0.0,0.0,0.0,0.0,0.0,0.0,0.0,0.0,-6879691.9464212,90.346215438052,0.0,5.84274530410767e-05,0.0,0.0,0.0,2505.0,0.0,320.0,0.0,0.0,0.0,0.0,-6879691.9464212,-6879691.9464212,-294.22572149150074,4.2769110529282616e-05,mejora,1.3969838619232178e-08,DIFIERE,160000.0,1075,/clusteruy/home/mathiasr/generator-aware-row-scaling/results-revision/r5-ablation/sgtm-gurobi-01pct/resultados/instance004_matricial_solo_local.csv,/clusteruy/home/mathiasr/generator-aware-row-scaling/results-revision/r5-ablation/sgtm-gurobi-01pct/resultados/instance004_matricial_solo_local_postprocesado.csv,/clusteruy/home/mathiasr/generator-aware-row-scaling/results-revision/r5-ablation/sgtm-gurobi-01pct/logs/instance004_matricial_solo_local.log
instance004.txt,matricial_solo_acoplamiento,OK,0,0.338560407,0.044719419837546,-6879397.720699709,-6879400.0,OPTIMAL,-6882474.147448723,1.0,7425.0,0.09,10080.0,6120.0,22679.0,8842.0,5699.0,21126.0,12.281746031746032,6.879084967320262,6.847744609550686,3,Model contains large bounds | Model contains large matrix coefficient range | Model contains large rhs,0.0006,10000000000.0,0.002,100.0,40.0,8000000000.0,1.0,4000000000.0,1.0,1.0,1.0,1.0,16000000000000.0,16000000000000.0,1.0,1.0,0.041055641,0.379616048,0.998739834927006,0.998739834927006,0.8907256866021639,0.041055641,0.12126533449021992,0.0,0.0,0.0,0.0,0.0,1.0,1.0,2137811.0,,1.0000001925512028,0.0,,,,0.0,,0.625865197742235,,,,,,,,OK,REVISAR,2.34693288803101e-07,0.0,9.313225746154785e-10,90.3371690562119,0.0,4.17432668241423e-09,1.56319401867222e-13,1.63912773132324e-07,5.40012479177676e-13,2.91118207799101,21.7756944841178,58.5572145742951,20.860266263655,1.13686837721616e-13,0.0,2.34693288803101e-07,0.0,0.0,0.0,0.0,0.0,0.0,0.0,0.0,0.0,0.0,-6879397.72069971,90.3371690562119,0.0,5.79468905925751e-05,0.0,0.0,0.0,2503.0,0.0,320.0,0.0,0.0,0.0,0.0,-6879397.72069971,-6879397.72069971,-9.313225746154785e-10,1.3537850440209073e-16,igual,0.0,OK,0.0,0,/clusteruy/home/mathiasr/generator-aware-row-scaling/results-revision/r5-ablation/sgtm-gurobi-01pct/resultados/instance004_matricial_solo_acoplamiento.csv,/clusteruy/home/mathiasr/generator-aware-row-scaling/results-revision/r5-ablation/sgtm-gurobi-01pct/resultados/instance004_matricial_solo_acoplamiento_postprocesado.csv,/clusteruy/home/mathiasr/generator-aware-row-scaling/results-revision/r5-ablation/sgtm-gurobi-01pct/logs/instance004_matricial_solo_acoplamiento.log
instance005.txt,base,OK,0,0.514633315,0.030647631694031,-2539851.2837705463,-2539850.0,OPTIMAL,-2540629.6880375724,1.0,6963.0,0.08,10080.0,6120.0,22679.0,8809.0,5676.0,21072.0,12.609126984126984,7.254901960784314,7.085850346135191,3,Model contains large bounds | Model contains large matrix coefficient range | Model contains large rhs,0.0005,10000000000.0,0.003,100.0,10.0,10000000000.0,1.0,4000000000.0,,,,,,,,,0.0,0.514633315,1.0,1.0,1.0,0.0,0.0,0.0,,,0.0,,,,6844029.24354,,,0.353466,,1.244808,0.38034,0.353466,1.0,0.763617425935306,,,,,,,,BASE,BASE,,,,,,2.75230059793504e-09,3.37729844090969e-14,1.2572854757309e-07,2.23820961764432e-13,1.04393792657226,6.25026890136195,30.206894358255,10.7379183999898,5.6843418860808e-14,0.0,2.36555933952332e-07,0.0,0.0,0.0,0.0,0.0,0.0,0.0,0.0,0.0,0.0,-2539851.28377055,45.1254100212382,0.0,2.32541933655739e-05,0.0,0.0,0.0,2360.0,0.0,187.0,0.0,0.0,0.0,0.0,-2539851.28377055,,,,,,BASE,0.0,0,/clusteruy/home/mathiasr/generator-aware-row-scaling/results-revision/r5-ablation/sgtm-gurobi-01pct/resultados/instance005_base.csv,/clusteruy/home/mathiasr/generator-aware-row-scaling/results-revision/r5-ablation/sgtm-gurobi-01pct/resultados/instance005_base_postprocesado.csv,/clusteruy/home/mathiasr/generator-aware-row-scaling/results-revision/r5-ablation/sgtm-gurobi-01pct/logs/instance005_base.log
instance005.txt,estructurado,OK,0,0.468274386,0.083773248491492,-2539851.2837705333,-2539850.0,OPTIMAL,-2541978.9996978007,1.0,6762.0,0.09,10080.0,6120.0,22679.0,8809.0,5676.0,21072.0,12.609126984126984,7.254901960784314,7.085850346135191,1,Model contains large bounds,9e-06,100000.0,0.003,100.0,10.0,3000000.0,1.0,4000000000.0,0.0005555555555555556,1.0,0.0003,1.0,25350000000000.0,312200000000.0,1.0,1.118,0.046521474,0.51479586,1.0989994977004784,1.0989994977004784,0.9996842534825358,0.046521474,0.09934661256488199,-0.053125616797460994,1.30385160446167e-08,5.133574602549295e-15,0.0,0.0,0.0005555555555555556,0.012315581854043392,39354.0,,0.005750121543847257,0.0,,1.0,0.0,0.0,,0.750816682262787,,,,,,,,OK,REVISAR,5.97909092903137e-07,0.0,3.259629011154175e-09,45.1254100212382,0.0,5.53296412954078e-09,5.6843418860808e-14,2.16066837310791e-07,2.03392858111329e-13,1.04393792780645,6.25026890136195,30.2068943582549,10.7379183999898,1.13686837721616e-13,0.0,5.97909092903137e-07,0.0,0.0,0.0,0.0,0.0,0.0,0.0,0.0,0.0,0.0,-2539851.28377053,45.1254100212382,0.0,2.32541933655739e-05,0.0,0.0,0.0,2360.0,0.0,187.0,0.0,0.0,0.0,0.0,-2539851.28377053,-2539851.28377053,1.6298145055770874e-08,6.416968253186619e-15,igual,-1349.3116602282971,OK,0.0,0,/clusteruy/home/mathiasr/generator-aware-row-scaling/results-revision/r5-ablation/sgtm-gurobi-01pct/resultados/instance005_estructurado.csv,/clusteruy/home/mathiasr/generator-aware-row-scaling/results-revision/r5-ablation/sgtm-gurobi-01pct/resultados/instance005_estructurado_postprocesado.csv,/clusteruy/home/mathiasr/generator-aware-row-scaling/results-revision/r5-ablation/sgtm-gurobi-01pct/logs/instance005_estructurado.log
instance005.txt,estructurado_solo_local,OK,0,0.458605981,0.083773248491492,-2539851.2837705333,-2539850.0,OPTIMAL,-2541978.9996978007,1.0,6762.0,0.09,10080.0,6120.0,22679.0,8809.0,5676.0,21072.0,12.609126984126984,7.254901960784314,7.085850346135191,1,Model contains large bounds,9e-06,100000.0,0.003,100.0,10.0,3000000.0,1.0,4000000000.0,0.0005555555555555556,1.0,0.0003,1.0,25350000000000.0,312200000000.0,1.0,1.118,0.046314769,0.50492075,1.1221687817455654,1.1221687817455654,1.0192358206708676,0.046314769,0.10099032921247487,-0.053125616797460994,1.30385160446167e-08,5.133574602549295e-15,0.0,0.0,0.0005555555555555556,0.012315581854043392,39354.0,,0.005750121543847257,0.0,,1.0,0.0,0.0,,0.750479909658532,,,,,,,,OK,REVISAR,5.97909092903137e-07,0.0,3.259629011154175e-09,45.1254100212382,0.0,5.53296412954078e-09,5.6843418860808e-14,2.16066837310791e-07,2.03392858111329e-13,1.04393792780645,6.25026890136195,30.2068943582549,10.7379183999898,1.13686837721616e-13,0.0,5.97909092903137e-07,0.0,0.0,0.0,0.0,0.0,0.0,0.0,0.0,0.0,0.0,-2539851.28377053,45.1254100212382,0.0,2.32541933655739e-05,0.0,0.0,0.0,2360.0,0.0,187.0,0.0,0.0,0.0,0.0,-2539851.28377053,-2539851.28377053,1.6298145055770874e-08,6.416968253186619e-15,igual,-1349.3116602282971,OK,0.0,0,/clusteruy/home/mathiasr/generator-aware-row-scaling/results-revision/r5-ablation/sgtm-gurobi-01pct/resultados/instance005_estructurado_solo_local.csv,/clusteruy/home/mathiasr/generator-aware-row-scaling/results-revision/r5-ablation/sgtm-gurobi-01pct/resultados/instance005_estructurado_solo_local_postprocesado.csv,/clusteruy/home/mathiasr/generator-aware-row-scaling/results-revision/r5-ablation/sgtm-gurobi-01pct/logs/instance005_estructurado_solo_local.log
instance005.txt,estructurado_solo_acoplamiento,OK,0,0.51415036,0.030647631694031,-2539851.2837705463,-2539850.0,OPTIMAL,-2540629.6880375724,1.0,6963.0,0.08,10080.0,6120.0,22679.0,8809.0,5676.0,21072.0,12.609126984126984,7.254901960784314,7.085850346135191,3,Model contains large bounds | Model contains large matrix coefficient range | Model contains large rhs,0.0005,10000000000.0,0.003,100.0,10.0,10000000000.0,1.0,4000000000.0,1.0,1.0,1.0,1.0,25350000000000.0,25350000000000.0,1.0,1.0,0.039909131,0.5540594910000001,1.0009393263869346,1.0009393263869346,0.928841258672708,0.039909131,0.07762151717641508,0.0,0.0,0.0,0.0,0.0,1.0,1.0,6844029.0,,0.9999999644156985,0.0,,1.0,0.0,0.0,,0.764434046713999,,,,,,,,OK,REVISAR,2.36555933952332e-07,0.0,3.725290298461914e-09,45.1254100212382,0.0,2.75230059793504e-09,3.37729844090969e-14,1.2572854757309e-07,2.23820961764432e-13,1.04393792657226,6.25026890136195,30.206894358255,10.7379183999898,5.6843418860808e-14,0.0,2.36555933952332e-07,0.0,0.0,0.0,0.0,0.0,0.0,0.0,0.0,0.0,0.0,-2539851.28377055,45.1254100212382,0.0,2.32541933655739e-05,0.0,0.0,0.0,2360.0,0.0,187.0,0.0,0.0,0.0,0.0,-2539851.28377055,-2539851.28377055,-3.725290298461914e-09,1.4667356007283701e-15,igual,0.0,OK,0.0,0,/clusteruy/home/mathiasr/generator-aware-row-scaling/results-revision/r5-ablation/sgtm-gurobi-01pct/resultados/instance005_estructurado_solo_acoplamiento.csv,/clusteruy/home/mathiasr/generator-aware-row-scaling/results-revision/r5-ablation/sgtm-gurobi-01pct/resultados/instance005_estructurado_solo_acoplamiento_postprocesado.csv,/clusteruy/home/mathiasr/generator-aware-row-scaling/results-revision/r5-ablation/sgtm-gurobi-01pct/logs/instance005_estructurado_solo_acoplamiento.log
instance005.txt,estructurado_matricial,OK,0,0.451496654,0.088357960481791,-2539650.609177406,-2539650.0,OPTIMAL,-2541894.5926590385,1.0,6712.0,0.09,10080.0,6120.0,22679.0,8809.0,5676.0,21072.0,12.609126984126984,7.254901960784314,7.085850346135191,1,Model contains large bounds,9e-06,100000.0,0.003,100.0,10.0,30000000.0,1.0,4000000000.0,0.0005555555555555556,1.0,0.003,1.0,25350000000000.0,3140000000000.0,1.0,1.0,0.048234465,0.499731119,1.1398386022147575,1.1398386022147575,1.0298204282931598,0.048234465,0.10683238640346601,-0.057710328787759994,200.67459314037114,7.901037136412919e-05,200.0,7.874480776423804e-05,0.0005555555555555556,0.12386587771203156,544624.0,,0.07957651561966429,0.0,,0.0,0.0,0.0,,0.714561544506958,,,,,,,,OK,REVISAR,5.88595867156982e-07,0.0,4.190951585769653e-09,45.1236268310849,0.0,4.88565825622028e-09,4.17443857259059e-14,1.99694186449049e-07,2.30926389122033e-13,1.04437632214449,6.2487336250706,30.2038788976415,10.7379183999898,1.13686837721616e-13,0.0,5.88595867156982e-07,0.0,0.0,0.0,0.0,0.0,0.0,0.0,0.0,0.0,0.0,-2539650.60917741,45.1236268310849,0.0,2.32541933655739e-05,0.0,0.0,0.0,2359.0,0.0,187.0,0.0,0.0,0.0,0.0,-2539650.60917741,-2539650.60917741,200.6745931361802,7.901037136247912e-05,empeora,-1264.904621466063,DIFIERE,70000.0,860,/clusteruy/home/mathiasr/generator-aware-row-scaling/results-revision/r5-ablation/sgtm-gurobi-01pct/resultados/instance005_estructurado_matricial.csv,/clusteruy/home/mathiasr/generator-aware-row-scaling/results-revision/r5-ablation/sgtm-gurobi-01pct/resultados/instance005_estructurado_matricial_postprocesado.csv,/clusteruy/home/mathiasr/generator-aware-row-scaling/results-revision/r5-ablation/sgtm-gurobi-01pct/logs/instance005_estructurado_matricial.log
instance005.txt,matricial_solo_local,OK,0,0.451740706,0.088357960481791,-2539650.609177406,-2539650.0,OPTIMAL,-2541894.5926590385,1.0,6712.0,0.09,10080.0,6120.0,22679.0,8809.0,5676.0,21072.0,12.609126984126984,7.254901960784314,7.085850346135191,1,Model contains large bounds,9e-06,100000.0,0.003,100.0,10.0,30000000.0,1.0,4000000000.0,0.0005555555555555556,1.0,0.003,1.0,25350000000000.0,3140000000000.0,1.0,1.0,0.046927983,0.498668689,1.139222806722226,1.139222806722226,1.0320144944973675,0.046927983,0.10388256443730798,-0.057710328787759994,200.67459314037114,7.901037136412919e-05,200.0,7.874480776423804e-05,0.0005555555555555556,0.12386587771203156,544624.0,,0.07957651561966429,0.0,,0.0,0.0,0.0,,0.713960699596309,,,,,,,,OK,REVISAR,5.88595867156982e-07,0.0,4.190951585769653e-09,45.1236268310849,0.0,4.88565825622028e-09,4.17443857259059e-14,1.99694186449049e-07,2.30926389122033e-13,1.04437632214449,6.2487336250706,30.2038788976415,10.7379183999898,1.13686837721616e-13,0.0,5.88595867156982e-07,0.0,0.0,0.0,0.0,0.0,0.0,0.0,0.0,0.0,0.0,-2539650.60917741,45.1236268310849,0.0,2.32541933655739e-05,0.0,0.0,0.0,2359.0,0.0,187.0,0.0,0.0,0.0,0.0,-2539650.60917741,-2539650.60917741,200.6745931361802,7.901037136247912e-05,empeora,-1264.904621466063,DIFIERE,70000.0,860,/clusteruy/home/mathiasr/generator-aware-row-scaling/results-revision/r5-ablation/sgtm-gurobi-01pct/resultados/instance005_matricial_solo_local.csv,/clusteruy/home/mathiasr/generator-aware-row-scaling/results-revision/r5-ablation/sgtm-gurobi-01pct/resultados/instance005_matricial_solo_local_postprocesado.csv,/clusteruy/home/mathiasr/generator-aware-row-scaling/results-revision/r5-ablation/sgtm-gurobi-01pct/logs/instance005_matricial_solo_local.log
instance005.txt,matricial_solo_acoplamiento,OK,0,0.515331345,0.030647631694031,-2539851.2837705463,-2539850.0,OPTIMAL,-2540629.6880375724,1.0,6963.0,0.08,10080.0,6120.0,22679.0,8809.0,5676.0,21072.0,12.609126984126984,7.254901960784314,7.085850346135191,3,Model contains large bounds | Model contains large matrix coefficient range | Model contains large rhs,0.0005,10000000000.0,0.003,100.0,10.0,10000000000.0,1.0,4000000000.0,1.0,1.0,1.0,1.0,25350000000000.0,25350000000000.0,1.0,1.0,0.040942307,0.556273652,0.9986454734283629,0.9986454734283629,0.9251441500953922,0.040942307,0.07944850899764305,0.0,0.0,0.0,0.0,0.0,1.0,1.0,6844029.0,,0.9999999644156985,0.0,,1.0,0.0,0.0,,0.765042048301097,,,,,,,,OK,REVISAR,2.36555933952332e-07,0.0,3.725290298461914e-09,45.1254100212382,0.0,2.75230059793504e-09,3.37729844090969e-14,1.2572854757309e-07,2.23820961764432e-13,1.04393792657226,6.25026890136195,30.206894358255,10.7379183999898,5.6843418860808e-14,0.0,2.36555933952332e-07,0.0,0.0,0.0,0.0,0.0,0.0,0.0,0.0,0.0,0.0,-2539851.28377055,45.1254100212382,0.0,2.32541933655739e-05,0.0,0.0,0.0,2360.0,0.0,187.0,0.0,0.0,0.0,0.0,-2539851.28377055,-2539851.28377055,-3.725290298461914e-09,1.4667356007283701e-15,igual,0.0,OK,0.0,0,/clusteruy/home/mathiasr/generator-aware-row-scaling/results-revision/r5-ablation/sgtm-gurobi-01pct/resultados/instance005_matricial_solo_acoplamiento.csv,/clusteruy/home/mathiasr/generator-aware-row-scaling/results-revision/r5-ablation/sgtm-gurobi-01pct/resultados/instance005_matricial_solo_acoplamiento_postprocesado.csv,/clusteruy/home/mathiasr/generator-aware-row-scaling/results-revision/r5-ablation/sgtm-gurobi-01pct/logs/instance005_matricial_solo_acoplamiento.log
instance009.txt,base,OK,0,0.332589343,0.009546268505008,-26183467.30749815,-26183500.0,OPTIMAL,-26185966.851591244,1.0,7092.0,0.1,10080.0,6120.0,22679.0,8630.0,5585.0,20624.0,14.384920634920634,8.741830065359476,9.061246086688126,3,Model contains large bounds | Model contains large matrix coefficient range | Model contains large rhs,0.0007,10000000000.0,0.007,100.0,10.0,9000000000.0,1.0,4000000000.0,,,,,,,,,0.0,0.332589343,1.0,1.0,1.0,0.0,0.0,0.0,,,0.0,,,,7235053.225434,,,0.255064,,,,0.255064,1.0,0.594709570022952,,,,,,,,BASE,BASE,,,,,,2.99963643857182e-09,1.77635683940025e-14,1.45286321640015e-07,2.00728322852228e-13,1.26176073941882,6.52935927742609,34.3327229455585,11.1108595368576,5.6843418860808e-14,0.0,2.38418579101562e-07,0.0,0.0,0.0,0.0,0.0,0.0,0.0,0.0,0.0,0.0,-26183467.3074983,45.3215609381094,0.0,2.31694430112839e-05,0.0,0.0,0.0,2280.0,0.0,228.0,0.0,0.0,0.0,0.0,-26183467.3074983,,,,,,BASE,0.0,0,/clusteruy/home/mathiasr/generator-aware-row-scaling/results-revision/r5-ablation/sgtm-gurobi-01pct/resultados/instance009_base.csv,/clusteruy/home/mathiasr/generator-aware-row-scaling/results-revision/r5-ablation/sgtm-gurobi-01pct/resultados/instance009_base_postprocesado.csv,/clusteruy/home/mathiasr/generator-aware-row-scaling/results-revision/r5-ablation/sgtm-gurobi-01pct/logs/instance009_base.log
instance009.txt,estructurado,OK,0,0.373255837,0.008389421470956,-26183770.184753448,-26183800.0,OPTIMAL,-26185966.851591233,1.0,7074.0,0.1,10080.0,6120.0,22679.0,8630.0,5585.0,20624.0,14.384920634920634,8.741830065359476,9.061246086688126,1,Model contains large bounds,9e-06,100000.0,0.007,100.0,10.0,3000000.0,1.0,4000000000.0,0.0007777777777777777,1.0,0.0003333333333333333,1.0,16770000000000.0,289800000000.0,1.0,1.118,0.046468479,0.419724316,0.8910492751383282,0.8910492751383282,0.7923995115879824,0.046468479,0.12449498278040325,0.0011568470340520016,-302.87725529819727,-1.1567499893776956e-05,-300.0,-1.1457597341837417e-05,0.0007777777777777777,0.017280858676207513,49009.0,,0.006773827154127144,0.0,,,,0.0,,0.636160287843087,,,,,,,,OK,REVISAR,8.23289155960083e-07,0.0,1.5273690223693848e-07,45.0950957886309,0.0,6.69185011835757e-09,2.8421709430404e-14,2.91354954242703e-07,1.56319401867222e-13,1.24949818749728,6.45965463620694,34.0902090846998,11.1108595368576,1.13686837721616e-13,0.0,8.23289155960083e-07,0.0,0.0,0.0,0.0,0.0,0.0,0.0,0.0,0.0,0.0,-26183770.1847536,45.0950957886309,0.0,2.35140323638916e-05,0.0,0.0,0.0,2268.0,0.0,228.0,0.0,0.0,0.0,0.0,-26183770.1847536,-26183770.1847536,-302.8772554509342,1.1567499899610291e-05,mejora,1.1175870895385742e-08,DIFIERE,6520000.0,951,/clusteruy/home/mathiasr/generator-aware-row-scaling/results-revision/r5-ablation/sgtm-gurobi-01pct/resultados/instance009_estructurado.csv,/clusteruy/home/mathiasr/generator-aware-row-scaling/results-revision/r5-ablation/sgtm-gurobi-01pct/resultados/instance009_estructurado_postprocesado.csv,/clusteruy/home/mathiasr/generator-aware-row-scaling/results-revision/r5-ablation/sgtm-gurobi-01pct/logs/instance009_estructurado.log
instance009.txt,estructurado_solo_local,OK,0,0.370812079,0.008389421470956,-26183770.184753448,-26183800.0,OPTIMAL,-26185966.851591233,1.0,7074.0,0.1,10080.0,6120.0,22679.0,8630.0,5585.0,20624.0,14.384920634920634,8.741830065359476,9.061246086688126,1,Model contains large bounds,9e-06,100000.0,0.007,100.0,10.0,3000000.0,1.0,4000000000.0,0.0007777777777777777,1.0,0.0003333333333333333,1.0,16770000000000.0,289800000000.0,1.0,1.118,0.046290678,0.417102757,0.8969215455357374,0.8969215455357374,0.7973798720299515,0.046290678,0.12483594958620536,0.0011568470340520016,-302.87725529819727,-1.1567499893776956e-05,-300.0,-1.1457597341837417e-05,0.0007777777777777777,0.017280858676207513,49009.0,,0.006773827154127144,0.0,,,,0.0,,0.637842952662171,,,,,,,,OK,REVISAR,8.23289155960083e-07,0.0,1.5273690223693848e-07,45.0950957886309,0.0,6.69185011835757e-09,2.8421709430404e-14,2.91354954242703e-07,1.56319401867222e-13,1.24949818749728,6.45965463620694,34.0902090846998,11.1108595368576,1.13686837721616e-13,0.0,8.23289155960083e-07,0.0,0.0,0.0,0.0,0.0,0.0,0.0,0.0,0.0,0.0,-26183770.1847536,45.0950957886309,0.0,2.35140323638916e-05,0.0,0.0,0.0,2268.0,0.0,228.0,0.0,0.0,0.0,0.0,-26183770.1847536,-26183770.1847536,-302.8772554509342,1.1567499899610291e-05,mejora,1.1175870895385742e-08,DIFIERE,6520000.0,951,/clusteruy/home/mathiasr/generator-aware-row-scaling/results-revision/r5-ablation/sgtm-gurobi-01pct/resultados/instance009_estructurado_solo_local.csv,/clusteruy/home/mathiasr/generator-aware-row-scaling/results-revision/r5-ablation/sgtm-gurobi-01pct/resultados/instance009_estructurado_solo_local_postprocesado.csv,/clusteruy/home/mathiasr/generator-aware-row-scaling/results-revision/r5-ablation/sgtm-gurobi-01pct/logs/instance009_estructurado_solo_local.log
instance009.txt,estructurado_solo_acoplamiento,OK,0,0.332388658,0.009546268505008,-26183467.30749815,-26183500.0,OPTIMAL,-26185966.851591244,1.0,7092.0,0.1,10080.0,6120.0,22679.0,8630.0,5585.0,20624.0,14.384920634920634,8.741830065359476,9.061246086688126,3,Model contains large bounds | Model contains large matrix coefficient range | Model contains large rhs,0.0007,10000000000.0,0.007,100.0,10.0,9000000000.0,1.0,4000000000.0,1.0,1.0,1.0,1.0,16770000000000.0,16770000000000.0,1.0,1.0,0.040063992,0.37245265,1.0006037660887934,1.0006037660887934,0.8929708058192095,0.040063992,0.12053357127486582,0.0,0.0,0.0,0.0,0.0,1.0,1.0,7235053.0,,0.999999968841418,0.0,,,,0.0,,0.595800138990093,,,,,,,,OK,REVISAR,2.38418579101562e-07,0.0,1.4901161193847656e-07,45.3215609381094,0.0,2.99963643857182e-09,1.77635683940025e-14,1.45286321640015e-07,2.00728322852228e-13,1.26176073941882,6.52935927742609,34.3327229455585,11.1108595368576,5.6843418860808e-14,0.0,2.38418579101562e-07,0.0,0.0,0.0,0.0,0.0,0.0,0.0,0.0,0.0,0.0,-26183467.3074983,45.3215609381094,0.0,2.31694430112839e-05,0.0,0.0,0.0,2280.0,0.0,228.0,0.0,0.0,0.0,0.0,-26183467.3074983,-26183467.3074983,-1.4901161193847656e-07,5.691057268637762e-15,igual,0.0,OK,0.0,0,/clusteruy/home/mathiasr/generator-aware-row-scaling/results-revision/r5-ablation/sgtm-gurobi-01pct/resultados/instance009_estructurado_solo_acoplamiento.csv,/clusteruy/home/mathiasr/generator-aware-row-scaling/results-revision/r5-ablation/sgtm-gurobi-01pct/resultados/instance009_estructurado_solo_acoplamiento_postprocesado.csv,/clusteruy/home/mathiasr/generator-aware-row-scaling/results-revision/r5-ablation/sgtm-gurobi-01pct/logs/instance009_estructurado_solo_acoplamiento.log
instance009.txt,estructurado_matricial,OK,0,0.341701688,0.008389421470998,-26183770.184753444,-26183800.0,OPTIMAL,-26185966.85159124,1.0,6930.0,0.1,10080.0,6120.0,22679.0,8630.0,5585.0,20624.0,14.384920634920634,8.741830065359476,9.061246086688126,1,Model contains large bounds,9e-06,100000.0,0.007,100.0,10.0,40000000.0,1.0,4000000000.0,0.0007777777777777777,1.0,0.0044444444444444444,1.0,16770000000000.0,4522000000000.0,1.0,1.0,0.047911564,0.389613252,0.9733324554135653,0.9733324554135653,0.8536397088464536,0.047911564,0.14021459560363658,0.0011568470340100005,-302.877255294472,-1.156749989363468e-05,-300.0,-1.1457597341837417e-05,0.0007777777777777777,0.26964818127608825,571801.0,,0.07903203780034392,0.0,,,,0.0,,0.602057852774441,,,,,,,,OK,REVISAR,5.88595867156982e-07,0.0,1.564621925354004e-07,45.0950957886309,0.0,4.34691323140703e-09,2.8421709430404e-14,1.89989805221558e-07,1.59872115546023e-13,1.24875816596063,6.45965463620697,33.9596617335716,11.1108595368577,1.13686837721616e-13,0.0,5.88595867156982e-07,0.0,0.0,0.0,0.0,0.0,0.0,0.0,0.0,0.0,0.0,-26183770.1847536,45.0950957886309,0.0,2.33855098485947e-05,0.0,0.0,0.0,2267.0,0.0,228.0,0.0,0.0,0.0,0.0,-26183770.1847536,-26183770.1847536,-302.8772554509342,1.1567499899610291e-05,mejora,3.725290298461914e-09,DIFIERE,6520000.0,943,/clusteruy/home/mathiasr/generator-aware-row-scaling/results-revision/r5-ablation/sgtm-gurobi-01pct/resultados/instance009_estructurado_matricial.csv,/clusteruy/home/mathiasr/generator-aware-row-scaling/results-revision/r5-ablation/sgtm-gurobi-01pct/resultados/instance009_estructurado_matricial_postprocesado.csv,/clusteruy/home/mathiasr/generator-aware-row-scaling/results-revision/r5-ablation/sgtm-gurobi-01pct/logs/instance009_estructurado_matricial.log
instance009.txt,matricial_solo_local,OK,0,0.344880514,0.008389421470998,-26183770.184753444,-26183800.0,OPTIMAL,-26185966.85159124,1.0,6930.0,0.1,10080.0,6120.0,22679.0,8630.0,5585.0,20624.0,14.384920634920634,8.741830065359476,9.061246086688126,1,Model contains large bounds,9e-06,100000.0,0.007,100.0,10.0,40000000.0,1.0,4000000000.0,0.0007777777777777777,1.0,0.0044444444444444444,1.0,16770000000000.0,4522000000000.0,1.0,1.0,0.046918897,0.39179941100000004,0.9643610743400828,0.9643610743400828,0.8488765773055231,0.046918897,0.13604391983711783,0.0011568470340100005,-302.877255294472,-1.156749989363468e-05,-300.0,-1.1457597341837417e-05,0.0007777777777777777,0.26964818127608825,571801.0,,0.07903203780034392,0.0,,,,0.0,,0.603418937575137,,,,,,,,OK,REVISAR,5.88595867156982e-07,0.0,1.564621925354004e-07,45.0950957886309,0.0,4.34691323140703e-09,2.8421709430404e-14,1.89989805221558e-07,1.59872115546023e-13,1.24875816596063,6.45965463620697,33.9596617335716,11.1108595368577,1.13686837721616e-13,0.0,5.88595867156982e-07,0.0,0.0,0.0,0.0,0.0,0.0,0.0,0.0,0.0,0.0,-26183770.1847536,45.0950957886309,0.0,2.33855098485947e-05,0.0,0.0,0.0,2267.0,0.0,228.0,0.0,0.0,0.0,0.0,-26183770.1847536,-26183770.1847536,-302.8772554509342,1.1567499899610291e-05,mejora,3.725290298461914e-09,DIFIERE,6520000.0,943,/clusteruy/home/mathiasr/generator-aware-row-scaling/results-revision/r5-ablation/sgtm-gurobi-01pct/resultados/instance009_matricial_solo_local.csv,/clusteruy/home/mathiasr/generator-aware-row-scaling/results-revision/r5-ablation/sgtm-gurobi-01pct/resultados/instance009_matricial_solo_local_postprocesado.csv,/clusteruy/home/mathiasr/generator-aware-row-scaling/results-revision/r5-ablation/sgtm-gurobi-01pct/logs/instance009_matricial_solo_local.log
instance009.txt,matricial_solo_acoplamiento,OK,0,0.331253492,0.009546268505008,-26183467.30749815,-26183500.0,OPTIMAL,-26185966.851591244,1.0,7092.0,0.1,10080.0,6120.0,22679.0,8630.0,5585.0,20624.0,14.384920634920634,8.741830065359476,9.061246086688126,3,Model contains large bounds | Model contains large matrix coefficient range | Model contains large rhs,0.0007,10000000000.0,0.007,100.0,10.0,9000000000.0,1.0,4000000000.0,1.0,1.0,1.0,1.0,16770000000000.0,16770000000000.0,1.0,1.0,0.040980013,0.37223350499999996,1.0040327152234216,1.0040327152234216,0.8934965244463956,0.040980013,0.12371194263515871,0.0,0.0,0.0,0.0,0.0,1.0,1.0,7235053.0,,0.999999968841418,0.0,,,,0.0,,0.594690313412127,,,,,,,,OK,REVISAR,2.38418579101562e-07,0.0,1.4901161193847656e-07,45.3215609381094,0.0,2.99963643857182e-09,1.77635683940025e-14,1.45286321640015e-07,2.00728322852228e-13,1.26176073941882,6.52935927742609,34.3327229455585,11.1108595368576,5.6843418860808e-14,0.0,2.38418579101562e-07,0.0,0.0,0.0,0.0,0.0,0.0,0.0,0.0,0.0,0.0,-26183467.3074983,45.3215609381094,0.0,2.31694430112839e-05,0.0,0.0,0.0,2280.0,0.0,228.0,0.0,0.0,0.0,0.0,-26183467.3074983,-26183467.3074983,-1.4901161193847656e-07,5.691057268637762e-15,igual,0.0,OK,0.0,0,/clusteruy/home/mathiasr/generator-aware-row-scaling/results-revision/r5-ablation/sgtm-gurobi-01pct/resultados/instance009_matricial_solo_acoplamiento.csv,/clusteruy/home/mathiasr/generator-aware-row-scaling/results-revision/r5-ablation/sgtm-gurobi-01pct/resultados/instance009_matricial_solo_acoplamiento_postprocesado.csv,/clusteruy/home/mathiasr/generator-aware-row-scaling/results-revision/r5-ablation/sgtm-gurobi-01pct/logs/instance009_matricial_solo_acoplamiento.log
instance010.txt,base,OK,0,52.968847334,0.0,71613.86077580106,71613.9,OPTIMAL,71613.86077580106,20687.0,1457200.0,0.1,10080.0,6120.0,22679.0,8681.0,5569.0,20833.0,13.878968253968255,9.00326797385621,8.139688698796244,3,Model contains large bounds | Model contains large matrix coefficient range | Model contains large rhs,0.0006,10000000000.0,1.0,100.0,10.0,10000000000.0,1.0,4000000000.0,,,,,,,,,0.0,52.968847334,1.0,1.0,1.0,0.0,0.0,0.0,,,0.0,,,,36888200.453336,,,37.831557,,0.995667,2.171889,37.831557,1.0,0.925528353281245,,,,,,,,BASE,BASE,,,,,,1.37000727595595e-09,0.0,6.33299350738525e-08,1.81898940354586e-12,0.557677080397287,0.0001364660449326,19.194628065834,85.1120490869634,4.54747350886464e-13,0.0,2.08616256713867e-07,0.0,0.0,0.0,0.0,0.0,0.0,0.0,0.0,0.0,0.0,71613.8607758011,85.1120490869634,0.0,0.000167131423950195,0.0,0.0,0.0,435.0,0.0,208.0,0.0,0.0,0.0,0.0,71613.8607758011,,,,,,BASE,0.0,0,/clusteruy/home/mathiasr/generator-aware-row-scaling/results-revision/r5-ablation/sgtm-gurobi-01pct/resultados/instance010_base.csv,/clusteruy/home/mathiasr/generator-aware-row-scaling/results-revision/r5-ablation/sgtm-gurobi-01pct/resultados/instance010_base_postprocesado.csv,/clusteruy/home/mathiasr/generator-aware-row-scaling/results-revision/r5-ablation/sgtm-gurobi-01pct/logs/instance010_base.log
instance010.txt,estructurado,OK,0,1.575282387,1.016e-12,71613.86077580127,71613.9,OPTIMAL,71613.86077580054,1.0,10474.0,0.1,10080.0,6120.0,22679.0,8681.0,5569.0,20833.0,13.878968253968255,9.00326797385621,8.139688698796244,1,Model contains large bounds,9e-06,100000.0,1.0,100.0,10.0,3000000.0,1.0,4000000000.0,0.0006666666666666665,1.0,0.0003,1.0,19560000000000.0,357600000000.0,1.0,1.118,0.046402106,1.6216844929999998,33.62498544459382,33.62498544459382,32.66285616138034,0.046402106,0.029456373271822787,-1.016e-12,2.0372681319713593e-10,2.8447958396620472e-15,0.0,0.0,0.0006666666666666665,0.018282208588957054,746146.0,,0.020227226886382906,1.0,,0.0,2.0,1.0,37.831557,0.358521097013657,,,,,,,,OK,REVISAR,5.10364770889282e-07,0.0,2.9103830456733704e-11,85.1120490869634,0.0,2.61934795191948e-09,7.105427357601e-14,1.00582838058472e-07,3.12638803734444e-13,0.394290540052953,1.13128684461116e-05,14.7913469370268,85.1120490869634,2.27373675443232e-13,0.0,5.10364770889282e-07,0.0,0.0,0.0,0.0,0.0,0.0,0.0,0.0,0.0,0.0,71613.8607758013,85.1120490869634,0.0,0.000167235732078552,0.0,0.0,0.0,411.0,0.0,182.0,0.0,0.0,0.0,0.0,71613.8607758013,71613.8607758013,2.3283064365386963e-10,3.251195245328054e-15,igual,-5.238689482212067e-10,DIFIERE,536921000.0,964,/clusteruy/home/mathiasr/generator-aware-row-scaling/results-revision/r5-ablation/sgtm-gurobi-01pct/resultados/instance010_estructurado.csv,/clusteruy/home/mathiasr/generator-aware-row-scaling/results-revision/r5-ablation/sgtm-gurobi-01pct/resultados/instance010_estructurado_postprocesado.csv,/clusteruy/home/mathiasr/generator-aware-row-scaling/results-revision/r5-ablation/sgtm-gurobi-01pct/logs/instance010_estructurado.log
instance010.txt,estructurado_solo_local,OK,0,1.595747691,1.016e-12,71613.86077580127,71613.9,OPTIMAL,71613.86077580054,1.0,10474.0,0.11,10080.0,6120.0,22679.0,8681.0,5569.0,20833.0,13.878968253968255,9.00326797385621,8.139688698796244,1,Model contains large bounds,9e-06,100000.0,1.0,100.0,10.0,3000000.0,1.0,4000000000.0,0.0006666666666666665,1.0,0.0003,1.0,19560000000000.0,357600000000.0,1.0,1.118,0.046546708,1.6422943989999998,33.19374838061414,33.19374838061414,32.2529549916586,0.046546708,0.02916921532302565,-1.016e-12,2.0372681319713593e-10,2.8447958396620472e-15,0.0,0.0,0.0006666666666666665,0.018282208588957054,746146.0,,0.020227226886382906,1.0,,0.0,2.0,1.0,37.831557,0.358877457044081,,,,,,,,OK,REVISAR,5.10364770889282e-07,0.0,2.9103830456733704e-11,85.1120490869634,0.0,2.61934795191948e-09,7.105427357601e-14,1.00582838058472e-07,3.12638803734444e-13,0.394290540052953,1.13128684461116e-05,14.7913469370268,85.1120490869634,2.27373675443232e-13,0.0,5.10364770889282e-07,0.0,0.0,0.0,0.0,0.0,0.0,0.0,0.0,0.0,0.0,71613.8607758013,85.1120490869634,0.0,0.000167235732078552,0.0,0.0,0.0,411.0,0.0,182.0,0.0,0.0,0.0,0.0,71613.8607758013,71613.8607758013,2.3283064365386963e-10,3.251195245328054e-15,igual,-5.238689482212067e-10,DIFIERE,536921000.0,964,/clusteruy/home/mathiasr/generator-aware-row-scaling/results-revision/r5-ablation/sgtm-gurobi-01pct/resultados/instance010_estructurado_solo_local.csv,/clusteruy/home/mathiasr/generator-aware-row-scaling/results-revision/r5-ablation/sgtm-gurobi-01pct/resultados/instance010_estructurado_solo_local_postprocesado.csv,/clusteruy/home/mathiasr/generator-aware-row-scaling/results-revision/r5-ablation/sgtm-gurobi-01pct/logs/instance010_estructurado_solo_local.log
instance010.txt,estructurado_solo_acoplamiento,OK,0,39.954614064,0.0,71613.86077580106,71613.9,OPTIMAL,71613.86077580106,20687.0,1457200.0,0.1,10080.0,6120.0,22679.0,8681.0,5569.0,20833.0,13.878968253968255,9.00326797385621,8.139688698796244,3,Model contains large bounds | Model contains large matrix coefficient range | Model contains large rhs,0.0006,10000000000.0,1.0,100.0,10.0,10000000000.0,1.0,4000000000.0,1.0,1.0,1.0,1.0,19560000000000.0,19560000000000.0,1.0,1.0,0.040536964,39.995151027999995,1.3257254155716178,1.3257254155716178,1.3243817305982248,0.040536964,0.001014575286225195,0.0,0.0,0.0,0.0,0.0,1.0,1.0,36888200.0,,0.9999999877105418,38.0,,1.0,2.0,38.0,0.9955672894736841,0.933256507536949,,,,,,,,OK,REVISAR,2.08616256713867e-07,0.0,4.3655745685100555e-11,85.1120490869634,0.0,1.37000727595595e-09,0.0,6.33299350738525e-08,1.81898940354586e-12,0.557677080397287,0.0001364660449326,19.194628065834,85.1120490869634,4.54747350886464e-13,0.0,2.08616256713867e-07,0.0,0.0,0.0,0.0,0.0,0.0,0.0,0.0,0.0,0.0,71613.8607758011,85.1120490869634,0.0,0.000167131423950195,0.0,0.0,0.0,435.0,0.0,208.0,0.0,0.0,0.0,0.0,71613.8607758011,71613.8607758011,4.3655745685100555e-11,6.095991084990101e-16,igual,0.0,OK,0.0,0,/clusteruy/home/mathiasr/generator-aware-row-scaling/results-revision/r5-ablation/sgtm-gurobi-01pct/resultados/instance010_estructurado_solo_acoplamiento.csv,/clusteruy/home/mathiasr/generator-aware-row-scaling/results-revision/r5-ablation/sgtm-gurobi-01pct/resultados/instance010_estructurado_solo_acoplamiento_postprocesado.csv,/clusteruy/home/mathiasr/generator-aware-row-scaling/results-revision/r5-ablation/sgtm-gurobi-01pct/logs/instance010_estructurado_solo_acoplamiento.log
instance010.txt,estructurado_matricial,OK,0,1.96196806,8.53e-13,71613.86077580127,71613.9,OPTIMAL,71613.86077580065,1.0,11424.0,0.1,10080.0,6120.0,22679.0,8681.0,5569.0,20833.0,13.878968253968255,9.00326797385621,8.139688698796244,1,Model contains large bounds,9e-06,100000.0,1.0,100.0,10.0,40000000.0,1.0,4000000000.0,0.0006666666666666665,1.0,0.004,1.0,19560000000000.0,3870000000000.0,1.0,1.0,0.047897298,2.009865358,26.99781327428949,26.99781327428949,26.35442574457269,0.047897298,0.024412883663355863,-8.53e-13,2.0372681319713593e-10,2.8447958396620472e-15,0.0,0.0,0.0006666666666666665,0.19785276073619631,3088750.0,,0.08373273735343377,2.0,,0.0,2.0,2.0,18.9157785,0.369159705810613,,,,,,,,OK,REVISAR,4.43309545516968e-07,0.0,2.9103830456733704e-11,85.1120490869634,0.0,2.56575936660862e-09,2.8421709430404e-14,1.11758708953857e-07,1.98951966012828e-13,0.611910939077262,1.62196345627308e-05,19.856170208979,85.1120490869634,2.27373675443232e-13,0.0,4.43309545516968e-07,0.0,0.0,0.0,0.0,0.0,0.0,0.0,0.0,0.0,0.0,71613.8607758013,85.1120490869634,0.0,0.000167118385434151,0.0,0.0,0.0,436.0,0.0,183.0,0.0,0.0,0.0,0.0,71613.8607758013,71613.8607758013,2.3283064365386963e-10,3.251195245328054e-15,igual,-4.0745362639427185e-10,DIFIERE,319909500.0,962,/clusteruy/home/mathiasr/generator-aware-row-scaling/results-revision/r5-ablation/sgtm-gurobi-01pct/resultados/instance010_estructurado_matricial.csv,/clusteruy/home/mathiasr/generator-aware-row-scaling/results-revision/r5-ablation/sgtm-gurobi-01pct/resultados/instance010_estructurado_matricial_postprocesado.csv,/clusteruy/home/mathiasr/generator-aware-row-scaling/results-revision/r5-ablation/sgtm-gurobi-01pct/logs/instance010_estructurado_matricial.log
instance010.txt,matricial_solo_local,OK,0,1.96376666,8.53e-13,71613.86077580127,71613.9,OPTIMAL,71613.86077580065,1.0,11424.0,0.1,10080.0,6120.0,22679.0,8681.0,5569.0,20833.0,13.878968253968255,9.00326797385621,8.139688698796244,1,Model contains large bounds,9e-06,100000.0,1.0,100.0,10.0,40000000.0,1.0,4000000000.0,0.0006666666666666665,1.0,0.004,1.0,19560000000000.0,3870000000000.0,1.0,1.0,0.04715094,2.0109176,26.973086167986985,26.973086167986985,26.340635406443308,0.04715094,0.024010459572625598,-8.53e-13,2.0372681319713593e-10,2.8447958396620472e-15,0.0,0.0,0.0006666666666666665,0.19785276073619631,3088750.0,,0.08373273735343377,2.0,,0.0,2.0,2.0,18.9157785,0.369248574943326,,,,,,,,OK,REVISAR,4.43309545516968e-07,0.0,2.9103830456733704e-11,85.1120490869634,0.0,2.56575936660862e-09,2.8421709430404e-14,1.11758708953857e-07,1.98951966012828e-13,0.611910939077262,1.62196345627308e-05,19.856170208979,85.1120490869634,2.27373675443232e-13,0.0,4.43309545516968e-07,0.0,0.0,0.0,0.0,0.0,0.0,0.0,0.0,0.0,0.0,71613.8607758013,85.1120490869634,0.0,0.000167118385434151,0.0,0.0,0.0,436.0,0.0,183.0,0.0,0.0,0.0,0.0,71613.8607758013,71613.8607758013,2.3283064365386963e-10,3.251195245328054e-15,igual,-4.0745362639427185e-10,DIFIERE,319909500.0,962,/clusteruy/home/mathiasr/generator-aware-row-scaling/results-revision/r5-ablation/sgtm-gurobi-01pct/resultados/instance010_matricial_solo_local.csv,/clusteruy/home/mathiasr/generator-aware-row-scaling/results-revision/r5-ablation/sgtm-gurobi-01pct/resultados/instance010_matricial_solo_local_postprocesado.csv,/clusteruy/home/mathiasr/generator-aware-row-scaling/results-revision/r5-ablation/sgtm-gurobi-01pct/logs/instance010_matricial_solo_local.log
instance010.txt,matricial_solo_acoplamiento,OK,0,40.436917657,0.0,71613.86077580106,71613.9,OPTIMAL,71613.86077580106,20687.0,1457200.0,0.1,10080.0,6120.0,22679.0,8681.0,5569.0,20833.0,13.878968253968255,9.00326797385621,8.139688698796244,3,Model contains large bounds | Model contains large matrix coefficient range | Model contains large rhs,0.0006,10000000000.0,1.0,100.0,10.0,10000000000.0,1.0,4000000000.0,1.0,1.0,1.0,1.0,19560000000000.0,19560000000000.0,1.0,1.0,0.041065201,40.477982858000004,1.3099130795106637,1.3099130795106637,1.308584163391218,0.041065201,0.0010155373697948325,0.0,0.0,0.0,0.0,0.0,1.0,1.0,36888200.0,,0.9999999877105418,38.0,,1.0,2.0,38.0,0.9955672894736841,0.932710830317104,,,,,,,,OK,REVISAR,2.08616256713867e-07,0.0,4.3655745685100555e-11,85.1120490869634,0.0,1.37000727595595e-09,0.0,6.33299350738525e-08,1.81898940354586e-12,0.557677080397287,0.0001364660449326,19.194628065834,85.1120490869634,4.54747350886464e-13,0.0,2.08616256713867e-07,0.0,0.0,0.0,0.0,0.0,0.0,0.0,0.0,0.0,0.0,71613.8607758011,85.1120490869634,0.0,0.000167131423950195,0.0,0.0,0.0,435.0,0.0,208.0,0.0,0.0,0.0,0.0,71613.8607758011,71613.8607758011,4.3655745685100555e-11,6.095991084990101e-16,igual,0.0,OK,0.0,0,/clusteruy/home/mathiasr/generator-aware-row-scaling/results-revision/r5-ablation/sgtm-gurobi-01pct/resultados/instance010_matricial_solo_acoplamiento.csv,/clusteruy/home/mathiasr/generator-aware-row-scaling/results-revision/r5-ablation/sgtm-gurobi-01pct/resultados/instance010_matricial_solo_acoplamiento_postprocesado.csv,/clusteruy/home/mathiasr/generator-aware-row-scaling/results-revision/r5-ablation/sgtm-gurobi-01pct/logs/instance010_matricial_solo_acoplamiento.log
instance011.txt,base,OK,0,54.592873752,0.0,-232688.66750460138,-232689.0,OPTIMAL,-232688.66750460138,28301.0,1405640.0,0.12,10080.0,6120.0,22679.0,8688.0,5590.0,20948.0,13.80952380952381,8.660130718954248,7.632611667181092,3,Model contains large bounds | Model contains large matrix coefficient range | Model contains large rhs,0.0006,10000000000.0,0.0005,100.0,20.0,10000000000.0,1.0,4000000000.0,,,,,,,,,0.0,54.592873752,1.0,1.0,1.0,0.0,0.0,0.0,,,0.0,,,,1931062.912852,,,63.39873,,1.080731,2.67221,63.39873,1.0,0.993003088686672,,,,,,,,BASE,BASE,,,,,,2.36138601165727e-09,5.6843418860808e-14,8.5681676864624e-08,1.64845914696343e-12,0.220956713408976,0.00652575103890964,7.78710224026882,9.50903958146063,4.2632564145606e-13,0.0,2.38418579101562e-07,0.0,0.0,0.0,0.0,0.0,0.0,0.0,0.0,0.0,0.0,-232688.667504601,39.2773886428973,0.0,2.56188213825226e-05,0.0,0.0,0.0,542.0,0.0,94.0,0.0,0.0,0.0,0.0,-232688.667504601,,,,,,BASE,0.0,0,/clusteruy/home/mathiasr/generator-aware-row-scaling/results-revision/r5-ablation/sgtm-gurobi-01pct/resultados/instance011_base.csv,/clusteruy/home/mathiasr/generator-aware-row-scaling/results-revision/r5-ablation/sgtm-gurobi-01pct/resultados/instance011_base_postprocesado.csv,/clusteruy/home/mathiasr/generator-aware-row-scaling/results-revision/r5-ablation/sgtm-gurobi-01pct/logs/instance011_base.log
instance011.txt,estructurado,OK,0,13.22235747,0.081589085540238,-232688.6675046026,-232689.0,OPTIMAL,-232878.51606057538,8269.0,283562.0,0.13,10080.0,6120.0,22679.0,8688.0,5590.0,20948.0,13.80952380952381,8.660130718954248,7.632611667181092,1,Model contains large bounds,9e-06,100000.0,0.0005,100.0,10.0,3000000.0,1.0,4000000000.0,0.0006666666666666665,1.0,0.0006,1.0,20700000000000.0,367500000000.0,1.0,1.118,0.046347408,13.268704878000001,4.1288305716938085,4.1288305716938085,4.114408621938452,0.046347408,0.003505230296878367,-0.081589085540238,-1.2223608791828156e-09,-5.253203313645017e-15,0.0,0.0,0.0006666666666666665,0.017753623188405798,21320.0,,0.011040551738685896,8.0,,0.0,4.0,8.0,7.92484125,0.182689966093436,,,,,,,,OK,REVISAR,7.15255737304688e-07,0.0,4.0745362639427185e-10,39.2773886428974,0.0,3.22489232924255e-09,6.43540776223961e-14,1.10287219285963e-07,2.8421709430404e-13,0.220956713884061,0.00652575103890965,7.78710224026884,9.50903958146057,2.27373675443232e-13,0.0,7.15255737304688e-07,0.0,0.0,0.0,0.0,0.0,0.0,0.0,0.0,0.0,0.0,-232688.667504603,39.2773886428974,0.0,2.5622546672821e-05,0.0,0.0,0.0,542.0,0.0,94.0,0.0,0.0,0.0,0.0,-232688.667504603,-232688.667504603,-1.6298145055770874e-09,7.0042710848600225e-15,igual,-189.84855597399292,OK,0.0,0,/clusteruy/home/mathiasr/generator-aware-row-scaling/results-revision/r5-ablation/sgtm-gurobi-01pct/resultados/instance011_estructurado.csv,/clusteruy/home/mathiasr/generator-aware-row-scaling/results-revision/r5-ablation/sgtm-gurobi-01pct/resultados/instance011_estructurado_postprocesado.csv,/clusteruy/home/mathiasr/generator-aware-row-scaling/results-revision/r5-ablation/sgtm-gurobi-01pct/logs/instance011_estructurado.log
instance011.txt,estructurado_solo_local,OK,0,11.580394218,0.081589085540238,-232688.6675046026,-232689.0,OPTIMAL,-232878.51606057538,8269.0,283562.0,0.13,10080.0,6120.0,22679.0,8688.0,5590.0,20948.0,13.80952380952381,8.660130718954248,7.632611667181092,1,Model contains large bounds,9e-06,100000.0,0.0005,100.0,10.0,3000000.0,1.0,4000000000.0,0.0006666666666666665,1.0,0.0006,1.0,20700000000000.0,367500000000.0,1.0,1.118,0.046522943,11.626917161,4.71425002675155,4.71425002675155,4.695386833503905,0.046522943,0.004017388538266426,-0.081589085540238,-1.2223608791828156e-09,-5.253203313645017e-15,0.0,0.0,0.0006666666666666665,0.017753623188405798,21320.0,,0.011040551738685896,8.0,,0.0,4.0,8.0,7.92484125,0.198780481911093,,,,,,,,OK,REVISAR,7.15255737304688e-07,0.0,4.0745362639427185e-10,39.2773886428974,0.0,3.22489232924255e-09,6.43540776223961e-14,1.10287219285963e-07,2.8421709430404e-13,0.220956713884061,0.00652575103890965,7.78710224026884,9.50903958146057,2.27373675443232e-13,0.0,7.15255737304688e-07,0.0,0.0,0.0,0.0,0.0,0.0,0.0,0.0,0.0,0.0,-232688.667504603,39.2773886428974,0.0,2.5622546672821e-05,0.0,0.0,0.0,542.0,0.0,94.0,0.0,0.0,0.0,0.0,-232688.667504603,-232688.667504603,-1.6298145055770874e-09,7.0042710848600225e-15,igual,-189.84855597399292,OK,0.0,0,/clusteruy/home/mathiasr/generator-aware-row-scaling/results-revision/r5-ablation/sgtm-gurobi-01pct/resultados/instance011_estructurado_solo_local.csv,/clusteruy/home/mathiasr/generator-aware-row-scaling/results-revision/r5-ablation/sgtm-gurobi-01pct/resultados/instance011_estructurado_solo_local_postprocesado.csv,/clusteruy/home/mathiasr/generator-aware-row-scaling/results-revision/r5-ablation/sgtm-gurobi-01pct/logs/instance011_estructurado_solo_local.log
instance011.txt,estructurado_solo_acoplamiento,OK,0,51.262090219,0.0,-232688.66750460138,-232689.0,OPTIMAL,-232688.66750460138,28301.0,1405640.0,0.12,10080.0,6120.0,22679.0,8688.0,5590.0,20948.0,13.80952380952381,8.660130718954248,7.632611667181092,3,Model contains large bounds | Model contains large matrix coefficient range | Model contains large rhs,0.0006,10000000000.0,0.0005,100.0,20.0,10000000000.0,1.0,4000000000.0,1.0,1.0,1.0,1.0,20700000000000.0,20700000000000.0,1.0,1.0,0.040549315,51.302639534,1.064975570031779,1.064975570031779,1.0641338193879761,0.040549315,0.0007910195395226126,0.0,0.0,0.0,0.0,0.0,1.0,1.0,1931063.0,,1.0000000451295499,63.0,,1.0,3.0,63.0,1.0063290476190476,0.991731292138676,,,,,,,,OK,REVISAR,2.38418579101562e-07,0.0,3.7834979593753815e-10,39.2773886428973,0.0,2.36138601165727e-09,5.6843418860808e-14,8.5681676864624e-08,1.64845914696343e-12,0.220956713408976,0.00652575103890964,7.78710224026882,9.50903958146063,4.2632564145606e-13,0.0,2.38418579101562e-07,0.0,0.0,0.0,0.0,0.0,0.0,0.0,0.0,0.0,0.0,-232688.667504601,39.2773886428973,0.0,2.56188213825226e-05,0.0,0.0,0.0,542.0,0.0,94.0,0.0,0.0,0.0,0.0,-232688.667504601,-232688.667504601,3.7834979593753815e-10,1.6259915018425053e-15,igual,0.0,OK,0.0,0,/clusteruy/home/mathiasr/generator-aware-row-scaling/results-revision/r5-ablation/sgtm-gurobi-01pct/resultados/instance011_estructurado_solo_acoplamiento.csv,/clusteruy/home/mathiasr/generator-aware-row-scaling/results-revision/r5-ablation/sgtm-gurobi-01pct/resultados/instance011_estructurado_solo_acoplamiento_postprocesado.csv,/clusteruy/home/mathiasr/generator-aware-row-scaling/results-revision/r5-ablation/sgtm-gurobi-01pct/logs/instance011_estructurado_solo_acoplamiento.log
instance011.txt,estructurado_matricial,OK,0,5.920569938,0.066549280845565,-232687.83789012092,-232688.0,OPTIMAL,-232842.6899728519,2173.0,66530.0,0.12,10080.0,6120.0,22679.0,8688.0,5590.0,20948.0,13.80952380952381,8.660130718954248,7.632611667181092,1,Model contains large bounds,9e-06,100000.0,0.0005,100.0,20.0,40000000.0,1.0,4000000000.0,0.0006666666666666665,1.0,0.004,1.0,20700000000000.0,4283000000000.0,1.0,1.0,0.048305306,5.9688752439999995,9.220881490075222,9.220881490075222,9.146258134122933,0.048305306,0.00815889458377343,-0.066549280845565,0.8296144804626238,3.5653411460023865e-06,1.0,4.297581750748854e-06,0.0006666666666666665,0.20690821256038647,169276.0,,0.08765949512747626,5.0,,0.0,4.0,5.0,12.679746,0.347684105144149,,,,,,,,OK,REVISAR,5.43892383575439e-07,0.0,8.731149137020111e-11,39.2773886428972,0.0,3.52664844536602e-09,8.14681655469911e-14,1.27051025629042e-07,1.47792889038101e-12,0.220959122979317,0.00632195516246002,7.78710224026877,9.50903958146057,3.69482222595252e-13,0.0,5.43892383575439e-07,0.0,0.0,0.0,0.0,0.0,0.0,0.0,0.0,0.0,0.0,-232687.837890121,39.2773886428972,0.0,2.56150960922241e-05,0.0,0.0,0.0,541.0,0.0,94.0,0.0,0.0,0.0,0.0,-232687.837890121,-232687.837890121,0.8296144803753123,3.5653411456271576e-06,empeora,-154.0224682505068,DIFIERE,10000.0,113,/clusteruy/home/mathiasr/generator-aware-row-scaling/results-revision/r5-ablation/sgtm-gurobi-01pct/resultados/instance011_estructurado_matricial.csv,/clusteruy/home/mathiasr/generator-aware-row-scaling/results-revision/r5-ablation/sgtm-gurobi-01pct/resultados/instance011_estructurado_matricial_postprocesado.csv,/clusteruy/home/mathiasr/generator-aware-row-scaling/results-revision/r5-ablation/sgtm-gurobi-01pct/logs/instance011_estructurado_matricial.log
instance011.txt,matricial_solo_local,OK,0,6.132430287,0.066549280845565,-232687.83789012092,-232688.0,OPTIMAL,-232842.6899728519,2173.0,66530.0,0.12,10080.0,6120.0,22679.0,8688.0,5590.0,20948.0,13.80952380952381,8.660130718954248,7.632611667181092,1,Model contains large bounds,9e-06,100000.0,0.0005,100.0,20.0,40000000.0,1.0,4000000000.0,0.0006666666666666665,1.0,0.004,1.0,20700000000000.0,4283000000000.0,1.0,1.0,0.046927262,6.179357549,8.90232276553232,8.90232276553232,8.834716767738213,0.046927262,0.007652310715945689,-0.066549280845565,0.8296144804626238,3.5653411460023865e-06,1.0,4.297581750748854e-06,0.0006666666666666665,0.20690821256038647,169276.0,,0.08765949512747626,5.0,,0.0,4.0,5.0,12.679746,0.328731062721346,,,,,,,,OK,REVISAR,5.43892383575439e-07,0.0,8.731149137020111e-11,39.2773886428972,0.0,3.52664844536602e-09,8.14681655469911e-14,1.27051025629042e-07,1.47792889038101e-12,0.220959122979317,0.00632195516246002,7.78710224026877,9.50903958146057,3.69482222595252e-13,0.0,5.43892383575439e-07,0.0,0.0,0.0,0.0,0.0,0.0,0.0,0.0,0.0,0.0,-232687.837890121,39.2773886428972,0.0,2.56150960922241e-05,0.0,0.0,0.0,541.0,0.0,94.0,0.0,0.0,0.0,0.0,-232687.837890121,-232687.837890121,0.8296144803753123,3.5653411456271576e-06,empeora,-154.0224682505068,DIFIERE,10000.0,113,/clusteruy/home/mathiasr/generator-aware-row-scaling/results-revision/r5-ablation/sgtm-gurobi-01pct/resultados/instance011_matricial_solo_local.csv,/clusteruy/home/mathiasr/generator-aware-row-scaling/results-revision/r5-ablation/sgtm-gurobi-01pct/resultados/instance011_matricial_solo_local_postprocesado.csv,/clusteruy/home/mathiasr/generator-aware-row-scaling/results-revision/r5-ablation/sgtm-gurobi-01pct/logs/instance011_matricial_solo_local.log
instance011.txt,matricial_solo_acoplamiento,OK,0,57.864886522,0.0,-232688.66750460138,-232689.0,OPTIMAL,-232688.66750460138,28301.0,1405640.0,0.12,10080.0,6120.0,22679.0,8688.0,5590.0,20948.0,13.80952380952381,8.660130718954248,7.632611667181092,3,Model contains large bounds | Model contains large matrix coefficient range | Model contains large rhs,0.0006,10000000000.0,0.0005,100.0,20.0,10000000000.0,1.0,4000000000.0,1.0,1.0,1.0,1.0,20700000000000.0,20700000000000.0,1.0,1.0,0.041083661,57.905970183,0.9434542610092912,0.9434542610092912,0.9427848903916188,0.041083661,0.0007099929416500308,0.0,0.0,0.0,0.0,0.0,1.0,1.0,1931063.0,,1.0000000451295499,63.0,,1.0,3.0,63.0,1.0063290476190476,0.990550457418268,,,,,,,,OK,REVISAR,2.38418579101562e-07,0.0,3.7834979593753815e-10,39.2773886428973,0.0,2.36138601165727e-09,5.6843418860808e-14,8.5681676864624e-08,1.64845914696343e-12,0.220956713408976,0.00652575103890964,7.78710224026882,9.50903958146063,4.2632564145606e-13,0.0,2.38418579101562e-07,0.0,0.0,0.0,0.0,0.0,0.0,0.0,0.0,0.0,0.0,-232688.667504601,39.2773886428973,0.0,2.56188213825226e-05,0.0,0.0,0.0,542.0,0.0,94.0,0.0,0.0,0.0,0.0,-232688.667504601,-232688.667504601,3.7834979593753815e-10,1.6259915018425053e-15,igual,0.0,OK,0.0,0,/clusteruy/home/mathiasr/generator-aware-row-scaling/results-revision/r5-ablation/sgtm-gurobi-01pct/resultados/instance011_matricial_solo_acoplamiento.csv,/clusteruy/home/mathiasr/generator-aware-row-scaling/results-revision/r5-ablation/sgtm-gurobi-01pct/resultados/instance011_matricial_solo_acoplamiento_postprocesado.csv,/clusteruy/home/mathiasr/generator-aware-row-scaling/results-revision/r5-ablation/sgtm-gurobi-01pct/logs/instance011_matricial_solo_acoplamiento.log
instance012.txt,base,OK,0,50.377970115,0.0,121231.38818528669,121231.0,OPTIMAL,121231.38818528669,16536.0,1843831.0,0.13,10080.0,6120.0,22679.0,8855.0,5631.0,21045.0,12.152777777777779,7.990196078431373,7.204903214427444,3,Model contains large bounds | Model contains large matrix coefficient range | Model contains large rhs,0.0007,9000000000.0,1.0,100.0,20.0,6000000000.0,1.0,4000000000.0,,,,,,,,,0.0,50.377970115,1.0,1.0,1.0,0.0,0.0,0.0,,,0.0,,,,186308463.088889,,,56.569292,,0.994719,2.499497,56.569292,1.0,0.954682578342844,,,,,,,,BASE,BASE,,,,,,1.82384325666776e-09,2.8421709430404e-14,7.82310962677002e-08,2.44426701101474e-12,1.97574894895385,8.04336741566636e-06,72.6448106064376,105.708212059501,7.38964445190504e-13,0.0,2.34693288803101e-07,0.0,0.0,0.0,0.0,0.0,0.0,0.0,0.0,0.0,0.0,121231.388185287,244.69859533819,0.0,0.000167116522789001,0.0,0.0,0.0,394.0,0.0,131.0,0.0,0.0,0.0,0.0,121231.388185287,,,,,,BASE,0.0,0,/clusteruy/home/mathiasr/generator-aware-row-scaling/results-revision/r5-ablation/sgtm-gurobi-01pct/resultados/instance012_base.csv,/clusteruy/home/mathiasr/generator-aware-row-scaling/results-revision/r5-ablation/sgtm-gurobi-01pct/resultados/instance012_base_postprocesado.csv,/clusteruy/home/mathiasr/generator-aware-row-scaling/results-revision/r5-ablation/sgtm-gurobi-01pct/logs/instance012_base.log
instance012.txt,estructurado,OK,0,1.155549692,0.0,121231.38818528684,121231.0,OPTIMAL,121231.38818528684,1.0,10039.0,0.13,10080.0,6120.0,22679.0,8855.0,5631.0,21045.0,12.152777777777779,7.990196078431373,7.204903214427444,1,Model contains large bounds,1e-05,90000.0,1.0,100.0,10.0,4000000.0,1.0,4000000000.0,0.0007,1.0,0.0013333333333333333,1.0,12010000000000.0,328200000000.0,1.0,1.118,0.047181565,1.202731257,43.59654151073929,43.59654151073929,41.88630653921718,0.047181565,0.040830407663680124,0.0,1.4551915228366852e-10,1.2003422089109553e-15,0.0,0.0,0.0007,0.02732722731057452,1582281.0,,0.00849280260148506,1.0,,0.0,1.0,1.0,56.569292,0.663410724344346,,,,,,,,OK,REVISAR,4.76837158203125e-07,0.0,1.6007106751203537e-10,262.991887149376,0.0,4.39301901800082e-09,8.5265128291212e-14,1.71363353729248e-07,3.5171865420125e-13,2.21662365598917,0.000151615962386125,60.2147111886446,105.002783572929,2.27373675443232e-13,0.0,4.76837158203125e-07,0.0,0.0,0.0,0.0,0.0,0.0,0.0,0.0,0.0,0.0,121231.388185287,262.991887149376,0.0,0.000167593359947205,0.0,0.0,0.0,476.0,0.0,130.0,0.0,0.0,0.0,0.0,121231.388185287,121231.388185287,3.055902197957039e-10,2.520718638713006e-15,igual,1.4551915228366852e-10,DIFIERE,353670000.0,834,/clusteruy/home/mathiasr/generator-aware-row-scaling/results-revision/r5-ablation/sgtm-gurobi-01pct/resultados/instance012_estructurado.csv,/clusteruy/home/mathiasr/generator-aware-row-scaling/results-revision/r5-ablation/sgtm-gurobi-01pct/resultados/instance012_estructurado_postprocesado.csv,/clusteruy/home/mathiasr/generator-aware-row-scaling/results-revision/r5-ablation/sgtm-gurobi-01pct/logs/instance012_estructurado.log
instance012.txt,estructurado_solo_local,OK,0,1.142989023,0.0,121231.38818528684,121231.0,OPTIMAL,121231.38818528684,1.0,10039.0,0.13,10080.0,6120.0,22679.0,8855.0,5631.0,21045.0,12.152777777777779,7.990196078431373,7.204903214427444,1,Model contains large bounds,1e-05,90000.0,1.0,100.0,10.0,4000000.0,1.0,4000000000.0,0.0007,1.0,0.0013333333333333333,1.0,12010000000000.0,328200000000.0,1.0,1.118,0.046412604,1.1894016269999999,44.0756377368989,44.0756377368989,42.35572658670998,0.046412604,0.04060634272600534,0.0,1.4551915228366852e-10,1.2003422089109553e-15,0.0,0.0,0.0007,0.02732722731057452,1582281.0,,0.00849280260148506,1.0,,0.0,1.0,1.0,56.569292,0.664184921019747,,,,,,,,OK,REVISAR,4.76837158203125e-07,0.0,1.6007106751203537e-10,262.991887149376,0.0,4.39301901800082e-09,8.5265128291212e-14,1.71363353729248e-07,3.5171865420125e-13,2.21662365598917,0.000151615962386125,60.2147111886446,105.002783572929,2.27373675443232e-13,0.0,4.76837158203125e-07,0.0,0.0,0.0,0.0,0.0,0.0,0.0,0.0,0.0,0.0,121231.388185287,262.991887149376,0.0,0.000167593359947205,0.0,0.0,0.0,476.0,0.0,130.0,0.0,0.0,0.0,0.0,121231.388185287,121231.388185287,3.055902197957039e-10,2.520718638713006e-15,igual,1.4551915228366852e-10,DIFIERE,353670000.0,834,/clusteruy/home/mathiasr/generator-aware-row-scaling/results-revision/r5-ablation/sgtm-gurobi-01pct/resultados/instance012_estructurado_solo_local.csv,/clusteruy/home/mathiasr/generator-aware-row-scaling/results-revision/r5-ablation/sgtm-gurobi-01pct/resultados/instance012_estructurado_solo_local_postprocesado.csv,/clusteruy/home/mathiasr/generator-aware-row-scaling/results-revision/r5-ablation/sgtm-gurobi-01pct/logs/instance012_estructurado_solo_local.log
instance012.txt,estructurado_solo_acoplamiento,OK,0,48.669427844,0.0,121231.38818528669,121231.0,OPTIMAL,121231.38818528669,16536.0,1843831.0,0.12,10080.0,6120.0,22679.0,8855.0,5631.0,21045.0,12.152777777777779,7.990196078431373,7.204903214427444,3,Model contains large bounds | Model contains large matrix coefficient range | Model contains large rhs,0.0007,9000000000.0,1.0,100.0,20.0,6000000000.0,1.0,4000000000.0,1.0,1.0,1.0,1.0,12010000000000.0,12010000000000.0,1.0,1.0,0.040168796,48.70959664,1.0351050412278604,1.0351050412278604,1.0342514327788528,0.040168796,0.0008253393922926924,0.0,0.0,0.0,0.0,0.0,1.0,1.0,186308463.0,,0.9999999995228934,57.0,,1.0,3.0,57.0,0.9924437192982456,0.953188562786498,,,,,,,,OK,REVISAR,2.34693288803101e-07,0.0,3.055902197957039e-10,244.69859533819,0.0,1.82384325666776e-09,2.8421709430404e-14,7.82310962677002e-08,2.44426701101474e-12,1.97574894895385,8.04336741566636e-06,72.6448106064376,105.708212059501,7.38964445190504e-13,0.0,2.34693288803101e-07,0.0,0.0,0.0,0.0,0.0,0.0,0.0,0.0,0.0,0.0,121231.388185287,244.69859533819,0.0,0.000167116522789001,0.0,0.0,0.0,394.0,0.0,131.0,0.0,0.0,0.0,0.0,121231.388185287,121231.388185287,3.055902197957039e-10,2.520718638713006e-15,igual,0.0,OK,0.0,0,/clusteruy/home/mathiasr/generator-aware-row-scaling/results-revision/r5-ablation/sgtm-gurobi-01pct/resultados/instance012_estructurado_solo_acoplamiento.csv,/clusteruy/home/mathiasr/generator-aware-row-scaling/results-revision/r5-ablation/sgtm-gurobi-01pct/resultados/instance012_estructurado_solo_acoplamiento_postprocesado.csv,/clusteruy/home/mathiasr/generator-aware-row-scaling/results-revision/r5-ablation/sgtm-gurobi-01pct/logs/instance012_estructurado_solo_acoplamiento.log
instance012.txt,estructurado_matricial,OK,0,3.463733583,0.0,121231.38818528684,121231.0,OPTIMAL,121231.3881852868,1098.0,47052.0,0.13,10080.0,6120.0,22679.0,8855.0,5631.0,21045.0,12.152777777777779,7.990196078431373,7.204903214427444,1,Model contains large bounds,1e-05,90000.0,1.0,100.0,20.0,40000000.0,1.0,4000000000.0,0.0007,1.0,0.006666666666666667,1.0,12010000000000.0,4198000000000.0,1.0,1.0,0.047978955,3.511712538,14.544412527064729,14.544412527064729,14.34569873526476,0.047978955,0.013851802931807645,0.0,1.4551915228366852e-10,1.2003422089109553e-15,0.0,0.0,0.0007,0.3495420482930891,11764297.0,,0.06314419004351496,3.0,,1.0,3.0,3.0,18.856430666666665,0.703286859756274,,,,,,,,OK,REVISAR,6.8172812461853e-07,0.0,1.6007106751203537e-10,164.212361503184,0.0,4.23687446053182e-09,1.06581410364015e-13,1.63912773132324e-07,3.03757019537443e-13,0.620536938525912,1.20386481285094e-05,18.9508282689161,105.708212059501,2.27373675443232e-13,0.0,6.8172812461853e-07,0.0,0.0,0.0,0.0,0.0,0.0,0.0,0.0,0.0,0.0,121231.388185287,164.212361503184,0.0,0.000167116522789001,0.0,0.0,0.0,444.0,0.0,115.0,0.0,0.0,0.0,0.0,121231.388185287,121231.388185287,3.055902197957039e-10,2.520718638713006e-15,igual,1.1641532182693481e-10,DIFIERE,408080000.0,998,/clusteruy/home/mathiasr/generator-aware-row-scaling/results-revision/r5-ablation/sgtm-gurobi-01pct/resultados/instance012_estructurado_matricial.csv,/clusteruy/home/mathiasr/generator-aware-row-scaling/results-revision/r5-ablation/sgtm-gurobi-01pct/resultados/instance012_estructurado_matricial_postprocesado.csv,/clusteruy/home/mathiasr/generator-aware-row-scaling/results-revision/r5-ablation/sgtm-gurobi-01pct/logs/instance012_estructurado_matricial.log
instance012.txt,matricial_solo_local,OK,0,5.50107834,0.0,121231.38818528684,121231.0,OPTIMAL,121231.3881852868,1098.0,47052.0,0.13,10080.0,6120.0,22679.0,8855.0,5631.0,21045.0,12.152777777777779,7.990196078431373,7.204903214427444,1,Model contains large bounds,1e-05,90000.0,1.0,100.0,20.0,40000000.0,1.0,4000000000.0,0.0007,1.0,0.006666666666666667,1.0,12010000000000.0,4198000000000.0,1.0,1.0,0.047132678,5.548211018,9.157835428135348,9.157835428135348,9.080038583889348,0.047132678,0.00856789798052576,0.0,1.4551915228366852e-10,1.2003422089109553e-15,0.0,0.0,0.0007,0.3495420482930891,11764297.0,,0.06314419004351496,3.0,,1.0,5.0,3.0,18.856430666666665,0.438444679500115,,,,,,,,OK,REVISAR,6.8172812461853e-07,0.0,1.6007106751203537e-10,164.212361503184,0.0,4.23687446053182e-09,1.06581410364015e-13,1.63912773132324e-07,3.03757019537443e-13,0.620536938525912,1.20386481285094e-05,18.9508282689161,105.708212059501,2.27373675443232e-13,0.0,6.8172812461853e-07,0.0,0.0,0.0,0.0,0.0,0.0,0.0,0.0,0.0,0.0,121231.388185287,164.212361503184,0.0,0.000167116522789001,0.0,0.0,0.0,444.0,0.0,115.0,0.0,0.0,0.0,0.0,121231.388185287,121231.388185287,3.055902197957039e-10,2.520718638713006e-15,igual,1.1641532182693481e-10,DIFIERE,408080000.0,998,/clusteruy/home/mathiasr/generator-aware-row-scaling/results-revision/r5-ablation/sgtm-gurobi-01pct/resultados/instance012_matricial_solo_local.csv,/clusteruy/home/mathiasr/generator-aware-row-scaling/results-revision/r5-ablation/sgtm-gurobi-01pct/resultados/instance012_matricial_solo_local_postprocesado.csv,/clusteruy/home/mathiasr/generator-aware-row-scaling/results-revision/r5-ablation/sgtm-gurobi-01pct/logs/instance012_matricial_solo_local.log
instance012.txt,matricial_solo_acoplamiento,OK,0,46.688256437,0.0,121231.38818528669,121231.0,OPTIMAL,121231.38818528669,16536.0,1843831.0,0.13,10080.0,6120.0,22679.0,8855.0,5631.0,21045.0,12.152777777777779,7.990196078431373,7.204903214427444,3,Model contains large bounds | Model contains large matrix coefficient range | Model contains large rhs,0.0007,9000000000.0,1.0,100.0,20.0,6000000000.0,1.0,4000000000.0,1.0,1.0,1.0,1.0,12010000000000.0,12010000000000.0,1.0,1.0,0.040928931,46.729185368,1.079028731410838,1.079028731410838,1.0780836369875746,0.040928931,0.0008766429531423712,0.0,0.0,0.0,0.0,0.0,1.0,1.0,186308463.0,,0.9999999995228934,57.0,,1.0,5.0,57.0,0.9924437192982456,0.907941560798517,,,,,,,,OK,REVISAR,2.34693288803101e-07,0.0,3.055902197957039e-10,244.69859533819,0.0,1.82384325666776e-09,2.8421709430404e-14,7.82310962677002e-08,2.44426701101474e-12,1.97574894895385,8.04336741566636e-06,72.6448106064376,105.708212059501,7.38964445190504e-13,0.0,2.34693288803101e-07,0.0,0.0,0.0,0.0,0.0,0.0,0.0,0.0,0.0,0.0,121231.388185287,244.69859533819,0.0,0.000167116522789001,0.0,0.0,0.0,394.0,0.0,131.0,0.0,0.0,0.0,0.0,121231.388185287,121231.388185287,3.055902197957039e-10,2.520718638713006e-15,igual,0.0,OK,0.0,0,/clusteruy/home/mathiasr/generator-aware-row-scaling/results-revision/r5-ablation/sgtm-gurobi-01pct/resultados/instance012_matricial_solo_acoplamiento.csv,/clusteruy/home/mathiasr/generator-aware-row-scaling/results-revision/r5-ablation/sgtm-gurobi-01pct/resultados/instance012_matricial_solo_acoplamiento_postprocesado.csv,/clusteruy/home/mathiasr/generator-aware-row-scaling/results-revision/r5-ablation/sgtm-gurobi-01pct/logs/instance012_matricial_solo_acoplamiento.log
instance014.txt,base,OK,0,0.461604565,0.009590170879321,237202.92045664994,237203.0,OPTIMAL,237180.1722912474,1.0,8117.0,0.11,10080.0,6120.0,22679.0,8796.0,5659.0,21593.0,12.738095238095237,7.532679738562091,4.788570924643944,3,Model contains large bounds | Model contains large matrix coefficient range | Model contains large rhs,0.0005,4000000000.0,1.0,100.0,30.0,3000000000.0,1.0,4000000000.0,,,,,,,,,0.0,0.461604565,1.0,1.0,1.0,0.0,0.0,0.0,,,0.0,,,,43677354.404301,,,0.398084,,0.166459,0.416129,0.398084,1.0,0.345567261760991,,,,,,,,BASE,BASE,,,,,,6.05364756878664e-10,0.0,8.67321325867424e-12,3.47588624549644e-11,1.75232522780574,0.000167116522789001,72.6996405006571,72.6996405006571,3.47588624549644e-11,0.0,1.15483999252319e-07,0.0,4.21205186285079e-08,0.0,0.0,0.0,0.0,0.0,0.0,0.0,0.0,237202.92045665,161.347332683622,0.0,0.000167116522789001,0.0,4.21205186285079e-08,0.0,492.0,0.0,212.0,0.0,0.0,0.0,0.0,237202.92045665,,,,,,BASE,0.0,0,/clusteruy/home/mathiasr/generator-aware-row-scaling/results-revision/r5-ablation/sgtm-gurobi-01pct/resultados/instance014_base.csv,/clusteruy/home/mathiasr/generator-aware-row-scaling/results-revision/r5-ablation/sgtm-gurobi-01pct/resultados/instance014_base_postprocesado.csv,/clusteruy/home/mathiasr/generator-aware-row-scaling/results-revision/r5-ablation/sgtm-gurobi-01pct/logs/instance014_base.log
instance014.txt,estructurado,OK,0,0.406623706,4.9e-14,237180.1722912473,237180.0,OPTIMAL,237180.17229124717,1.0,7102.0,0.12,10080.0,6120.0,22679.0,8796.0,5659.0,21593.0,12.738095238095237,7.532679738562091,4.788570924643944,1,Model contains large bounds,2e-05,70000.0,1.0,100.0,10.0,4000000.0,1.0,4000000000.0,0.00043749999999999995,1.0,0.004,1.0,8348000000000.0,232100000000.0,1.0,1.118,0.046498188,0.45312189399999997,1.135213117653303,1.135213117653303,1.0187205057012763,0.046498188,0.11435188680317622,0.009590170879272,-22.748165402648738,-9.590170879369963e-05,-23.0,-9.696336049712693e-05,0.00043749999999999995,0.02780306660277911,457186.0,,0.010467346436966885,0.0,,,,0.0,,0.34435638058002,,,,,,,,OK,REVISAR,4.48226928710938e-05,0.0,2.9103830456733704e-10,186.520905494134,0.0,1.15739027944928e-08,2.8421709430404e-14,1.44597142934794e-07,8.8883122307615e-13,1.16450215992197,1.04538796518202,41.6927836974652,72.6996405006571,2.27373675443232e-13,0.0,4.48226928710938e-05,0.0,0.0,0.0,0.0,0.0,7.0,0.0,0.0,0.0,0.0,237180.172291247,186.520905494134,0.0,0.000167593359947205,0.0,0.0,0.0,586.0,0.0,188.0,0.0,0.0,0.0,0.0,237180.172291247,237180.172291247,-22.748165402939776,9.590170879492658e-05,mejora,-2.3283064365386963e-10,DIFIERE,724120000.0,1359,/clusteruy/home/mathiasr/generator-aware-row-scaling/results-revision/r5-ablation/sgtm-gurobi-01pct/resultados/instance014_estructurado.csv,/clusteruy/home/mathiasr/generator-aware-row-scaling/results-revision/r5-ablation/sgtm-gurobi-01pct/resultados/instance014_estructurado_postprocesado.csv,/clusteruy/home/mathiasr/generator-aware-row-scaling/results-revision/r5-ablation/sgtm-gurobi-01pct/logs/instance014_estructurado.log
instance014.txt,estructurado_solo_local,OK,0,0.404947204,4.9e-14,237180.1722912473,237180.0,OPTIMAL,237180.17229124717,1.0,7102.0,0.12,10080.0,6120.0,22679.0,8796.0,5659.0,21593.0,12.738095238095237,7.532679738562091,4.788570924643944,1,Model contains large bounds,2e-05,70000.0,1.0,100.0,10.0,4000000.0,1.0,4000000000.0,0.00043749999999999995,1.0,0.004,1.0,8348000000000.0,232100000000.0,1.0,1.118,0.046283851,0.451231055,1.1399129576407694,1.1399129576407694,1.0229893529823653,0.046283851,0.11429601326497861,0.009590170879272,-22.748165402648738,-9.590170879369963e-05,-23.0,-9.696336049712693e-05,0.00043749999999999995,0.02780306660277911,457186.0,,0.010467346436966885,0.0,,,,0.0,,0.343235879116403,,,,,,,,OK,REVISAR,4.48226928710938e-05,0.0,2.9103830456733704e-10,186.520905494134,0.0,1.15739027944928e-08,2.8421709430404e-14,1.44597142934794e-07,8.8883122307615e-13,1.16450215992197,1.04538796518202,41.6927836974652,72.6996405006571,2.27373675443232e-13,0.0,4.48226928710938e-05,0.0,0.0,0.0,0.0,0.0,7.0,0.0,0.0,0.0,0.0,237180.172291247,186.520905494134,0.0,0.000167593359947205,0.0,0.0,0.0,586.0,0.0,188.0,0.0,0.0,0.0,0.0,237180.172291247,237180.172291247,-22.748165402939776,9.590170879492658e-05,mejora,-2.3283064365386963e-10,DIFIERE,724120000.0,1359,/clusteruy/home/mathiasr/generator-aware-row-scaling/results-revision/r5-ablation/sgtm-gurobi-01pct/resultados/instance014_estructurado_solo_local.csv,/clusteruy/home/mathiasr/generator-aware-row-scaling/results-revision/r5-ablation/sgtm-gurobi-01pct/resultados/instance014_estructurado_solo_local_postprocesado.csv,/clusteruy/home/mathiasr/generator-aware-row-scaling/results-revision/r5-ablation/sgtm-gurobi-01pct/logs/instance014_estructurado_solo_local.log
instance014.txt,estructurado_solo_acoplamiento,OK,0,0.469340213,0.009590170879321,237202.92045664994,237203.0,OPTIMAL,237180.1722912474,1.0,8117.0,0.12,10080.0,6120.0,22679.0,8796.0,5659.0,21593.0,12.738095238095237,7.532679738562091,4.788570924643944,3,Model contains large bounds | Model contains large matrix coefficient range | Model contains large rhs,0.0005,4000000000.0,1.0,100.0,30.0,3000000000.0,1.0,4000000000.0,1.0,1.0,1.0,1.0,8348000000000.0,8348000000000.0,1.0,1.0,0.040247084,0.509587297,0.9835180370534328,0.9835180370534328,0.905840015474326,0.040247084,0.08575247312124094,0.0,0.0,0.0,0.0,0.0,1.0,1.0,43677354.0,,0.999999990743464,0.0,,0.0,0.0,0.0,,0.343865518572959,,,,,,,,OK,REVISAR,1.15483999252319e-07,0.0,5.820766091346741e-11,161.347332683622,0.0,6.05364756878664e-10,0.0,8.67321325867424e-12,3.47588624549644e-11,1.75232522780574,0.000167116522789001,72.6996405006571,72.6996405006571,3.47588624549644e-11,0.0,1.15483999252319e-07,0.0,4.21205186285079e-08,0.0,0.0,0.0,0.0,0.0,0.0,0.0,0.0,237202.92045665,161.347332683622,0.0,0.000167116522789001,0.0,4.21205186285079e-08,0.0,492.0,0.0,212.0,0.0,0.0,0.0,0.0,237202.92045665,237202.92045665,5.820766091346741e-11,2.4539183919577903e-16,igual,0.0,OK,0.0,0,/clusteruy/home/mathiasr/generator-aware-row-scaling/results-revision/r5-ablation/sgtm-gurobi-01pct/resultados/instance014_estructurado_solo_acoplamiento.csv,/clusteruy/home/mathiasr/generator-aware-row-scaling/results-revision/r5-ablation/sgtm-gurobi-01pct/resultados/instance014_estructurado_solo_acoplamiento_postprocesado.csv,/clusteruy/home/mathiasr/generator-aware-row-scaling/results-revision/r5-ablation/sgtm-gurobi-01pct/logs/instance014_estructurado_solo_acoplamiento.log
instance014.txt,estructurado_matricial,OK,0,0.442341909,0.0,237180.1722912473,237180.0,OPTIMAL,237180.1722912473,1.0,7763.0,0.12,10080.0,6120.0,22679.0,8796.0,5659.0,21593.0,12.738095238095237,7.532679738562091,4.788570924643944,1,Model contains large bounds,2e-05,70000.0,1.0,100.0,30.0,30000000.0,1.0,4000000000.0,0.00043749999999999995,1.0,0.01,1.0,8348000000000.0,1992000000000.0,1.0,1.0,0.048958794,0.49130070299999995,1.0435469839236962,1.0435469839236962,0.9395560848607214,0.048958794,0.11068088508882391,0.009590170879321,-22.748165402648738,-9.590170879369963e-05,-23.0,-9.696336049712693e-05,0.00043749999999999995,0.23862002874940105,1184951.0,,0.027129642263390277,0.0,,,,0.0,,0.324640780005951,,,,,,,,OK,REVISAR,1.9073486328125e-06,0.0,2.9103830456733704e-10,72.6996405006571,0.0,2.41289932736029e-09,2.1316282072803e-14,7.26431608200073e-08,1.42861722451926e-09,0.516698619048249,0.208997258616922,17.5189694937071,72.6996405006571,1.20508047984913e-11,0.0,1.9073486328125e-06,0.0,1.82870280696079e-07,0.0,0.0,0.0,1.0,0.0,0.0,0.0,0.0,237180.172291247,72.6996405006571,0.0,0.000167116522789001,0.0,1.82870280696079e-07,0.0,720.0,0.0,142.0,0.0,0.0,0.0,0.0,237180.172291247,237180.172291247,-22.748165402939776,9.590170879492658e-05,mejora,-1.1641532182693481e-10,DIFIERE,910970000.0,1987,/clusteruy/home/mathiasr/generator-aware-row-scaling/results-revision/r5-ablation/sgtm-gurobi-01pct/resultados/instance014_estructurado_matricial.csv,/clusteruy/home/mathiasr/generator-aware-row-scaling/results-revision/r5-ablation/sgtm-gurobi-01pct/resultados/instance014_estructurado_matricial_postprocesado.csv,/clusteruy/home/mathiasr/generator-aware-row-scaling/results-revision/r5-ablation/sgtm-gurobi-01pct/logs/instance014_estructurado_matricial.log
instance014.txt,matricial_solo_local,OK,0,0.442542088,0.0,237180.1722912473,237180.0,OPTIMAL,237180.1722912473,1.0,7763.0,0.12,10080.0,6120.0,22679.0,8796.0,5659.0,21593.0,12.738095238095237,7.532679738562091,4.788570924643944,1,Model contains large bounds,2e-05,70000.0,1.0,100.0,30.0,30000000.0,1.0,4000000000.0,0.00043749999999999995,1.0,0.01,1.0,8348000000000.0,1992000000000.0,1.0,1.0,0.047264193,0.489806281,1.0430749470319307,1.0430749470319307,0.9424227146650249,0.047264193,0.10680157725472657,0.009590170879321,-22.748165402648738,-9.590170879369963e-05,-23.0,-9.696336049712693e-05,0.00043749999999999995,0.23862002874940105,1184951.0,,0.027129642263390277,0.0,,,,0.0,,0.32621186313693,,,,,,,,OK,REVISAR,1.9073486328125e-06,0.0,2.9103830456733704e-10,72.6996405006571,0.0,2.41289932736029e-09,2.1316282072803e-14,7.26431608200073e-08,1.42861722451926e-09,0.516698619048249,0.208997258616922,17.5189694937071,72.6996405006571,1.20508047984913e-11,0.0,1.9073486328125e-06,0.0,1.82870280696079e-07,0.0,0.0,0.0,1.0,0.0,0.0,0.0,0.0,237180.172291247,72.6996405006571,0.0,0.000167116522789001,0.0,1.82870280696079e-07,0.0,720.0,0.0,142.0,0.0,0.0,0.0,0.0,237180.172291247,237180.172291247,-22.748165402939776,9.590170879492658e-05,mejora,-1.1641532182693481e-10,DIFIERE,910970000.0,1987,/clusteruy/home/mathiasr/generator-aware-row-scaling/results-revision/r5-ablation/sgtm-gurobi-01pct/resultados/instance014_matricial_solo_local.csv,/clusteruy/home/mathiasr/generator-aware-row-scaling/results-revision/r5-ablation/sgtm-gurobi-01pct/resultados/instance014_matricial_solo_local_postprocesado.csv,/clusteruy/home/mathiasr/generator-aware-row-scaling/results-revision/r5-ablation/sgtm-gurobi-01pct/logs/instance014_matricial_solo_local.log
instance014.txt,matricial_solo_acoplamiento,OK,0,0.460783638,0.009590170879321,237202.92045664994,237203.0,OPTIMAL,237180.1722912474,1.0,8117.0,0.11,10080.0,6120.0,22679.0,8796.0,5659.0,21593.0,12.738095238095237,7.532679738562091,4.788570924643944,3,Model contains large bounds | Model contains large matrix coefficient range | Model contains large rhs,0.0005,4000000000.0,1.0,100.0,30.0,3000000000.0,1.0,4000000000.0,1.0,1.0,1.0,1.0,8348000000000.0,8348000000000.0,1.0,1.0,0.041170683,0.501954321,1.0017815888679624,1.0017815888679624,0.9196146854167633,0.041170683,0.08934927285764431,0.0,0.0,0.0,0.0,0.0,1.0,1.0,43677354.0,,0.999999990743464,0.0,,0.0,0.0,0.0,,0.345534447292467,,,,,,,,OK,REVISAR,1.15483999252319e-07,0.0,5.820766091346741e-11,161.347332683622,0.0,6.05364756878664e-10,0.0,8.67321325867424e-12,3.47588624549644e-11,1.75232522780574,0.000167116522789001,72.6996405006571,72.6996405006571,3.47588624549644e-11,0.0,1.15483999252319e-07,0.0,4.21205186285079e-08,0.0,0.0,0.0,0.0,0.0,0.0,0.0,0.0,237202.92045665,161.347332683622,0.0,0.000167116522789001,0.0,4.21205186285079e-08,0.0,492.0,0.0,212.0,0.0,0.0,0.0,0.0,237202.92045665,237202.92045665,5.820766091346741e-11,2.4539183919577903e-16,igual,0.0,OK,0.0,0,/clusteruy/home/mathiasr/generator-aware-row-scaling/results-revision/r5-ablation/sgtm-gurobi-01pct/resultados/instance014_matricial_solo_acoplamiento.csv,/clusteruy/home/mathiasr/generator-aware-row-scaling/results-revision/r5-ablation/sgtm-gurobi-01pct/resultados/instance014_matricial_solo_acoplamiento_postprocesado.csv,/clusteruy/home/mathiasr/generator-aware-row-scaling/results-revision/r5-ablation/sgtm-gurobi-01pct/logs/instance014_matricial_solo_acoplamiento.log
instance019.txt,base,OK,0,0.268686358,0.0,0.0,0.0,OPTIMAL,0.0,1.0,7160.0,0.11,10080.0,6120.0,22679.0,8634.0,5617.0,20716.0,14.345238095238095,8.218954248366012,8.655584461396005,3,Model contains large bounds | Model contains large matrix coefficient range | Model contains large rhs,0.0007,10000000000.0,1.0,100.0,10.0,7000000000.0,1.0,4000000000.0,,,,,,,,,0.0,0.268686358,1.0,1.0,1.0,0.0,0.0,0.0,,,0.0,,,,256926.212428,,,0.223622,,,,0.223622,1.0,0.402071241505177,,,,,,,,BASE,BASE,,,,,,3.3372599710157e-10,0.0,4.11644577979879e-09,3.12638803734444e-13,1.42252521399986,1.13686837721616e-13,103.124740761068,103.124740761068,1.13686837721616e-13,0.0,5.96046447753906e-08,0.0,0.0,0.0,0.0,0.0,0.0,0.0,0.0,0.0,0.0,0.0,103.124740761068,0.0,0.000167116522789001,0.0,0.0,0.0,144.0,0.0,177.0,0.0,0.0,0.0,0.0,0.0,,,,,,BASE,0.0,0,/clusteruy/home/mathiasr/generator-aware-row-scaling/results-revision/r5-ablation/sgtm-gurobi-01pct/resultados/instance019_base.csv,/clusteruy/home/mathiasr/generator-aware-row-scaling/results-revision/r5-ablation/sgtm-gurobi-01pct/resultados/instance019_base_postprocesado.csv,/clusteruy/home/mathiasr/generator-aware-row-scaling/results-revision/r5-ablation/sgtm-gurobi-01pct/logs/instance019_base.log
instance019.txt,estructurado,OK,0,0.242741827,0.0,0.0,0.0,OPTIMAL,0.0,1.0,4696.0,0.11,10080.0,6120.0,22679.0,8634.0,5617.0,20716.0,14.345238095238095,8.218954248366012,8.655584461396005,1,Model contains large bounds,1e-05,100000.0,1.0,100.0,10.0,3000000.0,1.0,4000000000.0,0.0007,1.0,0.00042857142857142855,1.0,13650000000000.0,253300000000.0,1.0,1.118,0.047171524,0.289913351,1.1068811721516787,1.1068811721516787,0.9267815955119639,0.047171524,0.19432795980397727,0.0,0.0,,0.0,,0.0007,0.018556776556776556,4423.0,,0.017215059367441866,0.0,,,,0.0,,0.297485722965132,,,,,,,,OK,REVISAR,7.26431608200073e-07,0.0,0.0,103.124740761069,0.0,3.38639420521902e-09,0.0,1.41561031341553e-07,2.8421709430404e-13,0.301706281155247,5.6843418860808e-14,7.37130541580935,103.124740761069,1.13686837721616e-13,0.0,7.26431608200073e-07,0.0,0.0,0.0,0.0,0.0,0.0,0.0,0.0,0.0,0.0,0.0,103.124740761069,0.0,0.000167116522789001,0.0,0.0,0.0,207.0,0.0,47.0,0.0,0.0,0.0,0.0,0.0,0.0,0.0,0.0,igual,0.0,DIFIERE,2372170000.0,1667,/clusteruy/home/mathiasr/generator-aware-row-scaling/results-revision/r5-ablation/sgtm-gurobi-01pct/resultados/instance019_estructurado.csv,/clusteruy/home/mathiasr/generator-aware-row-scaling/results-revision/r5-ablation/sgtm-gurobi-01pct/resultados/instance019_estructurado_postprocesado.csv,/clusteruy/home/mathiasr/generator-aware-row-scaling/results-revision/r5-ablation/sgtm-gurobi-01pct/logs/instance019_estructurado.log
instance019.txt,estructurado_solo_local,OK,0,0.239219352,0.0,0.0,0.0,OPTIMAL,0.0,1.0,4696.0,0.11,10080.0,6120.0,22679.0,8634.0,5617.0,20716.0,14.345238095238095,8.218954248366012,8.655584461396005,1,Model contains large bounds,1e-05,100000.0,1.0,100.0,10.0,3000000.0,1.0,4000000000.0,0.0007,1.0,0.00042857142857142855,1.0,13650000000000.0,253300000000.0,1.0,1.118,0.046888701,0.286108053,1.123179858793364,1.123179858793364,0.9391079879880209,0.046888701,0.19600713992403088,0.0,0.0,,0.0,,0.0007,0.018556776556776556,4423.0,,0.017215059367441866,0.0,,,,0.0,,0.299328607585938,,,,,,,,OK,REVISAR,7.26431608200073e-07,0.0,0.0,103.124740761069,0.0,3.38639420521902e-09,0.0,1.41561031341553e-07,2.8421709430404e-13,0.301706281155247,5.6843418860808e-14,7.37130541580935,103.124740761069,1.13686837721616e-13,0.0,7.26431608200073e-07,0.0,0.0,0.0,0.0,0.0,0.0,0.0,0.0,0.0,0.0,0.0,103.124740761069,0.0,0.000167116522789001,0.0,0.0,0.0,207.0,0.0,47.0,0.0,0.0,0.0,0.0,0.0,0.0,0.0,0.0,igual,0.0,DIFIERE,2372170000.0,1667,/clusteruy/home/mathiasr/generator-aware-row-scaling/results-revision/r5-ablation/sgtm-gurobi-01pct/resultados/instance019_estructurado_solo_local.csv,/clusteruy/home/mathiasr/generator-aware-row-scaling/results-revision/r5-ablation/sgtm-gurobi-01pct/resultados/instance019_estructurado_solo_local_postprocesado.csv,/clusteruy/home/mathiasr/generator-aware-row-scaling/results-revision/r5-ablation/sgtm-gurobi-01pct/logs/instance019_estructurado_solo_local.log
instance019.txt,estructurado_solo_acoplamiento,OK,0,0.268606896,0.0,0.0,0.0,OPTIMAL,0.0,1.0,7160.0,0.11,10080.0,6120.0,22679.0,8634.0,5617.0,20716.0,14.345238095238095,8.218954248366012,8.655584461396005,3,Model contains large bounds | Model contains large matrix coefficient range | Model contains large rhs,0.0007,10000000000.0,1.0,100.0,10.0,7000000000.0,1.0,4000000000.0,1.0,1.0,1.0,1.0,13650000000000.0,13650000000000.0,1.0,1.0,0.040092826,0.30869972199999995,1.0002958300817415,1.0002958300817415,0.8703809522705046,0.040092826,0.14926208744841757,0.0,0.0,,0.0,,1.0,1.0,256926.0,,0.9999991731945215,0.0,,,,0.0,,0.403718696972032,,,,,,,,OK,REVISAR,5.96046447753906e-08,0.0,0.0,103.124740761068,0.0,3.3372599710157e-10,0.0,4.11644577979879e-09,3.12638803734444e-13,1.42252521399986,1.13686837721616e-13,103.124740761068,103.124740761068,1.13686837721616e-13,0.0,5.96046447753906e-08,0.0,0.0,0.0,0.0,0.0,0.0,0.0,0.0,0.0,0.0,0.0,103.124740761068,0.0,0.000167116522789001,0.0,0.0,0.0,144.0,0.0,177.0,0.0,0.0,0.0,0.0,0.0,0.0,0.0,0.0,igual,0.0,OK,0.0,0,/clusteruy/home/mathiasr/generator-aware-row-scaling/results-revision/r5-ablation/sgtm-gurobi-01pct/resultados/instance019_estructurado_solo_acoplamiento.csv,/clusteruy/home/mathiasr/generator-aware-row-scaling/results-revision/r5-ablation/sgtm-gurobi-01pct/resultados/instance019_estructurado_solo_acoplamiento_postprocesado.csv,/clusteruy/home/mathiasr/generator-aware-row-scaling/results-revision/r5-ablation/sgtm-gurobi-01pct/logs/instance019_estructurado_solo_acoplamiento.log
instance019.txt,estructurado_matricial,OK,0,0.287486386,0.0,0.0,0.0,OPTIMAL,0.0,1.0,4525.0,0.11,10080.0,6120.0,22679.0,8634.0,5617.0,20716.0,14.345238095238095,8.218954248366012,8.655584461396005,1,Model contains large bounds,1e-05,100000.0,1.0,100.0,10.0,40000000.0,1.0,4000000000.0,0.0007,1.0,0.005714285714285714,1.0,13650000000000.0,4323000000000.0,1.0,1.0,0.048519265,0.33600565099999996,0.9346055016323452,0.9346055016323452,0.7996483309145299,0.048519265,0.16877065267361913,0.0,0.0,,0.0,,0.0007,0.3167032967032967,20931.0,,0.08146696984398048,0.0,,,,0.0,,0.420697223123345,,,,,,,,OK,REVISAR,2.86847352981567e-07,0.0,0.0,103.124740761068,0.0,5.57686819211528e-10,0.0,1.13686837721616e-13,2.8421709430404e-13,0.269472280567132,0.0,7.82310962677002e-08,103.124740761068,1.13686837721616e-13,0.0,2.86847352981567e-07,0.0,0.0,0.0,0.0,0.0,0.0,0.0,0.0,0.0,0.0,0.0,103.124740761068,0.0,0.000167116522789001,0.0,0.0,0.0,35.0,0.0,36.0,0.0,0.0,0.0,0.0,0.0,0.0,0.0,0.0,igual,0.0,DIFIERE,826085000.0,1528,/clusteruy/home/mathiasr/generator-aware-row-scaling/results-revision/r5-ablation/sgtm-gurobi-01pct/resultados/instance019_estructurado_matricial.csv,/clusteruy/home/mathiasr/generator-aware-row-scaling/results-revision/r5-ablation/sgtm-gurobi-01pct/resultados/instance019_estructurado_matricial_postprocesado.csv,/clusteruy/home/mathiasr/generator-aware-row-scaling/results-revision/r5-ablation/sgtm-gurobi-01pct/logs/instance019_estructurado_matricial.log
instance019.txt,matricial_solo_local,OK,0,0.281654558,0.0,0.0,0.0,OPTIMAL,0.0,1.0,4525.0,0.11,10080.0,6120.0,22679.0,8634.0,5617.0,20716.0,14.345238095238095,8.218954248366012,8.655584461396005,1,Model contains large bounds,1e-05,100000.0,1.0,100.0,10.0,40000000.0,1.0,4000000000.0,0.0007,1.0,0.005714285714285714,1.0,13650000000000.0,4323000000000.0,1.0,1.0,0.04700998,0.328664538,0.9539570738990136,0.9539570738990136,0.8175094265874221,0.04700998,0.16690651248044067,0.0,0.0,,0.0,,0.0007,0.3167032967032967,20931.0,,0.08146696984398048,0.0,,,,0.0,,0.423200798981203,,,,,,,,OK,REVISAR,2.86847352981567e-07,0.0,0.0,103.124740761068,0.0,5.57686819211528e-10,0.0,1.13686837721616e-13,2.8421709430404e-13,0.269472280567132,0.0,7.82310962677002e-08,103.124740761068,1.13686837721616e-13,0.0,2.86847352981567e-07,0.0,0.0,0.0,0.0,0.0,0.0,0.0,0.0,0.0,0.0,0.0,103.124740761068,0.0,0.000167116522789001,0.0,0.0,0.0,35.0,0.0,36.0,0.0,0.0,0.0,0.0,0.0,0.0,0.0,0.0,igual,0.0,DIFIERE,826085000.0,1528,/clusteruy/home/mathiasr/generator-aware-row-scaling/results-revision/r5-ablation/sgtm-gurobi-01pct/resultados/instance019_matricial_solo_local.csv,/clusteruy/home/mathiasr/generator-aware-row-scaling/results-revision/r5-ablation/sgtm-gurobi-01pct/resultados/instance019_matricial_solo_local_postprocesado.csv,/clusteruy/home/mathiasr/generator-aware-row-scaling/results-revision/r5-ablation/sgtm-gurobi-01pct/logs/instance019_matricial_solo_local.log
instance019.txt,matricial_solo_acoplamiento,OK,0,0.268058851,0.0,0.0,0.0,OPTIMAL,0.0,1.0,7160.0,0.11,10080.0,6120.0,22679.0,8634.0,5617.0,20716.0,14.345238095238095,8.218954248366012,8.655584461396005,3,Model contains large bounds | Model contains large matrix coefficient range | Model contains large rhs,0.0007,10000000000.0,1.0,100.0,10.0,7000000000.0,1.0,4000000000.0,1.0,1.0,1.0,1.0,13650000000000.0,13650000000000.0,1.0,1.0,0.041102726,0.30916157699999997,1.0023409299773505,1.0023409299773505,0.8690806943322069,0.041102726,0.15333470932470722,0.0,0.0,,0.0,,1.0,1.0,256926.0,,0.9999991731945215,0.0,,,,0.0,,0.403381379823435,,,,,,,,OK,REVISAR,5.96046447753906e-08,0.0,0.0,103.124740761068,0.0,3.3372599710157e-10,0.0,4.11644577979879e-09,3.12638803734444e-13,1.42252521399986,1.13686837721616e-13,103.124740761068,103.124740761068,1.13686837721616e-13,0.0,5.96046447753906e-08,0.0,0.0,0.0,0.0,0.0,0.0,0.0,0.0,0.0,0.0,0.0,103.124740761068,0.0,0.000167116522789001,0.0,0.0,0.0,144.0,0.0,177.0,0.0,0.0,0.0,0.0,0.0,0.0,0.0,0.0,igual,0.0,OK,0.0,0,/clusteruy/home/mathiasr/generator-aware-row-scaling/results-revision/r5-ablation/sgtm-gurobi-01pct/resultados/instance019_matricial_solo_acoplamiento.csv,/clusteruy/home/mathiasr/generator-aware-row-scaling/results-revision/r5-ablation/sgtm-gurobi-01pct/resultados/instance019_matricial_solo_acoplamiento_postprocesado.csv,/clusteruy/home/mathiasr/generator-aware-row-scaling/results-revision/r5-ablation/sgtm-gurobi-01pct/logs/instance019_matricial_solo_acoplamiento.log
instance020.txt,base,OK,0,0.215786724,0.0,0.0,0.0,OPTIMAL,0.0,1.0,6237.0,0.09,10080.0,6120.0,22679.0,8669.0,5663.0,20674.0,13.998015873015873,7.467320261437909,8.840777812072842,3,Model contains large bounds | Model contains large matrix coefficient range | Model contains large rhs,0.0006,8000000000.0,1.0,100.0,30.0,6000000000.0,1.0,4000000000.0,,,,,,,,,0.0,0.215786724,1.0,1.0,1.0,0.0,0.0,0.0,,,0.0,,,,72939.685187,,,0.165532,,,,0.165532,1.0,0.318573482246664,,,,,,,,BASE,BASE,,,,,,2.50755053837495e-09,3.5527136788005e-15,1.26659870147705e-07,1.98951966012828e-13,3.47161205629529,22.9933628890195,80.1054522055571,142.02049214875,1.13686837721616e-13,0.0,2.38418579101562e-07,0.0,0.0,0.0,0.0,0.0,0.0,0.0,0.0,0.0,0.0,0.0,235.261820318526,0.0,0.000167116522789001,0.0,0.0,0.0,865.0,0.0,306.0,0.0,0.0,0.0,0.0,0.0,,,,,,BASE,0.0,0,/clusteruy/home/mathiasr/generator-aware-row-scaling/results-revision/r5-ablation/sgtm-gurobi-01pct/resultados/instance020_base.csv,/clusteruy/home/mathiasr/generator-aware-row-scaling/results-revision/r5-ablation/sgtm-gurobi-01pct/resultados/instance020_base_postprocesado.csv,/clusteruy/home/mathiasr/generator-aware-row-scaling/results-revision/r5-ablation/sgtm-gurobi-01pct/logs/instance020_base.log
instance020.txt,estructurado,OK,0,0.229298291,0.0,0.0,0.0,OPTIMAL,0.0,1.0,2407.0,0.09,10080.0,6120.0,22679.0,8670.0,5664.0,20674.0,13.988095238095237,7.450980392156863,8.840777812072842,1,Model contains large bounds,1e-05,90000.0,1.0,100.0,10.0,2000000.0,1.0,4000000000.0,0.0006749999999999999,1.0,0.001,1.0,14060000000000.0,197200000000.0,1.0,1.118,0.046633947,0.275932238,0.941074279528756,0.941074279528756,0.7820279557186066,0.046633947,0.20337677527653272,0.0,0.0,,0.0,,0.0006749999999999999,0.014025604551920342,1454.0,,0.019934278524403964,0.0,,,,0.0,,0.244479589239193,,,,,,,,OK,REVISAR,2.38418579101562e-07,0.0,0.0,80.1054522055571,0.0,8.68867549953822e-10,1.4210854715202e-14,1.30881971926998e-13,5.00222085975111e-12,0.0118971857596731,2.1316282072803e-14,1.4210854715202e-13,80.1054522055571,1.13686837721616e-13,0.0,2.38418579101562e-07,0.0,0.0,0.0,0.0,0.0,0.0,0.0,0.0,0.0,0.0,0.0,80.1054522055571,0.0,0.000167116522789001,0.0,0.0,0.0,2.0,0.0,2.0,0.0,0.0,0.0,0.0,0.0,0.0,0.0,0.0,igual,0.0,DIFIERE,4017000000.0,1596,/clusteruy/home/mathiasr/generator-aware-row-scaling/results-revision/r5-ablation/sgtm-gurobi-01pct/resultados/instance020_estructurado.csv,/clusteruy/home/mathiasr/generator-aware-row-scaling/results-revision/r5-ablation/sgtm-gurobi-01pct/resultados/instance020_estructurado_postprocesado.csv,/clusteruy/home/mathiasr/generator-aware-row-scaling/results-revision/r5-ablation/sgtm-gurobi-01pct/logs/instance020_estructurado.log
instance020.txt,estructurado_solo_local,OK,0,0.225782039,0.0,0.0,0.0,OPTIMAL,0.0,1.0,2407.0,0.09,10080.0,6120.0,22679.0,8670.0,5664.0,20674.0,13.988095238095237,7.450980392156863,8.840777812072842,1,Model contains large bounds,1e-05,90000.0,1.0,100.0,10.0,2000000.0,1.0,4000000000.0,0.0006749999999999999,1.0,0.001,1.0,14060000000000.0,197200000000.0,1.0,1.118,0.046285668,0.272067707,0.9557302474356697,0.9557302474356697,0.7931361144599202,0.046285668,0.20500155018973854,0.0,0.0,,0.0,,0.0006749999999999999,0.014025604551920342,1454.0,,0.019934278524403964,0.0,,,,0.0,,0.236722331458366,,,,,,,,OK,REVISAR,2.38418579101562e-07,0.0,0.0,80.1054522055571,0.0,8.68867549953822e-10,1.4210854715202e-14,1.30881971926998e-13,5.00222085975111e-12,0.0118971857596731,2.1316282072803e-14,1.4210854715202e-13,80.1054522055571,1.13686837721616e-13,0.0,2.38418579101562e-07,0.0,0.0,0.0,0.0,0.0,0.0,0.0,0.0,0.0,0.0,0.0,80.1054522055571,0.0,0.000167116522789001,0.0,0.0,0.0,2.0,0.0,2.0,0.0,0.0,0.0,0.0,0.0,0.0,0.0,0.0,igual,0.0,DIFIERE,4017000000.0,1596,/clusteruy/home/mathiasr/generator-aware-row-scaling/results-revision/r5-ablation/sgtm-gurobi-01pct/resultados/instance020_estructurado_solo_local.csv,/clusteruy/home/mathiasr/generator-aware-row-scaling/results-revision/r5-ablation/sgtm-gurobi-01pct/resultados/instance020_estructurado_solo_local_postprocesado.csv,/clusteruy/home/mathiasr/generator-aware-row-scaling/results-revision/r5-ablation/sgtm-gurobi-01pct/logs/instance020_estructurado_solo_local.log
instance020.txt,estructurado_solo_acoplamiento,OK,0,0.214253666,0.0,0.0,0.0,OPTIMAL,0.0,1.0,6237.0,0.09,10080.0,6120.0,22679.0,8669.0,5663.0,20674.0,13.998015873015873,7.467320261437909,8.840777812072842,3,Model contains large bounds | Model contains large matrix coefficient range | Model contains large rhs,0.0006,8000000000.0,1.0,100.0,30.0,6000000000.0,1.0,4000000000.0,1.0,1.0,1.0,1.0,14060000000000.0,14060000000000.0,1.0,1.0,0.040091158,0.254344824,1.0071553408098977,1.0071553408098977,0.8484022619622879,0.040091158,0.1871200560927625,0.0,0.0,,0.0,,1.0,1.0,72940.0,,1.0000043160729197,0.0,,,,0.0,,0.317155012197778,,,,,,,,OK,REVISAR,2.38418579101562e-07,0.0,0.0,235.261820318526,0.0,2.50755053837495e-09,3.5527136788005e-15,1.26659870147705e-07,1.98951966012828e-13,3.47161205629529,22.9933628890195,80.1054522055571,142.02049214875,1.13686837721616e-13,0.0,2.38418579101562e-07,0.0,0.0,0.0,0.0,0.0,0.0,0.0,0.0,0.0,0.0,0.0,235.261820318526,0.0,0.000167116522789001,0.0,0.0,0.0,865.0,0.0,306.0,0.0,0.0,0.0,0.0,0.0,0.0,0.0,0.0,igual,0.0,OK,0.0,0,/clusteruy/home/mathiasr/generator-aware-row-scaling/results-revision/r5-ablation/sgtm-gurobi-01pct/resultados/instance020_estructurado_solo_acoplamiento.csv,/clusteruy/home/mathiasr/generator-aware-row-scaling/results-revision/r5-ablation/sgtm-gurobi-01pct/resultados/instance020_estructurado_solo_acoplamiento_postprocesado.csv,/clusteruy/home/mathiasr/generator-aware-row-scaling/results-revision/r5-ablation/sgtm-gurobi-01pct/logs/instance020_estructurado_solo_acoplamiento.log
instance020.txt,estructurado_matricial,OK,0,0.174822151,0.0,0.0,0.0,OPTIMAL,0.0,1.0,2239.0,0.09,10080.0,6120.0,22679.0,8669.0,5663.0,20674.0,13.998015873015873,7.467320261437909,8.840777812072842,1,Model contains large bounds,1e-05,90000.0,1.0,100.0,30.0,30000000.0,1.0,4000000000.0,0.0006749999999999999,1.0,0.005,1.0,14060000000000.0,3005000000000.0,1.0,1.0,0.047861894,0.222684045,1.2343214104487252,1.2343214104487252,0.9690264248612873,0.047861894,0.273774768965061,0.0,0.0,,0.0,,0.0006749999999999999,0.21372688477951635,5941.0,,0.08145085881257494,0.0,,,,0.0,,0.20356180265233,,,,,,,,OK,REVISAR,2.38418579101562e-07,0.0,0.0,69.9643351707841,0.0,2.51311136275087e-10,0.0,5.6843418860808e-14,2.27373675443232e-13,0.00849406220579048,0.0,5.6843418860808e-14,69.9643351707841,2.27373675443232e-13,0.0,2.38418579101562e-07,0.0,2.38287611864507e-10,0.0,0.0,0.0,0.0,0.0,0.0,0.0,0.0,0.0,69.9643351707841,0.0,0.000167116522789001,0.0,2.38287611864507e-10,0.0,2.0,0.0,2.0,0.0,0.0,0.0,0.0,0.0,0.0,0.0,0.0,igual,0.0,DIFIERE,4017000000.0,1609,/clusteruy/home/mathiasr/generator-aware-row-scaling/results-revision/r5-ablation/sgtm-gurobi-01pct/resultados/instance020_estructurado_matricial.csv,/clusteruy/home/mathiasr/generator-aware-row-scaling/results-revision/r5-ablation/sgtm-gurobi-01pct/resultados/instance020_estructurado_matricial_postprocesado.csv,/clusteruy/home/mathiasr/generator-aware-row-scaling/results-revision/r5-ablation/sgtm-gurobi-01pct/logs/instance020_estructurado_matricial.log
instance020.txt,matricial_solo_local,OK,0,0.1702901,0.0,0.0,0.0,OPTIMAL,0.0,1.0,2239.0,0.09,10080.0,6120.0,22679.0,8669.0,5663.0,20674.0,13.998015873015873,7.467320261437909,8.840777812072842,1,Model contains large bounds,1e-05,90000.0,1.0,100.0,30.0,30000000.0,1.0,4000000000.0,0.0006749999999999999,1.0,0.005,1.0,14060000000000.0,3005000000000.0,1.0,1.0,0.046817765,0.217107865,1.267171280068542,1.267171280068542,0.9939148174111518,0.046817765,0.27492945861209783,0.0,0.0,,0.0,,0.0006749999999999999,0.21372688477951635,5941.0,,0.08145085881257494,0.0,,,,0.0,,0.192949288672699,,,,,,,,OK,REVISAR,2.38418579101562e-07,0.0,0.0,69.9643351707841,0.0,2.51311136275087e-10,0.0,5.6843418860808e-14,2.27373675443232e-13,0.00849406220579048,0.0,5.6843418860808e-14,69.9643351707841,2.27373675443232e-13,0.0,2.38418579101562e-07,0.0,2.38287611864507e-10,0.0,0.0,0.0,0.0,0.0,0.0,0.0,0.0,0.0,69.9643351707841,0.0,0.000167116522789001,0.0,2.38287611864507e-10,0.0,2.0,0.0,2.0,0.0,0.0,0.0,0.0,0.0,0.0,0.0,0.0,igual,0.0,DIFIERE,4017000000.0,1609,/clusteruy/home/mathiasr/generator-aware-row-scaling/results-revision/r5-ablation/sgtm-gurobi-01pct/resultados/instance020_matricial_solo_local.csv,/clusteruy/home/mathiasr/generator-aware-row-scaling/results-revision/r5-ablation/sgtm-gurobi-01pct/resultados/instance020_matricial_solo_local_postprocesado.csv,/clusteruy/home/mathiasr/generator-aware-row-scaling/results-revision/r5-ablation/sgtm-gurobi-01pct/logs/instance020_matricial_solo_local.log
instance020.txt,matricial_solo_acoplamiento,OK,0,0.218676906,0.0,0.0,0.0,OPTIMAL,0.0,1.0,6237.0,0.09,10080.0,6120.0,22679.0,8669.0,5663.0,20674.0,13.998015873015873,7.467320261437909,8.840777812072842,3,Model contains large bounds | Model contains large matrix coefficient range | Model contains large rhs,0.0006,8000000000.0,1.0,100.0,30.0,6000000000.0,1.0,4000000000.0,1.0,1.0,1.0,1.0,14060000000000.0,14060000000000.0,1.0,1.0,0.042469842,0.261146748,0.9867833231553039,0.9867833231553039,0.8263044654111489,0.042469842,0.19421274416604375,0.0,0.0,,0.0,,1.0,1.0,72940.0,,1.0000043160729197,0.0,,,,0.0,,0.314527189510392,,,,,,,,OK,REVISAR,2.38418579101562e-07,0.0,0.0,235.261820318526,0.0,2.50755053837495e-09,3.5527136788005e-15,1.26659870147705e-07,1.98951966012828e-13,3.47161205629529,22.9933628890195,80.1054522055571,142.02049214875,1.13686837721616e-13,0.0,2.38418579101562e-07,0.0,0.0,0.0,0.0,0.0,0.0,0.0,0.0,0.0,0.0,0.0,235.261820318526,0.0,0.000167116522789001,0.0,0.0,0.0,865.0,0.0,306.0,0.0,0.0,0.0,0.0,0.0,0.0,0.0,0.0,igual,0.0,OK,0.0,0,/clusteruy/home/mathiasr/generator-aware-row-scaling/results-revision/r5-ablation/sgtm-gurobi-01pct/resultados/instance020_matricial_solo_acoplamiento.csv,/clusteruy/home/mathiasr/generator-aware-row-scaling/results-revision/r5-ablation/sgtm-gurobi-01pct/resultados/instance020_matricial_solo_acoplamiento_postprocesado.csv,/clusteruy/home/mathiasr/generator-aware-row-scaling/results-revision/r5-ablation/sgtm-gurobi-01pct/logs/instance020_matricial_solo_acoplamiento.log
instance021.txt,base,OK,0,0.521584778,0.0,-253071.0,-253071.0,OPTIMAL,-253071.0,1.0,8811.0,0.11,10080.0,6120.0,22679.0,8553.0,5597.0,20534.0,15.148809523809524,8.545751633986928,9.458088980995635,3,Model contains large bounds | Model contains large matrix coefficient range | Model contains large rhs,0.0007,10000000000.0,6e-05,100.0,20.0,8000000000.0,1.0,4000000000.0,,,,,,,,,0.0,0.521584778,1.0,1.0,1.0,0.0,0.0,0.0,,,0.0,,,,64407783.088889,,,0.496821,,,,0.496821,1.0,0.701081711037844,,,,,,,,BASE,BASE,,,,,,3.53847339654465e-09,3.19744231092045e-14,1.62050127983093e-07,1.95399252334028e-13,1.4457276904117,4.8093151937737,29.9401467358399,106.815872997651,5.6843418860808e-14,0.0,2.38418579101562e-07,0.0,0.0,0.0,0.0,0.0,0.0,0.0,0.0,0.0,0.0,-253071.0,106.815872997651,0.0,0.000167116522789001,0.0,0.0,0.0,1684.0,0.0,240.0,0.0,0.0,0.0,0.0,-253071.0,,,,,,BASE,0.0,0,/clusteruy/home/mathiasr/generator-aware-row-scaling/results-revision/r5-ablation/sgtm-gurobi-01pct/resultados/instance021_base.csv,/clusteruy/home/mathiasr/generator-aware-row-scaling/results-revision/r5-ablation/sgtm-gurobi-01pct/resultados/instance021_base_postprocesado.csv,/clusteruy/home/mathiasr/generator-aware-row-scaling/results-revision/r5-ablation/sgtm-gurobi-01pct/logs/instance021_base.log
instance021.txt,estructurado,OK,0,0.425604836,0.0,-253071.0,-253071.0,OPTIMAL,-253071.0,1.0,8985.0,0.11,10080.0,6120.0,22679.0,8552.0,5597.0,20531.0,15.158730158730158,8.545751633986928,9.471317077472552,1,Model contains large bounds,1e-05,100000.0,6e-05,100.0,10.0,2000000.0,1.0,4000000000.0,0.0007,1.0,0.0005,1.0,14600000000000.0,215400000000.0,1.0,1.118,0.046562978,0.47216781399999996,1.2255142185461447,1.2255142185461447,1.1046597470957646,0.046562978,0.10940425028441171,0.0,0.0,0.0,0.0,0.0,0.0007,0.014753424657534247,354003.0,,0.005496276738968665,0.0,,,,0.0,,0.614599378531002,,,,,,,,OK,REVISAR,7.56233930587769e-07,0.0,0.0,198.695920588889,0.0,7.57864046706137e-09,5.6843418860808e-14,2.98805534839627e-07,4.05009359383257e-13,1.74319329084033,7.20877285743503,35.1397202721968,106.815872997651,4.05009359383257e-13,0.0,7.56233930587769e-07,0.0,0.0,0.0,0.0,0.0,0.0,0.0,0.0,0.0,0.0,-253071.0,198.695920588889,0.0,0.000167593359947205,0.0,0.0,0.0,1713.0,0.0,266.0,0.0,0.0,0.0,0.0,-253071.0,-253071.0,0.0,0.0,igual,0.0,DIFIERE,332460000.0,1576,/clusteruy/home/mathiasr/generator-aware-row-scaling/results-revision/r5-ablation/sgtm-gurobi-01pct/resultados/instance021_estructurado.csv,/clusteruy/home/mathiasr/generator-aware-row-scaling/results-revision/r5-ablation/sgtm-gurobi-01pct/resultados/instance021_estructurado_postprocesado.csv,/clusteruy/home/mathiasr/generator-aware-row-scaling/results-revision/r5-ablation/sgtm-gurobi-01pct/logs/instance021_estructurado.log
instance021.txt,estructurado_solo_local,OK,0,0.425358806,0.0,-253071.0,-253071.0,OPTIMAL,-253071.0,1.0,8985.0,0.11,10080.0,6120.0,22679.0,8552.0,5597.0,20531.0,15.158730158730158,8.545751633986928,9.471317077472552,1,Model contains large bounds,1e-05,100000.0,6e-05,100.0,10.0,2000000.0,1.0,4000000000.0,0.0007,1.0,0.0005,1.0,14600000000000.0,215400000000.0,1.0,1.118,0.046361035,0.471719841,1.2262230630767759,1.2262230630767759,1.1057087971841322,0.046361035,0.10899277115236214,0.0,0.0,0.0,0.0,0.0,0.0007,0.014753424657534247,354003.0,,0.005496276738968665,0.0,,,,0.0,,0.614410478685885,,,,,,,,OK,REVISAR,7.56233930587769e-07,0.0,0.0,198.695920588889,0.0,7.57864046706137e-09,5.6843418860808e-14,2.98805534839627e-07,4.05009359383257e-13,1.74319329084033,7.20877285743503,35.1397202721968,106.815872997651,4.05009359383257e-13,0.0,7.56233930587769e-07,0.0,0.0,0.0,0.0,0.0,0.0,0.0,0.0,0.0,0.0,-253071.0,198.695920588889,0.0,0.000167593359947205,0.0,0.0,0.0,1713.0,0.0,266.0,0.0,0.0,0.0,0.0,-253071.0,-253071.0,0.0,0.0,igual,0.0,DIFIERE,332460000.0,1576,/clusteruy/home/mathiasr/generator-aware-row-scaling/results-revision/r5-ablation/sgtm-gurobi-01pct/resultados/instance021_estructurado_solo_local.csv,/clusteruy/home/mathiasr/generator-aware-row-scaling/results-revision/r5-ablation/sgtm-gurobi-01pct/resultados/instance021_estructurado_solo_local_postprocesado.csv,/clusteruy/home/mathiasr/generator-aware-row-scaling/results-revision/r5-ablation/sgtm-gurobi-01pct/logs/instance021_estructurado_solo_local.log
instance021.txt,estructurado_solo_acoplamiento,OK,0,0.521550101,0.0,-253071.0,-253071.0,OPTIMAL,-253071.0,1.0,8811.0,0.11,10080.0,6120.0,22679.0,8553.0,5597.0,20534.0,15.148809523809524,8.545751633986928,9.458088980995635,3,Model contains large bounds | Model contains large matrix coefficient range | Model contains large rhs,0.0007,10000000000.0,6e-05,100.0,20.0,8000000000.0,1.0,4000000000.0,1.0,1.0,1.0,1.0,14600000000000.0,14600000000000.0,1.0,1.0,0.039982643,0.561532744,1.000066488339152,1.000066488339152,0.9288590622241614,0.039982643,0.07666117391855322,0.0,0.0,0.0,0.0,0.0,1.0,1.0,64407783.0,,0.9999999986199027,0.0,,,,0.0,,0.699844603226211,,,,,,,,OK,REVISAR,2.38418579101562e-07,0.0,0.0,106.815872997651,0.0,3.53847339654465e-09,3.19744231092045e-14,1.62050127983093e-07,1.95399252334028e-13,1.4457276904117,4.8093151937737,29.9401467358399,106.815872997651,5.6843418860808e-14,0.0,2.38418579101562e-07,0.0,0.0,0.0,0.0,0.0,0.0,0.0,0.0,0.0,0.0,-253071.0,106.815872997651,0.0,0.000167116522789001,0.0,0.0,0.0,1684.0,0.0,240.0,0.0,0.0,0.0,0.0,-253071.0,-253071.0,0.0,0.0,igual,0.0,OK,0.0,0,/clusteruy/home/mathiasr/generator-aware-row-scaling/results-revision/r5-ablation/sgtm-gurobi-01pct/resultados/instance021_estructurado_solo_acoplamiento.csv,/clusteruy/home/mathiasr/generator-aware-row-scaling/results-revision/r5-ablation/sgtm-gurobi-01pct/resultados/instance021_estructurado_solo_acoplamiento_postprocesado.csv,/clusteruy/home/mathiasr/generator-aware-row-scaling/results-revision/r5-ablation/sgtm-gurobi-01pct/logs/instance021_estructurado_solo_acoplamiento.log
instance021.txt,estructurado_matricial,OK,0,0.389143063,0.0,-253071.0,-253071.0,OPTIMAL,-253071.0,1.0,9493.0,0.11,10080.0,6120.0,22679.0,8552.0,5597.0,20531.0,15.158730158730158,8.545751633986928,9.471317077472552,1,Model contains large bounds,1e-05,100000.0,6e-05,100.0,20.0,50000000.0,1.0,4000000000.0,0.0007,1.0,0.00625,1.0,14600000000000.0,4714000000000.0,1.0,1.0,0.047875302,0.437018365,1.340341965700157,1.340341965700157,1.19350768702821,0.047875302,0.1230275098081345,0.0,0.0,0.0,0.0,0.0,0.0007,0.32287671232876713,2003040.0,,0.031099347065487566,0.0,,,,0.0,,0.644233416507997,,,,,,,,OK,REVISAR,8.15838575363159e-07,0.0,0.0,106.815872997651,0.0,5.61713410660466e-09,3.19744231092045e-14,2.38418579101562e-07,2.70006239588838e-13,1.70432335730251,7.46915899574893,37.2494335837251,106.815872997651,1.13686837721616e-13,0.0,8.15838575363159e-07,0.0,0.0,0.0,0.0,0.0,0.0,0.0,0.0,0.0,0.0,-253071.0,106.815872997651,0.0,0.000167356804013252,0.0,0.0,0.0,1815.0,0.0,240.0,0.0,0.0,0.0,0.0,-253071.0,-253071.0,0.0,0.0,igual,0.0,DIFIERE,699530000.0,2035,/clusteruy/home/mathiasr/generator-aware-row-scaling/results-revision/r5-ablation/sgtm-gurobi-01pct/resultados/instance021_estructurado_matricial.csv,/clusteruy/home/mathiasr/generator-aware-row-scaling/results-revision/r5-ablation/sgtm-gurobi-01pct/resultados/instance021_estructurado_matricial_postprocesado.csv,/clusteruy/home/mathiasr/generator-aware-row-scaling/results-revision/r5-ablation/sgtm-gurobi-01pct/logs/instance021_estructurado_matricial.log
instance021.txt,matricial_solo_local,OK,0,0.385681327,0.0,-253071.0,-253071.0,OPTIMAL,-253071.0,1.0,9493.0,0.11,10080.0,6120.0,22679.0,8552.0,5597.0,20531.0,15.158730158730158,8.545751633986928,9.471317077472552,1,Model contains large bounds,1e-05,100000.0,6e-05,100.0,20.0,50000000.0,1.0,4000000000.0,0.0007,1.0,0.00625,1.0,14600000000000.0,4714000000000.0,1.0,1.0,0.047443022,0.433124349,1.3523723900690685,1.3523723900690685,1.2042379496886702,0.047443022,0.12301093850986465,0.0,0.0,0.0,0.0,0.0,0.0007,0.32287671232876713,2003040.0,,0.031099347065487566,0.0,,,,0.0,,0.643006249513783,,,,,,,,OK,REVISAR,8.15838575363159e-07,0.0,0.0,106.815872997651,0.0,5.61713410660466e-09,3.19744231092045e-14,2.38418579101562e-07,2.70006239588838e-13,1.70432335730251,7.46915899574893,37.2494335837251,106.815872997651,1.13686837721616e-13,0.0,8.15838575363159e-07,0.0,0.0,0.0,0.0,0.0,0.0,0.0,0.0,0.0,0.0,-253071.0,106.815872997651,0.0,0.000167356804013252,0.0,0.0,0.0,1815.0,0.0,240.0,0.0,0.0,0.0,0.0,-253071.0,-253071.0,0.0,0.0,igual,0.0,DIFIERE,699530000.0,2035,/clusteruy/home/mathiasr/generator-aware-row-scaling/results-revision/r5-ablation/sgtm-gurobi-01pct/resultados/instance021_matricial_solo_local.csv,/clusteruy/home/mathiasr/generator-aware-row-scaling/results-revision/r5-ablation/sgtm-gurobi-01pct/resultados/instance021_matricial_solo_local_postprocesado.csv,/clusteruy/home/mathiasr/generator-aware-row-scaling/results-revision/r5-ablation/sgtm-gurobi-01pct/logs/instance021_matricial_solo_local.log
instance021.txt,matricial_solo_acoplamiento,OK,0,0.519651286,0.0,-253071.0,-253071.0,OPTIMAL,-253071.0,1.0,8811.0,0.11,10080.0,6120.0,22679.0,8553.0,5597.0,20534.0,15.148809523809524,8.545751633986928,9.458088980995635,3,Model contains large bounds | Model contains large matrix coefficient range | Model contains large rhs,0.0007,10000000000.0,6e-05,100.0,20.0,8000000000.0,1.0,4000000000.0,1.0,1.0,1.0,1.0,14600000000000.0,14600000000000.0,1.0,1.0,0.040820072,0.560471358,1.0037207489947404,1.0037207489947404,0.9306180780784876,0.040820072,0.07855281628226356,0.0,0.0,0.0,0.0,0.0,1.0,1.0,64407783.0,,0.9999999986199027,0.0,,,,0.0,,0.700068122682292,,,,,,,,OK,REVISAR,2.38418579101562e-07,0.0,0.0,106.815872997651,0.0,3.53847339654465e-09,3.19744231092045e-14,1.62050127983093e-07,1.95399252334028e-13,1.4457276904117,4.8093151937737,29.9401467358399,106.815872997651,5.6843418860808e-14,0.0,2.38418579101562e-07,0.0,0.0,0.0,0.0,0.0,0.0,0.0,0.0,0.0,0.0,-253071.0,106.815872997651,0.0,0.000167116522789001,0.0,0.0,0.0,1684.0,0.0,240.0,0.0,0.0,0.0,0.0,-253071.0,-253071.0,0.0,0.0,igual,0.0,OK,0.0,0,/clusteruy/home/mathiasr/generator-aware-row-scaling/results-revision/r5-ablation/sgtm-gurobi-01pct/resultados/instance021_matricial_solo_acoplamiento.csv,/clusteruy/home/mathiasr/generator-aware-row-scaling/results-revision/r5-ablation/sgtm-gurobi-01pct/resultados/instance021_matricial_solo_acoplamiento_postprocesado.csv,/clusteruy/home/mathiasr/generator-aware-row-scaling/results-revision/r5-ablation/sgtm-gurobi-01pct/logs/instance021_matricial_solo_acoplamiento.log
instance022.txt,base,OK,0,0.44374711,0.075294352669748,-292959.6098147726,-292960.0,OPTIMAL,-293180.19185656647,1.0,6842.0,0.11,10080.0,6120.0,22679.0,8395.0,5501.0,20245.0,16.716269841269842,10.11437908496732,10.73239560827197,3,Model contains large bounds | Model contains large matrix coefficient range | Model contains large rhs,0.0006,10000000000.0,0.0001,100.0,10.0,10000000000.0,1.0,4000000000.0,,,,,,,,,0.0,0.44374711,1.0,1.0,1.0,0.0,0.0,0.0,,,0.0,,,,1934240.06826,,,0.323638,,,,0.323638,1.0,0.586210609344373,,,,,,,,BASE,BASE,,,,,,4.03480971910458e-09,5.69322367027767e-14,1.58324837684631e-07,3.12638803734444e-13,0.666385151497254,2.14336344749805,21.8341552539876,7.70354758366102,1.13686837721616e-13,0.0,2.36555933952332e-07,0.0,0.0,0.0,0.0,0.0,0.0,0.0,0.0,0.0,0.0,-292959.609814773,41.4037819522771,0.0,2.20164656639099e-05,0.0,0.0,0.0,2049.0,0.0,204.0,0.0,0.0,0.0,0.0,-292959.609814773,,,,,,BASE,0.0,0,/clusteruy/home/mathiasr/generator-aware-row-scaling/results-revision/r5-ablation/sgtm-gurobi-01pct/resultados/instance022_base.csv,/clusteruy/home/mathiasr/generator-aware-row-scaling/results-revision/r5-ablation/sgtm-gurobi-01pct/resultados/instance022_base_postprocesado.csv,/clusteruy/home/mathiasr/generator-aware-row-scaling/results-revision/r5-ablation/sgtm-gurobi-01pct/logs/instance022_base.log
instance022.txt,estructurado,OK,0,0.577007776,0.063904034835347,-292988.2335766943,-292988.0,OPTIMAL,-293175.46487954265,1.0,7891.0,0.12,10080.0,6120.0,22679.0,8395.0,5501.0,20245.0,16.716269841269842,10.11437908496732,10.73239560827197,1,Model contains large bounds,9e-06,100000.0,0.0001,100.0,10.0,2000000.0,1.0,4000000000.0,0.0006666666666666665,1.0,0.0002,1.0,21180000000000.0,257800000000.0,1.0,1.118,0.046216161,0.623223937,0.7690487519530413,0.7690487519530413,0.7120187201667127,0.046216161,0.08009625333021508,0.011390317834401004,-28.623761921713594,-9.770548895737309e-05,-28.0,-9.557618787547788e-05,0.0006666666666666665,0.012171860245514636,21339.0,,0.011032239663609129,0.0,,,,0.0,,0.708437373900633,,,,,,,,OK,REVISAR,5.77419996261597e-07,0.0,3.4924596548080444e-10,41.418859255344,0.0,6.16003654791244e-09,6.57918164392858e-14,2.29105353355408e-07,2.48689957516035e-13,0.664971341869773,2.14542209749805,21.8434152186443,7.70635285207209,1.13686837721616e-13,0.0,5.77419996261597e-07,0.0,0.0,0.0,0.0,0.0,0.0,0.0,0.0,0.0,0.0,-292988.233576694,41.418859255344,0.0,2.20257788896561e-05,0.0,0.0,0.0,2055.0,0.0,204.0,0.0,0.0,0.0,0.0,-292988.233576694,-292988.233576694,-28.62376192136435,9.770548895618096e-05,mejora,4.726977023819927,DIFIERE,290000.0,969,/clusteruy/home/mathiasr/generator-aware-row-scaling/results-revision/r5-ablation/sgtm-gurobi-01pct/resultados/instance022_estructurado.csv,/clusteruy/home/mathiasr/generator-aware-row-scaling/results-revision/r5-ablation/sgtm-gurobi-01pct/resultados/instance022_estructurado_postprocesado.csv,/clusteruy/home/mathiasr/generator-aware-row-scaling/results-revision/r5-ablation/sgtm-gurobi-01pct/logs/instance022_estructurado.log
instance022.txt,estructurado_solo_local,OK,0,0.575673885,0.063904034835347,-292988.2335766943,-292988.0,OPTIMAL,-293175.46487954265,1.0,7891.0,0.12,10080.0,6120.0,22679.0,8395.0,5501.0,20245.0,16.716269841269842,10.11437908496732,10.73239560827197,1,Model contains large bounds,9e-06,100000.0,0.0001,100.0,10.0,2000000.0,1.0,4000000000.0,0.0006666666666666665,1.0,0.0002,1.0,21180000000000.0,257800000000.0,1.0,1.118,0.04647138,0.622145265,0.7708307108633214,0.7708307108633214,0.7132532142633923,0.04647138,0.08072518349516583,0.011390317834401004,-28.623761921713594,-9.770548895737309e-05,-28.0,-9.557618787547788e-05,0.0006666666666666665,0.012171860245514636,21339.0,,0.011032239663609129,0.0,,,,0.0,,0.709523512587485,,,,,,,,OK,REVISAR,5.77419996261597e-07,0.0,3.4924596548080444e-10,41.418859255344,0.0,6.16003654791244e-09,6.57918164392858e-14,2.29105353355408e-07,2.48689957516035e-13,0.664971341869773,2.14542209749805,21.8434152186443,7.70635285207209,1.13686837721616e-13,0.0,5.77419996261597e-07,0.0,0.0,0.0,0.0,0.0,0.0,0.0,0.0,0.0,0.0,-292988.233576694,41.418859255344,0.0,2.20257788896561e-05,0.0,0.0,0.0,2055.0,0.0,204.0,0.0,0.0,0.0,0.0,-292988.233576694,-292988.233576694,-28.62376192136435,9.770548895618096e-05,mejora,4.726977023819927,DIFIERE,290000.0,969,/clusteruy/home/mathiasr/generator-aware-row-scaling/results-revision/r5-ablation/sgtm-gurobi-01pct/resultados/instance022_estructurado_solo_local.csv,/clusteruy/home/mathiasr/generator-aware-row-scaling/results-revision/r5-ablation/sgtm-gurobi-01pct/resultados/instance022_estructurado_solo_local_postprocesado.csv,/clusteruy/home/mathiasr/generator-aware-row-scaling/results-revision/r5-ablation/sgtm-gurobi-01pct/logs/instance022_estructurado_solo_local.log
instance022.txt,estructurado_solo_acoplamiento,OK,0,0.44632212,0.075294352669748,-292959.6098147726,-292960.0,OPTIMAL,-293180.19185656647,1.0,6842.0,0.11,10080.0,6120.0,22679.0,8395.0,5501.0,20245.0,16.716269841269842,10.11437908496732,10.73239560827197,3,Model contains large bounds | Model contains large matrix coefficient range | Model contains large rhs,0.0006,10000000000.0,0.0001,100.0,10.0,10000000000.0,1.0,4000000000.0,1.0,1.0,1.0,1.0,21180000000000.0,21180000000000.0,1.0,1.0,0.040124297,0.486446417,0.994230601880095,0.994230601880095,0.9122219724356608,0.040124297,0.08989986200997613,0.0,0.0,0.0,0.0,0.0,1.0,1.0,1934240.0,,0.9999999647096546,0.0,,,,0.0,,0.586470791644412,,,,,,,,OK,REVISAR,2.36555933952332e-07,0.0,4.0745362639427185e-10,41.4037819522771,0.0,4.03480971910458e-09,5.69322367027767e-14,1.58324837684631e-07,3.12638803734444e-13,0.666385151497254,2.14336344749805,21.8341552539876,7.70354758366102,1.13686837721616e-13,0.0,2.36555933952332e-07,0.0,0.0,0.0,0.0,0.0,0.0,0.0,0.0,0.0,0.0,-292959.609814773,41.4037819522771,0.0,2.20164656639099e-05,0.0,0.0,0.0,2049.0,0.0,204.0,0.0,0.0,0.0,0.0,-292959.609814773,-292959.609814773,-4.0745362639427185e-10,1.3908184362065798e-15,igual,0.0,OK,0.0,0,/clusteruy/home/mathiasr/generator-aware-row-scaling/results-revision/r5-ablation/sgtm-gurobi-01pct/resultados/instance022_estructurado_solo_acoplamiento.csv,/clusteruy/home/mathiasr/generator-aware-row-scaling/results-revision/r5-ablation/sgtm-gurobi-01pct/resultados/instance022_estructurado_solo_acoplamiento_postprocesado.csv,/clusteruy/home/mathiasr/generator-aware-row-scaling/results-revision/r5-ablation/sgtm-gurobi-01pct/logs/instance022_estructurado_solo_acoplamiento.log
instance022.txt,estructurado_matricial,OK,0,0.517910775,0.063456908745701,-292989.54277275206,-292990.0,OPTIMAL,-293175.4648795438,1.0,7410.0,0.12,10080.0,6120.0,22679.0,8395.0,5501.0,20245.0,16.716269841269842,10.11437908496732,10.73239560827197,1,Model contains large bounds,9e-06,100000.0,0.0001,100.0,10.0,40000000.0,1.0,4000000000.0,0.0006666666666666665,1.0,0.004,1.0,21180000000000.0,3949000000000.0,1.0,1.0,0.047834647,0.565745422,0.8568022358677515,0.8568022358677515,0.7843582868621074,0.047834647,0.09236078743486269,0.011837443924047009,-29.932957979443017,-0.00010217435092287468,-30.0,-0.00010240305843801201,0.0006666666666666665,0.1864494806421152,169633.0,,0.08770007548887049,0.0,,,,0.0,,0.674061173712109,,,,,,,,OK,REVISAR,6.12810254096985e-07,0.0,5.820766091346741e-11,41.4203669856508,0.0,6.47232494295673e-09,5.6843418860808e-14,2.45869159698486e-07,2.57571741713036e-13,0.664967289931315,2.14542209749805,21.8434152186442,7.70663337891321,1.13686837721616e-13,0.0,6.12810254096985e-07,0.0,0.0,0.0,0.0,0.0,0.0,0.0,0.0,0.0,0.0,-292989.542772752,41.4203669856508,0.0,2.2033229470253e-05,0.0,0.0,0.0,2051.0,0.0,204.0,0.0,0.0,0.0,0.0,-292989.542772752,-292989.542772752,-29.93295797938481,0.00010217435092267598,mejora,4.726977022655774,DIFIERE,300000.0,975,/clusteruy/home/mathiasr/generator-aware-row-scaling/results-revision/r5-ablation/sgtm-gurobi-01pct/resultados/instance022_estructurado_matricial.csv,/clusteruy/home/mathiasr/generator-aware-row-scaling/results-revision/r5-ablation/sgtm-gurobi-01pct/resultados/instance022_estructurado_matricial_postprocesado.csv,/clusteruy/home/mathiasr/generator-aware-row-scaling/results-revision/r5-ablation/sgtm-gurobi-01pct/logs/instance022_estructurado_matricial.log
instance022.txt,matricial_solo_local,OK,0,0.519050457,0.063456908745701,-292989.54277275206,-292990.0,OPTIMAL,-293175.4648795438,1.0,7410.0,0.12,10080.0,6120.0,22679.0,8395.0,5501.0,20245.0,16.716269841269842,10.11437908496732,10.73239560827197,1,Model contains large bounds,9e-06,100000.0,0.0001,100.0,10.0,40000000.0,1.0,4000000000.0,0.0006666666666666665,1.0,0.004,1.0,21180000000000.0,3949000000000.0,1.0,1.0,0.046855775,0.565906232,0.8549209503923046,0.8549209503923046,0.7841354007212983,0.046855775,0.09027210046363567,0.011837443924047009,-29.932957979443017,-0.00010217435092287468,-30.0,-0.00010240305843801201,0.0006666666666666665,0.1864494806421152,169633.0,,0.08770007548887049,0.0,,,,0.0,,0.673431734317343,,,,,,,,OK,REVISAR,6.12810254096985e-07,0.0,5.820766091346741e-11,41.4203669856508,0.0,6.47232494295673e-09,5.6843418860808e-14,2.45869159698486e-07,2.57571741713036e-13,0.664967289931315,2.14542209749805,21.8434152186442,7.70663337891321,1.13686837721616e-13,0.0,6.12810254096985e-07,0.0,0.0,0.0,0.0,0.0,0.0,0.0,0.0,0.0,0.0,-292989.542772752,41.4203669856508,0.0,2.2033229470253e-05,0.0,0.0,0.0,2051.0,0.0,204.0,0.0,0.0,0.0,0.0,-292989.542772752,-292989.542772752,-29.93295797938481,0.00010217435092267598,mejora,4.726977022655774,DIFIERE,300000.0,975,/clusteruy/home/mathiasr/generator-aware-row-scaling/results-revision/r5-ablation/sgtm-gurobi-01pct/resultados/instance022_matricial_solo_local.csv,/clusteruy/home/mathiasr/generator-aware-row-scaling/results-revision/r5-ablation/sgtm-gurobi-01pct/resultados/instance022_matricial_solo_local_postprocesado.csv,/clusteruy/home/mathiasr/generator-aware-row-scaling/results-revision/r5-ablation/sgtm-gurobi-01pct/logs/instance022_matricial_solo_local.log
instance022.txt,matricial_solo_acoplamiento,OK,0,0.440679117,0.075294352669748,-292959.6098147726,-292960.0,OPTIMAL,-293180.19185656647,1.0,6842.0,0.11,10080.0,6120.0,22679.0,8395.0,5501.0,20245.0,16.716269841269842,10.11437908496732,10.73239560827197,3,Model contains large bounds | Model contains large matrix coefficient range | Model contains large rhs,0.0006,10000000000.0,0.0001,100.0,10.0,10000000000.0,1.0,4000000000.0,1.0,1.0,1.0,1.0,21180000000000.0,21180000000000.0,1.0,1.0,0.040869786,0.48154890300000003,1.0069619659331395,1.0069619659331395,0.9214995761292389,0.040869786,0.09274273371115972,0.0,0.0,0.0,0.0,0.0,1.0,1.0,1934240.0,,0.9999999647096546,0.0,,,,0.0,,0.584047048501178,,,,,,,,OK,REVISAR,2.36555933952332e-07,0.0,4.0745362639427185e-10,41.4037819522771,0.0,4.03480971910458e-09,5.69322367027767e-14,1.58324837684631e-07,3.12638803734444e-13,0.666385151497254,2.14336344749805,21.8341552539876,7.70354758366102,1.13686837721616e-13,0.0,2.36555933952332e-07,0.0,0.0,0.0,0.0,0.0,0.0,0.0,0.0,0.0,0.0,-292959.609814773,41.4037819522771,0.0,2.20164656639099e-05,0.0,0.0,0.0,2049.0,0.0,204.0,0.0,0.0,0.0,0.0,-292959.609814773,-292959.609814773,-4.0745362639427185e-10,1.3908184362065798e-15,igual,0.0,OK,0.0,0,/clusteruy/home/mathiasr/generator-aware-row-scaling/results-revision/r5-ablation/sgtm-gurobi-01pct/resultados/instance022_matricial_solo_acoplamiento.csv,/clusteruy/home/mathiasr/generator-aware-row-scaling/results-revision/r5-ablation/sgtm-gurobi-01pct/resultados/instance022_matricial_solo_acoplamiento_postprocesado.csv,/clusteruy/home/mathiasr/generator-aware-row-scaling/results-revision/r5-ablation/sgtm-gurobi-01pct/logs/instance022_matricial_solo_acoplamiento.log
instance023.txt,base,OK,0,56.283381535,0.036699977197265,-211738.4303371144,-211738.0,OPTIMAL,-211816.13829276597,20614.0,729501.0,0.12,10080.0,6120.0,22679.0,8465.0,5526.0,20458.0,16.021825396825395,9.705882352941176,9.793200758410865,3,Model contains large bounds | Model contains large matrix coefficient range | Model contains large rhs,0.0006,10000000000.0,0.0002,100.0,10.0,10000000000.0,1.0,4000000000.0,,,,,,,,,0.0,56.283381535,1.0,1.0,1.0,0.0,0.0,0.0,,,0.0,,,,1836143.269235,,,61.754901,,1.082552,2.286419,61.754901,1.0,0.855418769277963,,,,,,,,BASE,BASE,,,,,,3.80997062768026e-09,5.6843418860808e-14,1.47148966789246e-07,1.94955163124177e-13,0.256640215492975,0.222075231767565,9.52742512444078,5.64227741985914,2.27373675443232e-13,0.0,8.81031155586243e-07,0.0,0.0,1.11022302462516e-16,0.0,0.0,0.0,0.0,0.0,0.0,0.0,-211738.430337114,27.8342091919808,0.0,1.47111713886261e-05,0.0,0.0,1.11022302462516e-16,824.0,0.0,166.0,0.0,0.0,0.0,0.0,-211738.430337114,,,,,,BASE,0.0,0,/clusteruy/home/mathiasr/generator-aware-row-scaling/results-revision/r5-ablation/sgtm-gurobi-01pct/resultados/instance023_base.csv,/clusteruy/home/mathiasr/generator-aware-row-scaling/results-revision/r5-ablation/sgtm-gurobi-01pct/resultados/instance023_base_postprocesado.csv,/clusteruy/home/mathiasr/generator-aware-row-scaling/results-revision/r5-ablation/sgtm-gurobi-01pct/logs/instance023_base.log
instance023.txt,estructurado,OK,0,11.389796184,0.00271054882674,-211887.16853552326,-211887.0,OPTIMAL,-211892.911840684,2867.0,49966.0,0.13,10080.0,6120.0,22679.0,8465.0,5526.0,20458.0,16.021825396825395,9.705882352941176,9.793200758410865,1,Model contains large bounds,8e-06,100000.0,0.0002,100.0,10.0,3000000.0,1.0,4000000000.0,0.0007499999999999999,1.0,0.0003,1.0,21920000000000.0,300800000000.0,1.0,1.118,0.046430188,11.436226372,4.941561782647611,4.941561782647611,4.921499426839082,0.046430188,0.004076472243219203,0.033989428370524995,-148.738198408857,-0.0007024619865748836,-149.0,-0.0007036998554817746,0.0007499999999999999,0.013722627737226278,25231.0,,0.01374130244777255,7.0,,1.0,5.0,7.0,8.822128714285714,0.81511066780309,,,,,,,,OK,REVISAR,5.96046447753906e-07,0.0,2.6193447411060333e-10,27.838732382901,0.0,4.94460559040691e-09,5.7065463465733e-14,1.82194635272024e-07,3.69482222595252e-13,0.256645177120439,0.224582117286451,9.53090798144917,5.64319431668275,2.27373675443232e-13,0.0,5.96046447753906e-07,0.0,0.0,0.0,0.0,0.0,0.0,0.0,0.0,0.0,0.0,-211887.168535523,27.838732382901,0.0,1.47148966789246e-05,0.0,0.0,0.0,825.0,0.0,166.0,0.0,0.0,0.0,0.0,-211887.168535523,-211887.168535523,-148.73819840859505,0.0007024619865736466,mejora,-76.773547918041,DIFIERE,330000.0,515,/clusteruy/home/mathiasr/generator-aware-row-scaling/results-revision/r5-ablation/sgtm-gurobi-01pct/resultados/instance023_estructurado.csv,/clusteruy/home/mathiasr/generator-aware-row-scaling/results-revision/r5-ablation/sgtm-gurobi-01pct/resultados/instance023_estructurado_postprocesado.csv,/clusteruy/home/mathiasr/generator-aware-row-scaling/results-revision/r5-ablation/sgtm-gurobi-01pct/logs/instance023_estructurado.log
instance023.txt,estructurado_solo_local,OK,0,9.061048238,0.00271054882674,-211887.16853552326,-211887.0,OPTIMAL,-211892.911840684,2867.0,49966.0,0.13,10080.0,6120.0,22679.0,8465.0,5526.0,20458.0,16.021825396825395,9.705882352941176,9.793200758410865,1,Model contains large bounds,8e-06,100000.0,0.0002,100.0,10.0,3000000.0,1.0,4000000000.0,0.0007499999999999999,1.0,0.0003,1.0,21920000000000.0,300800000000.0,1.0,1.118,0.046276538,9.107324776,6.211575091164414,6.211575091164414,6.180012563439079,0.046276538,0.005107194751036265,0.033989428370524995,-148.738198408857,-0.0007024619865748836,-149.0,-0.0007036998554817746,0.0007499999999999999,0.013722627737226278,25231.0,,0.01374130244777255,7.0,,1.0,4.0,7.0,8.822128714285714,0.800372046404464,,,,,,,,OK,REVISAR,5.96046447753906e-07,0.0,2.6193447411060333e-10,27.838732382901,0.0,4.94460559040691e-09,5.7065463465733e-14,1.82194635272024e-07,3.69482222595252e-13,0.256645177120439,0.224582117286451,9.53090798144917,5.64319431668275,2.27373675443232e-13,0.0,5.96046447753906e-07,0.0,0.0,0.0,0.0,0.0,0.0,0.0,0.0,0.0,0.0,-211887.168535523,27.838732382901,0.0,1.47148966789246e-05,0.0,0.0,0.0,825.0,0.0,166.0,0.0,0.0,0.0,0.0,-211887.168535523,-211887.168535523,-148.73819840859505,0.0007024619865736466,mejora,-76.773547918041,DIFIERE,330000.0,515,/clusteruy/home/mathiasr/generator-aware-row-scaling/results-revision/r5-ablation/sgtm-gurobi-01pct/resultados/instance023_estructurado_solo_local.csv,/clusteruy/home/mathiasr/generator-aware-row-scaling/results-revision/r5-ablation/sgtm-gurobi-01pct/resultados/instance023_estructurado_solo_local_postprocesado.csv,/clusteruy/home/mathiasr/generator-aware-row-scaling/results-revision/r5-ablation/sgtm-gurobi-01pct/logs/instance023_estructurado_solo_local.log
instance023.txt,estructurado_solo_acoplamiento,OK,0,61.288418059,0.036699977197265,-211738.4303371144,-211738.0,OPTIMAL,-211816.13829276597,20614.0,729501.0,0.12,10080.0,6120.0,22679.0,8465.0,5526.0,20458.0,16.021825396825395,9.705882352941176,9.793200758410865,3,Model contains large bounds | Model contains large matrix coefficient range | Model contains large rhs,0.0006,10000000000.0,0.0002,100.0,10.0,10000000000.0,1.0,4000000000.0,1.0,1.0,1.0,1.0,21920000000000.0,21920000000000.0,1.0,1.0,0.040057545,61.328475604000005,0.9183363401681889,0.9183363401681889,0.9177365160422974,0.040057545,0.0006535907805849735,0.0,0.0,0.0,0.0,0.0,1.0,1.0,1836143.0,,0.9999998533692852,62.0,,1.0,2.0,62.0,0.9960467903225806,0.8728776717886,,,,,,,,OK,REVISAR,8.81031155586243e-07,1.11022302462516e-16,4.0745362639427185e-10,27.8342091919808,1.11022302462516e-16,3.80997062768026e-09,5.6843418860808e-14,1.47148966789246e-07,1.94955163124177e-13,0.256640215492975,0.222075231767565,9.52742512444078,5.64227741985914,2.27373675443232e-13,0.0,8.81031155586243e-07,0.0,0.0,1.11022302462516e-16,0.0,0.0,0.0,0.0,0.0,0.0,0.0,-211738.430337114,27.8342091919808,0.0,1.47111713886261e-05,0.0,0.0,1.11022302462516e-16,824.0,0.0,166.0,0.0,0.0,0.0,0.0,-211738.430337114,-211738.430337114,4.0745362639427185e-10,1.9243253373776034e-15,igual,0.0,OK,0.0,0,/clusteruy/home/mathiasr/generator-aware-row-scaling/results-revision/r5-ablation/sgtm-gurobi-01pct/resultados/instance023_estructurado_solo_acoplamiento.csv,/clusteruy/home/mathiasr/generator-aware-row-scaling/results-revision/r5-ablation/sgtm-gurobi-01pct/resultados/instance023_estructurado_solo_acoplamiento_postprocesado.csv,/clusteruy/home/mathiasr/generator-aware-row-scaling/results-revision/r5-ablation/sgtm-gurobi-01pct/logs/instance023_estructurado_solo_acoplamiento.log
instance023.txt,estructurado_matricial,OK,0,12.161338853,0.095095456033842,-211878.1878355492,-211878.0,OPTIMAL,-212079.67436450766,3108.0,57626.0,0.12,10080.0,6120.0,22679.0,8465.0,5526.0,20458.0,16.021825396825395,9.705882352941176,9.793200758410865,1,Model contains large bounds,8e-06,100000.0,0.0002,100.0,10.0,40000000.0,1.0,4000000000.0,0.0007499999999999999,1.0,0.004,1.0,21920000000000.0,4572000000000.0,1.0,1.0,0.047853496,12.209192349,4.628057997176505,4.628057997176505,4.609918488147163,0.047853496,0.003934887151688511,-0.058395478836576996,-139.75749843480298,-0.0006600478628857848,-140.0,-0.0006611944950835467,0.0007499999999999999,0.20857664233576642,160987.0,,0.08767670949068843,9.0,,1.0,4.0,9.0,6.861655666666667,0.75573583919779,,,,,,,,OK,REVISAR,6.46337866783142e-07,0.0,2.0372681319713593e-10,27.8372246525943,0.0,5.4803930225335e-09,8.5265128291212e-14,2.09007412195204e-07,2.55795384873636e-13,0.256738503714123,0.225941703681594,9.52918263786357,5.64288868440823,2.27373675443232e-13,0.0,6.46337866783142e-07,0.0,0.0,0.0,0.0,0.0,0.0,0.0,0.0,0.0,0.0,-211878.187835549,27.8372246525943,0.0,1.47148966789246e-05,0.0,0.0,0.0,827.0,0.0,166.0,0.0,0.0,0.0,0.0,-211878.187835549,-211878.187835549,-139.75749843459926,0.0006600478628848226,mejora,-263.53607174169156,DIFIERE,280000.0,620,/clusteruy/home/mathiasr/generator-aware-row-scaling/results-revision/r5-ablation/sgtm-gurobi-01pct/resultados/instance023_estructurado_matricial.csv,/clusteruy/home/mathiasr/generator-aware-row-scaling/results-revision/r5-ablation/sgtm-gurobi-01pct/resultados/instance023_estructurado_matricial_postprocesado.csv,/clusteruy/home/mathiasr/generator-aware-row-scaling/results-revision/r5-ablation/sgtm-gurobi-01pct/logs/instance023_estructurado_matricial.log
instance023.txt,matricial_solo_local,OK,0,14.98195869,0.095095456033842,-211878.1878355492,-211878.0,OPTIMAL,-212079.67436450766,3108.0,57626.0,0.12,10080.0,6120.0,22679.0,8465.0,5526.0,20458.0,16.021825396825395,9.705882352941176,9.793200758410865,1,Model contains large bounds,8e-06,100000.0,0.0002,100.0,10.0,40000000.0,1.0,4000000000.0,0.0007499999999999999,1.0,0.004,1.0,21920000000000.0,4572000000000.0,1.0,1.0,0.047126949,15.029085639000002,3.7567438743885626,3.7567438743885626,3.7449637913398006,0.047126949,0.0031455799588778603,-0.058395478836576996,-139.75749843480298,-0.0006600478628857848,-140.0,-0.0006611944950835467,0.0007499999999999999,0.20857664233576642,160987.0,,0.08767670949068843,9.0,,1.0,4.0,9.0,6.861655666666667,0.756958231667662,,,,,,,,OK,REVISAR,6.46337866783142e-07,0.0,2.0372681319713593e-10,27.8372246525943,0.0,5.4803930225335e-09,8.5265128291212e-14,2.09007412195204e-07,2.55795384873636e-13,0.256738503714123,0.225941703681594,9.52918263786357,5.64288868440823,2.27373675443232e-13,0.0,6.46337866783142e-07,0.0,0.0,0.0,0.0,0.0,0.0,0.0,0.0,0.0,0.0,-211878.187835549,27.8372246525943,0.0,1.47148966789246e-05,0.0,0.0,0.0,827.0,0.0,166.0,0.0,0.0,0.0,0.0,-211878.187835549,-211878.187835549,-139.75749843459926,0.0006600478628848226,mejora,-263.53607174169156,DIFIERE,280000.0,620,/clusteruy/home/mathiasr/generator-aware-row-scaling/results-revision/r5-ablation/sgtm-gurobi-01pct/resultados/instance023_matricial_solo_local.csv,/clusteruy/home/mathiasr/generator-aware-row-scaling/results-revision/r5-ablation/sgtm-gurobi-01pct/resultados/instance023_matricial_solo_local_postprocesado.csv,/clusteruy/home/mathiasr/generator-aware-row-scaling/results-revision/r5-ablation/sgtm-gurobi-01pct/logs/instance023_matricial_solo_local.log
instance023.txt,matricial_solo_acoplamiento,OK,0,66.451116805,0.036699977197265,-211738.4303371144,-211738.0,OPTIMAL,-211816.13829276597,20614.0,729501.0,0.12,10080.0,6120.0,22679.0,8465.0,5526.0,20458.0,16.021825396825395,9.705882352941176,9.793200758410865,3,Model contains large bounds | Model contains large matrix coefficient range | Model contains large rhs,0.0006,10000000000.0,0.0002,100.0,10.0,10000000000.0,1.0,4000000000.0,1.0,1.0,1.0,1.0,21920000000000.0,21920000000000.0,1.0,1.0,0.041114211,66.49223101599999,0.8469892492576596,0.8469892492576596,0.8464655295060945,0.041114211,0.0006187136195265032,0.0,0.0,0.0,0.0,0.0,1.0,1.0,1836143.0,,0.9999998533692852,62.0,,1.0,2.0,62.0,0.9960467903225806,0.883930154862995,,,,,,,,OK,REVISAR,8.81031155586243e-07,1.11022302462516e-16,4.0745362639427185e-10,27.8342091919808,1.11022302462516e-16,3.80997062768026e-09,5.6843418860808e-14,1.47148966789246e-07,1.94955163124177e-13,0.256640215492975,0.222075231767565,9.52742512444078,5.64227741985914,2.27373675443232e-13,0.0,8.81031155586243e-07,0.0,0.0,1.11022302462516e-16,0.0,0.0,0.0,0.0,0.0,0.0,0.0,-211738.430337114,27.8342091919808,0.0,1.47111713886261e-05,0.0,0.0,1.11022302462516e-16,824.0,0.0,166.0,0.0,0.0,0.0,0.0,-211738.430337114,-211738.430337114,4.0745362639427185e-10,1.9243253373776034e-15,igual,0.0,OK,0.0,0,/clusteruy/home/mathiasr/generator-aware-row-scaling/results-revision/r5-ablation/sgtm-gurobi-01pct/resultados/instance023_matricial_solo_acoplamiento.csv,/clusteruy/home/mathiasr/generator-aware-row-scaling/results-revision/r5-ablation/sgtm-gurobi-01pct/resultados/instance023_matricial_solo_acoplamiento_postprocesado.csv,/clusteruy/home/mathiasr/generator-aware-row-scaling/results-revision/r5-ablation/sgtm-gurobi-01pct/logs/instance023_matricial_solo_acoplamiento.log
instance024.txt,base,OK,0,64.632023222,1.6e-14,1462161.9770836176,1462160.0,OPTIMAL,1462161.9770836174,18535.0,1653174.0,0.16,10080.0,6120.0,22679.0,8328.0,5452.0,19969.0,17.38095238095238,10.915032679738562,11.949380484148332,3,Model contains large bounds | Model contains large matrix coefficient range | Model contains large rhs,0.0006,10000000000.0,0.0003,100.0,20.0,10000000000.0,1.0,4000000000.0,,,,,,,,,0.0,64.632023222,1.0,1.0,1.0,0.0,0.0,0.0,,,0.0,,,,177799050.849609,,,69.560515,,0.938063,2.323542,69.560515,1.0,0.853991495155253,,,,,,,,BASE,BASE,,,,,,7.87376513724408e-10,2.8421709430404e-14,3.11993062496185e-08,3.12638803734444e-13,0.0606190961533916,5.6843418860808e-14,0.840032132499227,3.28469968227016,2.27373675443232e-13,0.0,1.19209289550781e-07,0.0,0.0,0.0,0.0,0.0,0.0,0.0,0.0,0.0,0.0,1462161.97708362,17.6886919581995,0.0,9.15536656975746e-06,0.0,0.0,0.0,169.0,0.0,42.0,0.0,0.0,0.0,0.0,1462161.97708362,,,,,,BASE,0.0,0,/clusteruy/home/mathiasr/generator-aware-row-scaling/results-revision/r5-ablation/sgtm-gurobi-01pct/resultados/instance024_base.csv,/clusteruy/home/mathiasr/generator-aware-row-scaling/results-revision/r5-ablation/sgtm-gurobi-01pct/resultados/instance024_base_postprocesado.csv,/clusteruy/home/mathiasr/generator-aware-row-scaling/results-revision/r5-ablation/sgtm-gurobi-01pct/logs/instance024_base.log
instance024.txt,estructurado,OK,0,53.196853998,0.051059401928381,1466016.429726943,1466020.0,OPTIMAL,1465267.8905057525,10851.0,775124.0,0.17,10080.0,6120.0,22679.0,8328.0,5452.0,19969.0,17.38095238095238,10.915032679738562,11.949380484148332,1,Model contains large bounds,8e-06,100000.0,0.0003,100.0,10.0,3000000.0,1.0,4000000000.0,0.0007499999999999999,1.0,0.0006,1.0,24040000000000.0,306400000000.0,1.0,1.118,0.046817105,53.243671103000004,1.214959501635753,1.214959501635753,1.2138911890010213,0.046817105,0.0008800728141134087,-0.051059401928365,3854.4526433253195,0.002636132455730582,3860.0,0.0026399299666247196,0.0007499999999999999,0.012745424292845258,29781.0,,0.00016749808200714302,48.0,,1.0,2.0,48.0,1.4491773958333332,0.8117782464022,,,,,,,,OK,REVISAR,6.33299350738525e-07,0.0,6.984919309616089e-09,16.9257804230095,0.0,1.68077212967627e-09,2.8421709430404e-14,5.80353662371623e-08,3.5527136788005e-13,0.0610348940921521,8.5265128291212e-14,0.939238763818158,9.84485977903729,1.87583282240666e-12,0.0,6.33299350738525e-07,0.0,0.0,0.0,0.0,0.0,0.0,0.0,0.0,0.0,0.0,1466016.42972695,16.9257804230095,0.0,2.81557440757751e-05,0.0,0.0,0.0,160.0,0.0,43.0,0.0,0.0,0.0,0.0,1466016.42972695,1466016.42972695,3854.4526433323044,0.002636132455735359,empeora,3105.9134221351705,DIFIERE,19490000.0,508,/clusteruy/home/mathiasr/generator-aware-row-scaling/results-revision/r5-ablation/sgtm-gurobi-01pct/resultados/instance024_estructurado.csv,/clusteruy/home/mathiasr/generator-aware-row-scaling/results-revision/r5-ablation/sgtm-gurobi-01pct/resultados/instance024_estructurado_postprocesado.csv,/clusteruy/home/mathiasr/generator-aware-row-scaling/results-revision/r5-ablation/sgtm-gurobi-01pct/logs/instance024_estructurado.log
instance024.txt,estructurado_solo_local,OK,0,50.060808595,0.051059401928381,1466016.429726943,1466020.0,OPTIMAL,1465267.8905057525,10851.0,775124.0,0.17,10080.0,6120.0,22679.0,8328.0,5452.0,19969.0,17.38095238095238,10.915032679738562,11.949380484148332,1,Model contains large bounds,8e-06,100000.0,0.0003,100.0,10.0,3000000.0,1.0,4000000000.0,0.0007499999999999999,1.0,0.0006,1.0,24040000000000.0,306400000000.0,1.0,1.118,0.046892745,50.10770134,1.2910703010189764,1.2910703010189764,1.289862066979423,0.046892745,0.0009367156926962538,-0.051059401928365,3854.4526433253195,0.002636132455730582,3860.0,0.0026399299666247196,0.0007499999999999999,0.012745424292845258,29781.0,,0.00016749808200714302,48.0,,1.0,2.0,48.0,1.4491773958333332,0.804673139274501,,,,,,,,OK,REVISAR,6.33299350738525e-07,0.0,6.984919309616089e-09,16.9257804230095,0.0,1.68077212967627e-09,2.8421709430404e-14,5.80353662371623e-08,3.5527136788005e-13,0.0610348940921521,8.5265128291212e-14,0.939238763818158,9.84485977903729,1.87583282240666e-12,0.0,6.33299350738525e-07,0.0,0.0,0.0,0.0,0.0,0.0,0.0,0.0,0.0,0.0,1466016.42972695,16.9257804230095,0.0,2.81557440757751e-05,0.0,0.0,0.0,160.0,0.0,43.0,0.0,0.0,0.0,0.0,1466016.42972695,1466016.42972695,3854.4526433323044,0.002636132455735359,empeora,3105.9134221351705,DIFIERE,19490000.0,508,/clusteruy/home/mathiasr/generator-aware-row-scaling/results-revision/r5-ablation/sgtm-gurobi-01pct/resultados/instance024_estructurado_solo_local.csv,/clusteruy/home/mathiasr/generator-aware-row-scaling/results-revision/r5-ablation/sgtm-gurobi-01pct/resultados/instance024_estructurado_solo_local_postprocesado.csv,/clusteruy/home/mathiasr/generator-aware-row-scaling/results-revision/r5-ablation/sgtm-gurobi-01pct/logs/instance024_estructurado_solo_local.log
instance024.txt,estructurado_solo_acoplamiento,OK,0,64.098596371,1.6e-14,1462161.9770836176,1462160.0,OPTIMAL,1462161.9770836174,18535.0,1653174.0,0.16,10080.0,6120.0,22679.0,8328.0,5452.0,19969.0,17.38095238095238,10.915032679738562,11.949380484148332,3,Model contains large bounds | Model contains large matrix coefficient range | Model contains large rhs,0.0006,10000000000.0,0.0003,100.0,20.0,10000000000.0,1.0,4000000000.0,1.0,1.0,1.0,1.0,24040000000000.0,24040000000000.0,1.0,1.0,0.0403393,64.138935671,1.0083219739775977,1.0083219739775977,1.0076878037629013,0.0403393,0.0006293320335209498,0.0,0.0,0.0,0.0,0.0,1.0,1.0,177799051.0,,1.0000000008458483,70.0,,1.0,2.0,70.0,0.9937216428571428,0.848720335307595,,,,,,,,OK,REVISAR,1.19209289550781e-07,0.0,2.3283064365386963e-09,17.6886919581995,0.0,7.87376513724408e-10,2.8421709430404e-14,3.11993062496185e-08,3.12638803734444e-13,0.0606190961533916,5.6843418860808e-14,0.840032132499227,3.28469968227016,2.27373675443232e-13,0.0,1.19209289550781e-07,0.0,0.0,0.0,0.0,0.0,0.0,0.0,0.0,0.0,0.0,1462161.97708362,17.6886919581995,0.0,9.15536656975746e-06,0.0,0.0,0.0,169.0,0.0,42.0,0.0,0.0,0.0,0.0,1462161.97708362,1462161.97708362,2.3283064365386963e-09,1.5923724409676302e-15,igual,0.0,OK,0.0,0,/clusteruy/home/mathiasr/generator-aware-row-scaling/results-revision/r5-ablation/sgtm-gurobi-01pct/resultados/instance024_estructurado_solo_acoplamiento.csv,/clusteruy/home/mathiasr/generator-aware-row-scaling/results-revision/r5-ablation/sgtm-gurobi-01pct/resultados/instance024_estructurado_solo_acoplamiento_postprocesado.csv,/clusteruy/home/mathiasr/generator-aware-row-scaling/results-revision/r5-ablation/sgtm-gurobi-01pct/logs/instance024_estructurado_solo_acoplamiento.log
instance024.txt,estructurado_matricial,OK,0,67.398270295,0.059772612410759,1462161.9770836192,1462160.0,OPTIMAL,1461288.0046722395,21916.0,1336202.0,0.16,10080.0,6120.0,22679.0,8328.0,5452.0,19969.0,17.38095238095238,10.915032679738562,11.949380484148332,1,Model contains large bounds,8e-06,100000.0,0.0003,100.0,20.0,40000000.0,1.0,4000000000.0,0.0007499999999999999,1.0,0.004,1.0,24040000000000.0,4180000000000.0,1.0,1.0,0.048197224,67.44646751900001,0.9589567052553095,0.9589567052553095,0.9582714351021102,0.048197224,0.000715110696298916,-0.059772612410743,1.6298145055770874e-09,1.1146607086773411e-15,0.0,0.0,0.0007499999999999999,0.17387687188019968,14177570.0,,0.07973928956455495,61.0,,1.0,2.0,61.0,1.1403363114754097,0.860471035521053,,,,,,,,OK,REVISAR,1.9073486328125e-06,0.0,6.984919309616089e-10,17.6886919581995,0.0,1.55594846072671e-09,1.4210854715202e-14,4.4703483581543e-08,2.70006239588838e-13,0.0603917085129922,5.6843418860808e-14,0.846690540515677,3.28469968227016,1.9073486328125e-06,0.0,3.20374965667725e-07,0.0,0.0,0.0,1.0,0.0,0.0,0.0,0.0,0.0,0.0,1462161.97708362,17.6886919581995,0.0,9.15536656975746e-06,0.0,0.0,0.0,168.0,0.0,42.0,0.0,0.0,0.0,0.0,1462161.97708362,1462161.97708362,2.3283064365386963e-09,1.5923724409676302e-15,igual,-873.9724113778211,DIFIERE,4020000.0,414,/clusteruy/home/mathiasr/generator-aware-row-scaling/results-revision/r5-ablation/sgtm-gurobi-01pct/resultados/instance024_estructurado_matricial.csv,/clusteruy/home/mathiasr/generator-aware-row-scaling/results-revision/r5-ablation/sgtm-gurobi-01pct/resultados/instance024_estructurado_matricial_postprocesado.csv,/clusteruy/home/mathiasr/generator-aware-row-scaling/results-revision/r5-ablation/sgtm-gurobi-01pct/logs/instance024_estructurado_matricial.log
instance024.txt,matricial_solo_local,OK,0,63.472092905,0.059772612410759,1462161.9770836192,1462160.0,OPTIMAL,1461288.0046722395,21916.0,1336202.0,0.16,10080.0,6120.0,22679.0,8328.0,5452.0,19969.0,17.38095238095238,10.915032679738562,11.949380484148332,1,Model contains large bounds,8e-06,100000.0,0.0003,100.0,20.0,40000000.0,1.0,4000000000.0,0.0007499999999999999,1.0,0.004,1.0,24040000000000.0,4180000000000.0,1.0,1.0,0.046874774,63.518967679,1.0182746505418703,1.0182746505418703,1.0175231995051455,0.046874774,0.000738509979025876,-0.059772612410743,1.6298145055770874e-09,1.1146607086773411e-15,0.0,0.0,0.0007499999999999999,0.17387687188019968,14177570.0,,0.07973928956455495,61.0,,1.0,2.0,61.0,1.1403363114754097,0.859515410050557,,,,,,,,OK,REVISAR,1.9073486328125e-06,0.0,6.984919309616089e-10,17.6886919581995,0.0,1.55594846072671e-09,1.4210854715202e-14,4.4703483581543e-08,2.70006239588838e-13,0.0603917085129922,5.6843418860808e-14,0.846690540515677,3.28469968227016,1.9073486328125e-06,0.0,3.20374965667725e-07,0.0,0.0,0.0,1.0,0.0,0.0,0.0,0.0,0.0,0.0,1462161.97708362,17.6886919581995,0.0,9.15536656975746e-06,0.0,0.0,0.0,168.0,0.0,42.0,0.0,0.0,0.0,0.0,1462161.97708362,1462161.97708362,2.3283064365386963e-09,1.5923724409676302e-15,igual,-873.9724113778211,DIFIERE,4020000.0,414,/clusteruy/home/mathiasr/generator-aware-row-scaling/results-revision/r5-ablation/sgtm-gurobi-01pct/resultados/instance024_matricial_solo_local.csv,/clusteruy/home/mathiasr/generator-aware-row-scaling/results-revision/r5-ablation/sgtm-gurobi-01pct/resultados/instance024_matricial_solo_local_postprocesado.csv,/clusteruy/home/mathiasr/generator-aware-row-scaling/results-revision/r5-ablation/sgtm-gurobi-01pct/logs/instance024_matricial_solo_local.log
instance024.txt,matricial_solo_acoplamiento,OK,0,59.927723283,1.6e-14,1462161.9770836176,1462160.0,OPTIMAL,1462161.9770836174,18535.0,1653174.0,0.16,10080.0,6120.0,22679.0,8328.0,5452.0,19969.0,17.38095238095238,10.915032679738562,11.949380484148332,3,Model contains large bounds | Model contains large matrix coefficient range | Model contains large rhs,0.0006,10000000000.0,0.0003,100.0,20.0,10000000000.0,1.0,4000000000.0,1.0,1.0,1.0,1.0,24040000000000.0,24040000000000.0,1.0,1.0,0.041279091,59.969002374,1.0784995604919718,1.0784995604919718,1.0777571856026353,0.041279091,0.0006888146043036787,0.0,0.0,0.0,0.0,0.0,1.0,1.0,177799051.0,,1.0000000008458483,70.0,,1.0,2.0,70.0,0.9937216428571428,0.849214132133058,,,,,,,,OK,REVISAR,1.19209289550781e-07,0.0,2.3283064365386963e-09,17.6886919581995,0.0,7.87376513724408e-10,2.8421709430404e-14,3.11993062496185e-08,3.12638803734444e-13,0.0606190961533916,5.6843418860808e-14,0.840032132499227,3.28469968227016,2.27373675443232e-13,0.0,1.19209289550781e-07,0.0,0.0,0.0,0.0,0.0,0.0,0.0,0.0,0.0,0.0,1462161.97708362,17.6886919581995,0.0,9.15536656975746e-06,0.0,0.0,0.0,169.0,0.0,42.0,0.0,0.0,0.0,0.0,1462161.97708362,1462161.97708362,2.3283064365386963e-09,1.5923724409676302e-15,igual,0.0,OK,0.0,0,/clusteruy/home/mathiasr/generator-aware-row-scaling/results-revision/r5-ablation/sgtm-gurobi-01pct/resultados/instance024_matricial_solo_acoplamiento.csv,/clusteruy/home/mathiasr/generator-aware-row-scaling/results-revision/r5-ablation/sgtm-gurobi-01pct/resultados/instance024_matricial_solo_acoplamiento_postprocesado.csv,/clusteruy/home/mathiasr/generator-aware-row-scaling/results-revision/r5-ablation/sgtm-gurobi-01pct/logs/instance024_matricial_solo_acoplamiento.log
instance025.txt,base,OK,0,0.881947293,0.007640094668434,-2970241.460084687,-2970240.0,OPTIMAL,-2970468.3893441185,1.0,8553.0,0.12,10080.0,6120.0,22679.0,8403.0,5478.0,19859.0,16.636904761904763,10.490196078431373,12.434410688301954,3,Model contains large bounds | Model contains large matrix coefficient range | Model contains large rhs,0.0007,10000000000.0,0.0008,100.0,40.0,10000000000.0,1.0,4000000000.0,,,,,,,,,0.0,0.881947293,1.0,1.0,1.0,0.0,0.0,0.0,,,0.0,,,,1844379.808148,,,0.59745,,0.00922,0.806979,0.59745,1.0,0.242486644317528,,,,,,,,BASE,BASE,,,,,,4.09246227540057e-09,4.61852778244065e-14,1.69500708580017e-07,2.50466314355435e-13,0.442405981511353,1.79005097340982,12.8454242523434,7.6662868121968,5.6843418860808e-14,0.0,2.36555933952332e-07,0.0,0.0,0.0,0.0,0.0,0.0,0.0,0.0,0.0,0.0,-2970241.46008469,33.1566377118037,0.0,1.47111713886261e-05,0.0,0.0,0.0,1853.0,0.0,98.0,0.0,0.0,0.0,0.0,-2970241.46008469,,,,,,BASE,0.0,0,/clusteruy/home/mathiasr/generator-aware-row-scaling/results-revision/r5-ablation/sgtm-gurobi-01pct/resultados/instance025_base.csv,/clusteruy/home/mathiasr/generator-aware-row-scaling/results-revision/r5-ablation/sgtm-gurobi-01pct/resultados/instance025_base_postprocesado.csv,/clusteruy/home/mathiasr/generator-aware-row-scaling/results-revision/r5-ablation/sgtm-gurobi-01pct/logs/instance025_base.log
instance025.txt,estructurado,OK,0,0.736059125,0.096712771314755,-2969333.5849101944,-2969330.0,OPTIMAL,-2972205.309709741,1.0,8935.0,0.13,10080.0,6120.0,22679.0,8403.0,5478.0,19859.0,16.636904761904763,10.490196078431373,12.434410688301954,1,Model contains large bounds,9e-06,100000.0,0.0008,100.0,10.0,1000000.0,1.0,4000000000.0,0.0007777777777777777,1.0,0.0004,1.0,18380000000000.0,158900000000.0,1.0,1.118,0.046571974,0.782631099,1.1982016974519538,1.1982016974519538,1.1269003929525676,0.046571974,0.06327205576046625,-0.089072676646321,907.8751744925976,0.00030565702711142967,910.0,0.00030637254901960784,0.0007777777777777777,0.008645266594124047,2202677.0,,1.194264321409904,1.0,,0.0,1.0,1.0,0.59745,0.526587806397506,,,,,,,,OK,REVISAR,8.04662704467773e-07,0.0,4.190951585769653e-09,33.1726864231841,0.0,7.93453742445768e-09,5.6843418860808e-14,3.04002314805983e-07,1.50546242139171e-13,0.442465579331785,1.79063384355898,12.8525570129567,7.6745214121969,1.13686837721616e-13,0.0,8.04662704467773e-07,0.0,0.0,0.0,0.0,0.0,0.0,0.0,0.0,0.0,0.0,-2969333.58491019,33.1726864231841,0.0,1.49551779031754e-05,0.0,0.0,0.0,1848.0,0.0,97.0,0.0,0.0,0.0,0.0,-2969333.58491019,-2969333.58491019,907.8751744967885,0.00030565702711284065,empeora,-1736.9203656222671,DIFIERE,500000.0,982,/clusteruy/home/mathiasr/generator-aware-row-scaling/results-revision/r5-ablation/sgtm-gurobi-01pct/resultados/instance025_estructurado.csv,/clusteruy/home/mathiasr/generator-aware-row-scaling/results-revision/r5-ablation/sgtm-gurobi-01pct/resultados/instance025_estructurado_postprocesado.csv,/clusteruy/home/mathiasr/generator-aware-row-scaling/results-revision/r5-ablation/sgtm-gurobi-01pct/logs/instance025_estructurado.log
instance025.txt,estructurado_solo_local,OK,0,0.693117801,0.096712771314755,-2969333.5849101944,-2969330.0,OPTIMAL,-2972205.309709741,1.0,8935.0,0.13,10080.0,6120.0,22679.0,8403.0,5478.0,19859.0,16.636904761904763,10.490196078431373,12.434410688301954,1,Model contains large bounds,9e-06,100000.0,0.0008,100.0,10.0,1000000.0,1.0,4000000000.0,0.0007777777777777777,1.0,0.0004,1.0,18380000000000.0,158900000000.0,1.0,1.118,0.046260861,0.739378662,1.2724349190391087,1.2724349190391087,1.1928222145528997,0.046260861,0.06674314370985258,-0.089072676646321,907.8751744925976,0.00030565702711142967,910.0,0.00030637254901960784,0.0007777777777777777,0.008645266594124047,2202677.0,,1.194264321409904,1.0,,0.0,1.0,1.0,0.59745,0.537607342764407,,,,,,,,OK,REVISAR,8.04662704467773e-07,0.0,4.190951585769653e-09,33.1726864231841,0.0,7.93453742445768e-09,5.6843418860808e-14,3.04002314805983e-07,1.50546242139171e-13,0.442465579331785,1.79063384355898,12.8525570129567,7.6745214121969,1.13686837721616e-13,0.0,8.04662704467773e-07,0.0,0.0,0.0,0.0,0.0,0.0,0.0,0.0,0.0,0.0,-2969333.58491019,33.1726864231841,0.0,1.49551779031754e-05,0.0,0.0,0.0,1848.0,0.0,97.0,0.0,0.0,0.0,0.0,-2969333.58491019,-2969333.58491019,907.8751744967885,0.00030565702711284065,empeora,-1736.9203656222671,DIFIERE,500000.0,982,/clusteruy/home/mathiasr/generator-aware-row-scaling/results-revision/r5-ablation/sgtm-gurobi-01pct/resultados/instance025_estructurado_solo_local.csv,/clusteruy/home/mathiasr/generator-aware-row-scaling/results-revision/r5-ablation/sgtm-gurobi-01pct/resultados/instance025_estructurado_solo_local_postprocesado.csv,/clusteruy/home/mathiasr/generator-aware-row-scaling/results-revision/r5-ablation/sgtm-gurobi-01pct/logs/instance025_estructurado_solo_local.log
instance025.txt,estructurado_solo_acoplamiento,OK,0,0.804821325,0.007640094668434,-2970241.460084687,-2970240.0,OPTIMAL,-2970468.3893441185,1.0,8553.0,0.12,10080.0,6120.0,22679.0,8403.0,5478.0,19859.0,16.636904761904763,10.490196078431373,12.434410688301954,3,Model contains large bounds | Model contains large matrix coefficient range | Model contains large rhs,0.0007,10000000000.0,0.0008,100.0,40.0,10000000000.0,1.0,4000000000.0,1.0,1.0,1.0,1.0,18380000000000.0,18380000000000.0,1.0,1.0,0.039971244,0.844792569,1.0958299259776696,1.0958299259776696,1.0439808840221936,0.039971244,0.04966474266819409,0.0,0.0,0.0,0.0,0.0,1.0,1.0,1844380.0,,1.00000010401979,1.0,,0.0,1.0,1.0,0.59745,0.255505446798953,,,,,,,,OK,REVISAR,2.36555933952332e-07,0.0,2.7939677238464355e-09,33.1566377118037,0.0,4.09246227540057e-09,4.61852778244065e-14,1.69500708580017e-07,2.50466314355435e-13,0.442405981511353,1.79005097340982,12.8454242523434,7.6662868121968,5.6843418860808e-14,0.0,2.36555933952332e-07,0.0,0.0,0.0,0.0,0.0,0.0,0.0,0.0,0.0,0.0,-2970241.46008469,33.1566377118037,0.0,1.47111713886261e-05,0.0,0.0,0.0,1853.0,0.0,98.0,0.0,0.0,0.0,0.0,-2970241.46008469,-2970241.46008469,-2.7939677238464355e-09,9.40653398517565e-16,igual,0.0,OK,0.0,0,/clusteruy/home/mathiasr/generator-aware-row-scaling/results-revision/r5-ablation/sgtm-gurobi-01pct/resultados/instance025_estructurado_solo_acoplamiento.csv,/clusteruy/home/mathiasr/generator-aware-row-scaling/results-revision/r5-ablation/sgtm-gurobi-01pct/resultados/instance025_estructurado_solo_acoplamiento_postprocesado.csv,/clusteruy/home/mathiasr/generator-aware-row-scaling/results-revision/r5-ablation/sgtm-gurobi-01pct/logs/instance025_estructurado_solo_acoplamiento.log
instance025.txt,estructurado_matricial,OK,0,0.570341786,0.096712771314975,-2969333.584910183,-2969330.0,OPTIMAL,-2972205.309709736,1.0,8237.0,0.12,10080.0,6120.0,22679.0,8403.0,5478.0,19859.0,16.636904761904763,10.490196078431373,12.434410688301954,1,Model contains large bounds,9e-06,100000.0,0.0008,100.0,90.0,40000000.0,1.0,4000000000.0,0.0007777777777777777,1.0,0.0017777777777777776,1.0,18380000000000.0,5022000000000.0,1.0,1.0,0.048135279,0.618477065,1.5463487239562,1.5463487239562,1.4259983803926504,0.048135279,0.08439725122998441,-0.08907267664654099,907.8751745037735,0.0003056570271151923,910.0,0.00030637254901960784,0.0007777777777777777,0.2732317736670294,17452327.0,,9.462436599500855,0.0,,0.0,1.0,0.0,,0.43544793905854,,,,,,,,OK,REVISAR,6.10947608947754e-07,0.0,3.259629011154175e-09,33.1726864231841,0.0,6.87811461322396e-09,4.70734562441066e-14,2.72728502750393e-07,1.88293824976427e-13,0.442506527062653,1.79537418414059,12.8525570129567,7.67452141219684,5.6843418860808e-14,0.0,6.10947608947754e-07,0.0,0.0,0.0,0.0,0.0,0.0,0.0,0.0,0.0,0.0,-2969333.58491018,33.1726864231841,0.0,1.51395797729492e-05,0.0,0.0,0.0,1848.0,0.0,98.0,0.0,0.0,0.0,0.0,-2969333.58491018,-2969333.58491018,907.8751745070331,0.0003056570271162897,empeora,-1736.9203656176105,DIFIERE,500000.0,983,/clusteruy/home/mathiasr/generator-aware-row-scaling/results-revision/r5-ablation/sgtm-gurobi-01pct/resultados/instance025_estructurado_matricial.csv,/clusteruy/home/mathiasr/generator-aware-row-scaling/results-revision/r5-ablation/sgtm-gurobi-01pct/resultados/instance025_estructurado_matricial_postprocesado.csv,/clusteruy/home/mathiasr/generator-aware-row-scaling/results-revision/r5-ablation/sgtm-gurobi-01pct/logs/instance025_estructurado_matricial.log
instance025.txt,matricial_solo_local,OK,0,0.571697701,0.096712771314975,-2969333.584910183,-2969330.0,OPTIMAL,-2972205.309709736,1.0,8237.0,0.12,10080.0,6120.0,22679.0,8403.0,5478.0,19859.0,16.636904761904763,10.490196078431373,12.434410688301954,1,Model contains large bounds,9e-06,100000.0,0.0008,100.0,90.0,40000000.0,1.0,4000000000.0,0.0007777777777777777,1.0,0.0017777777777777776,1.0,18380000000000.0,5022000000000.0,1.0,1.0,0.047010514,0.618708215,1.5426811957741282,1.5426811957741282,1.425465625989789,0.047010514,0.0822296712366874,-0.08907267664654099,907.8751745037735,0.0003056570271151923,910.0,0.00030637254901960784,0.0007777777777777777,0.2732317736670294,17452327.0,,9.462436599500855,0.0,,0.0,1.0,0.0,,0.438474425679463,,,,,,,,OK,REVISAR,6.10947608947754e-07,0.0,3.259629011154175e-09,33.1726864231841,0.0,6.87811461322396e-09,4.70734562441066e-14,2.72728502750393e-07,1.88293824976427e-13,0.442506527062653,1.79537418414059,12.8525570129567,7.67452141219684,5.6843418860808e-14,0.0,6.10947608947754e-07,0.0,0.0,0.0,0.0,0.0,0.0,0.0,0.0,0.0,0.0,-2969333.58491018,33.1726864231841,0.0,1.51395797729492e-05,0.0,0.0,0.0,1848.0,0.0,98.0,0.0,0.0,0.0,0.0,-2969333.58491018,-2969333.58491018,907.8751745070331,0.0003056570271162897,empeora,-1736.9203656176105,DIFIERE,500000.0,983,/clusteruy/home/mathiasr/generator-aware-row-scaling/results-revision/r5-ablation/sgtm-gurobi-01pct/resultados/instance025_matricial_solo_local.csv,/clusteruy/home/mathiasr/generator-aware-row-scaling/results-revision/r5-ablation/sgtm-gurobi-01pct/resultados/instance025_matricial_solo_local_postprocesado.csv,/clusteruy/home/mathiasr/generator-aware-row-scaling/results-revision/r5-ablation/sgtm-gurobi-01pct/logs/instance025_matricial_solo_local.log
instance025.txt,matricial_solo_acoplamiento,OK,0,0.803507099,0.007640094668434,-2970241.460084687,-2970240.0,OPTIMAL,-2970468.3893441185,1.0,8553.0,0.12,10080.0,6120.0,22679.0,8403.0,5478.0,19859.0,16.636904761904763,10.490196078431373,12.434410688301954,3,Model contains large bounds | Model contains large matrix coefficient range | Model contains large rhs,0.0007,10000000000.0,0.0008,100.0,40.0,10000000000.0,1.0,4000000000.0,1.0,1.0,1.0,1.0,18380000000000.0,18380000000000.0,1.0,1.0,0.042312377,0.845819476,1.0976222787547518,1.0976222787547518,1.0427133898250411,0.042312377,0.052659618132384414,0.0,0.0,0.0,0.0,0.0,1.0,1.0,1844380.0,,1.00000010401979,1.0,,0.0,1.0,1.0,0.59745,0.25567039463049,,,,,,,,OK,REVISAR,2.36555933952332e-07,0.0,2.7939677238464355e-09,33.1566377118037,0.0,4.09246227540057e-09,4.61852778244065e-14,1.69500708580017e-07,2.50466314355435e-13,0.442405981511353,1.79005097340982,12.8454242523434,7.6662868121968,5.6843418860808e-14,0.0,2.36555933952332e-07,0.0,0.0,0.0,0.0,0.0,0.0,0.0,0.0,0.0,0.0,-2970241.46008469,33.1566377118037,0.0,1.47111713886261e-05,0.0,0.0,0.0,1853.0,0.0,98.0,0.0,0.0,0.0,0.0,-2970241.46008469,-2970241.46008469,-2.7939677238464355e-09,9.40653398517565e-16,igual,0.0,OK,0.0,0,/clusteruy/home/mathiasr/generator-aware-row-scaling/results-revision/r5-ablation/sgtm-gurobi-01pct/resultados/instance025_matricial_solo_acoplamiento.csv,/clusteruy/home/mathiasr/generator-aware-row-scaling/results-revision/r5-ablation/sgtm-gurobi-01pct/resultados/instance025_matricial_solo_acoplamiento_postprocesado.csv,/clusteruy/home/mathiasr/generator-aware-row-scaling/results-revision/r5-ablation/sgtm-gurobi-01pct/logs/instance025_matricial_solo_acoplamiento.log
instance026.txt,base,OK,0,123.416641566,0.074682232275786,-1376529.0981463382,-1376530.0,OPTIMAL,-1377557.1208047597,103813.0,1134010.0,0.13,10080.0,6120.0,22679.0,8530.0,5623.0,20240.0,15.376984126984127,8.120915032679738,10.754442435733498,3,Model contains large bounds | Model contains large matrix coefficient range | Model contains large rhs,0.0006,10000000000.0,0.001,100.0,40.0,10000000000.0,1.0,4000000000.0,,,,,,,,,0.0,123.416641566,1.0,1.0,1.0,0.0,0.0,0.0,,,0.0,,,,1920935.85732,,,115.27657,,2.640437,2.873098,115.27657,1.0,0.340522440611831,,,,,,,,BASE,BASE,,,,,,3.48072724328206e-09,4.53415083256907e-14,1.28718093037604e-07,1.4210854715202e-13,0.138432870253246,0.0754562754251784,4.93576335312502,3.47296526755034,1.70530256582424e-13,0.0,2.37487256526947e-07,0.0,0.0,0.0,0.0,0.0,0.0,0.0,0.0,0.0,0.0,-1376529.09814634,17.5122875123155,0.0,8.94535332918167e-06,0.0,0.0,0.0,752.0,0.0,112.0,0.0,0.0,0.0,0.0,-1376529.09814634,,,,,,BASE,0.0,0,/clusteruy/home/mathiasr/generator-aware-row-scaling/results-revision/r5-ablation/sgtm-gurobi-01pct/resultados/instance026_base.csv,/clusteruy/home/mathiasr/generator-aware-row-scaling/results-revision/r5-ablation/sgtm-gurobi-01pct/resultados/instance026_base_postprocesado.csv,/clusteruy/home/mathiasr/generator-aware-row-scaling/results-revision/r5-ablation/sgtm-gurobi-01pct/logs/instance026_base.log
instance026.txt,estructurado,OK,0,9.04499843,0.099585963389638,-1376516.554979624,-1376520.0,OPTIMAL,-1377887.3722521183,5006.0,60945.0,0.14,10080.0,6120.0,22679.0,8530.0,5623.0,20240.0,15.376984126984127,8.120915032679738,10.754442435733498,1,Model contains large bounds,8e-06,100000.0,0.001,100.0,10.0,2000000.0,1.0,4000000000.0,0.0007499999999999999,1.0,0.0008,1.0,22530000000000.0,217100000000.0,1.0,1.118,0.046671594,9.091670023999999,13.644738859949145,13.644738859949145,13.57469433450701,0.046671594,0.005159933897301959,-0.024903731113851996,12.543166714254767,9.112169681807415e-06,10.0,7.264643705549461e-06,0.0007499999999999999,0.009636040834442965,21156.0,,0.011013381794806966,6.0,,0.0,5.0,6.0,19.21276166666667,0.078540585205607,,,,,,,,OK,REVISAR,7.16187059879303e-07,0.0,3.958120942115784e-09,17.5107797820089,0.0,5.13927688874398e-09,5.6843418860808e-14,1.9371509552002e-07,3.12638803734444e-13,0.138428219189461,0.0754546293458707,4.93576335312508,3.47266626063964,1.13686837721616e-13,0.0,7.16187059879303e-07,0.0,0.0,0.0,0.0,0.0,0.0,0.0,0.0,0.0,0.0,-1376516.55497962,17.5107797820089,0.0,9.18377190828323e-06,0.0,0.0,0.0,752.0,0.0,110.0,0.0,0.0,0.0,0.0,-1376516.55497962,-1376516.55497962,12.543166718212888,9.112169684682851e-06,empeora,-330.2514473586343,DIFIERE,20000.0,333,/clusteruy/home/mathiasr/generator-aware-row-scaling/results-revision/r5-ablation/sgtm-gurobi-01pct/resultados/instance026_estructurado.csv,/clusteruy/home/mathiasr/generator-aware-row-scaling/results-revision/r5-ablation/sgtm-gurobi-01pct/resultados/instance026_estructurado_postprocesado.csv,/clusteruy/home/mathiasr/generator-aware-row-scaling/results-revision/r5-ablation/sgtm-gurobi-01pct/logs/instance026_estructurado.log
instance026.txt,estructurado_solo_local,OK,0,11.180412471,0.099585963389638,-1376516.554979624,-1376520.0,OPTIMAL,-1377887.3722521183,5006.0,60945.0,0.14,10080.0,6120.0,22679.0,8530.0,5623.0,20240.0,15.376984126984127,8.120915032679738,10.754442435733498,1,Model contains large bounds,8e-06,100000.0,0.001,100.0,10.0,2000000.0,1.0,4000000000.0,0.0007499999999999999,1.0,0.0008,1.0,22530000000000.0,217100000000.0,1.0,1.118,0.046509961,11.226922432,11.038648340221865,11.038648340221865,10.992918345478776,0.046509961,0.004159950370403468,-0.024903731113851996,12.543166714254767,9.112169681807415e-06,10.0,7.264643705549461e-06,0.0007499999999999999,0.009636040834442965,,,,6.0,,0.0,5.0,6.0,19.21276166666667,0.076920666732719,,,,,,,,OK,REVISAR,7.16187059879303e-07,0.0,3.958120942115784e-09,17.5107797820089,0.0,5.13927688874398e-09,5.6843418860808e-14,1.9371509552002e-07,3.12638803734444e-13,0.138428219189461,0.0754546293458707,4.93576335312508,3.47266626063964,1.13686837721616e-13,0.0,7.16187059879303e-07,0.0,0.0,0.0,0.0,0.0,0.0,0.0,0.0,0.0,0.0,-1376516.55497962,17.5107797820089,0.0,9.18377190828323e-06,0.0,0.0,0.0,752.0,0.0,110.0,0.0,0.0,0.0,0.0,-1376516.55497962,-1376516.55497962,12.543166718212888,9.112169684682851e-06,empeora,-330.2514473586343,DIFIERE,20000.0,333,/clusteruy/home/mathiasr/generator-aware-row-scaling/results-revision/r5-ablation/sgtm-gurobi-01pct/resultados/instance026_estructurado_solo_local.csv,/clusteruy/home/mathiasr/generator-aware-row-scaling/results-revision/r5-ablation/sgtm-gurobi-01pct/resultados/instance026_estructurado_solo_local_postprocesado.csv,/clusteruy/home/mathiasr/generator-aware-row-scaling/results-revision/r5-ablation/sgtm-gurobi-01pct/logs/instance026_estructurado_solo_local.log
instance026.txt,estructurado_solo_acoplamiento,OK,0,117.847569466,0.074682232275786,-1376529.0981463382,-1376530.0,OPTIMAL,-1377557.1208047597,103813.0,1134010.0,0.13,10080.0,6120.0,22679.0,8530.0,5623.0,20240.0,15.376984126984127,8.120915032679738,10.754442435733498,3,Model contains large bounds | Model contains large matrix coefficient range | Model contains large rhs,0.0006,10000000000.0,0.001,100.0,40.0,10000000000.0,1.0,4000000000.0,1.0,1.0,1.0,1.0,22530000000000.0,22530000000000.0,1.0,1.0,0.040950441,117.888519907,1.0472565715630369,1.0472565715630369,1.0468927904376186,0.040950441,0.00034748651317594243,0.0,0.0,0.0,0.0,0.0,1.0,1.0,1920936.0,,1.0000000742762958,115.0,,3.0,3.0,115.0,1.0024049565217392,0.304409157650709,,,,,,,,OK,REVISAR,2.37487256526947e-07,0.0,1.862645149230957e-09,17.5122875123155,0.0,3.48072724328206e-09,4.53415083256907e-14,1.28718093037604e-07,1.4210854715202e-13,0.138432870253246,0.0754562754251784,4.93576335312502,3.47296526755034,1.70530256582424e-13,0.0,2.37487256526947e-07,0.0,0.0,0.0,0.0,0.0,0.0,0.0,0.0,0.0,0.0,-1376529.09814634,17.5122875123155,0.0,8.94535332918167e-06,0.0,0.0,0.0,752.0,0.0,112.0,0.0,0.0,0.0,0.0,-1376529.09814634,-1376529.09814634,-1.862645149230957e-09,1.3531462224367304e-15,igual,0.0,OK,0.0,0,/clusteruy/home/mathiasr/generator-aware-row-scaling/results-revision/r5-ablation/sgtm-gurobi-01pct/resultados/instance026_estructurado_solo_acoplamiento.csv,/clusteruy/home/mathiasr/generator-aware-row-scaling/results-revision/r5-ablation/sgtm-gurobi-01pct/resultados/instance026_estructurado_solo_acoplamiento_postprocesado.csv,/clusteruy/home/mathiasr/generator-aware-row-scaling/results-revision/r5-ablation/sgtm-gurobi-01pct/logs/instance026_estructurado_solo_acoplamiento.log
instance026.txt,estructurado_matricial,OK,0,13.174382355,0.020891582367697,-1376500.6347781692,-1376500.0,OPTIMAL,-1376788.2075420758,5565.0,223497.0,0.13,10080.0,6120.0,22679.0,8530.0,5623.0,20240.0,15.376984126984127,8.120915032679738,10.754442435733498,1,Model contains large bounds,8e-06,100000.0,0.001,100.0,90.0,40000000.0,1.0,4000000000.0,0.0007499999999999999,1.0,0.0017777777777777776,1.0,22530000000000.0,4481000000000.0,1.0,1.0,0.0493663,13.223748655000001,9.36792619497341,9.36792619497341,9.332954276874826,0.0493663,0.003747143408302878,0.053790649908089,28.463368169032037,2.0677636388043945e-05,30.0,2.1793931116648383e-05,0.0007499999999999999,0.19889036839769197,168463.0,,0.08769839938072253,11.0,,0.0,3.0,11.0,10.479688181818183,0.080877434453659,,,,,,,,OK,REVISAR,6.31436705589294e-07,0.0,6.984919309616089e-10,17.5107797820089,0.0,5.60946519309558e-09,5.6843418860808e-14,2.15377658605571e-07,2.27373675443232e-13,0.13842900915604,0.0754562754251775,4.93576335312506,3.47266626063961,1.13686837721616e-13,0.0,6.31436705589294e-07,0.0,0.0,0.0,0.0,0.0,0.0,0.0,0.0,0.0,0.0,-1376500.63477817,17.5107797820089,0.0,9.18377190828323e-06,0.0,0.0,0.0,751.0,0.0,111.0,0.0,0.0,0.0,0.0,-1376500.63477817,-1376500.63477817,28.463368168333545,2.0677636387536515e-05,empeora,768.9132626838982,DIFIERE,30000.0,269,/clusteruy/home/mathiasr/generator-aware-row-scaling/results-revision/r5-ablation/sgtm-gurobi-01pct/resultados/instance026_estructurado_matricial.csv,/clusteruy/home/mathiasr/generator-aware-row-scaling/results-revision/r5-ablation/sgtm-gurobi-01pct/resultados/instance026_estructurado_matricial_postprocesado.csv,/clusteruy/home/mathiasr/generator-aware-row-scaling/results-revision/r5-ablation/sgtm-gurobi-01pct/logs/instance026_estructurado_matricial.log
instance026.txt,matricial_solo_local,OK,0,13.217607653,0.020891582367697,-1376500.6347781692,-1376500.0,OPTIMAL,-1376788.2075420758,5565.0,223497.0,0.14,10080.0,6120.0,22679.0,8530.0,5623.0,20240.0,15.376984126984127,8.120915032679738,10.754442435733498,1,Model contains large bounds,8e-06,100000.0,0.001,100.0,90.0,40000000.0,1.0,4000000000.0,0.0007499999999999999,1.0,0.0017777777777777776,1.0,22530000000000.0,4481000000000.0,1.0,1.0,0.049763511,13.267371164,9.33729043909002,9.33729043909002,9.30226795048002,0.049763511,0.0037649408506012947,0.053790649908089,28.463368169032037,2.0677636388043945e-05,30.0,2.1793931116648383e-05,0.0007499999999999999,0.19889036839769197,168463.0,,0.08769839938072253,11.0,,0.0,3.0,11.0,10.479688181818183,0.081477136918885,,,,,,,,OK,REVISAR,6.31436705589294e-07,0.0,6.984919309616089e-10,17.5107797820089,0.0,5.60946519309558e-09,5.6843418860808e-14,2.15377658605571e-07,2.27373675443232e-13,0.13842900915604,0.0754562754251775,4.93576335312506,3.47266626063961,1.13686837721616e-13,0.0,6.31436705589294e-07,0.0,0.0,0.0,0.0,0.0,0.0,0.0,0.0,0.0,0.0,-1376500.63477817,17.5107797820089,0.0,9.18377190828323e-06,0.0,0.0,0.0,751.0,0.0,111.0,0.0,0.0,0.0,0.0,-1376500.63477817,-1376500.63477817,28.463368168333545,2.0677636387536515e-05,empeora,768.9132626838982,DIFIERE,30000.0,269,/clusteruy/home/mathiasr/generator-aware-row-scaling/results-revision/r5-ablation/sgtm-gurobi-01pct/resultados/instance026_matricial_solo_local.csv,/clusteruy/home/mathiasr/generator-aware-row-scaling/results-revision/r5-ablation/sgtm-gurobi-01pct/resultados/instance026_matricial_solo_local_postprocesado.csv,/clusteruy/home/mathiasr/generator-aware-row-scaling/results-revision/r5-ablation/sgtm-gurobi-01pct/logs/instance026_matricial_solo_local.log
instance026.txt,matricial_solo_acoplamiento,OK,0,117.672824408,0.074682232275786,-1376529.0981463382,-1376530.0,OPTIMAL,-1377557.1208047597,103813.0,1134010.0,0.13,10080.0,6120.0,22679.0,8530.0,5623.0,20240.0,15.376984126984127,8.120915032679738,10.754442435733498,3,Model contains large bounds | Model contains large matrix coefficient range | Model contains large rhs,0.0006,10000000000.0,0.001,100.0,40.0,10000000000.0,1.0,4000000000.0,1.0,1.0,1.0,1.0,22530000000000.0,22530000000000.0,1.0,1.0,0.041971139,117.714795547,1.0488117557039747,1.0488117557039747,1.0484378025082108,0.041971139,0.000356676566668239,0.0,0.0,0.0,0.0,0.0,1.0,1.0,1920936.0,,1.0000000742762958,115.0,,3.0,3.0,115.0,1.0024049565217392,0.302864962030357,,,,,,,,OK,REVISAR,2.37487256526947e-07,0.0,1.862645149230957e-09,17.5122875123155,0.0,3.48072724328206e-09,4.53415083256907e-14,1.28718093037604e-07,1.4210854715202e-13,0.138432870253246,0.0754562754251784,4.93576335312502,3.47296526755034,1.70530256582424e-13,0.0,2.37487256526947e-07,0.0,0.0,0.0,0.0,0.0,0.0,0.0,0.0,0.0,0.0,-1376529.09814634,17.5122875123155,0.0,8.94535332918167e-06,0.0,0.0,0.0,752.0,0.0,112.0,0.0,0.0,0.0,0.0,-1376529.09814634,-1376529.09814634,-1.862645149230957e-09,1.3531462224367304e-15,igual,0.0,OK,0.0,0,/clusteruy/home/mathiasr/generator-aware-row-scaling/results-revision/r5-ablation/sgtm-gurobi-01pct/resultados/instance026_matricial_solo_acoplamiento.csv,/clusteruy/home/mathiasr/generator-aware-row-scaling/results-revision/r5-ablation/sgtm-gurobi-01pct/resultados/instance026_matricial_solo_acoplamiento_postprocesado.csv,/clusteruy/home/mathiasr/generator-aware-row-scaling/results-revision/r5-ablation/sgtm-gurobi-01pct/logs/instance026_matricial_solo_acoplamiento.log
instance027.txt,base,OK,0,16.215956996,0.099699016045046,-1599730.5339462839,-1599730.0,OPTIMAL,-1601325.4495480005,13648.0,243810.0,0.07,10080.0,6120.0,22679.0,8627.0,5683.0,21046.0,14.41468253968254,7.140522875816994,7.200493848935138,3,Model contains large bounds | Model contains large matrix coefficient range | Model contains large rhs,0.0003,10000000000.0,0.0005,100.0,40.0,10000000000.0,1.0,4000000000.0,,,,,,,,,0.0,16.215956996,1.0,1.0,1.0,0.0,0.0,0.0,,,0.0,,,,2179131.704053,,,15.287401,,0.454535,1.25428,15.287401,1.0,0.230909831327356,,,,,,,,BASE,BASE,,,,,,2.36740984381236e-09,5.6843418860808e-14,7.90134072303739e-08,4.8244262806918e-08,1.14900299375174,5.11352259849834,32.9946467763091,36.1493320526284,1.49213974509621e-13,0.0,2.38418579101562e-07,0.0,0.0,0.0,0.0,0.0,0.0,0.0,0.0,0.0,0.0,-1599730.53394628,72.2905288177112,0.0,3.28421592712402e-05,0.0,0.0,0.0,1870.0,0.0,274.0,0.0,0.0,0.0,0.0,-1599730.53394628,,,,,,BASE,0.0,0,/clusteruy/home/mathiasr/generator-aware-row-scaling/results-revision/r5-ablation/sgtm-gurobi-01pct/resultados/instance027_base.csv,/clusteruy/home/mathiasr/generator-aware-row-scaling/results-revision/r5-ablation/sgtm-gurobi-01pct/resultados/instance027_base_postprocesado.csv,/clusteruy/home/mathiasr/generator-aware-row-scaling/results-revision/r5-ablation/sgtm-gurobi-01pct/logs/instance027_base.log
instance027.txt,estructurado,OK,0,9.621490643,0.042297928510487,-1599354.715126995,-1599350.0,OPTIMAL,-1600031.2090410285,2670.0,37768.0,0.07,10080.0,6120.0,22679.0,8627.0,5683.0,21046.0,14.41468253968254,7.140522875816994,7.200493848935138,1,Model contains large bounds,1e-05,100000.0,0.0005,100.0,10.0,2000000.0,1.0,4000000000.0,0.0003,1.0,0.0008,1.0,37980000000000.0,170700000000.0,1.0,1.118,0.046394554,9.667885197,1.6853892601140474,1.6853892601140474,1.677301360697984,0.046394554,0.0048219715344995735,0.057401087534559,375.81881928886287,0.0002349263274745259,380.0,0.00023754008488932507,0.0003,0.004494470774091627,2106688.0,,0.9667557018613143,7.0,,0.0,2.0,7.0,2.1839144285714283,0.048241733175098,,,,,,,,OK,REVISAR,3.94880771636963e-07,0.0,4.889443516731262e-09,72.2994447684783,0.0,3.20124005486297e-09,6.03961325396085e-14,1.17737799882887e-07,1.13686837721616e-13,1.14847989894601,5.09861618047284,33.0046507934706,36.1596253026289,2.8421709430404e-13,0.0,3.94880771636963e-07,0.0,0.0,0.0,0.0,0.0,0.0,0.0,0.0,0.0,0.0,-1599354.71512699,72.2994447684783,0.0,3.25441360473633e-05,0.0,0.0,0.0,1871.0,0.0,274.0,0.0,0.0,0.0,0.0,-1599354.71512699,-1599354.71512699,375.8188192937523,0.00023492632747758232,empeora,1294.2405069719534,DIFIERE,370000.0,961,/clusteruy/home/mathiasr/generator-aware-row-scaling/results-revision/r5-ablation/sgtm-gurobi-01pct/resultados/instance027_estructurado.csv,/clusteruy/home/mathiasr/generator-aware-row-scaling/results-revision/r5-ablation/sgtm-gurobi-01pct/resultados/instance027_estructurado_postprocesado.csv,/clusteruy/home/mathiasr/generator-aware-row-scaling/results-revision/r5-ablation/sgtm-gurobi-01pct/logs/instance027_estructurado.log
instance027.txt,estructurado_solo_local,OK,0,8.171002312,0.042297928510487,-1599354.715126995,-1599350.0,OPTIMAL,-1600031.2090410285,2670.0,37768.0,0.07,10080.0,6120.0,22679.0,8627.0,5683.0,21046.0,14.41468253968254,7.140522875816994,7.200493848935138,1,Model contains large bounds,1e-05,100000.0,0.0005,100.0,10.0,2000000.0,1.0,4000000000.0,0.0003,1.0,0.0008,1.0,37980000000000.0,170700000000.0,1.0,1.118,0.04678099,8.217783302,1.984573786276515,1.984573786276515,1.9732762960606962,0.04678099,0.005725244983873895,0.057401087534559,375.81881928886287,0.0002349263274745259,380.0,0.00023754008488932507,0.0003,0.004494470774091627,2106688.0,,0.9667557018613143,7.0,,0.0,2.0,7.0,2.1839144285714283,0.054377091487214,,,,,,,,OK,REVISAR,3.94880771636963e-07,0.0,4.889443516731262e-09,72.2994447684783,0.0,3.20124005486297e-09,6.03961325396085e-14,1.17737799882887e-07,1.13686837721616e-13,1.14847989894601,5.09861618047284,33.0046507934706,36.1596253026289,2.8421709430404e-13,0.0,3.94880771636963e-07,0.0,0.0,0.0,0.0,0.0,0.0,0.0,0.0,0.0,0.0,-1599354.71512699,72.2994447684783,0.0,3.25441360473633e-05,0.0,0.0,0.0,1871.0,0.0,274.0,0.0,0.0,0.0,0.0,-1599354.71512699,-1599354.71512699,375.8188192937523,0.00023492632747758232,empeora,1294.2405069719534,DIFIERE,370000.0,961,/clusteruy/home/mathiasr/generator-aware-row-scaling/results-revision/r5-ablation/sgtm-gurobi-01pct/resultados/instance027_estructurado_solo_local.csv,/clusteruy/home/mathiasr/generator-aware-row-scaling/results-revision/r5-ablation/sgtm-gurobi-01pct/resultados/instance027_estructurado_solo_local_postprocesado.csv,/clusteruy/home/mathiasr/generator-aware-row-scaling/results-revision/r5-ablation/sgtm-gurobi-01pct/logs/instance027_estructurado_solo_local.log
instance027.txt,estructurado_solo_acoplamiento,OK,0,20.248665593,0.099699016045046,-1599730.5339462839,-1599730.0,OPTIMAL,-1601325.4495480005,13648.0,243810.0,0.07,10080.0,6120.0,22679.0,8627.0,5683.0,21046.0,14.41468253968254,7.140522875816994,7.200493848935138,3,Model contains large bounds | Model contains large matrix coefficient range | Model contains large rhs,0.0003,10000000000.0,0.0005,100.0,40.0,10000000000.0,1.0,4000000000.0,1.0,1.0,1.0,1.0,37980000000000.0,37980000000000.0,1.0,1.0,0.040323162,20.288988755,0.8008407725201352,0.8008407725201352,0.7992491489751432,0.040323162,0.001991398485732304,0.0,0.0,0.0,0.0,0.0,1.0,1.0,2179132.0,,1.0000001358095976,15.0,,0.0,1.0,15.0,1.0191600666666667,0.23414946023896,,,,,,,,OK,REVISAR,2.38418579101562e-07,0.0,3.958120942115784e-09,72.2905288177112,0.0,2.36740984381236e-09,5.6843418860808e-14,7.90134072303739e-08,4.8244262806918e-08,1.14900299375174,5.11352259849834,32.9946467763091,36.1493320526284,1.49213974509621e-13,0.0,2.38418579101562e-07,0.0,0.0,0.0,0.0,0.0,0.0,0.0,0.0,0.0,0.0,-1599730.53394628,72.2905288177112,0.0,3.28421592712402e-05,0.0,0.0,0.0,1870.0,0.0,274.0,0.0,0.0,0.0,0.0,-1599730.53394628,-1599730.53394628,3.958120942115784e-09,2.4742422915137595e-15,igual,0.0,OK,0.0,0,/clusteruy/home/mathiasr/generator-aware-row-scaling/results-revision/r5-ablation/sgtm-gurobi-01pct/resultados/instance027_estructurado_solo_acoplamiento.csv,/clusteruy/home/mathiasr/generator-aware-row-scaling/results-revision/r5-ablation/sgtm-gurobi-01pct/resultados/instance027_estructurado_solo_acoplamiento_postprocesado.csv,/clusteruy/home/mathiasr/generator-aware-row-scaling/results-revision/r5-ablation/sgtm-gurobi-01pct/logs/instance027_estructurado_solo_acoplamiento.log
instance027.txt,estructurado_matricial,OK,0,12.185303424,0.095677387164142,-1598227.5563522761,-1598230.0,OPTIMAL,-1599756.6987191313,2743.0,65611.0,0.07,10080.0,6120.0,22679.0,8627.0,5683.0,21046.0,14.41468253968254,7.140522875816994,7.200493848935138,1,Model contains large bounds,1e-05,100000.0,0.0005,100.0,90.0,20000000.0,1.0,4000000000.0,0.0003,1.0,0.0008888888888888888,1.0,37980000000000.0,1653000000000.0,1.0,1.001,0.04784563,12.233149054,1.3307799101712379,1.3307799101712379,1.3255750358651683,0.04784563,0.0039265029630500565,0.004021628880904002,1502.977594007738,0.0009395192265913237,1500.0,0.0009376582298262832,0.0003,0.043522906793048974,13434650.0,,6.1651390666349775,9.0,,0.0,2.0,9.0,1.698600111111111,0.03785784260604,,,,,,,,OK,REVISAR,6.33299350738525e-07,0.0,3.958120942115784e-09,72.3190598601651,0.0,3.92024227263567e-09,5.6843418860808e-14,1.34110450744629e-07,3.84581255730154e-13,1.14908761699,5.13657000868085,33.0242843578606,36.1802118026291,2.27373675443232e-13,0.0,6.33299350738525e-07,0.0,0.0,0.0,0.0,0.0,0.0,0.0,0.0,0.0,0.0,-1598227.55635228,72.3190598601651,0.0,3.28570604324341e-05,0.0,0.0,0.0,1873.0,0.0,274.0,0.0,0.0,0.0,0.0,-1598227.55635228,-1598227.55635228,1502.9775940037798,0.0009395192265888495,empeora,1568.7508288691752,DIFIERE,1030000.0,1065,/clusteruy/home/mathiasr/generator-aware-row-scaling/results-revision/r5-ablation/sgtm-gurobi-01pct/resultados/instance027_estructurado_matricial.csv,/clusteruy/home/mathiasr/generator-aware-row-scaling/results-revision/r5-ablation/sgtm-gurobi-01pct/resultados/instance027_estructurado_matricial_postprocesado.csv,/clusteruy/home/mathiasr/generator-aware-row-scaling/results-revision/r5-ablation/sgtm-gurobi-01pct/logs/instance027_estructurado_matricial.log
instance027.txt,matricial_solo_local,OK,0,13.739525694,0.095677387164142,-1598227.5563522761,-1598230.0,OPTIMAL,-1599756.6987191313,2743.0,65611.0,0.07,10080.0,6120.0,22679.0,8627.0,5683.0,21046.0,14.41468253968254,7.140522875816994,7.200493848935138,1,Model contains large bounds,1e-05,100000.0,0.0005,100.0,90.0,20000000.0,1.0,4000000000.0,0.0003,1.0,0.0008888888888888888,1.0,37980000000000.0,1653000000000.0,1.0,1.001,0.047037994,13.786563688,1.1802413967668075,1.1802413967668075,1.1762145639028654,0.047037994,0.003423552970284944,0.004021628880904002,1502.977594007738,0.0009395192265913237,1500.0,0.0009376582298262832,0.0003,0.043522906793048974,13434650.0,,6.1651390666349775,9.0,,0.0,2.0,9.0,1.698600111111111,0.034997159158343,,,,,,,,OK,REVISAR,6.33299350738525e-07,0.0,3.958120942115784e-09,72.3190598601651,0.0,3.92024227263567e-09,5.6843418860808e-14,1.34110450744629e-07,3.84581255730154e-13,1.14908761699,5.13657000868085,33.0242843578606,36.1802118026291,2.27373675443232e-13,0.0,6.33299350738525e-07,0.0,0.0,0.0,0.0,0.0,0.0,0.0,0.0,0.0,0.0,-1598227.55635228,72.3190598601651,0.0,3.28570604324341e-05,0.0,0.0,0.0,1873.0,0.0,274.0,0.0,0.0,0.0,0.0,-1598227.55635228,-1598227.55635228,1502.9775940037798,0.0009395192265888495,empeora,1568.7508288691752,DIFIERE,1030000.0,1065,/clusteruy/home/mathiasr/generator-aware-row-scaling/results-revision/r5-ablation/sgtm-gurobi-01pct/resultados/instance027_matricial_solo_local.csv,/clusteruy/home/mathiasr/generator-aware-row-scaling/results-revision/r5-ablation/sgtm-gurobi-01pct/resultados/instance027_matricial_solo_local_postprocesado.csv,/clusteruy/home/mathiasr/generator-aware-row-scaling/results-revision/r5-ablation/sgtm-gurobi-01pct/logs/instance027_matricial_solo_local.log
instance027.txt,matricial_solo_acoplamiento,OK,0,14.796158618,0.099699016045046,-1599730.5339462839,-1599730.0,OPTIMAL,-1601325.4495480005,13648.0,243810.0,0.07,10080.0,6120.0,22679.0,8627.0,5683.0,21046.0,14.41468253968254,7.140522875816994,7.200493848935138,3,Model contains large bounds | Model contains large matrix coefficient range | Model contains large rhs,0.0003,10000000000.0,0.0005,100.0,40.0,10000000000.0,1.0,4000000000.0,1.0,1.0,1.0,1.0,37980000000000.0,37980000000000.0,1.0,1.0,0.04107602,14.837234638,1.0959572288088861,1.0959572288088861,1.0929231350476132,0.04107602,0.002776127308477871,0.0,0.0,0.0,0.0,0.0,1.0,1.0,2179132.0,,1.0000001358095976,15.0,,0.0,1.0,15.0,1.0191600666666667,0.237601869471875,,,,,,,,OK,REVISAR,2.38418579101562e-07,0.0,3.958120942115784e-09,72.2905288177112,0.0,2.36740984381236e-09,5.6843418860808e-14,7.90134072303739e-08,4.8244262806918e-08,1.14900299375174,5.11352259849834,32.9946467763091,36.1493320526284,1.49213974509621e-13,0.0,2.38418579101562e-07,0.0,0.0,0.0,0.0,0.0,0.0,0.0,0.0,0.0,0.0,-1599730.53394628,72.2905288177112,0.0,3.28421592712402e-05,0.0,0.0,0.0,1870.0,0.0,274.0,0.0,0.0,0.0,0.0,-1599730.53394628,-1599730.53394628,3.958120942115784e-09,2.4742422915137595e-15,igual,0.0,OK,0.0,0,/clusteruy/home/mathiasr/generator-aware-row-scaling/results-revision/r5-ablation/sgtm-gurobi-01pct/resultados/instance027_matricial_solo_acoplamiento.csv,/clusteruy/home/mathiasr/generator-aware-row-scaling/results-revision/r5-ablation/sgtm-gurobi-01pct/resultados/instance027_matricial_solo_acoplamiento_postprocesado.csv,/clusteruy/home/mathiasr/generator-aware-row-scaling/results-revision/r5-ablation/sgtm-gurobi-01pct/logs/instance027_matricial_solo_acoplamiento.log
instance028.txt,base,OK,0,0.346572241,0.0,-1791582.0,-1791580.0,OPTIMAL,-1791582.0,1.0,8740.0,0.09,10080.0,6120.0,22679.0,8565.0,5705.0,20578.0,15.029761904761905,6.781045751633987,9.264076899334185,3,Model contains large bounds | Model contains large matrix coefficient range | Model contains large rhs,0.0006,10000000000.0,0.0004,100.0,40.0,8000000000.0,1.0,4000000000.0,,,,,,,,,0.0,0.346572241,1.0,1.0,1.0,0.0,0.0,0.0,,,0.0,,,,62454835.674165,,,0.351033,,,,0.351033,1.0,0.579262761437895,,,,,,,,BASE,BASE,,,,,,3.40986201270027e-09,3.90798504668055e-14,1.54599547386169e-07,1.4210854715202e-13,1.44547199096876,5.95259114233701,39.8628770725075,87.6159804389191,5.6843418860808e-14,0.0,2.38418579101562e-07,0.0,0.0,0.0,0.0,0.0,0.0,0.0,0.0,0.0,0.0,-1791582.0,87.6159804389191,0.0,0.000167116522789001,0.0,0.0,0.0,1711.0,0.0,310.0,0.0,0.0,0.0,0.0,-1791582.0,,,,,,BASE,0.0,0,/clusteruy/home/mathiasr/generator-aware-row-scaling/results-revision/r5-ablation/sgtm-gurobi-01pct/resultados/instance028_base.csv,/clusteruy/home/mathiasr/generator-aware-row-scaling/results-revision/r5-ablation/sgtm-gurobi-01pct/resultados/instance028_base_postprocesado.csv,/clusteruy/home/mathiasr/generator-aware-row-scaling/results-revision/r5-ablation/sgtm-gurobi-01pct/logs/instance028_base.log
instance028.txt,estructurado,OK,0,0.435412072,0.0,-1791582.0,-1791580.0,OPTIMAL,-1791582.0,1.0,9258.0,0.1,10080.0,6120.0,22679.0,8565.0,5705.0,20578.0,15.029761904761905,6.781045751633987,9.264076899334185,1,Model contains large bounds,1e-05,100000.0,0.0004,100.0,10.0,1000000.0,1.0,4000000000.0,0.0006,1.0,0.0005,1.0,16000000000000.0,117300000000.0,1.0,1.118,0.046910212,0.482322284,0.7959637853127784,0.7959637853127784,0.718549095691378,0.046910212,0.10773750894072592,0.0,0.0,0.0,0.0,0.0,0.0006,0.00733125,27114.0,,0.00043413772059952674,0.0,,,,0.0,,0.655337587507884,,,,,,,,OK,REVISAR,6.37024641036987e-07,0.0,0.0,132.607233171576,0.0,6.65470879157097e-09,5.6843418860808e-14,2.75671482086182e-07,1.63424829224823e-13,1.94789831051505,12.2676566378213,45.9355846355214,97.8984715690663,1.13686837721616e-13,0.0,6.37024641036987e-07,0.0,0.0,0.0,0.0,0.0,0.0,0.0,0.0,0.0,0.0,-1791582.0,132.607233171576,0.0,0.000167593359947205,0.0,0.0,0.0,1614.0,0.0,327.0,0.0,0.0,0.0,0.0,-1791582.0,-1791582.0,0.0,0.0,igual,0.0,DIFIERE,1243410000.0,1877,/clusteruy/home/mathiasr/generator-aware-row-scaling/results-revision/r5-ablation/sgtm-gurobi-01pct/resultados/instance028_estructurado.csv,/clusteruy/home/mathiasr/generator-aware-row-scaling/results-revision/r5-ablation/sgtm-gurobi-01pct/resultados/instance028_estructurado_postprocesado.csv,/clusteruy/home/mathiasr/generator-aware-row-scaling/results-revision/r5-ablation/sgtm-gurobi-01pct/logs/instance028_estructurado.log
instance028.txt,estructurado_solo_local,OK,0,0.434783944,0.0,-1791582.0,-1791580.0,OPTIMAL,-1791582.0,1.0,9258.0,0.1,10080.0,6120.0,22679.0,8565.0,5705.0,20578.0,15.029761904761905,6.781045751633987,9.264076899334185,1,Model contains large bounds,1e-05,100000.0,0.0004,100.0,10.0,1000000.0,1.0,4000000000.0,0.0006,1.0,0.0005,1.0,16000000000000.0,117300000000.0,1.0,1.118,0.046454833,0.48123877699999995,0.7971137062043856,0.7971137062043856,0.720166905835188,0.046454833,0.10684578775521665,0.0,0.0,0.0,0.0,0.0,0.0006,0.00733125,27114.0,,0.00043413772059952674,0.0,,,,0.0,,0.65742718066964,,,,,,,,OK,REVISAR,6.37024641036987e-07,0.0,0.0,132.607233171576,0.0,6.65470879157097e-09,5.6843418860808e-14,2.75671482086182e-07,1.63424829224823e-13,1.94789831051505,12.2676566378213,45.9355846355214,97.8984715690663,1.13686837721616e-13,0.0,6.37024641036987e-07,0.0,0.0,0.0,0.0,0.0,0.0,0.0,0.0,0.0,0.0,-1791582.0,132.607233171576,0.0,0.000167593359947205,0.0,0.0,0.0,1614.0,0.0,327.0,0.0,0.0,0.0,0.0,-1791582.0,-1791582.0,0.0,0.0,igual,0.0,DIFIERE,1243410000.0,1877,/clusteruy/home/mathiasr/generator-aware-row-scaling/results-revision/r5-ablation/sgtm-gurobi-01pct/resultados/instance028_estructurado_solo_local.csv,/clusteruy/home/mathiasr/generator-aware-row-scaling/results-revision/r5-ablation/sgtm-gurobi-01pct/resultados/instance028_estructurado_solo_local_postprocesado.csv,/clusteruy/home/mathiasr/generator-aware-row-scaling/results-revision/r5-ablation/sgtm-gurobi-01pct/logs/instance028_estructurado_solo_local.log
instance028.txt,estructurado_solo_acoplamiento,OK,0,0.345307712,0.0,-1791582.0,-1791580.0,OPTIMAL,-1791582.0,1.0,8740.0,0.09,10080.0,6120.0,22679.0,8565.0,5705.0,20578.0,15.029761904761905,6.781045751633987,9.264076899334185,3,Model contains large bounds | Model contains large matrix coefficient range | Model contains large rhs,0.0006,10000000000.0,0.0004,100.0,40.0,8000000000.0,1.0,4000000000.0,1.0,1.0,1.0,1.0,16000000000000.0,16000000000000.0,1.0,1.0,0.03998211,0.385289822,1.0036620352110759,1.0036620352110759,0.8995105014738749,0.03998211,0.11578690139419766,0.0,0.0,0.0,0.0,0.0,1.0,1.0,62454836.0,,1.00000000521713,0.0,,,,0.0,,0.579017847206938,,,,,,,,OK,REVISAR,2.38418579101562e-07,0.0,0.0,87.6159804389191,0.0,3.40986201270027e-09,3.90798504668055e-14,1.54599547386169e-07,1.4210854715202e-13,1.44547199096876,5.95259114233701,39.8628770725075,87.6159804389191,5.6843418860808e-14,0.0,2.38418579101562e-07,0.0,0.0,0.0,0.0,0.0,0.0,0.0,0.0,0.0,0.0,-1791582.0,87.6159804389191,0.0,0.000167116522789001,0.0,0.0,0.0,1711.0,0.0,310.0,0.0,0.0,0.0,0.0,-1791582.0,-1791582.0,0.0,0.0,igual,0.0,OK,0.0,0,/clusteruy/home/mathiasr/generator-aware-row-scaling/results-revision/r5-ablation/sgtm-gurobi-01pct/resultados/instance028_estructurado_solo_acoplamiento.csv,/clusteruy/home/mathiasr/generator-aware-row-scaling/results-revision/r5-ablation/sgtm-gurobi-01pct/resultados/instance028_estructurado_solo_acoplamiento_postprocesado.csv,/clusteruy/home/mathiasr/generator-aware-row-scaling/results-revision/r5-ablation/sgtm-gurobi-01pct/logs/instance028_estructurado_solo_acoplamiento.log
instance028.txt,estructurado_matricial,OK,0,0.364675101,0.0,-1791582.0,-1791580.0,OPTIMAL,-1791582.0,1.0,8727.0,0.09,10080.0,6120.0,22679.0,8565.0,5705.0,20578.0,15.029761904761905,6.781045751633987,9.264076899334185,1,Model contains large bounds,1e-05,100000.0,0.0004,100.0,90.0,40000000.0,1.0,4000000000.0,0.0006,1.0,0.0022222222222222222,1.0,16000000000000.0,3664000000000.0,1.0,1.0,0.048370517,0.413045618,0.9503589360766366,0.9503589360766366,0.8390652893937735,0.048370517,0.13264003181835002,0.0,0.0,0.0,0.0,0.0,0.0006,0.229,4009134.0,,0.06419253139846806,0.0,,,,0.0,,0.571123180575262,,,,,,,,OK,REVISAR,6.01634383201599e-07,0.0,0.0,87.6159804389191,0.0,5.23628891273121e-09,2.8421709430404e-14,2.16849148273465e-07,1.63424829224823e-13,1.69506596550869,6.72255141541767,40.5680039548552,87.6159804389191,5.6843418860808e-14,0.0,6.01634383201599e-07,0.0,0.0,0.0,0.0,0.0,0.0,0.0,0.0,0.0,0.0,-1791582.0,87.6159804389191,0.0,0.000167116522789001,0.0,0.0,0.0,1774.0,0.0,311.0,0.0,0.0,0.0,0.0,-1791582.0,-1791582.0,0.0,0.0,igual,0.0,DIFIERE,468920000.0,1177,/clusteruy/home/mathiasr/generator-aware-row-scaling/results-revision/r5-ablation/sgtm-gurobi-01pct/resultados/instance028_estructurado_matricial.csv,/clusteruy/home/mathiasr/generator-aware-row-scaling/results-revision/r5-ablation/sgtm-gurobi-01pct/resultados/instance028_estructurado_matricial_postprocesado.csv,/clusteruy/home/mathiasr/generator-aware-row-scaling/results-revision/r5-ablation/sgtm-gurobi-01pct/logs/instance028_estructurado_matricial.log
instance028.txt,matricial_solo_local,OK,0,0.366301908,0.0,-1791582.0,-1791580.0,OPTIMAL,-1791582.0,1.0,8727.0,0.09,10080.0,6120.0,22679.0,8565.0,5705.0,20578.0,15.029761904761905,6.781045751633987,9.264076899334185,1,Model contains large bounds,1e-05,100000.0,0.0004,100.0,90.0,40000000.0,1.0,4000000000.0,0.0006,1.0,0.0022222222222222222,1.0,16000000000000.0,3664000000000.0,1.0,1.0,0.046821619,0.413123527,0.9461382357855477,0.9461382357855477,0.8389070540637595,0.046821619,0.12782248188562534,0.0,0.0,0.0,0.0,0.0,0.0006,0.229,4009134.0,,0.06419253139846806,0.0,,,,0.0,,0.569166169157339,,,,,,,,OK,REVISAR,6.01634383201599e-07,0.0,0.0,87.6159804389191,0.0,5.23628891273121e-09,2.8421709430404e-14,2.16849148273465e-07,1.63424829224823e-13,1.69506596550869,6.72255141541767,40.5680039548552,87.6159804389191,5.6843418860808e-14,0.0,6.01634383201599e-07,0.0,0.0,0.0,0.0,0.0,0.0,0.0,0.0,0.0,0.0,-1791582.0,87.6159804389191,0.0,0.000167116522789001,0.0,0.0,0.0,1774.0,0.0,311.0,0.0,0.0,0.0,0.0,-1791582.0,-1791582.0,0.0,0.0,igual,0.0,DIFIERE,468920000.0,1177,/clusteruy/home/mathiasr/generator-aware-row-scaling/results-revision/r5-ablation/sgtm-gurobi-01pct/resultados/instance028_matricial_solo_local.csv,/clusteruy/home/mathiasr/generator-aware-row-scaling/results-revision/r5-ablation/sgtm-gurobi-01pct/resultados/instance028_matricial_solo_local_postprocesado.csv,/clusteruy/home/mathiasr/generator-aware-row-scaling/results-revision/r5-ablation/sgtm-gurobi-01pct/logs/instance028_matricial_solo_local.log
instance028.txt,matricial_solo_acoplamiento,OK,0,0.348428321,0.0,-1791582.0,-1791580.0,OPTIMAL,-1791582.0,1.0,8740.0,0.09,10080.0,6120.0,22679.0,8565.0,5705.0,20578.0,15.029761904761905,6.781045751633987,9.264076899334185,3,Model contains large bounds | Model contains large matrix coefficient range | Model contains large rhs,0.0006,10000000000.0,0.0004,100.0,40.0,8000000000.0,1.0,4000000000.0,1.0,1.0,1.0,1.0,16000000000000.0,16000000000000.0,1.0,1.0,0.04078851,0.389216831,0.9946729933012536,0.9946729933012536,0.890434876902844,0.04078851,0.11706427848039368,0.0,0.0,0.0,0.0,0.0,1.0,1.0,62454836.0,,1.00000000521713,0.0,,,,0.0,,0.579906246051191,,,,,,,,OK,REVISAR,2.38418579101562e-07,0.0,0.0,87.6159804389191,0.0,3.40986201270027e-09,3.90798504668055e-14,1.54599547386169e-07,1.4210854715202e-13,1.44547199096876,5.95259114233701,39.8628770725075,87.6159804389191,5.6843418860808e-14,0.0,2.38418579101562e-07,0.0,0.0,0.0,0.0,0.0,0.0,0.0,0.0,0.0,0.0,-1791582.0,87.6159804389191,0.0,0.000167116522789001,0.0,0.0,0.0,1711.0,0.0,310.0,0.0,0.0,0.0,0.0,-1791582.0,-1791582.0,0.0,0.0,igual,0.0,OK,0.0,0,/clusteruy/home/mathiasr/generator-aware-row-scaling/results-revision/r5-ablation/sgtm-gurobi-01pct/resultados/instance028_matricial_solo_acoplamiento.csv,/clusteruy/home/mathiasr/generator-aware-row-scaling/results-revision/r5-ablation/sgtm-gurobi-01pct/resultados/instance028_matricial_solo_acoplamiento_postprocesado.csv,/clusteruy/home/mathiasr/generator-aware-row-scaling/results-revision/r5-ablation/sgtm-gurobi-01pct/logs/instance028_matricial_solo_acoplamiento.log
instance029.txt,base,OK,0,0.516790469,0.019565631663396,-3063679.2759923763,-3063680.0,OPTIMAL,-3064278.7041948647,1.0,7498.0,0.09,10080.0,6120.0,22679.0,8619.0,5686.0,20697.0,14.494047619047619,7.091503267973856,8.739362405749812,3,Model contains large bounds | Model contains large matrix coefficient range | Model contains large rhs,0.0005,10000000000.0,0.001,100.0,40.0,10000000000.0,1.0,4000000000.0,,,,,,,,,0.0,0.516790469,1.0,1.0,1.0,0.0,0.0,0.0,,,0.0,,,,1992109.499709,,,0.352064,,0.018578,0.399908,0.352064,1.0,0.557318600467759,,,,,,,,BASE,BASE,,,,,,4.01337419038879e-09,5.6843418860808e-14,1.63912773132324e-07,2.1138646388863e-13,0.754782217276168,2.94153443005218,22.7132954190713,5.43071869999505,5.6843418860808e-14,0.0,2.38418579101562e-07,0.0,0.0,0.0,0.0,0.0,0.0,0.0,0.0,0.0,0.0,-3063679.27599238,31.8357254259614,0.0,1.6871839761734e-05,0.0,0.0,0.0,2235.0,0.0,257.0,0.0,0.0,0.0,0.0,-3063679.27599238,,,,,,BASE,0.0,0,/clusteruy/home/mathiasr/generator-aware-row-scaling/results-revision/r5-ablation/sgtm-gurobi-01pct/resultados/instance029_base.csv,/clusteruy/home/mathiasr/generator-aware-row-scaling/results-revision/r5-ablation/sgtm-gurobi-01pct/resultados/instance029_base_postprocesado.csv,/clusteruy/home/mathiasr/generator-aware-row-scaling/results-revision/r5-ablation/sgtm-gurobi-01pct/logs/instance029_base.log
instance029.txt,estructurado,OK,0,0.381307912,0.07839128318424,-3063679.2759923763,-3063680.0,OPTIMAL,-3066080.9334894763,1.0,6943.0,0.09,10080.0,6120.0,22679.0,8619.0,5686.0,20697.0,14.494047619047619,7.091503267973856,8.739362405749812,1,Model contains large bounds,9e-06,100000.0,0.001,100.0,10.0,2000000.0,1.0,4000000000.0,0.0005555555555555556,1.0,0.0008,1.0,25350000000000.0,237800000000.0,1.0,1.118,0.046697288,0.42800520000000003,1.355310112211886,1.355310112211886,1.2074396969943355,0.046697288,0.1224660871972675,-0.058825651520844,0.0,0.0,0.0,0.0,0.0005555555555555556,0.009380670611439842,25064.0,,0.012581637707998108,0.0,,,,0.0,,0.697402405670356,,,,,,,,OK,REVISAR,5.19677996635437e-07,0.0,3.725290298461914e-09,31.8357254259616,0.0,5.38347230293123e-09,5.6843418860808e-14,2.02292576432227e-07,2.00728322852228e-13,0.754782216896711,2.94153443005217,22.7132954190714,5.43071869999505,1.13686837721616e-13,0.0,5.19677996635437e-07,0.0,0.0,0.0,0.0,0.0,0.0,0.0,0.0,0.0,0.0,-3063679.27599238,31.8357254259616,0.0,1.6871839761734e-05,0.0,0.0,0.0,2235.0,0.0,257.0,0.0,0.0,0.0,0.0,-3063679.27599238,-3063679.27599238,-3.725290298461914e-09,1.215953095238806e-15,igual,-1802.2292946116067,OK,0.0,0,/clusteruy/home/mathiasr/generator-aware-row-scaling/results-revision/r5-ablation/sgtm-gurobi-01pct/resultados/instance029_estructurado.csv,/clusteruy/home/mathiasr/generator-aware-row-scaling/results-revision/r5-ablation/sgtm-gurobi-01pct/resultados/instance029_estructurado_postprocesado.csv,/clusteruy/home/mathiasr/generator-aware-row-scaling/results-revision/r5-ablation/sgtm-gurobi-01pct/logs/instance029_estructurado.log
instance029.txt,estructurado_solo_local,OK,0,0.36983076,0.07839128318424,-3063679.2759923763,-3063680.0,OPTIMAL,-3066080.9334894763,1.0,6943.0,0.09,10080.0,6120.0,22679.0,8619.0,5686.0,20697.0,14.494047619047619,7.091503267973856,8.739362405749812,1,Model contains large bounds,9e-06,100000.0,0.001,100.0,10.0,2000000.0,1.0,4000000000.0,0.0005555555555555556,1.0,0.0008,1.0,25350000000000.0,237800000000.0,1.0,1.118,0.046450095,0.416280855,1.3973701619627314,1.3973701619627314,1.241446640634002,0.046450095,0.12559824661420807,-0.058825651520844,0.0,0.0,0.0,0.0,0.0005555555555555556,0.009380670611439842,25064.0,,0.012581637707998108,0.0,,,,0.0,,0.69186924942881,,,,,,,,OK,REVISAR,5.19677996635437e-07,0.0,3.725290298461914e-09,31.8357254259616,0.0,5.38347230293123e-09,5.6843418860808e-14,2.02292576432227e-07,2.00728322852228e-13,0.754782216896711,2.94153443005217,22.7132954190714,5.43071869999505,1.13686837721616e-13,0.0,5.19677996635437e-07,0.0,0.0,0.0,0.0,0.0,0.0,0.0,0.0,0.0,0.0,-3063679.27599238,31.8357254259616,0.0,1.6871839761734e-05,0.0,0.0,0.0,2235.0,0.0,257.0,0.0,0.0,0.0,0.0,-3063679.27599238,-3063679.27599238,-3.725290298461914e-09,1.215953095238806e-15,igual,-1802.2292946116067,OK,0.0,0,/clusteruy/home/mathiasr/generator-aware-row-scaling/results-revision/r5-ablation/sgtm-gurobi-01pct/resultados/instance029_estructurado_solo_local.csv,/clusteruy/home/mathiasr/generator-aware-row-scaling/results-revision/r5-ablation/sgtm-gurobi-01pct/resultados/instance029_estructurado_solo_local_postprocesado.csv,/clusteruy/home/mathiasr/generator-aware-row-scaling/results-revision/r5-ablation/sgtm-gurobi-01pct/logs/instance029_estructurado_solo_local.log
instance029.txt,estructurado_solo_acoplamiento,OK,0,0.454191626,0.019565631663396,-3063679.2759923763,-3063680.0,OPTIMAL,-3064278.7041948647,1.0,7498.0,0.08,10080.0,6120.0,22679.0,8619.0,5686.0,20697.0,14.494047619047619,7.091503267973856,8.739362405749812,3,Model contains large bounds | Model contains large matrix coefficient range | Model contains large rhs,0.0005,10000000000.0,0.001,100.0,40.0,10000000000.0,1.0,4000000000.0,1.0,1.0,1.0,1.0,25350000000000.0,25350000000000.0,1.0,1.0,0.040155847,0.49434747300000004,1.1378247405204251,1.1378247405204251,1.0453992327781152,0.040155847,0.08841168507144603,0.0,0.0,0.0,0.0,0.0,1.0,1.0,1992109.0,,0.9999997491558571,0.0,,0.0,0.0,0.0,,0.570728595035783,,,,,,,,OK,REVISAR,2.38418579101562e-07,0.0,3.725290298461914e-09,31.8357254259614,0.0,4.01337419038879e-09,5.6843418860808e-14,1.63912773132324e-07,2.1138646388863e-13,0.754782217276168,2.94153443005218,22.7132954190713,5.43071869999505,5.6843418860808e-14,0.0,2.38418579101562e-07,0.0,0.0,0.0,0.0,0.0,0.0,0.0,0.0,0.0,0.0,-3063679.27599238,31.8357254259614,0.0,1.6871839761734e-05,0.0,0.0,0.0,2235.0,0.0,257.0,0.0,0.0,0.0,0.0,-3063679.27599238,-3063679.27599238,-3.725290298461914e-09,1.215953095238806e-15,igual,0.0,OK,0.0,0,/clusteruy/home/mathiasr/generator-aware-row-scaling/results-revision/r5-ablation/sgtm-gurobi-01pct/resultados/instance029_estructurado_solo_acoplamiento.csv,/clusteruy/home/mathiasr/generator-aware-row-scaling/results-revision/r5-ablation/sgtm-gurobi-01pct/resultados/instance029_estructurado_solo_acoplamiento_postprocesado.csv,/clusteruy/home/mathiasr/generator-aware-row-scaling/results-revision/r5-ablation/sgtm-gurobi-01pct/logs/instance029_estructurado_solo_acoplamiento.log
instance029.txt,estructurado_matricial,OK,0,0.377924659,0.078391283184194,-3063679.275992384,-3063680.0,OPTIMAL,-3066080.933489483,1.0,7771.0,0.08,10080.0,6120.0,22679.0,8619.0,5686.0,20697.0,14.494047619047619,7.091503267973856,8.739362405749812,1,Model contains large bounds,9e-06,100000.0,0.001,100.0,90.0,30000000.0,1.0,4000000000.0,0.0005555555555555556,1.0,0.0013333333333333333,1.0,25350000000000.0,3140000000000.0,1.0,1.0,0.048063089,0.425987748,1.367443104579212,1.367443104579212,1.2131580577758776,0.048063089,0.12717637723660685,-0.058825651520797995,-7.916241884231567e-09,-2.583900327382463e-15,0.0,0.0,0.0005555555555555556,0.12386587771203156,174707.0,,0.0876994964511341,0.0,,,,0.0,,0.708831492966268,,,,,,,,OK,REVISAR,5.75557351112366e-07,0.0,4.190951585769653e-09,31.8357254259616,0.0,6.75754249724211e-09,6.3948846218409e-14,2.66553834080695e-07,2.77111666946439e-13,0.754782217281434,2.94153443005217,22.7132954190713,5.43071869999505,1.13686837721616e-13,0.0,5.75557351112366e-07,0.0,0.0,0.0,0.0,0.0,0.0,0.0,0.0,0.0,0.0,-3063679.27599238,31.8357254259616,0.0,1.6871839761734e-05,0.0,0.0,0.0,2235.0,0.0,257.0,0.0,0.0,0.0,0.0,-3063679.27599238,-3063679.27599238,-3.725290298461914e-09,1.215953095238806e-15,igual,-1802.229294618126,OK,0.0,0,/clusteruy/home/mathiasr/generator-aware-row-scaling/results-revision/r5-ablation/sgtm-gurobi-01pct/resultados/instance029_estructurado_matricial.csv,/clusteruy/home/mathiasr/generator-aware-row-scaling/results-revision/r5-ablation/sgtm-gurobi-01pct/resultados/instance029_estructurado_matricial_postprocesado.csv,/clusteruy/home/mathiasr/generator-aware-row-scaling/results-revision/r5-ablation/sgtm-gurobi-01pct/logs/instance029_estructurado_matricial.log
instance029.txt,matricial_solo_local,OK,0,0.38256191,0.078391283184194,-3063679.275992384,-3063680.0,OPTIMAL,-3066080.933489483,1.0,7771.0,0.09,10080.0,6120.0,22679.0,8619.0,5686.0,20697.0,14.494047619047619,7.091503267973856,8.739362405749812,1,Model contains large bounds,9e-06,100000.0,0.001,100.0,90.0,30000000.0,1.0,4000000000.0,0.0005555555555555556,1.0,0.0013333333333333333,1.0,25350000000000.0,3140000000000.0,1.0,1.0,0.046950358,0.429512268,1.3508675471638043,1.3508675471638043,1.2032030456461842,0.046950358,0.12272616999428929,-0.058825651520797995,-7.916241884231567e-09,-2.583900327382463e-15,0.0,0.0,0.0005555555555555556,0.12386587771203156,174707.0,,0.0876994964511341,0.0,,,,0.0,,0.710255941060361,,,,,,,,OK,REVISAR,5.75557351112366e-07,0.0,4.190951585769653e-09,31.8357254259616,0.0,6.75754249724211e-09,6.3948846218409e-14,2.66553834080695e-07,2.77111666946439e-13,0.754782217281434,2.94153443005217,22.7132954190713,5.43071869999505,1.13686837721616e-13,0.0,5.75557351112366e-07,0.0,0.0,0.0,0.0,0.0,0.0,0.0,0.0,0.0,0.0,-3063679.27599238,31.8357254259616,0.0,1.6871839761734e-05,0.0,0.0,0.0,2235.0,0.0,257.0,0.0,0.0,0.0,0.0,-3063679.27599238,-3063679.27599238,-3.725290298461914e-09,1.215953095238806e-15,igual,-1802.229294618126,OK,0.0,0,/clusteruy/home/mathiasr/generator-aware-row-scaling/results-revision/r5-ablation/sgtm-gurobi-01pct/resultados/instance029_matricial_solo_local.csv,/clusteruy/home/mathiasr/generator-aware-row-scaling/results-revision/r5-ablation/sgtm-gurobi-01pct/resultados/instance029_matricial_solo_local_postprocesado.csv,/clusteruy/home/mathiasr/generator-aware-row-scaling/results-revision/r5-ablation/sgtm-gurobi-01pct/logs/instance029_matricial_solo_local.log
instance029.txt,matricial_solo_acoplamiento,OK,0,0.474569176,0.019565631663396,-3063679.2759923763,-3063680.0,OPTIMAL,-3064278.7041948647,1.0,7498.0,0.08,10080.0,6120.0,22679.0,8619.0,5686.0,20697.0,14.494047619047619,7.091503267973856,8.739362405749812,3,Model contains large bounds | Model contains large matrix coefficient range | Model contains large rhs,0.0005,10000000000.0,0.001,100.0,40.0,10000000000.0,1.0,4000000000.0,1.0,1.0,1.0,1.0,25350000000000.0,25350000000000.0,1.0,1.0,0.041070752,0.515639928,1.0889676260811343,1.0889676260811343,1.002231287643807,0.041070752,0.086543235585111,0.0,0.0,0.0,0.0,0.0,1.0,1.0,1992109.0,,0.9999997491558571,0.0,,0.0,0.0,0.0,,0.56432727898939,,,,,,,,OK,REVISAR,2.38418579101562e-07,0.0,3.725290298461914e-09,31.8357254259614,0.0,4.01337419038879e-09,5.6843418860808e-14,1.63912773132324e-07,2.1138646388863e-13,0.754782217276168,2.94153443005218,22.7132954190713,5.43071869999505,5.6843418860808e-14,0.0,2.38418579101562e-07,0.0,0.0,0.0,0.0,0.0,0.0,0.0,0.0,0.0,0.0,-3063679.27599238,31.8357254259614,0.0,1.6871839761734e-05,0.0,0.0,0.0,2235.0,0.0,257.0,0.0,0.0,0.0,0.0,-3063679.27599238,-3063679.27599238,-3.725290298461914e-09,1.215953095238806e-15,igual,0.0,OK,0.0,0,/clusteruy/home/mathiasr/generator-aware-row-scaling/results-revision/r5-ablation/sgtm-gurobi-01pct/resultados/instance029_matricial_solo_acoplamiento.csv,/clusteruy/home/mathiasr/generator-aware-row-scaling/results-revision/r5-ablation/sgtm-gurobi-01pct/resultados/instance029_matricial_solo_acoplamiento_postprocesado.csv,/clusteruy/home/mathiasr/generator-aware-row-scaling/results-revision/r5-ablation/sgtm-gurobi-01pct/logs/instance029_matricial_solo_acoplamiento.log
instance030.txt,base,OK,0,21.052018479,0.015326865705578,-2523852.215879895,-2523850.0,OPTIMAL,-2524239.04331963,8356.0,166884.0,0.12,10080.0,6120.0,22679.0,8442.0,5551.0,20009.0,16.25,9.297385620915033,11.773005864456104,3,Model contains large bounds | Model contains large matrix coefficient range | Model contains large rhs,0.0005,10000000000.0,0.001,100.0,40.0,10000000000.0,1.0,4000000000.0,,,,,,,,,0.0,21.052018479,1.0,1.0,1.0,0.0,0.0,0.0,,,0.0,,,,236032067.496887,,,14.50544,,0.034412,4.612255,14.50544,1.0,0.055656948125848,,,,,,,,BASE,BASE,,,,,,2.41404858144835e-09,4.2632564145606e-14,9.49949026107788e-08,1.62536650805123e-13,0.227940009176611,0.554207961673711,8.40849051301457,1.96419578622803,1.14130926931466e-13,0.0,3.44589352607727e-07,0.0,0.0,0.0,0.0,0.0,0.0,0.0,0.0,0.0,0.0,-2523852.21587989,15.0608240353822,0.0,6.72414898872375e-06,0.0,0.0,0.0,887.0,0.0,164.0,0.0,0.0,0.0,0.0,-2523852.21587989,,,,,,BASE,0.0,0,/clusteruy/home/mathiasr/generator-aware-row-scaling/results-revision/r5-ablation/sgtm-gurobi-01pct/resultados/instance030_base.csv,/clusteruy/home/mathiasr/generator-aware-row-scaling/results-revision/r5-ablation/sgtm-gurobi-01pct/resultados/instance030_base_postprocesado.csv,/clusteruy/home/mathiasr/generator-aware-row-scaling/results-revision/r5-ablation/sgtm-gurobi-01pct/logs/instance030_base.log
instance030.txt,estructurado,OK,0,13.385848446,0.032165355143433,-2523928.7917514276,-2523930.0,OPTIMAL,-2524740.622410862,3501.0,66275.0,0.12,10080.0,6120.0,22679.0,8442.0,5551.0,20009.0,16.25,9.297385620915033,11.773005864456104,1,Model contains large bounds,9e-06,100000.0,0.001,100.0,10.0,1000000.0,1.0,4000000000.0,0.0005555555555555556,1.0,0.0004,1.0,26780000000000.0,149600000000.0,1.0,1.118,0.046352466,13.432200912,1.572707069254981,1.572707069254981,1.5672798982773286,0.046352466,0.00346279626480092,-0.016838489437855,-76.57587153278291,-3.0340869822318872e-05,-80.0,-3.169760484973354e-05,0.0005555555555555556,0.0055862584017923825,888138.0,,0.003762785325818974,10.0,,0.0,2.0,10.0,1.450544,0.065998466659817,,,,,,,,OK,REVISAR,1.12131237983704e-06,0.0,2.3283064365386963e-09,15.0501248944618,0.0,3.53773434406362e-09,5.6843418860808e-14,1.11758708953857e-07,1.61973799309995e-13,0.228015739240417,0.552847311917286,8.40210669226548,1.96280043047182,1.70530256582424e-13,0.0,1.12131237983704e-06,0.0,0.0,0.0,0.0,0.0,1.0,0.0,0.0,0.0,0.0,-2523928.79175143,15.0501248944618,0.0,7.2019174695015e-06,0.0,0.0,0.0,885.0,0.0,164.0,0.0,0.0,0.0,0.0,-2523928.79175143,-2523928.79175143,-76.57587153511122,3.0340869823241392e-05,mejora,-501.57909123180434,DIFIERE,300000.0,987,/clusteruy/home/mathiasr/generator-aware-row-scaling/results-revision/r5-ablation/sgtm-gurobi-01pct/resultados/instance030_estructurado.csv,/clusteruy/home/mathiasr/generator-aware-row-scaling/results-revision/r5-ablation/sgtm-gurobi-01pct/resultados/instance030_estructurado_postprocesado.csv,/clusteruy/home/mathiasr/generator-aware-row-scaling/results-revision/r5-ablation/sgtm-gurobi-01pct/logs/instance030_estructurado.log
instance030.txt,estructurado_solo_local,OK,0,13.183518423,0.032165355143433,-2523928.7917514276,-2523930.0,OPTIMAL,-2524740.622410862,3501.0,66275.0,0.12,10080.0,6120.0,22679.0,8442.0,5551.0,20009.0,16.25,9.297385620915033,11.773005864456104,1,Model contains large bounds,9e-06,100000.0,0.001,100.0,10.0,1000000.0,1.0,4000000000.0,0.0005555555555555556,1.0,0.0004,1.0,26780000000000.0,149600000000.0,1.0,1.118,0.046699516,13.230217939000001,1.5968437107254005,1.5968437107254005,1.591207233022437,0.046699516,0.003542265008598001,-0.016838489437855,-76.57587153278291,-3.0340869822318872e-05,-80.0,-3.169760484973354e-05,0.0005555555555555556,0.0055862584017923825,888138.0,,0.003762785325818974,10.0,,0.0,2.0,10.0,1.450544,0.067604886402368,,,,,,,,OK,REVISAR,1.12131237983704e-06,0.0,2.3283064365386963e-09,15.0501248944618,0.0,3.53773434406362e-09,5.6843418860808e-14,1.11758708953857e-07,1.61973799309995e-13,0.228015739240417,0.552847311917286,8.40210669226548,1.96280043047182,1.70530256582424e-13,0.0,1.12131237983704e-06,0.0,0.0,0.0,0.0,0.0,1.0,0.0,0.0,0.0,0.0,-2523928.79175143,15.0501248944618,0.0,7.2019174695015e-06,0.0,0.0,0.0,885.0,0.0,164.0,0.0,0.0,0.0,0.0,-2523928.79175143,-2523928.79175143,-76.57587153511122,3.0340869823241392e-05,mejora,-501.57909123180434,DIFIERE,300000.0,987,/clusteruy/home/mathiasr/generator-aware-row-scaling/results-revision/r5-ablation/sgtm-gurobi-01pct/resultados/instance030_estructurado_solo_local.csv,/clusteruy/home/mathiasr/generator-aware-row-scaling/results-revision/r5-ablation/sgtm-gurobi-01pct/resultados/instance030_estructurado_solo_local_postprocesado.csv,/clusteruy/home/mathiasr/generator-aware-row-scaling/results-revision/r5-ablation/sgtm-gurobi-01pct/logs/instance030_estructurado_solo_local.log
instance030.txt,estructurado_solo_acoplamiento,OK,0,18.785331403,0.015326865705578,-2523852.215879895,-2523850.0,OPTIMAL,-2524239.04331963,8356.0,166884.0,0.12,10080.0,6120.0,22679.0,8442.0,5551.0,20009.0,16.25,9.297385620915033,11.773005864456104,3,Model contains large bounds | Model contains large matrix coefficient range | Model contains large rhs,0.0005,10000000000.0,0.001,100.0,40.0,10000000000.0,1.0,4000000000.0,1.0,1.0,1.0,1.0,26780000000000.0,26780000000000.0,1.0,1.0,0.040343118,18.825674521,1.1206626078280424,1.1206626078280424,1.1182610458667241,0.040343118,0.00214758617426133,0.0,0.0,0.0,0.0,0.0,1.0,1.0,236032067.0,,0.9999999978948326,15.0,,0.0,5.0,15.0,0.9670293333333333,0.060541423501112,,,,,,,,OK,REVISAR,3.44589352607727e-07,0.0,4.6566128730773926e-09,15.0608240353822,0.0,2.41404858144835e-09,4.2632564145606e-14,9.49949026107788e-08,1.62536650805123e-13,0.227940009176611,0.554207961673711,8.40849051301457,1.96419578622803,1.14130926931466e-13,0.0,3.44589352607727e-07,0.0,0.0,0.0,0.0,0.0,0.0,0.0,0.0,0.0,0.0,-2523852.21587989,15.0608240353822,0.0,6.72414898872375e-06,0.0,0.0,0.0,887.0,0.0,164.0,0.0,0.0,0.0,0.0,-2523852.21587989,-2523852.21587989,4.6566128730773926e-09,1.8450418149598152e-15,igual,0.0,OK,0.0,0,/clusteruy/home/mathiasr/generator-aware-row-scaling/results-revision/r5-ablation/sgtm-gurobi-01pct/resultados/instance030_estructurado_solo_acoplamiento.csv,/clusteruy/home/mathiasr/generator-aware-row-scaling/results-revision/r5-ablation/sgtm-gurobi-01pct/resultados/instance030_estructurado_solo_acoplamiento_postprocesado.csv,/clusteruy/home/mathiasr/generator-aware-row-scaling/results-revision/r5-ablation/sgtm-gurobi-01pct/logs/instance030_estructurado_solo_acoplamiento.log
instance030.txt,estructurado_matricial,OK,0,15.378230667,0.011898335221619,-2524157.629193384,-2524160.0,OPTIMAL,-2524457.9619296277,3075.0,57342.0,0.13,10080.0,6120.0,22679.0,8442.0,5551.0,20009.0,16.25,9.297385620915033,11.773005864456104,1,Model contains large bounds,9e-06,100000.0,0.001,100.0,90.0,30000000.0,1.0,4000000000.0,0.0005555555555555556,1.0,0.0013333333333333333,1.0,26780000000000.0,3339000000000.0,1.0,1.0,0.048044099,15.426274766,1.3689493242012118,1.3689493242012118,1.364685823268189,0.048044099,0.003124162983398173,0.0034285304839590004,-305.4133134894073,-0.00012101077534087334,-310.0,-0.0001228282187927175,0.0005555555555555556,0.12468259895444361,174512.0,,0.0007393571638408905,11.0,,0.0,3.0,11.0,1.3186763636363636,0.057147795048554,,,,,,,,OK,REVISAR,3.55765223503113e-07,0.0,4.190951585769653e-09,15.0501248944618,0.0,3.47555304448116e-09,4.17887946468902e-14,1.32443383336066e-07,1.49213974509621e-13,0.227979986274208,0.553584140354128,8.40060881253666,1.9628004304718,9.2370555648813e-14,0.0,3.55765223503113e-07,0.0,0.0,0.0,0.0,0.0,0.0,0.0,0.0,0.0,0.0,-2524157.62919338,15.0501248944618,0.0,6.71856105327606e-06,0.0,0.0,0.0,885.0,0.0,164.0,0.0,0.0,0.0,0.0,-2524157.62919338,-2524157.62919338,-305.41331348521635,0.0001210107753392128,mejora,-218.91860999772325,DIFIERE,370000.0,991,/clusteruy/home/mathiasr/generator-aware-row-scaling/results-revision/r5-ablation/sgtm-gurobi-01pct/resultados/instance030_estructurado_matricial.csv,/clusteruy/home/mathiasr/generator-aware-row-scaling/results-revision/r5-ablation/sgtm-gurobi-01pct/resultados/instance030_estructurado_matricial_postprocesado.csv,/clusteruy/home/mathiasr/generator-aware-row-scaling/results-revision/r5-ablation/sgtm-gurobi-01pct/logs/instance030_estructurado_matricial.log
instance030.txt,matricial_solo_local,OK,0,12.902722216,0.011898335221619,-2524157.629193384,-2524160.0,OPTIMAL,-2524457.9619296277,3075.0,57342.0,0.12,10080.0,6120.0,22679.0,8442.0,5551.0,20009.0,16.25,9.297385620915033,11.773005864456104,1,Model contains large bounds,9e-06,100000.0,0.001,100.0,90.0,30000000.0,1.0,4000000000.0,0.0005555555555555556,1.0,0.0013333333333333333,1.0,26780000000000.0,3339000000000.0,1.0,1.0,0.047095104,12.949817320000001,1.631595110440685,1.631595110440685,1.6256614250833308,0.047095104,0.0036500130136569,0.0034285304839590004,-305.4133134894073,-0.00012101077534087334,-310.0,-0.0001228282187927175,0.0005555555555555556,0.12468259895444361,174512.0,,0.0007393571638408905,11.0,,0.0,2.0,11.0,1.3186763636363636,0.064515273709319,,,,,,,,OK,REVISAR,3.55765223503113e-07,0.0,4.190951585769653e-09,15.0501248944618,0.0,3.47555304448116e-09,4.17887946468902e-14,1.32443383336066e-07,1.49213974509621e-13,0.227979986274208,0.553584140354128,8.40060881253666,1.9628004304718,9.2370555648813e-14,0.0,3.55765223503113e-07,0.0,0.0,0.0,0.0,0.0,0.0,0.0,0.0,0.0,0.0,-2524157.62919338,15.0501248944618,0.0,6.71856105327606e-06,0.0,0.0,0.0,885.0,0.0,164.0,0.0,0.0,0.0,0.0,-2524157.62919338,-2524157.62919338,-305.41331348521635,0.0001210107753392128,mejora,-218.91860999772325,DIFIERE,370000.0,991,/clusteruy/home/mathiasr/generator-aware-row-scaling/results-revision/r5-ablation/sgtm-gurobi-01pct/resultados/instance030_matricial_solo_local.csv,/clusteruy/home/mathiasr/generator-aware-row-scaling/results-revision/r5-ablation/sgtm-gurobi-01pct/resultados/instance030_matricial_solo_local_postprocesado.csv,/clusteruy/home/mathiasr/generator-aware-row-scaling/results-revision/r5-ablation/sgtm-gurobi-01pct/logs/instance030_matricial_solo_local.log
instance030.txt,matricial_solo_acoplamiento,OK,0,18.989650292,0.015326865705578,-2523852.215879895,-2523850.0,OPTIMAL,-2524239.04331963,8356.0,166884.0,0.12,10080.0,6120.0,22679.0,8442.0,5551.0,20009.0,16.25,9.297385620915033,11.773005864456104,3,Model contains large bounds | Model contains large matrix coefficient range | Model contains large rhs,0.0005,10000000000.0,0.001,100.0,40.0,10000000000.0,1.0,4000000000.0,1.0,1.0,1.0,1.0,26780000000000.0,26780000000000.0,1.0,1.0,0.04116535,19.030815642,1.1086048534484514,1.1086048534484514,1.10620684236672,0.04116535,0.002167778203758825,0.0,0.0,0.0,0.0,0.0,1.0,1.0,236032067.0,,0.9999999978948326,15.0,,0.0,5.0,15.0,0.9670293333333333,0.059537575877726,,,,,,,,OK,REVISAR,3.44589352607727e-07,0.0,4.6566128730773926e-09,15.0608240353822,0.0,2.41404858144835e-09,4.2632564145606e-14,9.49949026107788e-08,1.62536650805123e-13,0.227940009176611,0.554207961673711,8.40849051301457,1.96419578622803,1.14130926931466e-13,0.0,3.44589352607727e-07,0.0,0.0,0.0,0.0,0.0,0.0,0.0,0.0,0.0,0.0,-2523852.21587989,15.0608240353822,0.0,6.72414898872375e-06,0.0,0.0,0.0,887.0,0.0,164.0,0.0,0.0,0.0,0.0,-2523852.21587989,-2523852.21587989,4.6566128730773926e-09,1.8450418149598152e-15,igual,0.0,OK,0.0,0,/clusteruy/home/mathiasr/generator-aware-row-scaling/results-revision/r5-ablation/sgtm-gurobi-01pct/resultados/instance030_matricial_solo_acoplamiento.csv,/clusteruy/home/mathiasr/generator-aware-row-scaling/results-revision/r5-ablation/sgtm-gurobi-01pct/resultados/instance030_matricial_solo_acoplamiento_postprocesado.csv,/clusteruy/home/mathiasr/generator-aware-row-scaling/results-revision/r5-ablation/sgtm-gurobi-01pct/logs/instance030_matricial_solo_acoplamiento.log
instance031.txt,base,OK,0,0.321000263,6e-14,-1542528.0,-1542530.0,OPTIMAL,-1542528.000000001,1.0,9093.0,0.07,10080.0,6120.0,22679.0,8632.0,5679.0,20810.0,14.365079365079366,7.205882352941177,8.241104105119273,3,Model contains large bounds | Model contains large matrix coefficient range | Model contains large rhs,0.0003,9000000000.0,0.0004,100.0,40.0,8000000000.0,1.0,4000000000.0,,,,,,,,,0.0,0.321000263,1.0,1.0,1.0,0.0,0.0,0.0,,,0.0,,,,1902607.368345,,,0.304277,,,,0.304277,1.0,0.614168463651132,,,,,,,,BASE,BASE,,,,,,3.17389040990459e-09,5.6843418860808e-14,1.34110450744629e-07,1.56319401867222e-13,2.98027721206763,31.161054145876,61.8153565807412,48.3749051365781,5.6843418860808e-14,0.0,2.38418579101562e-07,0.0,0.0,0.0,0.0,0.0,0.0,0.0,0.0,0.0,0.0,-1542528.0,80.8141777508307,0.0,0.000167116522789001,0.0,0.0,0.0,2145.0,0.0,282.0,0.0,0.0,0.0,0.0,-1542528.0,,,,,,BASE,0.0,0,/clusteruy/home/mathiasr/generator-aware-row-scaling/results-revision/r5-ablation/sgtm-gurobi-01pct/resultados/instance031_base.csv,/clusteruy/home/mathiasr/generator-aware-row-scaling/results-revision/r5-ablation/sgtm-gurobi-01pct/resultados/instance031_base_postprocesado.csv,/clusteruy/home/mathiasr/generator-aware-row-scaling/results-revision/r5-ablation/sgtm-gurobi-01pct/logs/instance031_base.log
instance031.txt,estructurado,OK,0,0.309100186,6e-14,-1542528.0,-1542530.0,OPTIMAL,-1542528.000000001,1.0,7200.0,0.08,10080.0,6120.0,22679.0,8632.0,5679.0,20810.0,14.365079365079366,7.205882352941177,8.241104105119273,1,Model contains large bounds,1e-05,90000.0,0.0004,100.0,10.0,1000000.0,1.0,4000000000.0,0.0003,1.0,0.0005,1.0,26480000000000.0,135700000000.0,1.0,1.118,0.046379508,0.355479694,1.0384990936239682,1.0384990936239682,0.9030059055918958,0.046379508,0.15004684597633985,0.0,0.0,0.0,0.0,0.0,0.0003,0.005124622356495468,22324.0,,0.011733371988051708,0.0,,,,0.0,,0.619947228646979,,,,,,,,OK,REVISAR,4.76837158203125e-06,0.0,0.0,78.0930295767847,0.0,7.33730944957345e-09,5.6843418860808e-14,2.23517417907715e-07,2.96651193566011e-13,2.71562324488572,26.4306520732296,58.620486110433,47.1759027349954,1.70530256582424e-13,0.0,4.76837158203125e-06,0.0,0.0,0.0,0.0,0.0,4.0,0.0,0.0,0.0,0.0,-1542528.0,78.0930295767847,0.0,0.000167354941368103,0.0,0.0,0.0,2113.0,0.0,234.0,0.0,0.0,0.0,0.0,-1542528.0,-1542528.0,0.0,0.0,igual,0.0,DIFIERE,903033000.0,1297,/clusteruy/home/mathiasr/generator-aware-row-scaling/results-revision/r5-ablation/sgtm-gurobi-01pct/resultados/instance031_estructurado.csv,/clusteruy/home/mathiasr/generator-aware-row-scaling/results-revision/r5-ablation/sgtm-gurobi-01pct/resultados/instance031_estructurado_postprocesado.csv,/clusteruy/home/mathiasr/generator-aware-row-scaling/results-revision/r5-ablation/sgtm-gurobi-01pct/logs/instance031_estructurado.log
instance031.txt,estructurado_solo_local,OK,0,0.308258176,6e-14,-1542528.0,-1542530.0,OPTIMAL,-1542528.000000001,1.0,7200.0,0.07,10080.0,6120.0,22679.0,8632.0,5679.0,20810.0,14.365079365079366,7.205882352941177,8.241104105119273,1,Model contains large bounds,1e-05,90000.0,0.0004,100.0,10.0,1000000.0,1.0,4000000000.0,0.0003,1.0,0.0005,1.0,26480000000000.0,135700000000.0,1.0,1.118,0.046480649,0.354738825,1.041335763305107,1.041335763305107,0.9048918256973987,0.046480649,0.15078480513684736,0.0,0.0,0.0,0.0,0.0,0.0003,0.005124622356495468,22324.0,,0.011733371988051708,0.0,,,,0.0,,0.619740449099323,,,,,,,,OK,REVISAR,4.76837158203125e-06,0.0,0.0,78.0930295767847,0.0,7.33730944957345e-09,5.6843418860808e-14,2.23517417907715e-07,2.96651193566011e-13,2.71562324488572,26.4306520732296,58.620486110433,47.1759027349954,1.70530256582424e-13,0.0,4.76837158203125e-06,0.0,0.0,0.0,0.0,0.0,4.0,0.0,0.0,0.0,0.0,-1542528.0,78.0930295767847,0.0,0.000167354941368103,0.0,0.0,0.0,2113.0,0.0,234.0,0.0,0.0,0.0,0.0,-1542528.0,-1542528.0,0.0,0.0,igual,0.0,DIFIERE,903033000.0,1297,/clusteruy/home/mathiasr/generator-aware-row-scaling/results-revision/r5-ablation/sgtm-gurobi-01pct/resultados/instance031_estructurado_solo_local.csv,/clusteruy/home/mathiasr/generator-aware-row-scaling/results-revision/r5-ablation/sgtm-gurobi-01pct/resultados/instance031_estructurado_solo_local_postprocesado.csv,/clusteruy/home/mathiasr/generator-aware-row-scaling/results-revision/r5-ablation/sgtm-gurobi-01pct/logs/instance031_estructurado_solo_local.log
instance031.txt,estructurado_solo_acoplamiento,OK,0,0.319064196,6e-14,-1542528.0,-1542530.0,OPTIMAL,-1542528.000000001,1.0,9093.0,0.07,10080.0,6120.0,22679.0,8632.0,5679.0,20810.0,14.365079365079366,7.205882352941177,8.241104105119273,3,Model contains large bounds | Model contains large matrix coefficient range | Model contains large rhs,0.0003,9000000000.0,0.0004,100.0,40.0,8000000000.0,1.0,4000000000.0,1.0,1.0,1.0,1.0,26480000000000.0,26480000000000.0,1.0,1.0,0.03995667,0.35902086600000005,1.0060679544250712,1.0060679544250712,0.8940991830820216,0.03995667,0.12523081718639467,0.0,0.0,0.0,0.0,0.0,1.0,1.0,1902607.0,,0.9999998063998877,0.0,,,,0.0,,0.614917854589492,,,,,,,,OK,REVISAR,2.38418579101562e-07,0.0,0.0,80.8141777508307,0.0,3.17389040990459e-09,5.6843418860808e-14,1.34110450744629e-07,1.56319401867222e-13,2.98027721206763,31.161054145876,61.8153565807412,48.3749051365781,5.6843418860808e-14,0.0,2.38418579101562e-07,0.0,0.0,0.0,0.0,0.0,0.0,0.0,0.0,0.0,0.0,-1542528.0,80.8141777508307,0.0,0.000167116522789001,0.0,0.0,0.0,2145.0,0.0,282.0,0.0,0.0,0.0,0.0,-1542528.0,-1542528.0,0.0,0.0,igual,0.0,OK,0.0,0,/clusteruy/home/mathiasr/generator-aware-row-scaling/results-revision/r5-ablation/sgtm-gurobi-01pct/resultados/instance031_estructurado_solo_acoplamiento.csv,/clusteruy/home/mathiasr/generator-aware-row-scaling/results-revision/r5-ablation/sgtm-gurobi-01pct/resultados/instance031_estructurado_solo_acoplamiento_postprocesado.csv,/clusteruy/home/mathiasr/generator-aware-row-scaling/results-revision/r5-ablation/sgtm-gurobi-01pct/logs/instance031_estructurado_solo_acoplamiento.log
instance031.txt,estructurado_matricial,OK,0,0.276585081,6e-14,-1542528.0,-1542530.0,OPTIMAL,-1542528.000000001,1.0,7009.0,0.07,10080.0,6120.0,22679.0,8632.0,5679.0,20810.0,14.365079365079366,7.205882352941177,8.241104105119273,1,Model contains large bounds,1e-05,90000.0,0.0004,100.0,90.0,20000000.0,1.0,4000000000.0,0.0003,1.0,0.0011111111111111111,1.0,26480000000000.0,1767000000000.0,1.0,1.001,0.047924631,0.324509712,1.160584156742713,1.160584156742713,0.9891853806828438,0.047924631,0.17327265384932314,0.0,0.0,0.0,0.0,0.0,0.0003,0.06672960725075529,1490195.0,,0.7832383206295787,0.0,,,,0.0,,0.51917115836443,,,,,,,,OK,REVISAR,6.44475221633911e-07,0.0,0.0,78.6565176652502,0.0,5.10047108001775e-09,2.75335310107039e-14,2.05673277378079e-07,1.4210854715202e-13,3.01191862081008,31.6096607737681,59.3788590508779,47.1759027349954,5.6843418860808e-14,0.0,6.44475221633911e-07,0.0,0.0,0.0,0.0,0.0,0.0,0.0,0.0,0.0,0.0,-1542528.0,78.6565176652502,0.0,0.000167116522789001,0.0,0.0,0.0,2215.0,0.0,286.0,0.0,0.0,0.0,0.0,-1542528.0,-1542528.0,0.0,0.0,igual,0.0,DIFIERE,282720000.0,1174,/clusteruy/home/mathiasr/generator-aware-row-scaling/results-revision/r5-ablation/sgtm-gurobi-01pct/resultados/instance031_estructurado_matricial.csv,/clusteruy/home/mathiasr/generator-aware-row-scaling/results-revision/r5-ablation/sgtm-gurobi-01pct/resultados/instance031_estructurado_matricial_postprocesado.csv,/clusteruy/home/mathiasr/generator-aware-row-scaling/results-revision/r5-ablation/sgtm-gurobi-01pct/logs/instance031_estructurado_matricial.log
instance031.txt,matricial_solo_local,OK,0,0.275192287,6e-14,-1542528.0,-1542530.0,OPTIMAL,-1542528.000000001,1.0,7009.0,0.07,10080.0,6120.0,22679.0,8632.0,5679.0,20810.0,14.365079365079366,7.205882352941177,8.241104105119273,1,Model contains large bounds,1e-05,90000.0,0.0004,100.0,90.0,20000000.0,1.0,4000000000.0,0.0003,1.0,0.0011111111111111111,1.0,26480000000000.0,1767000000000.0,1.0,1.001,0.04692461,0.32211689699999996,1.1664580664646318,1.1664580664646318,0.9965334510222854,0.04692461,0.17051571652515102,0.0,0.0,0.0,0.0,0.0,0.0003,0.06672960725075529,1490195.0,,0.7832383206295787,0.0,,,,0.0,,0.519122165406234,,,,,,,,OK,REVISAR,6.44475221633911e-07,0.0,0.0,78.6565176652502,0.0,5.10047108001775e-09,2.75335310107039e-14,2.05673277378079e-07,1.4210854715202e-13,3.01191862081008,31.6096607737681,59.3788590508779,47.1759027349954,5.6843418860808e-14,0.0,6.44475221633911e-07,0.0,0.0,0.0,0.0,0.0,0.0,0.0,0.0,0.0,0.0,-1542528.0,78.6565176652502,0.0,0.000167116522789001,0.0,0.0,0.0,2215.0,0.0,286.0,0.0,0.0,0.0,0.0,-1542528.0,-1542528.0,0.0,0.0,igual,0.0,DIFIERE,282720000.0,1174,/clusteruy/home/mathiasr/generator-aware-row-scaling/results-revision/r5-ablation/sgtm-gurobi-01pct/resultados/instance031_matricial_solo_local.csv,/clusteruy/home/mathiasr/generator-aware-row-scaling/results-revision/r5-ablation/sgtm-gurobi-01pct/resultados/instance031_matricial_solo_local_postprocesado.csv,/clusteruy/home/mathiasr/generator-aware-row-scaling/results-revision/r5-ablation/sgtm-gurobi-01pct/logs/instance031_matricial_solo_local.log
instance031.txt,matricial_solo_acoplamiento,OK,0,0.321101506,6e-14,-1542528.0,-1542530.0,OPTIMAL,-1542528.000000001,1.0,9093.0,0.07,10080.0,6120.0,22679.0,8632.0,5679.0,20810.0,14.365079365079366,7.205882352941177,8.241104105119273,3,Model contains large bounds | Model contains large matrix coefficient range | Model contains large rhs,0.0003,9000000000.0,0.0004,100.0,40.0,8000000000.0,1.0,4000000000.0,1.0,1.0,1.0,1.0,26480000000000.0,26480000000000.0,1.0,1.0,0.040944313,0.362045819,0.9996847009493628,0.9996847009493628,0.8866288357827992,0.040944313,0.12751205533118865,0.0,0.0,0.0,0.0,0.0,1.0,1.0,1902607.0,,0.9999998063998877,0.0,,,,0.0,,0.6160469367706,,,,,,,,OK,REVISAR,2.38418579101562e-07,0.0,0.0,80.8141777508307,0.0,3.17389040990459e-09,5.6843418860808e-14,1.34110450744629e-07,1.56319401867222e-13,2.98027721206763,31.161054145876,61.8153565807412,48.3749051365781,5.6843418860808e-14,0.0,2.38418579101562e-07,0.0,0.0,0.0,0.0,0.0,0.0,0.0,0.0,0.0,0.0,-1542528.0,80.8141777508307,0.0,0.000167116522789001,0.0,0.0,0.0,2145.0,0.0,282.0,0.0,0.0,0.0,0.0,-1542528.0,-1542528.0,0.0,0.0,igual,0.0,OK,0.0,0,/clusteruy/home/mathiasr/generator-aware-row-scaling/results-revision/r5-ablation/sgtm-gurobi-01pct/resultados/instance031_matricial_solo_acoplamiento.csv,/clusteruy/home/mathiasr/generator-aware-row-scaling/results-revision/r5-ablation/sgtm-gurobi-01pct/resultados/instance031_matricial_solo_acoplamiento_postprocesado.csv,/clusteruy/home/mathiasr/generator-aware-row-scaling/results-revision/r5-ablation/sgtm-gurobi-01pct/logs/instance031_matricial_solo_acoplamiento.log
instance032.txt,base,OK,0,0.460975532,0.0,-2181231.0,-2181230.0,OPTIMAL,-2181231.0,1.0,9071.0,0.1,10080.0,6120.0,22679.0,8585.0,5663.0,20834.0,14.831349206349206,7.467320261437909,8.135279333303938,3,Model contains large bounds | Model contains large matrix coefficient range | Model contains large rhs,0.0005,8000000000.0,0.0005,100.0,40.0,7000000000.0,1.0,4000000000.0,,,,,,,,,0.0,0.460975532,1.0,1.0,1.0,0.0,0.0,0.0,,,0.0,,,,66619233.77216,,,0.548271,,,,0.548271,1.0,0.729336353783393,,,,,,,,BASE,BASE,,,,,,2.01250860222744e-09,2.8421709430404e-14,8.19563865661621e-08,1.96731519963578e-13,1.467746226852,4.26181580552493,55.4732803131586,68.4466297068915,1.13686837721616e-13,0.0,2.38418579101562e-07,0.0,0.0,0.0,0.0,0.0,0.0,0.0,0.0,0.0,0.0,-2181231.0,68.4466297068915,0.0,0.000167116522789001,0.0,0.0,0.0,1233.0,0.0,306.0,0.0,0.0,0.0,0.0,-2181231.0,,,,,,BASE,0.0,0,/clusteruy/home/mathiasr/generator-aware-row-scaling/results-revision/r5-ablation/sgtm-gurobi-01pct/resultados/instance032_base.csv,/clusteruy/home/mathiasr/generator-aware-row-scaling/results-revision/r5-ablation/sgtm-gurobi-01pct/resultados/instance032_base_postprocesado.csv,/clusteruy/home/mathiasr/generator-aware-row-scaling/results-revision/r5-ablation/sgtm-gurobi-01pct/logs/instance032_base.log
instance032.txt,estructurado,OK,0,0.467404833,0.0,-2181231.0,-2181230.0,OPTIMAL,-2181231.0,1.0,8420.0,0.11,10080.0,6120.0,22679.0,8585.0,5663.0,20834.0,14.831349206349206,7.467320261437909,8.135279333303938,1,Model contains large bounds,1e-05,90000.0,0.0005,100.0,10.0,1000000.0,1.0,4000000000.0,0.0005625,1.0,0.0005714285714285715,1.0,16880000000000.0,126300000000.0,1.0,1.118,0.046567995,0.513972828,0.9862446843804886,0.9862446843804886,0.8968869692854659,0.046567995,0.09963096594681553,0.0,0.0,0.0,0.0,0.0,0.0005625,0.007482227488151659,262851.0,,0.003945572248683604,1.0,,,,1.0,0.548271,0.616433120728877,,,,,,,,OK,REVISAR,6.78002834320068e-07,0.0,0.0,127.054081617927,0.0,5.31722543519548e-09,2.93098878501041e-14,2.38418579101562e-07,1.06581410364015e-13,2.07568184139544,7.771410610536,68.4466297068915,86.4945054073389,1.13686837721616e-13,0.0,6.78002834320068e-07,0.0,0.0,0.0,0.0,0.0,0.0,0.0,0.0,0.0,0.0,-2181231.0,127.054081617927,0.0,0.000167593359947205,0.0,0.0,0.0,1488.0,0.0,317.0,0.0,0.0,0.0,0.0,-2181231.0,-2181231.0,0.0,0.0,igual,0.0,DIFIERE,763300000.0,1835,/clusteruy/home/mathiasr/generator-aware-row-scaling/results-revision/r5-ablation/sgtm-gurobi-01pct/resultados/instance032_estructurado.csv,/clusteruy/home/mathiasr/generator-aware-row-scaling/results-revision/r5-ablation/sgtm-gurobi-01pct/resultados/instance032_estructurado_postprocesado.csv,/clusteruy/home/mathiasr/generator-aware-row-scaling/results-revision/r5-ablation/sgtm-gurobi-01pct/logs/instance032_estructurado.log
instance032.txt,estructurado_solo_local,OK,0,0.468714562,0.0,-2181231.0,-2181230.0,OPTIMAL,-2181231.0,1.0,8420.0,0.11,10080.0,6120.0,22679.0,8585.0,5663.0,20834.0,14.831349206349206,7.467320261437909,8.135279333303938,1,Model contains large bounds,1e-05,90000.0,0.0005,100.0,10.0,1000000.0,1.0,4000000000.0,0.0005625,1.0,0.0005714285714285715,1.0,16880000000000.0,126300000000.0,1.0,1.118,0.046217921,0.514932483,0.9834888210705944,0.9834888210705944,0.8952154840074441,0.046217921,0.0986056861617199,0.0,0.0,0.0,0.0,0.0,0.0005625,0.007482227488151659,262851.0,,0.003945572248683604,1.0,,,,1.0,0.548271,0.614974732482466,,,,,,,,OK,REVISAR,6.78002834320068e-07,0.0,0.0,127.054081617927,0.0,5.31722543519548e-09,2.93098878501041e-14,2.38418579101562e-07,1.06581410364015e-13,2.07568184139544,7.771410610536,68.4466297068915,86.4945054073389,1.13686837721616e-13,0.0,6.78002834320068e-07,0.0,0.0,0.0,0.0,0.0,0.0,0.0,0.0,0.0,0.0,-2181231.0,127.054081617927,0.0,0.000167593359947205,0.0,0.0,0.0,1488.0,0.0,317.0,0.0,0.0,0.0,0.0,-2181231.0,-2181231.0,0.0,0.0,igual,0.0,DIFIERE,763300000.0,1835,/clusteruy/home/mathiasr/generator-aware-row-scaling/results-revision/r5-ablation/sgtm-gurobi-01pct/resultados/instance032_estructurado_solo_local.csv,/clusteruy/home/mathiasr/generator-aware-row-scaling/results-revision/r5-ablation/sgtm-gurobi-01pct/resultados/instance032_estructurado_solo_local_postprocesado.csv,/clusteruy/home/mathiasr/generator-aware-row-scaling/results-revision/r5-ablation/sgtm-gurobi-01pct/logs/instance032_estructurado_solo_local.log
instance032.txt,estructurado_solo_acoplamiento,OK,0,0.461251074,0.0,-2181231.0,-2181230.0,OPTIMAL,-2181231.0,1.0,9071.0,0.1,10080.0,6120.0,22679.0,8585.0,5663.0,20834.0,14.831349206349206,7.467320261437909,8.135279333303938,3,Model contains large bounds | Model contains large matrix coefficient range | Model contains large rhs,0.0005,8000000000.0,0.0005,100.0,40.0,7000000000.0,1.0,4000000000.0,1.0,1.0,1.0,1.0,16880000000000.0,16880000000000.0,1.0,1.0,0.039827763,0.501078837,0.9994026203611616,0.9994026203611616,0.919966077114528,0.039827763,0.08634725260281996,0.0,0.0,0.0,0.0,0.0,1.0,1.0,66619234.0,,1.0000000034200334,1.0,,,,1.0,0.548271,0.728351175357302,,,,,,,,OK,REVISAR,2.38418579101562e-07,0.0,0.0,68.4466297068915,0.0,2.01250860222744e-09,2.8421709430404e-14,8.19563865661621e-08,1.96731519963578e-13,1.467746226852,4.26181580552493,55.4732803131586,68.4466297068915,1.13686837721616e-13,0.0,2.38418579101562e-07,0.0,0.0,0.0,0.0,0.0,0.0,0.0,0.0,0.0,0.0,-2181231.0,68.4466297068915,0.0,0.000167116522789001,0.0,0.0,0.0,1233.0,0.0,306.0,0.0,0.0,0.0,0.0,-2181231.0,-2181231.0,0.0,0.0,igual,0.0,OK,0.0,0,/clusteruy/home/mathiasr/generator-aware-row-scaling/results-revision/r5-ablation/sgtm-gurobi-01pct/resultados/instance032_estructurado_solo_acoplamiento.csv,/clusteruy/home/mathiasr/generator-aware-row-scaling/results-revision/r5-ablation/sgtm-gurobi-01pct/resultados/instance032_estructurado_solo_acoplamiento_postprocesado.csv,/clusteruy/home/mathiasr/generator-aware-row-scaling/results-revision/r5-ablation/sgtm-gurobi-01pct/logs/instance032_estructurado_solo_acoplamiento.log
instance032.txt,estructurado_matricial,OK,0,0.458262466,0.0,-2181231.0,-2181230.0,OPTIMAL,-2181231.0,1.0,10305.0,0.11,10080.0,6120.0,22679.0,8585.0,5663.0,20834.0,14.831349206349206,7.467320261437909,8.135279333303938,1,Model contains large bounds,1e-05,90000.0,0.0005,100.0,90.0,30000000.0,1.0,4000000000.0,0.0005625,1.0,0.0019047619047619045,1.0,16880000000000.0,2578000000000.0,1.0,1.0,0.048046814,0.50630928,1.0059203321268735,1.0059203321268735,0.9104623403307955,0.048046814,0.10484562355582489,0.0,0.0,0.0,0.0,0.0,0.0005625,0.15272511848341233,1080537.0,,0.016219595135174812,1.0,,,,1.0,0.548271,0.533230334366249,,,,,,,,OK,REVISAR,6.2212347984314e-07,0.0,0.0,87.80963272251,0.0,4.33693368454443e-09,1.06581410364015e-14,1.89989805221558e-07,1.4210854715202e-13,2.23548119209491,9.29831059822413,68.4466297068915,68.4466297068915,5.6843418860808e-14,0.0,6.2212347984314e-07,0.0,0.0,0.0,0.0,0.0,0.0,0.0,0.0,0.0,0.0,-2181231.0,87.80963272251,0.0,0.000167116522789001,0.0,0.0,0.0,1667.0,0.0,298.0,0.0,0.0,0.0,0.0,-2181231.0,-2181231.0,0.0,0.0,igual,0.0,DIFIERE,1895600000.0,2641,/clusteruy/home/mathiasr/generator-aware-row-scaling/results-revision/r5-ablation/sgtm-gurobi-01pct/resultados/instance032_estructurado_matricial.csv,/clusteruy/home/mathiasr/generator-aware-row-scaling/results-revision/r5-ablation/sgtm-gurobi-01pct/resultados/instance032_estructurado_matricial_postprocesado.csv,/clusteruy/home/mathiasr/generator-aware-row-scaling/results-revision/r5-ablation/sgtm-gurobi-01pct/logs/instance032_estructurado_matricial.log
instance032.txt,matricial_solo_local,OK,0,0.458921949,0.0,-2181231.0,-2181230.0,OPTIMAL,-2181231.0,1.0,10305.0,0.11,10080.0,6120.0,22679.0,8585.0,5663.0,20834.0,14.831349206349206,7.467320261437909,8.135279333303938,1,Model contains large bounds,1e-05,90000.0,0.0005,100.0,90.0,30000000.0,1.0,4000000000.0,0.0005625,1.0,0.0019047619047619045,1.0,16880000000000.0,2578000000000.0,1.0,1.0,0.046960074,0.505882023,1.0044747979574191,1.0044747979574191,0.9112312971042263,0.046960074,0.10232692967143307,0.0,0.0,0.0,0.0,0.0,0.0005625,0.15272511848341233,1080537.0,,0.016219595135174812,1.0,,,,1.0,0.548271,0.533091277202057,,,,,,,,OK,REVISAR,6.2212347984314e-07,0.0,0.0,87.80963272251,0.0,4.33693368454443e-09,1.06581410364015e-14,1.89989805221558e-07,1.4210854715202e-13,2.23548119209491,9.29831059822413,68.4466297068915,68.4466297068915,5.6843418860808e-14,0.0,6.2212347984314e-07,0.0,0.0,0.0,0.0,0.0,0.0,0.0,0.0,0.0,0.0,-2181231.0,87.80963272251,0.0,0.000167116522789001,0.0,0.0,0.0,1667.0,0.0,298.0,0.0,0.0,0.0,0.0,-2181231.0,-2181231.0,0.0,0.0,igual,0.0,DIFIERE,1895600000.0,2641,/clusteruy/home/mathiasr/generator-aware-row-scaling/results-revision/r5-ablation/sgtm-gurobi-01pct/resultados/instance032_matricial_solo_local.csv,/clusteruy/home/mathiasr/generator-aware-row-scaling/results-revision/r5-ablation/sgtm-gurobi-01pct/resultados/instance032_matricial_solo_local_postprocesado.csv,/clusteruy/home/mathiasr/generator-aware-row-scaling/results-revision/r5-ablation/sgtm-gurobi-01pct/logs/instance032_matricial_solo_local.log
instance032.txt,matricial_solo_acoplamiento,OK,0,0.460723145,0.0,-2181231.0,-2181230.0,OPTIMAL,-2181231.0,1.0,9071.0,0.1,10080.0,6120.0,22679.0,8585.0,5663.0,20834.0,14.831349206349206,7.467320261437909,8.135279333303938,3,Model contains large bounds | Model contains large matrix coefficient range | Model contains large rhs,0.0005,8000000000.0,0.0005,100.0,40.0,7000000000.0,1.0,4000000000.0,1.0,1.0,1.0,1.0,16880000000000.0,16880000000000.0,1.0,1.0,0.040939881,0.501663026,1.00054780621017,1.00054780621017,0.9188947722051176,0.040939881,0.0888600484787887,0.0,0.0,0.0,0.0,0.0,1.0,1.0,66619234.0,,1.0000000034200334,1.0,,,,1.0,0.548271,0.728365444860786,,,,,,,,OK,REVISAR,2.38418579101562e-07,0.0,0.0,68.4466297068915,0.0,2.01250860222744e-09,2.8421709430404e-14,8.19563865661621e-08,1.96731519963578e-13,1.467746226852,4.26181580552493,55.4732803131586,68.4466297068915,1.13686837721616e-13,0.0,2.38418579101562e-07,0.0,0.0,0.0,0.0,0.0,0.0,0.0,0.0,0.0,0.0,-2181231.0,68.4466297068915,0.0,0.000167116522789001,0.0,0.0,0.0,1233.0,0.0,306.0,0.0,0.0,0.0,0.0,-2181231.0,-2181231.0,0.0,0.0,igual,0.0,OK,0.0,0,/clusteruy/home/mathiasr/generator-aware-row-scaling/results-revision/r5-ablation/sgtm-gurobi-01pct/resultados/instance032_matricial_solo_acoplamiento.csv,/clusteruy/home/mathiasr/generator-aware-row-scaling/results-revision/r5-ablation/sgtm-gurobi-01pct/resultados/instance032_matricial_solo_acoplamiento_postprocesado.csv,/clusteruy/home/mathiasr/generator-aware-row-scaling/results-revision/r5-ablation/sgtm-gurobi-01pct/logs/instance032_matricial_solo_acoplamiento.log
instance033.txt,base,OK,0,0.189839157,1e+102,-8.0355e-11,-8.03555e-11,OPTIMAL,-4.65661e-10,1.0,5485.0,0.09,10080.0,6120.0,22679.0,8555.0,5545.0,20412.0,15.128968253968255,9.395424836601308,9.996031571056925,3,Model contains large bounds | Model contains large matrix coefficient range | Model contains large rhs,0.0007,10000000000.0,1.0,100.0,40.0,9000000000.0,1.0,4000000000.0,,,,,,,,,0.0,0.189839157,1.0,1.0,1.0,0.0,0.0,0.0,,,0.0,,,,134580.635869,,,0.129503,,,,0.129503,1.0,0.334824512865722,,,,,,,,BASE,BASE,,,,,,7.02274951400234e-12,0.0,2.8421709430404e-14,8.5265128291212e-14,7.02274951400234e-12,0.0,2.8421709430404e-14,8.5265128291212e-14,5.6843418860808e-14,0.0,2.98023223876953e-08,1.54346964410656e-14,0.0,0.0,0.0,0.0,0.0,0.0,0.0,0.0,0.0,-8.03554706925736e-11,5.6843418860808e-14,0.0,2.98023223876953e-08,1.54346964410656e-14,0.0,0.0,0.0,0.0,0.0,0.0,0.0,0.0,0.0,-8.03554706925736e-11,,,,,,BASE,0.0,0,/clusteruy/home/mathiasr/generator-aware-row-scaling/results-revision/r5-ablation/sgtm-gurobi-01pct/resultados/instance033_base.csv,/clusteruy/home/mathiasr/generator-aware-row-scaling/results-revision/r5-ablation/sgtm-gurobi-01pct/resultados/instance033_base_postprocesado.csv,/clusteruy/home/mathiasr/generator-aware-row-scaling/results-revision/r5-ablation/sgtm-gurobi-01pct/logs/instance033_base.log
instance033.txt,estructurado,OK,0,0.169189449,0.0,0.0,0.0,OPTIMAL,0.0,1.0,2901.0,0.1,10080.0,6120.0,22679.0,8555.0,5545.0,20412.0,15.128968253968255,9.395424836601308,9.996031571056925,1,Model contains large bounds,9e-06,100000.0,1.0,100.0,10.0,1000000.0,1.0,4000000000.0,0.0007777777777777777,1.0,0.00044444444444444447,1.0,16770000000000.0,134800000000.0,1.0,1.118,0.047306237,0.216495686,1.1220508023523383,1.1220508023523383,0.876872701287914,0.047306237,0.2796051247852932,1e+102,8.0355e-11,1.0,8.03555e-11,1.0,0.0007777777777777777,0.008038163387000596,1922.0,,0.01428140079432277,0.0,,,,0.0,,0.09579975444883,,,,,,,,REVISAR,REVISAR,0.000164985656738281,0.0,0.0,23.0755397810494,0.0,3.10049122707504e-08,0.0,1.86264514923096e-09,9.91547951961643e-12,0.00228927668301388,0.0,1.86264514923096e-09,23.0755397810494,5.6843418860808e-14,0.0,0.000164985656738281,0.0,0.0,0.0,0.0,0.0,44.0,0.0,0.0,0.0,0.0,0.0,23.0755397810494,0.0,0.000164985656738281,0.0,0.0,0.0,1.0,0.0,45.0,0.0,0.0,0.0,0.0,0.0,0.0,8.0355e-11,8.0355e-11,igual,4.65661e-10,DIFIERE,61126000.0,147,/clusteruy/home/mathiasr/generator-aware-row-scaling/results-revision/r5-ablation/sgtm-gurobi-01pct/resultados/instance033_estructurado.csv,/clusteruy/home/mathiasr/generator-aware-row-scaling/results-revision/r5-ablation/sgtm-gurobi-01pct/resultados/instance033_estructurado_postprocesado.csv,/clusteruy/home/mathiasr/generator-aware-row-scaling/results-revision/r5-ablation/sgtm-gurobi-01pct/logs/instance033_estructurado.log
instance033.txt,estructurado_solo_local,OK,0,0.176227941,0.0,0.0,0.0,OPTIMAL,0.0,1.0,2901.0,0.1,10080.0,6120.0,22679.0,8555.0,5545.0,20412.0,15.128968253968255,9.395424836601308,9.996031571056925,1,Model contains large bounds,9e-06,100000.0,1.0,100.0,10.0,1000000.0,1.0,4000000000.0,0.0007777777777777777,1.0,0.00044444444444444447,1.0,16770000000000.0,134800000000.0,1.0,1.118,0.04623753,0.222465471,1.077236424160457,1.077236424160457,0.8533421215735543,0.04623753,0.2623734337337573,1e+102,8.0355e-11,1.0,8.03555e-11,1.0,0.0007777777777777777,0.008038163387000596,1922.0,,0.01428140079432277,0.0,,,,0.0,,0.108094681370226,,,,,,,,REVISAR,REVISAR,0.000164985656738281,0.0,0.0,23.0755397810494,0.0,3.10049122707504e-08,0.0,1.86264514923096e-09,9.91547951961643e-12,0.00228927668301388,0.0,1.86264514923096e-09,23.0755397810494,5.6843418860808e-14,0.0,0.000164985656738281,0.0,0.0,0.0,0.0,0.0,44.0,0.0,0.0,0.0,0.0,0.0,23.0755397810494,0.0,0.000164985656738281,0.0,0.0,0.0,1.0,0.0,45.0,0.0,0.0,0.0,0.0,0.0,0.0,8.0355e-11,8.0355e-11,igual,4.65661e-10,DIFIERE,61126000.0,147,/clusteruy/home/mathiasr/generator-aware-row-scaling/results-revision/r5-ablation/sgtm-gurobi-01pct/resultados/instance033_estructurado_solo_local.csv,/clusteruy/home/mathiasr/generator-aware-row-scaling/results-revision/r5-ablation/sgtm-gurobi-01pct/resultados/instance033_estructurado_solo_local_postprocesado.csv,/clusteruy/home/mathiasr/generator-aware-row-scaling/results-revision/r5-ablation/sgtm-gurobi-01pct/logs/instance033_estructurado_solo_local.log
instance033.txt,estructurado_solo_acoplamiento,OK,0,0.189051303,1e+102,-8.0355e-11,-8.03555e-11,OPTIMAL,-4.65661e-10,1.0,5485.0,0.09,10080.0,6120.0,22679.0,8555.0,5545.0,20412.0,15.128968253968255,9.395424836601308,9.996031571056925,3,Model contains large bounds | Model contains large matrix coefficient range | Model contains large rhs,0.0007,10000000000.0,1.0,100.0,40.0,9000000000.0,1.0,4000000000.0,1.0,1.0,1.0,1.0,16770000000000.0,16770000000000.0,1.0,1.0,0.039931936,0.228983239,1.0041674084626648,1.0041674084626648,0.8290526321011644,0.039931936,0.2112227494142159,0.0,0.0,0.0,0.0,0.0,1.0,1.0,134581.0,,1.0000027056715675,0.0,,,,0.0,,0.33190318789943,,,,,,,,OK,OK,2.98023223876953e-08,0.0,4.706925736018412e-16,2.98023223876953e-08,0.0,7.02274951400234e-12,0.0,2.8421709430404e-14,8.5265128291212e-14,7.02274951400234e-12,0.0,2.8421709430404e-14,8.5265128291212e-14,5.6843418860808e-14,0.0,2.98023223876953e-08,1.54346964410656e-14,0.0,0.0,0.0,0.0,0.0,0.0,0.0,0.0,0.0,-8.03554706925736e-11,5.6843418860808e-14,0.0,2.98023223876953e-08,1.54346964410656e-14,0.0,0.0,0.0,0.0,0.0,0.0,0.0,0.0,0.0,-8.03554706925736e-11,-8.03554706925736e-11,-4.706925736018412e-16,4.706925736018412e-16,igual,0.0,OK,0.0,0,/clusteruy/home/mathiasr/generator-aware-row-scaling/results-revision/r5-ablation/sgtm-gurobi-01pct/resultados/instance033_estructurado_solo_acoplamiento.csv,/clusteruy/home/mathiasr/generator-aware-row-scaling/results-revision/r5-ablation/sgtm-gurobi-01pct/resultados/instance033_estructurado_solo_acoplamiento_postprocesado.csv,/clusteruy/home/mathiasr/generator-aware-row-scaling/results-revision/r5-ablation/sgtm-gurobi-01pct/logs/instance033_estructurado_solo_acoplamiento.log
instance033.txt,estructurado_matricial,OK,0,0.21777616,1e+102,1.59162e-10,1.59162e-10,OPTIMAL,5.8208e-11,1.0,3042.0,0.1,10080.0,6120.0,22679.0,8555.0,5545.0,20412.0,15.128968253968255,9.395424836601308,9.996031571056925,1,Model contains large bounds,9e-06,100000.0,1.0,100.0,90.0,40000000.0,1.0,4000000000.0,0.0007777777777777777,1.0,0.0019753086419753087,1.0,16770000000000.0,4522000000000.0,1.0,1.0,0.048122794,0.265898954,0.8717168904071043,0.8717168904071043,0.7139522519520705,0.048122794,0.22097365478388453,0.0,2.39517e-10,2.980735486279634,2.395175e-10,2.980723161451301,0.0007777777777777777,0.26964818127608825,11327.0,,0.08416515442106869,0.0,,,,0.0,,0.232325157310777,,,,,,,,OK,OK,2.38418579101562e-07,0.0,4.2718973798543443e-16,2.38418579101562e-07,0.0,1.35818521861274e-10,0.0,2.1316282072803e-14,5.6843418860808e-13,1.35818521861274e-10,0.0,2.1316282072803e-14,5.6843418860808e-13,5.6843418860808e-13,0.0,2.38418579101562e-07,0.0,2.38287611864507e-10,0.0,0.0,0.0,0.0,0.0,0.0,0.0,0.0,1.59161572810262e-10,5.6843418860808e-13,0.0,2.38418579101562e-07,0.0,2.38287611864507e-10,0.0,0.0,0.0,0.0,0.0,0.0,0.0,0.0,1.59161572810262e-10,1.59161572810262e-10,2.39516572810262e-10,2.39516572810262e-10,igual,5.23869e-10,DIFIERE,61126000.0,189,/clusteruy/home/mathiasr/generator-aware-row-scaling/results-revision/r5-ablation/sgtm-gurobi-01pct/resultados/instance033_estructurado_matricial.csv,/clusteruy/home/mathiasr/generator-aware-row-scaling/results-revision/r5-ablation/sgtm-gurobi-01pct/resultados/instance033_estructurado_matricial_postprocesado.csv,/clusteruy/home/mathiasr/generator-aware-row-scaling/results-revision/r5-ablation/sgtm-gurobi-01pct/logs/instance033_estructurado_matricial.log
instance033.txt,matricial_solo_local,OK,0,0.217651325,1e+102,1.59162e-10,1.59162e-10,OPTIMAL,5.8208e-11,1.0,3042.0,0.1,10080.0,6120.0,22679.0,8555.0,5545.0,20412.0,15.128968253968255,9.395424836601308,9.996031571056925,1,Model contains large bounds,9e-06,100000.0,1.0,100.0,90.0,40000000.0,1.0,4000000000.0,0.0007777777777777777,1.0,0.0019753086419753087,1.0,16770000000000.0,4522000000000.0,1.0,1.0,0.046931658,0.264582983,0.8722168679653111,0.8722168679653111,0.717503275711424,0.046931658,0.21562771556754823,0.0,2.39517e-10,2.980735486279634,2.395175e-10,2.980723161451301,0.0007777777777777777,0.26964818127608825,11327.0,,0.08416515442106869,0.0,,,,0.0,,0.232216625216035,,,,,,,,OK,OK,2.38418579101562e-07,0.0,4.2718973798543443e-16,2.38418579101562e-07,0.0,1.35818521861274e-10,0.0,2.1316282072803e-14,5.6843418860808e-13,1.35818521861274e-10,0.0,2.1316282072803e-14,5.6843418860808e-13,5.6843418860808e-13,0.0,2.38418579101562e-07,0.0,2.38287611864507e-10,0.0,0.0,0.0,0.0,0.0,0.0,0.0,0.0,1.59161572810262e-10,5.6843418860808e-13,0.0,2.38418579101562e-07,0.0,2.38287611864507e-10,0.0,0.0,0.0,0.0,0.0,0.0,0.0,0.0,1.59161572810262e-10,1.59161572810262e-10,2.39516572810262e-10,2.39516572810262e-10,igual,5.23869e-10,DIFIERE,61126000.0,189,/clusteruy/home/mathiasr/generator-aware-row-scaling/results-revision/r5-ablation/sgtm-gurobi-01pct/resultados/instance033_matricial_solo_local.csv,/clusteruy/home/mathiasr/generator-aware-row-scaling/results-revision/r5-ablation/sgtm-gurobi-01pct/resultados/instance033_matricial_solo_local_postprocesado.csv,/clusteruy/home/mathiasr/generator-aware-row-scaling/results-revision/r5-ablation/sgtm-gurobi-01pct/logs/instance033_matricial_solo_local.log
instance033.txt,matricial_solo_acoplamiento,OK,0,0.188861962,1e+102,-8.0355e-11,-8.03555e-11,OPTIMAL,-4.65661e-10,1.0,5485.0,0.09,10080.0,6120.0,22679.0,8555.0,5545.0,20412.0,15.128968253968255,9.395424836601308,9.996031571056925,3,Model contains large bounds | Model contains large matrix coefficient range | Model contains large rhs,0.0007,10000000000.0,1.0,100.0,40.0,9000000000.0,1.0,4000000000.0,1.0,1.0,1.0,1.0,16770000000000.0,16770000000000.0,1.0,1.0,0.041523909,0.230385871,1.0051741228866404,1.0051741228866404,0.8240052055970047,0.041523909,0.21986380190204738,0.0,0.0,0.0,0.0,0.0,1.0,1.0,134581.0,,1.0000027056715675,0.0,,,,0.0,,0.332360981933993,,,,,,,,OK,OK,2.98023223876953e-08,0.0,4.706925736018412e-16,2.98023223876953e-08,0.0,7.02274951400234e-12,0.0,2.8421709430404e-14,8.5265128291212e-14,7.02274951400234e-12,0.0,2.8421709430404e-14,8.5265128291212e-14,5.6843418860808e-14,0.0,2.98023223876953e-08,1.54346964410656e-14,0.0,0.0,0.0,0.0,0.0,0.0,0.0,0.0,0.0,-8.03554706925736e-11,5.6843418860808e-14,0.0,2.98023223876953e-08,1.54346964410656e-14,0.0,0.0,0.0,0.0,0.0,0.0,0.0,0.0,0.0,-8.03554706925736e-11,-8.03554706925736e-11,-4.706925736018412e-16,4.706925736018412e-16,igual,0.0,OK,0.0,0,/clusteruy/home/mathiasr/generator-aware-row-scaling/results-revision/r5-ablation/sgtm-gurobi-01pct/resultados/instance033_matricial_solo_acoplamiento.csv,/clusteruy/home/mathiasr/generator-aware-row-scaling/results-revision/r5-ablation/sgtm-gurobi-01pct/resultados/instance033_matricial_solo_acoplamiento_postprocesado.csv,/clusteruy/home/mathiasr/generator-aware-row-scaling/results-revision/r5-ablation/sgtm-gurobi-01pct/logs/instance033_matricial_solo_acoplamiento.log
instance034.txt,base,OK,0,0.446375567,0.0,0.0,0.0,OPTIMAL,-2.9104e-11,1.0,8937.0,0.1,10080.0,6120.0,22679.0,8691.0,5651.0,20903.0,13.779761904761905,7.663398692810458,7.831033114334847,3,Model contains large bounds | Model contains large matrix coefficient range | Model contains large rhs,0.0006,10000000000.0,1.0,100.0,40.0,10000000000.0,1.0,4000000000.0,,,,,,,,,0.0,0.446375567,1.0,1.0,1.0,0.0,0.0,0.0,,,0.0,,,,2093093.047353,,,0.498908,,,,0.498908,1.0,0.647646569150702,,,,,,,,BASE,BASE,,,,,,1.67194649298214e-09,0.0,6.33299350738525e-08,1.4210854715202e-13,1.50431560803903,1.26471252374731,85.1120490869634,85.1120490869634,1.13686837721616e-13,0.0,2.38418579101562e-07,0.0,0.0,0.0,0.0,0.0,0.0,0.0,0.0,0.0,0.0,0.0,85.1120490869634,0.0,0.000167118385434151,0.0,0.0,0.0,531.0,0.0,205.0,0.0,0.0,0.0,0.0,0.0,,,,,,BASE,0.0,0,/clusteruy/home/mathiasr/generator-aware-row-scaling/results-revision/r5-ablation/sgtm-gurobi-01pct/resultados/instance034_base.csv,/clusteruy/home/mathiasr/generator-aware-row-scaling/results-revision/r5-ablation/sgtm-gurobi-01pct/resultados/instance034_base_postprocesado.csv,/clusteruy/home/mathiasr/generator-aware-row-scaling/results-revision/r5-ablation/sgtm-gurobi-01pct/logs/instance034_base.log
instance034.txt,estructurado,OK,0,0.501497911,0.0,0.0,0.0,OPTIMAL,-4.3656e-11,1.0,8601.0,0.1,10080.0,6120.0,22679.0,8691.0,5651.0,20903.0,13.779761904761905,7.663398692810458,7.831033114334847,1,Model contains large bounds,9e-06,100000.0,1.0,100.0,10.0,2000000.0,1.0,4000000000.0,0.0006666666666666665,1.0,0.0008,1.0,19560000000000.0,218500000000.0,1.0,1.118,0.046330196,0.547828107,0.8900845989765249,0.8900845989765249,0.8148095384233361,0.046330196,0.09238362709750152,0.0,0.0,,0.0,,0.0006666666666666665,0.01117075664621677,1467393.0,,0.7010643897822495,1.0,,,,1.0,0.498908,0.626887893184522,,,,,,,,OK,REVISAR,5.69969415664673e-07,0.0,0.0,199.59786119181,0.0,6.3499961190275e-09,5.6843418860808e-14,2.5331974029541e-07,1.74082970261225e-13,2.44698233309786,14.1015099433551,64.6159466882768,113.056462028031,1.70530256582424e-13,0.0,5.69969415664673e-07,0.0,0.0,0.0,0.0,0.0,0.0,0.0,0.0,0.0,0.0,0.0,199.59786119181,0.0,0.000167593359947205,0.0,0.0,0.0,1386.0,0.0,187.0,0.0,0.0,0.0,0.0,0.0,0.0,0.0,0.0,igual,-1.4552000000000002e-11,DIFIERE,2859429000.0,2161,/clusteruy/home/mathiasr/generator-aware-row-scaling/results-revision/r5-ablation/sgtm-gurobi-01pct/resultados/instance034_estructurado.csv,/clusteruy/home/mathiasr/generator-aware-row-scaling/results-revision/r5-ablation/sgtm-gurobi-01pct/resultados/instance034_estructurado_postprocesado.csv,/clusteruy/home/mathiasr/generator-aware-row-scaling/results-revision/r5-ablation/sgtm-gurobi-01pct/logs/instance034_estructurado.log
instance034.txt,estructurado_solo_local,OK,0,0.499109233,0.0,0.0,0.0,OPTIMAL,-4.3656e-11,1.0,8601.0,0.1,10080.0,6120.0,22679.0,8691.0,5651.0,20903.0,13.779761904761905,7.663398692810458,7.831033114334847,1,Model contains large bounds,9e-06,100000.0,1.0,100.0,10.0,2000000.0,1.0,4000000000.0,0.0006666666666666665,1.0,0.0008,1.0,19560000000000.0,218500000000.0,1.0,1.118,0.046765786,0.545875019,0.8943444390258354,0.8943444390258354,0.8177248481121646,0.046765786,0.09369849906182762,0.0,0.0,,0.0,,0.0006666666666666665,0.01117075664621677,1467393.0,,0.7010643897822495,1.0,,,,1.0,0.498908,0.626538923494346,,,,,,,,OK,REVISAR,5.69969415664673e-07,0.0,0.0,199.59786119181,0.0,6.3499961190275e-09,5.6843418860808e-14,2.5331974029541e-07,1.74082970261225e-13,2.44698233309786,14.1015099433551,64.6159466882768,113.056462028031,1.70530256582424e-13,0.0,5.69969415664673e-07,0.0,0.0,0.0,0.0,0.0,0.0,0.0,0.0,0.0,0.0,0.0,199.59786119181,0.0,0.000167593359947205,0.0,0.0,0.0,1386.0,0.0,187.0,0.0,0.0,0.0,0.0,0.0,0.0,0.0,0.0,igual,-1.4552000000000002e-11,DIFIERE,2859429000.0,2161,/clusteruy/home/mathiasr/generator-aware-row-scaling/results-revision/r5-ablation/sgtm-gurobi-01pct/resultados/instance034_estructurado_solo_local.csv,/clusteruy/home/mathiasr/generator-aware-row-scaling/results-revision/r5-ablation/sgtm-gurobi-01pct/resultados/instance034_estructurado_solo_local_postprocesado.csv,/clusteruy/home/mathiasr/generator-aware-row-scaling/results-revision/r5-ablation/sgtm-gurobi-01pct/logs/instance034_estructurado_solo_local.log
instance034.txt,estructurado_solo_acoplamiento,OK,0,0.445868874,0.0,0.0,0.0,OPTIMAL,-2.9104e-11,1.0,8937.0,0.1,10080.0,6120.0,22679.0,8691.0,5651.0,20903.0,13.779761904761905,7.663398692810458,7.831033114334847,3,Model contains large bounds | Model contains large matrix coefficient range | Model contains large rhs,0.0006,10000000000.0,1.0,100.0,40.0,10000000000.0,1.0,4000000000.0,1.0,1.0,1.0,1.0,19560000000000.0,19560000000000.0,1.0,1.0,0.04011538,0.485984254,1.0011364170713561,1.0011364170713561,0.9184980034353128,0.04011538,0.08997125015728279,0.0,0.0,,0.0,,1.0,1.0,2093093.0,,0.9999999773765433,0.0,,,,0.0,,0.6467119524329,,,,,,,,OK,REVISAR,2.38418579101562e-07,0.0,0.0,85.1120490869634,0.0,1.67194649298214e-09,0.0,6.33299350738525e-08,1.4210854715202e-13,1.50431560803903,1.26471252374731,85.1120490869634,85.1120490869634,1.13686837721616e-13,0.0,2.38418579101562e-07,0.0,0.0,0.0,0.0,0.0,0.0,0.0,0.0,0.0,0.0,0.0,85.1120490869634,0.0,0.000167118385434151,0.0,0.0,0.0,531.0,0.0,205.0,0.0,0.0,0.0,0.0,0.0,0.0,0.0,0.0,igual,0.0,OK,0.0,0,/clusteruy/home/mathiasr/generator-aware-row-scaling/results-revision/r5-ablation/sgtm-gurobi-01pct/resultados/instance034_estructurado_solo_acoplamiento.csv,/clusteruy/home/mathiasr/generator-aware-row-scaling/results-revision/r5-ablation/sgtm-gurobi-01pct/resultados/instance034_estructurado_solo_acoplamiento_postprocesado.csv,/clusteruy/home/mathiasr/generator-aware-row-scaling/results-revision/r5-ablation/sgtm-gurobi-01pct/logs/instance034_estructurado_solo_acoplamiento.log
instance034.txt,estructurado_matricial,OK,0,0.540026294,0.0,0.0,0.0,OPTIMAL,0.0,1.0,12300.0,0.1,10080.0,6120.0,22679.0,8691.0,5651.0,20903.0,13.779761904761905,7.663398692810458,7.831033114334847,1,Model contains large bounds,9e-06,100000.0,1.0,100.0,90.0,40000000.0,1.0,4000000000.0,0.0006666666666666665,1.0,0.0017777777777777776,1.0,19560000000000.0,3870000000000.0,1.0,1.0,0.047955177,0.587981471,0.8265811719901178,0.8265811719901178,0.7591660435163611,0.047955177,0.08880155935518207,0.0,0.0,,0.0,,0.0006666666666666665,0.19785276073619631,15058795.0,,7.1945177110228755,1.0,,,,1.0,0.498908,0.616457082364881,,,,,,,,OK,REVISAR,6.57513737678528e-07,0.0,0.0,99.9549806826486,0.0,6.93392084924515e-09,6.46704911844146e-14,2.63024121522902e-07,1.74082970261225e-13,2.79530570958591,16.1756745189026,68.3085843098065,27.9531657989107,2.27373675443232e-13,0.0,6.57513737678528e-07,0.0,0.0,0.0,0.0,0.0,0.0,0.0,0.0,0.0,0.0,0.0,99.9549806826486,0.0,5.33666461706161e-05,0.0,0.0,0.0,1694.0,0.0,214.0,0.0,0.0,0.0,0.0,0.0,0.0,0.0,0.0,igual,2.9104e-11,DIFIERE,3029092020.0,2469,/clusteruy/home/mathiasr/generator-aware-row-scaling/results-revision/r5-ablation/sgtm-gurobi-01pct/resultados/instance034_estructurado_matricial.csv,/clusteruy/home/mathiasr/generator-aware-row-scaling/results-revision/r5-ablation/sgtm-gurobi-01pct/resultados/instance034_estructurado_matricial_postprocesado.csv,/clusteruy/home/mathiasr/generator-aware-row-scaling/results-revision/r5-ablation/sgtm-gurobi-01pct/logs/instance034_estructurado_matricial.log
instance034.txt,matricial_solo_local,OK,0,0.541748703,0.0,0.0,0.0,OPTIMAL,0.0,1.0,12300.0,0.1,10080.0,6120.0,22679.0,8691.0,5651.0,20903.0,13.779761904761905,7.663398692810458,7.831033114334847,1,Model contains large bounds,9e-06,100000.0,1.0,100.0,90.0,40000000.0,1.0,4000000000.0,0.0006666666666666665,1.0,0.0017777777777777776,1.0,19560000000000.0,3870000000000.0,1.0,1.0,0.04707926,0.588827963,0.8239531807425481,0.8239531807425481,0.7580746755398232,0.04707926,0.08690239540822675,0.0,0.0,,0.0,,0.0006666666666666665,0.19785276073619631,15058795.0,,7.1945177110228755,1.0,,,,1.0,0.498908,0.616447250517057,,,,,,,,OK,REVISAR,6.57513737678528e-07,0.0,0.0,99.9549806826486,0.0,6.93392084924515e-09,6.46704911844146e-14,2.63024121522902e-07,1.74082970261225e-13,2.79530570958591,16.1756745189026,68.3085843098065,27.9531657989107,2.27373675443232e-13,0.0,6.57513737678528e-07,0.0,0.0,0.0,0.0,0.0,0.0,0.0,0.0,0.0,0.0,0.0,99.9549806826486,0.0,5.33666461706161e-05,0.0,0.0,0.0,1694.0,0.0,214.0,0.0,0.0,0.0,0.0,0.0,0.0,0.0,0.0,igual,2.9104e-11,DIFIERE,3029092020.0,2469,/clusteruy/home/mathiasr/generator-aware-row-scaling/results-revision/r5-ablation/sgtm-gurobi-01pct/resultados/instance034_matricial_solo_local.csv,/clusteruy/home/mathiasr/generator-aware-row-scaling/results-revision/r5-ablation/sgtm-gurobi-01pct/resultados/instance034_matricial_solo_local_postprocesado.csv,/clusteruy/home/mathiasr/generator-aware-row-scaling/results-revision/r5-ablation/sgtm-gurobi-01pct/logs/instance034_matricial_solo_local.log
instance034.txt,matricial_solo_acoplamiento,OK,0,0.448133853,0.0,0.0,0.0,OPTIMAL,-2.9104e-11,1.0,8937.0,0.1,10080.0,6120.0,22679.0,8691.0,5651.0,20903.0,13.779761904761905,7.663398692810458,7.831033114334847,3,Model contains large bounds | Model contains large matrix coefficient range | Model contains large rhs,0.0006,10000000000.0,1.0,100.0,40.0,10000000000.0,1.0,4000000000.0,1.0,1.0,1.0,1.0,19560000000000.0,19560000000000.0,1.0,1.0,0.041164309,0.48929816200000004,0.996076426745649,0.996076426745649,0.912277220039915,0.041164309,0.09185717330754747,0.0,0.0,,0.0,,1.0,1.0,2093093.0,,0.9999999773765433,0.0,,,,0.0,,0.646486940154372,,,,,,,,OK,REVISAR,2.38418579101562e-07,0.0,0.0,85.1120490869634,0.0,1.67194649298214e-09,0.0,6.33299350738525e-08,1.4210854715202e-13,1.50431560803903,1.26471252374731,85.1120490869634,85.1120490869634,1.13686837721616e-13,0.0,2.38418579101562e-07,0.0,0.0,0.0,0.0,0.0,0.0,0.0,0.0,0.0,0.0,0.0,85.1120490869634,0.0,0.000167118385434151,0.0,0.0,0.0,531.0,0.0,205.0,0.0,0.0,0.0,0.0,0.0,0.0,0.0,0.0,igual,0.0,OK,0.0,0,/clusteruy/home/mathiasr/generator-aware-row-scaling/results-revision/r5-ablation/sgtm-gurobi-01pct/resultados/instance034_matricial_solo_acoplamiento.csv,/clusteruy/home/mathiasr/generator-aware-row-scaling/results-revision/r5-ablation/sgtm-gurobi-01pct/resultados/instance034_matricial_solo_acoplamiento_postprocesado.csv,/clusteruy/home/mathiasr/generator-aware-row-scaling/results-revision/r5-ablation/sgtm-gurobi-01pct/logs/instance034_matricial_solo_acoplamiento.log
instance035.txt,base,OK,0,109.954046126,0.0,-882993.9691171272,-882994.0,OPTIMAL,-882993.9691171272,42830.0,3634315.0,0.12,10080.0,6120.0,22679.0,8770.0,5669.0,21283.0,12.996031746031745,7.369281045751634,6.155474227258697,3,Model contains large bounds | Model contains large matrix coefficient range | Model contains large rhs,0.0006,10000000000.0,0.002,100.0,40.0,10000000000.0,1.0,4000000000.0,,,,,,,,,0.0,109.954046126,1.0,1.0,1.0,0.0,0.0,0.0,,,0.0,,,,2212269.344059,,,108.371496,,1.055292,3.927348,108.371496,1.0,0.960815127467204,,,,,,,,BASE,BASE,,,,,,1.63573066696503e-09,8.5265128291212e-14,5.77419996261597e-08,2.27373675443232e-13,0.109057356089845,5.58793544769287e-09,2.67573775236116,4.85117941375825,1.13686837721616e-13,0.0,2.27242708206177e-07,0.0,0.0,0.0,0.0,0.0,0.0,0.0,0.0,0.0,0.0,-882993.969117127,24.5172025172418,0.0,1.28615647554398e-05,0.0,0.0,0.0,164.0,0.0,62.0,0.0,0.0,0.0,0.0,-882993.969117127,,,,,,BASE,0.0,0,/clusteruy/home/mathiasr/generator-aware-row-scaling/results-revision/r5-ablation/sgtm-gurobi-01pct/resultados/instance035_base.csv,/clusteruy/home/mathiasr/generator-aware-row-scaling/results-revision/r5-ablation/sgtm-gurobi-01pct/resultados/instance035_base_postprocesado.csv,/clusteruy/home/mathiasr/generator-aware-row-scaling/results-revision/r5-ablation/sgtm-gurobi-01pct/logs/instance035_base.log
instance035.txt,estructurado,OK,0,104.007667401,0.058871080930427,-882993.9691171235,-882994.0,OPTIMAL,-883513.7972112932,43081.0,998818.0,0.13,10080.0,6120.0,22679.0,8770.0,5669.0,21283.0,12.996031746031745,7.369281045751634,6.155474227258697,1,Model contains large bounds,9e-06,100000.0,0.002,100.0,10.0,2000000.0,1.0,4000000000.0,0.0006666666666666665,1.0,0.0008,1.0,20700000000000.0,236700000000.0,1.0,1.118,0.046549265,104.054216666,1.0571725034662476,1.0571725034662476,1.056699571137397,0.046549265,0.0004475560904613888,-0.058871080930427,3.725290298461914e-09,4.218930625524762e-15,0.0,0.0,0.0006666666666666665,0.011434782608695652,24394.0,,0.01102668626924183,85.0,,1.0,4.0,85.0,1.274958776470588,0.821552016028277,,,,,,,,OK,REVISAR,4.09781932830811e-07,0.0,4.656612873077393e-10,24.5172025172419,0.0,2.73909035153518e-09,1.13686837721616e-13,1.00582838058472e-07,2.55795384873636e-13,0.109057356822154,9.40635800361498e-09,2.67573775236133,4.85117941375825,2.27373675443232e-13,0.0,4.09781932830811e-07,0.0,0.0,0.0,0.0,0.0,0.0,0.0,0.0,0.0,0.0,-882993.969117124,24.5172025172419,0.0,1.29994004964828e-05,0.0,0.0,0.0,164.0,0.0,62.0,0.0,0.0,0.0,0.0,-882993.969117124,-882993.969117124,3.259629011154175e-09,3.6915642973341664e-15,igual,-519.828094166005,OK,0.0,0,/clusteruy/home/mathiasr/generator-aware-row-scaling/results-revision/r5-ablation/sgtm-gurobi-01pct/resultados/instance035_estructurado.csv,/clusteruy/home/mathiasr/generator-aware-row-scaling/results-revision/r5-ablation/sgtm-gurobi-01pct/resultados/instance035_estructurado_postprocesado.csv,/clusteruy/home/mathiasr/generator-aware-row-scaling/results-revision/r5-ablation/sgtm-gurobi-01pct/logs/instance035_estructurado.log
instance035.txt,estructurado_solo_local,OK,0,109.052940012,0.058871080930427,-882993.9691171235,-882994.0,OPTIMAL,-883513.7972112932,43081.0,998818.0,0.13,10080.0,6120.0,22679.0,8770.0,5669.0,21283.0,12.996031746031745,7.369281045751634,6.155474227258697,1,Model contains large bounds,9e-06,100000.0,0.002,100.0,10.0,2000000.0,1.0,4000000000.0,0.0006666666666666665,1.0,0.0008,1.0,20700000000000.0,236700000000.0,1.0,1.118,0.046700503,109.09964051499999,1.0082630153199066,1.0082630153199066,1.0078314246221787,0.046700503,0.0004282369920046278,-0.058871080930427,3.725290298461914e-09,4.218930625524762e-15,0.0,0.0,0.0006666666666666665,0.011434782608695652,24394.0,,0.01102668626924183,85.0,,1.0,4.0,85.0,1.274958776470588,0.830357976040916,,,,,,,,OK,REVISAR,4.09781932830811e-07,0.0,4.656612873077393e-10,24.5172025172419,0.0,2.73909035153518e-09,1.13686837721616e-13,1.00582838058472e-07,2.55795384873636e-13,0.109057356822154,9.40635800361498e-09,2.67573775236133,4.85117941375825,2.27373675443232e-13,0.0,4.09781932830811e-07,0.0,0.0,0.0,0.0,0.0,0.0,0.0,0.0,0.0,0.0,-882993.969117124,24.5172025172419,0.0,1.29994004964828e-05,0.0,0.0,0.0,164.0,0.0,62.0,0.0,0.0,0.0,0.0,-882993.969117124,-882993.969117124,3.259629011154175e-09,3.6915642973341664e-15,igual,-519.828094166005,OK,0.0,0,/clusteruy/home/mathiasr/generator-aware-row-scaling/results-revision/r5-ablation/sgtm-gurobi-01pct/resultados/instance035_estructurado_solo_local.csv,/clusteruy/home/mathiasr/generator-aware-row-scaling/results-revision/r5-ablation/sgtm-gurobi-01pct/resultados/instance035_estructurado_solo_local_postprocesado.csv,/clusteruy/home/mathiasr/generator-aware-row-scaling/results-revision/r5-ablation/sgtm-gurobi-01pct/logs/instance035_estructurado_solo_local.log
instance035.txt,estructurado_solo_acoplamiento,OK,0,116.385300847,0.0,-882993.9691171272,-882994.0,OPTIMAL,-882993.9691171272,42830.0,3634315.0,0.12,10080.0,6120.0,22679.0,8770.0,5669.0,21283.0,12.996031746031745,7.369281045751634,6.155474227258697,3,Model contains large bounds | Model contains large matrix coefficient range | Model contains large rhs,0.0006,10000000000.0,0.002,100.0,40.0,10000000000.0,1.0,4000000000.0,1.0,1.0,1.0,1.0,20700000000000.0,20700000000000.0,1.0,1.0,0.040663258,116.42596410499999,0.9447416926863081,0.9447416926863081,0.9444117295591967,0.040663258,0.00034938482526634425,0.0,0.0,0.0,0.0,0.0,1.0,1.0,2212269.0,,0.9999998444768939,108.0,,1.0,4.0,108.0,1.0034397777777777,0.964429155396424,,,,,,,,OK,REVISAR,2.27242708206177e-07,0.0,2.3283064365386963e-10,24.5172025172418,0.0,1.63573066696503e-09,8.5265128291212e-14,5.77419996261597e-08,2.27373675443232e-13,0.109057356089845,5.58793544769287e-09,2.67573775236116,4.85117941375825,1.13686837721616e-13,0.0,2.27242708206177e-07,0.0,0.0,0.0,0.0,0.0,0.0,0.0,0.0,0.0,0.0,-882993.969117127,24.5172025172418,0.0,1.28615647554398e-05,0.0,0.0,0.0,164.0,0.0,62.0,0.0,0.0,0.0,0.0,-882993.969117127,-882993.969117127,2.3283064365386963e-10,2.6368316409529763e-16,igual,0.0,OK,0.0,0,/clusteruy/home/mathiasr/generator-aware-row-scaling/results-revision/r5-ablation/sgtm-gurobi-01pct/resultados/instance035_estructurado_solo_acoplamiento.csv,/clusteruy/home/mathiasr/generator-aware-row-scaling/results-revision/r5-ablation/sgtm-gurobi-01pct/resultados/instance035_estructurado_solo_acoplamiento_postprocesado.csv,/clusteruy/home/mathiasr/generator-aware-row-scaling/results-revision/r5-ablation/sgtm-gurobi-01pct/logs/instance035_estructurado_solo_acoplamiento.log
instance035.txt,estructurado_matricial,OK,0,103.85003221,0.0,-882993.9691171291,-882994.0,OPTIMAL,-882993.9691171291,29233.0,2223882.0,0.12,10080.0,6120.0,22679.0,8770.0,5669.0,21283.0,12.996031746031745,7.369281045751634,6.155474227258697,1,Model contains large bounds,9e-06,100000.0,0.002,100.0,90.0,40000000.0,1.0,4000000000.0,0.0006666666666666665,1.0,0.0017777777777777776,1.0,20700000000000.0,4283000000000.0,1.0,1.0,0.048259476,103.898291686,1.0587771981009768,1.0587771981009768,1.0582854091412939,0.048259476,0.0004647035246210831,0.0,-1.862645149230957e-09,-2.109465312762381e-15,0.0,0.0,0.0006666666666666665,0.20690821256038647,194001.0,,0.08769320992535803,91.0,,1.0,5.0,91.0,1.1908955604395604,0.884870541253783,,,,,,,,OK,REVISAR,4.50760126113892e-07,0.0,1.1641532182693481e-10,24.5172025172418,0.0,2.4744762408414e-09,1.13686837721616e-13,8.31298530101727e-08,2.27373675443232e-13,0.10905735670463,7.45058059692383e-09,2.67573775236134,4.85117941375825,2.27373675443232e-13,0.0,4.50760126113892e-07,0.0,0.0,0.0,0.0,0.0,0.0,0.0,0.0,0.0,0.0,-882993.969117129,24.5172025172418,0.0,1.29863619804382e-05,0.0,0.0,0.0,164.0,0.0,62.0,0.0,0.0,0.0,0.0,-882993.969117129,-882993.969117129,-1.7462298274040222e-09,1.977623730714732e-15,igual,-1.862645149230957e-09,OK,0.0,0,/clusteruy/home/mathiasr/generator-aware-row-scaling/results-revision/r5-ablation/sgtm-gurobi-01pct/resultados/instance035_estructurado_matricial.csv,/clusteruy/home/mathiasr/generator-aware-row-scaling/results-revision/r5-ablation/sgtm-gurobi-01pct/resultados/instance035_estructurado_matricial_postprocesado.csv,/clusteruy/home/mathiasr/generator-aware-row-scaling/results-revision/r5-ablation/sgtm-gurobi-01pct/logs/instance035_estructurado_matricial.log
instance035.txt,matricial_solo_local,OK,0,99.966683781,0.0,-882993.9691171291,-882994.0,OPTIMAL,-882993.9691171291,29233.0,2223882.0,0.12,10080.0,6120.0,22679.0,8770.0,5669.0,21283.0,12.996031746031745,7.369281045751634,6.155474227258697,1,Model contains large bounds,9e-06,100000.0,0.002,100.0,90.0,40000000.0,1.0,4000000000.0,0.0006666666666666665,1.0,0.0017777777777777776,1.0,20700000000000.0,4283000000000.0,1.0,1.0,0.047102409,100.01378619,1.0999069086544835,1.0999069086544835,1.099388897417763,0.047102409,0.00047118106971707346,0.0,-1.862645149230957e-09,-2.109465312762381e-15,0.0,0.0,0.0006666666666666665,0.20690821256038647,194001.0,,0.08769320992535803,91.0,,1.0,4.0,91.0,1.1908955604395604,0.881351564062286,,,,,,,,OK,REVISAR,4.50760126113892e-07,0.0,1.1641532182693481e-10,24.5172025172418,0.0,2.4744762408414e-09,1.13686837721616e-13,8.31298530101727e-08,2.27373675443232e-13,0.10905735670463,7.45058059692383e-09,2.67573775236134,4.85117941375825,2.27373675443232e-13,0.0,4.50760126113892e-07,0.0,0.0,0.0,0.0,0.0,0.0,0.0,0.0,0.0,0.0,-882993.969117129,24.5172025172418,0.0,1.29863619804382e-05,0.0,0.0,0.0,164.0,0.0,62.0,0.0,0.0,0.0,0.0,-882993.969117129,-882993.969117129,-1.7462298274040222e-09,1.977623730714732e-15,igual,-1.862645149230957e-09,OK,0.0,0,/clusteruy/home/mathiasr/generator-aware-row-scaling/results-revision/r5-ablation/sgtm-gurobi-01pct/resultados/instance035_matricial_solo_local.csv,/clusteruy/home/mathiasr/generator-aware-row-scaling/results-revision/r5-ablation/sgtm-gurobi-01pct/resultados/instance035_matricial_solo_local_postprocesado.csv,/clusteruy/home/mathiasr/generator-aware-row-scaling/results-revision/r5-ablation/sgtm-gurobi-01pct/logs/instance035_matricial_solo_local.log
instance035.txt,matricial_solo_acoplamiento,OK,0,116.467667528,0.0,-882993.9691171272,-882994.0,OPTIMAL,-882993.9691171272,42830.0,3634315.0,0.12,10080.0,6120.0,22679.0,8770.0,5669.0,21283.0,12.996031746031745,7.369281045751634,6.155474227258697,3,Model contains large bounds | Model contains large matrix coefficient range | Model contains large rhs,0.0006,10000000000.0,0.002,100.0,40.0,10000000000.0,1.0,4000000000.0,1.0,1.0,1.0,1.0,20700000000000.0,20700000000000.0,1.0,1.0,0.041368012,116.50903554000001,0.9440735653057183,0.9440735653057183,0.9437383600025635,0.041368012,0.000355188808001626,0.0,0.0,0.0,0.0,0.0,1.0,1.0,2212269.0,,0.9999998444768939,108.0,,1.0,4.0,108.0,1.0034397777777777,0.962867887371854,,,,,,,,OK,REVISAR,2.27242708206177e-07,0.0,2.3283064365386963e-10,24.5172025172418,0.0,1.63573066696503e-09,8.5265128291212e-14,5.77419996261597e-08,2.27373675443232e-13,0.109057356089845,5.58793544769287e-09,2.67573775236116,4.85117941375825,1.13686837721616e-13,0.0,2.27242708206177e-07,0.0,0.0,0.0,0.0,0.0,0.0,0.0,0.0,0.0,0.0,-882993.969117127,24.5172025172418,0.0,1.28615647554398e-05,0.0,0.0,0.0,164.0,0.0,62.0,0.0,0.0,0.0,0.0,-882993.969117127,-882993.969117127,2.3283064365386963e-10,2.6368316409529763e-16,igual,0.0,OK,0.0,0,/clusteruy/home/mathiasr/generator-aware-row-scaling/results-revision/r5-ablation/sgtm-gurobi-01pct/resultados/instance035_matricial_solo_acoplamiento.csv,/clusteruy/home/mathiasr/generator-aware-row-scaling/results-revision/r5-ablation/sgtm-gurobi-01pct/resultados/instance035_matricial_solo_acoplamiento_postprocesado.csv,/clusteruy/home/mathiasr/generator-aware-row-scaling/results-revision/r5-ablation/sgtm-gurobi-01pct/logs/instance035_matricial_solo_acoplamiento.log
instance042.txt,base,OK,0,0.345462813,0.0,-510159.0,-510159.0,OPTIMAL,-510159.0,1.0,9040.0,0.08,10080.0,6120.0,22679.0,9001.0,5733.0,21363.0,10.704365079365079,6.323529411764706,5.802724987874245,3,Model contains large bounds | Model contains large matrix coefficient range | Model contains large rhs,0.0006,8000000000.0,0.0001,100.0,40.0,6000000000.0,1.0,4000000000.0,,,,,,,,,0.0,0.345462813,1.0,1.0,1.0,0.0,0.0,0.0,,,0.0,,,,8941281.194246,,,0.318381,,,,0.318381,1.0,0.589696426801116,,,,,,,,BASE,BASE,,,,,,3.28402460582554e-09,6.3948846218409e-14,1.49011611938477e-07,2.77111666946439e-13,4.27400041897032,44.0359529566996,72.0449045156604,81.2785213011542,1.13686837721616e-13,0.0,2.38418579101562e-07,0.0,0.0,0.0,0.0,0.0,0.0,0.0,0.0,0.0,0.0,-510159.0,98.2225985602506,0.0,0.000167116522789001,0.0,0.0,0.0,2353.0,0.0,360.0,0.0,0.0,0.0,0.0,-510159.0,,,,,,BASE,0.0,0,/clusteruy/home/mathiasr/generator-aware-row-scaling/results-revision/r5-ablation/sgtm-gurobi-01pct/resultados/instance042_base.csv,/clusteruy/home/mathiasr/generator-aware-row-scaling/results-revision/r5-ablation/sgtm-gurobi-01pct/resultados/instance042_base_postprocesado.csv,/clusteruy/home/mathiasr/generator-aware-row-scaling/results-revision/r5-ablation/sgtm-gurobi-01pct/logs/instance042_base.log
instance042.txt,estructurado,OK,0,0.437307663,0.0,-510159.0,-510159.0,OPTIMAL,-510159.0,1.0,9804.0,0.08,10080.0,6120.0,22679.0,9001.0,5733.0,21363.0,10.704365079365079,6.323529411764706,5.802724987874245,1,Model contains large bounds,1e-05,90000.0,0.0001,100.0,10.0,2000000.0,1.0,4000000000.0,0.0006749999999999999,1.0,0.0013333333333333333,1.0,13450000000000.0,216400000000.0,1.0,1.118,0.046397759,0.483705422,0.7899765822306205,0.7899765822306205,0.7142008282057255,0.046397759,0.10609866445445754,0.0,0.0,0.0,0.0,0.0,0.0006749999999999999,0.01608921933085502,22828.0,,0.0025531016757073415,1.0,,,,1.0,0.318381,0.757739769095069,,,,,,,,OK,REVISAR,6.96629285812378e-07,0.0,0.0,130.017615267931,0.0,7.13731915144077e-09,1.13686837721616e-13,2.75671482086182e-07,1.3043235600296e-09,3.70903990821378,35.622917796845,70.7137199072773,81.2785213011542,1.3043235600296e-09,0.0,6.96629285812378e-07,0.0,0.0,0.0,0.0,0.0,0.0,0.0,0.0,0.0,0.0,-510159.0,130.017615267931,0.0,0.000167593359947205,0.0,0.0,0.0,2302.0,0.0,335.0,0.0,0.0,0.0,0.0,-510159.0,-510159.0,0.0,0.0,igual,0.0,DIFIERE,586880000.0,1301,/clusteruy/home/mathiasr/generator-aware-row-scaling/results-revision/r5-ablation/sgtm-gurobi-01pct/resultados/instance042_estructurado.csv,/clusteruy/home/mathiasr/generator-aware-row-scaling/results-revision/r5-ablation/sgtm-gurobi-01pct/resultados/instance042_estructurado_postprocesado.csv,/clusteruy/home/mathiasr/generator-aware-row-scaling/results-revision/r5-ablation/sgtm-gurobi-01pct/logs/instance042_estructurado.log
instance042.txt,estructurado_solo_local,OK,0,0.439549736,0.0,-510159.0,-510159.0,OPTIMAL,-510159.0,1.0,9804.0,0.08,10080.0,6120.0,22679.0,9001.0,5733.0,21363.0,10.704365079365079,6.323529411764706,5.802724987874245,1,Model contains large bounds,1e-05,90000.0,0.0001,100.0,10.0,2000000.0,1.0,4000000000.0,0.0006749999999999999,1.0,0.0013333333333333333,1.0,13450000000000.0,216400000000.0,1.0,1.118,0.04629419,0.48584392600000004,0.78594703785694,0.78594703785694,0.7110571821782947,0.04629419,0.10532184690016512,0.0,0.0,0.0,0.0,0.0,0.0006749999999999999,0.01608921933085502,22828.0,,0.0025531016757073415,1.0,,,,1.0,0.318381,0.757626524995041,,,,,,,,OK,REVISAR,6.96629285812378e-07,0.0,0.0,130.017615267931,0.0,7.13731915144077e-09,1.13686837721616e-13,2.75671482086182e-07,1.3043235600296e-09,3.70903990821378,35.622917796845,70.7137199072773,81.2785213011542,1.3043235600296e-09,0.0,6.96629285812378e-07,0.0,0.0,0.0,0.0,0.0,0.0,0.0,0.0,0.0,0.0,-510159.0,130.017615267931,0.0,0.000167593359947205,0.0,0.0,0.0,2302.0,0.0,335.0,0.0,0.0,0.0,0.0,-510159.0,-510159.0,0.0,0.0,igual,0.0,DIFIERE,586880000.0,1301,/clusteruy/home/mathiasr/generator-aware-row-scaling/results-revision/r5-ablation/sgtm-gurobi-01pct/resultados/instance042_estructurado_solo_local.csv,/clusteruy/home/mathiasr/generator-aware-row-scaling/results-revision/r5-ablation/sgtm-gurobi-01pct/resultados/instance042_estructurado_solo_local_postprocesado.csv,/clusteruy/home/mathiasr/generator-aware-row-scaling/results-revision/r5-ablation/sgtm-gurobi-01pct/logs/instance042_estructurado_solo_local.log
instance042.txt,estructurado_solo_acoplamiento,OK,0,0.343859604,0.0,-510159.0,-510159.0,OPTIMAL,-510159.0,1.0,9040.0,0.08,10080.0,6120.0,22679.0,9001.0,5733.0,21363.0,10.704365079365079,6.323529411764706,5.802724987874245,3,Model contains large bounds | Model contains large matrix coefficient range | Model contains large rhs,0.0006,8000000000.0,0.0001,100.0,40.0,6000000000.0,1.0,4000000000.0,1.0,1.0,1.0,1.0,13450000000000.0,13450000000000.0,1.0,1.0,0.039869896,0.3837295,1.0046623941322284,1.0046623941322284,0.9002769216335986,0.039869896,0.11594818215401656,0.0,0.0,0.0,0.0,0.0,1.0,1.0,8941281.0,,0.9999999782753729,0.0,,,,0.0,,0.588446428825142,,,,,,,,OK,REVISAR,2.38418579101562e-07,0.0,0.0,98.2225985602506,0.0,3.28402460582554e-09,6.3948846218409e-14,1.49011611938477e-07,2.77111666946439e-13,4.27400041897032,44.0359529566996,72.0449045156604,81.2785213011542,1.13686837721616e-13,0.0,2.38418579101562e-07,0.0,0.0,0.0,0.0,0.0,0.0,0.0,0.0,0.0,0.0,-510159.0,98.2225985602506,0.0,0.000167116522789001,0.0,0.0,0.0,2353.0,0.0,360.0,0.0,0.0,0.0,0.0,-510159.0,-510159.0,0.0,0.0,igual,0.0,OK,0.0,0,/clusteruy/home/mathiasr/generator-aware-row-scaling/results-revision/r5-ablation/sgtm-gurobi-01pct/resultados/instance042_estructurado_solo_acoplamiento.csv,/clusteruy/home/mathiasr/generator-aware-row-scaling/results-revision/r5-ablation/sgtm-gurobi-01pct/resultados/instance042_estructurado_solo_acoplamiento_postprocesado.csv,/clusteruy/home/mathiasr/generator-aware-row-scaling/results-revision/r5-ablation/sgtm-gurobi-01pct/logs/instance042_estructurado_solo_acoplamiento.log
instance042.txt,estructurado_matricial,OK,0,0.335398679,0.0,-510159.0,-510159.0,OPTIMAL,-510159.0,1.0,8237.0,0.08,10080.0,6120.0,22679.0,9001.0,5733.0,21363.0,10.704365079365079,6.323529411764706,5.802724987874245,1,Model contains large bounds,1e-05,90000.0,0.0001,100.0,90.0,30000000.0,1.0,4000000000.0,0.0006749999999999999,1.0,0.0022222222222222222,1.0,13450000000000.0,3020000000000.0,1.0,1.0,0.047751321,0.38315,1.0300064807351255,1.0300064807351255,0.9016385567010309,0.047751321,0.14237182192360395,0.0,0.0,0.0,0.0,0.0,0.0006749999999999999,0.2245353159851301,1086903.0,,0.12156009596247312,0.0,,,,0.0,,0.57432888690126,,,,,,,,OK,REVISAR,5.66244125366211e-07,0.0,0.0,170.735083420405,0.0,4.91383928967713e-09,8.53539461331807e-14,2.04890966415405e-07,2.77111666946439e-13,4.0870528577782,35.3429467662672,70.9628902528209,100.644106647267,2.27373675443232e-13,0.0,5.66244125366211e-07,0.0,0.0,0.0,0.0,0.0,0.0,0.0,0.0,0.0,0.0,-510159.0,170.735083420405,0.0,0.000167116522789001,0.0,0.0,0.0,2359.0,0.0,343.0,0.0,0.0,0.0,0.0,-510159.0,-510159.0,0.0,0.0,igual,0.0,DIFIERE,400710000.0,1868,/clusteruy/home/mathiasr/generator-aware-row-scaling/results-revision/r5-ablation/sgtm-gurobi-01pct/resultados/instance042_estructurado_matricial.csv,/clusteruy/home/mathiasr/generator-aware-row-scaling/results-revision/r5-ablation/sgtm-gurobi-01pct/resultados/instance042_estructurado_matricial_postprocesado.csv,/clusteruy/home/mathiasr/generator-aware-row-scaling/results-revision/r5-ablation/sgtm-gurobi-01pct/logs/instance042_estructurado_matricial.log
instance042.txt,matricial_solo_local,OK,0,0.334439438,0.0,-510159.0,-510159.0,OPTIMAL,-510159.0,1.0,8237.0,0.08,10080.0,6120.0,22679.0,9001.0,5733.0,21363.0,10.704365079365079,6.323529411764706,5.802724987874245,1,Model contains large bounds,1e-05,90000.0,0.0001,100.0,90.0,30000000.0,1.0,4000000000.0,0.0006749999999999999,1.0,0.0022222222222222222,1.0,13450000000000.0,3020000000000.0,1.0,1.0,0.04677769,0.38121712799999996,1.032960750878908,1.032960750878908,0.9062101034452996,0.04677769,0.13986894093512978,0.0,0.0,0.0,0.0,0.0,0.0006749999999999999,0.2245353159851301,1086903.0,,0.12156009596247312,0.0,,,,0.0,,0.572859447137709,,,,,,,,OK,REVISAR,5.66244125366211e-07,0.0,0.0,170.735083420405,0.0,4.91383928967713e-09,8.53539461331807e-14,2.04890966415405e-07,2.77111666946439e-13,4.0870528577782,35.3429467662672,70.9628902528209,100.644106647267,2.27373675443232e-13,0.0,5.66244125366211e-07,0.0,0.0,0.0,0.0,0.0,0.0,0.0,0.0,0.0,0.0,-510159.0,170.735083420405,0.0,0.000167116522789001,0.0,0.0,0.0,2359.0,0.0,343.0,0.0,0.0,0.0,0.0,-510159.0,-510159.0,0.0,0.0,igual,0.0,DIFIERE,400710000.0,1868,/clusteruy/home/mathiasr/generator-aware-row-scaling/results-revision/r5-ablation/sgtm-gurobi-01pct/resultados/instance042_matricial_solo_local.csv,/clusteruy/home/mathiasr/generator-aware-row-scaling/results-revision/r5-ablation/sgtm-gurobi-01pct/resultados/instance042_matricial_solo_local_postprocesado.csv,/clusteruy/home/mathiasr/generator-aware-row-scaling/results-revision/r5-ablation/sgtm-gurobi-01pct/logs/instance042_matricial_solo_local.log
instance042.txt,matricial_solo_acoplamiento,OK,0,0.343370673,0.0,-510159.0,-510159.0,OPTIMAL,-510159.0,1.0,9040.0,0.08,10080.0,6120.0,22679.0,9001.0,5733.0,21363.0,10.704365079365079,6.323529411764706,5.802724987874245,3,Model contains large bounds | Model contains large matrix coefficient range | Model contains large rhs,0.0006,8000000000.0,0.0001,100.0,40.0,6000000000.0,1.0,4000000000.0,1.0,1.0,1.0,1.0,13450000000000.0,13450000000000.0,1.0,1.0,0.04069566,0.38406633300000004,1.0060929490038306,1.0060929490038306,0.8994873627728259,0.04069566,0.11851815894597381,0.0,0.0,0.0,0.0,0.0,1.0,1.0,8941281.0,,0.9999999782753729,0.0,,,,0.0,,0.589315289768573,,,,,,,,OK,REVISAR,2.38418579101562e-07,0.0,0.0,98.2225985602506,0.0,3.28402460582554e-09,6.3948846218409e-14,1.49011611938477e-07,2.77111666946439e-13,4.27400041897032,44.0359529566996,72.0449045156604,81.2785213011542,1.13686837721616e-13,0.0,2.38418579101562e-07,0.0,0.0,0.0,0.0,0.0,0.0,0.0,0.0,0.0,0.0,-510159.0,98.2225985602506,0.0,0.000167116522789001,0.0,0.0,0.0,2353.0,0.0,360.0,0.0,0.0,0.0,0.0,-510159.0,-510159.0,0.0,0.0,igual,0.0,OK,0.0,0,/clusteruy/home/mathiasr/generator-aware-row-scaling/results-revision/r5-ablation/sgtm-gurobi-01pct/resultados/instance042_matricial_solo_acoplamiento.csv,/clusteruy/home/mathiasr/generator-aware-row-scaling/results-revision/r5-ablation/sgtm-gurobi-01pct/resultados/instance042_matricial_solo_acoplamiento_postprocesado.csv,/clusteruy/home/mathiasr/generator-aware-row-scaling/results-revision/r5-ablation/sgtm-gurobi-01pct/logs/instance042_matricial_solo_acoplamiento.log
instance043.txt,base,OK,0,0.267085151,0.0,0.0,0.0,OPTIMAL,0.0,1.0,8974.0,0.11,10080.0,6120.0,22679.0,8811.0,5702.0,21145.0,12.589285714285714,6.830065359477124,6.763966665196878,3,Model contains large bounds | Model contains large matrix coefficient range | Model contains large rhs,0.0007,10000000000.0,1.0,100.0,40.0,7000000000.0,1.0,4000000000.0,,,,,,,,,0.0,0.267085151,1.0,1.0,1.0,0.0,0.0,0.0,,,0.0,,,,196162.176373,,,0.229973,,,,0.229973,1.0,0.33565008458832,,,,,,,,BASE,BASE,,,,,,1.43523704103079e-09,0.0,3.80352139472929e-08,2.8421709430404e-13,1.37305659136441,4.93995845317803e-05,69.6585932861568,103.124740761068,1.13686837721616e-13,0.0,2.38418579101562e-07,0.0,0.0,0.0,0.0,0.0,0.0,0.0,0.0,0.0,0.0,0.0,114.020422832438,0.0,0.000167116522789001,0.0,0.0,0.0,359.0,0.0,233.0,0.0,0.0,0.0,0.0,0.0,,,,,,BASE,0.0,0,/clusteruy/home/mathiasr/generator-aware-row-scaling/results-revision/r5-ablation/sgtm-gurobi-01pct/resultados/instance043_base.csv,/clusteruy/home/mathiasr/generator-aware-row-scaling/results-revision/r5-ablation/sgtm-gurobi-01pct/resultados/instance043_base_postprocesado.csv,/clusteruy/home/mathiasr/generator-aware-row-scaling/results-revision/r5-ablation/sgtm-gurobi-01pct/logs/instance043_base.log
instance043.txt,estructurado,OK,0,0.175150306,0.0,0.0,0.0,OPTIMAL,0.0,1.0,3552.0,0.11,10080.0,6120.0,22679.0,8811.0,5702.0,21145.0,12.589285714285714,6.830065359477124,6.763966665196878,1,Model contains large bounds,1e-05,100000.0,1.0,100.0,10.0,2000000.0,1.0,4000000000.0,0.0007,1.0,0.001142857142857143,1.0,13650000000000.0,226700000000.0,1.0,1.118,0.046330913,0.221481219,1.5248911469215476,1.5248911469215476,1.2059042848233557,0.046330913,0.2645208795695738,0.0,0.0,,0.0,,0.0007,0.01660805860805861,2019.0,,0.01029250407663145,0.0,,,,0.0,,0.1655870718036,,,,,,,,OK,REVISAR,9.5367431640625e-07,0.0,0.0,64.1953651083155,0.0,1.26985525727809e-09,4.2632564145606e-14,2.25380063056783e-09,4.83169060316868e-13,0.0145990216242309,5.6843418860808e-14,3.72529029846191e-09,64.1953651083155,1.70530256582424e-13,0.0,9.5367431640625e-07,0.0,0.0,0.0,0.0,0.0,0.0,0.0,0.0,0.0,0.0,0.0,64.1953651083155,0.0,0.000152342021465302,0.0,0.0,0.0,4.0,0.0,4.0,0.0,0.0,0.0,0.0,0.0,0.0,0.0,0.0,igual,0.0,DIFIERE,2687454140.0,1623,/clusteruy/home/mathiasr/generator-aware-row-scaling/results-revision/r5-ablation/sgtm-gurobi-01pct/resultados/instance043_estructurado.csv,/clusteruy/home/mathiasr/generator-aware-row-scaling/results-revision/r5-ablation/sgtm-gurobi-01pct/resultados/instance043_estructurado_postprocesado.csv,/clusteruy/home/mathiasr/generator-aware-row-scaling/results-revision/r5-ablation/sgtm-gurobi-01pct/logs/instance043_estructurado.log
instance043.txt,estructurado_solo_local,OK,0,0.175134326,0.0,0.0,0.0,OPTIMAL,0.0,1.0,3552.0,0.11,10080.0,6120.0,22679.0,8811.0,5702.0,21145.0,12.589285714285714,6.830065359477124,6.763966665196878,1,Model contains large bounds,1e-05,100000.0,1.0,100.0,10.0,2000000.0,1.0,4000000000.0,0.0007,1.0,0.001142857142857143,1.0,13650000000000.0,226700000000.0,1.0,1.118,0.046619596,0.221753922,1.5250302844686199,1.5250302844686199,1.204421317968843,0.046619596,0.26619336748411043,0.0,0.0,,0.0,,0.0007,0.01660805860805861,2019.0,,0.01029250407663145,0.0,,,,0.0,,0.167042138265568,,,,,,,,OK,REVISAR,9.5367431640625e-07,0.0,0.0,64.1953651083155,0.0,1.26985525727809e-09,4.2632564145606e-14,2.25380063056783e-09,4.83169060316868e-13,0.0145990216242309,5.6843418860808e-14,3.72529029846191e-09,64.1953651083155,1.70530256582424e-13,0.0,9.5367431640625e-07,0.0,0.0,0.0,0.0,0.0,0.0,0.0,0.0,0.0,0.0,0.0,64.1953651083155,0.0,0.000152342021465302,0.0,0.0,0.0,4.0,0.0,4.0,0.0,0.0,0.0,0.0,0.0,0.0,0.0,0.0,igual,0.0,DIFIERE,2687454140.0,1623,/clusteruy/home/mathiasr/generator-aware-row-scaling/results-revision/r5-ablation/sgtm-gurobi-01pct/resultados/instance043_estructurado_solo_local.csv,/clusteruy/home/mathiasr/generator-aware-row-scaling/results-revision/r5-ablation/sgtm-gurobi-01pct/resultados/instance043_estructurado_solo_local_postprocesado.csv,/clusteruy/home/mathiasr/generator-aware-row-scaling/results-revision/r5-ablation/sgtm-gurobi-01pct/logs/instance043_estructurado_solo_local.log
instance043.txt,estructurado_solo_acoplamiento,OK,0,0.267159245,0.0,0.0,0.0,OPTIMAL,0.0,1.0,8974.0,0.11,10080.0,6120.0,22679.0,8811.0,5702.0,21145.0,12.589285714285714,6.830065359477124,6.763966665196878,3,Model contains large bounds | Model contains large matrix coefficient range | Model contains large rhs,0.0007,10000000000.0,1.0,100.0,40.0,7000000000.0,1.0,4000000000.0,1.0,1.0,1.0,1.0,13650000000000.0,13650000000000.0,1.0,1.0,0.040016021,0.307175266,0.9997226597941614,0.9997226597941614,0.8694878154675384,0.040016021,0.14978340352773492,0.0,0.0,,0.0,,1.0,1.0,196162.0,,0.999999100881713,0.0,,,,0.0,,0.33360509198666,,,,,,,,OK,REVISAR,2.38418579101562e-07,0.0,0.0,114.020422832438,0.0,1.43523704103079e-09,0.0,3.80352139472929e-08,2.8421709430404e-13,1.37305659136441,4.93995845317803e-05,69.6585932861568,103.124740761068,1.13686837721616e-13,0.0,2.38418579101562e-07,0.0,0.0,0.0,0.0,0.0,0.0,0.0,0.0,0.0,0.0,0.0,114.020422832438,0.0,0.000167116522789001,0.0,0.0,0.0,359.0,0.0,233.0,0.0,0.0,0.0,0.0,0.0,0.0,0.0,0.0,igual,0.0,OK,0.0,0,/clusteruy/home/mathiasr/generator-aware-row-scaling/results-revision/r5-ablation/sgtm-gurobi-01pct/resultados/instance043_estructurado_solo_acoplamiento.csv,/clusteruy/home/mathiasr/generator-aware-row-scaling/results-revision/r5-ablation/sgtm-gurobi-01pct/resultados/instance043_estructurado_solo_acoplamiento_postprocesado.csv,/clusteruy/home/mathiasr/generator-aware-row-scaling/results-revision/r5-ablation/sgtm-gurobi-01pct/logs/instance043_estructurado_solo_acoplamiento.log
instance043.txt,estructurado_matricial,OK,0,0.234122168,0.0,0.0,0.0,OPTIMAL,0.0,1.0,5637.0,0.11,10080.0,6120.0,22679.0,8811.0,5702.0,21145.0,12.589285714285714,6.830065359477124,6.763966665196878,1,Model contains large bounds,1e-05,100000.0,1.0,100.0,90.0,40000000.0,1.0,4000000000.0,0.0007,1.0,0.0025396825396825397,1.0,13650000000000.0,4323000000000.0,1.0,1.0,0.048168874,0.282291042,1.140793942246426,1.140793942246426,0.9461339938658062,0.048168874,0.20574247373277357,0.0,0.0,,0.0,,0.0007,0.3167032967032967,9725.0,,0.04957632597584986,0.0,,,,0.0,,0.261605913878774,,,,,,,,OK,REVISAR,6.14672899246216e-07,0.0,0.0,103.124740761068,0.0,2.78362318169235e-09,2.8421709430404e-14,1.11758708953857e-07,3.41060513164848e-13,0.713030758202521,1.01674348115921e-05,25.0130288371285,103.124740761068,2.27373675443232e-13,0.0,6.14672899246216e-07,0.0,0.0,0.0,0.0,0.0,0.0,0.0,0.0,0.0,0.0,0.0,103.124740761068,0.0,0.000167116522789001,0.0,0.0,0.0,391.0,0.0,154.0,0.0,0.0,0.0,0.0,0.0,0.0,0.0,0.0,igual,0.0,DIFIERE,943980000.0,1329,/clusteruy/home/mathiasr/generator-aware-row-scaling/results-revision/r5-ablation/sgtm-gurobi-01pct/resultados/instance043_estructurado_matricial.csv,/clusteruy/home/mathiasr/generator-aware-row-scaling/results-revision/r5-ablation/sgtm-gurobi-01pct/resultados/instance043_estructurado_matricial_postprocesado.csv,/clusteruy/home/mathiasr/generator-aware-row-scaling/results-revision/r5-ablation/sgtm-gurobi-01pct/logs/instance043_estructurado_matricial.log
instance043.txt,matricial_solo_local,OK,0,0.232685478,0.0,0.0,0.0,OPTIMAL,0.0,1.0,5637.0,0.11,10080.0,6120.0,22679.0,8811.0,5702.0,21145.0,12.589285714285714,6.830065359477124,6.763966665196878,1,Model contains large bounds,1e-05,100000.0,1.0,100.0,90.0,40000000.0,1.0,4000000000.0,0.0007,1.0,0.0025396825396825397,1.0,13650000000000.0,4323000000000.0,1.0,1.0,0.047088168,0.279773646,1.1478376445993763,1.1478376445993763,0.954647282968175,0.047088168,0.2023683145365866,0.0,0.0,,0.0,,0.0007,0.3167032967032967,9725.0,,0.04957632597584986,0.0,,,,0.0,,0.261355458378694,,,,,,,,OK,REVISAR,6.14672899246216e-07,0.0,0.0,103.124740761068,0.0,2.78362318169235e-09,2.8421709430404e-14,1.11758708953857e-07,3.41060513164848e-13,0.713030758202521,1.01674348115921e-05,25.0130288371285,103.124740761068,2.27373675443232e-13,0.0,6.14672899246216e-07,0.0,0.0,0.0,0.0,0.0,0.0,0.0,0.0,0.0,0.0,0.0,103.124740761068,0.0,0.000167116522789001,0.0,0.0,0.0,391.0,0.0,154.0,0.0,0.0,0.0,0.0,0.0,0.0,0.0,0.0,igual,0.0,DIFIERE,943980000.0,1329,/clusteruy/home/mathiasr/generator-aware-row-scaling/results-revision/r5-ablation/sgtm-gurobi-01pct/resultados/instance043_matricial_solo_local.csv,/clusteruy/home/mathiasr/generator-aware-row-scaling/results-revision/r5-ablation/sgtm-gurobi-01pct/resultados/instance043_matricial_solo_local_postprocesado.csv,/clusteruy/home/mathiasr/generator-aware-row-scaling/results-revision/r5-ablation/sgtm-gurobi-01pct/logs/instance043_matricial_solo_local.log
instance043.txt,matricial_solo_acoplamiento,OK,0,0.269004153,0.0,0.0,0.0,OPTIMAL,0.0,1.0,8974.0,0.11,10080.0,6120.0,22679.0,8811.0,5702.0,21145.0,12.589285714285714,6.830065359477124,6.763966665196878,3,Model contains large bounds | Model contains large matrix coefficient range | Model contains large rhs,0.0007,10000000000.0,1.0,100.0,40.0,7000000000.0,1.0,4000000000.0,1.0,1.0,1.0,1.0,13650000000000.0,13650000000000.0,1.0,1.0,0.041178139,0.310182292,0.9928662737039602,0.9928662737039602,0.8610586673980731,0.041178139,0.15307622035114082,0.0,0.0,,0.0,,1.0,1.0,196162.0,,0.999999100881713,0.0,,,,0.0,,0.333911546774334,,,,,,,,OK,REVISAR,2.38418579101562e-07,0.0,0.0,114.020422832438,0.0,1.43523704103079e-09,0.0,3.80352139472929e-08,2.8421709430404e-13,1.37305659136441,4.93995845317803e-05,69.6585932861568,103.124740761068,1.13686837721616e-13,0.0,2.38418579101562e-07,0.0,0.0,0.0,0.0,0.0,0.0,0.0,0.0,0.0,0.0,0.0,114.020422832438,0.0,0.000167116522789001,0.0,0.0,0.0,359.0,0.0,233.0,0.0,0.0,0.0,0.0,0.0,0.0,0.0,0.0,igual,0.0,OK,0.0,0,/clusteruy/home/mathiasr/generator-aware-row-scaling/results-revision/r5-ablation/sgtm-gurobi-01pct/resultados/instance043_matricial_solo_acoplamiento.csv,/clusteruy/home/mathiasr/generator-aware-row-scaling/results-revision/r5-ablation/sgtm-gurobi-01pct/resultados/instance043_matricial_solo_acoplamiento_postprocesado.csv,/clusteruy/home/mathiasr/generator-aware-row-scaling/results-revision/r5-ablation/sgtm-gurobi-01pct/logs/instance043_matricial_solo_acoplamiento.log
instance044.txt,base,OK,0,11.747047618,0.000548109711163,-541303.4339618685,-541303.0,OPTIMAL,-541306.4008985569,3307.0,88907.0,0.09,10080.0,6120.0,22679.0,9151.0,5726.0,21738.0,9.216269841269842,6.437908496732026,4.149212928259623,3,Model contains large bounds | Model contains large matrix coefficient range | Model contains large rhs,0.0006,8000000000.0,0.0002,100.0,40.0,6000000000.0,1.0,4000000000.0,,,,,,,,,0.0,11.747047618,1.0,1.0,1.0,0.0,0.0,0.0,,,0.0,,,,111465564.002159,,,8.143558,,3.286457,1.200777,8.143558,1.0,0.465454992920042,,,,,,,,BASE,BASE,,,,,,3.87016597369704e-09,8.5265128291212e-14,1.49011611938477e-07,3.86357612569554e-13,2.44423809653136,20.5300851076901,47.919136926618,12.0652564105484,1.13686837721616e-13,0.0,2.38418579101562e-07,0.0,0.0,0.0,0.0,0.0,0.0,0.0,0.0,0.0,0.0,-541303.433961869,68.1267939082203,0.0,3.63960862159729e-05,0.0,0.0,0.0,2323.0,0.0,360.0,0.0,0.0,0.0,0.0,-541303.433961869,,,,,,BASE,0.0,0,/clusteruy/home/mathiasr/generator-aware-row-scaling/results-revision/r5-ablation/sgtm-gurobi-01pct/resultados/instance044_base.csv,/clusteruy/home/mathiasr/generator-aware-row-scaling/results-revision/r5-ablation/sgtm-gurobi-01pct/resultados/instance044_base_postprocesado.csv,/clusteruy/home/mathiasr/generator-aware-row-scaling/results-revision/r5-ablation/sgtm-gurobi-01pct/logs/instance044_base.log
instance044.txt,estructurado,OK,0,6.454005118,0.095544125725188,-541306.4008985566,-541306.0,OPTIMAL,-541823.5873667896,5247.0,40501.0,0.09,10080.0,6120.0,22679.0,9152.0,5727.0,21738.0,9.206349206349206,6.421568627450981,4.149212928259623,1,Model contains large bounds,1e-05,90000.0,0.0002,100.0,10.0,3000000.0,1.0,4000000000.0,0.0006749999999999999,1.0,0.002,1.0,14060000000000.0,235700000000.0,1.0,1.118,0.046455132,6.500460250000001,1.820117493436422,1.820117493436422,1.807110137778321,0.046455132,0.007197876535678322,-0.094996016014025,-2.9669366880552843,-5.481097110986159e-06,-3.0,-5.542182474510579e-06,0.0006749999999999999,0.016763869132290186,24734.0,,0.0002218981281027827,4.0,,0.0,2.0,4.0,2.0358895,0.123394876234873,,,,,,,,OK,REVISAR,6.33299350738525e-07,0.0,4.656612873077393e-10,68.1177475263802,0.0,6.45423035378508e-09,1.13686837721616e-13,2.17631459236139e-07,6.09157169151331e-11,2.44437663059556,20.5370374263129,47.9131060053912,12.0636542961639,2.27373675443232e-13,0.0,6.33299350738525e-07,0.0,0.0,0.0,0.0,0.0,0.0,0.0,0.0,0.0,0.0,-541306.400898557,68.1177475263802,0.0,3.67686152458191e-05,0.0,0.0,0.0,2322.0,0.0,360.0,0.0,0.0,0.0,0.0,-541306.400898557,-541306.400898557,-2.9669366885209456,5.481097111846417e-06,mejora,-517.1864682326559,DIFIERE,160000.0,1048,/clusteruy/home/mathiasr/generator-aware-row-scaling/results-revision/r5-ablation/sgtm-gurobi-01pct/resultados/instance044_estructurado.csv,/clusteruy/home/mathiasr/generator-aware-row-scaling/results-revision/r5-ablation/sgtm-gurobi-01pct/resultados/instance044_estructurado_postprocesado.csv,/clusteruy/home/mathiasr/generator-aware-row-scaling/results-revision/r5-ablation/sgtm-gurobi-01pct/logs/instance044_estructurado.log
instance044.txt,estructurado_solo_local,OK,0,6.455030312,0.095544125725188,-541306.4008985566,-541306.0,OPTIMAL,-541823.5873667896,5247.0,40501.0,0.09,10080.0,6120.0,22679.0,9152.0,5727.0,21738.0,9.206349206349206,6.421568627450981,4.149212928259623,1,Model contains large bounds,1e-05,90000.0,0.0002,100.0,10.0,3000000.0,1.0,4000000000.0,0.0006749999999999999,1.0,0.002,1.0,14060000000000.0,235700000000.0,1.0,1.118,0.046623893,6.5016542049999995,1.819828420660095,1.819828420660095,1.8067782825124887,0.046623893,0.007222877468650375,-0.094996016014025,-2.9669366880552843,-5.481097110986159e-06,-3.0,-5.542182474510579e-06,0.0006749999999999999,0.016763869132290186,24734.0,,0.0002218981281027827,4.0,,0.0,2.0,4.0,2.0358895,0.120817861817884,,,,,,,,OK,REVISAR,6.33299350738525e-07,0.0,4.656612873077393e-10,68.1177475263802,0.0,6.45423035378508e-09,1.13686837721616e-13,2.17631459236139e-07,6.09157169151331e-11,2.44437663059556,20.5370374263129,47.9131060053912,12.0636542961639,2.27373675443232e-13,0.0,6.33299350738525e-07,0.0,0.0,0.0,0.0,0.0,0.0,0.0,0.0,0.0,0.0,-541306.400898557,68.1177475263802,0.0,3.67686152458191e-05,0.0,0.0,0.0,2322.0,0.0,360.0,0.0,0.0,0.0,0.0,-541306.400898557,-541306.400898557,-2.9669366885209456,5.481097111846417e-06,mejora,-517.1864682326559,DIFIERE,160000.0,1048,/clusteruy/home/mathiasr/generator-aware-row-scaling/results-revision/r5-ablation/sgtm-gurobi-01pct/resultados/instance044_estructurado_solo_local.csv,/clusteruy/home/mathiasr/generator-aware-row-scaling/results-revision/r5-ablation/sgtm-gurobi-01pct/resultados/instance044_estructurado_solo_local_postprocesado.csv,/clusteruy/home/mathiasr/generator-aware-row-scaling/results-revision/r5-ablation/sgtm-gurobi-01pct/logs/instance044_estructurado_solo_local.log
instance044.txt,estructurado_solo_acoplamiento,OK,0,9.195894375,0.000548109711163,-541303.4339618685,-541303.0,OPTIMAL,-541306.4008985569,3307.0,88907.0,0.09,10080.0,6120.0,22679.0,9151.0,5726.0,21738.0,9.216269841269842,6.437908496732026,4.149212928259623,3,Model contains large bounds | Model contains large matrix coefficient range | Model contains large rhs,0.0006,8000000000.0,0.0002,100.0,40.0,6000000000.0,1.0,4000000000.0,1.0,1.0,1.0,1.0,14060000000000.0,14060000000000.0,1.0,1.0,0.040179606,9.236073981,1.2774230693575142,1.2774230693575142,1.2718659077618317,0.040179606,0.004369298337009227,0.0,0.0,0.0,0.0,0.0,1.0,1.0,111465564.0,,0.9999999999806308,8.0,,3.0,1.0,8.0,1.01794475,0.421845562392376,,,,,,,,OK,REVISAR,2.38418579101562e-07,0.0,4.656612873077393e-10,68.1267939082203,0.0,3.87016597369704e-09,8.5265128291212e-14,1.49011611938477e-07,3.86357612569554e-13,2.44423809653136,20.5300851076901,47.919136926618,12.0652564105484,1.13686837721616e-13,0.0,2.38418579101562e-07,0.0,0.0,0.0,0.0,0.0,0.0,0.0,0.0,0.0,0.0,-541303.433961869,68.1267939082203,0.0,3.63960862159729e-05,0.0,0.0,0.0,2323.0,0.0,360.0,0.0,0.0,0.0,0.0,-541303.433961869,-541303.433961869,-4.656612873077393e-10,8.602592521896734e-16,igual,0.0,OK,0.0,0,/clusteruy/home/mathiasr/generator-aware-row-scaling/results-revision/r5-ablation/sgtm-gurobi-01pct/resultados/instance044_estructurado_solo_acoplamiento.csv,/clusteruy/home/mathiasr/generator-aware-row-scaling/results-revision/r5-ablation/sgtm-gurobi-01pct/resultados/instance044_estructurado_solo_acoplamiento_postprocesado.csv,/clusteruy/home/mathiasr/generator-aware-row-scaling/results-revision/r5-ablation/sgtm-gurobi-01pct/logs/instance044_estructurado_solo_acoplamiento.log
instance044.txt,estructurado_matricial,OK,0,3.82274086,0.075752390302841,-541281.8099166859,-541282.0,OPTIMAL,-541691.8438259723,3692.0,30169.0,0.09,10080.0,6120.0,22679.0,9151.0,5726.0,21738.0,9.216269841269842,6.437908496732026,4.149212928259623,1,Model contains large bounds,1e-05,90000.0,0.0002,100.0,90.0,30000000.0,1.0,4000000000.0,0.0006749999999999999,1.0,0.0022222222222222222,1.0,14060000000000.0,3005000000000.0,1.0,1.0,0.047923382,3.870664242,3.072938514069196,3.072938514069196,3.0348919161043573,0.047923382,0.0125363930632745,-0.07520428059167801,21.62404518260155,3.994810272000755e-05,21.0,3.8795277321574054e-05,0.0006749999999999999,0.21372688477951635,196872.0,,0.0017662136442084188,2.0,,0.0,1.0,2.0,4.071779,0.158098813469244,,,,,,,,OK,REVISAR,6.0349702835083e-07,0.0,1.1641532182693481e-10,68.1102088748466,0.0,5.8632717888094e-09,1.13686837721616e-13,2.12341547012329e-07,2.8022029141539e-13,2.44484329086896,20.6221461853701,47.9070750841644,12.0623192008435,2.27373675443232e-13,0.0,6.0349702835083e-07,0.0,0.0,0.0,0.0,0.0,0.0,0.0,0.0,0.0,0.0,-541281.809916686,68.1102088748466,0.0,3.67648899555206e-05,0.0,0.0,0.0,2322.0,0.0,360.0,0.0,0.0,0.0,0.0,-541281.809916686,-541281.809916686,21.624045182485133,3.994810271979249e-05,empeora,-385.4429274153663,DIFIERE,300000.0,1058,/clusteruy/home/mathiasr/generator-aware-row-scaling/results-revision/r5-ablation/sgtm-gurobi-01pct/resultados/instance044_estructurado_matricial.csv,/clusteruy/home/mathiasr/generator-aware-row-scaling/results-revision/r5-ablation/sgtm-gurobi-01pct/resultados/instance044_estructurado_matricial_postprocesado.csv,/clusteruy/home/mathiasr/generator-aware-row-scaling/results-revision/r5-ablation/sgtm-gurobi-01pct/logs/instance044_estructurado_matricial.log
instance044.txt,matricial_solo_local,OK,0,3.92881408,0.075752390302841,-541281.8099166859,-541282.0,OPTIMAL,-541691.8438259723,3692.0,30169.0,0.09,10080.0,6120.0,22679.0,9151.0,5726.0,21738.0,9.216269841269842,6.437908496732026,4.149212928259623,1,Model contains large bounds,1e-05,90000.0,0.0002,100.0,90.0,30000000.0,1.0,4000000000.0,0.0006749999999999999,1.0,0.0022222222222222222,1.0,14060000000000.0,3005000000000.0,1.0,1.0,0.046983938,3.975798018,2.9899728973685615,2.9899728973685615,2.954638934074744,0.046983938,0.011958809208910187,-0.07520428059167801,21.62404518260155,3.994810272000755e-05,21.0,3.8795277321574054e-05,0.0006749999999999999,0.21372688477951635,196872.0,,0.0017662136442084188,2.0,,0.0,1.0,2.0,4.071779,0.152483773380386,,,,,,,,OK,REVISAR,6.0349702835083e-07,0.0,1.1641532182693481e-10,68.1102088748466,0.0,5.8632717888094e-09,1.13686837721616e-13,2.12341547012329e-07,2.8022029141539e-13,2.44484329086896,20.6221461853701,47.9070750841644,12.0623192008435,2.27373675443232e-13,0.0,6.0349702835083e-07,0.0,0.0,0.0,0.0,0.0,0.0,0.0,0.0,0.0,0.0,-541281.809916686,68.1102088748466,0.0,3.67648899555206e-05,0.0,0.0,0.0,2322.0,0.0,360.0,0.0,0.0,0.0,0.0,-541281.809916686,-541281.809916686,21.624045182485133,3.994810271979249e-05,empeora,-385.4429274153663,DIFIERE,300000.0,1058,/clusteruy/home/mathiasr/generator-aware-row-scaling/results-revision/r5-ablation/sgtm-gurobi-01pct/resultados/instance044_matricial_solo_local.csv,/clusteruy/home/mathiasr/generator-aware-row-scaling/results-revision/r5-ablation/sgtm-gurobi-01pct/resultados/instance044_matricial_solo_local_postprocesado.csv,/clusteruy/home/mathiasr/generator-aware-row-scaling/results-revision/r5-ablation/sgtm-gurobi-01pct/logs/instance044_matricial_solo_local.log
instance044.txt,matricial_solo_acoplamiento,OK,0,11.847470456,0.000548109711163,-541303.4339618685,-541303.0,OPTIMAL,-541306.4008985569,3307.0,88907.0,0.09,10080.0,6120.0,22679.0,9151.0,5726.0,21738.0,9.216269841269842,6.437908496732026,4.149212928259623,3,Model contains large bounds | Model contains large matrix coefficient range | Model contains large rhs,0.0006,8000000000.0,0.0002,100.0,40.0,6000000000.0,1.0,4000000000.0,1.0,1.0,1.0,1.0,14060000000000.0,14060000000000.0,1.0,1.0,0.041551239,11.889021695,0.9915236895189604,0.9915236895189604,0.988058388600661,0.041551239,0.0035071823267520284,0.0,0.0,0.0,0.0,0.0,1.0,1.0,111465564.0,,0.9999999999806308,8.0,,3.0,1.0,8.0,1.01794475,0.460603241656178,,,,,,,,OK,REVISAR,2.38418579101562e-07,0.0,4.656612873077393e-10,68.1267939082203,0.0,3.87016597369704e-09,8.5265128291212e-14,1.49011611938477e-07,3.86357612569554e-13,2.44423809653136,20.5300851076901,47.919136926618,12.0652564105484,1.13686837721616e-13,0.0,2.38418579101562e-07,0.0,0.0,0.0,0.0,0.0,0.0,0.0,0.0,0.0,0.0,-541303.433961869,68.1267939082203,0.0,3.63960862159729e-05,0.0,0.0,0.0,2323.0,0.0,360.0,0.0,0.0,0.0,0.0,-541303.433961869,-541303.433961869,-4.656612873077393e-10,8.602592521896734e-16,igual,0.0,OK,0.0,0,/clusteruy/home/mathiasr/generator-aware-row-scaling/results-revision/r5-ablation/sgtm-gurobi-01pct/resultados/instance044_matricial_solo_acoplamiento.csv,/clusteruy/home/mathiasr/generator-aware-row-scaling/results-revision/r5-ablation/sgtm-gurobi-01pct/resultados/instance044_matricial_solo_acoplamiento_postprocesado.csv,/clusteruy/home/mathiasr/generator-aware-row-scaling/results-revision/r5-ablation/sgtm-gurobi-01pct/logs/instance044_matricial_solo_acoplamiento.log
instance045.txt,base,OK,0,18.7283411,0.0,-817069.0152424385,-817069.0,OPTIMAL,-817069.0152424385,11481.0,223195.0,0.11,10080.0,6120.0,22679.0,8903.0,5700.0,21343.0,11.676587301587302,6.862745098039215,5.890912297720358,3,Model contains large bounds | Model contains large matrix coefficient range | Model contains large rhs,0.0007,10000000000.0,0.0003,100.0,40.0,8000000000.0,1.0,4000000000.0,,,,,,,,,0.0,18.7283411,1.0,1.0,1.0,0.0,0.0,0.0,,,0.0,,,,2080432.174516,,,15.207615,,1.486393,1.555364,15.207615,1.0,0.842641813641011,,,,,,,,BASE,BASE,,,,,,4.38461046112535e-09,7.10986824969944e-14,1.75479799509047e-07,2.61124455391837e-13,0.755532494775315,4.30469403078543,17.3408644611884,5.4775362257736,1.70530256582424e-13,0.0,2.38418579101562e-07,0.0,0.0,0.0,0.0,0.0,0.0,0.0,0.0,0.0,0.0,-817069.015242439,23.1949230382662,0.0,1.20289623737335e-05,0.0,0.0,0.0,1778.0,0.0,360.0,0.0,0.0,0.0,0.0,-817069.015242439,,,,,,BASE,0.0,0,/clusteruy/home/mathiasr/generator-aware-row-scaling/results-revision/r5-ablation/sgtm-gurobi-01pct/resultados/instance045_base.csv,/clusteruy/home/mathiasr/generator-aware-row-scaling/results-revision/r5-ablation/sgtm-gurobi-01pct/resultados/instance045_base_postprocesado.csv,/clusteruy/home/mathiasr/generator-aware-row-scaling/results-revision/r5-ablation/sgtm-gurobi-01pct/logs/instance045_base.log
instance045.txt,estructurado,OK,0,10.884388869,0.0,-816884.303007504,-816884.0,OPTIMAL,-816884.303007504,2663.0,41402.0,0.11,10080.0,6120.0,22679.0,8902.0,5700.0,21340.0,11.686507936507937,6.862745098039215,5.904140394197275,1,Model contains large bounds,1e-05,100000.0,0.0003,100.0,10.0,3000000.0,1.0,4000000000.0,0.0007,1.0,0.0015,1.0,14600000000000.0,262600000000.0,1.0,1.118,0.046418254,10.930807123000001,1.7206607854061964,1.7206607854061964,1.7133539078365823,0.046418254,0.004264663322734137,0.0,184.7122349345591,0.00022606687010368612,185.0,0.00022641906619881553,0.0007,0.017986301369863015,28193.0,,0.013551511241436616,7.0,,0.0,2.0,7.0,2.1725164285714285,0.107730665243606,,,,,,,,OK,REVISAR,6.70552253723145e-07,0.0,0.0,23.3683120235368,0.0,6.75782221747057e-09,1.13686837721616e-13,2.57045030593872e-07,2.55795384873636e-13,0.757561035714305,4.35402663924676,17.3246692757377,5.5184824469101,2.27373675443232e-13,0.0,6.70552253723145e-07,0.0,0.0,0.0,0.0,0.0,0.0,0.0,0.0,0.0,0.0,-816884.303007504,23.3683120235368,0.0,1.22599303722382e-05,0.0,0.0,0.0,1765.0,0.0,360.0,0.0,0.0,0.0,0.0,-816884.303007504,-816884.303007504,184.7122349345591,0.00022606687010368612,empeora,184.7122349345591,DIFIERE,660000.0,986,/clusteruy/home/mathiasr/generator-aware-row-scaling/results-revision/r5-ablation/sgtm-gurobi-01pct/resultados/instance045_estructurado.csv,/clusteruy/home/mathiasr/generator-aware-row-scaling/results-revision/r5-ablation/sgtm-gurobi-01pct/resultados/instance045_estructurado_postprocesado.csv,/clusteruy/home/mathiasr/generator-aware-row-scaling/results-revision/r5-ablation/sgtm-gurobi-01pct/logs/instance045_estructurado.log
instance045.txt,estructurado_solo_local,OK,0,10.227574258,0.0,-816884.303007504,-816884.0,OPTIMAL,-816884.303007504,2663.0,41402.0,0.11,10080.0,6120.0,22679.0,8902.0,5700.0,21340.0,11.686507936507937,6.862745098039215,5.904140394197275,1,Model contains large bounds,1e-05,100000.0,0.0003,100.0,10.0,3000000.0,1.0,4000000000.0,0.0007,1.0,0.0015,1.0,14600000000000.0,262600000000.0,1.0,1.118,0.046552989,10.274127247000001,1.8311615860770414,1.8311615860770414,1.8228644292359328,0.046552989,0.004551713615140588,0.0,184.7122349345591,0.00022606687010368612,185.0,0.00022641906619881553,0.0007,0.017986301369863015,28193.0,,0.013551511241436616,7.0,,0.0,2.0,7.0,2.1725164285714285,0.112993508283084,,,,,,,,OK,REVISAR,6.70552253723145e-07,0.0,0.0,23.3683120235368,0.0,6.75782221747057e-09,1.13686837721616e-13,2.57045030593872e-07,2.55795384873636e-13,0.757561035714305,4.35402663924676,17.3246692757377,5.5184824469101,2.27373675443232e-13,0.0,6.70552253723145e-07,0.0,0.0,0.0,0.0,0.0,0.0,0.0,0.0,0.0,0.0,-816884.303007504,23.3683120235368,0.0,1.22599303722382e-05,0.0,0.0,0.0,1765.0,0.0,360.0,0.0,0.0,0.0,0.0,-816884.303007504,-816884.303007504,184.7122349345591,0.00022606687010368612,empeora,184.7122349345591,DIFIERE,660000.0,986,/clusteruy/home/mathiasr/generator-aware-row-scaling/results-revision/r5-ablation/sgtm-gurobi-01pct/resultados/instance045_estructurado_solo_local.csv,/clusteruy/home/mathiasr/generator-aware-row-scaling/results-revision/r5-ablation/sgtm-gurobi-01pct/resultados/instance045_estructurado_solo_local_postprocesado.csv,/clusteruy/home/mathiasr/generator-aware-row-scaling/results-revision/r5-ablation/sgtm-gurobi-01pct/logs/instance045_estructurado_solo_local.log
instance045.txt,estructurado_solo_acoplamiento,OK,0,20.534624975,0.0,-817069.0152424385,-817069.0,OPTIMAL,-817069.0152424385,11481.0,223195.0,0.11,10080.0,6120.0,22679.0,8903.0,5700.0,21343.0,11.676587301587302,6.862745098039215,5.890912297720358,3,Model contains large bounds | Model contains large matrix coefficient range | Model contains large rhs,0.0007,10000000000.0,0.0003,100.0,40.0,8000000000.0,1.0,4000000000.0,1.0,1.0,1.0,1.0,14600000000000.0,14600000000000.0,1.0,1.0,0.04024156,20.574866534999998,0.9120371627337208,0.9120371627337208,0.9102533456604025,0.04024156,0.001959692960012288,0.0,0.0,0.0,0.0,0.0,1.0,1.0,2080432.0,,0.9999999161155061,15.0,,1.0,2.0,15.0,1.013841,0.815377403469097,,,,,,,,OK,REVISAR,2.38418579101562e-07,0.0,4.656612873077393e-10,23.1949230382662,0.0,4.38461046112535e-09,7.10986824969944e-14,1.75479799509047e-07,2.61124455391837e-13,0.755532494775315,4.30469403078543,17.3408644611884,5.4775362257736,1.70530256582424e-13,0.0,2.38418579101562e-07,0.0,0.0,0.0,0.0,0.0,0.0,0.0,0.0,0.0,0.0,-817069.015242439,23.1949230382662,0.0,1.20289623737335e-05,0.0,0.0,0.0,1778.0,0.0,360.0,0.0,0.0,0.0,0.0,-817069.015242439,-817069.015242439,-4.656612873077393e-10,5.699167128122824e-16,igual,0.0,OK,0.0,0,/clusteruy/home/mathiasr/generator-aware-row-scaling/results-revision/r5-ablation/sgtm-gurobi-01pct/resultados/instance045_estructurado_solo_acoplamiento.csv,/clusteruy/home/mathiasr/generator-aware-row-scaling/results-revision/r5-ablation/sgtm-gurobi-01pct/resultados/instance045_estructurado_solo_acoplamiento_postprocesado.csv,/clusteruy/home/mathiasr/generator-aware-row-scaling/results-revision/r5-ablation/sgtm-gurobi-01pct/logs/instance045_estructurado_solo_acoplamiento.log
instance045.txt,estructurado_matricial,OK,0,14.470960416,0.099239262595281,-817071.6585680345,-817072.0,OPTIMAL,-817882.5144568725,7204.0,59605.0,0.11,10080.0,6120.0,22679.0,8902.0,5700.0,21340.0,11.686507936507937,6.862745098039215,5.904140394197275,1,Model contains large bounds,1e-05,100000.0,0.0003,100.0,90.0,50000000.0,1.0,4000000000.0,0.0007,1.0,0.0027777777777777775,1.0,14600000000000.0,4714000000000.0,1.0,1.0,0.04832976,14.519290176,1.294201667450681,1.294201667450681,1.2898937119500133,0.04832976,0.0033397755650387646,-0.099239262595281,-2.643325596000068,-3.2351313618418727e-06,-3.0,-3.6716605329537654e-06,0.0007,0.32287671232876713,182454.0,,0.08770004724736907,9.0,,0.0,2.0,9.0,1.689735,0.074085496352103,,,,,,,,OK,REVISAR,5.69969415664673e-07,0.0,4.656612873077393e-10,23.1949230382663,0.0,6.66764502424466e-09,1.13686837721616e-13,2.51457095146179e-07,2.46025422256935e-13,0.755520653872034,4.30505008488227,17.3408644611884,5.4775362257736,2.27373675443232e-13,0.0,5.69969415664673e-07,0.0,0.0,0.0,0.0,0.0,0.0,0.0,0.0,0.0,0.0,-817071.658568035,23.1949230382663,0.0,1.2032687664032e-05,0.0,0.0,0.0,1779.0,0.0,360.0,0.0,0.0,0.0,0.0,-817071.658568035,-817071.658568035,-2.643325596465729,3.235131362411789e-06,mejora,-813.4992144339485,DIFIERE,10000.0,506,/clusteruy/home/mathiasr/generator-aware-row-scaling/results-revision/r5-ablation/sgtm-gurobi-01pct/resultados/instance045_estructurado_matricial.csv,/clusteruy/home/mathiasr/generator-aware-row-scaling/results-revision/r5-ablation/sgtm-gurobi-01pct/resultados/instance045_estructurado_matricial_postprocesado.csv,/clusteruy/home/mathiasr/generator-aware-row-scaling/results-revision/r5-ablation/sgtm-gurobi-01pct/logs/instance045_estructurado_matricial.log
instance045.txt,matricial_solo_local,OK,0,15.65478429,0.099239262595281,-817071.6585680345,-817072.0,OPTIMAL,-817882.5144568725,7204.0,59605.0,0.11,10080.0,6120.0,22679.0,8902.0,5700.0,21340.0,11.686507936507937,6.862745098039215,5.904140394197275,1,Model contains large bounds,1e-05,100000.0,0.0003,100.0,90.0,50000000.0,1.0,4000000000.0,0.0007,1.0,0.0027777777777777775,1.0,14600000000000.0,4714000000000.0,1.0,1.0,0.047125149,15.701909439,1.1963333862072654,1.1963333862072654,1.192742906380738,0.047125149,0.0030102713730845022,-0.099239262595281,-2.643325596000068,-3.2351313618418727e-06,-3.0,-3.6716605329537654e-06,0.0007,0.32287671232876713,182454.0,,0.08770004724736907,9.0,,0.0,2.0,9.0,1.689735,0.071096941595686,,,,,,,,OK,REVISAR,5.69969415664673e-07,0.0,4.656612873077393e-10,23.1949230382663,0.0,6.66764502424466e-09,1.13686837721616e-13,2.51457095146179e-07,2.46025422256935e-13,0.755520653872034,4.30505008488227,17.3408644611884,5.4775362257736,2.27373675443232e-13,0.0,5.69969415664673e-07,0.0,0.0,0.0,0.0,0.0,0.0,0.0,0.0,0.0,0.0,-817071.658568035,23.1949230382663,0.0,1.2032687664032e-05,0.0,0.0,0.0,1779.0,0.0,360.0,0.0,0.0,0.0,0.0,-817071.658568035,-817071.658568035,-2.643325596465729,3.235131362411789e-06,mejora,-813.4992144339485,DIFIERE,10000.0,506,/clusteruy/home/mathiasr/generator-aware-row-scaling/results-revision/r5-ablation/sgtm-gurobi-01pct/resultados/instance045_matricial_solo_local.csv,/clusteruy/home/mathiasr/generator-aware-row-scaling/results-revision/r5-ablation/sgtm-gurobi-01pct/resultados/instance045_matricial_solo_local_postprocesado.csv,/clusteruy/home/mathiasr/generator-aware-row-scaling/results-revision/r5-ablation/sgtm-gurobi-01pct/logs/instance045_matricial_solo_local.log
instance045.txt,matricial_solo_acoplamiento,OK,0,19.388722032,0.0,-817069.0152424385,-817069.0,OPTIMAL,-817069.0152424385,11481.0,223195.0,0.11,10080.0,6120.0,22679.0,8903.0,5700.0,21343.0,11.676587301587302,6.862745098039215,5.890912297720358,3,Model contains large bounds | Model contains large matrix coefficient range | Model contains large rhs,0.0007,10000000000.0,0.0003,100.0,40.0,8000000000.0,1.0,4000000000.0,1.0,1.0,1.0,1.0,14600000000000.0,14600000000000.0,1.0,1.0,0.041042076,19.429764108,0.9659399453501847,0.9659399453501847,0.9638995613070158,0.041042076,0.0021168015061674692,0.0,0.0,0.0,0.0,0.0,1.0,1.0,2080432.0,,0.9999999161155061,15.0,,1.0,2.0,15.0,1.013841,0.836375071600366,,,,,,,,OK,REVISAR,2.38418579101562e-07,0.0,4.656612873077393e-10,23.1949230382662,0.0,4.38461046112535e-09,7.10986824969944e-14,1.75479799509047e-07,2.61124455391837e-13,0.755532494775315,4.30469403078543,17.3408644611884,5.4775362257736,1.70530256582424e-13,0.0,2.38418579101562e-07,0.0,0.0,0.0,0.0,0.0,0.0,0.0,0.0,0.0,0.0,-817069.015242439,23.1949230382662,0.0,1.20289623737335e-05,0.0,0.0,0.0,1778.0,0.0,360.0,0.0,0.0,0.0,0.0,-817069.015242439,-817069.015242439,-4.656612873077393e-10,5.699167128122824e-16,igual,0.0,OK,0.0,0,/clusteruy/home/mathiasr/generator-aware-row-scaling/results-revision/r5-ablation/sgtm-gurobi-01pct/resultados/instance045_matricial_solo_acoplamiento.csv,/clusteruy/home/mathiasr/generator-aware-row-scaling/results-revision/r5-ablation/sgtm-gurobi-01pct/resultados/instance045_matricial_solo_acoplamiento_postprocesado.csv,/clusteruy/home/mathiasr/generator-aware-row-scaling/results-revision/r5-ablation/sgtm-gurobi-01pct/logs/instance045_matricial_solo_acoplamiento.log
instance046.txt,base,OK,0,46.816739759,0.0,-799096.7138815332,-799097.0,OPTIMAL,-799096.7138815332,39711.0,1055676.0,0.11,10080.0,6120.0,22679.0,8598.0,5585.0,20709.0,14.702380952380953,8.741830065359476,8.686450019842145,3,Model contains large bounds | Model contains large matrix coefficient range | Model contains large rhs,0.0006,10000000000.0,0.0003,100.0,40.0,10000000000.0,1.0,4000000000.0,,,,,,,,,0.0,46.816739759,1.0,1.0,1.0,0.0,0.0,0.0,,,0.0,,,,2158800.565422,,,36.674571,,1.472534,2.124693,36.674571,1.0,0.87907173022826,,,,,,,,BASE,BASE,,,,,,2.81965484717431e-09,5.6843418860808e-14,1.02445483207703e-07,2.1360690993788e-13,0.323023476315626,1.00512767168919,11.3784580356635,4.13917354054539,9.9475983006414e-14,0.0,2.34693288803101e-07,0.0,0.0,3.87311849592287e-07,0.0,0.0,0.0,0.0,0.0,0.0,0.0,-799096.713881533,22.2465606753523,0.0,1.15614384412766e-05,0.0,0.0,3.87311849592287e-07,916.0,0.0,222.0,0.0,0.0,0.0,0.0,-799096.713881533,,,,,,BASE,0.0,0,/clusteruy/home/mathiasr/generator-aware-row-scaling/results-revision/r5-ablation/sgtm-gurobi-01pct/resultados/instance046_base.csv,/clusteruy/home/mathiasr/generator-aware-row-scaling/results-revision/r5-ablation/sgtm-gurobi-01pct/resultados/instance046_base_postprocesado.csv,/clusteruy/home/mathiasr/generator-aware-row-scaling/results-revision/r5-ablation/sgtm-gurobi-01pct/logs/instance046_base.log
instance046.txt,estructurado,OK,0,24.31456569,0.043806665790553,-798776.3961608312,-798776.0,OPTIMAL,-799126.3134671112,2974.0,61728.0,0.12,10080.0,6120.0,22679.0,8598.0,5585.0,20709.0,14.702380952380953,8.741830065359476,8.686450019842145,1,Model contains large bounds,9e-06,100000.0,0.0003,100.0,10.0,2000000.0,1.0,4000000000.0,0.0006666666666666665,1.0,0.0008,1.0,21180000000000.0,221200000000.0,1.0,1.118,0.046776517,24.361342207,1.9254606623820802,1.9254606623820802,1.9217635613503945,0.046776517,0.0019238063963954767,-0.043806665790553,320.3177207020344,0.00040084975339983915,321.0,0.000401703422738416,0.0006666666666666665,0.0104438149197356,1211738.0,,0.5613015020510386,16.0,,0.0,3.0,16.0,2.2921606875,0.329239297820454,,,,,,,,OK,REVISAR,1.9073486328125e-06,0.0,2.3283064365386963e-10,22.2465606753523,0.0,4.99200227035053e-09,5.6843418860808e-14,1.82539224624634e-07,2.1493917756743e-13,0.323097490338348,1.00568872537144,11.3784580356635,4.13917354054544,1.9073486328125e-06,0.0,5.32716512680054e-07,0.0,0.0,0.0,1.0,0.0,0.0,0.0,0.0,0.0,0.0,-798776.396160831,22.2465606753523,0.0,1.15614384412766e-05,0.0,0.0,0.0,917.0,0.0,223.0,0.0,0.0,0.0,0.0,-798776.396160831,-798776.396160831,320.31772070226725,0.00040084975340013053,empeora,-29.59958557796199,DIFIERE,170000.0,597,/clusteruy/home/mathiasr/generator-aware-row-scaling/results-revision/r5-ablation/sgtm-gurobi-01pct/resultados/instance046_estructurado.csv,/clusteruy/home/mathiasr/generator-aware-row-scaling/results-revision/r5-ablation/sgtm-gurobi-01pct/resultados/instance046_estructurado_postprocesado.csv,/clusteruy/home/mathiasr/generator-aware-row-scaling/results-revision/r5-ablation/sgtm-gurobi-01pct/logs/instance046_estructurado.log
instance046.txt,estructurado_solo_local,OK,0,24.386403212,0.043806665790553,-798776.3961608312,-798776.0,OPTIMAL,-799126.3134671112,2974.0,61728.0,0.12,10080.0,6120.0,22679.0,8598.0,5585.0,20709.0,14.702380952380953,8.741830065359476,8.686450019842145,1,Model contains large bounds,9e-06,100000.0,0.0003,100.0,10.0,2000000.0,1.0,4000000000.0,0.0006666666666666665,1.0,0.0008,1.0,21180000000000.0,221200000000.0,1.0,1.118,0.046378753,24.432781965,1.9197886359872265,1.9197886359872265,1.9161444581327274,0.046378753,0.00190182835069249,-0.043806665790553,320.3177207020344,0.00040084975339983915,321.0,0.000401703422738416,0.0006666666666666665,0.0104438149197356,1211738.0,,0.5613015020510386,16.0,,0.0,3.0,16.0,2.2921606875,0.329361580512608,,,,,,,,OK,REVISAR,1.9073486328125e-06,0.0,2.3283064365386963e-10,22.2465606753523,0.0,4.99200227035053e-09,5.6843418860808e-14,1.82539224624634e-07,2.1493917756743e-13,0.323097490338348,1.00568872537144,11.3784580356635,4.13917354054544,1.9073486328125e-06,0.0,5.32716512680054e-07,0.0,0.0,0.0,1.0,0.0,0.0,0.0,0.0,0.0,0.0,-798776.396160831,22.2465606753523,0.0,1.15614384412766e-05,0.0,0.0,0.0,917.0,0.0,223.0,0.0,0.0,0.0,0.0,-798776.396160831,-798776.396160831,320.31772070226725,0.00040084975340013053,empeora,-29.59958557796199,DIFIERE,170000.0,597,/clusteruy/home/mathiasr/generator-aware-row-scaling/results-revision/r5-ablation/sgtm-gurobi-01pct/resultados/instance046_estructurado_solo_local.csv,/clusteruy/home/mathiasr/generator-aware-row-scaling/results-revision/r5-ablation/sgtm-gurobi-01pct/resultados/instance046_estructurado_solo_local_postprocesado.csv,/clusteruy/home/mathiasr/generator-aware-row-scaling/results-revision/r5-ablation/sgtm-gurobi-01pct/logs/instance046_estructurado_solo_local.log
instance046.txt,estructurado_solo_acoplamiento,OK,0,52.589899244,0.0,-799096.7138815332,-799097.0,OPTIMAL,-799096.7138815332,39711.0,1055676.0,0.11,10080.0,6120.0,22679.0,8598.0,5585.0,20709.0,14.702380952380953,8.741830065359476,8.686450019842145,3,Model contains large bounds | Model contains large matrix coefficient range | Model contains large rhs,0.0006,10000000000.0,0.0003,100.0,40.0,10000000000.0,1.0,4000000000.0,1.0,1.0,1.0,1.0,21180000000000.0,21180000000000.0,1.0,1.0,0.040076824,52.629976068000005,0.8902230358302377,0.8902230358302377,0.8895451462586821,0.040076824,0.0007620631447506029,0.0,0.0,0.0,0.0,0.0,1.0,1.0,2158801.0,,1.0000002013053022,37.0,,1.0,2.0,37.0,0.9912046216216216,0.87733752980221,,,,,,,,OK,REVISAR,2.34693288803101e-07,3.87311849592287e-07,2.3283064365386963e-10,22.2465606753523,3.87311849592287e-07,2.81965484717431e-09,5.6843418860808e-14,1.02445483207703e-07,2.1360690993788e-13,0.323023476315626,1.00512767168919,11.3784580356635,4.13917354054539,9.9475983006414e-14,0.0,2.34693288803101e-07,0.0,0.0,3.87311849592287e-07,0.0,0.0,0.0,0.0,0.0,0.0,0.0,-799096.713881533,22.2465606753523,0.0,1.15614384412766e-05,0.0,0.0,3.87311849592287e-07,916.0,0.0,222.0,0.0,0.0,0.0,0.0,-799096.713881533,-799096.713881533,2.3283064365386963e-10,2.913672896024285e-16,igual,0.0,OK,0.0,0,/clusteruy/home/mathiasr/generator-aware-row-scaling/results-revision/r5-ablation/sgtm-gurobi-01pct/resultados/instance046_estructurado_solo_acoplamiento.csv,/clusteruy/home/mathiasr/generator-aware-row-scaling/results-revision/r5-ablation/sgtm-gurobi-01pct/resultados/instance046_estructurado_solo_acoplamiento_postprocesado.csv,/clusteruy/home/mathiasr/generator-aware-row-scaling/results-revision/r5-ablation/sgtm-gurobi-01pct/logs/instance046_estructurado_solo_acoplamiento.log
instance046.txt,estructurado_matricial,OK,0,21.089518148,0.009258170753209,-796809.9209899479,-796810.0,OPTIMAL,-796883.6910130116,10257.0,109878.0,0.12,10080.0,6120.0,22679.0,8598.0,5585.0,20709.0,14.702380952380953,8.741830065359476,8.686450019842145,1,Model contains large bounds,9e-06,100000.0,0.0003,100.0,90.0,40000000.0,1.0,4000000000.0,0.0006666666666666665,1.0,0.0017777777777777776,1.0,21180000000000.0,3949000000000.0,1.0,1.0,0.048122054,21.137640202,2.219905615218611,2.219905615218611,2.214851767349616,0.048122054,0.0022817995964769635,-0.009258170753209,2286.7928915853845,0.002861722307025284,2287.0,0.002861980460444727,0.0006666666666666665,0.1864494806421152,189857.0,,0.08794559490162399,15.0,,0.0,3.0,15.0,2.4449714,0.352236122658626,,,,,,,,OK,REVISAR,6.51925802230835e-07,0.0,1.1641532182693481e-10,30.0542431220831,0.0,5.46394940302542e-09,8.5265128291212e-14,1.95968896150587e-07,2.83755241525796e-11,0.317227415100165,0.945754165748318,11.208366532332,30.0542431220831,1.13686837721616e-13,0.0,6.51925802230835e-07,0.0,0.0,0.0,0.0,0.0,0.0,0.0,0.0,0.0,0.0,-796809.920989948,30.0542431220831,0.0,8.71103256940842e-05,0.0,0.0,0.0,909.0,0.0,221.0,0.0,0.0,0.0,0.0,-796809.920989948,-796809.920989948,2286.792891585268,0.002861722307025138,empeora,2213.022868521628,DIFIERE,6890000.0,955,/clusteruy/home/mathiasr/generator-aware-row-scaling/results-revision/r5-ablation/sgtm-gurobi-01pct/resultados/instance046_estructurado_matricial.csv,/clusteruy/home/mathiasr/generator-aware-row-scaling/results-revision/r5-ablation/sgtm-gurobi-01pct/resultados/instance046_estructurado_matricial_postprocesado.csv,/clusteruy/home/mathiasr/generator-aware-row-scaling/results-revision/r5-ablation/sgtm-gurobi-01pct/logs/instance046_estructurado_matricial.log
instance046.txt,matricial_solo_local,OK,0,19.276246749,0.009258170753209,-796809.9209899479,-796810.0,OPTIMAL,-796883.6910130116,10257.0,109878.0,0.12,10080.0,6120.0,22679.0,8598.0,5585.0,20709.0,14.702380952380953,8.741830065359476,8.686450019842145,1,Model contains large bounds,9e-06,100000.0,0.0003,100.0,90.0,40000000.0,1.0,4000000000.0,0.0006666666666666665,1.0,0.0017777777777777776,1.0,21180000000000.0,3949000000000.0,1.0,1.0,0.047000482,19.323247231,2.428726938838793,2.428726938838793,2.4228194774578364,0.047000482,0.002438258993672524,-0.009258170753209,2286.7928915853845,0.002861722307025284,2287.0,0.002861980460444727,0.0006666666666666665,0.1864494806421152,189857.0,,0.08794559490162399,15.0,,0.0,3.0,15.0,2.4449714,0.355958671553882,,,,,,,,OK,REVISAR,6.51925802230835e-07,0.0,1.1641532182693481e-10,30.0542431220831,0.0,5.46394940302542e-09,8.5265128291212e-14,1.95968896150587e-07,2.83755241525796e-11,0.317227415100165,0.945754165748318,11.208366532332,30.0542431220831,1.13686837721616e-13,0.0,6.51925802230835e-07,0.0,0.0,0.0,0.0,0.0,0.0,0.0,0.0,0.0,0.0,-796809.920989948,30.0542431220831,0.0,8.71103256940842e-05,0.0,0.0,0.0,909.0,0.0,221.0,0.0,0.0,0.0,0.0,-796809.920989948,-796809.920989948,2286.792891585268,0.002861722307025138,empeora,2213.022868521628,DIFIERE,6890000.0,955,/clusteruy/home/mathiasr/generator-aware-row-scaling/results-revision/r5-ablation/sgtm-gurobi-01pct/resultados/instance046_matricial_solo_local.csv,/clusteruy/home/mathiasr/generator-aware-row-scaling/results-revision/r5-ablation/sgtm-gurobi-01pct/resultados/instance046_matricial_solo_local_postprocesado.csv,/clusteruy/home/mathiasr/generator-aware-row-scaling/results-revision/r5-ablation/sgtm-gurobi-01pct/logs/instance046_matricial_solo_local.log
instance046.txt,matricial_solo_acoplamiento,OK,0,47.182952559,0.0,-799096.7138815332,-799097.0,OPTIMAL,-799096.7138815332,39711.0,1055676.0,0.11,10080.0,6120.0,22679.0,8598.0,5585.0,20709.0,14.702380952380953,8.741830065359476,8.686450019842145,3,Model contains large bounds | Model contains large matrix coefficient range | Model contains large rhs,0.0006,10000000000.0,0.0003,100.0,40.0,10000000000.0,1.0,4000000000.0,1.0,1.0,1.0,1.0,21180000000000.0,21180000000000.0,1.0,1.0,0.041270051,47.22422261,0.9922384509629391,0.9922384509629391,0.9913713169115522,0.041270051,0.000874681399990681,0.0,0.0,0.0,0.0,0.0,1.0,1.0,2158801.0,,1.0000002013053022,37.0,,1.0,2.0,37.0,0.9912046216216216,0.866686771340577,,,,,,,,OK,REVISAR,2.34693288803101e-07,3.87311849592287e-07,2.3283064365386963e-10,22.2465606753523,3.87311849592287e-07,2.81965484717431e-09,5.6843418860808e-14,1.02445483207703e-07,2.1360690993788e-13,0.323023476315626,1.00512767168919,11.3784580356635,4.13917354054539,9.9475983006414e-14,0.0,2.34693288803101e-07,0.0,0.0,3.87311849592287e-07,0.0,0.0,0.0,0.0,0.0,0.0,0.0,-799096.713881533,22.2465606753523,0.0,1.15614384412766e-05,0.0,0.0,3.87311849592287e-07,916.0,0.0,222.0,0.0,0.0,0.0,0.0,-799096.713881533,-799096.713881533,2.3283064365386963e-10,2.913672896024285e-16,igual,0.0,OK,0.0,0,/clusteruy/home/mathiasr/generator-aware-row-scaling/results-revision/r5-ablation/sgtm-gurobi-01pct/resultados/instance046_matricial_solo_acoplamiento.csv,/clusteruy/home/mathiasr/generator-aware-row-scaling/results-revision/r5-ablation/sgtm-gurobi-01pct/resultados/instance046_matricial_solo_acoplamiento_postprocesado.csv,/clusteruy/home/mathiasr/generator-aware-row-scaling/results-revision/r5-ablation/sgtm-gurobi-01pct/logs/instance046_matricial_solo_acoplamiento.log
instance047.txt,base,OK,0,1.59928113,0.08735575499138,-860178.8597549677,-860179.0,OPTIMAL,-860930.2754921829,181.0,8036.0,0.12,10080.0,6120.0,22679.0,8430.0,5488.0,20320.0,16.36904761904762,10.326797385620916,10.401693196349045,3,Model contains large bounds | Model contains large matrix coefficient range | Model contains large rhs,0.0006,10000000000.0,0.0003,100.0,40.0,10000000000.0,1.0,4000000000.0,,,,,,,,,0.0,1.59928113,1.0,1.0,1.0,0.0,0.0,0.0,,,0.0,,,,1908595.128752,,,0.873847,,0.018296,0.963989,0.873847,1.0,0.158431171793216,,,,,,,,BASE,BASE,,,,,,4.32869304760176e-09,3.73479025483896e-14,1.60578638315199e-07,7.12707981520566e-09,0.163073003204507,0.191829623738932,6.21056599377105,2.77514105261477,7.12707415306824e-09,0.0,2.38418579101562e-07,0.0,0.0,0.0,0.0,0.0,0.0,0.0,0.0,0.0,0.0,-860178.859754968,16.1913665926201,0.0,6.9793313741684e-06,0.0,0.0,0.0,1475.0,0.0,106.0,0.0,0.0,0.0,0.0,-860178.859754968,,,,,,BASE,0.0,0,/clusteruy/home/mathiasr/generator-aware-row-scaling/results-revision/r5-ablation/sgtm-gurobi-01pct/resultados/instance047_base.csv,/clusteruy/home/mathiasr/generator-aware-row-scaling/results-revision/r5-ablation/sgtm-gurobi-01pct/resultados/instance047_base_postprocesado.csv,/clusteruy/home/mathiasr/generator-aware-row-scaling/results-revision/r5-ablation/sgtm-gurobi-01pct/logs/instance047_base.log
instance047.txt,estructurado,OK,0,1.839673378,0.057169519598355,-860187.8831648405,-860188.0,OPTIMAL,-860679.6484452891,626.0,9165.0,0.13,10080.0,6120.0,22679.0,8430.0,5488.0,20320.0,16.36904761904762,10.326797385620916,10.401693196349045,1,Model contains large bounds,8e-06,100000.0,0.0003,100.0,10.0,1000000.0,1.0,4000000000.0,0.0007499999999999999,1.0,0.0004,1.0,21920000000000.0,124400000000.0,1.0,1.118,0.046635966,1.886309344,0.8693288434377725,0.8693288434377725,0.8478360853626774,0.046635966,0.025350133647474023,0.030186235393025,-9.023409872781485,-1.049015535600574e-05,-9.0,-1.0462938527911052e-05,0.0007499999999999999,0.005675182481751825,25372.0,,0.013293547498777463,1.0,,0.0,1.0,1.0,0.873847,0.1256058535383,,,,,,,,OK,REVISAR,5.38304448127747e-07,0.0,4.656612873077393e-10,16.1913665926201,0.0,6.33798470552567e-09,5.6843418860808e-14,2.48858705163001e-07,1.35891298214119e-13,0.162925546945589,0.191870039979567,6.21056599377104,2.77514105261477,5.6843418860808e-14,0.0,5.38304448127747e-07,0.0,0.0,0.0,0.0,0.0,0.0,0.0,0.0,0.0,0.0,-860187.883164841,16.1913665926201,0.0,6.98771327733994e-06,0.0,0.0,0.0,1475.0,0.0,105.0,0.0,0.0,0.0,0.0,-860187.883164841,-860187.883164841,-9.023409873247147,1.0490155356547095e-05,mejora,250.62704689381644,DIFIERE,30000.0,348,/clusteruy/home/mathiasr/generator-aware-row-scaling/results-revision/r5-ablation/sgtm-gurobi-01pct/resultados/instance047_estructurado.csv,/clusteruy/home/mathiasr/generator-aware-row-scaling/results-revision/r5-ablation/sgtm-gurobi-01pct/resultados/instance047_estructurado_postprocesado.csv,/clusteruy/home/mathiasr/generator-aware-row-scaling/results-revision/r5-ablation/sgtm-gurobi-01pct/logs/instance047_estructurado.log
instance047.txt,estructurado_solo_local,OK,0,1.667644172,0.057169519598355,-860187.8831648405,-860188.0,OPTIMAL,-860679.6484452891,626.0,9165.0,0.13,10080.0,6120.0,22679.0,8430.0,5488.0,20320.0,16.36904761904762,10.326797385620916,10.401693196349045,1,Model contains large bounds,8e-06,100000.0,0.0003,100.0,10.0,1000000.0,1.0,4000000000.0,0.0007499999999999999,1.0,0.0004,1.0,21920000000000.0,124400000000.0,1.0,1.118,0.046454942,1.714099114,0.9590062177844496,0.9590062177844496,0.9330155513982724,0.046454942,0.027856627199006577,0.030186235393025,-9.023409872781485,-1.049015535600574e-05,-9.0,-1.0462938527911052e-05,0.0007499999999999999,0.005675182481751825,25372.0,,0.013293547498777463,1.0,,0.0,1.0,1.0,0.873847,0.140000693323178,,,,,,,,OK,REVISAR,5.38304448127747e-07,0.0,4.656612873077393e-10,16.1913665926201,0.0,6.33798470552567e-09,5.6843418860808e-14,2.48858705163001e-07,1.35891298214119e-13,0.162925546945589,0.191870039979567,6.21056599377104,2.77514105261477,5.6843418860808e-14,0.0,5.38304448127747e-07,0.0,0.0,0.0,0.0,0.0,0.0,0.0,0.0,0.0,0.0,-860187.883164841,16.1913665926201,0.0,6.98771327733994e-06,0.0,0.0,0.0,1475.0,0.0,105.0,0.0,0.0,0.0,0.0,-860187.883164841,-860187.883164841,-9.023409873247147,1.0490155356547095e-05,mejora,250.62704689381644,DIFIERE,30000.0,348,/clusteruy/home/mathiasr/generator-aware-row-scaling/results-revision/r5-ablation/sgtm-gurobi-01pct/resultados/instance047_estructurado_solo_local.csv,/clusteruy/home/mathiasr/generator-aware-row-scaling/results-revision/r5-ablation/sgtm-gurobi-01pct/resultados/instance047_estructurado_solo_local_postprocesado.csv,/clusteruy/home/mathiasr/generator-aware-row-scaling/results-revision/r5-ablation/sgtm-gurobi-01pct/logs/instance047_estructurado_solo_local.log
instance047.txt,estructurado_solo_acoplamiento,OK,0,1.621291996,0.08735575499138,-860178.8597549677,-860179.0,OPTIMAL,-860930.2754921829,181.0,8036.0,0.12,10080.0,6120.0,22679.0,8430.0,5488.0,20320.0,16.36904761904762,10.326797385620916,10.401693196349045,3,Model contains large bounds | Model contains large matrix coefficient range | Model contains large rhs,0.0006,10000000000.0,0.0003,100.0,40.0,10000000000.0,1.0,4000000000.0,1.0,1.0,1.0,1.0,21920000000000.0,21920000000000.0,1.0,1.0,0.040082489,1.661374485,0.9864238730257693,0.9864238730257693,0.9626253108130525,0.040082489,0.024722560216722367,0.0,0.0,0.0,0.0,0.0,1.0,1.0,1908595.0,,0.9999999325409575,1.0,,0.0,1.0,1.0,0.873847,0.154496764905019,,,,,,,,OK,REVISAR,2.38418579101562e-07,0.0,2.3283064365386963e-10,16.1913665926201,0.0,4.32869304760176e-09,3.73479025483896e-14,1.60578638315199e-07,7.12707981520566e-09,0.163073003204507,0.191829623738932,6.21056599377105,2.77514105261477,7.12707415306824e-09,0.0,2.38418579101562e-07,0.0,0.0,0.0,0.0,0.0,0.0,0.0,0.0,0.0,0.0,-860178.859754968,16.1913665926201,0.0,6.9793313741684e-06,0.0,0.0,0.0,1475.0,0.0,106.0,0.0,0.0,0.0,0.0,-860178.859754968,-860178.859754968,-2.3283064365386963e-10,2.706770121276803e-16,igual,0.0,OK,0.0,0,/clusteruy/home/mathiasr/generator-aware-row-scaling/results-revision/r5-ablation/sgtm-gurobi-01pct/resultados/instance047_estructurado_solo_acoplamiento.csv,/clusteruy/home/mathiasr/generator-aware-row-scaling/results-revision/r5-ablation/sgtm-gurobi-01pct/resultados/instance047_estructurado_solo_acoplamiento_postprocesado.csv,/clusteruy/home/mathiasr/generator-aware-row-scaling/results-revision/r5-ablation/sgtm-gurobi-01pct/logs/instance047_estructurado_solo_acoplamiento.log
instance047.txt,estructurado_matricial,OK,0,1.824573853,0.02434001350499,-860187.8831648418,-860188.0,OPTIMAL,-860397.2530117724,733.0,9386.0,0.12,10080.0,6120.0,22679.0,8430.0,5488.0,20320.0,16.36904761904762,10.326797385620916,10.401693196349045,1,Model contains large bounds,8e-06,100000.0,0.0003,100.0,80.0,40000000.0,1.0,4000000000.0,0.0007499999999999999,1.0,0.002,1.0,21920000000000.0,4572000000000.0,1.0,1.0,0.048133351,1.872707204,0.8765231001038576,0.8765231001038576,0.8539942210848676,0.048133351,0.026380598911279037,0.06301574148639,-9.023409874062054,-1.0490155357494464e-05,-9.0,-1.0462938527911052e-05,0.0007499999999999999,0.20857664233576642,167383.0,,0.08769958462036372,1.0,,0.0,1.0,1.0,0.873847,0.140289266459,,,,,,,,OK,REVISAR,6.2212347984314e-07,0.0,2.3283064365386963e-10,16.1913665926201,0.0,6.91211493139334e-09,3.64375196681973e-14,2.66358256340027e-07,1.40876588328362e-13,0.162925547426264,0.191870039979567,6.21056599377105,2.77514105261477,5.6843418860808e-14,0.0,6.2212347984314e-07,0.0,0.0,0.0,0.0,0.0,0.0,0.0,0.0,0.0,0.0,-860187.883164842,16.1913665926201,0.0,7.45430588722229e-06,0.0,0.0,0.0,1475.0,0.0,104.0,0.0,0.0,0.0,0.0,-860187.883164842,-860187.883164842,-9.023409874294885,1.0490155357765141e-05,mejora,533.0224804105237,DIFIERE,30000.0,348,/clusteruy/home/mathiasr/generator-aware-row-scaling/results-revision/r5-ablation/sgtm-gurobi-01pct/resultados/instance047_estructurado_matricial.csv,/clusteruy/home/mathiasr/generator-aware-row-scaling/results-revision/r5-ablation/sgtm-gurobi-01pct/resultados/instance047_estructurado_matricial_postprocesado.csv,/clusteruy/home/mathiasr/generator-aware-row-scaling/results-revision/r5-ablation/sgtm-gurobi-01pct/logs/instance047_estructurado_matricial.log
instance047.txt,matricial_solo_local,OK,0,1.79839429,0.02434001350499,-860187.8831648418,-860188.0,OPTIMAL,-860397.2530117724,733.0,9386.0,0.12,10080.0,6120.0,22679.0,8430.0,5488.0,20320.0,16.36904761904762,10.326797385620916,10.401693196349045,1,Model contains large bounds,8e-06,100000.0,0.0003,100.0,80.0,40000000.0,1.0,4000000000.0,0.0007499999999999999,1.0,0.002,1.0,21920000000000.0,4572000000000.0,1.0,1.0,0.047033078,1.845427368,0.8892828112793886,0.8892828112793886,0.8666183008509496,0.047033078,0.026152817689384454,0.06301574148639,-9.023409874062054,-1.0490155357494464e-05,-9.0,-1.0462938527911052e-05,0.0007499999999999999,0.20857664233576642,167383.0,,0.08769958462036372,1.0,,0.0,1.0,1.0,0.873847,0.141586882948328,,,,,,,,OK,REVISAR,6.2212347984314e-07,0.0,2.3283064365386963e-10,16.1913665926201,0.0,6.91211493139334e-09,3.64375196681973e-14,2.66358256340027e-07,1.40876588328362e-13,0.162925547426264,0.191870039979567,6.21056599377105,2.77514105261477,5.6843418860808e-14,0.0,6.2212347984314e-07,0.0,0.0,0.0,0.0,0.0,0.0,0.0,0.0,0.0,0.0,-860187.883164842,16.1913665926201,0.0,7.45430588722229e-06,0.0,0.0,0.0,1475.0,0.0,104.0,0.0,0.0,0.0,0.0,-860187.883164842,-860187.883164842,-9.023409874294885,1.0490155357765141e-05,mejora,533.0224804105237,DIFIERE,30000.0,348,/clusteruy/home/mathiasr/generator-aware-row-scaling/results-revision/r5-ablation/sgtm-gurobi-01pct/resultados/instance047_matricial_solo_local.csv,/clusteruy/home/mathiasr/generator-aware-row-scaling/results-revision/r5-ablation/sgtm-gurobi-01pct/resultados/instance047_matricial_solo_local_postprocesado.csv,/clusteruy/home/mathiasr/generator-aware-row-scaling/results-revision/r5-ablation/sgtm-gurobi-01pct/logs/instance047_matricial_solo_local.log
instance047.txt,matricial_solo_acoplamiento,OK,0,2.14562728,0.08735575499138,-860178.8597549677,-860179.0,OPTIMAL,-860930.2754921829,181.0,8036.0,0.13,10080.0,6120.0,22679.0,8430.0,5488.0,20320.0,16.36904761904762,10.326797385620916,10.401693196349045,3,Model contains large bounds | Model contains large matrix coefficient range | Model contains large rhs,0.0006,10000000000.0,0.0003,100.0,40.0,10000000000.0,1.0,4000000000.0,1.0,1.0,1.0,1.0,21920000000000.0,21920000000000.0,1.0,1.0,0.041162182,2.1867894619999997,0.745367634401069,0.745367634401069,0.7313374962660215,0.041162182,0.01918421823943253,0.0,0.0,0.0,0.0,0.0,1.0,1.0,1908595.0,,0.9999999325409575,1.0,,0.0,2.0,1.0,0.873847,0.117759827143684,,,,,,,,OK,REVISAR,2.38418579101562e-07,0.0,2.3283064365386963e-10,16.1913665926201,0.0,4.32869304760176e-09,3.73479025483896e-14,1.60578638315199e-07,7.12707981520566e-09,0.163073003204507,0.191829623738932,6.21056599377105,2.77514105261477,7.12707415306824e-09,0.0,2.38418579101562e-07,0.0,0.0,0.0,0.0,0.0,0.0,0.0,0.0,0.0,0.0,-860178.859754968,16.1913665926201,0.0,6.9793313741684e-06,0.0,0.0,0.0,1475.0,0.0,106.0,0.0,0.0,0.0,0.0,-860178.859754968,-860178.859754968,-2.3283064365386963e-10,2.706770121276803e-16,igual,0.0,OK,0.0,0,/clusteruy/home/mathiasr/generator-aware-row-scaling/results-revision/r5-ablation/sgtm-gurobi-01pct/resultados/instance047_matricial_solo_acoplamiento.csv,/clusteruy/home/mathiasr/generator-aware-row-scaling/results-revision/r5-ablation/sgtm-gurobi-01pct/resultados/instance047_matricial_solo_acoplamiento_postprocesado.csv,/clusteruy/home/mathiasr/generator-aware-row-scaling/results-revision/r5-ablation/sgtm-gurobi-01pct/logs/instance047_matricial_solo_acoplamiento.log
instance048.txt,base,OK,0,103.435133016,0.07361377690892,-1298795.7036664328,-1298800.0,OPTIMAL,-1299751.7962382324,41322.0,1466742.0,0.16,10080.0,6120.0,22679.0,8045.0,5285.0,19093.0,20.188492063492063,13.643790849673202,15.811984655408088,3,Model contains large bounds | Model contains large matrix coefficient range | Model contains large rhs,0.0006,10000000000.0,0.0008,100.0,40.0,10000000000.0,1.0,4000000000.0,,,,,,,,,0.0,103.435133016,1.0,1.0,1.0,0.0,0.0,0.0,,,0.0,,,,1940171.480415,,,82.851521,,1.816927,3.178111,82.851521,1.0,0.82205446932349,,,,,,,,BASE,BASE,,,,,,2.17895467075157e-09,4.9737991503207e-14,9.16607677936538e-08,1.27897692436818e-13,0.0518431632428188,5.68572431802743e-08,1.05262697761997,1.86913186829489,1.13686837721616e-13,0.0,1.19209289550781e-07,0.0,0.0,0.0,0.0,0.0,0.0,0.0,0.0,0.0,0.0,-1298795.70366643,11.9045774639131,0.0,5.14602288603783e-06,0.0,0.0,0.0,294.0,0.0,47.0,0.0,0.0,0.0,0.0,-1298795.70366643,,,,,,BASE,0.0,0,/clusteruy/home/mathiasr/generator-aware-row-scaling/results-revision/r5-ablation/sgtm-gurobi-01pct/resultados/instance048_base.csv,/clusteruy/home/mathiasr/generator-aware-row-scaling/results-revision/r5-ablation/sgtm-gurobi-01pct/resultados/instance048_base_postprocesado.csv,/clusteruy/home/mathiasr/generator-aware-row-scaling/results-revision/r5-ablation/sgtm-gurobi-01pct/logs/instance048_base.log
instance048.txt,estructurado,OK,0,4.436675292,0.098898380687851,-1298795.7036664337,-1298800.0,OPTIMAL,-1300080.1915858032,286.0,20646.0,0.17,10080.0,6120.0,22679.0,8045.0,5285.0,19093.0,20.188492063492063,13.643790849673202,15.811984655408088,1,Model contains large bounds,8e-06,100000.0,0.0008,100.0,10.0,2000000.0,1.0,4000000000.0,0.0007499999999999999,1.0,0.0008,1.0,24040000000000.0,213100000000.0,1.0,1.118,0.046833248,4.483508540000001,23.31365858630882,23.31365858630882,23.070131816008537,0.046833248,0.010555933197195536,-0.025284603778931006,-9.313225746154785e-10,-7.170662576003318e-16,0.0,0.0,0.0007499999999999999,0.008864392678868552,33100.0,,0.017060347672423242,3.0,,0.0,4.0,3.0,27.61717366666667,0.151136837090292,,,,,,,,OK,REVISAR,4.7776848077774e-07,0.0,3.725290298461914e-09,11.9045774639133,0.0,3.64717360007868e-09,5.6843418860808e-14,1.3597309589386e-07,1.70530256582424e-13,0.0518431644315484,7.45290890336033e-08,1.05262697761997,1.86913186829489,1.70530256582424e-13,0.0,4.7776848077774e-07,0.0,0.0,0.0,0.0,0.0,0.0,0.0,0.0,0.0,0.0,-1298795.70366643,11.9045774639133,0.0,5.32064586877823e-06,0.0,0.0,0.0,294.0,0.0,47.0,0.0,0.0,0.0,0.0,-1298795.70366643,-1298795.70366643,2.7939677238464355e-09,2.1511987728009956e-15,igual,-328.3953475707676,OK,0.0,0,/clusteruy/home/mathiasr/generator-aware-row-scaling/results-revision/r5-ablation/sgtm-gurobi-01pct/resultados/instance048_estructurado.csv,/clusteruy/home/mathiasr/generator-aware-row-scaling/results-revision/r5-ablation/sgtm-gurobi-01pct/resultados/instance048_estructurado_postprocesado.csv,/clusteruy/home/mathiasr/generator-aware-row-scaling/results-revision/r5-ablation/sgtm-gurobi-01pct/logs/instance048_estructurado.log
instance048.txt,estructurado_solo_local,OK,0,3.614983845,0.098898380687851,-1298795.7036664337,-1298800.0,OPTIMAL,-1300080.1915858032,286.0,20646.0,0.17,10080.0,6120.0,22679.0,8045.0,5285.0,19093.0,20.188492063492063,13.643790849673202,15.811984655408088,1,Model contains large bounds,8e-06,100000.0,0.0008,100.0,10.0,2000000.0,1.0,4000000000.0,0.0007499999999999999,1.0,0.0008,1.0,24040000000000.0,213100000000.0,1.0,1.118,0.046385858,3.6613697029999996,28.61288942108675,28.61288942108675,28.25039299671072,0.046385858,0.012831553331602788,-0.025284603778931006,-9.313225746154785e-10,-7.170662576003318e-16,0.0,0.0,0.0007499999999999999,0.008864392678868552,33100.0,,0.017060347672423242,3.0,,0.0,3.0,3.0,27.61717366666667,0.183251806225785,,,,,,,,OK,REVISAR,4.7776848077774e-07,0.0,3.725290298461914e-09,11.9045774639133,0.0,3.64717360007868e-09,5.6843418860808e-14,1.3597309589386e-07,1.70530256582424e-13,0.0518431644315484,7.45290890336033e-08,1.05262697761997,1.86913186829489,1.70530256582424e-13,0.0,4.7776848077774e-07,0.0,0.0,0.0,0.0,0.0,0.0,0.0,0.0,0.0,0.0,-1298795.70366643,11.9045774639133,0.0,5.32064586877823e-06,0.0,0.0,0.0,294.0,0.0,47.0,0.0,0.0,0.0,0.0,-1298795.70366643,-1298795.70366643,2.7939677238464355e-09,2.1511987728009956e-15,igual,-328.3953475707676,OK,0.0,0,/clusteruy/home/mathiasr/generator-aware-row-scaling/results-revision/r5-ablation/sgtm-gurobi-01pct/resultados/instance048_estructurado_solo_local.csv,/clusteruy/home/mathiasr/generator-aware-row-scaling/results-revision/r5-ablation/sgtm-gurobi-01pct/resultados/instance048_estructurado_solo_local_postprocesado.csv,/clusteruy/home/mathiasr/generator-aware-row-scaling/results-revision/r5-ablation/sgtm-gurobi-01pct/logs/instance048_estructurado_solo_local.log
instance048.txt,estructurado_solo_acoplamiento,OK,0,104.467344015,0.07361377690892,-1298795.7036664328,-1298800.0,OPTIMAL,-1299751.7962382324,41322.0,1466742.0,0.16,10080.0,6120.0,22679.0,8045.0,5285.0,19093.0,20.188492063492063,13.643790849673202,15.811984655408088,3,Model contains large bounds | Model contains large matrix coefficient range | Model contains large rhs,0.0006,10000000000.0,0.0008,100.0,40.0,10000000000.0,1.0,4000000000.0,1.0,1.0,1.0,1.0,24040000000000.0,24040000000000.0,1.0,1.0,0.040841472,104.50818548699999,0.9901192950894608,0.9901192950894608,0.9897323595659071,0.040841472,0.00039094965402906916,0.0,0.0,0.0,0.0,0.0,1.0,1.0,1940171.0,,0.9999997523852892,83.0,,2.0,3.0,83.0,0.9982110963855423,0.825560238111364,,,,,,,,OK,REVISAR,1.19209289550781e-07,0.0,2.7939677238464355e-09,11.9045774639131,0.0,2.17895467075157e-09,4.9737991503207e-14,9.16607677936538e-08,1.27897692436818e-13,0.0518431632428188,5.68572431802743e-08,1.05262697761997,1.86913186829489,1.13686837721616e-13,0.0,1.19209289550781e-07,0.0,0.0,0.0,0.0,0.0,0.0,0.0,0.0,0.0,0.0,-1298795.70366643,11.9045774639131,0.0,5.14602288603783e-06,0.0,0.0,0.0,294.0,0.0,47.0,0.0,0.0,0.0,0.0,-1298795.70366643,-1298795.70366643,2.7939677238464355e-09,2.1511987728009956e-15,igual,0.0,OK,0.0,0,/clusteruy/home/mathiasr/generator-aware-row-scaling/results-revision/r5-ablation/sgtm-gurobi-01pct/resultados/instance048_estructurado_solo_acoplamiento.csv,/clusteruy/home/mathiasr/generator-aware-row-scaling/results-revision/r5-ablation/sgtm-gurobi-01pct/resultados/instance048_estructurado_solo_acoplamiento_postprocesado.csv,/clusteruy/home/mathiasr/generator-aware-row-scaling/results-revision/r5-ablation/sgtm-gurobi-01pct/logs/instance048_estructurado_solo_acoplamiento.log
instance048.txt,estructurado_matricial,OK,0,4.041239285,0.095350536920391,-1298795.7036664293,-1298800.0,OPTIMAL,-1300034.1123433742,212.0,20104.0,0.16,10080.0,6120.0,22679.0,8045.0,5285.0,19093.0,20.188492063492063,13.643790849673202,15.811984655408088,1,Model contains large bounds,8e-06,100000.0,0.0008,100.0,50.0,40000000.0,1.0,4000000000.0,0.0007499999999999999,1.0,0.0032,1.0,24040000000000.0,4180000000000.0,1.0,1.0,0.048334891,4.089574175999999,25.594904365085128,25.594904365085128,25.292396852224257,0.048334891,0.01196041302958877,-0.021736760011471,3.4924596548080444e-09,2.6889984660012443e-15,0.0,0.0,0.0007499999999999999,0.17387687188019968,170150.0,,0.08769843372999439,3.0,,0.0,3.0,3.0,27.61717366666667,0.15873633720956,,,,,,,,OK,REVISAR,3.53902578353882e-07,0.0,6.984919309616089e-10,11.9045774639131,0.0,3.67008701586424e-09,2.8421709430404e-14,1.38962641358375e-07,1.84741111297626e-13,0.0518431646161495,8.76374542713152e-08,1.05262697761997,1.86913186829489,1.13686837721616e-13,0.0,3.53902578353882e-07,0.0,0.0,0.0,0.0,0.0,0.0,0.0,0.0,0.0,0.0,-1298795.70366643,11.9045774639131,0.0,5.38444146513939e-06,0.0,0.0,0.0,294.0,0.0,47.0,0.0,0.0,0.0,0.0,-1298795.70366643,-1298795.70366643,2.7939677238464355e-09,2.1511987728009956e-15,igual,-282.3161051417701,OK,0.0,0,/clusteruy/home/mathiasr/generator-aware-row-scaling/results-revision/r5-ablation/sgtm-gurobi-01pct/resultados/instance048_estructurado_matricial.csv,/clusteruy/home/mathiasr/generator-aware-row-scaling/results-revision/r5-ablation/sgtm-gurobi-01pct/resultados/instance048_estructurado_matricial_postprocesado.csv,/clusteruy/home/mathiasr/generator-aware-row-scaling/results-revision/r5-ablation/sgtm-gurobi-01pct/logs/instance048_estructurado_matricial.log
instance048.txt,matricial_solo_local,OK,0,3.748124483,0.095350536920391,-1298795.7036664293,-1298800.0,OPTIMAL,-1300034.1123433742,212.0,20104.0,0.16,10080.0,6120.0,22679.0,8045.0,5285.0,19093.0,20.188492063492063,13.643790849673202,15.811984655408088,1,Model contains large bounds,8e-06,100000.0,0.0008,100.0,50.0,40000000.0,1.0,4000000000.0,0.0007499999999999999,1.0,0.0032,1.0,24040000000000.0,4180000000000.0,1.0,1.0,0.047223271,3.795347754,27.596504194335214,27.596504194335214,27.253137188018528,0.047223271,0.012599173590467966,-0.021736760011471,3.4924596548080444e-09,2.6889984660012443e-15,0.0,0.0,0.0007499999999999999,0.17387687188019968,170150.0,,0.08769843372999439,3.0,,0.0,3.0,3.0,27.61717366666667,0.170286441174313,,,,,,,,OK,REVISAR,3.53902578353882e-07,0.0,6.984919309616089e-10,11.9045774639131,0.0,3.67008701586424e-09,2.8421709430404e-14,1.38962641358375e-07,1.84741111297626e-13,0.0518431646161495,8.76374542713152e-08,1.05262697761997,1.86913186829489,1.13686837721616e-13,0.0,3.53902578353882e-07,0.0,0.0,0.0,0.0,0.0,0.0,0.0,0.0,0.0,0.0,-1298795.70366643,11.9045774639131,0.0,5.38444146513939e-06,0.0,0.0,0.0,294.0,0.0,47.0,0.0,0.0,0.0,0.0,-1298795.70366643,-1298795.70366643,2.7939677238464355e-09,2.1511987728009956e-15,igual,-282.3161051417701,OK,0.0,0,/clusteruy/home/mathiasr/generator-aware-row-scaling/results-revision/r5-ablation/sgtm-gurobi-01pct/resultados/instance048_matricial_solo_local.csv,/clusteruy/home/mathiasr/generator-aware-row-scaling/results-revision/r5-ablation/sgtm-gurobi-01pct/resultados/instance048_matricial_solo_local_postprocesado.csv,/clusteruy/home/mathiasr/generator-aware-row-scaling/results-revision/r5-ablation/sgtm-gurobi-01pct/logs/instance048_matricial_solo_local.log
instance048.txt,matricial_solo_acoplamiento,OK,0,97.658343868,0.07361377690892,-1298795.7036664328,-1298800.0,OPTIMAL,-1299751.7962382324,41322.0,1466742.0,0.16,10080.0,6120.0,22679.0,8045.0,5285.0,19093.0,20.188492063492063,13.643790849673202,15.811984655408088,3,Model contains large bounds | Model contains large matrix coefficient range | Model contains large rhs,0.0006,10000000000.0,0.0008,100.0,40.0,10000000000.0,1.0,4000000000.0,1.0,1.0,1.0,1.0,24040000000000.0,24040000000000.0,1.0,1.0,0.041159937,97.699503805,1.0591530525625972,1.0591530525625972,1.0587068407476032,0.041159937,0.0004214687180814152,0.0,0.0,0.0,0.0,0.0,1.0,1.0,1940171.0,,0.9999997523852892,83.0,,2.0,3.0,83.0,0.9982110963855423,0.809133128266849,,,,,,,,OK,REVISAR,1.19209289550781e-07,0.0,2.7939677238464355e-09,11.9045774639131,0.0,2.17895467075157e-09,4.9737991503207e-14,9.16607677936538e-08,1.27897692436818e-13,0.0518431632428188,5.68572431802743e-08,1.05262697761997,1.86913186829489,1.13686837721616e-13,0.0,1.19209289550781e-07,0.0,0.0,0.0,0.0,0.0,0.0,0.0,0.0,0.0,0.0,-1298795.70366643,11.9045774639131,0.0,5.14602288603783e-06,0.0,0.0,0.0,294.0,0.0,47.0,0.0,0.0,0.0,0.0,-1298795.70366643,-1298795.70366643,2.7939677238464355e-09,2.1511987728009956e-15,igual,0.0,OK,0.0,0,/clusteruy/home/mathiasr/generator-aware-row-scaling/results-revision/r5-ablation/sgtm-gurobi-01pct/resultados/instance048_matricial_solo_acoplamiento.csv,/clusteruy/home/mathiasr/generator-aware-row-scaling/results-revision/r5-ablation/sgtm-gurobi-01pct/resultados/instance048_matricial_solo_acoplamiento_postprocesado.csv,/clusteruy/home/mathiasr/generator-aware-row-scaling/results-revision/r5-ablation/sgtm-gurobi-01pct/logs/instance048_matricial_solo_acoplamiento.log
instance049.txt,base,OK,0,87.991581141,0.044883210606974,13243138.761750728,13243100.0,OPTIMAL,13237194.815889318,18860.0,2590859.0,0.12,10080.0,6120.0,22679.0,8938.0,5638.0,21230.0,11.329365079365079,7.875816993464053,6.389170598350898,3,Model contains large bounds | Model contains large matrix coefficient range | Model contains large rhs,0.0007,10000000000.0,0.002,100.0,40.0,10000000000.0,1.0,4000000000.0,,,,,,,,,0.0,87.991581141,1.0,1.0,1.0,0.0,0.0,0.0,,,0.0,,,,97188222.917908,,,70.949124,,0.894499,2.864074,70.949124,1.0,0.765448871014001,,,,,,,,BASE,BASE,,,,,,1.73415154963014e-09,8.5265128291212e-14,7.34254717826811e-08,1.09707798401359e-11,0.163585504971211,7.45058059692383e-09,6.29067300403632,10.8853351023708,9.09494701772928e-13,4.65661287307739e-09,2.34693288803101e-07,0.0,8.9130480773747e-11,0.0,0.0,0.0,0.0,0.0,0.0,0.0,0.0,13243138.7617507,38.9212624799496,4.65661287307739e-09,2.53934413194656e-05,0.0,8.9130480773747e-11,0.0,246.0,0.0,76.0,0.0,0.0,0.0,0.0,13243138.7617507,,,,,,BASE,0.0,0,/clusteruy/home/mathiasr/generator-aware-row-scaling/results-revision/r5-ablation/sgtm-gurobi-01pct/resultados/instance049_base.csv,/clusteruy/home/mathiasr/generator-aware-row-scaling/results-revision/r5-ablation/sgtm-gurobi-01pct/resultados/instance049_base_postprocesado.csv,/clusteruy/home/mathiasr/generator-aware-row-scaling/results-revision/r5-ablation/sgtm-gurobi-01pct/logs/instance049_base.log
instance049.txt,estructurado,OK,0,91.878351489,0.070344668205123,13243842.380477797,13243800.0,OPTIMAL,13234526.04349764,43200.0,4296152.0,0.13,10080.0,6120.0,22679.0,8938.0,5638.0,21230.0,11.329365079365079,7.875816993464053,6.389170598350898,1,Model contains large bounds,9e-06,100000.0,0.002,100.0,10.0,5000000.0,1.0,4000000000.0,0.0007777777777777777,1.0,0.002,1.0,18380000000000.0,596300000000.0,1.0,1.118,0.04664807,91.924999559,0.9576965597987972,0.9576965597987972,0.9572105690849046,0.04664807,0.0005077155743873449,-0.025461457598149002,703.6187270693481,5.31308128479e-05,700.0,5.2857714583443455e-05,0.0007777777777777777,0.03244287268770402,896406.0,,0.00922340148926447,88.0,,1.0,3.0,88.0,0.8062400454545454,0.805105938908436,,,,,,,,OK,REVISAR,5.32716512680054e-07,0.0,1.862645149230957e-09,38.9212624799496,0.0,3.26961206392046e-09,1.06759046047952e-13,1.30385160446167e-07,3.41060513164848e-13,0.161877754146913,7.45058059692383e-09,6.13758985776129,10.8853351023707,2.27373675443232e-13,0.0,5.32716512680054e-07,0.0,0.0,0.0,0.0,0.0,0.0,0.0,0.0,0.0,0.0,13243842.3804778,38.9212624799496,0.0,2.53934413194656e-05,0.0,0.0,0.0,216.0,0.0,71.0,0.0,0.0,0.0,0.0,13243842.3804778,13243842.3804778,703.6187270712107,5.3130812848040655e-05,empeora,-2668.7723916769028,DIFIERE,173450000.0,854,/clusteruy/home/mathiasr/generator-aware-row-scaling/results-revision/r5-ablation/sgtm-gurobi-01pct/resultados/instance049_estructurado.csv,/clusteruy/home/mathiasr/generator-aware-row-scaling/results-revision/r5-ablation/sgtm-gurobi-01pct/resultados/instance049_estructurado_postprocesado.csv,/clusteruy/home/mathiasr/generator-aware-row-scaling/results-revision/r5-ablation/sgtm-gurobi-01pct/logs/instance049_estructurado.log
instance049.txt,estructurado_solo_local,OK,0,95.894435141,0.070344668205123,13243842.380477797,13243800.0,OPTIMAL,13234526.04349764,43200.0,4296152.0,0.13,10080.0,6120.0,22679.0,8938.0,5638.0,21230.0,11.329365079365079,7.875816993464053,6.389170598350898,1,Model contains large bounds,9e-06,100000.0,0.002,100.0,10.0,5000000.0,1.0,4000000000.0,0.0007777777777777777,1.0,0.002,1.0,18380000000000.0,596300000000.0,1.0,1.118,0.046653934,95.94108907500001,0.9175879811129821,0.9175879811129821,0.9171417792872286,0.046653934,0.0004865134658898778,-0.025461457598149002,703.6187270693481,5.31308128479e-05,700.0,5.2857714583443455e-05,0.0007777777777777777,0.03244287268770402,896406.0,,0.00922340148926447,88.0,,1.0,3.0,88.0,0.8062400454545454,0.800028565917721,,,,,,,,OK,REVISAR,5.32716512680054e-07,0.0,1.862645149230957e-09,38.9212624799496,0.0,3.26961206392046e-09,1.06759046047952e-13,1.30385160446167e-07,3.41060513164848e-13,0.161877754146913,7.45058059692383e-09,6.13758985776129,10.8853351023707,2.27373675443232e-13,0.0,5.32716512680054e-07,0.0,0.0,0.0,0.0,0.0,0.0,0.0,0.0,0.0,0.0,13243842.3804778,38.9212624799496,0.0,2.53934413194656e-05,0.0,0.0,0.0,216.0,0.0,71.0,0.0,0.0,0.0,0.0,13243842.3804778,13243842.3804778,703.6187270712107,5.3130812848040655e-05,empeora,-2668.7723916769028,DIFIERE,173450000.0,854,/clusteruy/home/mathiasr/generator-aware-row-scaling/results-revision/r5-ablation/sgtm-gurobi-01pct/resultados/instance049_estructurado_solo_local.csv,/clusteruy/home/mathiasr/generator-aware-row-scaling/results-revision/r5-ablation/sgtm-gurobi-01pct/resultados/instance049_estructurado_solo_local_postprocesado.csv,/clusteruy/home/mathiasr/generator-aware-row-scaling/results-revision/r5-ablation/sgtm-gurobi-01pct/logs/instance049_estructurado_solo_local.log
instance049.txt,estructurado_solo_acoplamiento,OK,0,86.015755891,0.044883210606974,13243138.761750728,13243100.0,OPTIMAL,13237194.815889318,18860.0,2590859.0,0.12,10080.0,6120.0,22679.0,8938.0,5638.0,21230.0,11.329365079365079,7.875816993464053,6.389170598350898,3,Model contains large bounds | Model contains large matrix coefficient range | Model contains large rhs,0.0007,10000000000.0,0.002,100.0,40.0,10000000000.0,1.0,4000000000.0,1.0,1.0,1.0,1.0,18380000000000.0,18380000000000.0,1.0,1.0,0.040115179,86.05587107,1.0229705038284356,1.0229705038284356,1.0224936433381222,0.040115179,0.00046637012701294337,0.0,0.0,0.0,0.0,0.0,1.0,1.0,97188223.0,,1.0000000008446703,71.0,,1.0,3.0,71.0,0.9992834366197183,0.78640128599001,,,,,,,,OK,REVISAR,2.34693288803101e-07,0.0,2.7939677238464355e-08,38.9212624799496,0.0,1.73415154963014e-09,8.5265128291212e-14,7.34254717826811e-08,1.09707798401359e-11,0.163585504971211,7.45058059692383e-09,6.29067300403632,10.8853351023708,9.09494701772928e-13,4.65661287307739e-09,2.34693288803101e-07,0.0,8.9130480773747e-11,0.0,0.0,0.0,0.0,0.0,0.0,0.0,0.0,13243138.7617507,38.9212624799496,4.65661287307739e-09,2.53934413194656e-05,0.0,8.9130480773747e-11,0.0,246.0,0.0,76.0,0.0,0.0,0.0,0.0,13243138.7617507,13243138.7617507,-2.7939677238464355e-08,2.109747374932041e-15,igual,0.0,OK,0.0,0,/clusteruy/home/mathiasr/generator-aware-row-scaling/results-revision/r5-ablation/sgtm-gurobi-01pct/resultados/instance049_estructurado_solo_acoplamiento.csv,/clusteruy/home/mathiasr/generator-aware-row-scaling/results-revision/r5-ablation/sgtm-gurobi-01pct/resultados/instance049_estructurado_solo_acoplamiento_postprocesado.csv,/clusteruy/home/mathiasr/generator-aware-row-scaling/results-revision/r5-ablation/sgtm-gurobi-01pct/logs/instance049_estructurado_solo_acoplamiento.log
instance049.txt,estructurado_matricial,OK,0,66.180736541,0.05991318271209,13243138.76175087,13243100.0,OPTIMAL,13235204.375827726,30888.0,3721821.0,0.13,10080.0,6120.0,22679.0,8938.0,5638.0,21230.0,11.329365079365079,7.875816993464053,6.389170598350898,1,Model contains large bounds,9e-06,100000.0,0.002,100.0,90.0,40000000.0,1.0,4000000000.0,0.0007777777777777777,1.0,0.0017777777777777776,1.0,18380000000000.0,5022000000000.0,1.0,1.0,0.048163629,66.22890017,1.3295648513444367,1.3295648513444367,1.3285979521800655,0.048163629,0.000727759035594321,-0.015029972105116002,1.4156103134155273e-07,1.0689386699655673e-14,0.0,0.0,0.0007777777777777777,0.2732317736670294,6944857.0,,0.07145780416075839,79.0,,1.0,3.0,79.0,0.8980901772151898,0.818417425456248,,,,,,,,OK,REVISAR,5.02914190292358e-07,0.0,2.9802322387695312e-08,38.9212624799496,0.0,2.39501725989e-09,5.6843418860808e-14,1.00582838058472e-07,3.41060513164848e-13,0.160149021824685,3.72529029846191e-09,6.26787612179912,10.8853351023707,2.27373675443232e-13,0.0,5.02914190292358e-07,0.0,0.0,0.0,0.0,0.0,0.0,0.0,0.0,0.0,0.0,13243138.7617509,38.9212624799496,0.0,2.53934413194656e-05,0.0,0.0,0.0,217.0,0.0,71.0,0.0,0.0,0.0,0.0,13243138.7617509,13243138.7617509,1.7136335372924805e-07,1.2939783899583184e-14,igual,-1990.4400615915656,DIFIERE,173450000.0,863,/clusteruy/home/mathiasr/generator-aware-row-scaling/results-revision/r5-ablation/sgtm-gurobi-01pct/resultados/instance049_estructurado_matricial.csv,/clusteruy/home/mathiasr/generator-aware-row-scaling/results-revision/r5-ablation/sgtm-gurobi-01pct/resultados/instance049_estructurado_matricial_postprocesado.csv,/clusteruy/home/mathiasr/generator-aware-row-scaling/results-revision/r5-ablation/sgtm-gurobi-01pct/logs/instance049_estructurado_matricial.log
instance049.txt,matricial_solo_local,OK,0,82.526327945,0.05991318271209,13243138.76175087,13243100.0,OPTIMAL,13235204.375827726,30888.0,3721821.0,0.13,10080.0,6120.0,22679.0,8938.0,5638.0,21230.0,11.329365079365079,7.875816993464053,6.389170598350898,1,Model contains large bounds,9e-06,100000.0,0.002,100.0,90.0,40000000.0,1.0,4000000000.0,0.0007777777777777777,1.0,0.0017777777777777776,1.0,18380000000000.0,5022000000000.0,1.0,1.0,0.047575681,82.573903626,1.0662243593298169,1.0662243593298169,1.0656100447853132,0.047575681,0.0005764909476125849,-0.015029972105116002,1.4156103134155273e-07,1.0689386699655673e-14,0.0,0.0,0.0007777777777777777,0.2732317736670294,6944857.0,,0.07145780416075839,79.0,,1.0,3.0,79.0,0.8980901772151898,0.808719627726916,,,,,,,,OK,REVISAR,5.02914190292358e-07,0.0,2.9802322387695312e-08,38.9212624799496,0.0,2.39501725989e-09,5.6843418860808e-14,1.00582838058472e-07,3.41060513164848e-13,0.160149021824685,3.72529029846191e-09,6.26787612179912,10.8853351023707,2.27373675443232e-13,0.0,5.02914190292358e-07,0.0,0.0,0.0,0.0,0.0,0.0,0.0,0.0,0.0,0.0,13243138.7617509,38.9212624799496,0.0,2.53934413194656e-05,0.0,0.0,0.0,217.0,0.0,71.0,0.0,0.0,0.0,0.0,13243138.7617509,13243138.7617509,1.7136335372924805e-07,1.2939783899583184e-14,igual,-1990.4400615915656,DIFIERE,173450000.0,863,/clusteruy/home/mathiasr/generator-aware-row-scaling/results-revision/r5-ablation/sgtm-gurobi-01pct/resultados/instance049_matricial_solo_local.csv,/clusteruy/home/mathiasr/generator-aware-row-scaling/results-revision/r5-ablation/sgtm-gurobi-01pct/resultados/instance049_matricial_solo_local_postprocesado.csv,/clusteruy/home/mathiasr/generator-aware-row-scaling/results-revision/r5-ablation/sgtm-gurobi-01pct/logs/instance049_matricial_solo_local.log
instance049.txt,matricial_solo_acoplamiento,OK,0,76.095231482,0.044883210606974,13243138.761750728,13243100.0,OPTIMAL,13237194.815889318,18860.0,2590859.0,0.12,10080.0,6120.0,22679.0,8938.0,5638.0,21230.0,11.329365079365079,7.875816993464053,6.389170598350898,3,Model contains large bounds | Model contains large matrix coefficient range | Model contains large rhs,0.0007,10000000000.0,0.002,100.0,40.0,10000000000.0,1.0,4000000000.0,1.0,1.0,1.0,1.0,18380000000000.0,18380000000000.0,1.0,1.0,0.041063989,76.136295471,1.1563350216210857,1.1563350216210857,1.1557113541795008,0.041063989,0.0005396394517797545,0.0,0.0,0.0,0.0,0.0,1.0,1.0,97188223.0,,1.0000000008446703,71.0,,1.0,3.0,71.0,0.9992834366197183,0.790253394642688,,,,,,,,OK,REVISAR,2.34693288803101e-07,0.0,2.7939677238464355e-08,38.9212624799496,0.0,1.73415154963014e-09,8.5265128291212e-14,7.34254717826811e-08,1.09707798401359e-11,0.163585504971211,7.45058059692383e-09,6.29067300403632,10.8853351023708,9.09494701772928e-13,4.65661287307739e-09,2.34693288803101e-07,0.0,8.9130480773747e-11,0.0,0.0,0.0,0.0,0.0,0.0,0.0,0.0,13243138.7617507,38.9212624799496,4.65661287307739e-09,2.53934413194656e-05,0.0,8.9130480773747e-11,0.0,246.0,0.0,76.0,0.0,0.0,0.0,0.0,13243138.7617507,13243138.7617507,-2.7939677238464355e-08,2.109747374932041e-15,igual,0.0,OK,0.0,0,/clusteruy/home/mathiasr/generator-aware-row-scaling/results-revision/r5-ablation/sgtm-gurobi-01pct/resultados/instance049_matricial_solo_acoplamiento.csv,/clusteruy/home/mathiasr/generator-aware-row-scaling/results-revision/r5-ablation/sgtm-gurobi-01pct/resultados/instance049_matricial_solo_acoplamiento_postprocesado.csv,/clusteruy/home/mathiasr/generator-aware-row-scaling/results-revision/r5-ablation/sgtm-gurobi-01pct/logs/instance049_matricial_solo_acoplamiento.log
instance050.txt,base,OK,0,94.404968007,0.0,130504034.29937196,130504000.0,OPTIMAL,130504034.29937196,25940.0,2769182.0,0.13,10080.0,6120.0,22679.0,8814.0,5569.0,20840.0,12.55952380952381,9.00326797385621,8.108823140350104,3,Model contains large bounds | Model contains large matrix coefficient range | Model contains large rhs,0.0006,10000000000.0,0.002,100.0,40.0,10000000000.0,1.0,4000000000.0,,,,,,,,,0.0,94.404968007,1.0,1.0,1.0,0.0,0.0,0.0,,,0.0,,,,97789339.172037,,,76.603125,,0.433866,3.213284,76.603125,1.0,0.312870825005574,,,,,,,,BASE,BASE,,,,,,5.53098523771291e-10,9.27258270166879e-14,7.45058059692383e-09,4.9737991503207e-13,0.10026819266822,2.27373675443232e-13,1.68504148486174,6.57366693130396,5.6843418860808e-13,9.31322574615479e-10,1.19209289550781e-07,0.0,0.0,0.0,0.0,0.0,0.0,0.0,0.0,0.0,0.0,130504034.299372,33.1474507927908,9.31322574615479e-10,1.74716114997864e-05,0.0,0.0,0.0,151.0,0.0,51.0,0.0,0.0,0.0,0.0,130504034.299372,,,,,,BASE,0.0,0,/clusteruy/home/mathiasr/generator-aware-row-scaling/results-revision/r5-ablation/sgtm-gurobi-01pct/resultados/instance050_base.csv,/clusteruy/home/mathiasr/generator-aware-row-scaling/results-revision/r5-ablation/sgtm-gurobi-01pct/resultados/instance050_base_postprocesado.csv,/clusteruy/home/mathiasr/generator-aware-row-scaling/results-revision/r5-ablation/sgtm-gurobi-01pct/logs/instance050_base.log
instance050.txt,estructurado,OK,0,61.957450603,0.0,130504034.29937215,130504000.0,OPTIMAL,130504034.29937215,24706.0,1888208.0,0.14,10080.0,6120.0,22679.0,8814.0,5569.0,20840.0,12.55952380952381,9.00326797385621,8.108823140350104,1,Model contains large bounds,8e-06,100000.0,0.002,100.0,10.0,5000000.0,1.0,4000000000.0,0.0007499999999999999,1.0,0.002,1.0,22530000000000.0,601600000000.0,1.0,1.118,0.046397762,62.003848364999996,1.5237064644882092,1.5237064644882092,1.5225662680042586,0.046397762,0.000748864931472074,0.0,1.9371509552001953e-07,1.4843609744327403e-15,0.0,0.0,0.0007499999999999999,0.026702174877940524,5507563.0,,0.056320689419025086,59.0,,0.0,4.0,59.0,1.2983580508474577,0.355673890287592,,,,,,,,OK,REVISAR,4.76837158203125e-07,0.0,1.4901161193847656e-07,33.2906851719268,0.0,1.7732532173231e-09,1.13686837721616e-13,4.84287738800049e-08,5.11590769747272e-13,0.103407883195431,1.70530256582424e-12,2.20387528620488,6.60207258781841,1.70530256582424e-12,9.31322574615479e-10,4.76837158203125e-07,0.0,0.0,0.0,0.0,0.0,0.0,0.0,0.0,0.0,0.0,130504034.299372,33.2906851719268,9.31322574615479e-10,1.75386667251587e-05,0.0,0.0,0.0,177.0,0.0,52.0,0.0,0.0,0.0,0.0,130504034.299372,130504034.299372,4.470348358154297e-08,3.425448402537093e-16,igual,1.9371509552001953e-07,DIFIERE,118030000.0,548,/clusteruy/home/mathiasr/generator-aware-row-scaling/results-revision/r5-ablation/sgtm-gurobi-01pct/resultados/instance050_estructurado.csv,/clusteruy/home/mathiasr/generator-aware-row-scaling/results-revision/r5-ablation/sgtm-gurobi-01pct/resultados/instance050_estructurado_postprocesado.csv,/clusteruy/home/mathiasr/generator-aware-row-scaling/results-revision/r5-ablation/sgtm-gurobi-01pct/logs/instance050_estructurado.log
instance050.txt,estructurado_solo_local,OK,0,73.294053926,0.0,130504034.29937215,130504000.0,OPTIMAL,130504034.29937215,24706.0,1888208.0,0.13,10080.0,6120.0,22679.0,8814.0,5569.0,20840.0,12.55952380952381,9.00326797385621,8.108823140350104,1,Model contains large bounds,8e-06,100000.0,0.002,100.0,10.0,5000000.0,1.0,4000000000.0,0.0007499999999999999,1.0,0.002,1.0,22530000000000.0,601600000000.0,1.0,1.118,0.046627082,73.340681008,1.2880303783211968,1.2880303783211968,1.2872114999409714,0.046627082,0.000636164593202556,0.0,1.9371509552001953e-07,1.4843609744327403e-15,0.0,0.0,0.0007499999999999999,0.026702174877940524,5507563.0,,0.056320689419025086,59.0,,0.0,4.0,59.0,1.2983580508474577,0.342936429722628,,,,,,,,OK,REVISAR,4.76837158203125e-07,0.0,1.4901161193847656e-07,33.2906851719268,0.0,1.7732532173231e-09,1.13686837721616e-13,4.84287738800049e-08,5.11590769747272e-13,0.103407883195431,1.70530256582424e-12,2.20387528620488,6.60207258781841,1.70530256582424e-12,9.31322574615479e-10,4.76837158203125e-07,0.0,0.0,0.0,0.0,0.0,0.0,0.0,0.0,0.0,0.0,130504034.299372,33.2906851719268,9.31322574615479e-10,1.75386667251587e-05,0.0,0.0,0.0,177.0,0.0,52.0,0.0,0.0,0.0,0.0,130504034.299372,130504034.299372,4.470348358154297e-08,3.425448402537093e-16,igual,1.9371509552001953e-07,DIFIERE,118030000.0,548,/clusteruy/home/mathiasr/generator-aware-row-scaling/results-revision/r5-ablation/sgtm-gurobi-01pct/resultados/instance050_estructurado_solo_local.csv,/clusteruy/home/mathiasr/generator-aware-row-scaling/results-revision/r5-ablation/sgtm-gurobi-01pct/resultados/instance050_estructurado_solo_local_postprocesado.csv,/clusteruy/home/mathiasr/generator-aware-row-scaling/results-revision/r5-ablation/sgtm-gurobi-01pct/logs/instance050_estructurado_solo_local.log
instance050.txt,estructurado_solo_acoplamiento,OK,0,93.991739994,0.0,130504034.29937196,130504000.0,OPTIMAL,130504034.29937196,25940.0,2769182.0,0.13,10080.0,6120.0,22679.0,8814.0,5569.0,20840.0,12.55952380952381,9.00326797385621,8.108823140350104,3,Model contains large bounds | Model contains large matrix coefficient range | Model contains large rhs,0.0006,10000000000.0,0.002,100.0,40.0,10000000000.0,1.0,4000000000.0,1.0,1.0,1.0,1.0,22530000000000.0,22530000000000.0,1.0,1.0,0.040105973,94.031845967,1.004396429016277,1.004396429016277,1.0039680390846624,0.040105973,0.00042669678210617427,0.0,0.0,0.0,0.0,0.0,1.0,1.0,97789339.0,,0.9999999982407386,77.0,,0.0,3.0,77.0,0.9948457792207793,0.313944661255676,,,,,,,,OK,REVISAR,1.19209289550781e-07,0.0,4.470348358154297e-08,33.1474507927908,0.0,5.53098523771291e-10,9.27258270166879e-14,7.45058059692383e-09,4.9737991503207e-13,0.10026819266822,2.27373675443232e-13,1.68504148486174,6.57366693130396,5.6843418860808e-13,9.31322574615479e-10,1.19209289550781e-07,0.0,0.0,0.0,0.0,0.0,0.0,0.0,0.0,0.0,0.0,130504034.299372,33.1474507927908,9.31322574615479e-10,1.74716114997864e-05,0.0,0.0,0.0,151.0,0.0,51.0,0.0,0.0,0.0,0.0,130504034.299372,130504034.299372,4.470348358154297e-08,3.425448402537093e-16,igual,0.0,OK,0.0,0,/clusteruy/home/mathiasr/generator-aware-row-scaling/results-revision/r5-ablation/sgtm-gurobi-01pct/resultados/instance050_estructurado_solo_acoplamiento.csv,/clusteruy/home/mathiasr/generator-aware-row-scaling/results-revision/r5-ablation/sgtm-gurobi-01pct/resultados/instance050_estructurado_solo_acoplamiento_postprocesado.csv,/clusteruy/home/mathiasr/generator-aware-row-scaling/results-revision/r5-ablation/sgtm-gurobi-01pct/logs/instance050_estructurado_solo_acoplamiento.log
instance050.txt,estructurado_matricial,OK,0,67.80966135,0.0,130504034.29937208,130504000.0,OPTIMAL,130504034.29937208,21368.0,1792189.0,0.13,10080.0,6120.0,22679.0,8814.0,5569.0,20840.0,12.55952380952381,9.00326797385621,8.108823140350104,1,Model contains large bounds,8e-06,100000.0,0.002,100.0,90.0,40000000.0,1.0,4000000000.0,0.0007499999999999999,1.0,0.0017777777777777776,1.0,22530000000000.0,4481000000000.0,1.0,1.0,0.048056162,67.857717512,1.3922052717492297,1.3922052717492297,1.3912193257945253,0.048056162,0.0007086919628157087,0.0,1.1920928955078125e-07,9.134529073432249e-16,0.0,0.0,0.0007499999999999999,0.19889036839769197,10981306.0,,0.11229553336771213,56.0,,0.0,4.0,56.0,1.3679129464285715,0.332230303744013,,,,,,,,OK,REVISAR,5.02914190292358e-07,0.0,7.450580596923828e-08,33.1474507927906,0.0,1.03950052249808e-09,7.105427357601e-14,7.45058059692383e-09,5.11590769747272e-13,0.102971425534135,2.8421709430404e-13,2.24957550243318,6.57366693130388,7.95807864051312e-13,9.31322574615479e-10,5.02914190292358e-07,0.0,0.0,0.0,0.0,0.0,0.0,0.0,0.0,0.0,0.0,130504034.299372,33.1474507927906,9.31322574615479e-10,1.74716114997864e-05,0.0,0.0,0.0,179.0,0.0,54.0,0.0,0.0,0.0,0.0,130504034.299372,130504034.299372,4.470348358154297e-08,3.425448402537093e-16,igual,1.1920928955078125e-07,DIFIERE,140970000.0,600,/clusteruy/home/mathiasr/generator-aware-row-scaling/results-revision/r5-ablation/sgtm-gurobi-01pct/resultados/instance050_estructurado_matricial.csv,/clusteruy/home/mathiasr/generator-aware-row-scaling/results-revision/r5-ablation/sgtm-gurobi-01pct/resultados/instance050_estructurado_matricial_postprocesado.csv,/clusteruy/home/mathiasr/generator-aware-row-scaling/results-revision/r5-ablation/sgtm-gurobi-01pct/logs/instance050_estructurado_matricial.log
instance050.txt,matricial_solo_local,OK,0,60.786233176,0.0,130504034.29937208,130504000.0,OPTIMAL,130504034.29937208,21368.0,1792189.0,0.13,10080.0,6120.0,22679.0,8814.0,5569.0,20840.0,12.55952380952381,9.00326797385621,8.108823140350104,1,Model contains large bounds,8e-06,100000.0,0.002,100.0,90.0,40000000.0,1.0,4000000000.0,0.0007499999999999999,1.0,0.0017777777777777776,1.0,22530000000000.0,4481000000000.0,1.0,1.0,0.047999486,60.834232662000005,1.5530649470195095,1.5530649470195095,1.5518395461897538,0.047999486,0.0007896440278018651,0.0,1.1920928955078125e-07,9.134529073432249e-16,0.0,0.0,0.0007499999999999999,0.19889036839769197,10981306.0,,0.11229553336771213,56.0,,0.0,4.0,56.0,1.3679129464285715,0.341145290515447,,,,,,,,OK,REVISAR,5.02914190292358e-07,0.0,7.450580596923828e-08,33.1474507927906,0.0,1.03950052249808e-09,7.105427357601e-14,7.45058059692383e-09,5.11590769747272e-13,0.102971425534135,2.8421709430404e-13,2.24957550243318,6.57366693130388,7.95807864051312e-13,9.31322574615479e-10,5.02914190292358e-07,0.0,0.0,0.0,0.0,0.0,0.0,0.0,0.0,0.0,0.0,130504034.299372,33.1474507927906,9.31322574615479e-10,1.74716114997864e-05,0.0,0.0,0.0,179.0,0.0,54.0,0.0,0.0,0.0,0.0,130504034.299372,130504034.299372,4.470348358154297e-08,3.425448402537093e-16,igual,1.1920928955078125e-07,DIFIERE,140970000.0,600,/clusteruy/home/mathiasr/generator-aware-row-scaling/results-revision/r5-ablation/sgtm-gurobi-01pct/resultados/instance050_matricial_solo_local.csv,/clusteruy/home/mathiasr/generator-aware-row-scaling/results-revision/r5-ablation/sgtm-gurobi-01pct/resultados/instance050_matricial_solo_local_postprocesado.csv,/clusteruy/home/mathiasr/generator-aware-row-scaling/results-revision/r5-ablation/sgtm-gurobi-01pct/logs/instance050_matricial_solo_local.log
instance050.txt,matricial_solo_acoplamiento,OK,0,100.502827375,0.0,130504034.29937196,130504000.0,OPTIMAL,130504034.29937196,25940.0,2769182.0,0.13,10080.0,6120.0,22679.0,8814.0,5569.0,20840.0,12.55952380952381,9.00326797385621,8.108823140350104,3,Model contains large bounds | Model contains large matrix coefficient range | Model contains large rhs,0.0006,10000000000.0,0.002,100.0,40.0,10000000000.0,1.0,4000000000.0,1.0,1.0,1.0,1.0,22530000000000.0,22530000000000.0,1.0,1.0,0.041165482,100.54399285699999,0.9393264893409672,0.9393264893409672,0.9389419031852921,0.041165482,0.00040959526289147845,0.0,0.0,0.0,0.0,0.0,1.0,1.0,97789339.0,,0.9999999982407386,77.0,,0.0,3.0,77.0,0.9948457792207793,0.314231884143605,,,,,,,,OK,REVISAR,1.19209289550781e-07,0.0,4.470348358154297e-08,33.1474507927908,0.0,5.53098523771291e-10,9.27258270166879e-14,7.45058059692383e-09,4.9737991503207e-13,0.10026819266822,2.27373675443232e-13,1.68504148486174,6.57366693130396,5.6843418860808e-13,9.31322574615479e-10,1.19209289550781e-07,0.0,0.0,0.0,0.0,0.0,0.0,0.0,0.0,0.0,0.0,130504034.299372,33.1474507927908,9.31322574615479e-10,1.74716114997864e-05,0.0,0.0,0.0,151.0,0.0,51.0,0.0,0.0,0.0,0.0,130504034.299372,130504034.299372,4.470348358154297e-08,3.425448402537093e-16,igual,0.0,OK,0.0,0,/clusteruy/home/mathiasr/generator-aware-row-scaling/results-revision/r5-ablation/sgtm-gurobi-01pct/resultados/instance050_matricial_solo_acoplamiento.csv,/clusteruy/home/mathiasr/generator-aware-row-scaling/results-revision/r5-ablation/sgtm-gurobi-01pct/resultados/instance050_matricial_solo_acoplamiento_postprocesado.csv,/clusteruy/home/mathiasr/generator-aware-row-scaling/results-revision/r5-ablation/sgtm-gurobi-01pct/logs/instance050_matricial_solo_acoplamiento.log
instance051.txt,base,OK,0,49.721629906,0.089121838459011,85840782.2889459,85840800.0,OPTIMAL,85764279.4056224,10087.0,1209580.0,0.07,10080.0,6120.0,22679.0,8827.0,5553.0,21264.0,12.430555555555555,9.264705882352942,6.239252171612505,3,Model contains large bounds | Model contains large matrix coefficient range | Model contains large rhs,0.0003,10000000000.0,0.003,100.0,40.0,10000000000.0,1.0,4000000000.0,,,,,,,,,0.0,49.721629906,1.0,1.0,1.0,0.0,0.0,0.0,,,0.0,,,,88795964.536408,,,33.545731,,0.270984,2.360279,33.545731,1.0,0.239179817420119,,,,,,,,BASE,BASE,,,,,,3.25850542706906e-10,5.6843418860808e-14,1.15670263767226e-08,3.97903932025656e-13,0.0589144184670833,8.18123346846263e-14,7.58006428930037e-05,2.15024064614462,1.13686837721616e-13,9.31322574615479e-10,5.58793544769287e-08,0.0,0.0,0.0,0.0,0.0,0.0,0.0,0.0,0.0,0.0,85840782.2889459,25.0147535184526,9.31322574615479e-10,1.30254775285721e-05,0.0,0.0,0.0,104.0,0.0,29.0,0.0,0.0,0.0,0.0,85840782.2889459,,,,,,BASE,0.0,0,/clusteruy/home/mathiasr/generator-aware-row-scaling/results-revision/r5-ablation/sgtm-gurobi-01pct/resultados/instance051_base.csv,/clusteruy/home/mathiasr/generator-aware-row-scaling/results-revision/r5-ablation/sgtm-gurobi-01pct/resultados/instance051_base_postprocesado.csv,/clusteruy/home/mathiasr/generator-aware-row-scaling/results-revision/r5-ablation/sgtm-gurobi-01pct/logs/instance051_base.log
instance051.txt,estructurado,OK,0,57.205385239,0.024837822847373,85798713.66757911,85798700.0,OPTIMAL,85777403.13507304,12981.0,1674340.0,0.07,10080.0,6120.0,22679.0,8827.0,5553.0,21264.0,12.430555555555555,9.264705882352942,6.239252171612505,1,Model contains large bounds,1e-05,100000.0,0.003,100.0,10.0,5000000.0,1.0,4000000000.0,0.0003,1.0,0.002,1.0,37980000000000.0,503700000000.0,1.0,1.118,0.046403151,57.25178839,0.869177433178128,0.869177433178128,0.8684729561161574,0.046403151,0.0008111675291780828,0.064284015611638,-42068.62136678398,-0.0004900773297379576,-42100.0,-0.0004904427731335216,0.0003,0.013262243285939968,3733039.0,,0.042040637989459353,41.0,,0.0,3.0,41.0,0.8181885609756099,0.196448144816475,,,,,,,,OK,REVISAR,1.30385160446167e-07,0.0,8.940696716308594e-08,25.0147535184535,0.0,6.22467080164725e-10,1.27897692436818e-13,2.23517417907715e-08,4.83169060316868e-13,0.0601301495318795,2.8492763703979e-13,0.0293264883293596,2.15024064614471,1.70530256582424e-12,9.31322574615479e-10,1.30385160446167e-07,0.0,0.0,0.0,0.0,0.0,0.0,0.0,0.0,0.0,0.0,85798713.6675792,25.0147535184535,9.31322574615479e-10,1.31744891405106e-05,0.0,0.0,0.0,113.0,0.0,31.0,0.0,0.0,0.0,0.0,85798713.6675792,85798713.6675792,-42068.62136669457,0.0004900773297369162,mejora,13123.729450643063,DIFIERE,27248000.0,435,/clusteruy/home/mathiasr/generator-aware-row-scaling/results-revision/r5-ablation/sgtm-gurobi-01pct/resultados/instance051_estructurado.csv,/clusteruy/home/mathiasr/generator-aware-row-scaling/results-revision/r5-ablation/sgtm-gurobi-01pct/resultados/instance051_estructurado_postprocesado.csv,/clusteruy/home/mathiasr/generator-aware-row-scaling/results-revision/r5-ablation/sgtm-gurobi-01pct/logs/instance051_estructurado.log
instance051.txt,estructurado_solo_local,OK,0,56.134668581,0.024837822847373,85798713.66757911,85798700.0,OPTIMAL,85777403.13507304,12981.0,1674340.0,0.07,10080.0,6120.0,22679.0,8827.0,5553.0,21264.0,12.430555555555555,9.264705882352942,6.239252171612505,1,Model contains large bounds,1e-05,100000.0,0.003,100.0,10.0,5000000.0,1.0,4000000000.0,0.0003,1.0,0.002,1.0,37980000000000.0,503700000000.0,1.0,1.118,0.047531752,56.182200333,0.8857561853109321,0.8857561853109321,0.8850068101870829,0.047531752,0.00084674503656174,0.064284015611638,-42068.62136678398,-0.0004900773297379576,-42100.0,-0.0004904427731335216,0.0003,0.013262243285939968,3733039.0,,0.042040637989459353,41.0,,0.0,3.0,41.0,0.8181885609756099,0.19823112787212,,,,,,,,OK,REVISAR,1.30385160446167e-07,0.0,8.940696716308594e-08,25.0147535184535,0.0,6.22467080164725e-10,1.27897692436818e-13,2.23517417907715e-08,4.83169060316868e-13,0.0601301495318795,2.8492763703979e-13,0.0293264883293596,2.15024064614471,1.70530256582424e-12,9.31322574615479e-10,1.30385160446167e-07,0.0,0.0,0.0,0.0,0.0,0.0,0.0,0.0,0.0,0.0,85798713.6675792,25.0147535184535,9.31322574615479e-10,1.31744891405106e-05,0.0,0.0,0.0,113.0,0.0,31.0,0.0,0.0,0.0,0.0,85798713.6675792,85798713.6675792,-42068.62136669457,0.0004900773297369162,mejora,13123.729450643063,DIFIERE,27248000.0,435,/clusteruy/home/mathiasr/generator-aware-row-scaling/results-revision/r5-ablation/sgtm-gurobi-01pct/resultados/instance051_estructurado_solo_local.csv,/clusteruy/home/mathiasr/generator-aware-row-scaling/results-revision/r5-ablation/sgtm-gurobi-01pct/resultados/instance051_estructurado_solo_local_postprocesado.csv,/clusteruy/home/mathiasr/generator-aware-row-scaling/results-revision/r5-ablation/sgtm-gurobi-01pct/logs/instance051_estructurado_solo_local.log
instance051.txt,estructurado_solo_acoplamiento,OK,0,40.368809159,0.089121838459011,85840782.2889459,85840800.0,OPTIMAL,85764279.4056224,10087.0,1209580.0,0.07,10080.0,6120.0,22679.0,8827.0,5553.0,21264.0,12.430555555555555,9.264705882352942,6.239252171612505,3,Model contains large bounds | Model contains large matrix coefficient range | Model contains large rhs,0.0003,10000000000.0,0.003,100.0,40.0,10000000000.0,1.0,4000000000.0,1.0,1.0,1.0,1.0,37980000000000.0,37980000000000.0,1.0,1.0,0.040037706,40.408846865,1.2316843360467282,1.2316843360467282,1.2304639642925874,0.040037706,0.000991798044928799,0.0,0.0,0.0,0.0,0.0,1.0,1.0,88795965.0,,1.0000000052208677,34.0,,0.0,2.0,34.0,0.9866391470588236,0.245950302434069,,,,,,,,OK,REVISAR,5.58793544769287e-08,0.0,0.0,25.0147535184526,0.0,3.25850542706906e-10,5.6843418860808e-14,1.15670263767226e-08,3.97903932025656e-13,0.0589144184670833,8.18123346846263e-14,7.58006428930037e-05,2.15024064614462,1.13686837721616e-13,9.31322574615479e-10,5.58793544769287e-08,0.0,0.0,0.0,0.0,0.0,0.0,0.0,0.0,0.0,0.0,85840782.2889459,25.0147535184526,9.31322574615479e-10,1.30254775285721e-05,0.0,0.0,0.0,104.0,0.0,29.0,0.0,0.0,0.0,0.0,85840782.2889459,85840782.2889459,0.0,0.0,igual,0.0,OK,0.0,0,/clusteruy/home/mathiasr/generator-aware-row-scaling/results-revision/r5-ablation/sgtm-gurobi-01pct/resultados/instance051_estructurado_solo_acoplamiento.csv,/clusteruy/home/mathiasr/generator-aware-row-scaling/results-revision/r5-ablation/sgtm-gurobi-01pct/resultados/instance051_estructurado_solo_acoplamiento_postprocesado.csv,/clusteruy/home/mathiasr/generator-aware-row-scaling/results-revision/r5-ablation/sgtm-gurobi-01pct/logs/instance051_estructurado_solo_acoplamiento.log
instance051.txt,estructurado_matricial,OK,0,46.053612425,0.032322400946435,85798713.66757914,85798700.0,OPTIMAL,85770981.46334063,14340.0,1573047.0,0.07,10080.0,6120.0,22679.0,8827.0,5553.0,21264.0,12.430555555555555,9.264705882352942,6.239252171612505,1,Model contains large bounds,1e-05,100000.0,0.003,100.0,90.0,20000000.0,1.0,4000000000.0,0.0003,1.0,0.0008888888888888888,1.0,37980000000000.0,1653000000000.0,1.0,1.001,0.048061983,46.101674407999994,1.0796466832427858,1.0796466832427858,1.0785211284510707,0.048061983,0.0010436094036764371,0.056799437512576004,-42068.621366754174,-0.0004900773297376105,-42100.0,-0.0004904427731335216,0.0003,0.043522906793048974,8930929.0,,0.10057809548696497,40.0,,0.0,3.0,40.0,0.8386432750000001,0.220216883480359,,,,,,,,OK,REVISAR,1.45286321640015e-07,0.0,4.470348358154297e-08,25.0147535184527,0.0,5.37340163854505e-10,8.5265128291212e-14,1.86264514923096e-08,5.92592641623924e-12,0.0584091483885332,1.13686837721616e-13,0.00332702522237217,2.15024064614462,5.11590769747272e-13,9.31322574615479e-10,1.45286321640015e-07,0.0,9.09494701772928e-12,0.0,0.0,0.0,0.0,0.0,0.0,0.0,0.0,85798713.6675791,25.0147535184527,9.31322574615479e-10,1.30515545606613e-05,0.0,9.09494701772928e-12,0.0,105.0,0.0,28.0,0.0,0.0,0.0,0.0,85798713.6675791,85798713.6675791,-42068.62136679888,0.0004900773297381312,mejora,6702.057718232274,DIFIERE,25629000.0,423,/clusteruy/home/mathiasr/generator-aware-row-scaling/results-revision/r5-ablation/sgtm-gurobi-01pct/resultados/instance051_estructurado_matricial.csv,/clusteruy/home/mathiasr/generator-aware-row-scaling/results-revision/r5-ablation/sgtm-gurobi-01pct/resultados/instance051_estructurado_matricial_postprocesado.csv,/clusteruy/home/mathiasr/generator-aware-row-scaling/results-revision/r5-ablation/sgtm-gurobi-01pct/logs/instance051_estructurado_matricial.log
instance051.txt,matricial_solo_local,OK,0,58.170481747,0.032322400946435,85798713.66757914,85798700.0,OPTIMAL,85770981.46334063,14340.0,1573047.0,0.07,10080.0,6120.0,22679.0,8827.0,5553.0,21264.0,12.430555555555555,9.264705882352942,6.239252171612505,1,Model contains large bounds,1e-05,100000.0,0.003,100.0,90.0,20000000.0,1.0,4000000000.0,0.0003,1.0,0.0008888888888888888,1.0,37980000000000.0,1653000000000.0,1.0,1.001,0.047115764,58.217597510999994,0.8547570591258559,0.8547570591258559,0.8540653003862841,0.047115764,0.0008099600103867093,0.056799437512576004,-42068.621366754174,-0.0004900773297376105,-42100.0,-0.0004904427731335216,0.0003,0.043522906793048974,8930929.0,,0.10057809548696497,40.0,,0.0,3.0,40.0,0.8386432750000001,0.211876245308837,,,,,,,,OK,REVISAR,1.45286321640015e-07,0.0,4.470348358154297e-08,25.0147535184527,0.0,5.37340163854505e-10,8.5265128291212e-14,1.86264514923096e-08,5.92592641623924e-12,0.0584091483885332,1.13686837721616e-13,0.00332702522237217,2.15024064614462,5.11590769747272e-13,9.31322574615479e-10,1.45286321640015e-07,0.0,9.09494701772928e-12,0.0,0.0,0.0,0.0,0.0,0.0,0.0,0.0,85798713.6675791,25.0147535184527,9.31322574615479e-10,1.30515545606613e-05,0.0,9.09494701772928e-12,0.0,105.0,0.0,28.0,0.0,0.0,0.0,0.0,85798713.6675791,85798713.6675791,-42068.62136679888,0.0004900773297381312,mejora,6702.057718232274,DIFIERE,25629000.0,423,/clusteruy/home/mathiasr/generator-aware-row-scaling/results-revision/r5-ablation/sgtm-gurobi-01pct/resultados/instance051_matricial_solo_local.csv,/clusteruy/home/mathiasr/generator-aware-row-scaling/results-revision/r5-ablation/sgtm-gurobi-01pct/resultados/instance051_matricial_solo_local_postprocesado.csv,/clusteruy/home/mathiasr/generator-aware-row-scaling/results-revision/r5-ablation/sgtm-gurobi-01pct/logs/instance051_matricial_solo_local.log
instance051.txt,matricial_solo_acoplamiento,OK,0,38.775355853,0.089121838459011,85840782.2889459,85840800.0,OPTIMAL,85764279.4056224,10087.0,1209580.0,0.07,10080.0,6120.0,22679.0,8827.0,5553.0,21264.0,12.430555555555555,9.264705882352942,6.239252171612505,3,Model contains large bounds | Model contains large matrix coefficient range | Model contains large rhs,0.0003,10000000000.0,0.003,100.0,40.0,10000000000.0,1.0,4000000000.0,1.0,1.0,1.0,1.0,37980000000000.0,37980000000000.0,1.0,1.0,0.041059539,38.816415392,1.2822997703618262,1.2822997703618262,1.2809433690326681,0.041059539,0.0010589081156510722,0.0,0.0,0.0,0.0,0.0,1.0,1.0,88795965.0,,1.0000000052208677,34.0,,0.0,2.0,34.0,0.9866391470588236,0.244546041565063,,,,,,,,OK,REVISAR,5.58793544769287e-08,0.0,0.0,25.0147535184526,0.0,3.25850542706906e-10,5.6843418860808e-14,1.15670263767226e-08,3.97903932025656e-13,0.0589144184670833,8.18123346846263e-14,7.58006428930037e-05,2.15024064614462,1.13686837721616e-13,9.31322574615479e-10,5.58793544769287e-08,0.0,0.0,0.0,0.0,0.0,0.0,0.0,0.0,0.0,0.0,85840782.2889459,25.0147535184526,9.31322574615479e-10,1.30254775285721e-05,0.0,0.0,0.0,104.0,0.0,29.0,0.0,0.0,0.0,0.0,85840782.2889459,85840782.2889459,0.0,0.0,igual,0.0,OK,0.0,0,/clusteruy/home/mathiasr/generator-aware-row-scaling/results-revision/r5-ablation/sgtm-gurobi-01pct/resultados/instance051_matricial_solo_acoplamiento.csv,/clusteruy/home/mathiasr/generator-aware-row-scaling/results-revision/r5-ablation/sgtm-gurobi-01pct/resultados/instance051_matricial_solo_acoplamiento_postprocesado.csv,/clusteruy/home/mathiasr/generator-aware-row-scaling/results-revision/r5-ablation/sgtm-gurobi-01pct/logs/instance051_matricial_solo_acoplamiento.log
instance052.txt,base,OK,0,0.451071746,0.00386445598165,1753458.7073067878,1753460.0,OPTIMAL,1753390.9456668876,1.0,6658.0,0.09,10080.0,6120.0,22679.0,9066.0,5685.0,21543.0,10.05952380952381,7.107843137254902,5.0090391992592265,3,Model contains large bounds | Model contains large matrix coefficient range | Model contains large rhs,0.0006,10000000000.0,0.003,100.0,40.0,8000000000.0,1.0,4000000000.0,,,,,,,,,0.0,0.451071746,1.0,1.0,1.0,0.0,0.0,0.0,,,0.0,,,,7374989.907352,,,0.30488,,0.861664,0.30354,0.30488,1.0,0.658351361852782,,,,,,,,BASE,BASE,,,,,,3.77500533577366e-09,1.13686837721616e-13,1.72145664691922e-07,2.53663756666356e-12,1.96945782355831,12.8577800950596,46.4525645063967,16.9537487274266,1.13686837721616e-13,0.0,2.38418579101562e-07,0.0,0.0,0.0,0.0,0.0,0.0,0.0,0.0,0.0,0.0,1753458.70730679,71.5333002045614,0.0,4.6994537115097e-05,0.0,0.0,0.0,2359.0,0.0,305.0,0.0,0.0,0.0,0.0,1753458.70730679,,,,,,BASE,0.0,0,/clusteruy/home/mathiasr/generator-aware-row-scaling/results-revision/r5-ablation/sgtm-gurobi-01pct/resultados/instance052_base.csv,/clusteruy/home/mathiasr/generator-aware-row-scaling/results-revision/r5-ablation/sgtm-gurobi-01pct/resultados/instance052_base_postprocesado.csv,/clusteruy/home/mathiasr/generator-aware-row-scaling/results-revision/r5-ablation/sgtm-gurobi-01pct/logs/instance052_base.log
instance052.txt,estructurado,OK,0,0.441981527,0.019173569008951,1753458.7073067827,1753460.0,OPTIMAL,1753122.5066914938,1.0,7511.0,0.1,10080.0,6120.0,22679.0,9067.0,5686.0,21544.0,10.049603174603174,7.091503267973856,5.004629833766921,1,Model contains large bounds,1e-05,100000.0,0.003,100.0,10.0,5000000.0,1.0,4000000000.0,0.0006,1.0,0.0025,1.0,16000000000000.0,453100000000.0,1.0,1.118,0.046321717,0.48830324399999997,1.0205669659130348,1.0205669659130348,0.9237533265292008,0.046321717,0.10480464492354225,-0.015309113027301001,-5.122274160385132e-09,-2.9212402544982948e-15,0.0,0.0,0.0006,0.02831875,51822.0,,0.0070267214804374915,0.0,,1.0,0.0,0.0,,0.651658714767039,,,,,,,,OK,REVISAR,6.92903995513916e-07,0.0,2.7939677238464355e-09,71.5333002045614,0.0,6.78942406803817e-09,1.45750078672789e-13,2.57045030593872e-07,2.56505927609396e-12,1.96945782383512,12.8577800950596,46.4525645063968,16.9537487274266,4.83169060316868e-13,0.0,6.92903995513916e-07,0.0,0.0,0.0,0.0,0.0,0.0,0.0,0.0,0.0,0.0,1753458.70730678,71.5333002045614,0.0,4.6994537115097e-05,0.0,0.0,0.0,2359.0,0.0,305.0,0.0,0.0,0.0,0.0,1753458.70730678,1753458.70730678,-7.916241884231567e-09,4.5146440296791825e-15,igual,-268.4389753937721,OK,0.0,0,/clusteruy/home/mathiasr/generator-aware-row-scaling/results-revision/r5-ablation/sgtm-gurobi-01pct/resultados/instance052_estructurado.csv,/clusteruy/home/mathiasr/generator-aware-row-scaling/results-revision/r5-ablation/sgtm-gurobi-01pct/resultados/instance052_estructurado_postprocesado.csv,/clusteruy/home/mathiasr/generator-aware-row-scaling/results-revision/r5-ablation/sgtm-gurobi-01pct/logs/instance052_estructurado.log
instance052.txt,estructurado_solo_local,OK,0,0.455196205,0.019173569008951,1753458.7073067827,1753460.0,OPTIMAL,1753122.5066914938,1.0,7511.0,0.1,10080.0,6120.0,22679.0,9067.0,5686.0,21544.0,10.049603174603174,7.091503267973856,5.004629833766921,1,Model contains large bounds,1e-05,100000.0,0.003,100.0,10.0,5000000.0,1.0,4000000000.0,0.0006,1.0,0.0025,1.0,16000000000000.0,453100000000.0,1.0,1.118,0.046575341,0.5017715460000001,0.990939162157558,0.990939162157558,0.8989583996857405,0.046575341,0.10231926472234099,-0.015309113027301001,-5.122274160385132e-09,-2.9212402544982948e-15,0.0,0.0,0.0006,0.02831875,51822.0,,0.0070267214804374915,0.0,,1.0,0.0,0.0,,0.653182692152645,,,,,,,,OK,REVISAR,6.92903995513916e-07,0.0,2.7939677238464355e-09,71.5333002045614,0.0,6.78942406803817e-09,1.45750078672789e-13,2.57045030593872e-07,2.56505927609396e-12,1.96945782383512,12.8577800950596,46.4525645063968,16.9537487274266,4.83169060316868e-13,0.0,6.92903995513916e-07,0.0,0.0,0.0,0.0,0.0,0.0,0.0,0.0,0.0,0.0,1753458.70730678,71.5333002045614,0.0,4.6994537115097e-05,0.0,0.0,0.0,2359.0,0.0,305.0,0.0,0.0,0.0,0.0,1753458.70730678,1753458.70730678,-7.916241884231567e-09,4.5146440296791825e-15,igual,-268.4389753937721,OK,0.0,0,/clusteruy/home/mathiasr/generator-aware-row-scaling/results-revision/r5-ablation/sgtm-gurobi-01pct/resultados/instance052_estructurado_solo_local.csv,/clusteruy/home/mathiasr/generator-aware-row-scaling/results-revision/r5-ablation/sgtm-gurobi-01pct/resultados/instance052_estructurado_solo_local_postprocesado.csv,/clusteruy/home/mathiasr/generator-aware-row-scaling/results-revision/r5-ablation/sgtm-gurobi-01pct/logs/instance052_estructurado_solo_local.log
instance052.txt,estructurado_solo_acoplamiento,OK,0,0.44921064,0.00386445598165,1753458.7073067878,1753460.0,OPTIMAL,1753390.9456668876,1.0,6658.0,0.09,10080.0,6120.0,22679.0,9066.0,5685.0,21543.0,10.05952380952381,7.107843137254902,5.0090391992592265,3,Model contains large bounds | Model contains large matrix coefficient range | Model contains large rhs,0.0006,10000000000.0,0.003,100.0,40.0,8000000000.0,1.0,4000000000.0,1.0,1.0,1.0,1.0,16000000000000.0,16000000000000.0,1.0,1.0,0.040092764,0.489303404,1.0041430585882827,1.0041430585882827,0.9218651297181656,0.040092764,0.0892515903007106,0.0,0.0,0.0,0.0,0.0,1.0,1.0,7374990.0,,1.000000012562458,0.0,,1.0,0.0,0.0,,0.658912685284224,,,,,,,,OK,REVISAR,2.38418579101562e-07,0.0,2.0954757928848267e-09,71.5333002045614,0.0,3.77500533577366e-09,1.13686837721616e-13,1.72145664691922e-07,2.53663756666356e-12,1.96945782355831,12.8577800950596,46.4525645063967,16.9537487274266,1.13686837721616e-13,0.0,2.38418579101562e-07,0.0,0.0,0.0,0.0,0.0,0.0,0.0,0.0,0.0,0.0,1753458.70730679,71.5333002045614,0.0,4.6994537115097e-05,0.0,0.0,0.0,2359.0,0.0,305.0,0.0,0.0,0.0,0.0,1753458.70730679,1753458.70730679,2.0954757928848267e-09,1.195052831385666e-15,igual,0.0,OK,0.0,0,/clusteruy/home/mathiasr/generator-aware-row-scaling/results-revision/r5-ablation/sgtm-gurobi-01pct/resultados/instance052_estructurado_solo_acoplamiento.csv,/clusteruy/home/mathiasr/generator-aware-row-scaling/results-revision/r5-ablation/sgtm-gurobi-01pct/resultados/instance052_estructurado_solo_acoplamiento_postprocesado.csv,/clusteruy/home/mathiasr/generator-aware-row-scaling/results-revision/r5-ablation/sgtm-gurobi-01pct/logs/instance052_estructurado_solo_acoplamiento.log
instance052.txt,estructurado_matricial,OK,0,0.436663994,0.019173569009137,1753458.7073067673,1753460.0,OPTIMAL,1753122.5066914752,1.0,7014.0,0.09,10080.0,6120.0,22679.0,9067.0,5686.0,21544.0,10.049603174603174,7.091503267973856,5.004629833766921,1,Model contains large bounds,1e-05,100000.0,0.003,100.0,90.0,40000000.0,1.0,4000000000.0,0.0006,1.0,0.0022222222222222222,1.0,16000000000000.0,3664000000000.0,1.0,1.0,0.047947761,0.484611755,1.0329950538582762,1.0329950538582762,0.9307899392576642,0.047947761,0.10980470489627775,-0.015309113027487001,-2.0489096641540527e-08,-1.1684961017993179e-14,0.0,0.0,0.0006,0.229,586961.0,,0.07958804111919784,0.0,,1.0,0.0,0.0,,0.644149872026412,,,,,,,,OK,REVISAR,5.55068254470825e-07,0.0,2.561137080192566e-09,71.5333002045614,0.0,5.88360253845934e-09,1.54543045027822e-13,2.42143869400024e-07,2.56505927609396e-12,1.96945782304571,12.8577800950595,46.4525645063967,16.9537487274266,4.83169060316868e-13,0.0,5.55068254470825e-07,0.0,0.0,0.0,0.0,0.0,0.0,0.0,0.0,0.0,0.0,1753458.70730677,71.5333002045614,0.0,4.6994537115097e-05,0.0,0.0,0.0,2359.0,0.0,305.0,0.0,0.0,0.0,0.0,1753458.70730677,1753458.70730677,-1.792795956134796e-08,1.0224340890744032e-14,igual,-268.4389754123986,OK,0.0,0,/clusteruy/home/mathiasr/generator-aware-row-scaling/results-revision/r5-ablation/sgtm-gurobi-01pct/resultados/instance052_estructurado_matricial.csv,/clusteruy/home/mathiasr/generator-aware-row-scaling/results-revision/r5-ablation/sgtm-gurobi-01pct/resultados/instance052_estructurado_matricial_postprocesado.csv,/clusteruy/home/mathiasr/generator-aware-row-scaling/results-revision/r5-ablation/sgtm-gurobi-01pct/logs/instance052_estructurado_matricial.log
instance052.txt,matricial_solo_local,OK,0,0.434619998,0.019173569009137,1753458.7073067673,1753460.0,OPTIMAL,1753122.5066914752,1.0,7014.0,0.1,10080.0,6120.0,22679.0,9067.0,5686.0,21544.0,10.049603174603174,7.091503267973856,5.004629833766921,1,Model contains large bounds,1e-05,100000.0,0.003,100.0,90.0,40000000.0,1.0,4000000000.0,0.0006,1.0,0.0022222222222222222,1.0,16000000000000.0,3664000000000.0,1.0,1.0,0.047149763,0.481769761,1.0378531776625703,1.0378531776625703,0.9362807351456,0.047149763,0.10848502879980225,-0.015309113027487001,-2.0489096641540527e-08,-1.1684961017993179e-14,0.0,0.0,0.0006,0.229,586961.0,,0.07958804111919784,0.0,,1.0,0.0,0.0,,0.641992270441532,,,,,,,,OK,REVISAR,5.55068254470825e-07,0.0,2.561137080192566e-09,71.5333002045614,0.0,5.88360253845934e-09,1.54543045027822e-13,2.42143869400024e-07,2.56505927609396e-12,1.96945782304571,12.8577800950595,46.4525645063967,16.9537487274266,4.83169060316868e-13,0.0,5.55068254470825e-07,0.0,0.0,0.0,0.0,0.0,0.0,0.0,0.0,0.0,0.0,1753458.70730677,71.5333002045614,0.0,4.6994537115097e-05,0.0,0.0,0.0,2359.0,0.0,305.0,0.0,0.0,0.0,0.0,1753458.70730677,1753458.70730677,-1.792795956134796e-08,1.0224340890744032e-14,igual,-268.4389754123986,OK,0.0,0,/clusteruy/home/mathiasr/generator-aware-row-scaling/results-revision/r5-ablation/sgtm-gurobi-01pct/resultados/instance052_matricial_solo_local.csv,/clusteruy/home/mathiasr/generator-aware-row-scaling/results-revision/r5-ablation/sgtm-gurobi-01pct/resultados/instance052_matricial_solo_local_postprocesado.csv,/clusteruy/home/mathiasr/generator-aware-row-scaling/results-revision/r5-ablation/sgtm-gurobi-01pct/logs/instance052_matricial_solo_local.log
instance052.txt,matricial_solo_acoplamiento,OK,0,0.450919074,0.00386445598165,1753458.7073067878,1753460.0,OPTIMAL,1753390.9456668876,1.0,6658.0,0.09,10080.0,6120.0,22679.0,9066.0,5685.0,21543.0,10.05952380952381,7.107843137254902,5.0090391992592265,3,Model contains large bounds | Model contains large matrix coefficient range | Model contains large rhs,0.0006,10000000000.0,0.003,100.0,40.0,8000000000.0,1.0,4000000000.0,1.0,1.0,1.0,1.0,16000000000000.0,16000000000000.0,1.0,1.0,0.040961299,0.491880373,1.0003385796006492,1.0003385796006492,0.9170354638240465,0.040961299,0.09083957934323267,0.0,0.0,0.0,0.0,0.0,1.0,1.0,7374990.0,,1.000000012562458,0.0,,1.0,0.0,0.0,,0.658674772304365,,,,,,,,OK,REVISAR,2.38418579101562e-07,0.0,2.0954757928848267e-09,71.5333002045614,0.0,3.77500533577366e-09,1.13686837721616e-13,1.72145664691922e-07,2.53663756666356e-12,1.96945782355831,12.8577800950596,46.4525645063967,16.9537487274266,1.13686837721616e-13,0.0,2.38418579101562e-07,0.0,0.0,0.0,0.0,0.0,0.0,0.0,0.0,0.0,0.0,1753458.70730679,71.5333002045614,0.0,4.6994537115097e-05,0.0,0.0,0.0,2359.0,0.0,305.0,0.0,0.0,0.0,0.0,1753458.70730679,1753458.70730679,2.0954757928848267e-09,1.195052831385666e-15,igual,0.0,OK,0.0,0,/clusteruy/home/mathiasr/generator-aware-row-scaling/results-revision/r5-ablation/sgtm-gurobi-01pct/resultados/instance052_matricial_solo_acoplamiento.csv,/clusteruy/home/mathiasr/generator-aware-row-scaling/results-revision/r5-ablation/sgtm-gurobi-01pct/resultados/instance052_matricial_solo_acoplamiento_postprocesado.csv,/clusteruy/home/mathiasr/generator-aware-row-scaling/results-revision/r5-ablation/sgtm-gurobi-01pct/logs/instance052_matricial_solo_acoplamiento.log
instance053.txt,base,OK,0,104.491238291,1.47e-13,16439516.063221196,16439500.0,OPTIMAL,16439516.063221171,46069.0,3713032.0,0.08,10080.0,6120.0,22679.0,9063.0,5692.0,21604.0,10.089285714285714,6.993464052287582,4.740067904228582,3,Model contains large bounds | Model contains large matrix coefficient range | Model contains large rhs,0.0005,10000000000.0,0.004,100.0,40.0,10000000000.0,1.0,4000000000.0,,,,,,,,,0.0,104.491238291,1.0,1.0,1.0,0.0,0.0,0.0,,,0.0,,,,117013157.033077,,,96.66617,,0.796401,3.358978,96.66617,1.0,0.57835383999271,,,,,,,,BASE,BASE,,,,,,1.26794818197574e-09,7.105427357601e-14,5.21540641784668e-08,2.27373675443232e-13,0.43785016867739,0.0308053942699109,17.2132252623567,7.72522137738278,1.13686837721616e-13,2.3283064365387e-10,1.19209289550781e-07,0.0,0.0,0.0,0.0,0.0,0.0,0.0,0.0,0.0,0.0,16439516.0632212,42.0918943735988,2.3283064365387e-10,2.7436763048172e-05,0.0,0.0,0.0,533.0,0.0,158.0,0.0,0.0,0.0,0.0,16439516.0632212,,,,,,BASE,0.0,0,/clusteruy/home/mathiasr/generator-aware-row-scaling/results-revision/r5-ablation/sgtm-gurobi-01pct/resultados/instance053_base.csv,/clusteruy/home/mathiasr/generator-aware-row-scaling/results-revision/r5-ablation/sgtm-gurobi-01pct/resultados/instance053_base_postprocesado.csv,/clusteruy/home/mathiasr/generator-aware-row-scaling/results-revision/r5-ablation/sgtm-gurobi-01pct/logs/instance053_base.log
instance053.txt,estructurado,OK,0,104.225481484,5.7e-14,16439516.063221183,16439500.0,OPTIMAL,16439516.063221173,50130.0,1219414.0,0.09,10080.0,6120.0,22679.0,9063.0,5692.0,21604.0,10.089285714285714,6.993464052287582,4.740067904228582,1,Model contains large bounds,9e-06,100000.0,0.004,100.0,10.0,5000000.0,1.0,4000000000.0,0.0005555555555555556,1.0,0.002,1.0,25350000000000.0,508500000000.0,1.0,1.118,0.047149927,104.272631411,1.0025498256589085,1.0025498256589085,1.0020964933659182,0.047149927,0.000452383873201278,9.000000000000001e-14,-1.30385160446167e-08,-7.931204297300892e-16,0.0,0.0,0.0005555555555555556,0.020059171597633135,2110971.0,,0.01804045847086474,97.0,,1.0,3.0,97.0,0.9965584536082474,0.577119184790822,,,,,,,,OK,REVISAR,2.98023223876953e-07,0.0,1.6763806343078613e-08,42.0918943735988,0.0,2.32000131000071e-09,1.13686837721616e-13,9.39145684242216e-08,3.27737836869346e-13,0.437664518330766,0.0308053942699109,17.0248383041596,7.72522137738275,2.27373675443232e-13,2.3283064365387e-10,2.98023223876953e-07,0.0,0.0,0.0,0.0,0.0,0.0,0.0,0.0,0.0,0.0,16439516.0632212,42.0918943735988,2.3283064365387e-10,2.7436763048172e-05,0.0,0.0,0.0,533.0,0.0,158.0,0.0,0.0,0.0,0.0,16439516.0632212,16439516.0632212,3.725290298461914e-09,2.2660583706573977e-16,igual,1.862645149230957e-09,DIFIERE,6131000.0,328,/clusteruy/home/mathiasr/generator-aware-row-scaling/results-revision/r5-ablation/sgtm-gurobi-01pct/resultados/instance053_estructurado.csv,/clusteruy/home/mathiasr/generator-aware-row-scaling/results-revision/r5-ablation/sgtm-gurobi-01pct/resultados/instance053_estructurado_postprocesado.csv,/clusteruy/home/mathiasr/generator-aware-row-scaling/results-revision/r5-ablation/sgtm-gurobi-01pct/logs/instance053_estructurado.log
instance053.txt,estructurado_solo_local,OK,0,108.227948936,5.7e-14,16439516.063221183,16439500.0,OPTIMAL,16439516.063221173,50130.0,1219414.0,0.09,10080.0,6120.0,22679.0,9063.0,5692.0,21604.0,10.089285714285714,6.993464052287582,4.740067904228582,1,Model contains large bounds,9e-06,100000.0,0.004,100.0,10.0,5000000.0,1.0,4000000000.0,0.0005555555555555556,1.0,0.002,1.0,25350000000000.0,508500000000.0,1.0,1.118,0.046558058,108.274506994,0.9654736998923478,0.9654736998923478,0.965058546023122,0.046558058,0.0004301851643472598,9.000000000000001e-14,-1.30385160446167e-08,-7.931204297300892e-16,0.0,0.0,0.0005555555555555556,0.020059171597633135,2110971.0,,0.01804045847086474,97.0,,1.0,3.0,97.0,0.9965584536082474,0.563375394449332,,,,,,,,OK,REVISAR,2.98023223876953e-07,0.0,1.6763806343078613e-08,42.0918943735988,0.0,2.32000131000071e-09,1.13686837721616e-13,9.39145684242216e-08,3.27737836869346e-13,0.437664518330766,0.0308053942699109,17.0248383041596,7.72522137738275,2.27373675443232e-13,2.3283064365387e-10,2.98023223876953e-07,0.0,0.0,0.0,0.0,0.0,0.0,0.0,0.0,0.0,0.0,16439516.0632212,42.0918943735988,2.3283064365387e-10,2.7436763048172e-05,0.0,0.0,0.0,533.0,0.0,158.0,0.0,0.0,0.0,0.0,16439516.0632212,16439516.0632212,3.725290298461914e-09,2.2660583706573977e-16,igual,1.862645149230957e-09,DIFIERE,6131000.0,328,/clusteruy/home/mathiasr/generator-aware-row-scaling/results-revision/r5-ablation/sgtm-gurobi-01pct/resultados/instance053_estructurado_solo_local.csv,/clusteruy/home/mathiasr/generator-aware-row-scaling/results-revision/r5-ablation/sgtm-gurobi-01pct/resultados/instance053_estructurado_solo_local_postprocesado.csv,/clusteruy/home/mathiasr/generator-aware-row-scaling/results-revision/r5-ablation/sgtm-gurobi-01pct/logs/instance053_estructurado_solo_local.log
instance053.txt,estructurado_solo_acoplamiento,OK,0,105.987679041,1.47e-13,16439516.063221196,16439500.0,OPTIMAL,16439516.063221171,46069.0,3713032.0,0.08,10080.0,6120.0,22679.0,9063.0,5692.0,21604.0,10.089285714285714,6.993464052287582,4.740067904228582,3,Model contains large bounds | Model contains large matrix coefficient range | Model contains large rhs,0.0005,10000000000.0,0.004,100.0,40.0,10000000000.0,1.0,4000000000.0,1.0,1.0,1.0,1.0,25350000000000.0,25350000000000.0,1.0,1.0,0.040093944,106.02777298500001,0.9858809933046923,0.9858809933046923,0.9855081866690024,0.040093944,0.00037828872528183357,0.0,0.0,0.0,0.0,0.0,1.0,1.0,117013157.0,,0.9999999997173223,97.0,,1.0,3.0,97.0,0.9965584536082474,0.571236517589665,,,,,,,,OK,REVISAR,1.19209289550781e-07,0.0,3.725290298461914e-09,42.0918943735988,0.0,1.26794818197574e-09,7.105427357601e-14,5.21540641784668e-08,2.27373675443232e-13,0.43785016867739,0.0308053942699109,17.2132252623567,7.72522137738278,1.13686837721616e-13,2.3283064365387e-10,1.19209289550781e-07,0.0,0.0,0.0,0.0,0.0,0.0,0.0,0.0,0.0,0.0,16439516.0632212,42.0918943735988,2.3283064365387e-10,2.7436763048172e-05,0.0,0.0,0.0,533.0,0.0,158.0,0.0,0.0,0.0,0.0,16439516.0632212,16439516.0632212,3.725290298461914e-09,2.2660583706573977e-16,igual,0.0,OK,0.0,0,/clusteruy/home/mathiasr/generator-aware-row-scaling/results-revision/r5-ablation/sgtm-gurobi-01pct/resultados/instance053_estructurado_solo_acoplamiento.csv,/clusteruy/home/mathiasr/generator-aware-row-scaling/results-revision/r5-ablation/sgtm-gurobi-01pct/resultados/instance053_estructurado_solo_acoplamiento_postprocesado.csv,/clusteruy/home/mathiasr/generator-aware-row-scaling/results-revision/r5-ablation/sgtm-gurobi-01pct/logs/instance053_estructurado_solo_acoplamiento.log
instance053.txt,estructurado_matricial,OK,0,133.958851954,0.077707641058081,16439516.06322122,16439500.0,OPTIMAL,16426741.303087126,46450.0,3632249.0,0.09,10080.0,6120.0,22679.0,9063.0,5692.0,21604.0,10.089285714285714,6.993464052287582,4.740067904228582,1,Model contains large bounds,9e-06,100000.0,0.004,100.0,60.0,30000000.0,1.0,4000000000.0,0.0005555555555555556,1.0,0.002,1.0,25350000000000.0,3140000000000.0,1.0,1.0,0.047909184,134.006761138,0.7800248864993344,0.7800248864993344,0.7797460173177012,0.047909184,0.00035764104649427334,-0.07770764105793401,2.421438694000244e-08,1.4729379409273086e-15,0.0,0.0,0.0005555555555555556,0.12386587771203156,8616430.0,,0.07363642019815198,114.0,,1.0,4.0,114.0,0.8479488596491227,0.518876871799449,,,,,,,,OK,REVISAR,2.86847352981567e-07,0.0,2.0489096641540527e-08,42.0918943735988,0.0,2.08276377498267e-09,1.13686837721616e-13,8.19563865661621e-08,2.55795384873636e-13,0.437546450147934,0.0309992264858435,17.2132252623567,7.72522137738275,2.27373675443232e-13,2.3283064365387e-10,2.86847352981567e-07,0.0,0.0,0.0,0.0,0.0,0.0,0.0,0.0,0.0,0.0,16439516.0632212,42.0918943735988,2.3283064365387e-10,2.7436763048172e-05,0.0,0.0,0.0,533.0,0.0,158.0,0.0,0.0,0.0,0.0,16439516.0632212,16439516.0632212,3.725290298461914e-09,2.2660583706573977e-16,igual,-12774.760134045035,DIFIERE,2090000.0,104,/clusteruy/home/mathiasr/generator-aware-row-scaling/results-revision/r5-ablation/sgtm-gurobi-01pct/resultados/instance053_estructurado_matricial.csv,/clusteruy/home/mathiasr/generator-aware-row-scaling/results-revision/r5-ablation/sgtm-gurobi-01pct/resultados/instance053_estructurado_matricial_postprocesado.csv,/clusteruy/home/mathiasr/generator-aware-row-scaling/results-revision/r5-ablation/sgtm-gurobi-01pct/logs/instance053_estructurado_matricial.log
instance053.txt,matricial_solo_local,OK,0,121.077266411,0.077707641058081,16439516.06322122,16439500.0,OPTIMAL,16426741.303087126,46450.0,3632249.0,0.09,10080.0,6120.0,22679.0,9063.0,5692.0,21604.0,10.089285714285714,6.993464052287582,4.740067904228582,1,Model contains large bounds,9e-06,100000.0,0.004,100.0,60.0,30000000.0,1.0,4000000000.0,0.0005555555555555556,1.0,0.002,1.0,25350000000000.0,3140000000000.0,1.0,1.0,0.046992309,121.12425872,0.8630128626814362,0.8630128626814362,0.8626780415024033,0.046992309,0.0003881183511401997,-0.07770764105793401,2.421438694000244e-08,1.4729379409273086e-15,0.0,0.0,0.0005555555555555556,0.12386587771203156,8616430.0,,0.07363642019815198,114.0,,1.0,7.0,114.0,0.8479488596491227,0.518637092060468,,,,,,,,OK,REVISAR,2.86847352981567e-07,0.0,2.0489096641540527e-08,42.0918943735988,0.0,2.08276377498267e-09,1.13686837721616e-13,8.19563865661621e-08,2.55795384873636e-13,0.437546450147934,0.0309992264858435,17.2132252623567,7.72522137738275,2.27373675443232e-13,2.3283064365387e-10,2.86847352981567e-07,0.0,0.0,0.0,0.0,0.0,0.0,0.0,0.0,0.0,0.0,16439516.0632212,42.0918943735988,2.3283064365387e-10,2.7436763048172e-05,0.0,0.0,0.0,533.0,0.0,158.0,0.0,0.0,0.0,0.0,16439516.0632212,16439516.0632212,3.725290298461914e-09,2.2660583706573977e-16,igual,-12774.760134045035,DIFIERE,2090000.0,104,/clusteruy/home/mathiasr/generator-aware-row-scaling/results-revision/r5-ablation/sgtm-gurobi-01pct/resultados/instance053_matricial_solo_local.csv,/clusteruy/home/mathiasr/generator-aware-row-scaling/results-revision/r5-ablation/sgtm-gurobi-01pct/resultados/instance053_matricial_solo_local_postprocesado.csv,/clusteruy/home/mathiasr/generator-aware-row-scaling/results-revision/r5-ablation/sgtm-gurobi-01pct/logs/instance053_matricial_solo_local.log
instance053.txt,matricial_solo_acoplamiento,OK,0,101.520256114,1.47e-13,16439516.063221196,16439500.0,OPTIMAL,16439516.063221171,46069.0,3713032.0,0.08,10080.0,6120.0,22679.0,9063.0,5692.0,21604.0,10.089285714285714,6.993464052287582,4.740067904228582,3,Model contains large bounds | Model contains large matrix coefficient range | Model contains large rhs,0.0005,10000000000.0,0.004,100.0,40.0,10000000000.0,1.0,4000000000.0,1.0,1.0,1.0,1.0,25350000000000.0,25350000000000.0,1.0,1.0,0.041340804,101.561596918,1.029264920033927,1.029264920033927,1.0288459561675203,0.041340804,0.0004072172941878439,0.0,0.0,0.0,0.0,0.0,1.0,1.0,117013157.0,,0.9999999997173223,97.0,,1.0,3.0,97.0,0.9965584536082474,0.553062522712799,,,,,,,,OK,REVISAR,1.19209289550781e-07,0.0,3.725290298461914e-09,42.0918943735988,0.0,1.26794818197574e-09,7.105427357601e-14,5.21540641784668e-08,2.27373675443232e-13,0.43785016867739,0.0308053942699109,17.2132252623567,7.72522137738278,1.13686837721616e-13,2.3283064365387e-10,1.19209289550781e-07,0.0,0.0,0.0,0.0,0.0,0.0,0.0,0.0,0.0,0.0,16439516.0632212,42.0918943735988,2.3283064365387e-10,2.7436763048172e-05,0.0,0.0,0.0,533.0,0.0,158.0,0.0,0.0,0.0,0.0,16439516.0632212,16439516.0632212,3.725290298461914e-09,2.2660583706573977e-16,igual,0.0,OK,0.0,0,/clusteruy/home/mathiasr/generator-aware-row-scaling/results-revision/r5-ablation/sgtm-gurobi-01pct/resultados/instance053_matricial_solo_acoplamiento.csv,/clusteruy/home/mathiasr/generator-aware-row-scaling/results-revision/r5-ablation/sgtm-gurobi-01pct/resultados/instance053_matricial_solo_acoplamiento_postprocesado.csv,/clusteruy/home/mathiasr/generator-aware-row-scaling/results-revision/r5-ablation/sgtm-gurobi-01pct/logs/instance053_matricial_solo_acoplamiento.log
instance057.txt,base,OK,0,2.797949139,0.092096365386682,-21913097.799192853,-21913100.0,OPTIMAL,-21933278.96580954,867.0,31921.0,0.1,10080.0,6120.0,22679.0,8934.0,5682.0,21307.0,11.369047619047619,7.1568627450980395,6.049649455443362,3,Model contains large bounds | Model contains large matrix coefficient range | Model contains large rhs,0.0007,10000000000.0,0.01,100.0,40.0,9000000000.0,1.0,4000000000.0,,,,,,,,,0.0,2.797949139,1.0,1.0,1.0,0.0,0.0,0.0,,,0.0,,,,191820856.500216,,,1.66071,,0.032809,0.963382,1.66071,1.0,0.108155446285517,,,,,,,,BASE,BASE,,,,,,3.59182350294296e-09,1.03073105606199e-13,1.52736902236938e-07,1.48980632275197e-08,0.812599770239016,3.42728801323496,22.6305344362024,13.977927863821,5.6843418860808e-13,1.16415321826935e-10,2.34693288803101e-07,0.0,0.0,0.0,0.0,0.0,0.0,0.0,0.0,0.0,0.0,-21913097.7991928,52.139827704658,1.16415321826935e-10,3.3937394618988e-05,0.0,0.0,0.0,1849.0,0.0,226.0,0.0,0.0,0.0,0.0,-21913097.7991928,,,,,,BASE,0.0,0,/clusteruy/home/mathiasr/generator-aware-row-scaling/results-revision/r5-ablation/sgtm-gurobi-01pct/resultados/instance057_base.csv,/clusteruy/home/mathiasr/generator-aware-row-scaling/results-revision/r5-ablation/sgtm-gurobi-01pct/resultados/instance057_base_postprocesado.csv,/clusteruy/home/mathiasr/generator-aware-row-scaling/results-revision/r5-ablation/sgtm-gurobi-01pct/logs/instance057_base.log
instance057.txt,estructurado,OK,0,1.515156635,0.095131669402314,-21917683.855584033,-21917700.0,OPTIMAL,-21938534.51413017,88.0,9720.0,0.1,10080.0,6120.0,22679.0,8934.0,5682.0,21307.0,11.369047619047619,7.1568627450980395,6.049649455443362,1,Model contains large bounds,9e-06,100000.0,0.01,100.0,10.0,4000000.0,1.0,4000000000.0,0.0007777777777777777,1.0,0.0017777777777777779,1.0,16770000000000.0,473000000000.0,1.0,1.118,0.04657604,1.561732675,1.8466401917581279,1.8466401917581279,1.7915672661455968,0.04657604,0.030740082526187134,-0.0030353040156319983,-4586.056391179562,-0.00020928380063856076,-4600.0,-0.0002099200934600764,0.0007777777777777777,0.028205128205128206,3499634.0,,0.018244283045394803,1.0,,0.0,1.0,1.0,1.66071,0.17897762764203,,,,,,,,OK,REVISAR,1.76578760147095e-06,0.0,3.3527612686157227e-08,51.7541270506697,0.0,7.37621120686843e-09,1.13686837721616e-13,3.05473804473877e-07,2.1600499167107e-12,0.80350168858123,3.31373683149825,22.9094493819958,13.8745271401167,6.25277607468888e-13,1.16415321826935e-10,1.76578760147095e-06,0.0,0.0,0.0,0.0,0.0,1.0,0.0,0.0,0.0,0.0,-21917683.855584,51.7541270506697,1.16415321826935e-10,3.41571867465973e-05,0.0,0.0,0.0,1838.0,0.0,229.0,0.0,0.0,0.0,0.0,-21917683.855584,-21917683.855584,-4586.056391146034,0.00020928380063703074,mejora,-5255.548320632428,DIFIERE,15160000.0,1422,/clusteruy/home/mathiasr/generator-aware-row-scaling/results-revision/r5-ablation/sgtm-gurobi-01pct/resultados/instance057_estructurado.csv,/clusteruy/home/mathiasr/generator-aware-row-scaling/results-revision/r5-ablation/sgtm-gurobi-01pct/resultados/instance057_estructurado_postprocesado.csv,/clusteruy/home/mathiasr/generator-aware-row-scaling/results-revision/r5-ablation/sgtm-gurobi-01pct/logs/instance057_estructurado.log
instance057.txt,estructurado_solo_local,OK,0,1.461599445,0.095131669402314,-21917683.855584033,-21917700.0,OPTIMAL,-21938534.51413017,88.0,9720.0,0.1,10080.0,6120.0,22679.0,8934.0,5682.0,21307.0,11.369047619047619,7.1568627450980395,6.049649455443362,1,Model contains large bounds,9e-06,100000.0,0.01,100.0,10.0,4000000.0,1.0,4000000000.0,0.0007777777777777777,1.0,0.0017777777777777779,1.0,16770000000000.0,473000000000.0,1.0,1.118,0.046395448,1.507994893,1.9143063775588667,1.9143063775588667,1.8554102218700286,0.046395448,0.03174292940430064,-0.0030353040156319983,-4586.056391179562,-0.00020928380063856076,-4600.0,-0.0002099200934600764,0.0007777777777777777,0.028205128205128206,3499634.0,,0.018244283045394803,1.0,,0.0,1.0,1.0,1.66071,0.173673653731414,,,,,,,,OK,REVISAR,1.76578760147095e-06,0.0,3.3527612686157227e-08,51.7541270506697,0.0,7.37621120686843e-09,1.13686837721616e-13,3.05473804473877e-07,2.1600499167107e-12,0.80350168858123,3.31373683149825,22.9094493819958,13.8745271401167,6.25277607468888e-13,1.16415321826935e-10,1.76578760147095e-06,0.0,0.0,0.0,0.0,0.0,1.0,0.0,0.0,0.0,0.0,-21917683.855584,51.7541270506697,1.16415321826935e-10,3.41571867465973e-05,0.0,0.0,0.0,1838.0,0.0,229.0,0.0,0.0,0.0,0.0,-21917683.855584,-21917683.855584,-4586.056391146034,0.00020928380063703074,mejora,-5255.548320632428,DIFIERE,15160000.0,1422,/clusteruy/home/mathiasr/generator-aware-row-scaling/results-revision/r5-ablation/sgtm-gurobi-01pct/resultados/instance057_estructurado_solo_local.csv,/clusteruy/home/mathiasr/generator-aware-row-scaling/results-revision/r5-ablation/sgtm-gurobi-01pct/resultados/instance057_estructurado_solo_local_postprocesado.csv,/clusteruy/home/mathiasr/generator-aware-row-scaling/results-revision/r5-ablation/sgtm-gurobi-01pct/logs/instance057_estructurado_solo_local.log
instance057.txt,estructurado_solo_acoplamiento,OK,0,2.833352735,0.092096365386682,-21913097.799192853,-21913100.0,OPTIMAL,-21933278.96580954,867.0,31921.0,0.1,10080.0,6120.0,22679.0,8934.0,5682.0,21307.0,11.369047619047619,7.1568627450980395,6.049649455443362,3,Model contains large bounds | Model contains large matrix coefficient range | Model contains large rhs,0.0007,10000000000.0,0.01,100.0,40.0,9000000000.0,1.0,4000000000.0,1.0,1.0,1.0,1.0,16770000000000.0,16770000000000.0,1.0,1.0,0.040112719,2.873465454,0.9875046987398834,0.9875046987398834,0.973719428262178,0.040112719,0.014157333290872447,0.0,0.0,0.0,0.0,0.0,1.0,1.0,191820857.0,,1.0000000026054727,2.0,,0.0,1.0,2.0,0.830355,0.10807720163024,,,,,,,,OK,REVISAR,2.34693288803101e-07,0.0,5.21540641784668e-08,52.139827704658,0.0,3.59182350294296e-09,1.03073105606199e-13,1.52736902236938e-07,1.48980632275197e-08,0.812599770239016,3.42728801323496,22.6305344362024,13.977927863821,5.6843418860808e-13,1.16415321826935e-10,2.34693288803101e-07,0.0,0.0,0.0,0.0,0.0,0.0,0.0,0.0,0.0,0.0,-21913097.7991928,52.139827704658,1.16415321826935e-10,3.3937394618988e-05,0.0,0.0,0.0,1849.0,0.0,226.0,0.0,0.0,0.0,0.0,-21913097.7991928,-21913097.7991928,5.21540641784668e-08,2.3800406796152684e-15,igual,0.0,OK,0.0,0,/clusteruy/home/mathiasr/generator-aware-row-scaling/results-revision/r5-ablation/sgtm-gurobi-01pct/resultados/instance057_estructurado_solo_acoplamiento.csv,/clusteruy/home/mathiasr/generator-aware-row-scaling/results-revision/r5-ablation/sgtm-gurobi-01pct/resultados/instance057_estructurado_solo_acoplamiento_postprocesado.csv,/clusteruy/home/mathiasr/generator-aware-row-scaling/results-revision/r5-ablation/sgtm-gurobi-01pct/logs/instance057_estructurado_solo_acoplamiento.log
instance057.txt,estructurado_matricial,OK,0,2.481981842,0.01806184756804,-21924351.043026503,-21924400.0,OPTIMAL,-21928310.985892177,766.0,42077.0,0.1,10080.0,6120.0,22679.0,8934.0,5682.0,21307.0,11.369047619047619,7.1568627450980395,6.049649455443362,1,Model contains large bounds,9e-06,100000.0,0.01,100.0,60.0,40000000.0,1.0,4000000000.0,0.0007777777777777777,1.0,0.002962962962962963,1.0,16770000000000.0,4522000000000.0,1.0,1.0,0.047879171,2.529861013,1.1273044353722552,1.1273044353722552,1.1059695076616447,0.047879171,0.019290701563480655,0.07403451781864201,-11253.243833649904,-0.0005135396162045334,-11300.0,-0.0005156732730649703,0.0007777777777777777,0.26964818127608825,12386729.0,,0.06457446403898238,2.0,,0.0,1.0,2.0,0.830355,0.118072413715751,,,,,,,,OK,REVISAR,6.48200511932373e-07,0.0,3.725290298461914e-09,51.7541270506696,0.0,5.45961578210739e-09,1.19060317160801e-13,2.14595347642897e-07,2.78532752417959e-12,0.800074538315743,3.31500442325872,22.4848115550468,13.8745271401168,2.27373675443232e-13,1.16415321826935e-10,6.48200511932373e-07,0.0,0.0,0.0,0.0,0.0,0.0,0.0,0.0,0.0,0.0,-21924351.0430265,51.7541270506696,1.16415321826935e-10,3.41534614562988e-05,0.0,0.0,0.0,1844.0,0.0,228.0,0.0,0.0,0.0,0.0,-21924351.0430265,-21924351.0430265,-11253.243833646178,0.0005135396162043634,mejora,4967.979917362332,DIFIERE,12010000.0,1296,/clusteruy/home/mathiasr/generator-aware-row-scaling/results-revision/r5-ablation/sgtm-gurobi-01pct/resultados/instance057_estructurado_matricial.csv,/clusteruy/home/mathiasr/generator-aware-row-scaling/results-revision/r5-ablation/sgtm-gurobi-01pct/resultados/instance057_estructurado_matricial_postprocesado.csv,/clusteruy/home/mathiasr/generator-aware-row-scaling/results-revision/r5-ablation/sgtm-gurobi-01pct/logs/instance057_estructurado_matricial.log
instance057.txt,matricial_solo_local,OK,0,2.684847567,0.01806184756804,-21924351.043026503,-21924400.0,OPTIMAL,-21928310.985892177,766.0,42077.0,0.1,10080.0,6120.0,22679.0,8934.0,5682.0,21307.0,11.369047619047619,7.1568627450980395,6.049649455443362,1,Model contains large bounds,9e-06,100000.0,0.01,100.0,60.0,40000000.0,1.0,4000000000.0,0.0007777777777777777,1.0,0.002962962962962963,1.0,16770000000000.0,4522000000000.0,1.0,1.0,0.04706365,2.731911217,1.0421258820761947,1.0421258820761947,1.0241727921423882,0.04706365,0.017529356444093425,0.07403451781864201,-11253.243833649904,-0.0005135396162045334,-11300.0,-0.0005156732730649703,0.0007777777777777777,0.26964818127608825,12386729.0,,0.06457446403898238,2.0,,0.0,1.0,2.0,0.830355,0.110073954947667,,,,,,,,OK,REVISAR,6.48200511932373e-07,0.0,3.725290298461914e-09,51.7541270506696,0.0,5.45961578210739e-09,1.19060317160801e-13,2.14595347642897e-07,2.78532752417959e-12,0.800074538315743,3.31500442325872,22.4848115550468,13.8745271401168,2.27373675443232e-13,1.16415321826935e-10,6.48200511932373e-07,0.0,0.0,0.0,0.0,0.0,0.0,0.0,0.0,0.0,0.0,-21924351.0430265,51.7541270506696,1.16415321826935e-10,3.41534614562988e-05,0.0,0.0,0.0,1844.0,0.0,228.0,0.0,0.0,0.0,0.0,-21924351.0430265,-21924351.0430265,-11253.243833646178,0.0005135396162043634,mejora,4967.979917362332,DIFIERE,12010000.0,1296,/clusteruy/home/mathiasr/generator-aware-row-scaling/results-revision/r5-ablation/sgtm-gurobi-01pct/resultados/instance057_matricial_solo_local.csv,/clusteruy/home/mathiasr/generator-aware-row-scaling/results-revision/r5-ablation/sgtm-gurobi-01pct/resultados/instance057_matricial_solo_local_postprocesado.csv,/clusteruy/home/mathiasr/generator-aware-row-scaling/results-revision/r5-ablation/sgtm-gurobi-01pct/logs/instance057_matricial_solo_local.log
instance057.txt,matricial_solo_acoplamiento,OK,0,2.623381605,0.092096365386682,-21913097.799192853,-21913100.0,OPTIMAL,-21933278.96580954,867.0,31921.0,0.1,10080.0,6120.0,22679.0,8934.0,5682.0,21307.0,11.369047619047619,7.1568627450980395,6.049649455443362,3,Model contains large bounds | Model contains large matrix coefficient range | Model contains large rhs,0.0007,10000000000.0,0.01,100.0,40.0,9000000000.0,1.0,4000000000.0,1.0,1.0,1.0,1.0,16770000000000.0,16770000000000.0,1.0,1.0,0.041282112,2.6646637170000003,1.0665429435303218,1.0665429435303218,1.050019603280394,0.041282112,0.015736220731790942,0.0,0.0,0.0,0.0,0.0,1.0,1.0,191820857.0,,1.0000000026054727,2.0,,0.0,1.0,2.0,0.830355,0.115678678067052,,,,,,,,OK,REVISAR,2.34693288803101e-07,0.0,5.21540641784668e-08,52.139827704658,0.0,3.59182350294296e-09,1.03073105606199e-13,1.52736902236938e-07,1.48980632275197e-08,0.812599770239016,3.42728801323496,22.6305344362024,13.977927863821,5.6843418860808e-13,1.16415321826935e-10,2.34693288803101e-07,0.0,0.0,0.0,0.0,0.0,0.0,0.0,0.0,0.0,0.0,-21913097.7991928,52.139827704658,1.16415321826935e-10,3.3937394618988e-05,0.0,0.0,0.0,1849.0,0.0,226.0,0.0,0.0,0.0,0.0,-21913097.7991928,-21913097.7991928,5.21540641784668e-08,2.3800406796152684e-15,igual,0.0,OK,0.0,0,/clusteruy/home/mathiasr/generator-aware-row-scaling/results-revision/r5-ablation/sgtm-gurobi-01pct/resultados/instance057_matricial_solo_acoplamiento.csv,/clusteruy/home/mathiasr/generator-aware-row-scaling/results-revision/r5-ablation/sgtm-gurobi-01pct/resultados/instance057_matricial_solo_acoplamiento_postprocesado.csv,/clusteruy/home/mathiasr/generator-aware-row-scaling/results-revision/r5-ablation/sgtm-gurobi-01pct/logs/instance057_matricial_solo_acoplamiento.log
instance058.txt,base,OK,0,88.267825872,4.8e-14,31271693.78842832,31271700.0,OPTIMAL,31271693.788428307,33036.0,3588762.0,0.1,10080.0,6120.0,22679.0,8768.0,5535.0,20904.0,13.015873015873016,9.558823529411764,7.826623748842541,3,Model contains large bounds | Model contains large matrix coefficient range | Model contains large rhs,0.0006,10000000000.0,0.003,100.0,40.0,10000000000.0,1.0,4000000000.0,,,,,,,,,0.0,88.267825872,1.0,1.0,1.0,0.0,0.0,0.0,,,0.0,,,,236688581.240439,,,79.61442,,0.767593,3.026063,79.61442,1.0,0.672055161370776,,,,,,,,BASE,BASE,,,,,,8.66834890061346e-10,5.6843418860808e-14,1.86264514923096e-08,2.46913600676635e-13,0.182962124138385,1.4210854715202e-13,5.24413558311765,8.99069942088431,1.13686837721616e-13,0.0,2.38418579101562e-07,0.0,0.0,0.0,0.0,0.0,0.0,0.0,0.0,0.0,0.0,31271693.7884283,39.0506508782523,0.0,2.53748148679733e-05,0.0,0.0,0.0,190.0,0.0,62.0,0.0,0.0,0.0,0.0,31271693.7884283,,,,,,BASE,0.0,0,/clusteruy/home/mathiasr/generator-aware-row-scaling/results-revision/r5-ablation/sgtm-gurobi-01pct/resultados/instance058_base.csv,/clusteruy/home/mathiasr/generator-aware-row-scaling/results-revision/r5-ablation/sgtm-gurobi-01pct/resultados/instance058_base_postprocesado.csv,/clusteruy/home/mathiasr/generator-aware-row-scaling/results-revision/r5-ablation/sgtm-gurobi-01pct/logs/instance058_base.log
instance058.txt,estructurado,OK,0,87.293630377,0.07666959109683,31279205.845321167,31279200.0,OPTIMAL,31255224.206101224,24841.0,3336901.0,0.11,10080.0,6120.0,22679.0,8769.0,5536.0,20905.0,13.005952380952381,9.542483660130719,7.822214383350236,1,Model contains large bounds,9e-06,100000.0,0.003,100.0,10.0,5000000.0,1.0,4000000000.0,0.0006666666666666665,1.0,0.002,1.0,19560000000000.0,577200000000.0,1.0,1.118,0.046824979,87.34045535599999,1.011159983732979,1.011159983732979,1.010617880479556,0.046824979,0.0005364077401498172,-0.076669591096782,7512.05689284578,0.0002402190602040724,7500.0,0.00023983345964562208,0.0006666666666666665,0.02950920245398773,3177369.0,,0.013424259773530369,74.0,,1.0,3.0,74.0,1.0758705405405404,0.650534828917974,,,,,,,,OK,REVISAR,9.5367431640625e-07,0.0,3.3527612686157227e-08,43.6642714805931,0.0,2.71325781416935e-09,5.6843418860808e-14,9.01892781257597e-08,1.36708422360243e-11,0.180073945942754,5.0079052016371e-12,5.05328942268921,10.0529013341639,6.13908923696727e-12,0.0,9.5367431640625e-07,0.0,0.0,0.0,0.0,0.0,0.0,0.0,0.0,0.0,0.0,31279205.8453212,43.6642714805931,0.0,2.87201255559921e-05,0.0,0.0,0.0,177.0,0.0,62.0,0.0,0.0,0.0,0.0,31279205.8453212,31279205.8453212,7512.056892879307,0.00024021906020514454,empeora,-16469.582327082753,DIFIERE,14110000.0,560,/clusteruy/home/mathiasr/generator-aware-row-scaling/results-revision/r5-ablation/sgtm-gurobi-01pct/resultados/instance058_estructurado.csv,/clusteruy/home/mathiasr/generator-aware-row-scaling/results-revision/r5-ablation/sgtm-gurobi-01pct/resultados/instance058_estructurado_postprocesado.csv,/clusteruy/home/mathiasr/generator-aware-row-scaling/results-revision/r5-ablation/sgtm-gurobi-01pct/logs/instance058_estructurado.log
instance058.txt,estructurado_solo_local,OK,0,84.799619102,0.07666959109683,31279205.845321167,31279200.0,OPTIMAL,31255224.206101224,24841.0,3336901.0,0.11,10080.0,6120.0,22679.0,8769.0,5536.0,20905.0,13.005952380952381,9.542483660130719,7.822214383350236,1,Model contains large bounds,9e-06,100000.0,0.003,100.0,10.0,5000000.0,1.0,4000000000.0,0.0006666666666666665,1.0,0.002,1.0,19560000000000.0,577200000000.0,1.0,1.118,0.046447309,84.846066411,1.0408988484468111,1.0408988484468111,1.0403290288606284,0.046447309,0.0005477301607231458,-0.076669591096782,7512.05689284578,0.0002402190602040724,7500.0,0.00023983345964562208,0.0006666666666666665,0.02950920245398773,3177369.0,,0.013424259773530369,74.0,,1.0,3.0,74.0,1.0758705405405404,0.654579222385751,,,,,,,,OK,REVISAR,9.5367431640625e-07,0.0,3.3527612686157227e-08,43.6642714805931,0.0,2.71325781416935e-09,5.6843418860808e-14,9.01892781257597e-08,1.36708422360243e-11,0.180073945942754,5.0079052016371e-12,5.05328942268921,10.0529013341639,6.13908923696727e-12,0.0,9.5367431640625e-07,0.0,0.0,0.0,0.0,0.0,0.0,0.0,0.0,0.0,0.0,31279205.8453212,43.6642714805931,0.0,2.87201255559921e-05,0.0,0.0,0.0,177.0,0.0,62.0,0.0,0.0,0.0,0.0,31279205.8453212,31279205.8453212,7512.056892879307,0.00024021906020514454,empeora,-16469.582327082753,DIFIERE,14110000.0,560,/clusteruy/home/mathiasr/generator-aware-row-scaling/results-revision/r5-ablation/sgtm-gurobi-01pct/resultados/instance058_estructurado_solo_local.csv,/clusteruy/home/mathiasr/generator-aware-row-scaling/results-revision/r5-ablation/sgtm-gurobi-01pct/resultados/instance058_estructurado_solo_local_postprocesado.csv,/clusteruy/home/mathiasr/generator-aware-row-scaling/results-revision/r5-ablation/sgtm-gurobi-01pct/logs/instance058_estructurado_solo_local.log
instance058.txt,estructurado_solo_acoplamiento,OK,0,97.813667657,4.8e-14,31271693.78842832,31271700.0,OPTIMAL,31271693.788428307,33036.0,3588762.0,0.1,10080.0,6120.0,22679.0,8768.0,5535.0,20904.0,13.015873015873016,9.558823529411764,7.826623748842541,3,Model contains large bounds | Model contains large matrix coefficient range | Model contains large rhs,0.0006,10000000000.0,0.003,100.0,40.0,10000000000.0,1.0,4000000000.0,1.0,1.0,1.0,1.0,19560000000000.0,19560000000000.0,1.0,1.0,0.04033192,97.853999577,0.9024078943806291,0.9024078943806291,0.9020359541108306,0.04033192,0.0004123341958859025,0.0,0.0,0.0,0.0,0.0,1.0,1.0,236688581.0,,0.9999999989841546,80.0,,1.0,3.0,80.0,0.99518025,0.655219117840318,,,,,,,,OK,REVISAR,2.38418579101562e-07,0.0,2.2351741790771484e-08,39.0506508782523,0.0,8.66834890061346e-10,5.6843418860808e-14,1.86264514923096e-08,2.46913600676635e-13,0.182962124138385,1.4210854715202e-13,5.24413558311765,8.99069942088431,1.13686837721616e-13,0.0,2.38418579101562e-07,0.0,0.0,0.0,0.0,0.0,0.0,0.0,0.0,0.0,0.0,31271693.7884283,39.0506508782523,0.0,2.53748148679733e-05,0.0,0.0,0.0,190.0,0.0,62.0,0.0,0.0,0.0,0.0,31271693.7884283,31271693.7884283,-2.2351741790771484e-08,7.147595503458931e-16,igual,0.0,OK,0.0,0,/clusteruy/home/mathiasr/generator-aware-row-scaling/results-revision/r5-ablation/sgtm-gurobi-01pct/resultados/instance058_estructurado_solo_acoplamiento.csv,/clusteruy/home/mathiasr/generator-aware-row-scaling/results-revision/r5-ablation/sgtm-gurobi-01pct/resultados/instance058_estructurado_solo_acoplamiento_postprocesado.csv,/clusteruy/home/mathiasr/generator-aware-row-scaling/results-revision/r5-ablation/sgtm-gurobi-01pct/logs/instance058_estructurado_solo_acoplamiento.log
instance058.txt,estructurado_matricial,OK,0,73.177917253,1.191e-12,31271693.78842832,31271700.0,OPTIMAL,31271693.78842795,34286.0,3660441.0,0.1,10080.0,6120.0,22679.0,8769.0,5536.0,20905.0,13.005952380952381,9.542483660130719,7.822214383350236,1,Model contains large bounds,9e-06,100000.0,0.003,100.0,60.0,40000000.0,1.0,4000000000.0,0.0006666666666666665,1.0,0.0026666666666666666,1.0,19560000000000.0,3870000000000.0,1.0,1.0,0.048044094,73.22596134700001,1.2062085009447487,1.2062085009447487,1.2054170986396513,0.048044094,0.0006565381443406739,-1.143e-12,0.0,0.0,0.0,0.0,0.0006666666666666665,0.19785276073619631,17103877.0,,0.07226321147544125,76.0,,1.0,3.0,76.0,1.0475581578947368,0.69594873234663,,,,,,,,OK,REVISAR,4.76837158203125e-07,0.0,2.2351741790771484e-08,39.0506508782523,0.0,1.30976744891839e-09,3.5527136788005e-14,3.35276126861572e-08,2.74447131687339e-13,0.182962124573187,1.71951342053924e-13,5.24413558311767,8.99069942088431,2.27373675443232e-13,0.0,4.76837158203125e-07,0.0,0.0,0.0,0.0,0.0,0.0,0.0,0.0,0.0,0.0,31271693.7884283,39.0506508782523,0.0,2.53748148679733e-05,0.0,0.0,0.0,190.0,0.0,62.0,0.0,0.0,0.0,0.0,31271693.7884283,31271693.7884283,-2.2351741790771484e-08,7.147595503458931e-16,igual,-3.5762786865234375e-07,OK,0.0,0,/clusteruy/home/mathiasr/generator-aware-row-scaling/results-revision/r5-ablation/sgtm-gurobi-01pct/resultados/instance058_estructurado_matricial.csv,/clusteruy/home/mathiasr/generator-aware-row-scaling/results-revision/r5-ablation/sgtm-gurobi-01pct/resultados/instance058_estructurado_matricial_postprocesado.csv,/clusteruy/home/mathiasr/generator-aware-row-scaling/results-revision/r5-ablation/sgtm-gurobi-01pct/logs/instance058_estructurado_matricial.log
instance058.txt,matricial_solo_local,OK,0,73.914924333,1.191e-12,31271693.78842832,31271700.0,OPTIMAL,31271693.78842795,34286.0,3660441.0,0.1,10080.0,6120.0,22679.0,8769.0,5536.0,20905.0,13.005952380952381,9.542483660130719,7.822214383350236,1,Model contains large bounds,9e-06,100000.0,0.003,100.0,60.0,40000000.0,1.0,4000000000.0,0.0006666666666666665,1.0,0.0026666666666666666,1.0,19560000000000.0,3870000000000.0,1.0,1.0,0.047178606,73.962102939,1.194181373633525,1.194181373633525,1.1934196347120984,0.047178606,0.0006382825447733926,-1.143e-12,0.0,0.0,0.0,0.0,0.0006666666666666665,0.19785276073619631,17103877.0,,0.07226321147544125,76.0,,1.0,3.0,76.0,1.0475581578947368,0.69414098014069,,,,,,,,OK,REVISAR,4.76837158203125e-07,0.0,2.2351741790771484e-08,39.0506508782523,0.0,1.30976744891839e-09,3.5527136788005e-14,3.35276126861572e-08,2.74447131687339e-13,0.182962124573187,1.71951342053924e-13,5.24413558311767,8.99069942088431,2.27373675443232e-13,0.0,4.76837158203125e-07,0.0,0.0,0.0,0.0,0.0,0.0,0.0,0.0,0.0,0.0,31271693.7884283,39.0506508782523,0.0,2.53748148679733e-05,0.0,0.0,0.0,190.0,0.0,62.0,0.0,0.0,0.0,0.0,31271693.7884283,31271693.7884283,-2.2351741790771484e-08,7.147595503458931e-16,igual,-3.5762786865234375e-07,OK,0.0,0,/clusteruy/home/mathiasr/generator-aware-row-scaling/results-revision/r5-ablation/sgtm-gurobi-01pct/resultados/instance058_matricial_solo_local.csv,/clusteruy/home/mathiasr/generator-aware-row-scaling/results-revision/r5-ablation/sgtm-gurobi-01pct/resultados/instance058_matricial_solo_local_postprocesado.csv,/clusteruy/home/mathiasr/generator-aware-row-scaling/results-revision/r5-ablation/sgtm-gurobi-01pct/logs/instance058_matricial_solo_local.log
instance058.txt,matricial_solo_acoplamiento,OK,0,82.162233693,4.8e-14,31271693.78842832,31271700.0,OPTIMAL,31271693.788428307,33036.0,3588762.0,0.1,10080.0,6120.0,22679.0,8768.0,5535.0,20904.0,13.015873015873016,9.558823529411764,7.826623748842541,3,Model contains large bounds | Model contains large matrix coefficient range | Model contains large rhs,0.0006,10000000000.0,0.003,100.0,40.0,10000000000.0,1.0,4000000000.0,1.0,1.0,1.0,1.0,19560000000000.0,19560000000000.0,1.0,1.0,0.041227282,82.203460975,1.0743114190616287,1.0743114190616287,1.0737726225279531,0.041227282,0.0005017789822273594,0.0,0.0,0.0,0.0,0.0,1.0,1.0,236688581.0,,0.9999999989841546,80.0,,1.0,3.0,80.0,0.99518025,0.683213195439265,,,,,,,,OK,REVISAR,2.38418579101562e-07,0.0,2.2351741790771484e-08,39.0506508782523,0.0,8.66834890061346e-10,5.6843418860808e-14,1.86264514923096e-08,2.46913600676635e-13,0.182962124138385,1.4210854715202e-13,5.24413558311765,8.99069942088431,1.13686837721616e-13,0.0,2.38418579101562e-07,0.0,0.0,0.0,0.0,0.0,0.0,0.0,0.0,0.0,0.0,31271693.7884283,39.0506508782523,0.0,2.53748148679733e-05,0.0,0.0,0.0,190.0,0.0,62.0,0.0,0.0,0.0,0.0,31271693.7884283,31271693.7884283,-2.2351741790771484e-08,7.147595503458931e-16,igual,0.0,OK,0.0,0,/clusteruy/home/mathiasr/generator-aware-row-scaling/results-revision/r5-ablation/sgtm-gurobi-01pct/resultados/instance058_matricial_solo_acoplamiento.csv,/clusteruy/home/mathiasr/generator-aware-row-scaling/results-revision/r5-ablation/sgtm-gurobi-01pct/resultados/instance058_matricial_solo_acoplamiento_postprocesado.csv,/clusteruy/home/mathiasr/generator-aware-row-scaling/results-revision/r5-ablation/sgtm-gurobi-01pct/logs/instance058_matricial_solo_acoplamiento.log
instance059.txt,base,OK,0,64.418239396,0.026211415249411,35169677.221854046,35169700.0,OPTIMAL,35160458.75171555,19279.0,2177493.0,0.12,10080.0,6120.0,22679.0,8741.0,5523.0,20948.0,13.283730158730158,9.754901960784315,7.632611667181092,3,Model contains large bounds | Model contains large matrix coefficient range | Model contains large rhs,0.0006,10000000000.0,0.007,100.0,40.0,10000000000.0,1.0,4000000000.0,,,,,,,,,0.0,64.418239396,1.0,1.0,1.0,0.0,0.0,0.0,,,0.0,,,,1495649.220524,,,55.001342,,0.7662,2.521756,55.001342,1.0,0.615603331524089,,,,,,,,BASE,BASE,,,,,,1.95436596308873e-09,5.6843418860808e-14,7.45058059692383e-08,8.82849349181924e-11,0.231065140913108,1.65195204317568e-05,6.84037763215243,10.6358401869439,1.70530256582424e-12,4.65661287307739e-09,2.34693288803101e-07,0.0,6.60293153487146e-10,0.0,0.0,0.0,0.0,0.0,0.0,0.0,0.0,35169677.221854,43.931674170419,4.65661287307739e-09,2.86586582660675e-05,0.0,1.65528035722673e-10,0.0,483.0,0.0,85.0,0.0,0.0,0.0,0.0,35169677.221854,,,,,,BASE,0.0,0,/clusteruy/home/mathiasr/generator-aware-row-scaling/results-revision/r5-ablation/sgtm-gurobi-01pct/resultados/instance059_base.csv,/clusteruy/home/mathiasr/generator-aware-row-scaling/results-revision/r5-ablation/sgtm-gurobi-01pct/resultados/instance059_base_postprocesado.csv,/clusteruy/home/mathiasr/generator-aware-row-scaling/results-revision/r5-ablation/sgtm-gurobi-01pct/logs/instance059_base.log
instance059.txt,estructurado,OK,0,49.945466235,0.017309164081153,35169677.22185394,35169700.0,OPTIMAL,35163589.6447168,21752.0,892216.0,0.13,10080.0,6120.0,22679.0,8742.0,5524.0,20949.0,13.273809523809524,9.738562091503267,7.628202301688787,1,Model contains large bounds,9e-06,100000.0,0.007,100.0,10.0,5000000.0,1.0,4000000000.0,0.0006666666666666665,1.0,0.002,1.0,20700000000000.0,596000000000.0,1.0,1.118,0.046609758,49.992075993,1.2897715098484355,1.2897715098484355,1.2885690005156014,0.046609758,0.0009332129923604066,0.008902251168258001,-1.043081283569336e-07,-2.9658540139264537e-15,0.0,0.0,0.0006666666666666665,0.028792270531400967,24781.0,,0.016568724577891325,42.0,,1.0,3.0,42.0,1.309555761904762,0.686500745717312,,,,,,,,OK,REVISAR,9.5367431640625e-07,0.0,4.470348358154297e-08,43.931674170419,0.0,3.74772595459809e-09,9.9475983006414e-14,1.37835741043091e-07,2.21120899368543e-11,0.231065142456474,1.65265984833239e-05,6.84037763215243,10.6358401869452,5.42854650120717e-12,1.16415321826935e-10,9.5367431640625e-07,0.0,0.0,0.0,0.0,0.0,0.0,0.0,0.0,0.0,0.0,35169677.2218539,43.931674170419,1.16415321826935e-10,2.91354954242706e-05,0.0,0.0,0.0,483.0,0.0,85.0,0.0,0.0,0.0,0.0,35169677.2218539,35169677.2218539,-1.4901161193847656e-07,4.23693430560922e-15,igual,3130.8930012509227,DIFIERE,8040000.0,328,/clusteruy/home/mathiasr/generator-aware-row-scaling/results-revision/r5-ablation/sgtm-gurobi-01pct/resultados/instance059_estructurado.csv,/clusteruy/home/mathiasr/generator-aware-row-scaling/results-revision/r5-ablation/sgtm-gurobi-01pct/resultados/instance059_estructurado_postprocesado.csv,/clusteruy/home/mathiasr/generator-aware-row-scaling/results-revision/r5-ablation/sgtm-gurobi-01pct/logs/instance059_estructurado.log
instance059.txt,estructurado_solo_local,OK,0,53.193299035,0.017309164081153,35169677.22185394,35169700.0,OPTIMAL,35163589.6447168,21752.0,892216.0,0.13,10080.0,6120.0,22679.0,8742.0,5524.0,20949.0,13.273809523809524,9.738562091503267,7.628202301688787,1,Model contains large bounds,9e-06,100000.0,0.007,100.0,10.0,5000000.0,1.0,4000000000.0,0.0006666666666666665,1.0,0.002,1.0,20700000000000.0,596000000000.0,1.0,1.118,0.046704316,53.240003351000006,1.2110216994365068,1.2110216994365068,1.209959341499366,0.046704316,0.000878011269225276,0.008902251168258001,-1.043081283569336e-07,-2.9658540139264537e-15,0.0,0.0,0.0006666666666666665,0.028792270531400967,24781.0,,0.016568724577891325,42.0,,1.0,3.0,42.0,1.309555761904762,0.687688491201499,,,,,,,,OK,REVISAR,9.5367431640625e-07,0.0,4.470348358154297e-08,43.931674170419,0.0,3.74772595459809e-09,9.9475983006414e-14,1.37835741043091e-07,2.21120899368543e-11,0.231065142456474,1.65265984833239e-05,6.84037763215243,10.6358401869452,5.42854650120717e-12,1.16415321826935e-10,9.5367431640625e-07,0.0,0.0,0.0,0.0,0.0,0.0,0.0,0.0,0.0,0.0,35169677.2218539,43.931674170419,1.16415321826935e-10,2.91354954242706e-05,0.0,0.0,0.0,483.0,0.0,85.0,0.0,0.0,0.0,0.0,35169677.2218539,35169677.2218539,-1.4901161193847656e-07,4.23693430560922e-15,igual,3130.8930012509227,DIFIERE,8040000.0,328,/clusteruy/home/mathiasr/generator-aware-row-scaling/results-revision/r5-ablation/sgtm-gurobi-01pct/resultados/instance059_estructurado_solo_local.csv,/clusteruy/home/mathiasr/generator-aware-row-scaling/results-revision/r5-ablation/sgtm-gurobi-01pct/resultados/instance059_estructurado_solo_local_postprocesado.csv,/clusteruy/home/mathiasr/generator-aware-row-scaling/results-revision/r5-ablation/sgtm-gurobi-01pct/logs/instance059_estructurado_solo_local.log
instance059.txt,estructurado_solo_acoplamiento,OK,0,77.038885624,0.026211415249411,35169677.221854046,35169700.0,OPTIMAL,35160458.75171555,19279.0,2177493.0,0.12,10080.0,6120.0,22679.0,8741.0,5523.0,20948.0,13.283730158730158,9.754901960784315,7.632611667181092,3,Model contains large bounds | Model contains large matrix coefficient range | Model contains large rhs,0.0006,10000000000.0,0.007,100.0,40.0,10000000000.0,1.0,4000000000.0,1.0,1.0,1.0,1.0,20700000000000.0,20700000000000.0,1.0,1.0,0.040151201,77.079036825,0.8361782348514621,0.8361782348514621,0.8357426616818652,0.040151201,0.0005211809682186219,0.0,0.0,0.0,0.0,0.0,1.0,1.0,1495649.0,,0.9999998525563367,55.0,,1.0,3.0,55.0,1.0000244,0.602343398973475,,,,,,,,OK,REVISAR,2.34693288803101e-07,0.0,4.470348358154297e-08,43.931674170419,0.0,1.95436596308873e-09,5.6843418860808e-14,7.45058059692383e-08,8.82849349181924e-11,0.231065140913108,1.65195204317568e-05,6.84037763215243,10.6358401869439,1.70530256582424e-12,4.65661287307739e-09,2.34693288803101e-07,0.0,6.60293153487146e-10,0.0,0.0,0.0,0.0,0.0,0.0,0.0,0.0,35169677.221854,43.931674170419,4.65661287307739e-09,2.86586582660675e-05,0.0,1.65528035722673e-10,0.0,483.0,0.0,85.0,0.0,0.0,0.0,0.0,35169677.221854,35169677.221854,-4.470348358154297e-08,1.2710802916827658e-15,igual,0.0,OK,0.0,0,/clusteruy/home/mathiasr/generator-aware-row-scaling/results-revision/r5-ablation/sgtm-gurobi-01pct/resultados/instance059_estructurado_solo_acoplamiento.csv,/clusteruy/home/mathiasr/generator-aware-row-scaling/results-revision/r5-ablation/sgtm-gurobi-01pct/resultados/instance059_estructurado_solo_acoplamiento_postprocesado.csv,/clusteruy/home/mathiasr/generator-aware-row-scaling/results-revision/r5-ablation/sgtm-gurobi-01pct/logs/instance059_estructurado_solo_acoplamiento.log
instance059.txt,estructurado_matricial,OK,0,72.372146254,0.069196264254469,35170751.07654293,35170800.0,OPTIMAL,35146414.23068772,16133.0,1970224.0,0.12,10080.0,6120.0,22679.0,8742.0,5524.0,20949.0,13.273809523809524,9.738562091503267,7.628202301688787,1,Model contains large bounds,9e-06,100000.0,0.007,100.0,70.0,40000000.0,1.0,4000000000.0,0.0006666666666666665,1.0,0.002285714285714286,1.0,20700000000000.0,4283000000000.0,1.0,1.0,0.047902753,72.420049007,0.8900971261777333,0.8900971261777333,0.8895083651458651,0.047902753,0.0006618948791691033,-0.042984849005057994,1073.8546888828278,3.053353836911379e-05,1100.0,3.127692303317913e-05,0.0006666666666666665,0.20690821256038647,14662413.0,,9.803376887304518,56.0,,1.0,3.0,56.0,0.9821668214285715,0.646875179451219,,,,,,,,OK,REVISAR,5.36441802978516e-07,0.0,2.9802322387695312e-08,43.7246527331345,0.0,3.38680829168902e-09,9.6100905011551e-14,1.37835741043091e-07,8.82849349181924e-11,0.231230464557205,1.78627669811244e-05,6.95759546541291,10.5857203824109,3.01270119962282e-12,9.31322574615479e-10,5.36441802978516e-07,0.0,7.03948899172246e-10,0.0,0.0,0.0,0.0,0.0,0.0,0.0,0.0,35170751.0765429,43.7246527331345,9.31322574615479e-10,2.85245478153229e-05,0.0,0.0,0.0,485.0,0.0,81.0,0.0,0.0,0.0,0.0,35170751.0765429,35170751.0765429,1073.8546888530254,3.0533538368266404e-05,empeora,-14044.521027825773,DIFIERE,17930000.0,959,/clusteruy/home/mathiasr/generator-aware-row-scaling/results-revision/r5-ablation/sgtm-gurobi-01pct/resultados/instance059_estructurado_matricial.csv,/clusteruy/home/mathiasr/generator-aware-row-scaling/results-revision/r5-ablation/sgtm-gurobi-01pct/resultados/instance059_estructurado_matricial_postprocesado.csv,/clusteruy/home/mathiasr/generator-aware-row-scaling/results-revision/r5-ablation/sgtm-gurobi-01pct/logs/instance059_estructurado_matricial.log
instance059.txt,matricial_solo_local,OK,0,67.739917479,0.069196264254469,35170751.07654293,35170800.0,OPTIMAL,35146414.23068772,16133.0,1970224.0,0.12,10080.0,6120.0,22679.0,8742.0,5524.0,20949.0,13.273809523809524,9.738562091503267,7.628202301688787,1,Model contains large bounds,9e-06,100000.0,0.007,100.0,70.0,40000000.0,1.0,4000000000.0,0.0006666666666666665,1.0,0.002285714285714286,1.0,20700000000000.0,4283000000000.0,1.0,1.0,0.04690824,67.78682571899999,0.9509642437336929,0.9509642437336929,0.950306179891592,0.04690824,0.0006924755999967373,-0.042984849005057994,1073.8546888828278,3.053353836911379e-05,1100.0,3.127692303317913e-05,0.0006666666666666665,0.20690821256038647,14662413.0,,9.803376887304518,56.0,,1.0,3.0,56.0,0.9821668214285715,0.624255015716165,,,,,,,,OK,REVISAR,5.36441802978516e-07,0.0,2.9802322387695312e-08,43.7246527331345,0.0,3.38680829168902e-09,9.6100905011551e-14,1.37835741043091e-07,8.82849349181924e-11,0.231230464557205,1.78627669811244e-05,6.95759546541291,10.5857203824109,3.01270119962282e-12,9.31322574615479e-10,5.36441802978516e-07,0.0,7.03948899172246e-10,0.0,0.0,0.0,0.0,0.0,0.0,0.0,0.0,35170751.0765429,43.7246527331345,9.31322574615479e-10,2.85245478153229e-05,0.0,0.0,0.0,485.0,0.0,81.0,0.0,0.0,0.0,0.0,35170751.0765429,35170751.0765429,1073.8546888530254,3.0533538368266404e-05,empeora,-14044.521027825773,DIFIERE,17930000.0,959,/clusteruy/home/mathiasr/generator-aware-row-scaling/results-revision/r5-ablation/sgtm-gurobi-01pct/resultados/instance059_matricial_solo_local.csv,/clusteruy/home/mathiasr/generator-aware-row-scaling/results-revision/r5-ablation/sgtm-gurobi-01pct/resultados/instance059_matricial_solo_local_postprocesado.csv,/clusteruy/home/mathiasr/generator-aware-row-scaling/results-revision/r5-ablation/sgtm-gurobi-01pct/logs/instance059_matricial_solo_local.log
instance059.txt,matricial_solo_acoplamiento,OK,0,78.366784556,0.026211415249411,35169677.221854046,35169700.0,OPTIMAL,35160458.75171555,19279.0,2177493.0,0.12,10080.0,6120.0,22679.0,8741.0,5523.0,20948.0,13.283730158730158,9.754901960784315,7.632611667181092,3,Model contains large bounds | Model contains large matrix coefficient range | Model contains large rhs,0.0006,10000000000.0,0.007,100.0,40.0,10000000000.0,1.0,4000000000.0,1.0,1.0,1.0,1.0,20700000000000.0,20700000000000.0,1.0,1.0,0.041286388,78.408070944,0.8220094745621147,0.8220094745621147,0.8215766389917728,0.041286388,0.0005268352942374103,0.0,0.0,0.0,0.0,0.0,1.0,1.0,1495649.0,,0.9999998525563367,55.0,,1.0,3.0,55.0,1.0000244,0.619476923417232,,,,,,,,OK,REVISAR,2.34693288803101e-07,0.0,4.470348358154297e-08,43.931674170419,0.0,1.95436596308873e-09,5.6843418860808e-14,7.45058059692383e-08,8.82849349181924e-11,0.231065140913108,1.65195204317568e-05,6.84037763215243,10.6358401869439,1.70530256582424e-12,4.65661287307739e-09,2.34693288803101e-07,0.0,6.60293153487146e-10,0.0,0.0,0.0,0.0,0.0,0.0,0.0,0.0,35169677.221854,43.931674170419,4.65661287307739e-09,2.86586582660675e-05,0.0,1.65528035722673e-10,0.0,483.0,0.0,85.0,0.0,0.0,0.0,0.0,35169677.221854,35169677.221854,-4.470348358154297e-08,1.2710802916827658e-15,igual,0.0,OK,0.0,0,/clusteruy/home/mathiasr/generator-aware-row-scaling/results-revision/r5-ablation/sgtm-gurobi-01pct/resultados/instance059_matricial_solo_acoplamiento.csv,/clusteruy/home/mathiasr/generator-aware-row-scaling/results-revision/r5-ablation/sgtm-gurobi-01pct/resultados/instance059_matricial_solo_acoplamiento_postprocesado.csv,/clusteruy/home/mathiasr/generator-aware-row-scaling/results-revision/r5-ablation/sgtm-gurobi-01pct/logs/instance059_matricial_solo_acoplamiento.log
instance060.txt,base,OK,0,90.351163055,0.0,25959453.279088628,25959500.0,OPTIMAL,25959453.279088628,26101.0,3213986.0,0.13,10080.0,6120.0,22679.0,8739.0,5484.0,20563.0,13.303571428571429,10.392156862745098,9.330217381718771,3,Model contains large bounds | Model contains large matrix coefficient range | Model contains large rhs,0.0007,9000000000.0,0.007,100.0,40.0,6000000000.0,1.0,4000000000.0,,,,,,,,,0.0,90.351163055,1.0,1.0,1.0,0.0,0.0,0.0,,,0.0,,,,94664032.348877,,,77.976238,,0.859143,3.424481,77.976238,1.0,0.775585731888012,,,,,,,,BASE,BASE,,,,,,1.86330986530855e-09,1.13686837721616e-13,7.90134072303739e-08,1.47792889038101e-11,0.323193385901648,5.96046447753906e-08,10.4316196766995,12.2597269397105,2.27373675443232e-13,9.31322574615479e-10,2.30967998504639e-07,0.0,1.23691279441118e-10,0.0,0.0,0.0,0.0,0.0,0.0,0.0,0.0,25959453.2790887,42.8743861157159,9.31322574615479e-10,2.79564410448074e-05,0.0,1.23691279441118e-10,0.0,314.0,0.0,99.0,0.0,0.0,0.0,0.0,25959453.2790887,,,,,,BASE,0.0,0,/clusteruy/home/mathiasr/generator-aware-row-scaling/results-revision/r5-ablation/sgtm-gurobi-01pct/resultados/instance060_base.csv,/clusteruy/home/mathiasr/generator-aware-row-scaling/results-revision/r5-ablation/sgtm-gurobi-01pct/resultados/instance060_base_postprocesado.csv,/clusteruy/home/mathiasr/generator-aware-row-scaling/results-revision/r5-ablation/sgtm-gurobi-01pct/logs/instance060_base.log
instance060.txt,estructurado,OK,0,66.294778973,0.000908019706001,25959453.279088587,25959500.0,OPTIMAL,25959217.562137242,9047.0,1356389.0,0.13,10080.0,6120.0,22679.0,8739.0,5484.0,20563.0,13.303571428571429,10.392156862745098,9.330217381718771,1,Model contains large bounds,1e-05,90000.0,0.007,100.0,10.0,6000000.0,1.0,4000000000.0,0.0007,1.0,0.004,1.0,12010000000000.0,529100000000.0,1.0,1.118,0.047116284,66.341895257,1.3628699643421012,1.3628699643421012,1.361902048547018,0.047116284,0.0007107088179476265,-0.000908019706001,-4.0978193283081055e-08,-1.5785460827131756e-15,0.0,0.0,0.0007,0.04405495420482931,1470470.0,,0.015533566060028968,56.0,,1.0,4.0,56.0,1.3924328214285713,0.36077915803706,,,,,,,,OK,REVISAR,2.86102294921875e-06,0.0,1.4901161193847656e-08,42.8743861157159,0.0,5.14319346476912e-09,2.27373675443232e-13,1.62534415721884e-07,1.85309545486234e-11,0.323154890722954,1.19209289550781e-07,10.4316196766995,12.2597269397105,2.86102294921875e-06,9.31322574615479e-10,1.07288360595703e-06,0.0,0.0,0.0,2.0,0.0,1.0,0.0,0.0,0.0,0.0,25959453.2790886,42.8743861157159,9.31322574615479e-10,2.79564410448074e-05,0.0,0.0,0.0,316.0,0.0,100.0,0.0,0.0,0.0,0.0,25959453.2790886,25959453.2790886,-2.60770320892334e-08,1.00452932536293e-15,igual,-235.71695138514042,DIFIERE,1330000.0,360,/clusteruy/home/mathiasr/generator-aware-row-scaling/results-revision/r5-ablation/sgtm-gurobi-01pct/resultados/instance060_estructurado.csv,/clusteruy/home/mathiasr/generator-aware-row-scaling/results-revision/r5-ablation/sgtm-gurobi-01pct/resultados/instance060_estructurado_postprocesado.csv,/clusteruy/home/mathiasr/generator-aware-row-scaling/results-revision/r5-ablation/sgtm-gurobi-01pct/logs/instance060_estructurado.log
instance060.txt,estructurado_solo_local,OK,0,61.768140253,0.000908019706001,25959453.279088587,25959500.0,OPTIMAL,25959217.562137242,9047.0,1356389.0,0.13,10080.0,6120.0,22679.0,8739.0,5484.0,20563.0,13.303571428571429,10.392156862745098,9.330217381718771,1,Model contains large bounds,1e-05,90000.0,0.007,100.0,10.0,6000000.0,1.0,4000000000.0,0.0007,1.0,0.004,1.0,12010000000000.0,529100000000.0,1.0,1.118,0.047807371,61.815947623999996,1.4627470194978351,1.4627470194978351,1.4616157565773726,0.047807371,0.0007739810653871526,-0.000908019706001,-4.0978193283081055e-08,-1.5785460827131756e-15,0.0,0.0,0.0007,0.04405495420482931,1470470.0,,0.015533566060028968,56.0,,1.0,4.0,56.0,1.3924328214285713,0.317617844906155,,,,,,,,OK,REVISAR,2.86102294921875e-06,0.0,1.4901161193847656e-08,42.8743861157159,0.0,5.14319346476912e-09,2.27373675443232e-13,1.62534415721884e-07,1.85309545486234e-11,0.323154890722954,1.19209289550781e-07,10.4316196766995,12.2597269397105,2.86102294921875e-06,9.31322574615479e-10,1.07288360595703e-06,0.0,0.0,0.0,2.0,0.0,1.0,0.0,0.0,0.0,0.0,25959453.2790886,42.8743861157159,9.31322574615479e-10,2.79564410448074e-05,0.0,0.0,0.0,316.0,0.0,100.0,0.0,0.0,0.0,0.0,25959453.2790886,25959453.2790886,-2.60770320892334e-08,1.00452932536293e-15,igual,-235.71695138514042,DIFIERE,1330000.0,360,/clusteruy/home/mathiasr/generator-aware-row-scaling/results-revision/r5-ablation/sgtm-gurobi-01pct/resultados/instance060_estructurado_solo_local.csv,/clusteruy/home/mathiasr/generator-aware-row-scaling/results-revision/r5-ablation/sgtm-gurobi-01pct/resultados/instance060_estructurado_solo_local_postprocesado.csv,/clusteruy/home/mathiasr/generator-aware-row-scaling/results-revision/r5-ablation/sgtm-gurobi-01pct/logs/instance060_estructurado_solo_local.log
instance060.txt,estructurado_solo_acoplamiento,OK,0,77.230423785,0.0,25959453.279088628,25959500.0,OPTIMAL,25959453.279088628,26101.0,3213986.0,0.13,10080.0,6120.0,22679.0,8739.0,5484.0,20563.0,13.303571428571429,10.392156862745098,9.330217381718771,3,Model contains large bounds | Model contains large matrix coefficient range | Model contains large rhs,0.0007,9000000000.0,0.007,100.0,40.0,6000000000.0,1.0,4000000000.0,1.0,1.0,1.0,1.0,12010000000000.0,12010000000000.0,1.0,1.0,0.040173804,77.270597589,1.1698908102139454,1.1698908102139454,1.1692825715620208,0.040173804,0.0005201810637714345,0.0,0.0,0.0,0.0,0.0,1.0,1.0,94664032.0,,0.999999996314577,78.0,,1.0,3.0,78.0,0.9996953589743589,0.783722647823149,,,,,,,,OK,REVISAR,2.30967998504639e-07,0.0,7.078051567077637e-08,42.8743861157159,0.0,1.86330986530855e-09,1.13686837721616e-13,7.90134072303739e-08,1.47792889038101e-11,0.323193385901648,5.96046447753906e-08,10.4316196766995,12.2597269397105,2.27373675443232e-13,9.31322574615479e-10,2.30967998504639e-07,0.0,1.23691279441118e-10,0.0,0.0,0.0,0.0,0.0,0.0,0.0,0.0,25959453.2790887,42.8743861157159,9.31322574615479e-10,2.79564410448074e-05,0.0,1.23691279441118e-10,0.0,314.0,0.0,99.0,0.0,0.0,0.0,0.0,25959453.2790887,25959453.2790887,7.078051567077637e-08,2.726579597413667e-15,igual,0.0,OK,0.0,0,/clusteruy/home/mathiasr/generator-aware-row-scaling/results-revision/r5-ablation/sgtm-gurobi-01pct/resultados/instance060_estructurado_solo_acoplamiento.csv,/clusteruy/home/mathiasr/generator-aware-row-scaling/results-revision/r5-ablation/sgtm-gurobi-01pct/resultados/instance060_estructurado_solo_acoplamiento_postprocesado.csv,/clusteruy/home/mathiasr/generator-aware-row-scaling/results-revision/r5-ablation/sgtm-gurobi-01pct/logs/instance060_estructurado_solo_acoplamiento.log
instance060.txt,estructurado_matricial,OK,0,66.61938035,7.2e-14,25959453.279088784,25959500.0,OPTIMAL,25959453.279088765,8821.0,1516987.0,0.13,10080.0,6120.0,22679.0,8739.0,5484.0,20563.0,13.303571428571429,10.392156862745098,9.330217381718771,1,Model contains large bounds,1e-05,90000.0,0.007,100.0,80.0,40000000.0,1.0,4000000000.0,0.0007,1.0,0.0033333333333333335,1.0,12010000000000.0,4198000000000.0,1.0,1.0,0.048059579,66.667439929,1.356229412226888,1.356229412226888,1.3552517263483175,0.048059579,0.0007214053740444314,-7.2e-14,1.564621925354004e-07,6.02717595217758e-15,0.0,0.0,0.0007,0.3495420482930891,1206152.0,,0.01274139681220022,55.0,,1.0,4.0,55.0,1.4177497818181817,0.400417936302154,,,,,,,,OK,REVISAR,9.5367431640625e-07,0.0,1.4901161193847656e-08,42.8743861157159,0.0,3.47874999587084e-09,1.4210854715202e-13,1.22934579849243e-07,1.62936331093988e-11,0.322099475882805,1.08964741230011e-07,10.4316196766995,12.2597269397105,3.41060513164848e-13,5.12227416038513e-09,9.5367431640625e-07,0.0,3.91082721762359e-10,0.0,0.0,0.0,0.0,0.0,0.0,0.0,0.0,25959453.2790888,42.8743861157159,5.12227416038513e-09,2.79564410448074e-05,0.0,3.91082721762359e-10,0.0,313.0,0.0,99.0,0.0,0.0,0.0,0.0,25959453.2790888,25959453.2790888,1.7136335372924805e-07,6.6011927095278255e-15,igual,1.3783574104309082e-07,DIFIERE,1350000.0,409,/clusteruy/home/mathiasr/generator-aware-row-scaling/results-revision/r5-ablation/sgtm-gurobi-01pct/resultados/instance060_estructurado_matricial.csv,/clusteruy/home/mathiasr/generator-aware-row-scaling/results-revision/r5-ablation/sgtm-gurobi-01pct/resultados/instance060_estructurado_matricial_postprocesado.csv,/clusteruy/home/mathiasr/generator-aware-row-scaling/results-revision/r5-ablation/sgtm-gurobi-01pct/logs/instance060_estructurado_matricial.log
instance060.txt,matricial_solo_local,OK,0,48.767292437,7.2e-14,25959453.279088784,25959500.0,OPTIMAL,25959453.279088765,8821.0,1516987.0,0.13,10080.0,6120.0,22679.0,8739.0,5484.0,20563.0,13.303571428571429,10.392156862745098,9.330217381718771,1,Model contains large bounds,1e-05,90000.0,0.007,100.0,80.0,40000000.0,1.0,4000000000.0,0.0007,1.0,0.0033333333333333335,1.0,12010000000000.0,4198000000000.0,1.0,1.0,0.047071457,48.814363894,1.852700007319867,1.852700007319867,1.8509134575879513,0.047071457,0.0009652259669902575,-7.2e-14,1.564621925354004e-07,6.02717595217758e-15,0.0,0.0,0.0007,0.3495420482930891,1206152.0,,0.01274139681220022,55.0,,1.0,4.0,55.0,1.4177497818181817,0.382584581323971,,,,,,,,OK,REVISAR,9.5367431640625e-07,0.0,1.4901161193847656e-08,42.8743861157159,0.0,3.47874999587084e-09,1.4210854715202e-13,1.22934579849243e-07,1.62936331093988e-11,0.322099475882805,1.08964741230011e-07,10.4316196766995,12.2597269397105,3.41060513164848e-13,5.12227416038513e-09,9.5367431640625e-07,0.0,3.91082721762359e-10,0.0,0.0,0.0,0.0,0.0,0.0,0.0,0.0,25959453.2790888,42.8743861157159,5.12227416038513e-09,2.79564410448074e-05,0.0,3.91082721762359e-10,0.0,313.0,0.0,99.0,0.0,0.0,0.0,0.0,25959453.2790888,25959453.2790888,1.7136335372924805e-07,6.6011927095278255e-15,igual,1.3783574104309082e-07,DIFIERE,1350000.0,409,/clusteruy/home/mathiasr/generator-aware-row-scaling/results-revision/r5-ablation/sgtm-gurobi-01pct/resultados/instance060_matricial_solo_local.csv,/clusteruy/home/mathiasr/generator-aware-row-scaling/results-revision/r5-ablation/sgtm-gurobi-01pct/resultados/instance060_matricial_solo_local_postprocesado.csv,/clusteruy/home/mathiasr/generator-aware-row-scaling/results-revision/r5-ablation/sgtm-gurobi-01pct/logs/instance060_matricial_solo_local.log
instance060.txt,matricial_solo_acoplamiento,OK,0,60.777885314,0.0,25959453.279088628,25959500.0,OPTIMAL,25959453.279088628,26101.0,3213986.0,0.13,10080.0,6120.0,22679.0,8739.0,5484.0,20563.0,13.303571428571429,10.392156862745098,9.330217381718771,3,Model contains large bounds | Model contains large matrix coefficient range | Model contains large rhs,0.0007,9000000000.0,0.007,100.0,40.0,6000000000.0,1.0,4000000000.0,1.0,1.0,1.0,1.0,12010000000000.0,12010000000000.0,1.0,1.0,0.044590603,60.822475917000006,1.4865795772296784,1.4865795772296784,1.485489725513569,0.044590603,0.0007336649304204846,0.0,0.0,0.0,0.0,0.0,1.0,1.0,94664032.0,,0.999999996314577,78.0,,1.0,3.0,78.0,0.9996953589743589,0.779366336770873,,,,,,,,OK,REVISAR,2.30967998504639e-07,0.0,7.078051567077637e-08,42.8743861157159,0.0,1.86330986530855e-09,1.13686837721616e-13,7.90134072303739e-08,1.47792889038101e-11,0.323193385901648,5.96046447753906e-08,10.4316196766995,12.2597269397105,2.27373675443232e-13,9.31322574615479e-10,2.30967998504639e-07,0.0,1.23691279441118e-10,0.0,0.0,0.0,0.0,0.0,0.0,0.0,0.0,25959453.2790887,42.8743861157159,9.31322574615479e-10,2.79564410448074e-05,0.0,1.23691279441118e-10,0.0,314.0,0.0,99.0,0.0,0.0,0.0,0.0,25959453.2790887,25959453.2790887,7.078051567077637e-08,2.726579597413667e-15,igual,0.0,OK,0.0,0,/clusteruy/home/mathiasr/generator-aware-row-scaling/results-revision/r5-ablation/sgtm-gurobi-01pct/resultados/instance060_matricial_solo_acoplamiento.csv,/clusteruy/home/mathiasr/generator-aware-row-scaling/results-revision/r5-ablation/sgtm-gurobi-01pct/resultados/instance060_matricial_solo_acoplamiento_postprocesado.csv,/clusteruy/home/mathiasr/generator-aware-row-scaling/results-revision/r5-ablation/sgtm-gurobi-01pct/logs/instance060_matricial_solo_acoplamiento.log
instance062.txt,base,OK,0,35.564536336,0.085557742545569,30850700.514996085,30850700.0,OPTIMAL,30824305.35207596,16729.0,1019841.0,0.11,10080.0,6120.0,22679.0,8774.0,5521.0,21346.0,12.956349206349206,9.787581699346406,5.877684201243441,3,Model contains large bounds | Model contains large matrix coefficient range | Model contains large rhs,0.0005,4000000000.0,0.003,100.0,40.0,3000000000.0,1.0,4000000000.0,,,,,,,,,0.0,35.564536336,1.0,1.0,1.0,0.0,0.0,0.0,,,0.0,,,,31881663.801754,,,27.401162,,0.059075,1.570733,27.401162,1.0,0.028824575154738,,,,,,,,BASE,BASE,,,,,,9.03615361085791e-10,0.0,4.09781932830811e-08,3.21529469715642e-11,0.899110535591496,1.18287217080232,30.3768346598735,72.6996405006571,5.6843418860808e-13,0.0,4.76837158203125e-07,0.0,1.21849552670028e-08,0.0,0.0,0.0,0.0,0.0,0.0,0.0,0.0,30850700.5149961,103.730522417966,0.0,0.000167116522789001,0.0,1.21849552670028e-08,0.0,831.0,0.0,210.0,0.0,0.0,0.0,0.0,30850700.5149961,,,,,,BASE,0.0,0,/clusteruy/home/mathiasr/generator-aware-row-scaling/results-revision/r5-ablation/sgtm-gurobi-01pct/resultados/instance062_base.csv,/clusteruy/home/mathiasr/generator-aware-row-scaling/results-revision/r5-ablation/sgtm-gurobi-01pct/resultados/instance062_base_postprocesado.csv,/clusteruy/home/mathiasr/generator-aware-row-scaling/results-revision/r5-ablation/sgtm-gurobi-01pct/logs/instance062_base.log
instance062.txt,estructurado,OK,0,40.825766901,0.083695886688979,30848922.081475675,30848900.0,OPTIMAL,30823102.80260559,18377.0,1053805.0,0.12,10080.0,6120.0,22679.0,8775.0,5522.0,21347.0,12.946428571428571,9.77124183006536,5.873274835751135,1,Model contains large bounds,2e-05,70000.0,0.003,100.0,10.0,6000000.0,1.0,4000000000.0,0.00043749999999999995,1.0,0.008,1.0,8348000000000.0,373600000000.0,1.0,1.118,0.046477671,40.872244572,0.8711296574597567,0.8711296574597567,0.8701390566732882,0.046477671,0.0011384396308514063,0.0018618558565900029,-1778.43352041021,-5.7646455047130575e-05,-1800.0,-5.834551566090883e-05,0.00043749999999999995,0.04475323430761859,823457.0,,0.025828545370793876,29.0,,0.0,2.0,29.0,0.9448676551724138,0.023941831341407,,,,,,,,OK,REVISAR,9.5367431640625e-07,0.0,2.60770320892334e-08,131.613331531646,0.0,4.40864260135821e-09,5.51558798633765e-14,1.60187482833862e-07,6.13908923696727e-12,1.12468271788627,1.66898076714481,31.3883352189113,72.6996405006571,4.76837158203125e-07,5.82076609134674e-11,9.5367431640625e-07,0.0,0.0,0.0,0.0,0.0,0.0,0.0,0.0,0.0,0.0,30848922.0814757,131.613331531646,1.49011611938477e-08,0.000168070197105408,0.0,0.0,0.0,769.0,0.0,202.0,0.0,0.0,0.0,0.0,30848922.0814757,30848922.0814757,-1778.4335203841329,5.764645504628531e-05,mejora,-1202.5494703687727,DIFIERE,266390000.0,1415,/clusteruy/home/mathiasr/generator-aware-row-scaling/results-revision/r5-ablation/sgtm-gurobi-01pct/resultados/instance062_estructurado.csv,/clusteruy/home/mathiasr/generator-aware-row-scaling/results-revision/r5-ablation/sgtm-gurobi-01pct/resultados/instance062_estructurado_postprocesado.csv,/clusteruy/home/mathiasr/generator-aware-row-scaling/results-revision/r5-ablation/sgtm-gurobi-01pct/logs/instance062_estructurado.log
instance062.txt,estructurado_solo_local,OK,0,36.942252554,0.083695886688979,30848922.081475675,30848900.0,OPTIMAL,30823102.80260559,18377.0,1053805.0,0.12,10080.0,6120.0,22679.0,8775.0,5522.0,21347.0,12.946428571428571,9.77124183006536,5.873274835751135,1,Model contains large bounds,2e-05,70000.0,0.003,100.0,10.0,6000000.0,1.0,4000000000.0,0.00043749999999999995,1.0,0.008,1.0,8348000000000.0,373600000000.0,1.0,1.118,0.046570403,36.988822957,0.9627062205807257,0.9627062205807257,0.9614941350619417,0.046570403,0.001260627053857264,0.0018618558565900029,-1778.43352041021,-5.7646455047130575e-05,-1800.0,-5.834551566090883e-05,0.00043749999999999995,0.04475323430761859,823457.0,,0.025828545370793876,29.0,,0.0,2.0,29.0,0.9448676551724138,0.025404808727822,,,,,,,,OK,REVISAR,9.5367431640625e-07,0.0,2.60770320892334e-08,131.613331531646,0.0,4.40864260135821e-09,5.51558798633765e-14,1.60187482833862e-07,6.13908923696727e-12,1.12468271788627,1.66898076714481,31.3883352189113,72.6996405006571,4.76837158203125e-07,5.82076609134674e-11,9.5367431640625e-07,0.0,0.0,0.0,0.0,0.0,0.0,0.0,0.0,0.0,0.0,30848922.0814757,131.613331531646,1.49011611938477e-08,0.000168070197105408,0.0,0.0,0.0,769.0,0.0,202.0,0.0,0.0,0.0,0.0,30848922.0814757,30848922.0814757,-1778.4335203841329,5.764645504628531e-05,mejora,-1202.5494703687727,DIFIERE,266390000.0,1415,/clusteruy/home/mathiasr/generator-aware-row-scaling/results-revision/r5-ablation/sgtm-gurobi-01pct/resultados/instance062_estructurado_solo_local.csv,/clusteruy/home/mathiasr/generator-aware-row-scaling/results-revision/r5-ablation/sgtm-gurobi-01pct/resultados/instance062_estructurado_solo_local_postprocesado.csv,/clusteruy/home/mathiasr/generator-aware-row-scaling/results-revision/r5-ablation/sgtm-gurobi-01pct/logs/instance062_estructurado_solo_local.log
instance062.txt,estructurado_solo_acoplamiento,OK,0,44.767431619,0.085557742545569,30850700.514996085,30850700.0,OPTIMAL,30824305.35207596,16729.0,1019841.0,0.12,10080.0,6120.0,22679.0,8774.0,5521.0,21346.0,12.956349206349206,9.787581699346406,5.877684201243441,3,Model contains large bounds | Model contains large matrix coefficient range | Model contains large rhs,0.0005,4000000000.0,0.003,100.0,40.0,3000000000.0,1.0,4000000000.0,1.0,1.0,1.0,1.0,8348000000000.0,8348000000000.0,1.0,1.0,0.040132383,44.807564002,0.7944287856108738,0.7944287856108738,0.7937172468115555,0.040132383,0.0008964638253441189,0.0,0.0,0.0,0.0,0.0,1.0,1.0,31881664.0,,1.0000000062181824,27.0,,0.0,4.0,27.0,1.0148578518518518,0.024002471916086,,,,,,,,OK,REVISAR,4.76837158203125e-07,0.0,1.4901161193847656e-08,103.730522417966,0.0,9.03615361085791e-10,0.0,4.09781932830811e-08,3.21529469715642e-11,0.899110535591496,1.18287217080232,30.3768346598735,72.6996405006571,5.6843418860808e-13,0.0,4.76837158203125e-07,0.0,1.21849552670028e-08,0.0,0.0,0.0,0.0,0.0,0.0,0.0,0.0,30850700.5149961,103.730522417966,0.0,0.000167116522789001,0.0,1.21849552670028e-08,0.0,831.0,0.0,210.0,0.0,0.0,0.0,0.0,30850700.5149961,30850700.5149961,1.4901161193847656e-08,4.830088440489193e-16,igual,0.0,OK,0.0,0,/clusteruy/home/mathiasr/generator-aware-row-scaling/results-revision/r5-ablation/sgtm-gurobi-01pct/resultados/instance062_estructurado_solo_acoplamiento.csv,/clusteruy/home/mathiasr/generator-aware-row-scaling/results-revision/r5-ablation/sgtm-gurobi-01pct/resultados/instance062_estructurado_solo_acoplamiento_postprocesado.csv,/clusteruy/home/mathiasr/generator-aware-row-scaling/results-revision/r5-ablation/sgtm-gurobi-01pct/logs/instance062_estructurado_solo_acoplamiento.log
instance062.txt,estructurado_matricial,OK,0,37.913354187,0.098962684728475,30850333.668210052,30850300.0,OPTIMAL,30819803.3497643,17433.0,922125.0,0.12,10080.0,6120.0,22679.0,8775.0,5522.0,21347.0,12.946428571428571,9.77124183006536,5.873274835751135,1,Model contains large bounds,2e-05,70000.0,0.003,100.0,90.0,30000000.0,1.0,4000000000.0,0.00043749999999999995,1.0,0.0044444444444444444,1.0,8348000000000.0,1992000000000.0,1.0,1.0,0.048094464,37.961448651000005,0.9380477432987088,0.9380477432987088,0.9368593033148944,0.048094464,0.0012685362461676095,-0.013404942182905999,-366.84678603336215,-1.1891035856869543e-05,-400.0,-1.2965670146868628e-05,0.00043749999999999995,0.23862002874940105,4036639.0,,0.12661318509286584,27.0,,0.0,2.0,27.0,1.0148578518518518,0.025421020377058,,,,,,,,OK,REVISAR,4.76837158203125e-07,0.0,5.21540641784668e-08,141.292130946684,0.0,1.67435837276093e-09,2.8421709430404e-14,6.33299350738525e-08,4.20641299569979e-12,1.09738985877746,1.58222813334331,31.8018445425533,72.6996405006571,4.76837158203125e-07,5.82076609134674e-11,3.79979610443115e-07,0.0,0.0,0.0,0.0,0.0,0.0,0.0,0.0,0.0,0.0,30850333.66821,141.292130946684,1.57160684466362e-09,0.000167116522789001,0.0,0.0,0.0,749.0,0.0,198.0,0.0,0.0,0.0,0.0,30850333.66821,30850333.66821,-366.8467860855162,1.1891035858560076e-05,mejora,-4502.0023116618395,DIFIERE,173650000.0,1428,/clusteruy/home/mathiasr/generator-aware-row-scaling/results-revision/r5-ablation/sgtm-gurobi-01pct/resultados/instance062_estructurado_matricial.csv,/clusteruy/home/mathiasr/generator-aware-row-scaling/results-revision/r5-ablation/sgtm-gurobi-01pct/resultados/instance062_estructurado_matricial_postprocesado.csv,/clusteruy/home/mathiasr/generator-aware-row-scaling/results-revision/r5-ablation/sgtm-gurobi-01pct/logs/instance062_estructurado_matricial.log
instance062.txt,matricial_solo_local,OK,0,36.872111285,0.098962684728475,30850333.668210052,30850300.0,OPTIMAL,30819803.3497643,17433.0,922125.0,0.12,10080.0,6120.0,22679.0,8775.0,5522.0,21347.0,12.946428571428571,9.77124183006536,5.873274835751135,1,Model contains large bounds,2e-05,70000.0,0.003,100.0,90.0,30000000.0,1.0,4000000000.0,0.00043749999999999995,1.0,0.0044444444444444444,1.0,8348000000000.0,1992000000000.0,1.0,1.0,0.04709568,36.919206965,0.9645375623084558,0.9645375623084558,0.9633071579710732,0.04709568,0.0012772710419530293,-0.013404942182905999,-366.84678603336215,-1.1891035856869543e-05,-400.0,-1.2965670146868628e-05,0.00043749999999999995,0.23862002874940105,4036639.0,,0.12661318509286584,27.0,,0.0,2.0,27.0,1.0148578518518518,0.024650841239526,,,,,,,,OK,REVISAR,4.76837158203125e-07,0.0,5.21540641784668e-08,141.292130946684,0.0,1.67435837276093e-09,2.8421709430404e-14,6.33299350738525e-08,4.20641299569979e-12,1.09738985877746,1.58222813334331,31.8018445425533,72.6996405006571,4.76837158203125e-07,5.82076609134674e-11,3.79979610443115e-07,0.0,0.0,0.0,0.0,0.0,0.0,0.0,0.0,0.0,0.0,30850333.66821,141.292130946684,1.57160684466362e-09,0.000167116522789001,0.0,0.0,0.0,749.0,0.0,198.0,0.0,0.0,0.0,0.0,30850333.66821,30850333.66821,-366.8467860855162,1.1891035858560076e-05,mejora,-4502.0023116618395,DIFIERE,173650000.0,1428,/clusteruy/home/mathiasr/generator-aware-row-scaling/results-revision/r5-ablation/sgtm-gurobi-01pct/resultados/instance062_matricial_solo_local.csv,/clusteruy/home/mathiasr/generator-aware-row-scaling/results-revision/r5-ablation/sgtm-gurobi-01pct/resultados/instance062_matricial_solo_local_postprocesado.csv,/clusteruy/home/mathiasr/generator-aware-row-scaling/results-revision/r5-ablation/sgtm-gurobi-01pct/logs/instance062_matricial_solo_local.log
instance062.txt,matricial_solo_acoplamiento,OK,0,39.761824146,0.085557742545569,30850700.514996085,30850700.0,OPTIMAL,30824305.35207596,16729.0,1019841.0,0.11,10080.0,6120.0,22679.0,8774.0,5521.0,21346.0,12.956349206349206,9.787581699346406,5.877684201243441,3,Model contains large bounds | Model contains large matrix coefficient range | Model contains large rhs,0.0005,4000000000.0,0.003,100.0,40.0,3000000000.0,1.0,4000000000.0,1.0,1.0,1.0,1.0,8348000000000.0,8348000000000.0,1.0,1.0,0.041240392,39.803064538,0.8944392542306879,0.8944392542306879,0.8935125159030538,0.041240392,0.0010371856142356774,0.0,0.0,0.0,0.0,0.0,1.0,1.0,31881664.0,,1.0000000062181824,27.0,,0.0,2.0,27.0,1.0148578518518518,0.028213067699147,,,,,,,,OK,REVISAR,4.76837158203125e-07,0.0,1.4901161193847656e-08,103.730522417966,0.0,9.03615361085791e-10,0.0,4.09781932830811e-08,3.21529469715642e-11,0.899110535591496,1.18287217080232,30.3768346598735,72.6996405006571,5.6843418860808e-13,0.0,4.76837158203125e-07,0.0,1.21849552670028e-08,0.0,0.0,0.0,0.0,0.0,0.0,0.0,0.0,30850700.5149961,103.730522417966,0.0,0.000167116522789001,0.0,1.21849552670028e-08,0.0,831.0,0.0,210.0,0.0,0.0,0.0,0.0,30850700.5149961,30850700.5149961,1.4901161193847656e-08,4.830088440489193e-16,igual,0.0,OK,0.0,0,/clusteruy/home/mathiasr/generator-aware-row-scaling/results-revision/r5-ablation/sgtm-gurobi-01pct/resultados/instance062_matricial_solo_acoplamiento.csv,/clusteruy/home/mathiasr/generator-aware-row-scaling/results-revision/r5-ablation/sgtm-gurobi-01pct/resultados/instance062_matricial_solo_acoplamiento_postprocesado.csv,/clusteruy/home/mathiasr/generator-aware-row-scaling/results-revision/r5-ablation/sgtm-gurobi-01pct/logs/instance062_matricial_solo_acoplamiento.log
instance067.txt,base,OK,0,47.268690966,0.0,935515.981570225,935516.0,OPTIMAL,935515.981570225,22698.0,1021184.0,0.11,10080.0,6120.0,22679.0,8987.0,5681.0,21476.0,10.843253968253968,7.173202614379085,5.304466687243706,3,Model contains large bounds | Model contains large matrix coefficient range | Model contains large rhs,0.0007,10000000000.0,1.0,100.0,40.0,7000000000.0,1.0,4000000000.0,,,,,,,,,0.0,47.268690966,1.0,1.0,1.0,0.0,0.0,0.0,,,0.0,,,,148861529.044444,,,33.287846,,0.701297,2.478439,33.287846,1.0,0.435705381049029,,,,,,,,BASE,BASE,,,,,,3.39674766965621e-09,1.092903545441e-13,1.49011611938477e-07,7.16227077646181e-12,0.908640397670067,5.70902186606241,26.8486405990269,70.6974016867561,5.6843418860808e-13,0.0,2.38418579101562e-07,0.0,0.0,0.0,0.0,0.0,0.0,0.0,0.0,0.0,0.0,935515.981570225,70.6974016867561,1.72294676303864e-08,0.000167112797498703,0.0,0.0,0.0,1201.0,0.0,302.0,0.0,0.0,0.0,0.0,935515.981570225,,,,,,BASE,0.0,0,/clusteruy/home/mathiasr/generator-aware-row-scaling/results-revision/r5-ablation/sgtm-gurobi-01pct/resultados/instance067_base.csv,/clusteruy/home/mathiasr/generator-aware-row-scaling/results-revision/r5-ablation/sgtm-gurobi-01pct/resultados/instance067_base_postprocesado.csv,/clusteruy/home/mathiasr/generator-aware-row-scaling/results-revision/r5-ablation/sgtm-gurobi-01pct/logs/instance067_base.log
instance067.txt,estructurado,OK,0,32.122286382,0.0,935515.9815702407,935516.0,OPTIMAL,935515.9815702407,9489.0,621975.0,0.11,10080.0,6120.0,22679.0,8987.0,5681.0,21476.0,10.843253968253968,7.173202614379085,5.304466687243706,1,Model contains large bounds,1e-05,100000.0,1.0,100.0,10.0,4000000.0,1.0,4000000000.0,0.0007,1.0,0.002285714285714286,1.0,13650000000000.0,413000000000.0,1.0,1.118,0.046433284,32.168719666,1.4715232410258139,1.4715232410258139,1.4693992007384606,0.046433284,0.0014455161580907668,0.0,1.57160684466362e-08,1.6799358595945552e-14,0.0,0.0,0.0007,0.030256410256410255,1364302.0,,0.009164906532652065,25.0,,1.0,2.0,25.0,1.3315138400000002,0.395499935387626,,,,,,,,OK,REVISAR,7.11530447006226e-07,0.0,3.4924596548080444e-10,49.9197596594093,0.0,6.12714962579583e-09,1.13686837721616e-13,2.30967998504639e-07,3.75166564481333e-12,0.904439162318104,5.70902186606241,26.5946484303626,49.9197596594093,3.97903932025656e-13,0.0,7.11530447006226e-07,0.0,0.0,0.0,0.0,0.0,0.0,0.0,0.0,0.0,0.0,935515.981570241,49.9197596594093,9.31322574615479e-09,0.000118348747491837,0.0,0.0,0.0,1201.0,0.0,301.0,0.0,0.0,0.0,0.0,935515.981570241,935515.981570241,1.6065314412117004e-08,1.7172677675855453e-14,igual,1.57160684466362e-08,DIFIERE,5110000.0,10,/clusteruy/home/mathiasr/generator-aware-row-scaling/results-revision/r5-ablation/sgtm-gurobi-01pct/resultados/instance067_estructurado.csv,/clusteruy/home/mathiasr/generator-aware-row-scaling/results-revision/r5-ablation/sgtm-gurobi-01pct/resultados/instance067_estructurado_postprocesado.csv,/clusteruy/home/mathiasr/generator-aware-row-scaling/results-revision/r5-ablation/sgtm-gurobi-01pct/logs/instance067_estructurado.log
instance067.txt,estructurado_solo_local,OK,0,43.821031093,0.0,935515.9815702407,935516.0,OPTIMAL,935515.9815702407,9489.0,621975.0,0.11,10080.0,6120.0,22679.0,8987.0,5681.0,21476.0,10.843253968253968,7.173202614379085,5.304466687243706,1,Model contains large bounds,1e-05,100000.0,1.0,100.0,10.0,4000000.0,1.0,4000000000.0,0.0007,1.0,0.002285714285714286,1.0,13650000000000.0,413000000000.0,1.0,1.118,0.046344327,43.86737542,1.0786759185488617,1.0786759185488617,1.0775363356807819,0.046344327,0.0010575818469822145,0.0,1.57160684466362e-08,1.6799358595945552e-14,0.0,0.0,0.0007,0.030256410256410255,1364302.0,,0.009164906532652065,25.0,,1.0,2.0,25.0,1.3315138400000002,0.30789602634061,,,,,,,,OK,REVISAR,7.11530447006226e-07,0.0,3.4924596548080444e-10,49.9197596594093,0.0,6.12714962579583e-09,1.13686837721616e-13,2.30967998504639e-07,3.75166564481333e-12,0.904439162318104,5.70902186606241,26.5946484303626,49.9197596594093,3.97903932025656e-13,0.0,7.11530447006226e-07,0.0,0.0,0.0,0.0,0.0,0.0,0.0,0.0,0.0,0.0,935515.981570241,49.9197596594093,9.31322574615479e-09,0.000118348747491837,0.0,0.0,0.0,1201.0,0.0,301.0,0.0,0.0,0.0,0.0,935515.981570241,935515.981570241,1.6065314412117004e-08,1.7172677675855453e-14,igual,1.57160684466362e-08,DIFIERE,5110000.0,10,/clusteruy/home/mathiasr/generator-aware-row-scaling/results-revision/r5-ablation/sgtm-gurobi-01pct/resultados/instance067_estructurado_solo_local.csv,/clusteruy/home/mathiasr/generator-aware-row-scaling/results-revision/r5-ablation/sgtm-gurobi-01pct/resultados/instance067_estructurado_solo_local_postprocesado.csv,/clusteruy/home/mathiasr/generator-aware-row-scaling/results-revision/r5-ablation/sgtm-gurobi-01pct/logs/instance067_estructurado_solo_local.log
instance067.txt,estructurado_solo_acoplamiento,OK,0,43.140065003,0.0,935515.981570225,935516.0,OPTIMAL,935515.981570225,22698.0,1021184.0,0.11,10080.0,6120.0,22679.0,8987.0,5681.0,21476.0,10.843253968253968,7.173202614379085,5.304466687243706,3,Model contains large bounds | Model contains large matrix coefficient range | Model contains large rhs,0.0007,10000000000.0,1.0,100.0,40.0,7000000000.0,1.0,4000000000.0,1.0,1.0,1.0,1.0,13650000000000.0,13650000000000.0,1.0,1.0,0.04045961,43.180524612999996,1.0957028220220089,1.0957028220220089,1.0946761622198822,0.04045961,0.0009378662270718972,0.0,0.0,0.0,0.0,0.0,1.0,1.0,148861529.0,,0.9999999997014407,33.0,,1.0,2.0,33.0,1.008722606060606,0.475641026734678,,,,,,,,OK,REVISAR,2.38418579101562e-07,0.0,0.0,70.6974016867561,0.0,3.39674766965621e-09,1.092903545441e-13,1.49011611938477e-07,7.16227077646181e-12,0.908640397670067,5.70902186606241,26.8486405990269,70.6974016867561,5.6843418860808e-13,0.0,2.38418579101562e-07,0.0,0.0,0.0,0.0,0.0,0.0,0.0,0.0,0.0,0.0,935515.981570225,70.6974016867561,1.72294676303864e-08,0.000167112797498703,0.0,0.0,0.0,1201.0,0.0,302.0,0.0,0.0,0.0,0.0,935515.981570225,935515.981570225,0.0,0.0,igual,0.0,OK,0.0,0,/clusteruy/home/mathiasr/generator-aware-row-scaling/results-revision/r5-ablation/sgtm-gurobi-01pct/resultados/instance067_estructurado_solo_acoplamiento.csv,/clusteruy/home/mathiasr/generator-aware-row-scaling/results-revision/r5-ablation/sgtm-gurobi-01pct/resultados/instance067_estructurado_solo_acoplamiento_postprocesado.csv,/clusteruy/home/mathiasr/generator-aware-row-scaling/results-revision/r5-ablation/sgtm-gurobi-01pct/logs/instance067_estructurado_solo_acoplamiento.log
instance067.txt,estructurado_matricial,OK,0,45.583161953,0.0,935515.981570227,935516.0,OPTIMAL,935515.981570227,10827.0,929460.0,0.11,10080.0,6120.0,22679.0,8987.0,5681.0,21476.0,10.843253968253968,7.173202614379085,5.304466687243706,1,Model contains large bounds,1e-05,100000.0,1.0,100.0,60.0,40000000.0,1.0,4000000000.0,0.0007,1.0,0.003809523809523809,1.0,13650000000000.0,4323000000000.0,1.0,1.0,0.047844262,45.631006215,1.0369770095092992,1.0369770095092992,1.0358897356609607,0.047844262,0.0010496038438345145,0.0,1.979060471057892e-09,2.1154747861561068e-15,0.0,0.0,0.0007,0.3167032967032967,9960780.0,,0.06691305714739848,32.0,,1.0,2.0,32.0,1.0402451875,0.356697344642539,,,,,,,,OK,REVISAR,6.07222318649292e-07,0.0,0.0,46.407305524613,0.0,5.46187256039236e-09,1.13686837721616e-13,2.23517417907715e-07,3.29691829392686e-12,0.902398944014589,5.6023561536495,26.8850838373177,12.9456356089915,5.11590769747272e-13,1.0710209608078e-08,6.07222318649292e-07,0.0,0.0,0.0,0.0,0.0,0.0,0.0,0.0,0.0,0.0,935515.981570227,46.407305524613,1.49011611938477e-08,3.03052365779877e-05,0.0,0.0,0.0,1195.0,0.0,302.0,0.0,0.0,0.0,0.0,935515.981570227,935515.981570227,1.979060471057892e-09,2.1154747861561068e-15,igual,1.979060471057892e-09,DIFIERE,20410000.0,48,/clusteruy/home/mathiasr/generator-aware-row-scaling/results-revision/r5-ablation/sgtm-gurobi-01pct/resultados/instance067_estructurado_matricial.csv,/clusteruy/home/mathiasr/generator-aware-row-scaling/results-revision/r5-ablation/sgtm-gurobi-01pct/resultados/instance067_estructurado_matricial_postprocesado.csv,/clusteruy/home/mathiasr/generator-aware-row-scaling/results-revision/r5-ablation/sgtm-gurobi-01pct/logs/instance067_estructurado_matricial.log
instance067.txt,matricial_solo_local,OK,0,28.908291041,0.0,935515.981570227,935516.0,OPTIMAL,935515.981570227,10827.0,929460.0,0.11,10080.0,6120.0,22679.0,8987.0,5681.0,21476.0,10.843253968253968,7.173202614379085,5.304466687243706,1,Model contains large bounds,1e-05,100000.0,1.0,100.0,60.0,40000000.0,1.0,4000000000.0,0.0007,1.0,0.003809523809523809,1.0,13650000000000.0,4323000000000.0,1.0,1.0,0.047242367,28.955533407999997,1.6351257464150977,1.6351257464150977,1.632457958897084,0.047242367,0.0016342151437799344,0.0,1.979060471057892e-09,2.1154747861561068e-15,0.0,0.0,0.0007,0.3167032967032967,9960780.0,,0.06691305714739848,32.0,,1.0,2.0,32.0,1.0402451875,0.402325174605506,,,,,,,,OK,REVISAR,6.07222318649292e-07,0.0,0.0,46.407305524613,0.0,5.46187256039236e-09,1.13686837721616e-13,2.23517417907715e-07,3.29691829392686e-12,0.902398944014589,5.6023561536495,26.8850838373177,12.9456356089915,5.11590769747272e-13,1.0710209608078e-08,6.07222318649292e-07,0.0,0.0,0.0,0.0,0.0,0.0,0.0,0.0,0.0,0.0,935515.981570227,46.407305524613,1.49011611938477e-08,3.03052365779877e-05,0.0,0.0,0.0,1195.0,0.0,302.0,0.0,0.0,0.0,0.0,935515.981570227,935515.981570227,1.979060471057892e-09,2.1154747861561068e-15,igual,1.979060471057892e-09,DIFIERE,20410000.0,48,/clusteruy/home/mathiasr/generator-aware-row-scaling/results-revision/r5-ablation/sgtm-gurobi-01pct/resultados/instance067_matricial_solo_local.csv,/clusteruy/home/mathiasr/generator-aware-row-scaling/results-revision/r5-ablation/sgtm-gurobi-01pct/resultados/instance067_matricial_solo_local_postprocesado.csv,/clusteruy/home/mathiasr/generator-aware-row-scaling/results-revision/r5-ablation/sgtm-gurobi-01pct/logs/instance067_matricial_solo_local.log
instance067.txt,matricial_solo_acoplamiento,OK,0,40.623538955,0.0,935515.981570225,935516.0,OPTIMAL,935515.981570225,22698.0,1021184.0,0.11,10080.0,6120.0,22679.0,8987.0,5681.0,21476.0,10.843253968253968,7.173202614379085,5.304466687243706,3,Model contains large bounds | Model contains large matrix coefficient range | Model contains large rhs,0.0007,10000000000.0,1.0,100.0,40.0,7000000000.0,1.0,4000000000.0,1.0,1.0,1.0,1.0,13650000000000.0,13650000000000.0,1.0,1.0,0.041163285,40.664702240000004,1.163578855558622,1.163578855558622,1.1624010102674245,0.041163285,0.0010132865343316813,0.0,0.0,0.0,0.0,0.0,1.0,1.0,148861529.0,,0.9999999997014407,33.0,,1.0,2.0,33.0,1.008722606060606,0.481636175662668,,,,,,,,OK,REVISAR,2.38418579101562e-07,0.0,0.0,70.6974016867561,0.0,3.39674766965621e-09,1.092903545441e-13,1.49011611938477e-07,7.16227077646181e-12,0.908640397670067,5.70902186606241,26.8486405990269,70.6974016867561,5.6843418860808e-13,0.0,2.38418579101562e-07,0.0,0.0,0.0,0.0,0.0,0.0,0.0,0.0,0.0,0.0,935515.981570225,70.6974016867561,1.72294676303864e-08,0.000167112797498703,0.0,0.0,0.0,1201.0,0.0,302.0,0.0,0.0,0.0,0.0,935515.981570225,935515.981570225,0.0,0.0,igual,0.0,OK,0.0,0,/clusteruy/home/mathiasr/generator-aware-row-scaling/results-revision/r5-ablation/sgtm-gurobi-01pct/resultados/instance067_matricial_solo_acoplamiento.csv,/clusteruy/home/mathiasr/generator-aware-row-scaling/results-revision/r5-ablation/sgtm-gurobi-01pct/resultados/instance067_matricial_solo_acoplamiento_postprocesado.csv,/clusteruy/home/mathiasr/generator-aware-row-scaling/results-revision/r5-ablation/sgtm-gurobi-01pct/logs/instance067_matricial_solo_acoplamiento.log
instance068.txt,base,OK,0,6.560715826,0.093155615903679,-133168.92191757658,-133169.0,OPTIMAL,-133292.97624698118,5138.0,82121.0,0.09,10080.0,6120.0,22679.0,9018.0,5713.0,21446.0,10.535714285714286,6.650326797385621,5.436747652012875,3,Model contains large bounds | Model contains large matrix coefficient range | Model contains large rhs,0.0006,8000000000.0,0.0001,100.0,40.0,6000000000.0,1.0,4000000000.0,,,,,,,,,0.0,6.560715826,1.0,1.0,1.0,0.0,0.0,0.0,,,0.0,,,,2522913.300669,,,4.130727,,1.031815,1.087721,4.130727,1.0,0.673827100954436,,,,,,,,BASE,BASE,,,,,,3.04232471452935e-09,9.2370555648813e-14,1.22934579849243e-07,1.77813319623965e-12,3.20301486830375,19.8104728235764,71.620868430178,25.1908455245666,4.2632564145606e-13,0.0,2.30967998504639e-07,0.0,0.0,0.0,0.0,0.0,0.0,0.0,0.0,0.0,0.0,-133168.921917577,116.253627469398,0.0,7.67000019550323e-05,0.0,0.0,0.0,2373.0,0.0,338.0,0.0,0.0,0.0,0.0,-133168.921917577,,,,,,BASE,0.0,0,/clusteruy/home/mathiasr/generator-aware-row-scaling/results-revision/r5-ablation/sgtm-gurobi-01pct/resultados/instance068_base.csv,/clusteruy/home/mathiasr/generator-aware-row-scaling/results-revision/r5-ablation/sgtm-gurobi-01pct/resultados/instance068_base_postprocesado.csv,/clusteruy/home/mathiasr/generator-aware-row-scaling/results-revision/r5-ablation/sgtm-gurobi-01pct/logs/instance068_base.log
instance068.txt,estructurado,OK,0,2.943547088,0.0,-133090.0933528812,-133090.0,OPTIMAL,-133090.0933528812,1868.0,25795.0,0.09,10080.0,6120.0,22679.0,9019.0,5714.0,21446.0,10.52579365079365,6.633986928104576,5.436747652012875,1,Model contains large bounds,1e-05,90000.0,0.0001,100.0,10.0,4000000.0,1.0,4000000000.0,0.0006749999999999999,1.0,0.0026666666666666666,1.0,14060000000000.0,326300000000.0,1.0,1.118,0.046427395,2.9899744829999997,2.2288469081218927,2.2288469081218927,2.1942380656764957,0.046427395,0.015772601426785805,0.093155615903679,78.82856469537364,0.0005919441530371757,79.0,0.0005932311574014974,0.0006749999999999999,0.0232076813655761,27848.0,,0.011038032893407615,2.0,,1.0,1.0,2.0,2.0653635,0.634516554046698,,,,,,,,OK,REVISAR,6.48200511932373e-07,0.0,2.0372681319713593e-10,116.256092010318,0.0,5.77420415594375e-09,8.17124146124115e-14,2.19792127609253e-07,3.5171865420125e-13,3.20316348792868,19.8129373644964,71.6223761604848,25.1913795626948,2.27373675443232e-13,0.0,6.48200511932373e-07,0.0,0.0,0.0,0.0,0.0,0.0,0.0,0.0,0.0,0.0,-133090.093352881,116.256092010318,0.0,7.64541327953339e-05,0.0,0.0,0.0,2373.0,0.0,339.0,0.0,0.0,0.0,0.0,-133090.093352881,-133090.093352881,78.82856469557737,0.0005919441530387055,empeora,202.88289409998106,DIFIERE,40000.0,918,/clusteruy/home/mathiasr/generator-aware-row-scaling/results-revision/r5-ablation/sgtm-gurobi-01pct/resultados/instance068_estructurado.csv,/clusteruy/home/mathiasr/generator-aware-row-scaling/results-revision/r5-ablation/sgtm-gurobi-01pct/resultados/instance068_estructurado_postprocesado.csv,/clusteruy/home/mathiasr/generator-aware-row-scaling/results-revision/r5-ablation/sgtm-gurobi-01pct/logs/instance068_estructurado.log
instance068.txt,estructurado_solo_local,OK,0,2.931391646,0.0,-133090.0933528812,-133090.0,OPTIMAL,-133090.0933528812,1868.0,25795.0,0.09,10080.0,6120.0,22679.0,9019.0,5714.0,21446.0,10.52579365079365,6.633986928104576,5.436747652012875,1,Model contains large bounds,1e-05,90000.0,0.0001,100.0,10.0,4000000.0,1.0,4000000000.0,0.0006749999999999999,1.0,0.0026666666666666666,1.0,14060000000000.0,326300000000.0,1.0,1.118,0.04641858,2.977810226,2.2380891461406587,2.2380891461406587,2.203201456129327,0.04641858,0.01583499770948041,0.093155615903679,78.82856469537364,0.0005919441530371757,79.0,0.0005932311574014974,0.0006749999999999999,0.0232076813655761,27848.0,,0.011038032893407615,2.0,,1.0,1.0,2.0,2.0653635,0.62445121366525,,,,,,,,OK,REVISAR,6.48200511932373e-07,0.0,2.0372681319713593e-10,116.256092010318,0.0,5.77420415594375e-09,8.17124146124115e-14,2.19792127609253e-07,3.5171865420125e-13,3.20316348792868,19.8129373644964,71.6223761604848,25.1913795626948,2.27373675443232e-13,0.0,6.48200511932373e-07,0.0,0.0,0.0,0.0,0.0,0.0,0.0,0.0,0.0,0.0,-133090.093352881,116.256092010318,0.0,7.64541327953339e-05,0.0,0.0,0.0,2373.0,0.0,339.0,0.0,0.0,0.0,0.0,-133090.093352881,-133090.093352881,78.82856469557737,0.0005919441530387055,empeora,202.88289409998106,DIFIERE,40000.0,918,/clusteruy/home/mathiasr/generator-aware-row-scaling/results-revision/r5-ablation/sgtm-gurobi-01pct/resultados/instance068_estructurado_solo_local.csv,/clusteruy/home/mathiasr/generator-aware-row-scaling/results-revision/r5-ablation/sgtm-gurobi-01pct/resultados/instance068_estructurado_solo_local_postprocesado.csv,/clusteruy/home/mathiasr/generator-aware-row-scaling/results-revision/r5-ablation/sgtm-gurobi-01pct/logs/instance068_estructurado_solo_local.log
instance068.txt,estructurado_solo_acoplamiento,OK,0,6.92041787,0.093155615903679,-133168.92191757658,-133169.0,OPTIMAL,-133292.97624698118,5138.0,82121.0,0.09,10080.0,6120.0,22679.0,9018.0,5713.0,21446.0,10.535714285714286,6.650326797385621,5.436747652012875,3,Model contains large bounds | Model contains large matrix coefficient range | Model contains large rhs,0.0006,8000000000.0,0.0001,100.0,40.0,6000000000.0,1.0,4000000000.0,1.0,1.0,1.0,1.0,14060000000000.0,14060000000000.0,1.0,1.0,0.040112563,6.960530433,0.9480230745083607,0.9480230745083607,0.9425597501729938,0.040112563,0.0057962631380812845,0.0,0.0,0.0,0.0,0.0,1.0,1.0,2522913.0,,0.9999998808246799,4.0,,1.0,1.0,4.0,1.03268175,0.700955833735966,,,,,,,,OK,REVISAR,2.30967998504639e-07,0.0,4.3655745685100555e-10,116.253627469398,0.0,3.04232471452935e-09,9.2370555648813e-14,1.22934579849243e-07,1.77813319623965e-12,3.20301486830375,19.8104728235764,71.620868430178,25.1908455245666,4.2632564145606e-13,0.0,2.30967998504639e-07,0.0,0.0,0.0,0.0,0.0,0.0,0.0,0.0,0.0,0.0,-133168.921917577,116.253627469398,0.0,7.67000019550323e-05,0.0,0.0,0.0,2373.0,0.0,338.0,0.0,0.0,0.0,0.0,-133168.921917577,-133168.921917577,-4.3655745685100555e-10,3.278223256333095e-15,igual,0.0,OK,0.0,0,/clusteruy/home/mathiasr/generator-aware-row-scaling/results-revision/r5-ablation/sgtm-gurobi-01pct/resultados/instance068_estructurado_solo_acoplamiento.csv,/clusteruy/home/mathiasr/generator-aware-row-scaling/results-revision/r5-ablation/sgtm-gurobi-01pct/resultados/instance068_estructurado_solo_acoplamiento_postprocesado.csv,/clusteruy/home/mathiasr/generator-aware-row-scaling/results-revision/r5-ablation/sgtm-gurobi-01pct/logs/instance068_estructurado_solo_acoplamiento.log
instance068.txt,estructurado_matricial,OK,0,3.56409151,0.086492930221825,-133090.09344420442,-133090.0,OPTIMAL,-133205.20696585928,1355.0,36633.0,0.09,10080.0,6120.0,22679.0,9018.0,5713.0,21446.0,10.535714285714286,6.650326797385621,5.436747652012875,1,Model contains large bounds,1e-05,90000.0,0.0001,100.0,90.0,30000000.0,1.0,4000000000.0,0.0006749999999999999,1.0,0.0022222222222222222,1.0,14060000000000.0,3005000000000.0,1.0,1.0,0.048040201,3.612131711,1.8407820920400555,1.8407820920400555,1.8163002766540037,0.048040201,0.013478947121646717,0.006662685681854005,78.82847337215208,0.000591943467267401,79.0,0.0005932311574014974,0.0006749999999999999,0.21372688477951635,221254.0,,0.08769782138027897,2.0,,1.0,1.0,2.0,2.0653635,0.632151477479911,,,,,,,,OK,REVISAR,6.25848770141602e-07,0.0,5.820766091346741e-10,116.256092010318,0.0,4.90940532060119e-09,1.13686837721616e-13,1.83321535587308e-07,4.12114786740858e-13,3.20316348806488,19.8129373644965,71.6223761604848,25.1913795626948,2.27373675443232e-13,0.0,6.25848770141602e-07,0.0,0.0,0.0,0.0,0.0,0.0,0.0,0.0,0.0,0.0,-133090.093444205,116.256092010318,0.0,7.67000019550323e-05,0.0,0.0,0.0,2373.0,0.0,338.0,0.0,0.0,0.0,0.0,-133090.093444205,-133090.093444205,78.82847337157,0.0005919434672630301,empeora,87.76928112190217,DIFIERE,40000.0,918,/clusteruy/home/mathiasr/generator-aware-row-scaling/results-revision/r5-ablation/sgtm-gurobi-01pct/resultados/instance068_estructurado_matricial.csv,/clusteruy/home/mathiasr/generator-aware-row-scaling/results-revision/r5-ablation/sgtm-gurobi-01pct/resultados/instance068_estructurado_matricial_postprocesado.csv,/clusteruy/home/mathiasr/generator-aware-row-scaling/results-revision/r5-ablation/sgtm-gurobi-01pct/logs/instance068_estructurado_matricial.log
instance068.txt,matricial_solo_local,OK,0,3.317045001,0.086492930221825,-133090.09344420442,-133090.0,OPTIMAL,-133205.20696585928,1355.0,36633.0,0.09,10080.0,6120.0,22679.0,9018.0,5713.0,21446.0,10.535714285714286,6.650326797385621,5.436747652012875,1,Model contains large bounds,1e-05,90000.0,0.0001,100.0,90.0,30000000.0,1.0,4000000000.0,0.0006749999999999999,1.0,0.0022222222222222222,1.0,14060000000000.0,3005000000000.0,1.0,1.0,0.047102265,3.364147266,1.9778796561463956,1.9778796561463956,1.9501868697325928,0.047102265,0.01420006812865063,0.006662685681854005,78.82847337215208,0.000591943467267401,79.0,0.0005932311574014974,0.0006749999999999999,0.21372688477951635,221254.0,,0.08769782138027897,2.0,,1.0,1.0,2.0,2.0653635,0.634051756458589,,,,,,,,OK,REVISAR,6.25848770141602e-07,0.0,5.820766091346741e-10,116.256092010318,0.0,4.90940532060119e-09,1.13686837721616e-13,1.83321535587308e-07,4.12114786740858e-13,3.20316348806488,19.8129373644965,71.6223761604848,25.1913795626948,2.27373675443232e-13,0.0,6.25848770141602e-07,0.0,0.0,0.0,0.0,0.0,0.0,0.0,0.0,0.0,0.0,-133090.093444205,116.256092010318,0.0,7.67000019550323e-05,0.0,0.0,0.0,2373.0,0.0,338.0,0.0,0.0,0.0,0.0,-133090.093444205,-133090.093444205,78.82847337157,0.0005919434672630301,empeora,87.76928112190217,DIFIERE,40000.0,918,/clusteruy/home/mathiasr/generator-aware-row-scaling/results-revision/r5-ablation/sgtm-gurobi-01pct/resultados/instance068_matricial_solo_local.csv,/clusteruy/home/mathiasr/generator-aware-row-scaling/results-revision/r5-ablation/sgtm-gurobi-01pct/resultados/instance068_matricial_solo_local_postprocesado.csv,/clusteruy/home/mathiasr/generator-aware-row-scaling/results-revision/r5-ablation/sgtm-gurobi-01pct/logs/instance068_matricial_solo_local.log
instance068.txt,matricial_solo_acoplamiento,OK,0,6.405462985,0.093155615903679,-133168.92191757658,-133169.0,OPTIMAL,-133292.97624698118,5138.0,82121.0,0.09,10080.0,6120.0,22679.0,9018.0,5713.0,21446.0,10.535714285714286,6.650326797385621,5.436747652012875,3,Model contains large bounds | Model contains large matrix coefficient range | Model contains large rhs,0.0006,8000000000.0,0.0001,100.0,40.0,6000000000.0,1.0,4000000000.0,1.0,1.0,1.0,1.0,14060000000000.0,14060000000000.0,1.0,1.0,0.041047286,6.446510271,1.024237567426986,1.024237567426986,1.0177158726503175,0.041047286,0.0064081684799557085,0.0,0.0,0.0,0.0,0.0,1.0,1.0,2522913.0,,0.9999998808246799,4.0,,1.0,1.0,4.0,1.03268175,0.676339733285055,,,,,,,,OK,REVISAR,2.30967998504639e-07,0.0,4.3655745685100555e-10,116.253627469398,0.0,3.04232471452935e-09,9.2370555648813e-14,1.22934579849243e-07,1.77813319623965e-12,3.20301486830375,19.8104728235764,71.620868430178,25.1908455245666,4.2632564145606e-13,0.0,2.30967998504639e-07,0.0,0.0,0.0,0.0,0.0,0.0,0.0,0.0,0.0,0.0,-133168.921917577,116.253627469398,0.0,7.67000019550323e-05,0.0,0.0,0.0,2373.0,0.0,338.0,0.0,0.0,0.0,0.0,-133168.921917577,-133168.921917577,-4.3655745685100555e-10,3.278223256333095e-15,igual,0.0,OK,0.0,0,/clusteruy/home/mathiasr/generator-aware-row-scaling/results-revision/r5-ablation/sgtm-gurobi-01pct/resultados/instance068_matricial_solo_acoplamiento.csv,/clusteruy/home/mathiasr/generator-aware-row-scaling/results-revision/r5-ablation/sgtm-gurobi-01pct/resultados/instance068_matricial_solo_acoplamiento_postprocesado.csv,/clusteruy/home/mathiasr/generator-aware-row-scaling/results-revision/r5-ablation/sgtm-gurobi-01pct/logs/instance068_matricial_solo_acoplamiento.log
instance069.txt,base,OK,0,37.676401439,0.008449390715048,-351752.7956310097,-351753.0,OPTIMAL,-351782.51659906365,16092.0,485882.0,0.11,10080.0,6120.0,22679.0,8897.0,5677.0,21325.0,11.73611111111111,7.238562091503268,5.97028087658186,3,Model contains large bounds | Model contains large matrix coefficient range | Model contains large rhs,0.0007,10000000000.0,0.0001,100.0,40.0,8000000000.0,1.0,4000000000.0,,,,,,,,,0.0,37.676401439,1.0,1.0,1.0,0.0,0.0,0.0,,,0.0,,,,2428204.358398,,,35.618214,,1.357409,1.543955,35.618214,1.0,0.788015657272286,,,,,,,,BASE,BASE,,,,,,4.27928337574516e-09,1.101785329638e-13,1.63912773132324e-07,3.82804898890754e-13,0.930793387093544,5.58857169587289,22.6084435536895,14.3123065306436,1.13686837721616e-13,0.0,2.38418579101562e-07,0.0,0.0,0.0,0.0,0.0,0.0,0.0,0.0,0.0,0.0,-351752.79563101,49.5335756817012,0.0,3.2380223274231e-05,0.0,0.0,0.0,1738.0,0.0,332.0,0.0,0.0,0.0,0.0,-351752.79563101,,,,,,BASE,0.0,0,/clusteruy/home/mathiasr/generator-aware-row-scaling/results-revision/r5-ablation/sgtm-gurobi-01pct/resultados/instance069_base.csv,/clusteruy/home/mathiasr/generator-aware-row-scaling/results-revision/r5-ablation/sgtm-gurobi-01pct/resultados/instance069_base_postprocesado.csv,/clusteruy/home/mathiasr/generator-aware-row-scaling/results-revision/r5-ablation/sgtm-gurobi-01pct/logs/instance069_base.log
instance069.txt,estructurado,OK,0,30.12926205,0.066906093765975,-351752.795631009,-351753.0,OPTIMAL,-351988.1396862783,13632.0,612800.0,0.11,10080.0,6120.0,22679.0,8896.0,5677.0,21322.0,11.746031746031745,7.238562091503268,5.983508973058777,1,Model contains large bounds,1e-05,100000.0,0.0001,100.0,10.0,3000000.0,1.0,4000000000.0,0.0007,1.0,0.0015,1.0,14600000000000.0,356600000000.0,1.0,1.118,0.046654957,30.175917007000002,1.2504920092790657,1.2504920092790657,1.2485586247556317,0.046654957,0.001548493186543213,-0.058456703050927004,6.984919309616089e-10,1.9857466369487797e-15,0.0,0.0,0.0007,0.024424657534246576,32938.0,,0.013564756148337838,27.0,,1.0,2.0,27.0,1.3191931111111113,0.406587595227965,,,,,,,,OK,REVISAR,6.2212347984314e-07,0.0,0.0,49.5335756817012,0.0,6.83838869231354e-09,1.13686837721616e-13,2.55573540925978e-07,4.72510919280467e-13,0.930793387383474,5.58857169587289,22.6084435536895,14.3123065306436,2.27373675443232e-13,0.0,6.2212347984314e-07,0.0,0.0,0.0,0.0,0.0,0.0,0.0,0.0,0.0,0.0,-351752.795631009,49.5335756817012,0.0,3.28570604324341e-05,0.0,0.0,0.0,1738.0,0.0,332.0,0.0,0.0,0.0,0.0,-351752.795631009,-351752.795631009,6.984919309616089e-10,1.9857466369487797e-15,igual,-205.62308721465524,OK,0.0,0,/clusteruy/home/mathiasr/generator-aware-row-scaling/results-revision/r5-ablation/sgtm-gurobi-01pct/resultados/instance069_estructurado.csv,/clusteruy/home/mathiasr/generator-aware-row-scaling/results-revision/r5-ablation/sgtm-gurobi-01pct/resultados/instance069_estructurado_postprocesado.csv,/clusteruy/home/mathiasr/generator-aware-row-scaling/results-revision/r5-ablation/sgtm-gurobi-01pct/logs/instance069_estructurado.log
instance069.txt,estructurado_solo_local,OK,0,31.679892559,0.066906093765975,-351752.795631009,-351753.0,OPTIMAL,-351988.1396862783,13632.0,612800.0,0.11,10080.0,6120.0,22679.0,8896.0,5677.0,21322.0,11.746031746031745,7.238562091503268,5.983508973058777,1,Model contains large bounds,1e-05,100000.0,0.0001,100.0,10.0,3000000.0,1.0,4000000000.0,0.0007,1.0,0.0015,1.0,14600000000000.0,356600000000.0,1.0,1.118,0.046380913,31.726273472,1.1892843818466943,1.1892843818466943,1.1875457567448406,0.046380913,0.0014640489362020756,-0.058456703050927004,6.984919309616089e-10,1.9857466369487797e-15,0.0,0.0,0.0007,0.024424657534246576,32938.0,,0.013564756148337838,27.0,,1.0,2.0,27.0,1.3191931111111113,0.375304589697658,,,,,,,,OK,REVISAR,6.2212347984314e-07,0.0,0.0,49.5335756817012,0.0,6.83838869231354e-09,1.13686837721616e-13,2.55573540925978e-07,4.72510919280467e-13,0.930793387383474,5.58857169587289,22.6084435536895,14.3123065306436,2.27373675443232e-13,0.0,6.2212347984314e-07,0.0,0.0,0.0,0.0,0.0,0.0,0.0,0.0,0.0,0.0,-351752.795631009,49.5335756817012,0.0,3.28570604324341e-05,0.0,0.0,0.0,1738.0,0.0,332.0,0.0,0.0,0.0,0.0,-351752.795631009,-351752.795631009,6.984919309616089e-10,1.9857466369487797e-15,igual,-205.62308721465524,OK,0.0,0,/clusteruy/home/mathiasr/generator-aware-row-scaling/results-revision/r5-ablation/sgtm-gurobi-01pct/resultados/instance069_estructurado_solo_local.csv,/clusteruy/home/mathiasr/generator-aware-row-scaling/results-revision/r5-ablation/sgtm-gurobi-01pct/resultados/instance069_estructurado_solo_local_postprocesado.csv,/clusteruy/home/mathiasr/generator-aware-row-scaling/results-revision/r5-ablation/sgtm-gurobi-01pct/logs/instance069_estructurado_solo_local.log
instance069.txt,estructurado_solo_acoplamiento,OK,0,34.163321167,0.008449390715048,-351752.7956310097,-351753.0,OPTIMAL,-351782.51659906365,16092.0,485882.0,0.11,10080.0,6120.0,22679.0,8897.0,5677.0,21325.0,11.73611111111111,7.238562091503268,5.97028087658186,3,Model contains large bounds | Model contains large matrix coefficient range | Model contains large rhs,0.0007,10000000000.0,0.0001,100.0,40.0,8000000000.0,1.0,4000000000.0,1.0,1.0,1.0,1.0,14600000000000.0,14600000000000.0,1.0,1.0,0.040389693,34.20371086,1.102831930620184,1.102831930620184,1.1015296437633375,0.040389693,0.0011822531188511716,0.0,0.0,0.0,0.0,0.0,1.0,1.0,2428204.0,,0.9999998524020441,36.0,,1.0,1.0,36.0,0.9893948333333333,0.78861586594045,,,,,,,,OK,REVISAR,2.38418579101562e-07,0.0,3.4924596548080444e-10,49.5335756817012,0.0,4.27928337574516e-09,1.101785329638e-13,1.63912773132324e-07,3.82804898890754e-13,0.930793387093544,5.58857169587289,22.6084435536895,14.3123065306436,1.13686837721616e-13,0.0,2.38418579101562e-07,0.0,0.0,0.0,0.0,0.0,0.0,0.0,0.0,0.0,0.0,-351752.79563101,49.5335756817012,0.0,3.2380223274231e-05,0.0,0.0,0.0,1738.0,0.0,332.0,0.0,0.0,0.0,0.0,-351752.79563101,-351752.79563101,-3.4924596548080444e-10,9.928733184743898e-16,igual,0.0,OK,0.0,0,/clusteruy/home/mathiasr/generator-aware-row-scaling/results-revision/r5-ablation/sgtm-gurobi-01pct/resultados/instance069_estructurado_solo_acoplamiento.csv,/clusteruy/home/mathiasr/generator-aware-row-scaling/results-revision/r5-ablation/sgtm-gurobi-01pct/resultados/instance069_estructurado_solo_acoplamiento_postprocesado.csv,/clusteruy/home/mathiasr/generator-aware-row-scaling/results-revision/r5-ablation/sgtm-gurobi-01pct/logs/instance069_estructurado_solo_acoplamiento.log
instance069.txt,estructurado_matricial,OK,0,30.675321134,0.055587573885942,-351751.16635612387,-351751.0,OPTIMAL,-351946.69629561674,9661.0,523203.0,0.11,10080.0,6120.0,22679.0,8896.0,5677.0,21322.0,11.746031746031745,7.238562091503268,5.983508973058777,1,Model contains large bounds,1e-05,100000.0,0.0001,100.0,80.0,50000000.0,1.0,4000000000.0,0.0007,1.0,0.003125,1.0,14600000000000.0,4714000000000.0,1.0,1.0,0.047937856,30.72325899,1.2282316874342392,1.2282316874342392,1.2263152633404923,0.047937856,0.0015627499314706929,-0.047138183170894,1.629274885810446,4.631874731479214e-06,2.0,5.685807939093625e-06,0.0007,0.32287671232876713,212947.0,,0.08769731396927856,25.0,,1.0,2.0,25.0,1.4247285600000001,0.402030887068275,,,,,,,,OK,REVISAR,5.99771738052368e-07,0.0,1.1641532182693481e-10,49.5335756817012,0.0,6.52979538464665e-09,1.13686837721616e-13,2.42926180362698e-07,3.71258579434652e-13,0.930793840988159,5.58857169587289,22.6084435536895,14.3123065306436,1.13686837721616e-13,0.0,5.99771738052368e-07,0.0,0.0,0.0,0.0,0.0,0.0,0.0,0.0,0.0,0.0,-351751.166356124,49.5335756817012,0.0,3.2380223274231e-05,0.0,0.0,0.0,1738.0,0.0,332.0,0.0,0.0,0.0,0.0,-351751.166356124,-351751.166356124,1.6292748856940307,4.631874731148257e-06,empeora,-164.1796965530957,DIFIERE,10000.0,20,/clusteruy/home/mathiasr/generator-aware-row-scaling/results-revision/r5-ablation/sgtm-gurobi-01pct/resultados/instance069_estructurado_matricial.csv,/clusteruy/home/mathiasr/generator-aware-row-scaling/results-revision/r5-ablation/sgtm-gurobi-01pct/resultados/instance069_estructurado_matricial_postprocesado.csv,/clusteruy/home/mathiasr/generator-aware-row-scaling/results-revision/r5-ablation/sgtm-gurobi-01pct/logs/instance069_estructurado_matricial.log
instance069.txt,matricial_solo_local,OK,0,28.37575699,0.055587573885942,-351751.16635612387,-351751.0,OPTIMAL,-351946.69629561674,9661.0,523203.0,0.11,10080.0,6120.0,22679.0,8896.0,5677.0,21322.0,11.746031746031745,7.238562091503268,5.983508973058777,1,Model contains large bounds,1e-05,100000.0,0.0001,100.0,80.0,50000000.0,1.0,4000000000.0,0.0007,1.0,0.003125,1.0,14600000000000.0,4714000000000.0,1.0,1.0,0.047042882,28.422799872,1.3277672716283015,1.3277672716283015,1.3255696697254642,0.047042882,0.0016578546967602856,-0.047138183170894,1.629274885810446,4.631874731479214e-06,2.0,5.685807939093625e-06,0.0007,0.32287671232876713,212947.0,,0.08769731396927856,25.0,,1.0,2.0,25.0,1.4247285600000001,0.443636092553432,,,,,,,,OK,REVISAR,5.99771738052368e-07,0.0,1.1641532182693481e-10,49.5335756817012,0.0,6.52979538464665e-09,1.13686837721616e-13,2.42926180362698e-07,3.71258579434652e-13,0.930793840988159,5.58857169587289,22.6084435536895,14.3123065306436,1.13686837721616e-13,0.0,5.99771738052368e-07,0.0,0.0,0.0,0.0,0.0,0.0,0.0,0.0,0.0,0.0,-351751.166356124,49.5335756817012,0.0,3.2380223274231e-05,0.0,0.0,0.0,1738.0,0.0,332.0,0.0,0.0,0.0,0.0,-351751.166356124,-351751.166356124,1.6292748856940307,4.631874731148257e-06,empeora,-164.1796965530957,DIFIERE,10000.0,20,/clusteruy/home/mathiasr/generator-aware-row-scaling/results-revision/r5-ablation/sgtm-gurobi-01pct/resultados/instance069_matricial_solo_local.csv,/clusteruy/home/mathiasr/generator-aware-row-scaling/results-revision/r5-ablation/sgtm-gurobi-01pct/resultados/instance069_matricial_solo_local_postprocesado.csv,/clusteruy/home/mathiasr/generator-aware-row-scaling/results-revision/r5-ablation/sgtm-gurobi-01pct/logs/instance069_matricial_solo_local.log
instance069.txt,matricial_solo_acoplamiento,OK,0,37.058117787,0.008449390715048,-351752.7956310097,-351753.0,OPTIMAL,-351782.51659906365,16092.0,485882.0,0.11,10080.0,6120.0,22679.0,8897.0,5677.0,21325.0,11.73611111111111,7.238562091503268,5.97028087658186,3,Model contains large bounds | Model contains large matrix coefficient range | Model contains large rhs,0.0007,10000000000.0,0.0001,100.0,40.0,8000000000.0,1.0,4000000000.0,1.0,1.0,1.0,1.0,14600000000000.0,14600000000000.0,1.0,1.0,0.041106159,37.099223946,1.0166841623083431,1.0166841623083431,1.015557670258551,0.041106159,0.0011092349383815725,0.0,0.0,0.0,0.0,0.0,1.0,1.0,2428204.0,,0.9999998524020441,36.0,,1.0,2.0,36.0,0.9893948333333333,0.782877133054074,,,,,,,,OK,REVISAR,2.38418579101562e-07,0.0,3.4924596548080444e-10,49.5335756817012,0.0,4.27928337574516e-09,1.101785329638e-13,1.63912773132324e-07,3.82804898890754e-13,0.930793387093544,5.58857169587289,22.6084435536895,14.3123065306436,1.13686837721616e-13,0.0,2.38418579101562e-07,0.0,0.0,0.0,0.0,0.0,0.0,0.0,0.0,0.0,0.0,-351752.79563101,49.5335756817012,0.0,3.2380223274231e-05,0.0,0.0,0.0,1738.0,0.0,332.0,0.0,0.0,0.0,0.0,-351752.79563101,-351752.79563101,-3.4924596548080444e-10,9.928733184743898e-16,igual,0.0,OK,0.0,0,/clusteruy/home/mathiasr/generator-aware-row-scaling/results-revision/r5-ablation/sgtm-gurobi-01pct/resultados/instance069_matricial_solo_acoplamiento.csv,/clusteruy/home/mathiasr/generator-aware-row-scaling/results-revision/r5-ablation/sgtm-gurobi-01pct/resultados/instance069_matricial_solo_acoplamiento_postprocesado.csv,/clusteruy/home/mathiasr/generator-aware-row-scaling/results-revision/r5-ablation/sgtm-gurobi-01pct/logs/instance069_matricial_solo_acoplamiento.log
instance070.txt,base,OK,0,47.831904299,0.0,217210.61422161642,217211.0,OPTIMAL,217210.61422161642,20450.0,568336.0,0.11,10080.0,6120.0,22679.0,8788.0,5626.0,21165.0,12.817460317460318,8.071895424836601,6.675779355350765,3,Model contains large bounds | Model contains large matrix coefficient range | Model contains large rhs,0.0006,10000000000.0,0.0002,100.0,40.0,10000000000.0,1.0,4000000000.0,,,,,,,,,0.0,47.831904299,1.0,1.0,1.0,0.0,0.0,0.0,,,0.0,,,,2373406.073214,,,36.003096,,0.933542,2.945042,36.003096,1.0,0.89011681186026,,,,,,,,BASE,BASE,,,,,,1.58657687041174e-09,5.6843418860808e-14,6.89178705215454e-08,1.98951966012828e-13,0.287300025767263,4.56636771559708e-06,10.6940747512678,7.36831800853722,2.27373675443232e-13,0.0,1.19209289550781e-07,0.0,0.0,0.0,0.0,0.0,0.0,0.0,0.0,0.0,0.0,217210.614221616,33.1866517807646,0.0,2.09752470254898e-05,0.0,0.0,0.0,413.0,0.0,137.0,0.0,0.0,0.0,0.0,217210.614221616,,,,,,BASE,0.0,0,/clusteruy/home/mathiasr/generator-aware-row-scaling/results-revision/r5-ablation/sgtm-gurobi-01pct/resultados/instance070_base.csv,/clusteruy/home/mathiasr/generator-aware-row-scaling/results-revision/r5-ablation/sgtm-gurobi-01pct/resultados/instance070_base_postprocesado.csv,/clusteruy/home/mathiasr/generator-aware-row-scaling/results-revision/r5-ablation/sgtm-gurobi-01pct/logs/instance070_base.log
instance070.txt,estructurado,OK,0,5.221651008,0.096079071984477,217210.61422161607,217211.0,OPTIMAL,217001.92027922015,251.0,20951.0,0.12,10080.0,6120.0,22679.0,8788.0,5626.0,21165.0,12.817460317460318,8.071895424836601,6.675779355350765,1,Model contains large bounds,9e-06,100000.0,0.0002,100.0,10.0,4000000.0,1.0,4000000000.0,0.0006666666666666665,1.0,0.0016,1.0,21180000000000.0,427500000000.0,1.0,1.118,0.047704181,5.2693551890000005,9.160302790385183,9.160302790385183,9.07737333760516,0.047704181,0.009135842461879061,-0.096079071984477,-3.4924596548080444e-10,-1.607867860105927e-15,0.0,0.0,0.0006666666666666665,0.02018413597733711,26180.0,,0.011030560802664407,4.0,,0.0,4.0,4.0,9.000774,0.231149919504621,,,,,,,,OK,REVISAR,6.40749931335449e-07,0.0,5.820766091346741e-11,33.1866517807645,0.0,3.50428995852001e-09,1.13686837721616e-13,1.41561031341553e-07,3.69482222595252e-13,0.287300026483864,4.75198030471801e-06,10.6940747512678,7.36831800853719,3.41060513164848e-13,0.0,6.40749931335449e-07,0.0,0.0,0.0,0.0,0.0,0.0,0.0,0.0,0.0,0.0,217210.614221616,33.1866517807645,0.0,2.07368284463882e-05,0.0,0.0,0.0,413.0,0.0,137.0,0.0,0.0,0.0,0.0,217210.614221616,217210.614221616,-4.0745362639427185e-10,1.8758458367902483e-15,igual,-208.69394239626126,OK,0.0,0,/clusteruy/home/mathiasr/generator-aware-row-scaling/results-revision/r5-ablation/sgtm-gurobi-01pct/resultados/instance070_estructurado.csv,/clusteruy/home/mathiasr/generator-aware-row-scaling/results-revision/r5-ablation/sgtm-gurobi-01pct/resultados/instance070_estructurado_postprocesado.csv,/clusteruy/home/mathiasr/generator-aware-row-scaling/results-revision/r5-ablation/sgtm-gurobi-01pct/logs/instance070_estructurado.log
instance070.txt,estructurado_solo_local,OK,0,5.436626424,0.096079071984477,217210.61422161607,217211.0,OPTIMAL,217001.92027922015,251.0,20951.0,0.12,10080.0,6120.0,22679.0,8788.0,5626.0,21165.0,12.817460317460318,8.071895424836601,6.675779355350765,1,Model contains large bounds,9e-06,100000.0,0.0002,100.0,10.0,4000000.0,1.0,4000000000.0,0.0006666666666666665,1.0,0.0016,1.0,21180000000000.0,427500000000.0,1.0,1.118,0.046786679,5.483413103,8.79808553478053,8.79808553478053,8.723016741676995,0.046786679,0.008605829305000633,-0.096079071984477,-3.4924596548080444e-10,-1.607867860105927e-15,0.0,0.0,0.0006666666666666665,0.02018413597733711,26180.0,,0.011030560802664407,4.0,,0.0,5.0,4.0,9.000774,0.225215376806098,,,,,,,,OK,REVISAR,6.40749931335449e-07,0.0,5.820766091346741e-11,33.1866517807645,0.0,3.50428995852001e-09,1.13686837721616e-13,1.41561031341553e-07,3.69482222595252e-13,0.287300026483864,4.75198030471801e-06,10.6940747512678,7.36831800853719,3.41060513164848e-13,0.0,6.40749931335449e-07,0.0,0.0,0.0,0.0,0.0,0.0,0.0,0.0,0.0,0.0,217210.614221616,33.1866517807645,0.0,2.07368284463882e-05,0.0,0.0,0.0,413.0,0.0,137.0,0.0,0.0,0.0,0.0,217210.614221616,217210.614221616,-4.0745362639427185e-10,1.8758458367902483e-15,igual,-208.69394239626126,OK,0.0,0,/clusteruy/home/mathiasr/generator-aware-row-scaling/results-revision/r5-ablation/sgtm-gurobi-01pct/resultados/instance070_estructurado_solo_local.csv,/clusteruy/home/mathiasr/generator-aware-row-scaling/results-revision/r5-ablation/sgtm-gurobi-01pct/resultados/instance070_estructurado_solo_local_postprocesado.csv,/clusteruy/home/mathiasr/generator-aware-row-scaling/results-revision/r5-ablation/sgtm-gurobi-01pct/logs/instance070_estructurado_solo_local.log
instance070.txt,estructurado_solo_acoplamiento,OK,0,40.841350492,0.0,217210.61422161642,217211.0,OPTIMAL,217210.61422161642,20450.0,568336.0,0.11,10080.0,6120.0,22679.0,8788.0,5626.0,21165.0,12.817460317460318,8.071895424836601,6.675779355350765,3,Model contains large bounds | Model contains large matrix coefficient range | Model contains large rhs,0.0006,10000000000.0,0.0002,100.0,40.0,10000000000.0,1.0,4000000000.0,1.0,1.0,1.0,1.0,21180000000000.0,21180000000000.0,1.0,1.0,0.040209935,40.881560427,1.171163630065791,1.171163630065791,1.1700117069751008,0.040209935,0.0009845397988951497,0.0,0.0,0.0,0.0,0.0,1.0,1.0,2373406.0,,0.9999999691523499,36.0,,1.0,3.0,36.0,1.000086,0.890167592336341,,,,,,,,OK,REVISAR,1.19209289550781e-07,0.0,4.0745362639427185e-10,33.1866517807646,0.0,1.58657687041174e-09,5.6843418860808e-14,6.89178705215454e-08,1.98951966012828e-13,0.287300025767263,4.56636771559708e-06,10.6940747512678,7.36831800853722,2.27373675443232e-13,0.0,1.19209289550781e-07,0.0,0.0,0.0,0.0,0.0,0.0,0.0,0.0,0.0,0.0,217210.614221616,33.1866517807646,0.0,2.09752470254898e-05,0.0,0.0,0.0,413.0,0.0,137.0,0.0,0.0,0.0,0.0,217210.614221616,217210.614221616,-4.0745362639427185e-10,1.8758458367902483e-15,igual,0.0,OK,0.0,0,/clusteruy/home/mathiasr/generator-aware-row-scaling/results-revision/r5-ablation/sgtm-gurobi-01pct/resultados/instance070_estructurado_solo_acoplamiento.csv,/clusteruy/home/mathiasr/generator-aware-row-scaling/results-revision/r5-ablation/sgtm-gurobi-01pct/resultados/instance070_estructurado_solo_acoplamiento_postprocesado.csv,/clusteruy/home/mathiasr/generator-aware-row-scaling/results-revision/r5-ablation/sgtm-gurobi-01pct/logs/instance070_estructurado_solo_acoplamiento.log
instance070.txt,estructurado_matricial,OK,0,5.217383112,0.051293001754403,217210.6142216161,217211.0,OPTIMAL,217099.20037745265,251.0,21833.0,0.12,10080.0,6120.0,22679.0,8788.0,5626.0,21165.0,12.817460317460318,8.071895424836601,6.675779355350765,1,Model contains large bounds,9e-06,100000.0,0.0002,100.0,60.0,40000000.0,1.0,4000000000.0,0.0006666666666666665,1.0,0.0026666666666666666,1.0,21180000000000.0,3949000000000.0,1.0,1.0,0.047836126,5.265219238,9.167796052581695,9.167796052581695,9.084503823466429,0.047836126,0.009168605213210572,-0.051293001754403,-3.2014213502407074e-10,-1.4738788717637666e-15,0.0,0.0,0.0006666666666666665,0.1864494806421152,208099.0,,0.08767947564834455,5.0,,0.0,5.0,5.0,7.2006192,0.227532048185143,,,,,,,,OK,REVISAR,3.96743416786194e-07,0.0,8.731149137020111e-11,33.1866517807644,0.0,2.64540307948555e-09,8.5265128291212e-14,1.08033418655396e-07,2.8421709430404e-13,0.287300026302403,4.56636771559708e-06,10.6940747512678,7.36831800853719,2.27373675443232e-13,0.0,3.96743416786194e-07,0.0,0.0,0.0,0.0,0.0,0.0,0.0,0.0,0.0,0.0,217210.614221616,33.1866517807644,0.0,2.09752470254898e-05,0.0,0.0,0.0,413.0,0.0,137.0,0.0,0.0,0.0,0.0,217210.614221616,217210.614221616,-4.0745362639427185e-10,1.8758458367902483e-15,igual,-111.4138441637624,OK,0.0,0,/clusteruy/home/mathiasr/generator-aware-row-scaling/results-revision/r5-ablation/sgtm-gurobi-01pct/resultados/instance070_estructurado_matricial.csv,/clusteruy/home/mathiasr/generator-aware-row-scaling/results-revision/r5-ablation/sgtm-gurobi-01pct/resultados/instance070_estructurado_matricial_postprocesado.csv,/clusteruy/home/mathiasr/generator-aware-row-scaling/results-revision/r5-ablation/sgtm-gurobi-01pct/logs/instance070_estructurado_matricial.log
instance070.txt,matricial_solo_local,OK,0,5.970395556,0.051293001754403,217210.6142216161,217211.0,OPTIMAL,217099.20037745265,251.0,21833.0,0.12,10080.0,6120.0,22679.0,8788.0,5626.0,21165.0,12.817460317460318,8.071895424836601,6.675779355350765,1,Model contains large bounds,9e-06,100000.0,0.0002,100.0,60.0,40000000.0,1.0,4000000000.0,0.0006666666666666665,1.0,0.0026666666666666666,1.0,21180000000000.0,3949000000000.0,1.0,1.0,0.047295448,6.017691004,8.011513450047865,8.011513450047865,7.948547751489037,0.047295448,0.007921660726896065,-0.051293001754403,-3.2014213502407074e-10,-1.4738788717637666e-15,0.0,0.0,0.0006666666666666665,0.1864494806421152,208099.0,,0.08767947564834455,5.0,,0.0,5.0,5.0,7.2006192,0.207692940760707,,,,,,,,OK,REVISAR,3.96743416786194e-07,0.0,8.731149137020111e-11,33.1866517807644,0.0,2.64540307948555e-09,8.5265128291212e-14,1.08033418655396e-07,2.8421709430404e-13,0.287300026302403,4.56636771559708e-06,10.6940747512678,7.36831800853719,2.27373675443232e-13,0.0,3.96743416786194e-07,0.0,0.0,0.0,0.0,0.0,0.0,0.0,0.0,0.0,0.0,217210.614221616,33.1866517807644,0.0,2.09752470254898e-05,0.0,0.0,0.0,413.0,0.0,137.0,0.0,0.0,0.0,0.0,217210.614221616,217210.614221616,-4.0745362639427185e-10,1.8758458367902483e-15,igual,-111.4138441637624,OK,0.0,0,/clusteruy/home/mathiasr/generator-aware-row-scaling/results-revision/r5-ablation/sgtm-gurobi-01pct/resultados/instance070_matricial_solo_local.csv,/clusteruy/home/mathiasr/generator-aware-row-scaling/results-revision/r5-ablation/sgtm-gurobi-01pct/resultados/instance070_matricial_solo_local_postprocesado.csv,/clusteruy/home/mathiasr/generator-aware-row-scaling/results-revision/r5-ablation/sgtm-gurobi-01pct/logs/instance070_matricial_solo_local.log
instance070.txt,matricial_solo_acoplamiento,OK,0,42.437183746,0.0,217210.61422161642,217211.0,OPTIMAL,217210.61422161642,20450.0,568336.0,0.11,10080.0,6120.0,22679.0,8788.0,5626.0,21165.0,12.817460317460318,8.071895424836601,6.675779355350765,3,Model contains large bounds | Model contains large matrix coefficient range | Model contains large rhs,0.0006,10000000000.0,0.0002,100.0,40.0,10000000000.0,1.0,4000000000.0,1.0,1.0,1.0,1.0,21180000000000.0,21180000000000.0,1.0,1.0,0.041270958,42.478454704,1.1271224920411569,1.1271224920411569,1.126027409243206,0.041270958,0.0009725187761520597,0.0,0.0,0.0,0.0,0.0,1.0,1.0,2373406.0,,0.9999999691523499,36.0,,1.0,3.0,36.0,1.000086,0.883388775035578,,,,,,,,OK,REVISAR,1.19209289550781e-07,0.0,4.0745362639427185e-10,33.1866517807646,0.0,1.58657687041174e-09,5.6843418860808e-14,6.89178705215454e-08,1.98951966012828e-13,0.287300025767263,4.56636771559708e-06,10.6940747512678,7.36831800853722,2.27373675443232e-13,0.0,1.19209289550781e-07,0.0,0.0,0.0,0.0,0.0,0.0,0.0,0.0,0.0,0.0,217210.614221616,33.1866517807646,0.0,2.09752470254898e-05,0.0,0.0,0.0,413.0,0.0,137.0,0.0,0.0,0.0,0.0,217210.614221616,217210.614221616,-4.0745362639427185e-10,1.8758458367902483e-15,igual,0.0,OK,0.0,0,/clusteruy/home/mathiasr/generator-aware-row-scaling/results-revision/r5-ablation/sgtm-gurobi-01pct/resultados/instance070_matricial_solo_acoplamiento.csv,/clusteruy/home/mathiasr/generator-aware-row-scaling/results-revision/r5-ablation/sgtm-gurobi-01pct/resultados/instance070_matricial_solo_acoplamiento_postprocesado.csv,/clusteruy/home/mathiasr/generator-aware-row-scaling/results-revision/r5-ablation/sgtm-gurobi-01pct/logs/instance070_matricial_solo_acoplamiento.log
instance071.txt,base,OK,0,121.716660402,0.0,4969916.40618402,4969920.0,OPTIMAL,4969916.40618402,41360.0,5057773.0,0.12,10080.0,6120.0,22679.0,8848.0,5640.0,21323.0,12.222222222222221,7.8431372549019605,5.9790996075664715,3,Model contains large bounds | Model contains large matrix coefficient range | Model contains large rhs,0.0006,10000000000.0,0.0005,100.0,40.0,10000000000.0,1.0,4000000000.0,,,,,,,,,0.0,121.716660402,1.0,1.0,1.0,0.0,0.0,0.0,,,0.0,,,,148962785.721569,,,144.77469,,0.913773,2.305718,144.77469,1.0,0.689189864244336,,,,,,,,BASE,BASE,,,,,,1.5969253276715e-09,5.6843418860808e-14,5.96046447753906e-08,2.27373675443232e-13,0.162983784597996,1.19581818580622e-07,4.84163647710339,5.77033734288179,1.13686837721616e-13,0.0,2.27242708206177e-07,0.0,0.0,0.0,0.0,0.0,0.0,0.0,0.0,0.0,0.0,4969916.40618401,28.465948190488,0.0,1.51433050632477e-05,0.0,0.0,0.0,389.0,0.0,91.0,0.0,0.0,0.0,0.0,4969916.40618401,,,,,,BASE,0.0,0,/clusteruy/home/mathiasr/generator-aware-row-scaling/results-revision/r5-ablation/sgtm-gurobi-01pct/resultados/instance071_base.csv,/clusteruy/home/mathiasr/generator-aware-row-scaling/results-revision/r5-ablation/sgtm-gurobi-01pct/resultados/instance071_base_postprocesado.csv,/clusteruy/home/mathiasr/generator-aware-row-scaling/results-revision/r5-ablation/sgtm-gurobi-01pct/logs/instance071_base.log
instance071.txt,estructurado,OK,0,151.801566929,0.0,4969302.53888613,4969300.0,OPTIMAL,4969302.53888613,47766.0,4819155.0,0.13,10080.0,6120.0,22679.0,8848.0,5640.0,21323.0,12.222222222222221,7.8431372549019605,5.9790996075664715,1,Model contains large bounds,8e-06,100000.0,0.0005,100.0,10.0,4000000.0,1.0,4000000000.0,0.0007499999999999999,1.0,0.0016,1.0,21920000000000.0,492400000000.0,1.0,1.118,0.046736705,151.848303634,0.8018142557048098,0.8018142557048098,0.8015674689087979,0.046736705,0.00030788025410738684,0.0,-613.8672978905961,-0.00012351662436952998,-620.0,-0.000124750499001996,0.0007499999999999999,0.022463503649635036,1499519.0,,0.010066400092723814,147.0,,1.0,3.0,147.0,0.9848618367346939,0.643880369065111,,,,,,,,OK,REVISAR,5.0663948059082e-07,0.0,0.0,28.465948190488,0.0,3.56503830080578e-09,7.105427357601e-14,1.29453837871552e-07,2.27373675443232e-13,0.161833162605194,2.46614217758168e-07,4.83568094239198,5.77033734288179,2.27373675443232e-13,0.0,5.0663948059082e-07,0.0,0.0,0.0,0.0,0.0,0.0,0.0,0.0,0.0,0.0,4969302.53888613,28.465948190488,0.0,1.51433050632477e-05,0.0,0.0,0.0,392.0,0.0,90.0,0.0,0.0,0.0,0.0,4969302.53888613,4969302.53888613,-613.8672978905961,0.00012351662436952998,mejora,-613.8672978905961,DIFIERE,2980000.0,181,/clusteruy/home/mathiasr/generator-aware-row-scaling/results-revision/r5-ablation/sgtm-gurobi-01pct/resultados/instance071_estructurado.csv,/clusteruy/home/mathiasr/generator-aware-row-scaling/results-revision/r5-ablation/sgtm-gurobi-01pct/resultados/instance071_estructurado_postprocesado.csv,/clusteruy/home/mathiasr/generator-aware-row-scaling/results-revision/r5-ablation/sgtm-gurobi-01pct/logs/instance071_estructurado.log
instance071.txt,estructurado_solo_local,OK,0,138.000661971,0.0,4969302.53888613,4969300.0,OPTIMAL,4969302.53888613,47766.0,4819155.0,0.13,10080.0,6120.0,22679.0,8848.0,5640.0,21323.0,12.222222222222221,7.8431372549019605,5.9790996075664715,1,Model contains large bounds,8e-06,100000.0,0.0005,100.0,10.0,4000000.0,1.0,4000000000.0,0.0007499999999999999,1.0,0.0016,1.0,21920000000000.0,492400000000.0,1.0,1.118,0.04668443,138.047346401,0.8820005546609481,0.8820005546609481,0.8817022824070619,0.04668443,0.0003382913482676659,0.0,-613.8672978905961,-0.00012351662436952998,-620.0,-0.000124750499001996,0.0007499999999999999,0.022463503649635036,1499519.0,,0.010066400092723814,147.0,,1.0,3.0,147.0,0.9848618367346939,0.625357087581985,,,,,,,,OK,REVISAR,5.0663948059082e-07,0.0,0.0,28.465948190488,0.0,3.56503830080578e-09,7.105427357601e-14,1.29453837871552e-07,2.27373675443232e-13,0.161833162605194,2.46614217758168e-07,4.83568094239198,5.77033734288179,2.27373675443232e-13,0.0,5.0663948059082e-07,0.0,0.0,0.0,0.0,0.0,0.0,0.0,0.0,0.0,0.0,4969302.53888613,28.465948190488,0.0,1.51433050632477e-05,0.0,0.0,0.0,392.0,0.0,90.0,0.0,0.0,0.0,0.0,4969302.53888613,4969302.53888613,-613.8672978905961,0.00012351662436952998,mejora,-613.8672978905961,DIFIERE,2980000.0,181,/clusteruy/home/mathiasr/generator-aware-row-scaling/results-revision/r5-ablation/sgtm-gurobi-01pct/resultados/instance071_estructurado_solo_local.csv,/clusteruy/home/mathiasr/generator-aware-row-scaling/results-revision/r5-ablation/sgtm-gurobi-01pct/resultados/instance071_estructurado_solo_local_postprocesado.csv,/clusteruy/home/mathiasr/generator-aware-row-scaling/results-revision/r5-ablation/sgtm-gurobi-01pct/logs/instance071_estructurado_solo_local.log
instance071.txt,estructurado_solo_acoplamiento,OK,0,122.959946544,0.0,4969916.40618402,4969920.0,OPTIMAL,4969916.40618402,41360.0,5057773.0,0.12,10080.0,6120.0,22679.0,8848.0,5640.0,21323.0,12.222222222222221,7.8431372549019605,5.9790996075664715,3,Model contains large bounds | Model contains large matrix coefficient range | Model contains large rhs,0.0006,10000000000.0,0.0005,100.0,40.0,10000000000.0,1.0,4000000000.0,1.0,1.0,1.0,1.0,21920000000000.0,21920000000000.0,1.0,1.0,0.039941607,122.99988815100001,0.9898886899600667,0.9898886899600667,0.9895672445862336,0.039941607,0.00032483429053628684,0.0,0.0,0.0,0.0,0.0,1.0,1.0,148962786.0,,1.0000000018691313,145.0,,1.0,2.0,145.0,0.9984461379310344,0.668306126081083,,,,,,,,OK,REVISAR,2.27242708206177e-07,0.0,1.0244548320770264e-08,28.465948190488,0.0,1.5969253276715e-09,5.6843418860808e-14,5.96046447753906e-08,2.27373675443232e-13,0.162983784597996,1.19581818580622e-07,4.84163647710339,5.77033734288179,1.13686837721616e-13,0.0,2.27242708206177e-07,0.0,0.0,0.0,0.0,0.0,0.0,0.0,0.0,0.0,0.0,4969916.40618401,28.465948190488,0.0,1.51433050632477e-05,0.0,0.0,0.0,389.0,0.0,91.0,0.0,0.0,0.0,0.0,4969916.40618401,4969916.40618401,-1.0244548320770264e-08,2.061311998733634e-15,igual,0.0,OK,0.0,0,/clusteruy/home/mathiasr/generator-aware-row-scaling/results-revision/r5-ablation/sgtm-gurobi-01pct/resultados/instance071_estructurado_solo_acoplamiento.csv,/clusteruy/home/mathiasr/generator-aware-row-scaling/results-revision/r5-ablation/sgtm-gurobi-01pct/resultados/instance071_estructurado_solo_acoplamiento_postprocesado.csv,/clusteruy/home/mathiasr/generator-aware-row-scaling/results-revision/r5-ablation/sgtm-gurobi-01pct/logs/instance071_estructurado_solo_acoplamiento.log
instance071.txt,estructurado_matricial,OK,0,116.098902717,0.0,4969296.130800274,4969300.0,OPTIMAL,4969296.130800274,37339.0,4265601.0,0.12,10080.0,6120.0,22679.0,8848.0,5640.0,21323.0,12.222222222222221,7.8431372549019605,5.9790996075664715,1,Model contains large bounds,8e-06,100000.0,0.0005,100.0,70.0,40000000.0,1.0,4000000000.0,0.0007499999999999999,1.0,0.002285714285714286,1.0,21920000000000.0,4572000000000.0,1.0,1.0,0.04792157,116.146824287,1.0483876897501239,1.0483876897501239,1.0479551304927364,0.04792157,0.0004127650552978309,0.0,-620.2753837462515,-0.0001248059993472825,-620.0,-0.000124750499001996,0.0007499999999999999,0.20857664233576642,12430388.0,,0.0834462643793063,107.0,,1.0,3.0,107.0,1.3530344859813084,0.696522495968591,,,,,,,,OK,REVISAR,5.55068254470825e-07,0.0,4.6566128730773926e-09,29.0509475494874,0.0,2.6059038774668e-09,5.6843418860808e-14,9.68575477600098e-08,2.27373675443232e-13,0.165511596672062,2.7213245630264e-07,5.01462185742133,5.89992542727705,1.13686837721616e-13,0.0,5.55068254470825e-07,0.0,0.0,0.0,0.0,0.0,0.0,0.0,0.0,0.0,0.0,4969296.13080027,29.0509475494874,0.0,1.55773013830185e-05,0.0,0.0,0.0,393.0,0.0,92.0,0.0,0.0,0.0,0.0,4969296.13080027,4969296.13080027,-620.2753837509081,0.00012480599934821946,mejora,-620.2753837462515,DIFIERE,13350000.0,599,/clusteruy/home/mathiasr/generator-aware-row-scaling/results-revision/r5-ablation/sgtm-gurobi-01pct/resultados/instance071_estructurado_matricial.csv,/clusteruy/home/mathiasr/generator-aware-row-scaling/results-revision/r5-ablation/sgtm-gurobi-01pct/resultados/instance071_estructurado_matricial_postprocesado.csv,/clusteruy/home/mathiasr/generator-aware-row-scaling/results-revision/r5-ablation/sgtm-gurobi-01pct/logs/instance071_estructurado_matricial.log
instance071.txt,matricial_solo_local,OK,0,125.598639778,0.0,4969296.130800274,4969300.0,OPTIMAL,4969296.130800274,37339.0,4265601.0,0.12,10080.0,6120.0,22679.0,8848.0,5640.0,21323.0,12.222222222222221,7.8431372549019605,5.9790996075664715,1,Model contains large bounds,8e-06,100000.0,0.0005,100.0,70.0,40000000.0,1.0,4000000000.0,0.0007499999999999999,1.0,0.002285714285714286,1.0,21920000000000.0,4572000000000.0,1.0,1.0,0.047194352,125.64583413000001,0.9690921861664941,0.9690921861664941,0.9687281814378766,0.047194352,0.0003757552795429765,0.0,-620.2753837462515,-0.0001248059993472825,-620.0,-0.000124750499001996,0.0007499999999999999,0.20857664233576642,12430388.0,,0.0834462643793063,107.0,,1.0,3.0,107.0,1.3530344859813084,0.663335395396401,,,,,,,,OK,REVISAR,5.55068254470825e-07,0.0,4.6566128730773926e-09,29.0509475494874,0.0,2.6059038774668e-09,5.6843418860808e-14,9.68575477600098e-08,2.27373675443232e-13,0.165511596672062,2.7213245630264e-07,5.01462185742133,5.89992542727705,1.13686837721616e-13,0.0,5.55068254470825e-07,0.0,0.0,0.0,0.0,0.0,0.0,0.0,0.0,0.0,0.0,4969296.13080027,29.0509475494874,0.0,1.55773013830185e-05,0.0,0.0,0.0,393.0,0.0,92.0,0.0,0.0,0.0,0.0,4969296.13080027,4969296.13080027,-620.2753837509081,0.00012480599934821946,mejora,-620.2753837462515,DIFIERE,13350000.0,599,/clusteruy/home/mathiasr/generator-aware-row-scaling/results-revision/r5-ablation/sgtm-gurobi-01pct/resultados/instance071_matricial_solo_local.csv,/clusteruy/home/mathiasr/generator-aware-row-scaling/results-revision/r5-ablation/sgtm-gurobi-01pct/resultados/instance071_matricial_solo_local_postprocesado.csv,/clusteruy/home/mathiasr/generator-aware-row-scaling/results-revision/r5-ablation/sgtm-gurobi-01pct/logs/instance071_matricial_solo_local.log
instance071.txt,matricial_solo_acoplamiento,OK,0,145.131878896,0.0,4969916.40618402,4969920.0,OPTIMAL,4969916.40618402,41360.0,5057773.0,0.12,10080.0,6120.0,22679.0,8848.0,5640.0,21323.0,12.222222222222221,7.8431372549019605,5.9790996075664715,3,Model contains large bounds | Model contains large matrix coefficient range | Model contains large rhs,0.0006,10000000000.0,0.0005,100.0,40.0,10000000000.0,1.0,4000000000.0,1.0,1.0,1.0,1.0,21920000000000.0,21920000000000.0,1.0,1.0,0.041842576,145.17372147199998,0.8386624725586369,0.8386624725586369,0.8384207497599749,0.041842576,0.0002883072714161164,0.0,0.0,0.0,0.0,0.0,1.0,1.0,148962786.0,,1.0000000018691313,145.0,,1.0,2.0,145.0,0.9984461379310344,0.647295130629114,,,,,,,,OK,REVISAR,2.27242708206177e-07,0.0,1.0244548320770264e-08,28.465948190488,0.0,1.5969253276715e-09,5.6843418860808e-14,5.96046447753906e-08,2.27373675443232e-13,0.162983784597996,1.19581818580622e-07,4.84163647710339,5.77033734288179,1.13686837721616e-13,0.0,2.27242708206177e-07,0.0,0.0,0.0,0.0,0.0,0.0,0.0,0.0,0.0,0.0,4969916.40618401,28.465948190488,0.0,1.51433050632477e-05,0.0,0.0,0.0,389.0,0.0,91.0,0.0,0.0,0.0,0.0,4969916.40618401,4969916.40618401,-1.0244548320770264e-08,2.061311998733634e-15,igual,0.0,OK,0.0,0,/clusteruy/home/mathiasr/generator-aware-row-scaling/results-revision/r5-ablation/sgtm-gurobi-01pct/resultados/instance071_matricial_solo_acoplamiento.csv,/clusteruy/home/mathiasr/generator-aware-row-scaling/results-revision/r5-ablation/sgtm-gurobi-01pct/resultados/instance071_matricial_solo_acoplamiento_postprocesado.csv,/clusteruy/home/mathiasr/generator-aware-row-scaling/results-revision/r5-ablation/sgtm-gurobi-01pct/logs/instance071_matricial_solo_acoplamiento.log
instance072.txt,base,OK,0,59.136065105,0.0,80624717.6140196,80624700.0,OPTIMAL,80624717.6140196,12691.0,1853574.0,0.16,10080.0,6120.0,22679.0,8686.0,5504.0,20829.0,13.829365079365079,10.065359477124183,8.157326160765466,3,Model contains large bounds | Model contains large matrix coefficient range | Model contains large rhs,0.0006,10000000000.0,0.0009,100.0,40.0,10000000000.0,1.0,4000000000.0,,,,,,,,,0.0,59.136065105,1.0,1.0,1.0,0.0,0.0,0.0,,,0.0,,,,4410872.850021,,,43.763347,,0.571449,3.026404,43.763347,1.0,0.449886332591374,,,,,,,,BASE,BASE,,,,,,7.89744340029805e-10,4.2632564145606e-14,2.94344499707218e-08,3.41060513164848e-13,0.0708024480307338,1.13686837721616e-13,1.26443859120912,5.12751363630218,5.6843418860808e-13,9.31322574615479e-10,1.16415321826935e-07,0.0,0.0,0.0,0.0,0.0,0.0,0.0,0.0,0.0,0.0,80624717.6140196,27.6125728368967,9.31322574615479e-10,1.44685618579388e-05,0.0,0.0,0.0,139.0,0.0,46.0,0.0,0.0,0.0,0.0,80624717.6140196,,,,,,BASE,0.0,0,/clusteruy/home/mathiasr/generator-aware-row-scaling/results-revision/r5-ablation/sgtm-gurobi-01pct/resultados/instance072_base.csv,/clusteruy/home/mathiasr/generator-aware-row-scaling/results-revision/r5-ablation/sgtm-gurobi-01pct/resultados/instance072_base_postprocesado.csv,/clusteruy/home/mathiasr/generator-aware-row-scaling/results-revision/r5-ablation/sgtm-gurobi-01pct/logs/instance072_base.log
instance072.txt,estructurado,OK,0,46.865400653,0.0,80624717.61401917,80624700.0,OPTIMAL,80624717.61401917,15835.0,1784483.0,0.17,10080.0,6120.0,22679.0,8686.0,5504.0,20829.0,13.829365079365079,10.065359477124183,8.157326160765466,1,Model contains large bounds,8e-06,100000.0,0.0009,100.0,10.0,4000000.0,1.0,4000000000.0,0.0007499999999999999,1.0,0.0016,1.0,24040000000000.0,500300000000.0,1.0,1.118,0.046491392,46.911892045,1.2618277936607059,1.2618277936607059,1.2605772764030498,0.046491392,0.0009920195144437316,0.0,-4.3213367462158203e-07,-5.359816287237942e-15,0.0,0.0,0.0007499999999999999,0.02081114808652246,84929.0,,0.019254465700500902,44.0,,1.0,3.0,44.0,0.9946215227272728,0.447923421168544,,,,,,,,OK,REVISAR,6.01634383201599e-07,0.0,2.9802322387695312e-08,19.1014352555769,0.0,1.79105530160071e-09,5.6843418860808e-14,4.85265627503391e-08,4.12114786740858e-13,0.0750305205439094,1.13686837721616e-13,1.48767609927774,3.54703889146612,1.13686837721616e-13,4.65661287307739e-10,6.01634383201599e-07,0.0,0.0,0.0,0.0,0.0,0.0,0.0,0.0,0.0,0.0,80624717.6140192,19.1014352555769,4.65661287307739e-10,9.86084342002869e-06,0.0,0.0,0.0,148.0,0.0,48.0,0.0,0.0,0.0,0.0,80624717.6140192,80624717.6140192,-4.023313522338867e-07,4.990173784669808e-15,igual,-4.3213367462158203e-07,DIFIERE,29290000.0,530,/clusteruy/home/mathiasr/generator-aware-row-scaling/results-revision/r5-ablation/sgtm-gurobi-01pct/resultados/instance072_estructurado.csv,/clusteruy/home/mathiasr/generator-aware-row-scaling/results-revision/r5-ablation/sgtm-gurobi-01pct/resultados/instance072_estructurado_postprocesado.csv,/clusteruy/home/mathiasr/generator-aware-row-scaling/results-revision/r5-ablation/sgtm-gurobi-01pct/logs/instance072_estructurado.log
instance072.txt,estructurado_solo_local,OK,0,56.770225399,0.0,80624717.61401917,80624700.0,OPTIMAL,80624717.61401917,15835.0,1784483.0,0.17,10080.0,6120.0,22679.0,8686.0,5504.0,20829.0,13.829365079365079,10.065359477124183,8.157326160765466,1,Model contains large bounds,8e-06,100000.0,0.0009,100.0,10.0,4000000.0,1.0,4000000000.0,0.0007499999999999999,1.0,0.0016,1.0,24040000000000.0,500300000000.0,1.0,1.118,0.046568248,56.816793647,1.0416739530162527,1.0416739530162527,1.0408201749716735,0.046568248,0.0008202935195818386,0.0,-4.3213367462158203e-07,-5.359816287237942e-15,0.0,0.0,0.0007499999999999999,0.02081114808652246,84929.0,,0.019254465700500902,44.0,,1.0,3.0,44.0,0.9946215227272728,0.432684928166328,,,,,,,,OK,REVISAR,6.01634383201599e-07,0.0,2.9802322387695312e-08,19.1014352555769,0.0,1.79105530160071e-09,5.6843418860808e-14,4.85265627503391e-08,4.12114786740858e-13,0.0750305205439094,1.13686837721616e-13,1.48767609927774,3.54703889146612,1.13686837721616e-13,4.65661287307739e-10,6.01634383201599e-07,0.0,0.0,0.0,0.0,0.0,0.0,0.0,0.0,0.0,0.0,80624717.6140192,19.1014352555769,4.65661287307739e-10,9.86084342002869e-06,0.0,0.0,0.0,148.0,0.0,48.0,0.0,0.0,0.0,0.0,80624717.6140192,80624717.6140192,-4.023313522338867e-07,4.990173784669808e-15,igual,-4.3213367462158203e-07,DIFIERE,29290000.0,530,/clusteruy/home/mathiasr/generator-aware-row-scaling/results-revision/r5-ablation/sgtm-gurobi-01pct/resultados/instance072_estructurado_solo_local.csv,/clusteruy/home/mathiasr/generator-aware-row-scaling/results-revision/r5-ablation/sgtm-gurobi-01pct/resultados/instance072_estructurado_solo_local_postprocesado.csv,/clusteruy/home/mathiasr/generator-aware-row-scaling/results-revision/r5-ablation/sgtm-gurobi-01pct/logs/instance072_estructurado_solo_local.log
instance072.txt,estructurado_solo_acoplamiento,OK,0,52.715597128,0.0,80624717.6140196,80624700.0,OPTIMAL,80624717.6140196,12691.0,1853574.0,0.16,10080.0,6120.0,22679.0,8686.0,5504.0,20829.0,13.829365079365079,10.065359477124183,8.157326160765466,3,Model contains large bounds | Model contains large matrix coefficient range | Model contains large rhs,0.0006,10000000000.0,0.0009,100.0,40.0,10000000000.0,1.0,4000000000.0,1.0,1.0,1.0,1.0,24040000000000.0,24040000000000.0,1.0,1.0,0.040121083,52.755718211,1.1217944655243175,1.1217944655243175,1.1209413331931408,0.040121083,0.0007610856214448457,0.0,0.0,0.0,0.0,0.0,1.0,1.0,4410873.0,,1.0000000340021136,44.0,,1.0,3.0,44.0,0.9946215227272728,0.438426524910907,,,,,,,,OK,REVISAR,1.16415321826935e-07,0.0,0.0,27.6125728368967,0.0,7.89744340029805e-10,4.2632564145606e-14,2.94344499707218e-08,3.41060513164848e-13,0.0708024480307338,1.13686837721616e-13,1.26443859120912,5.12751363630218,5.6843418860808e-13,9.31322574615479e-10,1.16415321826935e-07,0.0,0.0,0.0,0.0,0.0,0.0,0.0,0.0,0.0,0.0,80624717.6140196,27.6125728368967,9.31322574615479e-10,1.44685618579388e-05,0.0,0.0,0.0,139.0,0.0,46.0,0.0,0.0,0.0,0.0,80624717.6140196,80624717.6140196,0.0,0.0,igual,0.0,OK,0.0,0,/clusteruy/home/mathiasr/generator-aware-row-scaling/results-revision/r5-ablation/sgtm-gurobi-01pct/resultados/instance072_estructurado_solo_acoplamiento.csv,/clusteruy/home/mathiasr/generator-aware-row-scaling/results-revision/r5-ablation/sgtm-gurobi-01pct/resultados/instance072_estructurado_solo_acoplamiento_postprocesado.csv,/clusteruy/home/mathiasr/generator-aware-row-scaling/results-revision/r5-ablation/sgtm-gurobi-01pct/logs/instance072_estructurado_solo_acoplamiento.log
instance072.txt,estructurado_matricial,OK,0,50.531635489,0.0,80624717.61401954,80624700.0,OPTIMAL,80624717.61401954,10147.0,1689735.0,0.17,10080.0,6120.0,22679.0,8686.0,5504.0,20829.0,13.829365079365079,10.065359477124183,8.157326160765466,1,Model contains large bounds,8e-06,100000.0,0.0009,100.0,80.0,40000000.0,1.0,4000000000.0,0.0007499999999999999,1.0,0.002,1.0,24040000000000.0,4180000000000.0,1.0,1.0,0.047899829,50.579535318000005,1.170278074966979,1.170278074966979,1.1691697982831197,0.047899829,0.0009479176467665902,0.0,-5.960464477539063e-08,-7.392850051362679e-16,0.0,0.0,0.0007499999999999999,0.17387687188019968,421057.0,,0.09545888406146084,43.0,,1.0,3.0,43.0,1.0177522558139536,0.413070196178974,,,,,,,,OK,REVISAR,2.79396772384644e-07,0.0,4.470348358154297e-08,15.5101879540319,0.0,1.47789187281387e-09,8.5265128291212e-14,4.09781932830811e-08,5.34328137291595e-12,0.0720108081131503,2.27373675443232e-13,1.52447078323989,2.43524700276048,1.19371179607697e-12,6.17001205682755e-09,2.79396772384644e-07,0.0,0.0,0.0,0.0,0.0,0.0,0.0,0.0,0.0,0.0,80624717.6140195,15.5101879540319,6.17001205682755e-09,7.0878304541111e-06,0.0,0.0,0.0,158.0,0.0,50.0,0.0,0.0,0.0,0.0,80624717.6140195,80624717.6140195,-1.043081283569336e-07,1.2937487589884687e-15,igual,-5.960464477539063e-08,DIFIERE,87168000.0,689,/clusteruy/home/mathiasr/generator-aware-row-scaling/results-revision/r5-ablation/sgtm-gurobi-01pct/resultados/instance072_estructurado_matricial.csv,/clusteruy/home/mathiasr/generator-aware-row-scaling/results-revision/r5-ablation/sgtm-gurobi-01pct/resultados/instance072_estructurado_matricial_postprocesado.csv,/clusteruy/home/mathiasr/generator-aware-row-scaling/results-revision/r5-ablation/sgtm-gurobi-01pct/logs/instance072_estructurado_matricial.log
instance072.txt,matricial_solo_local,OK,0,49.968290623,0.0,80624717.61401954,80624700.0,OPTIMAL,80624717.61401954,10147.0,1689735.0,0.17,10080.0,6120.0,22679.0,8686.0,5504.0,20829.0,13.829365079365079,10.065359477124183,8.157326160765466,1,Model contains large bounds,8e-06,100000.0,0.0009,100.0,80.0,40000000.0,1.0,4000000000.0,0.0007499999999999999,1.0,0.002,1.0,24040000000000.0,4180000000000.0,1.0,1.0,0.047099803,50.015390426,1.1834718451981654,1.1834718451981654,1.182357362430159,0.047099803,0.0009425938412694139,0.0,-5.960464477539063e-08,-7.392850051362679e-16,0.0,0.0,0.0007499999999999999,0.17387687188019968,421057.0,,0.09545888406146084,43.0,,1.0,3.0,43.0,1.0177522558139536,0.41489183520607,,,,,,,,OK,REVISAR,2.79396772384644e-07,0.0,4.470348358154297e-08,15.5101879540319,0.0,1.47789187281387e-09,8.5265128291212e-14,4.09781932830811e-08,5.34328137291595e-12,0.0720108081131503,2.27373675443232e-13,1.52447078323989,2.43524700276048,1.19371179607697e-12,6.17001205682755e-09,2.79396772384644e-07,0.0,0.0,0.0,0.0,0.0,0.0,0.0,0.0,0.0,0.0,80624717.6140195,15.5101879540319,6.17001205682755e-09,7.0878304541111e-06,0.0,0.0,0.0,158.0,0.0,50.0,0.0,0.0,0.0,0.0,80624717.6140195,80624717.6140195,-1.043081283569336e-07,1.2937487589884687e-15,igual,-5.960464477539063e-08,DIFIERE,87168000.0,689,/clusteruy/home/mathiasr/generator-aware-row-scaling/results-revision/r5-ablation/sgtm-gurobi-01pct/resultados/instance072_matricial_solo_local.csv,/clusteruy/home/mathiasr/generator-aware-row-scaling/results-revision/r5-ablation/sgtm-gurobi-01pct/resultados/instance072_matricial_solo_local_postprocesado.csv,/clusteruy/home/mathiasr/generator-aware-row-scaling/results-revision/r5-ablation/sgtm-gurobi-01pct/logs/instance072_matricial_solo_local.log
instance072.txt,matricial_solo_acoplamiento,OK,0,54.288601314,0.0,80624717.6140196,80624700.0,OPTIMAL,80624717.6140196,12691.0,1853574.0,0.16,10080.0,6120.0,22679.0,8686.0,5504.0,20829.0,13.829365079365079,10.065359477124183,8.157326160765466,3,Model contains large bounds | Model contains large matrix coefficient range | Model contains large rhs,0.0006,10000000000.0,0.0009,100.0,40.0,10000000000.0,1.0,4000000000.0,1.0,1.0,1.0,1.0,24040000000000.0,24040000000000.0,1.0,1.0,0.04141066,54.330011973999994,1.0892906369601003,1.0892906369601003,1.0884603731230535,0.04141066,0.0007627873807336602,0.0,0.0,0.0,0.0,0.0,1.0,1.0,4410873.0,,1.0000000340021136,44.0,,1.0,3.0,44.0,0.9946215227272728,0.439988488735448,,,,,,,,OK,REVISAR,1.16415321826935e-07,0.0,0.0,27.6125728368967,0.0,7.89744340029805e-10,4.2632564145606e-14,2.94344499707218e-08,3.41060513164848e-13,0.0708024480307338,1.13686837721616e-13,1.26443859120912,5.12751363630218,5.6843418860808e-13,9.31322574615479e-10,1.16415321826935e-07,0.0,0.0,0.0,0.0,0.0,0.0,0.0,0.0,0.0,0.0,80624717.6140196,27.6125728368967,9.31322574615479e-10,1.44685618579388e-05,0.0,0.0,0.0,139.0,0.0,46.0,0.0,0.0,0.0,0.0,80624717.6140196,80624717.6140196,0.0,0.0,igual,0.0,OK,0.0,0,/clusteruy/home/mathiasr/generator-aware-row-scaling/results-revision/r5-ablation/sgtm-gurobi-01pct/resultados/instance072_matricial_solo_acoplamiento.csv,/clusteruy/home/mathiasr/generator-aware-row-scaling/results-revision/r5-ablation/sgtm-gurobi-01pct/resultados/instance072_matricial_solo_acoplamiento_postprocesado.csv,/clusteruy/home/mathiasr/generator-aware-row-scaling/results-revision/r5-ablation/sgtm-gurobi-01pct/logs/instance072_matricial_solo_acoplamiento.log
instance073.txt,base,OK,0,53.582567861,0.0,-1645838.928643857,-1645840.0,OPTIMAL,-1645838.928643857,30701.0,1016074.0,0.12,10080.0,6120.0,22679.0,8611.0,5667.0,20521.0,14.573412698412698,7.401960784313726,9.515410732395608,3,Model contains large bounds | Model contains large matrix coefficient range | Model contains large rhs,0.0007,10000000000.0,0.0009,100.0,40.0,10000000000.0,1.0,4000000000.0,,,,,,,,,0.0,53.582567861,1.0,1.0,1.0,0.0,0.0,0.0,,,0.0,,,,1870273.419759,,,44.687497,,4.617631,2.976609,44.687497,1.0,0.814548278712857,,,,,,,,BASE,BASE,,,,,,4.00875425945186e-09,5.6843418860808e-14,1.62050127983093e-07,2.02504679691629e-13,0.383342436387654,1.75039014463148,10.3237258972441,7.62300861577768,1.13686837721616e-13,0.0,2.38418579101562e-07,0.0,0.0,0.0,0.0,0.0,0.0,0.0,0.0,0.0,0.0,-1645838.92864386,33.3494866538879,0.0,1.75144523382187e-05,0.0,0.0,0.0,812.0,0.0,297.0,0.0,0.0,0.0,0.0,-1645838.92864386,,,,,,BASE,0.0,0,/clusteruy/home/mathiasr/generator-aware-row-scaling/results-revision/r5-ablation/sgtm-gurobi-01pct/resultados/instance073_base.csv,/clusteruy/home/mathiasr/generator-aware-row-scaling/results-revision/r5-ablation/sgtm-gurobi-01pct/resultados/instance073_base_postprocesado.csv,/clusteruy/home/mathiasr/generator-aware-row-scaling/results-revision/r5-ablation/sgtm-gurobi-01pct/logs/instance073_base.log
instance073.txt,estructurado,OK,0,12.826245105,0.068905298241427,-1645809.392049406,-1645810.0,OPTIMAL,-1646943.441919483,5622.0,104318.0,0.13,10080.0,6120.0,22679.0,8611.0,5667.0,20521.0,14.573412698412698,7.401960784313726,9.515410732395608,1,Model contains large bounds,9e-06,100000.0,0.0009,100.0,10.0,2000000.0,1.0,4000000000.0,0.0007777777777777777,1.0,0.0008,1.0,18380000000000.0,276000000000.0,1.0,1.118,0.046555425,12.87280053,4.177572424536947,4.177572424536947,4.162463928196983,0.046555425,0.0036297002449962147,-0.068905298241427,29.536594450939447,1.7946224224552212e-05,30.0,1.8227774267243473e-05,0.0007777777777777777,0.015016322089227421,20604.0,,0.01101657104374343,9.0,,0.0,5.0,9.0,4.965277444444444,0.075074750281986,,,,,,,,OK,REVISAR,4.88013029098511e-07,0.0,3.958120942115784e-09,33.3479789235813,0.0,5.68014759277748e-09,8.5265128291212e-14,2.17929482460022e-07,2.41584530158434e-13,0.383472014899795,1.76947437873748,10.3233514273118,7.62266397955472,2.27373675443232e-13,0.0,4.88013029098511e-07,0.0,0.0,0.0,0.0,0.0,0.0,0.0,0.0,0.0,0.0,-1645809.39204941,33.3479789235813,0.0,1.75181776285172e-05,0.0,0.0,0.0,811.0,0.0,296.0,0.0,0.0,0.0,0.0,-1645809.39204941,-1645809.39204941,29.536594446981326,1.794622422214729e-05,empeora,-1104.5132756261155,DIFIERE,40000.0,738,/clusteruy/home/mathiasr/generator-aware-row-scaling/results-revision/r5-ablation/sgtm-gurobi-01pct/resultados/instance073_estructurado.csv,/clusteruy/home/mathiasr/generator-aware-row-scaling/results-revision/r5-ablation/sgtm-gurobi-01pct/resultados/instance073_estructurado_postprocesado.csv,/clusteruy/home/mathiasr/generator-aware-row-scaling/results-revision/r5-ablation/sgtm-gurobi-01pct/logs/instance073_estructurado.log
instance073.txt,estructurado_solo_local,OK,0,15.15604261,0.068905298241427,-1645809.392049406,-1645810.0,OPTIMAL,-1646943.441919483,5622.0,104318.0,0.13,10080.0,6120.0,22679.0,8611.0,5667.0,20521.0,14.573412698412698,7.401960784313726,9.515410732395608,1,Model contains large bounds,9e-06,100000.0,0.0009,100.0,10.0,2000000.0,1.0,4000000000.0,0.0007777777777777777,1.0,0.0008,1.0,18380000000000.0,276000000000.0,1.0,1.118,0.046379014,15.202421624,3.5353930600357426,3.5353930600357426,3.5246074070468763,0.046379014,0.003060100528445268,-0.068905298241427,29.536594450939447,1.7946224224552212e-05,30.0,1.8227774267243473e-05,0.0007777777777777777,0.015016322089227421,20604.0,,0.01101657104374343,9.0,,0.0,5.0,9.0,4.965277444444444,0.06857367737762,,,,,,,,OK,REVISAR,4.88013029098511e-07,0.0,3.958120942115784e-09,33.3479789235813,0.0,5.68014759277748e-09,8.5265128291212e-14,2.17929482460022e-07,2.41584530158434e-13,0.383472014899795,1.76947437873748,10.3233514273118,7.62266397955472,2.27373675443232e-13,0.0,4.88013029098511e-07,0.0,0.0,0.0,0.0,0.0,0.0,0.0,0.0,0.0,0.0,-1645809.39204941,33.3479789235813,0.0,1.75181776285172e-05,0.0,0.0,0.0,811.0,0.0,296.0,0.0,0.0,0.0,0.0,-1645809.39204941,-1645809.39204941,29.536594446981326,1.794622422214729e-05,empeora,-1104.5132756261155,DIFIERE,40000.0,738,/clusteruy/home/mathiasr/generator-aware-row-scaling/results-revision/r5-ablation/sgtm-gurobi-01pct/resultados/instance073_estructurado_solo_local.csv,/clusteruy/home/mathiasr/generator-aware-row-scaling/results-revision/r5-ablation/sgtm-gurobi-01pct/resultados/instance073_estructurado_solo_local_postprocesado.csv,/clusteruy/home/mathiasr/generator-aware-row-scaling/results-revision/r5-ablation/sgtm-gurobi-01pct/logs/instance073_estructurado_solo_local.log
instance073.txt,estructurado_solo_acoplamiento,OK,0,62.805640229,0.0,-1645838.928643857,-1645840.0,OPTIMAL,-1645838.928643857,30701.0,1016074.0,0.12,10080.0,6120.0,22679.0,8611.0,5667.0,20521.0,14.573412698412698,7.401960784313726,9.515410732395608,3,Model contains large bounds | Model contains large matrix coefficient range | Model contains large rhs,0.0007,10000000000.0,0.0009,100.0,40.0,10000000000.0,1.0,4000000000.0,1.0,1.0,1.0,1.0,18380000000000.0,18380000000000.0,1.0,1.0,0.040634855,62.846275084,0.8531489793851139,0.8531489793851139,0.85259735424863,0.040634855,0.0006469937230452302,0.0,0.0,0.0,0.0,0.0,1.0,1.0,1870273.0,,0.9999997755627623,45.0,,5.0,3.0,45.0,0.993055488888889,0.833078191632993,,,,,,,,OK,REVISAR,2.38418579101562e-07,0.0,3.026798367500305e-09,33.3494866538879,0.0,4.00875425945186e-09,5.6843418860808e-14,1.62050127983093e-07,2.02504679691629e-13,0.383342436387654,1.75039014463148,10.3237258972441,7.62300861577768,1.13686837721616e-13,0.0,2.38418579101562e-07,0.0,0.0,0.0,0.0,0.0,0.0,0.0,0.0,0.0,0.0,-1645838.92864386,33.3494866538879,0.0,1.75144523382187e-05,0.0,0.0,0.0,812.0,0.0,297.0,0.0,0.0,0.0,0.0,-1645838.92864386,-1645838.92864386,-3.026798367500305e-09,1.839061110308246e-15,igual,0.0,OK,0.0,0,/clusteruy/home/mathiasr/generator-aware-row-scaling/results-revision/r5-ablation/sgtm-gurobi-01pct/resultados/instance073_estructurado_solo_acoplamiento.csv,/clusteruy/home/mathiasr/generator-aware-row-scaling/results-revision/r5-ablation/sgtm-gurobi-01pct/resultados/instance073_estructurado_solo_acoplamiento_postprocesado.csv,/clusteruy/home/mathiasr/generator-aware-row-scaling/results-revision/r5-ablation/sgtm-gurobi-01pct/logs/instance073_estructurado_solo_acoplamiento.log
instance073.txt,estructurado_matricial,OK,0,10.036693513,0.094630052360057,-1645838.9286438664,-1645840.0,OPTIMAL,-1647396.3868838043,4211.0,111390.0,0.13,10080.0,6120.0,22679.0,8611.0,5667.0,20521.0,14.573412698412698,7.401960784313726,9.515410732395608,1,Model contains large bounds,9e-06,100000.0,0.0009,100.0,90.0,40000000.0,1.0,4000000000.0,0.0007777777777777777,1.0,0.0017777777777777776,1.0,18380000000000.0,5022000000000.0,1.0,1.0,0.04793528,10.084628793,5.338667340155134,5.338667340155134,5.313291045297873,0.04793528,0.004776003166571935,-0.094630052360057,-9.546056389808655e-09,-5.800115809433698e-15,0.0,0.0,0.0007777777777777777,0.2732317736670294,164026.0,,0.08770161531843622,7.0,,0.0,5.0,7.0,6.383928142857143,0.077425573159942,,,,,,,,OK,REVISAR,6.23986124992371e-07,0.0,3.4924596548080444e-09,33.3494866538879,0.0,6.50632520831755e-09,5.6843418860808e-14,2.44006514549255e-07,2.55795384873636e-13,0.38334243598057,1.75039014463148,10.323725897244,7.62300861577768,2.27373675443232e-13,0.0,6.23986124992371e-07,0.0,0.0,0.0,0.0,0.0,0.0,0.0,0.0,0.0,0.0,-1645838.92864387,33.3494866538879,0.0,1.75144523382187e-05,0.0,0.0,0.0,812.0,0.0,297.0,0.0,0.0,0.0,0.0,-1645838.92864387,-1645838.92864387,-1.30385160446167e-08,7.922109398250904e-15,igual,-1557.4582399474457,OK,0.0,0,/clusteruy/home/mathiasr/generator-aware-row-scaling/results-revision/r5-ablation/sgtm-gurobi-01pct/resultados/instance073_estructurado_matricial.csv,/clusteruy/home/mathiasr/generator-aware-row-scaling/results-revision/r5-ablation/sgtm-gurobi-01pct/resultados/instance073_estructurado_matricial_postprocesado.csv,/clusteruy/home/mathiasr/generator-aware-row-scaling/results-revision/r5-ablation/sgtm-gurobi-01pct/logs/instance073_estructurado_matricial.log
instance073.txt,matricial_solo_local,OK,0,10.113809702,0.094630052360057,-1645838.9286438664,-1645840.0,OPTIMAL,-1647396.3868838043,4211.0,111390.0,0.13,10080.0,6120.0,22679.0,8611.0,5667.0,20521.0,14.573412698412698,7.401960784313726,9.515410732395608,1,Model contains large bounds,9e-06,100000.0,0.0009,100.0,90.0,40000000.0,1.0,4000000000.0,0.0007777777777777777,1.0,0.0017777777777777776,1.0,18380000000000.0,5022000000000.0,1.0,1.0,0.047170771,10.160980472999999,5.297960851527994,5.297960851527994,5.2733658925318165,0.047170771,0.00466399629712946,-0.094630052360057,-9.546056389808655e-09,-5.800115809433698e-15,0.0,0.0,0.0007777777777777777,0.2732317736670294,164026.0,,0.08770161531843622,7.0,,0.0,5.0,7.0,6.383928142857143,0.076882409498748,,,,,,,,OK,REVISAR,6.23986124992371e-07,0.0,3.4924596548080444e-09,33.3494866538879,0.0,6.50632520831755e-09,5.6843418860808e-14,2.44006514549255e-07,2.55795384873636e-13,0.38334243598057,1.75039014463148,10.323725897244,7.62300861577768,2.27373675443232e-13,0.0,6.23986124992371e-07,0.0,0.0,0.0,0.0,0.0,0.0,0.0,0.0,0.0,0.0,-1645838.92864387,33.3494866538879,0.0,1.75144523382187e-05,0.0,0.0,0.0,812.0,0.0,297.0,0.0,0.0,0.0,0.0,-1645838.92864387,-1645838.92864387,-1.30385160446167e-08,7.922109398250904e-15,igual,-1557.4582399474457,OK,0.0,0,/clusteruy/home/mathiasr/generator-aware-row-scaling/results-revision/r5-ablation/sgtm-gurobi-01pct/resultados/instance073_matricial_solo_local.csv,/clusteruy/home/mathiasr/generator-aware-row-scaling/results-revision/r5-ablation/sgtm-gurobi-01pct/resultados/instance073_matricial_solo_local_postprocesado.csv,/clusteruy/home/mathiasr/generator-aware-row-scaling/results-revision/r5-ablation/sgtm-gurobi-01pct/logs/instance073_matricial_solo_local.log
instance073.txt,matricial_solo_acoplamiento,OK,0,60.937391317,0.0,-1645838.928643857,-1645840.0,OPTIMAL,-1645838.928643857,30701.0,1016074.0,0.12,10080.0,6120.0,22679.0,8611.0,5667.0,20521.0,14.573412698412698,7.401960784313726,9.515410732395608,3,Model contains large bounds | Model contains large matrix coefficient range | Model contains large rhs,0.0007,10000000000.0,0.0009,100.0,40.0,10000000000.0,1.0,4000000000.0,1.0,1.0,1.0,1.0,18380000000000.0,18380000000000.0,1.0,1.0,0.041119548,60.978510865,0.8793052459738593,0.8793052459738593,0.878712305382894,0.041119548,0.0006747835296409986,0.0,0.0,0.0,0.0,0.0,1.0,1.0,1870273.0,,0.9999997755627623,45.0,,5.0,3.0,45.0,0.993055488888889,0.839439226272697,,,,,,,,OK,REVISAR,2.38418579101562e-07,0.0,3.026798367500305e-09,33.3494866538879,0.0,4.00875425945186e-09,5.6843418860808e-14,1.62050127983093e-07,2.02504679691629e-13,0.383342436387654,1.75039014463148,10.3237258972441,7.62300861577768,1.13686837721616e-13,0.0,2.38418579101562e-07,0.0,0.0,0.0,0.0,0.0,0.0,0.0,0.0,0.0,0.0,-1645838.92864386,33.3494866538879,0.0,1.75144523382187e-05,0.0,0.0,0.0,812.0,0.0,297.0,0.0,0.0,0.0,0.0,-1645838.92864386,-1645838.92864386,-3.026798367500305e-09,1.839061110308246e-15,igual,0.0,OK,0.0,0,/clusteruy/home/mathiasr/generator-aware-row-scaling/results-revision/r5-ablation/sgtm-gurobi-01pct/resultados/instance073_matricial_solo_acoplamiento.csv,/clusteruy/home/mathiasr/generator-aware-row-scaling/results-revision/r5-ablation/sgtm-gurobi-01pct/resultados/instance073_matricial_solo_acoplamiento_postprocesado.csv,/clusteruy/home/mathiasr/generator-aware-row-scaling/results-revision/r5-ablation/sgtm-gurobi-01pct/logs/instance073_matricial_solo_acoplamiento.log
instance074.txt,base,OK,0,146.343340928,0.079240928552287,4073425.1002874896,4073430.0,OPTIMAL,4070197.28041414,45635.0,8498748.0,0.13,10080.0,6120.0,22679.0,8789.0,5658.0,20814.0,12.807539682539682,7.549019607843137,8.22346664315005,3,Model contains large bounds | Model contains large matrix coefficient range | Model contains large rhs,0.0006,10000000000.0,0.002,100.0,40.0,10000000000.0,1.0,4000000000.0,,,,,,,,,0.0,146.343340928,1.0,1.0,1.0,0.0,0.0,0.0,,,0.0,,,,154205640.296231,,,136.095994,,0.846612,2.812782,136.095994,1.0,0.309105243129277,,,,,,,,BASE,BASE,,,,,,1.5663430261049e-09,5.6843418860808e-14,5.96046447753906e-08,1.66089364483923e-13,0.115378456921362,0.00898546325948895,3.98974531295809,2.78584738680726,1.13686837721616e-13,0.0,2.38418579101562e-07,0.0,0.0,0.0,0.0,0.0,0.0,0.0,0.0,0.0,0.0,4073425.10028749,16.6139826589693,0.0,7.09667801856995e-06,0.0,0.0,0.0,531.0,0.0,106.0,0.0,0.0,0.0,0.0,4073425.10028749,,,,,,BASE,0.0,0,/clusteruy/home/mathiasr/generator-aware-row-scaling/results-revision/r5-ablation/sgtm-gurobi-01pct/resultados/instance074_base.csv,/clusteruy/home/mathiasr/generator-aware-row-scaling/results-revision/r5-ablation/sgtm-gurobi-01pct/resultados/instance074_base_postprocesado.csv,/clusteruy/home/mathiasr/generator-aware-row-scaling/results-revision/r5-ablation/sgtm-gurobi-01pct/logs/instance074_base.log
instance074.txt,estructurado,OK,0,57.114406077,0.092430109277748,4073425.100287489,4073430.0,OPTIMAL,4069660.029015946,66851.0,1256755.0,0.13,10080.0,6120.0,22679.0,8789.0,5658.0,20814.0,12.807539682539682,7.549019607843137,8.22346664315005,1,Model contains large bounds,8e-06,100000.0,0.002,100.0,10.0,3000000.0,1.0,4000000000.0,0.0007499999999999999,1.0,0.0012,1.0,22530000000000.0,365700000000.0,1.0,1.118,0.046617261,57.161023338,2.5622842112847,2.5622842112847,2.560194558845706,0.046617261,0.0008162084525076204,-0.013189180725461006,-4.656612873077393e-10,-1.1431688955686808e-16,0.0,0.0,0.0007499999999999999,0.016231691078561917,1530954.0,,0.009928002614294898,55.0,,1.0,3.0,55.0,2.474472618181818,0.377189632627489,,,,,,,,OK,REVISAR,4.68455255031586e-07,0.0,9.313225746154785e-10,16.6139826589693,0.0,3.11032533234237e-09,8.5265128291212e-14,1.15483999252319e-07,1.70530256582424e-13,0.115198516347619,0.0107323353851325,3.99705639258696,2.78584738680726,1.70530256582424e-13,0.0,4.68455255031586e-07,0.0,0.0,0.0,0.0,0.0,0.0,0.0,0.0,0.0,0.0,4073425.10028749,16.6139826589693,0.0,7.57351517677307e-06,0.0,0.0,0.0,541.0,0.0,105.0,0.0,0.0,0.0,0.0,4073425.10028749,4073425.10028749,4.656612873077393e-10,1.1431688955686808e-16,igual,-537.25139819365,DIFIERE,3550000.0,509,/clusteruy/home/mathiasr/generator-aware-row-scaling/results-revision/r5-ablation/sgtm-gurobi-01pct/resultados/instance074_estructurado.csv,/clusteruy/home/mathiasr/generator-aware-row-scaling/results-revision/r5-ablation/sgtm-gurobi-01pct/resultados/instance074_estructurado_postprocesado.csv,/clusteruy/home/mathiasr/generator-aware-row-scaling/results-revision/r5-ablation/sgtm-gurobi-01pct/logs/instance074_estructurado.log
instance074.txt,estructurado_solo_local,OK,0,63.342338654,0.092430109277748,4073425.100287489,4073430.0,OPTIMAL,4069660.029015946,66851.0,1256755.0,0.13,10080.0,6120.0,22679.0,8789.0,5658.0,20814.0,12.807539682539682,7.549019607843137,8.22346664315005,1,Model contains large bounds,8e-06,100000.0,0.002,100.0,10.0,3000000.0,1.0,4000000000.0,0.0007499999999999999,1.0,0.0012,1.0,22530000000000.0,365700000000.0,1.0,1.118,0.046615314,63.388953968,2.310355822625734,2.310355822625734,2.308656820585445,0.046615314,0.0007359266328108063,-0.013189180725461006,-4.656612873077393e-10,-1.1431688955686808e-16,0.0,0.0,0.0007499999999999999,0.016231691078561917,1530954.0,,0.009928002614294898,55.0,,1.0,3.0,55.0,2.474472618181818,0.362675777464571,,,,,,,,OK,REVISAR,4.68455255031586e-07,0.0,9.313225746154785e-10,16.6139826589693,0.0,3.11032533234237e-09,8.5265128291212e-14,1.15483999252319e-07,1.70530256582424e-13,0.115198516347619,0.0107323353851325,3.99705639258696,2.78584738680726,1.70530256582424e-13,0.0,4.68455255031586e-07,0.0,0.0,0.0,0.0,0.0,0.0,0.0,0.0,0.0,0.0,4073425.10028749,16.6139826589693,0.0,7.57351517677307e-06,0.0,0.0,0.0,541.0,0.0,105.0,0.0,0.0,0.0,0.0,4073425.10028749,4073425.10028749,4.656612873077393e-10,1.1431688955686808e-16,igual,-537.25139819365,DIFIERE,3550000.0,509,/clusteruy/home/mathiasr/generator-aware-row-scaling/results-revision/r5-ablation/sgtm-gurobi-01pct/resultados/instance074_estructurado_solo_local.csv,/clusteruy/home/mathiasr/generator-aware-row-scaling/results-revision/r5-ablation/sgtm-gurobi-01pct/resultados/instance074_estructurado_solo_local_postprocesado.csv,/clusteruy/home/mathiasr/generator-aware-row-scaling/results-revision/r5-ablation/sgtm-gurobi-01pct/logs/instance074_estructurado_solo_local.log
instance074.txt,estructurado_solo_acoplamiento,OK,0,165.173555969,0.079240928552287,4073425.1002874896,4073430.0,OPTIMAL,4070197.28041414,45635.0,8498748.0,0.13,10080.0,6120.0,22679.0,8789.0,5658.0,20814.0,12.807539682539682,7.549019607843137,8.22346664315005,3,Model contains large bounds | Model contains large matrix coefficient range | Model contains large rhs,0.0006,10000000000.0,0.002,100.0,40.0,10000000000.0,1.0,4000000000.0,1.0,1.0,1.0,1.0,22530000000000.0,22530000000000.0,1.0,1.0,0.040043781,165.21359975000001,0.8859973987329177,0.8859973987329177,0.8857826543907139,0.040043781,0.00024243457595303857,0.0,0.0,0.0,0.0,0.0,1.0,1.0,154205640.0,,0.9999999980789872,136.0,,1.0,3.0,136.0,1.000705838235294,0.272718294005749,,,,,,,,OK,REVISAR,2.38418579101562e-07,0.0,4.656612873077393e-10,16.6139826589693,0.0,1.5663430261049e-09,5.6843418860808e-14,5.96046447753906e-08,1.66089364483923e-13,0.115378456921362,0.00898546325948895,3.98974531295809,2.78584738680726,1.13686837721616e-13,0.0,2.38418579101562e-07,0.0,0.0,0.0,0.0,0.0,0.0,0.0,0.0,0.0,0.0,4073425.10028749,16.6139826589693,0.0,7.09667801856995e-06,0.0,0.0,0.0,531.0,0.0,106.0,0.0,0.0,0.0,0.0,4073425.10028749,4073425.10028749,4.656612873077393e-10,1.1431688955686808e-16,igual,0.0,OK,0.0,0,/clusteruy/home/mathiasr/generator-aware-row-scaling/results-revision/r5-ablation/sgtm-gurobi-01pct/resultados/instance074_estructurado_solo_acoplamiento.csv,/clusteruy/home/mathiasr/generator-aware-row-scaling/results-revision/r5-ablation/sgtm-gurobi-01pct/resultados/instance074_estructurado_solo_acoplamiento_postprocesado.csv,/clusteruy/home/mathiasr/generator-aware-row-scaling/results-revision/r5-ablation/sgtm-gurobi-01pct/logs/instance074_estructurado_solo_acoplamiento.log
instance074.txt,estructurado_matricial,OK,0,108.520508125,0.096243818970138,4073504.544783461,4073500.0,OPTIMAL,4069584.048443639,60696.0,3071740.0,0.13,10080.0,6120.0,22679.0,8789.0,5658.0,20814.0,12.807539682539682,7.549019607843137,8.22346664315005,1,Model contains large bounds,8e-06,100000.0,0.002,100.0,90.0,40000000.0,1.0,4000000000.0,0.0007499999999999999,1.0,0.0017777777777777776,1.0,22530000000000.0,4481000000000.0,1.0,1.0,0.048172782,108.568680907,1.3485316596512205,1.3485316596512205,1.3479333054931173,0.048172782,0.0004439048695248633,-0.01700289041785101,79.44449597131461,1.9503119368932957e-05,70.0,1.7184534900562916e-05,0.0007499999999999999,0.19889036839769197,12320197.0,,0.07989459384451013,100.0,,1.0,2.0,100.0,1.3609599399999999,0.437047298809631,,,,,,,,OK,REVISAR,5.4575502872467e-07,0.0,9.313225746154785e-10,16.6139826589692,0.0,2.66646755202833e-09,5.6843418860808e-14,1.02445483207703e-07,1.70530256582424e-13,0.116554901363658,0.0137127678555305,4.10105204233162,2.78584738680726,2.27373675443232e-13,0.0,5.4575502872467e-07,0.0,0.0,0.0,0.0,0.0,0.0,0.0,0.0,0.0,0.0,4073504.54478346,16.6139826589692,0.0,7.50273466110229e-06,0.0,0.0,0.0,559.0,0.0,109.0,0.0,0.0,0.0,0.0,4073504.54478346,4073504.54478346,79.44449597038329,1.9503119368704323e-05,empeora,-613.2319705006666,DIFIERE,6880000.0,611,/clusteruy/home/mathiasr/generator-aware-row-scaling/results-revision/r5-ablation/sgtm-gurobi-01pct/resultados/instance074_estructurado_matricial.csv,/clusteruy/home/mathiasr/generator-aware-row-scaling/results-revision/r5-ablation/sgtm-gurobi-01pct/resultados/instance074_estructurado_matricial_postprocesado.csv,/clusteruy/home/mathiasr/generator-aware-row-scaling/results-revision/r5-ablation/sgtm-gurobi-01pct/logs/instance074_estructurado_matricial.log
instance074.txt,matricial_solo_local,OK,0,119.977316264,0.096243818970138,4073504.544783461,4073500.0,OPTIMAL,4069584.048443639,60696.0,3071740.0,0.13,10080.0,6120.0,22679.0,8789.0,5658.0,20814.0,12.807539682539682,7.549019607843137,8.22346664315005,1,Model contains large bounds,8e-06,100000.0,0.002,100.0,90.0,40000000.0,1.0,4000000000.0,0.0007499999999999999,1.0,0.0017777777777777776,1.0,22530000000000.0,4481000000000.0,1.0,1.0,0.04775915,120.025075414,1.2197584133819412,1.2197584133819412,1.2192730595937638,0.04775915,0.0003980681639428407,-0.01700289041785101,79.44449597131461,1.9503119368932957e-05,70.0,1.7184534900562916e-05,0.0007499999999999999,0.19889036839769197,12320197.0,,0.07989459384451013,100.0,,1.0,3.0,100.0,1.3609599399999999,0.368536763868798,,,,,,,,OK,REVISAR,5.4575502872467e-07,0.0,9.313225746154785e-10,16.6139826589692,0.0,2.66646755202833e-09,5.6843418860808e-14,1.02445483207703e-07,1.70530256582424e-13,0.116554901363658,0.0137127678555305,4.10105204233162,2.78584738680726,2.27373675443232e-13,0.0,5.4575502872467e-07,0.0,0.0,0.0,0.0,0.0,0.0,0.0,0.0,0.0,0.0,4073504.54478346,16.6139826589692,0.0,7.50273466110229e-06,0.0,0.0,0.0,559.0,0.0,109.0,0.0,0.0,0.0,0.0,4073504.54478346,4073504.54478346,79.44449597038329,1.9503119368704323e-05,empeora,-613.2319705006666,DIFIERE,6880000.0,611,/clusteruy/home/mathiasr/generator-aware-row-scaling/results-revision/r5-ablation/sgtm-gurobi-01pct/resultados/instance074_matricial_solo_local.csv,/clusteruy/home/mathiasr/generator-aware-row-scaling/results-revision/r5-ablation/sgtm-gurobi-01pct/resultados/instance074_matricial_solo_local_postprocesado.csv,/clusteruy/home/mathiasr/generator-aware-row-scaling/results-revision/r5-ablation/sgtm-gurobi-01pct/logs/instance074_matricial_solo_local.log
instance074.txt,matricial_solo_acoplamiento,OK,0,163.27310091,0.079240928552287,4073425.1002874896,4073430.0,OPTIMAL,4070197.28041414,45635.0,8498748.0,0.13,10080.0,6120.0,22679.0,8789.0,5658.0,20814.0,12.807539682539682,7.549019607843137,8.22346664315005,3,Model contains large bounds | Model contains large matrix coefficient range | Model contains large rhs,0.0006,10000000000.0,0.002,100.0,40.0,10000000000.0,1.0,4000000000.0,1.0,1.0,1.0,1.0,22530000000000.0,22530000000000.0,1.0,1.0,0.041175738,163.314276648,0.896310170581423,0.896310170581423,0.8960841876881446,0.041175738,0.00025218935495502744,0.0,0.0,0.0,0.0,0.0,1.0,1.0,154205640.0,,0.9999999980789872,136.0,,1.0,3.0,136.0,1.000705838235294,0.275257547013331,,,,,,,,OK,REVISAR,2.38418579101562e-07,0.0,4.656612873077393e-10,16.6139826589693,0.0,1.5663430261049e-09,5.6843418860808e-14,5.96046447753906e-08,1.66089364483923e-13,0.115378456921362,0.00898546325948895,3.98974531295809,2.78584738680726,1.13686837721616e-13,0.0,2.38418579101562e-07,0.0,0.0,0.0,0.0,0.0,0.0,0.0,0.0,0.0,0.0,4073425.10028749,16.6139826589693,0.0,7.09667801856995e-06,0.0,0.0,0.0,531.0,0.0,106.0,0.0,0.0,0.0,0.0,4073425.10028749,4073425.10028749,4.656612873077393e-10,1.1431688955686808e-16,igual,0.0,OK,0.0,0,/clusteruy/home/mathiasr/generator-aware-row-scaling/results-revision/r5-ablation/sgtm-gurobi-01pct/resultados/instance074_matricial_solo_acoplamiento.csv,/clusteruy/home/mathiasr/generator-aware-row-scaling/results-revision/r5-ablation/sgtm-gurobi-01pct/resultados/instance074_matricial_solo_acoplamiento_postprocesado.csv,/clusteruy/home/mathiasr/generator-aware-row-scaling/results-revision/r5-ablation/sgtm-gurobi-01pct/logs/instance074_matricial_solo_acoplamiento.log
instance075.txt,base,OK,0,287.385655169,0.091019242378944,-626567.2769708936,-626567.0,OPTIMAL,-627137.5737593869,102878.0,16125268.0,0.07,10080.0,6120.0,22679.0,8889.0,5728.0,21633.0,11.81547619047619,6.405228758169935,4.612196304951717,3,Model contains large bounds | Model contains large matrix coefficient range | Model contains large rhs,0.0003,10000000000.0,0.002,100.0,40.0,10000000000.0,1.0,4000000000.0,,,,,,,,,0.0,287.385655169,1.0,1.0,1.0,0.0,0.0,0.0,,,0.0,,,,58516931.845347,,,307.048866,,1.091943,2.961321,307.048866,1.0,0.244398431250671,,,,,,,,BASE,BASE,,,,,,4.95229781786019e-10,5.6843418860808e-14,2.23517417907715e-08,1.70530256582424e-13,0.0568957721022045,1.13686837721616e-13,0.705671971771982,1.68107838111879,1.13686837721616e-13,0.0,5.96046447753906e-08,0.0,0.0,0.0,0.0,0.0,0.0,0.0,0.0,0.0,0.0,-626567.276970894,19.5567698082002,0.0,1.00433826446533e-05,0.0,0.0,0.0,159.0,0.0,67.0,0.0,0.0,0.0,0.0,-626567.276970894,,,,,,BASE,0.0,0,/clusteruy/home/mathiasr/generator-aware-row-scaling/results-revision/r5-ablation/sgtm-gurobi-01pct/resultados/instance075_base.csv,/clusteruy/home/mathiasr/generator-aware-row-scaling/results-revision/r5-ablation/sgtm-gurobi-01pct/resultados/instance075_base_postprocesado.csv,/clusteruy/home/mathiasr/generator-aware-row-scaling/results-revision/r5-ablation/sgtm-gurobi-01pct/logs/instance075_base.log
instance075.txt,estructurado,OK,0,195.300260607,0.0,-626567.2769708943,-626567.0,OPTIMAL,-626567.2769708943,42604.0,4259280.0,0.07,10080.0,6120.0,22679.0,8889.0,5728.0,21633.0,11.81547619047619,6.405228758169935,4.612196304951717,1,Model contains large bounds,1e-05,100000.0,0.002,100.0,10.0,3000000.0,1.0,4000000000.0,0.0003,1.0,0.0012,1.0,37980000000000.0,289300000000.0,1.0,1.118,0.046320889,195.346581496,1.4715067674553808,1.4715067674553808,1.471157841453625,0.046320889,0.00023717781459191636,0.091019242378944,-6.984919309616089e-10,-1.1147915900403085e-15,0.0,0.0,0.0003,0.0076171669299631385,516556.0,,0.008827462132929209,152.0,,1.0,3.0,152.0,2.020058328947368,0.450915046086466,,,,,,,,OK,REVISAR,2.12341547012329e-07,0.0,3.4924596548080444e-10,19.5567698082002,0.0,8.40597542895423e-10,1.13686837721616e-13,2.98023223876953e-08,3.41060513164848e-13,0.0568957722611232,2.1387336346378e-13,0.705671971771952,1.68107838111879,2.27373675443232e-13,0.0,2.12341547012329e-07,0.0,0.0,0.0,0.0,0.0,0.0,0.0,0.0,0.0,0.0,-626567.276970894,19.5567698082002,0.0,1.01588666439056e-05,0.0,0.0,0.0,159.0,0.0,67.0,0.0,0.0,0.0,0.0,-626567.276970894,-626567.276970894,-3.4924596548080444e-10,5.573957950201542e-16,igual,570.2967884925893,DIFIERE,8795000.0,63,/clusteruy/home/mathiasr/generator-aware-row-scaling/results-revision/r5-ablation/sgtm-gurobi-01pct/resultados/instance075_estructurado.csv,/clusteruy/home/mathiasr/generator-aware-row-scaling/results-revision/r5-ablation/sgtm-gurobi-01pct/resultados/instance075_estructurado_postprocesado.csv,/clusteruy/home/mathiasr/generator-aware-row-scaling/results-revision/r5-ablation/sgtm-gurobi-01pct/logs/instance075_estructurado.log
instance075.txt,estructurado_solo_local,OK,0,170.326586826,0.0,-626567.2769708943,-626567.0,OPTIMAL,-626567.2769708943,42604.0,4259280.0,0.07,10080.0,6120.0,22679.0,8889.0,5728.0,21633.0,11.81547619047619,6.405228758169935,4.612196304951717,1,Model contains large bounds,1e-05,100000.0,0.002,100.0,10.0,3000000.0,1.0,4000000000.0,0.0003,1.0,0.0012,1.0,37980000000000.0,289300000000.0,1.0,1.118,0.047256257,170.373843083,1.6872624557584992,1.6872624557584992,1.686794463097226,0.047256257,0.00027744498307991945,0.091019242378944,-6.984919309616089e-10,-1.1147915900403085e-15,0.0,0.0,0.0003,0.0076171669299631385,516556.0,,0.008827462132929209,152.0,,1.0,3.0,152.0,2.020058328947368,0.439313567574817,,,,,,,,OK,REVISAR,2.12341547012329e-07,0.0,3.4924596548080444e-10,19.5567698082002,0.0,8.40597542895423e-10,1.13686837721616e-13,2.98023223876953e-08,3.41060513164848e-13,0.0568957722611232,2.1387336346378e-13,0.705671971771952,1.68107838111879,2.27373675443232e-13,0.0,2.12341547012329e-07,0.0,0.0,0.0,0.0,0.0,0.0,0.0,0.0,0.0,0.0,-626567.276970894,19.5567698082002,0.0,1.01588666439056e-05,0.0,0.0,0.0,159.0,0.0,67.0,0.0,0.0,0.0,0.0,-626567.276970894,-626567.276970894,-3.4924596548080444e-10,5.573957950201542e-16,igual,570.2967884925893,DIFIERE,8795000.0,63,/clusteruy/home/mathiasr/generator-aware-row-scaling/results-revision/r5-ablation/sgtm-gurobi-01pct/resultados/instance075_estructurado_solo_local.csv,/clusteruy/home/mathiasr/generator-aware-row-scaling/results-revision/r5-ablation/sgtm-gurobi-01pct/resultados/instance075_estructurado_solo_local_postprocesado.csv,/clusteruy/home/mathiasr/generator-aware-row-scaling/results-revision/r5-ablation/sgtm-gurobi-01pct/logs/instance075_estructurado_solo_local.log
instance075.txt,estructurado_solo_acoplamiento,OK,0,325.847404575,0.091019242378944,-626567.2769708936,-626567.0,OPTIMAL,-627137.5737593869,102878.0,16125268.0,0.07,10080.0,6120.0,22679.0,8889.0,5728.0,21633.0,11.81547619047619,6.405228758169935,4.612196304951717,3,Model contains large bounds | Model contains large matrix coefficient range | Model contains large rhs,0.0003,10000000000.0,0.002,100.0,40.0,10000000000.0,1.0,4000000000.0,1.0,1.0,1.0,1.0,37980000000000.0,37980000000000.0,1.0,1.0,0.040327776,325.887732351,0.881963922787216,0.881963922787216,0.8818547820004129,0.040327776,0.00012376276574183298,0.0,0.0,0.0,0.0,0.0,1.0,1.0,58516932.0,,1.0000000026428761,307.0,,1.0,3.0,307.0,1.0001591726384365,0.220710945861274,,,,,,,,OK,REVISAR,5.96046447753906e-08,0.0,3.4924596548080444e-10,19.5567698082002,0.0,4.95229781786019e-10,5.6843418860808e-14,2.23517417907715e-08,1.70530256582424e-13,0.0568957721022045,1.13686837721616e-13,0.705671971771982,1.68107838111879,1.13686837721616e-13,0.0,5.96046447753906e-08,0.0,0.0,0.0,0.0,0.0,0.0,0.0,0.0,0.0,0.0,-626567.276970894,19.5567698082002,0.0,1.00433826446533e-05,0.0,0.0,0.0,159.0,0.0,67.0,0.0,0.0,0.0,0.0,-626567.276970894,-626567.276970894,-3.4924596548080444e-10,5.573957950201542e-16,igual,0.0,OK,0.0,0,/clusteruy/home/mathiasr/generator-aware-row-scaling/results-revision/r5-ablation/sgtm-gurobi-01pct/resultados/instance075_estructurado_solo_acoplamiento.csv,/clusteruy/home/mathiasr/generator-aware-row-scaling/results-revision/r5-ablation/sgtm-gurobi-01pct/resultados/instance075_estructurado_solo_acoplamiento_postprocesado.csv,/clusteruy/home/mathiasr/generator-aware-row-scaling/results-revision/r5-ablation/sgtm-gurobi-01pct/logs/instance075_estructurado_solo_acoplamiento.log
instance075.txt,estructurado_matricial,OK,0,221.5410913,0.0,-626567.2769708957,-626567.0,OPTIMAL,-626567.2769708957,52632.0,4661850.0,0.07,10080.0,6120.0,22679.0,8889.0,5728.0,21633.0,11.81547619047619,6.405228758169935,4.612196304951717,1,Model contains large bounds,1e-05,100000.0,0.002,100.0,90.0,20000000.0,1.0,4000000000.0,0.0003,1.0,0.0008888888888888888,1.0,37980000000000.0,1653000000000.0,1.0,1.001,0.048400233,221.589491533,1.2972115172071468,1.2972115172071468,1.2969281764257372,0.048400233,0.00021847068061273922,0.091019242378944,-2.0954757928848267e-09,-3.3443747701209256e-15,0.0,0.0,0.0003,0.043522906793048974,4025727.0,,0.06879593432272726,201.0,,1.0,4.0,201.0,1.5276062985074625,0.425864698271461,,,,,,,,OK,REVISAR,1.34110450744629e-07,0.0,3.4924596548080444e-10,19.5567698082002,0.0,7.55963582473503e-10,6.3948846218409e-14,2.60770320892334e-08,1.77635683940025e-13,0.0568957722271203,1.27897692436818e-13,0.705671971772,1.68107838111879,2.27373675443232e-13,0.0,1.34110450744629e-07,0.0,0.0,0.0,0.0,0.0,0.0,0.0,0.0,0.0,0.0,-626567.276970896,19.5567698082002,0.0,1.01625919342041e-05,0.0,0.0,0.0,159.0,0.0,67.0,0.0,0.0,0.0,0.0,-626567.276970896,-626567.276970896,-2.444721758365631e-09,3.90177056514108e-15,igual,570.2967884911923,DIFIERE,8795000.0,40,/clusteruy/home/mathiasr/generator-aware-row-scaling/results-revision/r5-ablation/sgtm-gurobi-01pct/resultados/instance075_estructurado_matricial.csv,/clusteruy/home/mathiasr/generator-aware-row-scaling/results-revision/r5-ablation/sgtm-gurobi-01pct/resultados/instance075_estructurado_matricial_postprocesado.csv,/clusteruy/home/mathiasr/generator-aware-row-scaling/results-revision/r5-ablation/sgtm-gurobi-01pct/logs/instance075_estructurado_matricial.log
instance075.txt,matricial_solo_local,OK,0,215.373661216,0.0,-626567.2769708957,-626567.0,OPTIMAL,-626567.2769708957,52632.0,4661850.0,0.07,10080.0,6120.0,22679.0,8889.0,5728.0,21633.0,11.81547619047619,6.405228758169935,4.612196304951717,1,Model contains large bounds,1e-05,100000.0,0.002,100.0,90.0,20000000.0,1.0,4000000000.0,0.0003,1.0,0.0008888888888888888,1.0,37980000000000.0,1653000000000.0,1.0,1.001,0.047188055,215.42084927099998,1.3343584055098483,1.3343584055098483,1.33406611357041,0.047188055,0.0002190985412681206,0.091019242378944,-2.0954757928848267e-09,-3.3443747701209256e-15,0.0,0.0,0.0003,0.043522906793048974,4025727.0,,0.06879593432272726,201.0,,1.0,4.0,201.0,1.5276062985074625,0.430575868284057,,,,,,,,OK,REVISAR,1.34110450744629e-07,0.0,3.4924596548080444e-10,19.5567698082002,0.0,7.55963582473503e-10,6.3948846218409e-14,2.60770320892334e-08,1.77635683940025e-13,0.0568957722271203,1.27897692436818e-13,0.705671971772,1.68107838111879,2.27373675443232e-13,0.0,1.34110450744629e-07,0.0,0.0,0.0,0.0,0.0,0.0,0.0,0.0,0.0,0.0,-626567.276970896,19.5567698082002,0.0,1.01625919342041e-05,0.0,0.0,0.0,159.0,0.0,67.0,0.0,0.0,0.0,0.0,-626567.276970896,-626567.276970896,-2.444721758365631e-09,3.90177056514108e-15,igual,570.2967884911923,DIFIERE,8795000.0,40,/clusteruy/home/mathiasr/generator-aware-row-scaling/results-revision/r5-ablation/sgtm-gurobi-01pct/resultados/instance075_matricial_solo_local.csv,/clusteruy/home/mathiasr/generator-aware-row-scaling/results-revision/r5-ablation/sgtm-gurobi-01pct/resultados/instance075_matricial_solo_local_postprocesado.csv,/clusteruy/home/mathiasr/generator-aware-row-scaling/results-revision/r5-ablation/sgtm-gurobi-01pct/logs/instance075_matricial_solo_local.log
instance075.txt,matricial_solo_acoplamiento,OK,0,289.112230416,0.091019242378944,-626567.2769708936,-626567.0,OPTIMAL,-627137.5737593869,102878.0,16125268.0,0.07,10080.0,6120.0,22679.0,8889.0,5728.0,21633.0,11.81547619047619,6.405228758169935,4.612196304951717,3,Model contains large bounds | Model contains large matrix coefficient range | Model contains large rhs,0.0003,10000000000.0,0.002,100.0,40.0,10000000000.0,1.0,4000000000.0,1.0,1.0,1.0,1.0,37980000000000.0,37980000000000.0,1.0,1.0,0.041416099,289.153646515,0.9940280103525346,0.9940280103525346,0.993885633581632,0.041416099,0.0001432526702187828,0.0,0.0,0.0,0.0,0.0,1.0,1.0,58516932.0,,1.0000000026428761,307.0,,1.0,3.0,307.0,1.0001591726384365,0.227299230091699,,,,,,,,OK,REVISAR,5.96046447753906e-08,0.0,3.4924596548080444e-10,19.5567698082002,0.0,4.95229781786019e-10,5.6843418860808e-14,2.23517417907715e-08,1.70530256582424e-13,0.0568957721022045,1.13686837721616e-13,0.705671971771982,1.68107838111879,1.13686837721616e-13,0.0,5.96046447753906e-08,0.0,0.0,0.0,0.0,0.0,0.0,0.0,0.0,0.0,0.0,-626567.276970894,19.5567698082002,0.0,1.00433826446533e-05,0.0,0.0,0.0,159.0,0.0,67.0,0.0,0.0,0.0,0.0,-626567.276970894,-626567.276970894,-3.4924596548080444e-10,5.573957950201542e-16,igual,0.0,OK,0.0,0,/clusteruy/home/mathiasr/generator-aware-row-scaling/results-revision/r5-ablation/sgtm-gurobi-01pct/resultados/instance075_matricial_solo_acoplamiento.csv,/clusteruy/home/mathiasr/generator-aware-row-scaling/results-revision/r5-ablation/sgtm-gurobi-01pct/resultados/instance075_matricial_solo_acoplamiento_postprocesado.csv,/clusteruy/home/mathiasr/generator-aware-row-scaling/results-revision/r5-ablation/sgtm-gurobi-01pct/logs/instance075_matricial_solo_acoplamiento.log
instance076.txt,base,OK,0,1.967902783,0.0,-2706779.7106356495,-2706780.0,OPTIMAL,-2706779.7106356495,333.0,12837.0,0.09,10080.0,6120.0,22679.0,8897.0,5718.0,21255.0,11.73611111111111,6.568627450980392,6.278936461043256,3,Model contains large bounds | Model contains large matrix coefficient range | Model contains large rhs,0.0006,10000000000.0,0.0008,100.0,40.0,8000000000.0,1.0,4000000000.0,,,,,,,,,0.0,1.967902783,1.0,1.0,1.0,0.0,0.0,0.0,,,0.0,,,,2210409.928745,,,1.134591,,0.060813,1.037844,1.134591,1.0,0.180454845453887,,,,,,,,BASE,BASE,,,,,,4.31476125820459e-09,7.46958050967792e-14,1.78813934326172e-07,3.20632409511745e-13,1.48310482370185,13.5326472738236,28.7337621088698,8.56361447348152,1.13686837721616e-13,0.0,2.38418579101562e-07,0.0,0.0,0.0,0.0,0.0,0.0,0.0,0.0,0.0,0.0,-2706779.71063565,44.209668053045,0.0,2.33463943004608e-05,0.0,0.0,0.0,2346.0,0.0,360.0,0.0,0.0,0.0,0.0,-2706779.71063565,,,,,,BASE,0.0,0,/clusteruy/home/mathiasr/generator-aware-row-scaling/results-revision/r5-ablation/sgtm-gurobi-01pct/resultados/instance076_base.csv,/clusteruy/home/mathiasr/generator-aware-row-scaling/results-revision/r5-ablation/sgtm-gurobi-01pct/resultados/instance076_base_postprocesado.csv,/clusteruy/home/mathiasr/generator-aware-row-scaling/results-revision/r5-ablation/sgtm-gurobi-01pct/logs/instance076_base.log
instance076.txt,estructurado,OK,0,0.72191442,0.026439445670646,-2706779.7106356495,-2706780.0,OPTIMAL,-2707495.368186667,1.0,8848.0,0.1,10080.0,6120.0,22679.0,8897.0,5718.0,21255.0,11.73611111111111,6.568627450980392,6.278936461043256,1,Model contains large bounds,1e-05,100000.0,0.0008,100.0,10.0,2000000.0,1.0,4000000000.0,0.0006,1.0,0.001,1.0,16000000000000.0,210500000000.0,1.0,1.118,0.046606902,0.7685213219999999,2.7259502352093206,2.7259502352093206,2.5606352441578717,0.046606902,0.06456014827907164,-0.026439445670646,0.0,0.0,0.0,0.0,0.0006,0.01315625,34224.0,,0.015483100919398824,1.0,,0.0,1.0,1.0,1.134591,0.521453802280543,,,,,,,,OK,REVISAR,6.25848770141602e-07,0.0,4.656612873077393e-10,44.2096680530451,0.0,6.84522734716538e-09,1.56319401867222e-13,2.66358256340027e-07,3.65929508916452e-13,1.48310482382843,13.5326472738237,28.7337621088699,8.56361447348152,1.13686837721616e-13,0.0,6.25848770141602e-07,0.0,0.0,0.0,0.0,0.0,0.0,0.0,0.0,0.0,0.0,-2706779.71063565,44.2096680530451,0.0,2.35363841056824e-05,0.0,0.0,0.0,2346.0,0.0,360.0,0.0,0.0,0.0,0.0,-2706779.71063565,-2706779.71063565,-4.656612873077393e-10,1.7203516247666317e-16,igual,-715.6575510175899,OK,0.0,0,/clusteruy/home/mathiasr/generator-aware-row-scaling/results-revision/r5-ablation/sgtm-gurobi-01pct/resultados/instance076_estructurado.csv,/clusteruy/home/mathiasr/generator-aware-row-scaling/results-revision/r5-ablation/sgtm-gurobi-01pct/resultados/instance076_estructurado_postprocesado.csv,/clusteruy/home/mathiasr/generator-aware-row-scaling/results-revision/r5-ablation/sgtm-gurobi-01pct/logs/instance076_estructurado.log
instance076.txt,estructurado_solo_local,OK,0,0.723130515,0.026439445670646,-2706779.7106356495,-2706780.0,OPTIMAL,-2707495.368186667,1.0,8848.0,0.1,10080.0,6120.0,22679.0,8897.0,5718.0,21255.0,11.73611111111111,6.568627450980392,6.278936461043256,1,Model contains large bounds,1e-05,100000.0,0.0008,100.0,10.0,2000000.0,1.0,4000000000.0,0.0006,1.0,0.001,1.0,16000000000000.0,210500000000.0,1.0,1.118,0.04680266,0.769933175,2.7213659805242765,2.7213659805242765,2.555939719054189,0.04680266,0.06472228599010235,-0.026439445670646,0.0,0.0,0.0,0.0,0.0006,0.01315625,34224.0,,0.015483100919398824,1.0,,0.0,1.0,1.0,1.134591,0.521583512667109,,,,,,,,OK,REVISAR,6.25848770141602e-07,0.0,4.656612873077393e-10,44.2096680530451,0.0,6.84522734716538e-09,1.56319401867222e-13,2.66358256340027e-07,3.65929508916452e-13,1.48310482382843,13.5326472738237,28.7337621088699,8.56361447348152,1.13686837721616e-13,0.0,6.25848770141602e-07,0.0,0.0,0.0,0.0,0.0,0.0,0.0,0.0,0.0,0.0,-2706779.71063565,44.2096680530451,0.0,2.35363841056824e-05,0.0,0.0,0.0,2346.0,0.0,360.0,0.0,0.0,0.0,0.0,-2706779.71063565,-2706779.71063565,-4.656612873077393e-10,1.7203516247666317e-16,igual,-715.6575510175899,OK,0.0,0,/clusteruy/home/mathiasr/generator-aware-row-scaling/results-revision/r5-ablation/sgtm-gurobi-01pct/resultados/instance076_estructurado_solo_local.csv,/clusteruy/home/mathiasr/generator-aware-row-scaling/results-revision/r5-ablation/sgtm-gurobi-01pct/resultados/instance076_estructurado_solo_local_postprocesado.csv,/clusteruy/home/mathiasr/generator-aware-row-scaling/results-revision/r5-ablation/sgtm-gurobi-01pct/logs/instance076_estructurado_solo_local.log
instance076.txt,estructurado_solo_acoplamiento,OK,0,1.934790393,0.0,-2706779.7106356495,-2706780.0,OPTIMAL,-2706779.7106356495,333.0,12837.0,0.09,10080.0,6120.0,22679.0,8897.0,5718.0,21255.0,11.73611111111111,6.568627450980392,6.278936461043256,3,Model contains large bounds | Model contains large matrix coefficient range | Model contains large rhs,0.0006,10000000000.0,0.0008,100.0,40.0,8000000000.0,1.0,4000000000.0,1.0,1.0,1.0,1.0,16000000000000.0,16000000000000.0,1.0,1.0,0.040063694,1.9748540870000002,1.0171142001323756,1.0171142001323756,0.9964800923542864,0.040063694,0.02070699448630144,0.0,0.0,0.0,0.0,0.0,1.0,1.0,2210410.0,,1.000000032236102,1.0,,0.0,1.0,1.0,1.134591,0.182603069858896,,,,,,,,OK,REVISAR,2.38418579101562e-07,0.0,4.656612873077393e-10,44.209668053045,0.0,4.31476125820459e-09,7.46958050967792e-14,1.78813934326172e-07,3.20632409511745e-13,1.48310482370185,13.5326472738236,28.7337621088698,8.56361447348152,1.13686837721616e-13,0.0,2.38418579101562e-07,0.0,0.0,0.0,0.0,0.0,0.0,0.0,0.0,0.0,0.0,-2706779.71063565,44.209668053045,0.0,2.33463943004608e-05,0.0,0.0,0.0,2346.0,0.0,360.0,0.0,0.0,0.0,0.0,-2706779.71063565,-2706779.71063565,-4.656612873077393e-10,1.7203516247666317e-16,igual,0.0,OK,0.0,0,/clusteruy/home/mathiasr/generator-aware-row-scaling/results-revision/r5-ablation/sgtm-gurobi-01pct/resultados/instance076_estructurado_solo_acoplamiento.csv,/clusteruy/home/mathiasr/generator-aware-row-scaling/results-revision/r5-ablation/sgtm-gurobi-01pct/resultados/instance076_estructurado_solo_acoplamiento_postprocesado.csv,/clusteruy/home/mathiasr/generator-aware-row-scaling/results-revision/r5-ablation/sgtm-gurobi-01pct/logs/instance076_estructurado_solo_acoplamiento.log
instance076.txt,estructurado_matricial,OK,0,1.083026753,0.0,-2706779.7106356574,-2706780.0,OPTIMAL,-2706779.7106356574,5.0,8594.0,0.1,10080.0,6120.0,22679.0,8897.0,5718.0,21255.0,11.73611111111111,6.568627450980392,6.278936461043256,1,Model contains large bounds,1e-05,100000.0,0.0008,100.0,90.0,40000000.0,1.0,4000000000.0,0.0006,1.0,0.0022222222222222222,1.0,16000000000000.0,3664000000000.0,1.0,1.0,0.047976934,1.131003687,1.8170398630956073,1.8170398630956073,1.739961421540441,0.047976934,0.044298937091907645,0.0,-7.916241884231567e-09,-2.924597762103274e-15,0.0,0.0,0.0006,0.229,193859.0,,0.08770273670914377,1.0,,0.0,1.0,1.0,1.134591,0.299628684443176,,,,,,,,OK,REVISAR,6.74277544021606e-07,0.0,2.7939677238464355e-09,44.2096680530451,0.0,6.77315811078421e-09,7.99360577730113e-14,2.68220901489258e-07,1.02335917517848e-11,1.48310482282264,13.5326472738236,28.7337621088698,8.56361447348152,1.13686837721616e-13,0.0,6.74277544021606e-07,0.0,0.0,0.0,0.0,0.0,0.0,0.0,0.0,0.0,0.0,-2706779.71063566,44.2096680530451,0.0,2.35326588153839e-05,0.0,0.0,0.0,2346.0,0.0,360.0,0.0,0.0,0.0,0.0,-2706779.71063566,-2706779.71063566,-1.0710209608078003e-08,3.956808736963253e-15,igual,-7.916241884231567e-09,OK,0.0,0,/clusteruy/home/mathiasr/generator-aware-row-scaling/results-revision/r5-ablation/sgtm-gurobi-01pct/resultados/instance076_estructurado_matricial.csv,/clusteruy/home/mathiasr/generator-aware-row-scaling/results-revision/r5-ablation/sgtm-gurobi-01pct/resultados/instance076_estructurado_matricial_postprocesado.csv,/clusteruy/home/mathiasr/generator-aware-row-scaling/results-revision/r5-ablation/sgtm-gurobi-01pct/logs/instance076_estructurado_matricial.log
instance076.txt,matricial_solo_local,OK,0,1.086082446,0.0,-2706779.7106356574,-2706780.0,OPTIMAL,-2706779.7106356574,5.0,8594.0,0.1,10080.0,6120.0,22679.0,8897.0,5718.0,21255.0,11.73611111111111,6.568627450980392,6.278936461043256,1,Model contains large bounds,1e-05,100000.0,0.0008,100.0,90.0,40000000.0,1.0,4000000000.0,0.0006,1.0,0.0022222222222222222,1.0,16000000000000.0,3664000000000.0,1.0,1.0,0.047263981,1.133346427,1.8119276213769133,1.8119276213769133,1.7363647478989228,0.047263981,0.04351785739109533,0.0,-7.916241884231567e-09,-2.924597762103274e-15,0.0,0.0,0.0006,0.229,193859.0,,0.08770273670914377,1.0,,0.0,1.0,1.0,1.134591,0.298618308719501,,,,,,,,OK,REVISAR,6.74277544021606e-07,0.0,2.7939677238464355e-09,44.2096680530451,0.0,6.77315811078421e-09,7.99360577730113e-14,2.68220901489258e-07,1.02335917517848e-11,1.48310482282264,13.5326472738236,28.7337621088698,8.56361447348152,1.13686837721616e-13,0.0,6.74277544021606e-07,0.0,0.0,0.0,0.0,0.0,0.0,0.0,0.0,0.0,0.0,-2706779.71063566,44.2096680530451,0.0,2.35326588153839e-05,0.0,0.0,0.0,2346.0,0.0,360.0,0.0,0.0,0.0,0.0,-2706779.71063566,-2706779.71063566,-1.0710209608078003e-08,3.956808736963253e-15,igual,-7.916241884231567e-09,OK,0.0,0,/clusteruy/home/mathiasr/generator-aware-row-scaling/results-revision/r5-ablation/sgtm-gurobi-01pct/resultados/instance076_matricial_solo_local.csv,/clusteruy/home/mathiasr/generator-aware-row-scaling/results-revision/r5-ablation/sgtm-gurobi-01pct/resultados/instance076_matricial_solo_local_postprocesado.csv,/clusteruy/home/mathiasr/generator-aware-row-scaling/results-revision/r5-ablation/sgtm-gurobi-01pct/logs/instance076_matricial_solo_local.log
instance076.txt,matricial_solo_acoplamiento,OK,0,1.860044731,0.0,-2706779.7106356495,-2706780.0,OPTIMAL,-2706779.7106356495,333.0,12837.0,0.09,10080.0,6120.0,22679.0,8897.0,5718.0,21255.0,11.73611111111111,6.568627450980392,6.278936461043256,3,Model contains large bounds | Model contains large matrix coefficient range | Model contains large rhs,0.0006,10000000000.0,0.0008,100.0,40.0,8000000000.0,1.0,4000000000.0,1.0,1.0,1.0,1.0,16000000000000.0,16000000000000.0,1.0,1.0,0.04115597,1.9012007009999998,1.0579868054796797,1.0579868054796797,1.0350841875688959,0.04115597,0.02212633347686949,0.0,0.0,0.0,0.0,0.0,1.0,1.0,2210410.0,,1.000000032236102,1.0,,0.0,1.0,1.0,1.134591,0.188279782797311,,,,,,,,OK,REVISAR,2.38418579101562e-07,0.0,4.656612873077393e-10,44.209668053045,0.0,4.31476125820459e-09,7.46958050967792e-14,1.78813934326172e-07,3.20632409511745e-13,1.48310482370185,13.5326472738236,28.7337621088698,8.56361447348152,1.13686837721616e-13,0.0,2.38418579101562e-07,0.0,0.0,0.0,0.0,0.0,0.0,0.0,0.0,0.0,0.0,-2706779.71063565,44.209668053045,0.0,2.33463943004608e-05,0.0,0.0,0.0,2346.0,0.0,360.0,0.0,0.0,0.0,0.0,-2706779.71063565,-2706779.71063565,-4.656612873077393e-10,1.7203516247666317e-16,igual,0.0,OK,0.0,0,/clusteruy/home/mathiasr/generator-aware-row-scaling/results-revision/r5-ablation/sgtm-gurobi-01pct/resultados/instance076_matricial_solo_acoplamiento.csv,/clusteruy/home/mathiasr/generator-aware-row-scaling/results-revision/r5-ablation/sgtm-gurobi-01pct/resultados/instance076_matricial_solo_acoplamiento_postprocesado.csv,/clusteruy/home/mathiasr/generator-aware-row-scaling/results-revision/r5-ablation/sgtm-gurobi-01pct/logs/instance076_matricial_solo_acoplamiento.log
instance077.txt,base,OK,0,3600.085872601,2.119900059457537,410767.7142095687,410768.0,TIME_LIMIT,402059.8491918077,3303276.0,149121338.0,0.08,10080.0,6120.0,22679.0,8910.0,5730.0,21323.0,11.607142857142858,6.372549019607843,5.9790996075664715,3,Model contains large bounds | Model contains large matrix coefficient range | Model contains large rhs,0.0005,10000000000.0,0.003,100.0,40.0,10000000000.0,1.0,4000000000.0,,,,,,,,,0.0,3600.085872601,1.0,1.0,1.0,0.0,0.0,0.0,,,0.0,,,,154109759.59955,,,3390.08345,,0.398347,2.444676,3390.08345,1.0,0.050647435381587,,,,,,,,BASE,BASE,,,,,,1.82046843069793e-09,1.90265581068161e-12,5.99958002567275e-08,6.20503758597124e-07,0.444077057321478,1.35187981683081,11.144991682971,5.12255589313546,5.7836624733909e-07,0.0,6.20503758597124e-07,0.0,0.0,0.0,0.0,0.0,0.0,0.0,0.0,0.0,0.0,410767.714209568,27.9109259196092,0.0,1.80527567863464e-05,0.0,0.0,0.0,1418.0,0.0,252.0,0.0,0.0,0.0,0.0,410767.714209568,,,,,,BASE,0.0,0,/clusteruy/home/mathiasr/generator-aware-row-scaling/results-revision/r5-ablation/sgtm-gurobi-01pct/resultados/instance077_base.csv,/clusteruy/home/mathiasr/generator-aware-row-scaling/results-revision/r5-ablation/sgtm-gurobi-01pct/resultados/instance077_base_postprocesado.csv,/clusteruy/home/mathiasr/generator-aware-row-scaling/results-revision/r5-ablation/sgtm-gurobi-01pct/logs/instance077_base.log
instance077.txt,estructurado,OK,0,3600.692466246,4.232662327439798,410780.2852734438,410780.0,TIME_LIMIT,393393.342890125,3631910.0,186688339.0,0.09,10080.0,6120.0,22679.0,8910.0,5730.0,21323.0,11.607142857142858,6.372549019607843,5.9790996075664715,1,Model contains large bounds,9e-06,100000.0,0.003,100.0,10.0,4000000.0,1.0,4000000000.0,0.0005555555555555556,1.0,0.0016,1.0,25350000000000.0,393600000000.0,1.0,1.118,0.046353194,3600.73881944,0.9998315341699725,0.9998315341699725,0.9998186630933977,0.046353194,1.2873410999281143e-05,-2.1127622679822613,12.5710638751043,3.0603826542927124e-05,12.0,2.9213570677365325e-05,0.0005555555555555556,0.015526627218934911,1261982.0,,0.008188851914889918,4330.0,,0.0,3.0,4330.0,0.7829292032332563,0.07103229372617,,,,,,,,OK,REVISAR,3.814697265625e-06,0.0,2.3283064365386963e-10,27.9109259196096,0.0,5.60670168641019e-09,5.6843418860808e-14,1.44205987453457e-07,3.35376171278767e-12,0.44445701369816,1.35187981683077,11.1449919542809,5.12255589313543,3.814697265625e-06,0.0,9.90927219390869e-07,0.0,0.0,0.0,6.0,0.0,0.0,0.0,0.0,0.0,0.0,410780.285273444,27.9109259196096,0.0,1.80639326572418e-05,0.0,0.0,0.0,1423.0,0.0,251.0,0.0,0.0,0.0,0.0,410780.285273444,410780.285273444,12.571063875337131,3.060382654349394e-05,empeora,-8666.506301682675,DIFIERE,3450000.0,73,/clusteruy/home/mathiasr/generator-aware-row-scaling/results-revision/r5-ablation/sgtm-gurobi-01pct/resultados/instance077_estructurado.csv,/clusteruy/home/mathiasr/generator-aware-row-scaling/results-revision/r5-ablation/sgtm-gurobi-01pct/resultados/instance077_estructurado_postprocesado.csv,/clusteruy/home/mathiasr/generator-aware-row-scaling/results-revision/r5-ablation/sgtm-gurobi-01pct/logs/instance077_estructurado.log
instance077.txt,estructurado_solo_local,OK,0,3600.104837392,4.389294095700316,410780.2852734438,410780.0,TIME_LIMIT,392749.9304656356,3203668.0,163245988.0,0.09,10080.0,6120.0,22679.0,8910.0,5730.0,21323.0,11.607142857142858,6.372549019607843,5.9790996075664715,1,Model contains large bounds,9e-06,100000.0,0.003,100.0,10.0,4000000.0,1.0,4000000000.0,0.0005555555555555556,1.0,0.0016,1.0,25350000000000.0,393600000000.0,1.0,1.118,0.046996373,3600.151833765,0.9999947321559076,0.9999947321559076,0.9999816782271844,0.046996373,1.3054167898634105e-05,-2.2693940362427787,12.5710638751043,3.0603826542927124e-05,12.0,2.9213570677365325e-05,0.0005555555555555556,0.015526627218934911,1261982.0,,0.008188851914889918,3806.0,,0.0,3.0,3806.0,0.8907208223857068,0.076697663989629,,,,,,,,OK,REVISAR,3.814697265625e-06,0.0,2.3283064365386963e-10,27.9109259196096,0.0,5.60670168641019e-09,5.6843418860808e-14,1.44205987453457e-07,3.35376171278767e-12,0.44445701369816,1.35187981683077,11.1449919542809,5.12255589313543,3.814697265625e-06,0.0,9.90927219390869e-07,0.0,0.0,0.0,6.0,0.0,0.0,0.0,0.0,0.0,0.0,410780.285273444,27.9109259196096,0.0,1.80639326572418e-05,0.0,0.0,0.0,1423.0,0.0,251.0,0.0,0.0,0.0,0.0,410780.285273444,410780.285273444,12.571063875337131,3.060382654349394e-05,empeora,-9309.918726172065,DIFIERE,3450000.0,73,/clusteruy/home/mathiasr/generator-aware-row-scaling/results-revision/r5-ablation/sgtm-gurobi-01pct/resultados/instance077_estructurado_solo_local.csv,/clusteruy/home/mathiasr/generator-aware-row-scaling/results-revision/r5-ablation/sgtm-gurobi-01pct/resultados/instance077_estructurado_solo_local_postprocesado.csv,/clusteruy/home/mathiasr/generator-aware-row-scaling/results-revision/r5-ablation/sgtm-gurobi-01pct/logs/instance077_estructurado_solo_local.log
instance077.txt,estructurado_solo_acoplamiento,OK,0,3600.104170625,1.984684828500157,410767.7142095687,410768.0,TIME_LIMIT,402615.2697052745,3600615.0,164858479.0,0.08,10080.0,6120.0,22679.0,8910.0,5730.0,21323.0,11.607142857142858,6.372549019607843,5.9790996075664715,3,Model contains large bounds | Model contains large matrix coefficient range | Model contains large rhs,0.0005,10000000000.0,0.003,100.0,40.0,10000000000.0,1.0,4000000000.0,1.0,1.0,1.0,1.0,25350000000000.0,25350000000000.0,1.0,1.0,0.040057275,3600.1442279,0.9999949173626282,0.9999949173626282,0.9999837908441147,0.040057275,1.1126698868006871e-05,0.13521523095737997,0.0,0.0,0.0,0.0,1.0,1.0,154109760.0,,1.0000000025984725,3726.0,,0.0,2.0,3726.0,0.9098452630166398,0.049727315588197,,,,,,,,OK,REVISAR,6.20503758597124e-07,0.0,6.984919309616089e-10,27.9109259196092,0.0,1.82046843069793e-09,1.90265581068161e-12,5.99958002567275e-08,6.20503758597124e-07,0.444077057321478,1.35187981683081,11.144991682971,5.12255589313546,5.7836624733909e-07,0.0,6.20503758597124e-07,0.0,0.0,0.0,0.0,0.0,0.0,0.0,0.0,0.0,0.0,410767.714209568,27.9109259196092,0.0,1.80527567863464e-05,0.0,0.0,0.0,1418.0,0.0,252.0,0.0,0.0,0.0,0.0,410767.714209568,410767.714209568,-6.984919309616089e-10,1.7004547991453067e-15,igual,555.4205134668155,OK,0.0,0,/clusteruy/home/mathiasr/generator-aware-row-scaling/results-revision/r5-ablation/sgtm-gurobi-01pct/resultados/instance077_estructurado_solo_acoplamiento.csv,/clusteruy/home/mathiasr/generator-aware-row-scaling/results-revision/r5-ablation/sgtm-gurobi-01pct/resultados/instance077_estructurado_solo_acoplamiento_postprocesado.csv,/clusteruy/home/mathiasr/generator-aware-row-scaling/results-revision/r5-ablation/sgtm-gurobi-01pct/logs/instance077_estructurado_solo_acoplamiento.log
instance077.txt,estructurado_matricial,OK,0,3600.138994277,4.14168105201646,410775.55022330536,410776.0,TIME_LIMIT,393762.53709339036,3845997.0,161478891.0,0.09,10080.0,6120.0,22679.0,8910.0,5730.0,21323.0,11.607142857142858,6.372549019607843,5.9790996075664715,1,Model contains large bounds,9e-06,100000.0,0.003,100.0,90.0,30000000.0,1.0,4000000000.0,0.0005555555555555556,1.0,0.0013333333333333333,1.0,25350000000000.0,3140000000000.0,1.0,1.0,0.047987823,3600.1869821,0.9999852445485898,0.9999852445485898,0.9999719154867504,0.047987823,1.3329436190181646e-05,-2.0217809925589227,7.836013736668974,1.907650836616418e-05,8.0,1.9475713784910215e-05,0.0005555555555555556,0.12386587771203156,9847879.0,,0.06390172189995912,3717.0,,0.0,3.0,3717.0,0.912048278181329,0.059597889699132,,,,,,,,OK,REVISAR,3.4332275390625e-05,0.0,3.4924596548080444e-10,28.360704637519,0.0,8.59607561604522e-09,2.8421709430404e-13,6.48479908704733e-08,1.03083048763608e-08,0.457265151581265,1.40421356666173,11.2671226478843,5.20510480708663,3.4332275390625e-05,0.0,4.76837158203125e-07,0.0,0.0,0.0,2.0,0.0,0.0,0.0,0.0,0.0,0.0,410775.550223305,28.360704637519,0.0,1.84290111064911e-05,0.0,0.0,0.0,1431.0,0.0,253.0,0.0,0.0,0.0,0.0,410775.550223305,410775.550223305,7.836013736319728,1.9076508365313954e-05,empeora,-8297.312098417315,DIFIERE,39480000.0,1015,/clusteruy/home/mathiasr/generator-aware-row-scaling/results-revision/r5-ablation/sgtm-gurobi-01pct/resultados/instance077_estructurado_matricial.csv,/clusteruy/home/mathiasr/generator-aware-row-scaling/results-revision/r5-ablation/sgtm-gurobi-01pct/resultados/instance077_estructurado_matricial_postprocesado.csv,/clusteruy/home/mathiasr/generator-aware-row-scaling/results-revision/r5-ablation/sgtm-gurobi-01pct/logs/instance077_estructurado_matricial.log
instance077.txt,matricial_solo_local,OK,0,3600.371251455,4.106649041047305,410775.55022330536,410776.0,TIME_LIMIT,393906.4400292032,3982616.0,168398803.0,0.09,10080.0,6120.0,22679.0,8910.0,5730.0,21323.0,11.607142857142858,6.372549019607843,5.9790996075664715,1,Model contains large bounds,9e-06,100000.0,0.003,100.0,90.0,30000000.0,1.0,4000000000.0,0.0005555555555555556,1.0,0.0013333333333333333,1.0,25350000000000.0,3140000000000.0,1.0,1.0,0.047139162,3600.418390617,0.9999207362702153,0.9999207362702153,0.9999076446179515,0.047139162,1.30928614600369e-05,-1.986748981589768,7.836013736668974,1.907650836616418e-05,8.0,1.9475713784910215e-05,0.0005555555555555556,0.12386587771203156,9847879.0,,0.06390172189995912,3867.0,,0.0,3.0,3867.0,0.8766701448151022,0.05887890270876,,,,,,,,OK,REVISAR,3.4332275390625e-05,0.0,3.4924596548080444e-10,28.360704637519,0.0,8.59607561604522e-09,2.8421709430404e-13,6.48479908704733e-08,1.03083048763608e-08,0.457265151581265,1.40421356666173,11.2671226478843,5.20510480708663,3.4332275390625e-05,0.0,4.76837158203125e-07,0.0,0.0,0.0,2.0,0.0,0.0,0.0,0.0,0.0,0.0,410775.550223305,28.360704637519,0.0,1.84290111064911e-05,0.0,0.0,0.0,1431.0,0.0,253.0,0.0,0.0,0.0,0.0,410775.550223305,410775.550223305,7.836013736319728,1.9076508365313954e-05,empeora,-8153.409162604483,DIFIERE,39480000.0,1015,/clusteruy/home/mathiasr/generator-aware-row-scaling/results-revision/r5-ablation/sgtm-gurobi-01pct/resultados/instance077_matricial_solo_local.csv,/clusteruy/home/mathiasr/generator-aware-row-scaling/results-revision/r5-ablation/sgtm-gurobi-01pct/resultados/instance077_matricial_solo_local_postprocesado.csv,/clusteruy/home/mathiasr/generator-aware-row-scaling/results-revision/r5-ablation/sgtm-gurobi-01pct/logs/instance077_matricial_solo_local.log
instance077.txt,matricial_solo_acoplamiento,OK,0,3600.101396402,1.90048942798611,410767.7142095687,410768.0,TIME_LIMIT,402961.11722743564,3807610.0,176126187.0,0.08,10080.0,6120.0,22679.0,8910.0,5730.0,21323.0,11.607142857142858,6.372549019607843,5.9790996075664715,3,Model contains large bounds | Model contains large matrix coefficient range | Model contains large rhs,0.0005,10000000000.0,0.003,100.0,40.0,10000000000.0,1.0,4000000000.0,1.0,1.0,1.0,1.0,25350000000000.0,25350000000000.0,1.0,1.0,0.041061755,3600.142458157,0.9999956879545072,0.9999956879545072,0.9999842824119719,0.041061755,1.1405721805790744e-05,0.21941063147142703,0.0,0.0,0.0,0.0,1.0,1.0,154109760.0,,1.0000000025984725,3967.0,,0.0,2.0,3967.0,0.8545710738593396,0.048128081686928,,,,,,,,OK,REVISAR,6.20503758597124e-07,0.0,6.984919309616089e-10,27.9109259196092,0.0,1.82046843069793e-09,1.90265581068161e-12,5.99958002567275e-08,6.20503758597124e-07,0.444077057321478,1.35187981683081,11.144991682971,5.12255589313546,5.7836624733909e-07,0.0,6.20503758597124e-07,0.0,0.0,0.0,0.0,0.0,0.0,0.0,0.0,0.0,0.0,410767.714209568,27.9109259196092,0.0,1.80527567863464e-05,0.0,0.0,0.0,1418.0,0.0,252.0,0.0,0.0,0.0,0.0,410767.714209568,410767.714209568,-6.984919309616089e-10,1.7004547991453067e-15,igual,901.2680356279598,OK,0.0,0,/clusteruy/home/mathiasr/generator-aware-row-scaling/results-revision/r5-ablation/sgtm-gurobi-01pct/resultados/instance077_matricial_solo_acoplamiento.csv,/clusteruy/home/mathiasr/generator-aware-row-scaling/results-revision/r5-ablation/sgtm-gurobi-01pct/resultados/instance077_matricial_solo_acoplamiento_postprocesado.csv,/clusteruy/home/mathiasr/generator-aware-row-scaling/results-revision/r5-ablation/sgtm-gurobi-01pct/logs/instance077_matricial_solo_acoplamiento.log
instance078.txt,base,OK,0,70.502073446,0.0,210371.49477061967,210371.0,OPTIMAL,210371.49477061967,23012.0,1688529.0,0.12,10080.0,6120.0,22679.0,8633.0,5666.0,20608.0,14.35515873015873,7.4183006535947715,9.131795934565016,3,Model contains large bounds | Model contains large matrix coefficient range | Model contains large rhs,0.0005,10000000000.0,0.002,100.0,40.0,10000000000.0,1.0,4000000000.0,,,,,,,,,0.0,70.502073446,1.0,1.0,1.0,0.0,0.0,0.0,,,0.0,,,,4906956.06454,,,79.767542,,0.994002,3.655536,79.767542,1.0,0.936288680225988,,,,,,,,BASE,BASE,,,,,,7.74350750187836e-10,5.6843418860808e-14,2.98023223876953e-08,3.83693077310454e-13,0.0602537719427024,1.70530256582424e-13,0.941604669067326,3.49280801721042,1.13686837721616e-13,0.0,1.19209289550781e-07,0.0,0.0,0.0,0.0,0.0,0.0,0.0,0.0,0.0,0.0,210371.49477062,22.644601476321,0.0,1.17197632789612e-05,0.0,0.0,0.0,135.0,0.0,42.0,0.0,0.0,0.0,0.0,210371.49477062,,,,,,BASE,0.0,0,/clusteruy/home/mathiasr/generator-aware-row-scaling/results-revision/r5-ablation/sgtm-gurobi-01pct/resultados/instance078_base.csv,/clusteruy/home/mathiasr/generator-aware-row-scaling/results-revision/r5-ablation/sgtm-gurobi-01pct/resultados/instance078_base_postprocesado.csv,/clusteruy/home/mathiasr/generator-aware-row-scaling/results-revision/r5-ablation/sgtm-gurobi-01pct/logs/instance078_base.log
instance078.txt,estructurado,OK,0,3.083263583,0.0,210371.49477061655,210371.0,OPTIMAL,210371.49477061653,249.0,16354.0,0.13,10080.0,6120.0,22679.0,8633.0,5666.0,20608.0,14.35515873015873,7.4183006535947715,9.131795934565016,1,Model contains large bounds,9e-06,100000.0,0.002,100.0,10.0,2000000.0,1.0,4000000000.0,0.0005555555555555556,1.0,0.0008,1.0,26780000000000.0,262600000000.0,1.0,1.118,0.046374153,3.129637736,22.866054603545063,22.866054603545063,22.527231390080605,0.046374153,0.015040606082363605,0.0,-3.1141098588705063e-09,-1.4802907885719034e-14,0.0,0.0,0.0005555555555555556,0.009805825242718447,18740.0,,0.00381906822753604,3.0,,0.0,3.0,3.0,26.589180666666667,0.575308400493263,,,,,,,,OK,REVISAR,3.3155083656311e-07,0.0,5.529727786779404e-10,23.0999360289443,0.0,1.46637401145784e-09,5.6843418860808e-14,4.84287738800049e-08,1.4210854715202e-13,0.0573449200113819,7.105427357601e-14,0.132014263541261,3.56304092360882,1.13686837721616e-13,0.0,3.3155083656311e-07,0.0,0.0,0.0,0.0,0.0,0.0,0.0,0.0,0.0,0.0,210371.494770616,23.0999360289443,0.0,1.19265168905258e-05,0.0,0.0,0.0,107.0,0.0,39.0,0.0,0.0,0.0,0.0,210371.494770616,210371.494770616,-3.6670826375484467e-09,1.7431461622435498e-14,igual,-3.14321368932724e-09,DIFIERE,40980000.0,589,/clusteruy/home/mathiasr/generator-aware-row-scaling/results-revision/r5-ablation/sgtm-gurobi-01pct/resultados/instance078_estructurado.csv,/clusteruy/home/mathiasr/generator-aware-row-scaling/results-revision/r5-ablation/sgtm-gurobi-01pct/resultados/instance078_estructurado_postprocesado.csv,/clusteruy/home/mathiasr/generator-aware-row-scaling/results-revision/r5-ablation/sgtm-gurobi-01pct/logs/instance078_estructurado.log
instance078.txt,estructurado_solo_local,OK,0,3.268784991,0.0,210371.49477061655,210371.0,OPTIMAL,210371.49477061653,249.0,16354.0,0.13,10080.0,6120.0,22679.0,8633.0,5666.0,20608.0,14.35515873015873,7.4183006535947715,9.131795934565016,1,Model contains large bounds,9e-06,100000.0,0.002,100.0,10.0,2000000.0,1.0,4000000000.0,0.0005555555555555556,1.0,0.0008,1.0,26780000000000.0,262600000000.0,1.0,1.118,0.046853219,3.31563821,21.568281070830455,21.568281070830455,21.263500110888153,0.046853219,0.014333527328656288,0.0,-3.1141098588705063e-09,-1.4802907885719034e-14,0.0,0.0,0.0005555555555555556,0.009805825242718447,18740.0,,0.00381906822753604,3.0,,0.0,3.0,3.0,26.589180666666667,0.554475329792207,,,,,,,,OK,REVISAR,3.3155083656311e-07,0.0,5.529727786779404e-10,23.0999360289443,0.0,1.46637401145784e-09,5.6843418860808e-14,4.84287738800049e-08,1.4210854715202e-13,0.0573449200113819,7.105427357601e-14,0.132014263541261,3.56304092360882,1.13686837721616e-13,0.0,3.3155083656311e-07,0.0,0.0,0.0,0.0,0.0,0.0,0.0,0.0,0.0,0.0,210371.494770616,23.0999360289443,0.0,1.19265168905258e-05,0.0,0.0,0.0,107.0,0.0,39.0,0.0,0.0,0.0,0.0,210371.494770616,210371.494770616,-3.6670826375484467e-09,1.7431461622435498e-14,igual,-3.14321368932724e-09,DIFIERE,40980000.0,589,/clusteruy/home/mathiasr/generator-aware-row-scaling/results-revision/r5-ablation/sgtm-gurobi-01pct/resultados/instance078_estructurado_solo_local.csv,/clusteruy/home/mathiasr/generator-aware-row-scaling/results-revision/r5-ablation/sgtm-gurobi-01pct/resultados/instance078_estructurado_solo_local_postprocesado.csv,/clusteruy/home/mathiasr/generator-aware-row-scaling/results-revision/r5-ablation/sgtm-gurobi-01pct/logs/instance078_estructurado_solo_local.log
instance078.txt,estructurado_solo_acoplamiento,OK,0,71.779509863,0.0,210371.49477061967,210371.0,OPTIMAL,210371.49477061967,23012.0,1688529.0,0.12,10080.0,6120.0,22679.0,8633.0,5666.0,20608.0,14.35515873015873,7.4183006535947715,9.131795934565016,3,Model contains large bounds | Model contains large matrix coefficient range | Model contains large rhs,0.0005,10000000000.0,0.002,100.0,40.0,10000000000.0,1.0,4000000000.0,1.0,1.0,1.0,1.0,26780000000000.0,26780000000000.0,1.0,1.0,0.040291871,71.819801734,0.9822033276705546,0.9822033276705546,0.9816522984443693,0.040291871,0.0005613283105011719,0.0,0.0,0.0,0.0,0.0,1.0,1.0,4906956.0,,0.9999999868472432,80.0,,1.0,4.0,80.0,0.997094275,0.935094243939799,,,,,,,,OK,REVISAR,1.19209289550781e-07,0.0,3.2014213502407074e-10,22.644601476321,0.0,7.74350750187836e-10,5.6843418860808e-14,2.98023223876953e-08,3.83693077310454e-13,0.0602537719427024,1.70530256582424e-13,0.941604669067326,3.49280801721042,1.13686837721616e-13,0.0,1.19209289550781e-07,0.0,0.0,0.0,0.0,0.0,0.0,0.0,0.0,0.0,0.0,210371.49477062,22.644601476321,0.0,1.17197632789612e-05,0.0,0.0,0.0,135.0,0.0,42.0,0.0,0.0,0.0,0.0,210371.49477062,210371.49477062,3.2014213502407074e-10,1.5217942686253212e-15,igual,0.0,OK,0.0,0,/clusteruy/home/mathiasr/generator-aware-row-scaling/results-revision/r5-ablation/sgtm-gurobi-01pct/resultados/instance078_estructurado_solo_acoplamiento.csv,/clusteruy/home/mathiasr/generator-aware-row-scaling/results-revision/r5-ablation/sgtm-gurobi-01pct/resultados/instance078_estructurado_solo_acoplamiento_postprocesado.csv,/clusteruy/home/mathiasr/generator-aware-row-scaling/results-revision/r5-ablation/sgtm-gurobi-01pct/logs/instance078_estructurado_solo_acoplamiento.log
instance078.txt,estructurado_matricial,OK,0,3.07413348,0.0,210371.4947706172,210371.0,OPTIMAL,210371.4947706172,208.0,16298.0,0.12,10080.0,6120.0,22679.0,8633.0,5666.0,20608.0,14.35515873015873,7.4183006535947715,9.131795934565016,1,Model contains large bounds,9e-06,100000.0,0.002,100.0,90.0,30000000.0,1.0,4000000000.0,0.0005555555555555556,1.0,0.0013333333333333333,1.0,26780000000000.0,3339000000000.0,1.0,1.0,0.048111732,3.122245212,22.93396623948808,22.93396623948808,22.580569000485024,0.048111732,0.015650501942420535,0.0,-2.473825588822365e-09,-1.1759319348468392e-14,0.0,0.0,0.0005555555555555556,0.12468259895444361,362435.0,,0.07386147241446236,3.0,,0.0,3.0,3.0,26.589180666666667,0.572453357953405,,,,,,,,OK,REVISAR,2.79396772384644e-07,0.0,2.0372681319713593e-10,22.0173856687339,0.0,1.3937534837008e-09,5.6843418860808e-14,4.4703483581543e-08,1.70530256582424e-13,0.062546954405453,8.5265128291212e-14,0.113336213128744,3.3960633514431,2.27373675443232e-13,0.0,2.79396772384644e-07,0.0,0.0,0.0,0.0,0.0,0.0,0.0,0.0,0.0,0.0,210371.494770617,22.0173856687339,0.0,1.14226713776588e-05,0.0,0.0,0.0,102.0,0.0,42.0,0.0,0.0,0.0,0.0,210371.494770617,210371.494770617,-2.6775524020195007e-09,1.272773388304814e-14,igual,-2.473825588822365e-09,DIFIERE,57310000.0,594,/clusteruy/home/mathiasr/generator-aware-row-scaling/results-revision/r5-ablation/sgtm-gurobi-01pct/resultados/instance078_estructurado_matricial.csv,/clusteruy/home/mathiasr/generator-aware-row-scaling/results-revision/r5-ablation/sgtm-gurobi-01pct/resultados/instance078_estructurado_matricial_postprocesado.csv,/clusteruy/home/mathiasr/generator-aware-row-scaling/results-revision/r5-ablation/sgtm-gurobi-01pct/logs/instance078_estructurado_matricial.log
instance078.txt,matricial_solo_local,OK,0,3.417883565,0.0,210371.4947706172,210371.0,OPTIMAL,210371.4947706172,208.0,16298.0,0.12,10080.0,6120.0,22679.0,8633.0,5666.0,20608.0,14.35515873015873,7.4183006535947715,9.131795934565016,1,Model contains large bounds,9e-06,100000.0,0.002,100.0,90.0,30000000.0,1.0,4000000000.0,0.0005555555555555556,1.0,0.0013333333333333333,1.0,26780000000000.0,3339000000000.0,1.0,1.0,0.047197568,3.465081133,20.627406435947446,20.627406435947446,20.346442331340356,0.047197568,0.013809004052482988,0.0,-2.473825588822365e-09,-1.1759319348468392e-14,0.0,0.0,0.0005555555555555556,0.12468259895444361,362435.0,,0.07386147241446236,3.0,,0.0,3.0,3.0,26.589180666666667,0.558720031592423,,,,,,,,OK,REVISAR,2.79396772384644e-07,0.0,2.0372681319713593e-10,22.0173856687339,0.0,1.3937534837008e-09,5.6843418860808e-14,4.4703483581543e-08,1.70530256582424e-13,0.062546954405453,8.5265128291212e-14,0.113336213128744,3.3960633514431,2.27373675443232e-13,0.0,2.79396772384644e-07,0.0,0.0,0.0,0.0,0.0,0.0,0.0,0.0,0.0,0.0,210371.494770617,22.0173856687339,0.0,1.14226713776588e-05,0.0,0.0,0.0,102.0,0.0,42.0,0.0,0.0,0.0,0.0,210371.494770617,210371.494770617,-2.6775524020195007e-09,1.272773388304814e-14,igual,-2.473825588822365e-09,DIFIERE,57310000.0,594,/clusteruy/home/mathiasr/generator-aware-row-scaling/results-revision/r5-ablation/sgtm-gurobi-01pct/resultados/instance078_matricial_solo_local.csv,/clusteruy/home/mathiasr/generator-aware-row-scaling/results-revision/r5-ablation/sgtm-gurobi-01pct/resultados/instance078_matricial_solo_local_postprocesado.csv,/clusteruy/home/mathiasr/generator-aware-row-scaling/results-revision/r5-ablation/sgtm-gurobi-01pct/logs/instance078_matricial_solo_local.log
instance078.txt,matricial_solo_acoplamiento,OK,0,72.527278662,0.0,210371.49477061967,210371.0,OPTIMAL,210371.49477061967,23012.0,1688529.0,0.12,10080.0,6120.0,22679.0,8633.0,5666.0,20608.0,14.35515873015873,7.4183006535947715,9.131795934565016,3,Model contains large bounds | Model contains large matrix coefficient range | Model contains large rhs,0.0005,10000000000.0,0.002,100.0,40.0,10000000000.0,1.0,4000000000.0,1.0,1.0,1.0,1.0,26780000000000.0,26780000000000.0,1.0,1.0,0.041086119,72.568364781,0.972076641322252,0.972076641322252,0.9715262795126258,0.041086119,0.0005664919428657219,0.0,0.0,0.0,0.0,0.0,1.0,1.0,4906956.0,,0.9999999868472432,80.0,,1.0,4.0,80.0,0.997094275,0.935433577386623,,,,,,,,OK,REVISAR,1.19209289550781e-07,0.0,3.2014213502407074e-10,22.644601476321,0.0,7.74350750187836e-10,5.6843418860808e-14,2.98023223876953e-08,3.83693077310454e-13,0.0602537719427024,1.70530256582424e-13,0.941604669067326,3.49280801721042,1.13686837721616e-13,0.0,1.19209289550781e-07,0.0,0.0,0.0,0.0,0.0,0.0,0.0,0.0,0.0,0.0,210371.49477062,22.644601476321,0.0,1.17197632789612e-05,0.0,0.0,0.0,135.0,0.0,42.0,0.0,0.0,0.0,0.0,210371.49477062,210371.49477062,3.2014213502407074e-10,1.5217942686253212e-15,igual,0.0,OK,0.0,0,/clusteruy/home/mathiasr/generator-aware-row-scaling/results-revision/r5-ablation/sgtm-gurobi-01pct/resultados/instance078_matricial_solo_acoplamiento.csv,/clusteruy/home/mathiasr/generator-aware-row-scaling/results-revision/r5-ablation/sgtm-gurobi-01pct/resultados/instance078_matricial_solo_acoplamiento_postprocesado.csv,/clusteruy/home/mathiasr/generator-aware-row-scaling/results-revision/r5-ablation/sgtm-gurobi-01pct/logs/instance078_matricial_solo_acoplamiento.log
instance079.txt,base,OK,0,1.261295114,0.022599544816329,-2815548.5541180363,-2815550.0,OPTIMAL,-2816184.8552753497,244.0,13002.0,0.07,10080.0,6120.0,22679.0,8977.0,5736.0,21557.0,10.942460317460318,6.2745098039215685,4.9473080823669475,3,Model contains large bounds | Model contains large matrix coefficient range | Model contains large rhs,0.0003,9000000000.0,0.001,100.0,40.0,8000000000.0,1.0,4000000000.0,,,,,,,,,0.0,1.261295114,1.0,1.0,1.0,0.0,0.0,0.0,,,0.0,,,,236686463.272695,,,0.972295,,0.035926,0.859054,0.972295,1.0,0.227506281035082,,,,,,,,BASE,BASE,,,,,,3.45605942213433e-09,7.28306304154103e-14,1.38618052005765e-07,1.78523862359725e-13,3.77884625843446,37.0244113276224,70.5737487006975,13.4888535808081,1.13686837721616e-13,0.0,2.36555933952332e-07,0.0,0.0,2.22044604925031e-16,0.0,0.0,0.0,0.0,0.0,0.0,0.0,-2815548.55411804,90.628161005405,0.0,4.86895442008972e-05,0.0,0.0,2.22044604925031e-16,2633.0,0.0,360.0,0.0,0.0,0.0,0.0,-2815548.55411804,,,,,,BASE,0.0,0,/clusteruy/home/mathiasr/generator-aware-row-scaling/results-revision/r5-ablation/sgtm-gurobi-01pct/resultados/instance079_base.csv,/clusteruy/home/mathiasr/generator-aware-row-scaling/results-revision/r5-ablation/sgtm-gurobi-01pct/resultados/instance079_base_postprocesado.csv,/clusteruy/home/mathiasr/generator-aware-row-scaling/results-revision/r5-ablation/sgtm-gurobi-01pct/logs/instance079_base.log
instance079.txt,estructurado,OK,0,0.521908963,0.099013937031164,-2813222.386890641,-2813220.0,OPTIMAL,-2816007.8691333435,1.0,7402.0,0.08,10080.0,6120.0,22679.0,8977.0,5736.0,21557.0,10.942460317460318,6.2745098039215685,4.9473080823669475,1,Model contains large bounds,1e-05,90000.0,0.001,100.0,10.0,3000000.0,1.0,4000000000.0,0.0003,1.0,0.0015,1.0,26480000000000.0,235400000000.0,1.0,1.118,0.04627539,0.568184353,2.4166956373960566,2.4166956373960566,2.219869497180609,0.04627539,0.08866563573463673,-0.076414392214835,2326.1672273953445,0.000826186152603577,2330.0,0.0008275470156807729,0.0003,0.008889728096676737,1984481.0,,0.008384429648237246,0.0,,0.0,0.0,0.0,,0.433488940491661,,,,,,,,OK,REVISAR,4.95463609695435e-07,0.0,9.313225746154785e-10,90.7623490027012,0.0,5.26548715386652e-09,1.13686837721616e-13,2.04890966415405e-07,1.76747505520325e-13,3.78720823062001,37.1814000726769,70.6908250157565,13.5485544308095,2.27373675443232e-13,0.0,4.95463609695435e-07,0.0,0.0,0.0,0.0,0.0,0.0,0.0,0.0,0.0,0.0,-2813222.38689064,90.7623490027012,0.0,4.87640500068665e-05,0.0,0.0,0.0,2635.0,0.0,360.0,0.0,0.0,0.0,0.0,-2813222.38689064,-2813222.38689064,2326.167227396276,0.0008261861526039078,empeora,176.98614200623706,DIFIERE,2350000.0,1111,/clusteruy/home/mathiasr/generator-aware-row-scaling/results-revision/r5-ablation/sgtm-gurobi-01pct/resultados/instance079_estructurado.csv,/clusteruy/home/mathiasr/generator-aware-row-scaling/results-revision/r5-ablation/sgtm-gurobi-01pct/resultados/instance079_estructurado_postprocesado.csv,/clusteruy/home/mathiasr/generator-aware-row-scaling/results-revision/r5-ablation/sgtm-gurobi-01pct/logs/instance079_estructurado.log
instance079.txt,estructurado_solo_local,OK,0,0.526893637,0.099013937031164,-2813222.386890641,-2813220.0,OPTIMAL,-2816007.8691333435,1.0,7402.0,0.08,10080.0,6120.0,22679.0,8977.0,5736.0,21557.0,10.942460317460318,6.2745098039215685,4.9473080823669475,1,Model contains large bounds,1e-05,90000.0,0.001,100.0,10.0,3000000.0,1.0,4000000000.0,0.0003,1.0,0.0015,1.0,26480000000000.0,235400000000.0,1.0,1.118,0.046468986,0.5733626230000001,2.3938325032382197,2.3938325032382197,2.1998209569374034,0.046468986,0.08819424403107756,-0.076414392214835,2326.1672273953445,0.000826186152603577,2330.0,0.0008275470156807729,0.0003,0.008889728096676737,1984481.0,,0.008384429648237246,0.0,,0.0,0.0,0.0,,0.433621611245308,,,,,,,,OK,REVISAR,4.95463609695435e-07,0.0,9.313225746154785e-10,90.7623490027012,0.0,5.26548715386652e-09,1.13686837721616e-13,2.04890966415405e-07,1.76747505520325e-13,3.78720823062001,37.1814000726769,70.6908250157565,13.5485544308095,2.27373675443232e-13,0.0,4.95463609695435e-07,0.0,0.0,0.0,0.0,0.0,0.0,0.0,0.0,0.0,0.0,-2813222.38689064,90.7623490027012,0.0,4.87640500068665e-05,0.0,0.0,0.0,2635.0,0.0,360.0,0.0,0.0,0.0,0.0,-2813222.38689064,-2813222.38689064,2326.167227396276,0.0008261861526039078,empeora,176.98614200623706,DIFIERE,2350000.0,1111,/clusteruy/home/mathiasr/generator-aware-row-scaling/results-revision/r5-ablation/sgtm-gurobi-01pct/resultados/instance079_estructurado_solo_local.csv,/clusteruy/home/mathiasr/generator-aware-row-scaling/results-revision/r5-ablation/sgtm-gurobi-01pct/resultados/instance079_estructurado_solo_local_postprocesado.csv,/clusteruy/home/mathiasr/generator-aware-row-scaling/results-revision/r5-ablation/sgtm-gurobi-01pct/logs/instance079_estructurado_solo_local.log
instance079.txt,estructurado_solo_acoplamiento,OK,0,1.593838607,0.022599544816329,-2815548.5541180363,-2815550.0,OPTIMAL,-2816184.8552753497,244.0,13002.0,0.07,10080.0,6120.0,22679.0,8977.0,5736.0,21557.0,10.942460317460318,6.2745098039215685,4.9473080823669475,3,Model contains large bounds | Model contains large matrix coefficient range | Model contains large rhs,0.0003,9000000000.0,0.001,100.0,40.0,8000000000.0,1.0,4000000000.0,1.0,1.0,1.0,1.0,26480000000000.0,26480000000000.0,1.0,1.0,0.039943177,1.633781784,0.7913568591327265,0.7913568591327265,0.7720095341692217,0.039943177,0.025060992263942573,0.0,0.0,0.0,0.0,0.0,1.0,1.0,236686463.0,,0.999999998847864,1.0,,0.0,1.0,1.0,0.972295,0.185932898230104,,,,,,,,OK,REVISAR,2.36555933952332e-07,2.22044604925031e-16,3.725290298461914e-09,90.628161005405,2.22044604925031e-16,3.45605942213433e-09,7.28306304154103e-14,1.38618052005765e-07,1.78523862359725e-13,3.77884625843446,37.0244113276224,70.5737487006975,13.4888535808081,1.13686837721616e-13,0.0,2.36555933952332e-07,0.0,0.0,2.22044604925031e-16,0.0,0.0,0.0,0.0,0.0,0.0,0.0,-2815548.55411804,90.628161005405,0.0,4.86895442008972e-05,0.0,0.0,2.22044604925031e-16,2633.0,0.0,360.0,0.0,0.0,0.0,0.0,-2815548.55411804,-2815548.55411804,-3.725290298461914e-09,1.3231134987934357e-15,igual,0.0,OK,0.0,0,/clusteruy/home/mathiasr/generator-aware-row-scaling/results-revision/r5-ablation/sgtm-gurobi-01pct/resultados/instance079_estructurado_solo_acoplamiento.csv,/clusteruy/home/mathiasr/generator-aware-row-scaling/results-revision/r5-ablation/sgtm-gurobi-01pct/resultados/instance079_estructurado_solo_acoplamiento_postprocesado.csv,/clusteruy/home/mathiasr/generator-aware-row-scaling/results-revision/r5-ablation/sgtm-gurobi-01pct/logs/instance079_estructurado_solo_acoplamiento.log
instance079.txt,estructurado_matricial,OK,0,0.506655601,0.099016293560066,-2813222.386890643,-2813220.0,OPTIMAL,-2816007.935427744,1.0,7078.0,0.08,10080.0,6120.0,22679.0,8977.0,5736.0,21557.0,10.942460317460318,6.2745098039215685,4.9473080823669475,1,Model contains large bounds,1e-05,90000.0,0.001,100.0,90.0,20000000.0,1.0,4000000000.0,0.0003,1.0,0.0011111111111111111,1.0,26480000000000.0,1767000000000.0,1.0,1.001,0.048656582,0.555312183,2.489452621288598,2.489452621288598,2.2713262064340483,0.048656582,0.09603482504479409,-0.076416748743737,2326.167227393482,0.0008261861526029155,2330.0,0.0008275470156807729,0.0003,0.06672960725075529,14303358.0,,0.06043166897770823,0.0,,0.0,0.0,0.0,,0.425627858719575,,,,,,,,OK,REVISAR,5.88595867156982e-07,0.0,2.7939677238464355e-09,90.7623490027013,0.0,5.46653441970585e-09,1.12421183473542e-13,2.05282121896742e-07,1.88293824976427e-13,3.78723331543716,37.1814000726769,70.6908250157565,13.5485544308094,2.27373675443232e-13,0.0,5.88595867156982e-07,0.0,0.0,0.0,0.0,0.0,0.0,0.0,0.0,0.0,0.0,-2813222.38689064,90.7623490027013,0.0,4.87081706523895e-05,0.0,0.0,0.0,2635.0,0.0,360.0,0.0,0.0,0.0,0.0,-2813222.38689064,-2813222.38689064,2326.167227396276,0.0008261861526039078,empeora,176.91984760574996,DIFIERE,2350000.0,1111,/clusteruy/home/mathiasr/generator-aware-row-scaling/results-revision/r5-ablation/sgtm-gurobi-01pct/resultados/instance079_estructurado_matricial.csv,/clusteruy/home/mathiasr/generator-aware-row-scaling/results-revision/r5-ablation/sgtm-gurobi-01pct/resultados/instance079_estructurado_matricial_postprocesado.csv,/clusteruy/home/mathiasr/generator-aware-row-scaling/results-revision/r5-ablation/sgtm-gurobi-01pct/logs/instance079_estructurado_matricial.log
instance079.txt,matricial_solo_local,OK,0,0.500369678,0.099016293560066,-2813222.386890643,-2813220.0,OPTIMAL,-2816007.935427744,1.0,7078.0,0.08,10080.0,6120.0,22679.0,8977.0,5736.0,21557.0,10.942460317460318,6.2745098039215685,4.9473080823669475,1,Model contains large bounds,1e-05,90000.0,0.001,100.0,90.0,20000000.0,1.0,4000000000.0,0.0003,1.0,0.0011111111111111111,1.0,26480000000000.0,1767000000000.0,1.0,1.001,0.046996947,0.547366625,2.520726513727716,2.520726513727716,2.3042967115505077,0.046996947,0.09392445039405445,-0.076416748743737,2326.167227393482,0.0008261861526029155,2330.0,0.0008275470156807729,0.0003,0.06672960725075529,14303358.0,,0.06043166897770823,0.0,,0.0,0.0,0.0,,0.42634764517079,,,,,,,,OK,REVISAR,5.88595867156982e-07,0.0,2.7939677238464355e-09,90.7623490027013,0.0,5.46653441970585e-09,1.12421183473542e-13,2.05282121896742e-07,1.88293824976427e-13,3.78723331543716,37.1814000726769,70.6908250157565,13.5485544308094,2.27373675443232e-13,0.0,5.88595867156982e-07,0.0,0.0,0.0,0.0,0.0,0.0,0.0,0.0,0.0,0.0,-2813222.38689064,90.7623490027013,0.0,4.87081706523895e-05,0.0,0.0,0.0,2635.0,0.0,360.0,0.0,0.0,0.0,0.0,-2813222.38689064,-2813222.38689064,2326.167227396276,0.0008261861526039078,empeora,176.91984760574996,DIFIERE,2350000.0,1111,/clusteruy/home/mathiasr/generator-aware-row-scaling/results-revision/r5-ablation/sgtm-gurobi-01pct/resultados/instance079_matricial_solo_local.csv,/clusteruy/home/mathiasr/generator-aware-row-scaling/results-revision/r5-ablation/sgtm-gurobi-01pct/resultados/instance079_matricial_solo_local_postprocesado.csv,/clusteruy/home/mathiasr/generator-aware-row-scaling/results-revision/r5-ablation/sgtm-gurobi-01pct/logs/instance079_matricial_solo_local.log
instance079.txt,matricial_solo_acoplamiento,OK,0,1.372944453,0.022599544816329,-2815548.5541180363,-2815550.0,OPTIMAL,-2816184.8552753497,244.0,13002.0,0.07,10080.0,6120.0,22679.0,8977.0,5736.0,21557.0,10.942460317460318,6.2745098039215685,4.9473080823669475,3,Model contains large bounds | Model contains large matrix coefficient range | Model contains large rhs,0.0003,9000000000.0,0.001,100.0,40.0,8000000000.0,1.0,4000000000.0,1.0,1.0,1.0,1.0,26480000000000.0,26480000000000.0,1.0,1.0,0.040968259,1.413912712,0.9186789103113118,0.9186789103113118,0.8920600991102766,0.040968259,0.029839706122473407,0.0,0.0,0.0,0.0,0.0,1.0,1.0,236686463.0,,0.999999998847864,1.0,,0.0,1.0,1.0,0.972295,0.212606404048785,,,,,,,,OK,REVISAR,2.36555933952332e-07,2.22044604925031e-16,3.725290298461914e-09,90.628161005405,2.22044604925031e-16,3.45605942213433e-09,7.28306304154103e-14,1.38618052005765e-07,1.78523862359725e-13,3.77884625843446,37.0244113276224,70.5737487006975,13.4888535808081,1.13686837721616e-13,0.0,2.36555933952332e-07,0.0,0.0,2.22044604925031e-16,0.0,0.0,0.0,0.0,0.0,0.0,0.0,-2815548.55411804,90.628161005405,0.0,4.86895442008972e-05,0.0,0.0,2.22044604925031e-16,2633.0,0.0,360.0,0.0,0.0,0.0,0.0,-2815548.55411804,-2815548.55411804,-3.725290298461914e-09,1.3231134987934357e-15,igual,0.0,OK,0.0,0,/clusteruy/home/mathiasr/generator-aware-row-scaling/results-revision/r5-ablation/sgtm-gurobi-01pct/resultados/instance079_matricial_solo_acoplamiento.csv,/clusteruy/home/mathiasr/generator-aware-row-scaling/results-revision/r5-ablation/sgtm-gurobi-01pct/resultados/instance079_matricial_solo_acoplamiento_postprocesado.csv,/clusteruy/home/mathiasr/generator-aware-row-scaling/results-revision/r5-ablation/sgtm-gurobi-01pct/logs/instance079_matricial_solo_acoplamiento.log
instance080.txt,base,OK,0,14.917928789,0.081763881375434,-3972437.840376574,-3972440.0,OPTIMAL,-3975685.8597400924,4866.0,110241.0,0.11,10080.0,6120.0,22679.0,8971.0,5694.0,21638.0,11.001984126984127,6.96078431372549,4.590149477490189,3,Model contains large bounds | Model contains large matrix coefficient range | Model contains large rhs,0.0005,8000000000.0,0.001,100.0,40.0,7000000000.0,1.0,4000000000.0,,,,,,,,,0.0,14.917928789,1.0,1.0,1.0,0.0,0.0,0.0,,,0.0,,,,118019618.35113,,,14.270548,,0.068177,1.531064,14.270548,1.0,0.052247860154847,,,,,,,,BASE,BASE,,,,,,3.04029168892963e-09,1.00408570347099e-13,1.11758708953857e-07,3.41060513164848e-13,2.16633211012502,10.9060304195107,59.8657187880529,13.1481850831128,1.13686837721616e-13,0.0,2.38418579101562e-07,0.0,0.0,0.0,0.0,0.0,0.0,0.0,0.0,0.0,0.0,-3972437.84037657,86.8874821144832,0.0,4.68865036964417e-05,0.0,0.0,0.0,2207.0,0.0,358.0,0.0,0.0,0.0,0.0,-3972437.84037657,,,,,,BASE,0.0,0,/clusteruy/home/mathiasr/generator-aware-row-scaling/results-revision/r5-ablation/sgtm-gurobi-01pct/resultados/instance080_base.csv,/clusteruy/home/mathiasr/generator-aware-row-scaling/results-revision/r5-ablation/sgtm-gurobi-01pct/resultados/instance080_base_postprocesado.csv,/clusteruy/home/mathiasr/generator-aware-row-scaling/results-revision/r5-ablation/sgtm-gurobi-01pct/logs/instance080_base.log
instance080.txt,estructurado,OK,0,5.688067447,0.099191405575576,-3975045.7266019895,-3975050.0,OPTIMAL,-3978988.630330478,1863.0,20489.0,0.12,10080.0,6120.0,22679.0,8971.0,5694.0,21638.0,11.001984126984127,6.96078431372549,4.590149477490189,1,Model contains large bounds,1e-05,90000.0,0.001,100.0,10.0,2000000.0,1.0,4000000000.0,0.0005625,1.0,0.001142857142857143,1.0,16880000000000.0,221400000000.0,1.0,1.118,0.046552147,5.734619594,2.622670868093875,2.622670868093875,2.6013807096478176,0.046552147,0.008184176336473038,-0.017427524200142,-2607.8862254153937,-0.0006564951624688418,-2610.0,-0.0006570269154474328,0.0005625,0.01311611374407583,1567798.0,,0.013284215132229233,2.0,,0.0,4.0,2.0,7.135274,0.07911400205604,,,,,,,,OK,REVISAR,5.92321157455444e-07,0.0,4.656612873077393e-10,86.7879719142411,0.0,4.69985859519316e-09,1.13686837721616e-13,1.71363353729248e-07,8.12150346973795e-12,2.16118738491661,10.8698429645521,59.7945865859817,13.1331267743829,1.70530256582424e-13,0.0,5.92321157455444e-07,0.0,0.0,0.0,0.0,0.0,0.0,0.0,0.0,0.0,0.0,-3975045.72660199,86.7879719142411,0.0,4.63537871837616e-05,0.0,0.0,0.0,2200.0,0.0,358.0,0.0,0.0,0.0,0.0,-3975045.72660199,-3975045.72660199,-2607.8862254158594,0.000656495162468959,mejora,-3302.770590385422,DIFIERE,2150000.0,1128,/clusteruy/home/mathiasr/generator-aware-row-scaling/results-revision/r5-ablation/sgtm-gurobi-01pct/resultados/instance080_estructurado.csv,/clusteruy/home/mathiasr/generator-aware-row-scaling/results-revision/r5-ablation/sgtm-gurobi-01pct/resultados/instance080_estructurado_postprocesado.csv,/clusteruy/home/mathiasr/generator-aware-row-scaling/results-revision/r5-ablation/sgtm-gurobi-01pct/logs/instance080_estructurado.log
instance080.txt,estructurado_solo_local,OK,0,4.962161398,0.099191405575576,-3975045.7266019895,-3975050.0,OPTIMAL,-3978988.630330478,1863.0,20489.0,0.12,10080.0,6120.0,22679.0,8971.0,5694.0,21638.0,11.001984126984127,6.96078431372549,4.590149477490189,1,Model contains large bounds,1e-05,90000.0,0.001,100.0,10.0,2000000.0,1.0,4000000000.0,0.0005625,1.0,0.001142857142857143,1.0,16880000000000.0,221400000000.0,1.0,1.118,0.046516865,5.008678263,3.0063368746959083,3.0063368746959083,2.978416261871201,0.046516865,0.009374315196347427,-0.017427524200142,-2607.8862254153937,-0.0006564951624688418,-2610.0,-0.0006570269154474328,0.0005625,0.01311611374407583,1567798.0,,0.013284215132229233,2.0,,0.0,4.0,2.0,7.135274,0.089405166161556,,,,,,,,OK,REVISAR,5.92321157455444e-07,0.0,4.656612873077393e-10,86.7879719142411,0.0,4.69985859519316e-09,1.13686837721616e-13,1.71363353729248e-07,8.12150346973795e-12,2.16118738491661,10.8698429645521,59.7945865859817,13.1331267743829,1.70530256582424e-13,0.0,5.92321157455444e-07,0.0,0.0,0.0,0.0,0.0,0.0,0.0,0.0,0.0,0.0,-3975045.72660199,86.7879719142411,0.0,4.63537871837616e-05,0.0,0.0,0.0,2200.0,0.0,358.0,0.0,0.0,0.0,0.0,-3975045.72660199,-3975045.72660199,-2607.8862254158594,0.000656495162468959,mejora,-3302.770590385422,DIFIERE,2150000.0,1128,/clusteruy/home/mathiasr/generator-aware-row-scaling/results-revision/r5-ablation/sgtm-gurobi-01pct/resultados/instance080_estructurado_solo_local.csv,/clusteruy/home/mathiasr/generator-aware-row-scaling/results-revision/r5-ablation/sgtm-gurobi-01pct/resultados/instance080_estructurado_solo_local_postprocesado.csv,/clusteruy/home/mathiasr/generator-aware-row-scaling/results-revision/r5-ablation/sgtm-gurobi-01pct/logs/instance080_estructurado_solo_local.log
instance080.txt,estructurado_solo_acoplamiento,OK,0,16.198410654,0.081763881375434,-3972437.840376574,-3972440.0,OPTIMAL,-3975685.8597400924,4866.0,110241.0,0.11,10080.0,6120.0,22679.0,8971.0,5694.0,21638.0,11.001984126984127,6.96078431372549,4.590149477490189,3,Model contains large bounds | Model contains large matrix coefficient range | Model contains large rhs,0.0005,8000000000.0,0.001,100.0,40.0,7000000000.0,1.0,4000000000.0,1.0,1.0,1.0,1.0,16880000000000.0,16880000000000.0,1.0,1.0,0.041591739,16.240002393,0.9209501541631925,0.9209501541631925,0.9185915388430077,0.041591739,0.0025676432020649773,0.0,0.0,0.0,0.0,0.0,1.0,1.0,118019618.0,,0.9999999970248167,14.0,,0.0,2.0,14.0,1.019324857142857,0.050541091261936,,,,,,,,OK,REVISAR,2.38418579101562e-07,0.0,4.190951585769653e-09,86.8874821144832,0.0,3.04029168892963e-09,1.00408570347099e-13,1.11758708953857e-07,3.41060513164848e-13,2.16633211012502,10.9060304195107,59.8657187880529,13.1481850831128,1.13686837721616e-13,0.0,2.38418579101562e-07,0.0,0.0,0.0,0.0,0.0,0.0,0.0,0.0,0.0,0.0,-3972437.84037657,86.8874821144832,0.0,4.68865036964417e-05,0.0,0.0,0.0,2207.0,0.0,358.0,0.0,0.0,0.0,0.0,-3972437.84037657,-3972437.84037657,4.190951585769653e-09,1.0550074674981862e-15,igual,0.0,OK,0.0,0,/clusteruy/home/mathiasr/generator-aware-row-scaling/results-revision/r5-ablation/sgtm-gurobi-01pct/resultados/instance080_estructurado_solo_acoplamiento.csv,/clusteruy/home/mathiasr/generator-aware-row-scaling/results-revision/r5-ablation/sgtm-gurobi-01pct/resultados/instance080_estructurado_solo_acoplamiento_postprocesado.csv,/clusteruy/home/mathiasr/generator-aware-row-scaling/results-revision/r5-ablation/sgtm-gurobi-01pct/logs/instance080_estructurado_solo_acoplamiento.log
instance080.txt,estructurado_matricial,OK,0,2.82426737,0.080475249320555,-3974365.7010734994,-3974370.0,OPTIMAL,-3977564.081780349,1060.0,17136.0,0.11,10080.0,6120.0,22679.0,8971.0,5694.0,21638.0,11.001984126984127,6.96078431372549,4.590149477490189,1,Model contains large bounds,1e-05,90000.0,0.001,100.0,90.0,30000000.0,1.0,4000000000.0,0.0005625,1.0,0.0019047619047619045,1.0,16880000000000.0,2578000000000.0,1.0,1.0,0.049303105,2.8735704749999997,5.282052594404332,5.282052594404332,5.191426108663648,0.049303105,0.017456953801084352,0.001288632054879002,-1927.860696925316,-0.0004853092167560666,-1930.0,-0.00048584748920059206,0.0005625,0.15272511848341233,174942.0,,0.0014823128768262535,2.0,,0.0,2.0,2.0,7.135274,0.109209480863281,,,,,,,,OK,REVISAR,5.0663948059082e-07,0.0,4.656612873077393e-10,86.7231395110531,0.0,4.71334716697164e-09,1.13686837721616e-13,1.76262110471721e-07,2.78888023785839e-13,2.16404700281815,10.9980352958245,59.7480614468246,13.1233160580892,2.27373675443232e-13,0.0,5.0663948059082e-07,0.0,0.0,0.0,0.0,0.0,0.0,0.0,0.0,0.0,0.0,-3974365.7010735,86.7231395110531,0.0,4.6316534280777e-05,0.0,0.0,0.0,2194.0,0.0,358.0,0.0,0.0,0.0,0.0,-3974365.7010735,-3974365.7010735,-1927.8606969257817,0.00048530921675618387,mejora,-1878.2220402564853,DIFIERE,3310000.0,1173,/clusteruy/home/mathiasr/generator-aware-row-scaling/results-revision/r5-ablation/sgtm-gurobi-01pct/resultados/instance080_estructurado_matricial.csv,/clusteruy/home/mathiasr/generator-aware-row-scaling/results-revision/r5-ablation/sgtm-gurobi-01pct/resultados/instance080_estructurado_matricial_postprocesado.csv,/clusteruy/home/mathiasr/generator-aware-row-scaling/results-revision/r5-ablation/sgtm-gurobi-01pct/logs/instance080_estructurado_matricial.log
instance080.txt,matricial_solo_local,OK,0,2.828548014,0.080475249320555,-3974365.7010734994,-3974370.0,OPTIMAL,-3977564.081780349,1060.0,17136.0,0.11,10080.0,6120.0,22679.0,8971.0,5694.0,21638.0,11.001984126984127,6.96078431372549,4.590149477490189,1,Model contains large bounds,1e-05,90000.0,0.001,100.0,90.0,30000000.0,1.0,4000000000.0,0.0005625,1.0,0.0019047619047619045,1.0,16880000000000.0,2578000000000.0,1.0,1.0,0.047926895,2.8764749089999997,5.274058886454526,5.274058886454526,5.18618422233559,0.047926895,0.016943992027988956,0.001288632054879002,-1927.860696925316,-0.0004853092167560666,-1930.0,-0.00048584748920059206,0.0005625,0.15272511848341233,174942.0,,0.0014823128768262535,2.0,,0.0,2.0,2.0,7.135274,0.108856136686881,,,,,,,,OK,REVISAR,5.0663948059082e-07,0.0,4.656612873077393e-10,86.7231395110531,0.0,4.71334716697164e-09,1.13686837721616e-13,1.76262110471721e-07,2.78888023785839e-13,2.16404700281815,10.9980352958245,59.7480614468246,13.1233160580892,2.27373675443232e-13,0.0,5.0663948059082e-07,0.0,0.0,0.0,0.0,0.0,0.0,0.0,0.0,0.0,0.0,-3974365.7010735,86.7231395110531,0.0,4.6316534280777e-05,0.0,0.0,0.0,2194.0,0.0,358.0,0.0,0.0,0.0,0.0,-3974365.7010735,-3974365.7010735,-1927.8606969257817,0.00048530921675618387,mejora,-1878.2220402564853,DIFIERE,3310000.0,1173,/clusteruy/home/mathiasr/generator-aware-row-scaling/results-revision/r5-ablation/sgtm-gurobi-01pct/resultados/instance080_matricial_solo_local.csv,/clusteruy/home/mathiasr/generator-aware-row-scaling/results-revision/r5-ablation/sgtm-gurobi-01pct/resultados/instance080_matricial_solo_local_postprocesado.csv,/clusteruy/home/mathiasr/generator-aware-row-scaling/results-revision/r5-ablation/sgtm-gurobi-01pct/logs/instance080_matricial_solo_local.log
instance080.txt,matricial_solo_acoplamiento,OK,0,16.165604433,0.081763881375434,-3972437.840376574,-3972440.0,OPTIMAL,-3975685.8597400924,4866.0,110241.0,0.11,10080.0,6120.0,22679.0,8971.0,5694.0,21638.0,11.001984126984127,6.96078431372549,4.590149477490189,3,Model contains large bounds | Model contains large matrix coefficient range | Model contains large rhs,0.0005,8000000000.0,0.001,100.0,40.0,7000000000.0,1.0,4000000000.0,1.0,1.0,1.0,1.0,16880000000000.0,16880000000000.0,1.0,1.0,0.041814775,16.207419207999997,0.9228191157855483,0.9228191157855483,0.9204382633378481,0.041814775,0.0025866508841847274,0.0,0.0,0.0,0.0,0.0,1.0,1.0,118019618.0,,0.9999999970248167,14.0,,0.0,2.0,14.0,1.019324857142857,0.050622400653194,,,,,,,,OK,REVISAR,2.38418579101562e-07,0.0,4.190951585769653e-09,86.8874821144832,0.0,3.04029168892963e-09,1.00408570347099e-13,1.11758708953857e-07,3.41060513164848e-13,2.16633211012502,10.9060304195107,59.8657187880529,13.1481850831128,1.13686837721616e-13,0.0,2.38418579101562e-07,0.0,0.0,0.0,0.0,0.0,0.0,0.0,0.0,0.0,0.0,-3972437.84037657,86.8874821144832,0.0,4.68865036964417e-05,0.0,0.0,0.0,2207.0,0.0,358.0,0.0,0.0,0.0,0.0,-3972437.84037657,-3972437.84037657,4.190951585769653e-09,1.0550074674981862e-15,igual,0.0,OK,0.0,0,/clusteruy/home/mathiasr/generator-aware-row-scaling/results-revision/r5-ablation/sgtm-gurobi-01pct/resultados/instance080_matricial_solo_acoplamiento.csv,/clusteruy/home/mathiasr/generator-aware-row-scaling/results-revision/r5-ablation/sgtm-gurobi-01pct/resultados/instance080_matricial_solo_acoplamiento_postprocesado.csv,/clusteruy/home/mathiasr/generator-aware-row-scaling/results-revision/r5-ablation/sgtm-gurobi-01pct/logs/instance080_matricial_solo_acoplamiento.log
instance081.txt,base,OK,0,3.54884183,0.05332821887906,-2048223.7152602556,-2048220.0,OPTIMAL,-2049315.9964862624,3143.0,89744.0,0.1,10080.0,6120.0,22679.0,8679.0,5716.0,20867.0,13.898809523809524,6.601307189542483,7.989770272057851,3,Model contains large bounds | Model contains large matrix coefficient range | Model contains large rhs,0.0007,10000000000.0,0.0006,100.0,40.0,9000000000.0,1.0,4000000000.0,,,,,,,,,0.0,3.54884183,1.0,1.0,1.0,0.0,0.0,0.0,,,0.0,,,,2160026.567124,,,3.530003,,0.116442,1.357574,3.530003,1.0,0.221869873039056,,,,,,,,BASE,BASE,,,,,,4.14149487971112e-09,5.6843418860808e-14,1.65775418281555e-07,9.93591715570119e-08,0.59191551342287,2.8621023002973,15.3593478989581,3.99166435948547,5.6843418860808e-14,0.0,2.38418579101562e-07,0.0,0.0,0.0,0.0,0.0,0.0,0.0,0.0,0.0,0.0,-2048223.71526026,21.2467106774304,0.0,9.46596264839172e-06,0.0,0.0,0.0,1913.0,0.0,360.0,0.0,0.0,0.0,0.0,-2048223.71526026,,,,,,BASE,0.0,0,/clusteruy/home/mathiasr/generator-aware-row-scaling/results-revision/r5-ablation/sgtm-gurobi-01pct/resultados/instance081_base.csv,/clusteruy/home/mathiasr/generator-aware-row-scaling/results-revision/r5-ablation/sgtm-gurobi-01pct/resultados/instance081_base_postprocesado.csv,/clusteruy/home/mathiasr/generator-aware-row-scaling/results-revision/r5-ablation/sgtm-gurobi-01pct/logs/instance081_base.log
instance081.txt,estructurado,OK,0,3.281763705,0.090794286492379,-2048223.7152602505,-2048220.0,OPTIMAL,-2050083.3853682887,3204.0,21798.0,0.1,10080.0,6120.0,22679.0,8679.0,5716.0,20867.0,13.898809523809524,6.601307189542483,7.989770272057851,1,Model contains large bounds,9e-06,100000.0,0.0006,100.0,10.0,2000000.0,1.0,4000000000.0,0.0007777777777777777,1.0,0.0008888888888888889,1.0,16770000000000.0,233500000000.0,1.0,1.118,0.047369316,3.329133021,1.0813824970375192,1.0813824970375192,1.0659958035963382,0.047369316,0.014434103201223625,-0.037466067613319,5.122274160385132e-09,2.500837248500599e-15,0.0,0.0,0.0007777777777777777,0.013923673225998807,32128.0,,0.01487389113124535,3.0,,0.0,1.0,3.0,1.1766676666666667,0.152633861137124,,,,,,,,OK,REVISAR,5.66244125366211e-07,0.0,4.656612873077393e-10,21.2467106774305,0.0,6.16779817144741e-09,7.50510764646606e-14,2.25380063056946e-07,2.08721928629529e-13,0.591915514230571,2.8621023002973,15.3593478989581,3.9916643594855,1.13686837721616e-13,0.0,5.66244125366211e-07,0.0,0.0,0.0,0.0,0.0,0.0,0.0,0.0,0.0,0.0,-2048223.71526025,21.2467106774305,0.0,9.90554690361023e-06,0.0,0.0,0.0,1913.0,0.0,360.0,0.0,0.0,0.0,0.0,-2048223.71526025,-2048223.71526025,5.587935447692871e-09,2.7281860892733808e-15,igual,-767.3888820263091,OK,0.0,0,/clusteruy/home/mathiasr/generator-aware-row-scaling/results-revision/r5-ablation/sgtm-gurobi-01pct/resultados/instance081_estructurado.csv,/clusteruy/home/mathiasr/generator-aware-row-scaling/results-revision/r5-ablation/sgtm-gurobi-01pct/resultados/instance081_estructurado_postprocesado.csv,/clusteruy/home/mathiasr/generator-aware-row-scaling/results-revision/r5-ablation/sgtm-gurobi-01pct/logs/instance081_estructurado.log
instance081.txt,estructurado_solo_local,OK,0,5.081968642,0.090794286492379,-2048223.7152602505,-2048220.0,OPTIMAL,-2050083.3853682887,3204.0,21798.0,0.1,10080.0,6120.0,22679.0,8679.0,5716.0,20867.0,13.898809523809524,6.601307189542483,7.989770272057851,1,Model contains large bounds,9e-06,100000.0,0.0006,100.0,10.0,2000000.0,1.0,4000000000.0,0.0007777777777777777,1.0,0.0008888888888888889,1.0,16770000000000.0,233500000000.0,1.0,1.118,0.046456407,5.128425049,0.6983202927838925,0.6983202927838925,0.691994480974621,0.046456407,0.00914141945230838,-0.037466067613319,5.122274160385132e-09,2.500837248500599e-15,0.0,0.0,0.0007777777777777777,0.013923673225998807,32128.0,,0.01487389113124535,3.0,,0.0,1.0,3.0,1.1766676666666667,0.10829249087438,,,,,,,,OK,REVISAR,5.66244125366211e-07,0.0,4.656612873077393e-10,21.2467106774305,0.0,6.16779817144741e-09,7.50510764646606e-14,2.25380063056946e-07,2.08721928629529e-13,0.591915514230571,2.8621023002973,15.3593478989581,3.9916643594855,1.13686837721616e-13,0.0,5.66244125366211e-07,0.0,0.0,0.0,0.0,0.0,0.0,0.0,0.0,0.0,0.0,-2048223.71526025,21.2467106774305,0.0,9.90554690361023e-06,0.0,0.0,0.0,1913.0,0.0,360.0,0.0,0.0,0.0,0.0,-2048223.71526025,-2048223.71526025,5.587935447692871e-09,2.7281860892733808e-15,igual,-767.3888820263091,OK,0.0,0,/clusteruy/home/mathiasr/generator-aware-row-scaling/results-revision/r5-ablation/sgtm-gurobi-01pct/resultados/instance081_estructurado_solo_local.csv,/clusteruy/home/mathiasr/generator-aware-row-scaling/results-revision/r5-ablation/sgtm-gurobi-01pct/resultados/instance081_estructurado_solo_local_postprocesado.csv,/clusteruy/home/mathiasr/generator-aware-row-scaling/results-revision/r5-ablation/sgtm-gurobi-01pct/logs/instance081_estructurado_solo_local.log
instance081.txt,estructurado_solo_acoplamiento,OK,0,4.780575931,0.05332821887906,-2048223.7152602556,-2048220.0,OPTIMAL,-2049315.9964862624,3143.0,89744.0,0.1,10080.0,6120.0,22679.0,8679.0,5716.0,20867.0,13.898809523809524,6.601307189542483,7.989770272057851,3,Model contains large bounds | Model contains large matrix coefficient range | Model contains large rhs,0.0007,10000000000.0,0.0006,100.0,40.0,9000000000.0,1.0,4000000000.0,1.0,1.0,1.0,1.0,16770000000000.0,16770000000000.0,1.0,1.0,0.040114685,4.820690615999999,0.7423460857482196,0.7423460857482196,0.7361687593518863,0.040114685,0.008391182480728596,0.0,0.0,0.0,0.0,0.0,1.0,1.0,2160027.0,,1.0000002004030908,4.0,,0.0,1.0,4.0,0.88250075,0.189282634635653,,,,,,,,OK,REVISAR,2.38418579101562e-07,0.0,4.423782229423523e-09,21.2467106774304,0.0,4.14149487971112e-09,5.6843418860808e-14,1.65775418281555e-07,9.93591715570119e-08,0.59191551342287,2.8621023002973,15.3593478989581,3.99166435948547,5.6843418860808e-14,0.0,2.38418579101562e-07,0.0,0.0,0.0,0.0,0.0,0.0,0.0,0.0,0.0,0.0,-2048223.71526026,21.2467106774304,0.0,9.46596264839172e-06,0.0,0.0,0.0,1913.0,0.0,360.0,0.0,0.0,0.0,0.0,-2048223.71526026,-2048223.71526026,-4.423782229423523e-09,2.1598139873414263e-15,igual,0.0,OK,0.0,0,/clusteruy/home/mathiasr/generator-aware-row-scaling/results-revision/r5-ablation/sgtm-gurobi-01pct/resultados/instance081_estructurado_solo_acoplamiento.csv,/clusteruy/home/mathiasr/generator-aware-row-scaling/results-revision/r5-ablation/sgtm-gurobi-01pct/resultados/instance081_estructurado_solo_acoplamiento_postprocesado.csv,/clusteruy/home/mathiasr/generator-aware-row-scaling/results-revision/r5-ablation/sgtm-gurobi-01pct/logs/instance081_estructurado_solo_acoplamiento.log
instance081.txt,estructurado_matricial,OK,0,2.489250812,0.042869586260148,-2048195.7215404366,-2048200.0,OPTIMAL,-2049073.774572059,1531.0,15241.0,0.1,10080.0,6120.0,22679.0,8679.0,5716.0,20867.0,13.898809523809524,6.601307189542483,7.989770272057851,1,Model contains large bounds,9e-06,100000.0,0.0006,100.0,90.0,40000000.0,1.0,4000000000.0,0.0007777777777777777,1.0,0.0019753086419753087,1.0,16770000000000.0,4522000000000.0,1.0,1.0,0.047728282,2.536979094,1.425666635476024,1.425666635476024,1.3988455160679383,0.047728282,0.01917375371333212,0.010458632618912,27.993719819001853,1.3667315542943442e-05,20.0,9.76457607092988e-06,0.0007777777777777777,0.26964818127608825,189436.0,,0.08770077316790943,2.0,,0.0,1.0,2.0,1.7650015,0.178104580809763,,,,,,,,OK,REVISAR,6.70552253723145e-07,0.0,3.4924596548080444e-09,21.2449274872769,0.0,6.54476147470062e-09,7.7715611723761e-14,2.48905271291728e-07,2.95319324550292e-13,0.5921454952445,2.86208578260981,15.359347898958,3.9916643594855,2.27373675443232e-13,0.0,6.70552253723145e-07,0.0,0.0,0.0,0.0,0.0,0.0,0.0,0.0,0.0,0.0,-2048195.72154044,21.2449274872769,0.0,9.73418354988098e-06,0.0,0.0,0.0,1912.0,0.0,360.0,0.0,0.0,0.0,0.0,-2048195.72154044,-2048195.72154044,27.993719815509394,1.3667315541238325e-05,empeora,242.22191420337185,DIFIERE,50000.0,265,/clusteruy/home/mathiasr/generator-aware-row-scaling/results-revision/r5-ablation/sgtm-gurobi-01pct/resultados/instance081_estructurado_matricial.csv,/clusteruy/home/mathiasr/generator-aware-row-scaling/results-revision/r5-ablation/sgtm-gurobi-01pct/resultados/instance081_estructurado_matricial_postprocesado.csv,/clusteruy/home/mathiasr/generator-aware-row-scaling/results-revision/r5-ablation/sgtm-gurobi-01pct/logs/instance081_estructurado_matricial.log
instance081.txt,matricial_solo_local,OK,0,3.532009502,0.042869586260148,-2048195.7215404366,-2048200.0,OPTIMAL,-2049073.774572059,1531.0,15241.0,0.1,10080.0,6120.0,22679.0,8679.0,5716.0,20867.0,13.898809523809524,6.601307189542483,7.989770272057851,1,Model contains large bounds,9e-06,100000.0,0.0006,100.0,90.0,40000000.0,1.0,4000000000.0,0.0007777777777777777,1.0,0.0019753086419753087,1.0,16770000000000.0,4522000000000.0,1.0,1.0,0.047008485,3.5790179870000003,1.0047656519583168,1.0047656519583168,0.9915685930862577,0.047008485,0.013309274783485562,0.010458632618912,27.993719819001853,1.3667315542943442e-05,20.0,9.76457607092988e-06,0.0007777777777777777,0.26964818127608825,189436.0,,0.08770077316790943,2.0,,0.0,1.0,2.0,1.7650015,0.138528642119799,,,,,,,,OK,REVISAR,6.70552253723145e-07,0.0,3.4924596548080444e-09,21.2449274872769,0.0,6.54476147470062e-09,7.7715611723761e-14,2.48905271291728e-07,2.95319324550292e-13,0.5921454952445,2.86208578260981,15.359347898958,3.9916643594855,2.27373675443232e-13,0.0,6.70552253723145e-07,0.0,0.0,0.0,0.0,0.0,0.0,0.0,0.0,0.0,0.0,-2048195.72154044,21.2449274872769,0.0,9.73418354988098e-06,0.0,0.0,0.0,1912.0,0.0,360.0,0.0,0.0,0.0,0.0,-2048195.72154044,-2048195.72154044,27.993719815509394,1.3667315541238325e-05,empeora,242.22191420337185,DIFIERE,50000.0,265,/clusteruy/home/mathiasr/generator-aware-row-scaling/results-revision/r5-ablation/sgtm-gurobi-01pct/resultados/instance081_matricial_solo_local.csv,/clusteruy/home/mathiasr/generator-aware-row-scaling/results-revision/r5-ablation/sgtm-gurobi-01pct/resultados/instance081_matricial_solo_local_postprocesado.csv,/clusteruy/home/mathiasr/generator-aware-row-scaling/results-revision/r5-ablation/sgtm-gurobi-01pct/logs/instance081_matricial_solo_local.log
instance081.txt,matricial_solo_acoplamiento,OK,0,4.29080132,0.05332821887906,-2048223.7152602556,-2048220.0,OPTIMAL,-2049315.9964862624,3143.0,89744.0,0.09,10080.0,6120.0,22679.0,8679.0,5716.0,20867.0,13.898809523809524,6.601307189542483,7.989770272057851,3,Model contains large bounds | Model contains large matrix coefficient range | Model contains large rhs,0.0007,10000000000.0,0.0006,100.0,40.0,9000000000.0,1.0,4000000000.0,1.0,1.0,1.0,1.0,16770000000000.0,16770000000000.0,1.0,1.0,0.041248193,4.332049513,0.8270813690343509,0.8270813690343509,0.8192062023645665,0.041248193,0.009613167780045338,0.0,0.0,0.0,0.0,0.0,1.0,1.0,2160027.0,,1.0000002004030908,4.0,,0.0,1.0,4.0,0.88250075,0.202554953264594,,,,,,,,OK,REVISAR,2.38418579101562e-07,0.0,4.423782229423523e-09,21.2467106774304,0.0,4.14149487971112e-09,5.6843418860808e-14,1.65775418281555e-07,9.93591715570119e-08,0.59191551342287,2.8621023002973,15.3593478989581,3.99166435948547,5.6843418860808e-14,0.0,2.38418579101562e-07,0.0,0.0,0.0,0.0,0.0,0.0,0.0,0.0,0.0,0.0,-2048223.71526026,21.2467106774304,0.0,9.46596264839172e-06,0.0,0.0,0.0,1913.0,0.0,360.0,0.0,0.0,0.0,0.0,-2048223.71526026,-2048223.71526026,-4.423782229423523e-09,2.1598139873414263e-15,igual,0.0,OK,0.0,0,/clusteruy/home/mathiasr/generator-aware-row-scaling/results-revision/r5-ablation/sgtm-gurobi-01pct/resultados/instance081_matricial_solo_acoplamiento.csv,/clusteruy/home/mathiasr/generator-aware-row-scaling/results-revision/r5-ablation/sgtm-gurobi-01pct/resultados/instance081_matricial_solo_acoplamiento_postprocesado.csv,/clusteruy/home/mathiasr/generator-aware-row-scaling/results-revision/r5-ablation/sgtm-gurobi-01pct/logs/instance081_matricial_solo_acoplamiento.log
instance082.txt,base,OK,0,0.446884229,0.057658043248461,-3359643.1184870787,-3359640.0,OPTIMAL,-3361580.22296933,1.0,8272.0,0.1,10080.0,6120.0,22679.0,8930.0,5708.0,21438.0,11.408730158730158,6.73202614379085,5.47202257595132,3,Model contains large bounds | Model contains large matrix coefficient range | Model contains large rhs,0.0006,10000000000.0,0.004,100.0,40.0,10000000000.0,1.0,4000000000.0,,,,,,,,,0.0,0.446884229,1.0,1.0,1.0,0.0,0.0,0.0,,,0.0,,,,1986858.346168,,,0.327292,,1.616997,0.372888,0.327292,1.0,0.708954326119933,,,,,,,,BASE,BASE,,,,,,3.5883667117625e-09,5.6843418860808e-14,1.53519213199612e-07,5.00932628710871e-13,2.40594472254616,13.4494366428359,57.4022177728477,18.5360475438143,1.13686837721616e-13,0.0,2.38418579101562e-07,0.0,0.0,0.0,0.0,0.0,0.0,0.0,0.0,0.0,0.0,-3359643.11848709,98.507559588217,0.0,5.30518591403961e-05,0.0,0.0,0.0,2362.0,0.0,167.0,0.0,0.0,0.0,0.0,-3359643.11848709,,,,,,BASE,0.0,0,/clusteruy/home/mathiasr/generator-aware-row-scaling/results-revision/r5-ablation/sgtm-gurobi-01pct/resultados/instance082_base.csv,/clusteruy/home/mathiasr/generator-aware-row-scaling/results-revision/r5-ablation/sgtm-gurobi-01pct/resultados/instance082_base_postprocesado.csv,/clusteruy/home/mathiasr/generator-aware-row-scaling/results-revision/r5-ablation/sgtm-gurobi-01pct/logs/instance082_base.log
instance082.txt,estructurado,OK,0,0.480035177,0.057658043248045,-3359643.1184870917,-3359640.0,OPTIMAL,-3361580.222969329,1.0,8034.0,0.11,10080.0,6120.0,22679.0,8930.0,5708.0,21438.0,11.408730158730158,6.73202614379085,5.47202257595132,1,Model contains large bounds,9e-06,100000.0,0.004,100.0,10.0,3000000.0,1.0,4000000000.0,0.0006666666666666665,1.0,0.0012,1.0,19560000000000.0,366500000000.0,1.0,1.118,0.046413543,0.52644872,0.9309405860479263,0.9309405860479263,0.8488656388033388,0.046413543,0.09668779544462426,4.1600056732704616e-13,-1.30385160446167e-08,-3.880922938769827e-15,0.0,0.0,0.0006666666666666665,0.018737218813905932,17929.0,,0.009023793787100715,0.0,,2.0,0.0,0.0,,0.719909690385282,,,,,,,,OK,REVISAR,9.40635800361633e-07,0.0,8.381903171539307e-09,98.5075595882171,0.0,7.33546165068094e-09,5.6843418860808e-14,2.80961394309991e-07,2.38031816479634e-13,2.41093899923926,13.4494366428359,57.4022177728478,18.5360475438143,1.13686837721616e-13,0.0,9.40635800361633e-07,0.0,0.0,0.0,0.0,0.0,0.0,0.0,0.0,0.0,0.0,-3359643.1184871,98.5075595882171,0.0,5.35361468791962e-05,0.0,0.0,0.0,2364.0,0.0,167.0,0.0,0.0,0.0,0.0,-3359643.1184871,-3359643.1184871,-2.1420419216156006e-08,6.375801970836144e-15,igual,9.313225746154785e-10,DIFIERE,9100000.0,584,/clusteruy/home/mathiasr/generator-aware-row-scaling/results-revision/r5-ablation/sgtm-gurobi-01pct/resultados/instance082_estructurado.csv,/clusteruy/home/mathiasr/generator-aware-row-scaling/results-revision/r5-ablation/sgtm-gurobi-01pct/resultados/instance082_estructurado_postprocesado.csv,/clusteruy/home/mathiasr/generator-aware-row-scaling/results-revision/r5-ablation/sgtm-gurobi-01pct/logs/instance082_estructurado.log
instance082.txt,estructurado_solo_local,OK,0,0.469931699,0.057658043248045,-3359643.1184870917,-3359640.0,OPTIMAL,-3361580.222969329,1.0,8034.0,0.11,10080.0,6120.0,22679.0,8930.0,5708.0,21438.0,11.408730158730158,6.73202614379085,5.47202257595132,1,Model contains large bounds,9e-06,100000.0,0.004,100.0,10.0,3000000.0,1.0,4000000000.0,0.0006666666666666665,1.0,0.0012,1.0,19560000000000.0,366500000000.0,1.0,1.118,0.046379235,0.5163109339999999,0.9509557026073273,0.9509557026073273,0.8655331498364125,0.046379235,0.09869356567921161,4.1600056732704616e-13,-1.30385160446167e-08,-3.880922938769827e-15,0.0,0.0,0.0006666666666666665,0.018737218813905932,17929.0,,0.009023793787100715,0.0,,2.0,0.0,0.0,,0.708018790202169,,,,,,,,OK,REVISAR,9.40635800361633e-07,0.0,8.381903171539307e-09,98.5075595882171,0.0,7.33546165068094e-09,5.6843418860808e-14,2.80961394309991e-07,2.38031816479634e-13,2.41093899923926,13.4494366428359,57.4022177728478,18.5360475438143,1.13686837721616e-13,0.0,9.40635800361633e-07,0.0,0.0,0.0,0.0,0.0,0.0,0.0,0.0,0.0,0.0,-3359643.1184871,98.5075595882171,0.0,5.35361468791962e-05,0.0,0.0,0.0,2364.0,0.0,167.0,0.0,0.0,0.0,0.0,-3359643.1184871,-3359643.1184871,-2.1420419216156006e-08,6.375801970836144e-15,igual,9.313225746154785e-10,DIFIERE,9100000.0,584,/clusteruy/home/mathiasr/generator-aware-row-scaling/results-revision/r5-ablation/sgtm-gurobi-01pct/resultados/instance082_estructurado_solo_local.csv,/clusteruy/home/mathiasr/generator-aware-row-scaling/results-revision/r5-ablation/sgtm-gurobi-01pct/resultados/instance082_estructurado_solo_local_postprocesado.csv,/clusteruy/home/mathiasr/generator-aware-row-scaling/results-revision/r5-ablation/sgtm-gurobi-01pct/logs/instance082_estructurado_solo_local.log
instance082.txt,estructurado_solo_acoplamiento,OK,0,0.479022993,0.057658043248461,-3359643.1184870787,-3359640.0,OPTIMAL,-3361580.22296933,1.0,8272.0,0.1,10080.0,6120.0,22679.0,8930.0,5708.0,21438.0,11.408730158730158,6.73202614379085,5.47202257595132,3,Model contains large bounds | Model contains large matrix coefficient range | Model contains large rhs,0.0006,10000000000.0,0.004,100.0,40.0,10000000000.0,1.0,4000000000.0,1.0,1.0,1.0,1.0,19560000000000.0,19560000000000.0,1.0,1.0,0.040037893,0.519060886,0.932907679861622,0.932907679861622,0.8609476095257157,0.040037893,0.08358240331899892,0.0,0.0,0.0,0.0,0.0,1.0,1.0,1986858.0,,0.9999998257711725,0.0,,2.0,0.0,0.0,,0.723193263620671,,,,,,,,OK,REVISAR,2.38418579101562e-07,0.0,1.1175870895385742e-08,98.507559588217,0.0,3.5883667117625e-09,5.6843418860808e-14,1.53519213199612e-07,5.00932628710871e-13,2.40594472254616,13.4494366428359,57.4022177728477,18.5360475438143,1.13686837721616e-13,0.0,2.38418579101562e-07,0.0,0.0,0.0,0.0,0.0,0.0,0.0,0.0,0.0,0.0,-3359643.11848709,98.507559588217,0.0,5.30518591403961e-05,0.0,0.0,0.0,2362.0,0.0,167.0,0.0,0.0,0.0,0.0,-3359643.11848709,-3359643.11848709,-1.1175870895385742e-08,3.326505376088423e-15,igual,0.0,OK,0.0,0,/clusteruy/home/mathiasr/generator-aware-row-scaling/results-revision/r5-ablation/sgtm-gurobi-01pct/resultados/instance082_estructurado_solo_acoplamiento.csv,/clusteruy/home/mathiasr/generator-aware-row-scaling/results-revision/r5-ablation/sgtm-gurobi-01pct/resultados/instance082_estructurado_solo_acoplamiento_postprocesado.csv,/clusteruy/home/mathiasr/generator-aware-row-scaling/results-revision/r5-ablation/sgtm-gurobi-01pct/logs/instance082_estructurado_solo_acoplamiento.log
instance082.txt,estructurado_matricial,OK,0,0.448486078,0.057658043248377,-3359643.1184871,-3359640.0,OPTIMAL,-3361580.2229693485,1.0,7710.0,0.1,10080.0,6120.0,22679.0,8930.0,5708.0,21438.0,11.408730158730158,6.73202614379085,5.47202257595132,1,Model contains large bounds,9e-06,100000.0,0.004,100.0,90.0,40000000.0,1.0,4000000000.0,0.0006666666666666665,1.0,0.0017777777777777776,1.0,19560000000000.0,3870000000000.0,1.0,1.0,0.048617169,0.497103247,0.9964283194538761,0.9964283194538761,0.8989766848173494,0.048617169,0.10840284990964648,8.400224960070091e-14,-2.1420419216156006e-08,-6.375801970836144e-15,0.0,0.0,0.0006666666666666665,0.19785276073619631,155262.0,,0.07814447381185963,0.0,,2.0,0.0,0.0,,0.693277259518885,,,,,,,,OK,REVISAR,6.16535544395447e-07,0.0,0.0,98.5075595882168,0.0,5.97968485024209e-09,4.8860915313753e-14,2.51848250627516e-07,2.38031816479634e-13,2.40671808214361,13.4494366428359,57.4022177728478,18.5360475438143,2.27373675443232e-13,0.0,6.16535544395447e-07,0.0,0.0,0.0,0.0,0.0,0.0,0.0,0.0,0.0,0.0,-3359643.1184871,98.5075595882168,0.0,5.2914023399353e-05,0.0,0.0,0.0,2362.0,0.0,169.0,0.0,0.0,0.0,0.0,-3359643.1184871,-3359643.1184871,-2.1420419216156006e-08,6.375801970836144e-15,igual,-1.862645149230957e-08,DIFIERE,7680000.0,393,/clusteruy/home/mathiasr/generator-aware-row-scaling/results-revision/r5-ablation/sgtm-gurobi-01pct/resultados/instance082_estructurado_matricial.csv,/clusteruy/home/mathiasr/generator-aware-row-scaling/results-revision/r5-ablation/sgtm-gurobi-01pct/resultados/instance082_estructurado_matricial_postprocesado.csv,/clusteruy/home/mathiasr/generator-aware-row-scaling/results-revision/r5-ablation/sgtm-gurobi-01pct/logs/instance082_estructurado_matricial.log
instance082.txt,matricial_solo_local,OK,0,0.44426489,0.057658043248377,-3359643.1184871,-3359640.0,OPTIMAL,-3361580.2229693485,1.0,7710.0,0.1,10080.0,6120.0,22679.0,8930.0,5708.0,21438.0,11.408730158730158,6.73202614379085,5.47202257595132,1,Model contains large bounds,9e-06,100000.0,0.004,100.0,90.0,40000000.0,1.0,4000000000.0,0.0006666666666666665,1.0,0.0017777777777777776,1.0,19560000000000.0,3870000000000.0,1.0,1.0,0.046859594,0.49112448400000003,1.0058958946767096,1.0058958946767096,0.9099204856583774,0.046859594,0.10547669882263258,8.400224960070091e-14,-2.1420419216156006e-08,-6.375801970836144e-15,0.0,0.0,0.0006666666666666665,0.19785276073619631,155262.0,,0.07814447381185963,0.0,,2.0,0.0,0.0,,0.696579079995231,,,,,,,,OK,REVISAR,6.16535544395447e-07,0.0,0.0,98.5075595882168,0.0,5.97968485024209e-09,4.8860915313753e-14,2.51848250627516e-07,2.38031816479634e-13,2.40671808214361,13.4494366428359,57.4022177728478,18.5360475438143,2.27373675443232e-13,0.0,6.16535544395447e-07,0.0,0.0,0.0,0.0,0.0,0.0,0.0,0.0,0.0,0.0,-3359643.1184871,98.5075595882168,0.0,5.2914023399353e-05,0.0,0.0,0.0,2362.0,0.0,169.0,0.0,0.0,0.0,0.0,-3359643.1184871,-3359643.1184871,-2.1420419216156006e-08,6.375801970836144e-15,igual,-1.862645149230957e-08,DIFIERE,7680000.0,393,/clusteruy/home/mathiasr/generator-aware-row-scaling/results-revision/r5-ablation/sgtm-gurobi-01pct/resultados/instance082_matricial_solo_local.csv,/clusteruy/home/mathiasr/generator-aware-row-scaling/results-revision/r5-ablation/sgtm-gurobi-01pct/resultados/instance082_matricial_solo_local_postprocesado.csv,/clusteruy/home/mathiasr/generator-aware-row-scaling/results-revision/r5-ablation/sgtm-gurobi-01pct/logs/instance082_matricial_solo_local.log
instance082.txt,matricial_solo_acoplamiento,OK,0,0.458174223,0.057658043248461,-3359643.1184870787,-3359640.0,OPTIMAL,-3361580.22296933,1.0,8272.0,0.1,10080.0,6120.0,22679.0,8930.0,5708.0,21438.0,11.408730158730158,6.73202614379085,5.47202257595132,3,Model contains large bounds | Model contains large matrix coefficient range | Model contains large rhs,0.0006,10000000000.0,0.004,100.0,40.0,10000000000.0,1.0,4000000000.0,1.0,1.0,1.0,1.0,19560000000000.0,19560000000000.0,1.0,1.0,0.040987549,0.499161772,0.9753587316063392,0.9753587316063392,0.895269337652724,0.040987549,0.08945843511584893,0.0,0.0,0.0,0.0,0.0,1.0,1.0,1986858.0,,0.9999998257711725,0.0,,2.0,0.0,0.0,,0.709093357468166,,,,,,,,OK,REVISAR,2.38418579101562e-07,0.0,1.1175870895385742e-08,98.507559588217,0.0,3.5883667117625e-09,5.6843418860808e-14,1.53519213199612e-07,5.00932628710871e-13,2.40594472254616,13.4494366428359,57.4022177728477,18.5360475438143,1.13686837721616e-13,0.0,2.38418579101562e-07,0.0,0.0,0.0,0.0,0.0,0.0,0.0,0.0,0.0,0.0,-3359643.11848709,98.507559588217,0.0,5.30518591403961e-05,0.0,0.0,0.0,2362.0,0.0,167.0,0.0,0.0,0.0,0.0,-3359643.11848709,-3359643.11848709,-1.1175870895385742e-08,3.326505376088423e-15,igual,0.0,OK,0.0,0,/clusteruy/home/mathiasr/generator-aware-row-scaling/results-revision/r5-ablation/sgtm-gurobi-01pct/resultados/instance082_matricial_solo_acoplamiento.csv,/clusteruy/home/mathiasr/generator-aware-row-scaling/results-revision/r5-ablation/sgtm-gurobi-01pct/resultados/instance082_matricial_solo_acoplamiento_postprocesado.csv,/clusteruy/home/mathiasr/generator-aware-row-scaling/results-revision/r5-ablation/sgtm-gurobi-01pct/logs/instance082_matricial_solo_acoplamiento.log
instance083.txt,base,OK,0,57.041602116,0.0,13003934.50367876,13003900.0,OPTIMAL,13003934.50367876,2530.0,1370185.0,0.12,10080.0,6120.0,22679.0,9132.0,5676.0,22075.0,9.404761904761905,7.254901960784314,2.663256757352617,3,Model contains large bounds | Model contains large matrix coefficient range | Model contains large rhs,0.0006,10000000000.0,0.003,100.0,40.0,10000000000.0,1.0,4000000000.0,,,,,,,,,0.0,57.041602116,1.0,1.0,1.0,0.0,0.0,0.0,,,0.0,,,,78431389.607357,,,63.297449,,0.914437,4.026947,63.297449,1.0,0.796713723327894,,,,,,,,BASE,BASE,,,,,,1.06733752806027e-09,2.91038304567337e-11,3.72529029846191e-08,1.13509202037676e-11,0.10103105601874,5.82076609134674e-11,1.40061583760534,5.93502018678473,1.13686837721616e-13,4.65661287307739e-10,5.51342964172363e-07,0.0,0.0,0.0,0.0,0.0,0.0,0.0,0.0,0.0,0.0,13003934.5036788,29.9947867214814,4.65661287307739e-10,1.56685709953308e-05,0.0,0.0,0.0,123.0,0.0,49.0,0.0,0.0,0.0,0.0,13003934.5036788,,,,,,BASE,0.0,0,/clusteruy/home/mathiasr/generator-aware-row-scaling/results-revision/r5-ablation/sgtm-gurobi-01pct/resultados/instance083_base.csv,/clusteruy/home/mathiasr/generator-aware-row-scaling/results-revision/r5-ablation/sgtm-gurobi-01pct/resultados/instance083_base_postprocesado.csv,/clusteruy/home/mathiasr/generator-aware-row-scaling/results-revision/r5-ablation/sgtm-gurobi-01pct/logs/instance083_base.log
instance083.txt,estructurado,OK,0,101.443823054,0.0,13003934.50367881,13003900.0,OPTIMAL,13003934.50367881,21984.0,3845865.0,0.13,10080.0,6120.0,22679.0,9132.0,5676.0,22075.0,9.404761904761905,7.254901960784314,2.663256757352617,1,Model contains large bounds,9e-06,100000.0,0.003,100.0,10.0,4000000.0,1.0,4000000000.0,0.0006666666666666665,1.0,0.0016,1.0,20700000000000.0,400600000000.0,1.0,1.118,0.046424089,101.490247143,0.5622974410737255,0.5622974410737255,0.5620402326504166,0.046424089,0.0004576334724223454,0.0,5.029141902923584e-08,3.867400209914053e-15,0.0,0.0,0.0006666666666666665,0.01935265700483092,2327353.0,,0.02967374429614454,124.0,,1.0,4.0,124.0,0.5104632983870968,0.819474423702139,,,,,,,,OK,REVISAR,4.06056642532349e-07,0.0,9.313225746154785e-09,29.9947867214813,0.0,1.9253984667645e-09,2.91038304567337e-11,6.51925802230835e-08,3.83693077310454e-13,0.10034295277652,5.82076609134674e-11,1.32917124957209,5.93502018678473,3.41060513164848e-13,2.3283064365387e-10,4.06056642532349e-07,0.0,0.0,0.0,0.0,0.0,0.0,0.0,0.0,0.0,0.0,13003934.5036788,29.9947867214813,2.3283064365387e-10,1.54823064804077e-05,0.0,0.0,0.0,122.0,0.0,49.0,0.0,0.0,0.0,0.0,13003934.5036788,13003934.5036788,4.0978193283081055e-08,3.1512149858558956e-15,igual,5.029141902923584e-08,DIFIERE,21440000.0,534,/clusteruy/home/mathiasr/generator-aware-row-scaling/results-revision/r5-ablation/sgtm-gurobi-01pct/resultados/instance083_estructurado.csv,/clusteruy/home/mathiasr/generator-aware-row-scaling/results-revision/r5-ablation/sgtm-gurobi-01pct/resultados/instance083_estructurado_postprocesado.csv,/clusteruy/home/mathiasr/generator-aware-row-scaling/results-revision/r5-ablation/sgtm-gurobi-01pct/logs/instance083_estructurado.log
instance083.txt,estructurado_solo_local,OK,0,98.065066711,0.0,13003934.50367881,13003900.0,OPTIMAL,13003934.50367881,21984.0,3845865.0,0.13,10080.0,6120.0,22679.0,9132.0,5676.0,22075.0,9.404761904761905,7.254901960784314,2.663256757352617,1,Model contains large bounds,9e-06,100000.0,0.003,100.0,10.0,4000000.0,1.0,4000000000.0,0.0006666666666666665,1.0,0.0016,1.0,20700000000000.0,400600000000.0,1.0,1.118,0.046370907,98.111437618,0.5816709663197692,0.5816709663197692,0.581396048217062,0.046370907,0.00047285856783900557,0.0,5.029141902923584e-08,3.867400209914053e-15,0.0,0.0,0.0006666666666666665,0.01935265700483092,2327353.0,,0.02967374429614454,124.0,,1.0,4.0,124.0,0.5104632983870968,0.82444494033014,,,,,,,,OK,REVISAR,4.06056642532349e-07,0.0,9.313225746154785e-09,29.9947867214813,0.0,1.9253984667645e-09,2.91038304567337e-11,6.51925802230835e-08,3.83693077310454e-13,0.10034295277652,5.82076609134674e-11,1.32917124957209,5.93502018678473,3.41060513164848e-13,2.3283064365387e-10,4.06056642532349e-07,0.0,0.0,0.0,0.0,0.0,0.0,0.0,0.0,0.0,0.0,13003934.5036788,29.9947867214813,2.3283064365387e-10,1.54823064804077e-05,0.0,0.0,0.0,122.0,0.0,49.0,0.0,0.0,0.0,0.0,13003934.5036788,13003934.5036788,4.0978193283081055e-08,3.1512149858558956e-15,igual,5.029141902923584e-08,DIFIERE,21440000.0,534,/clusteruy/home/mathiasr/generator-aware-row-scaling/results-revision/r5-ablation/sgtm-gurobi-01pct/resultados/instance083_estructurado_solo_local.csv,/clusteruy/home/mathiasr/generator-aware-row-scaling/results-revision/r5-ablation/sgtm-gurobi-01pct/resultados/instance083_estructurado_solo_local_postprocesado.csv,/clusteruy/home/mathiasr/generator-aware-row-scaling/results-revision/r5-ablation/sgtm-gurobi-01pct/logs/instance083_estructurado_solo_local.log
instance083.txt,estructurado_solo_acoplamiento,OK,0,51.323655653,0.0,13003934.50367876,13003900.0,OPTIMAL,13003934.50367876,2530.0,1370185.0,0.12,10080.0,6120.0,22679.0,9132.0,5676.0,22075.0,9.404761904761905,7.254901960784314,2.663256757352617,3,Model contains large bounds | Model contains large matrix coefficient range | Model contains large rhs,0.0006,10000000000.0,0.003,100.0,40.0,10000000000.0,1.0,4000000000.0,1.0,1.0,1.0,1.0,20700000000000.0,20700000000000.0,1.0,1.0,0.040495821,51.364151474,1.1114095710886052,1.1114095710886052,1.1105333287725752,0.040495821,0.0007890283824245266,0.0,0.0,0.0,0.0,0.0,1.0,1.0,78431390.0,,1.0000000050061972,63.0,,1.0,4.0,63.0,1.0047214126984128,0.789226968745747,,,,,,,,OK,REVISAR,5.51342964172363e-07,0.0,4.0978193283081055e-08,29.9947867214814,0.0,1.06733752806027e-09,2.91038304567337e-11,3.72529029846191e-08,1.13509202037676e-11,0.10103105601874,5.82076609134674e-11,1.40061583760534,5.93502018678473,1.13686837721616e-13,4.65661287307739e-10,5.51342964172363e-07,0.0,0.0,0.0,0.0,0.0,0.0,0.0,0.0,0.0,0.0,13003934.5036788,29.9947867214814,4.65661287307739e-10,1.56685709953308e-05,0.0,0.0,0.0,123.0,0.0,49.0,0.0,0.0,0.0,0.0,13003934.5036788,13003934.5036788,4.0978193283081055e-08,3.1512149858558956e-15,igual,0.0,OK,0.0,0,/clusteruy/home/mathiasr/generator-aware-row-scaling/results-revision/r5-ablation/sgtm-gurobi-01pct/resultados/instance083_estructurado_solo_acoplamiento.csv,/clusteruy/home/mathiasr/generator-aware-row-scaling/results-revision/r5-ablation/sgtm-gurobi-01pct/resultados/instance083_estructurado_solo_acoplamiento_postprocesado.csv,/clusteruy/home/mathiasr/generator-aware-row-scaling/results-revision/r5-ablation/sgtm-gurobi-01pct/logs/instance083_estructurado_solo_acoplamiento.log
instance083.txt,estructurado_matricial,OK,0,93.196045446,0.0,13009395.730590709,13009400.0,OPTIMAL,13009395.730590709,23221.0,4009852.0,0.12,10080.0,6120.0,22679.0,9132.0,5676.0,22075.0,9.404761904761905,7.254901960784314,2.663256757352617,1,Model contains large bounds,9e-06,100000.0,0.003,100.0,90.0,40000000.0,1.0,4000000000.0,0.0006666666666666665,1.0,0.0017777777777777776,1.0,20700000000000.0,4283000000000.0,1.0,1.0,0.047942481,93.243987927,0.6120603276997548,0.6120603276997548,0.6117456297628264,0.047942481,0.0005144261301063361,0.0,5461.226911948994,0.0004199672730129512,5500.0,0.00042295003806550345,0.0006666666666666665,0.20690821256038647,9302918.0,,0.11861217870258632,116.0,,1.0,4.0,116.0,0.5456676637931035,0.834574434201766,,,,,,,,OK,REVISAR,4.95463609695435e-07,0.0,9.313225746154785e-09,29.9691553062675,0.0,1.6951709796017e-09,2.91038304567337e-11,5.99958002567275e-08,3.69482222595252e-13,0.10011149241423,5.82076609134674e-11,1.41707184009366,5.92994853989748,2.27373675443232e-13,4.65661287307739e-10,4.95463609695435e-07,0.0,0.0,0.0,0.0,0.0,0.0,0.0,0.0,0.0,0.0,13009395.7305907,29.9691553062675,4.65661287307739e-10,1.54655426740646e-05,0.0,0.0,0.0,122.0,0.0,49.0,0.0,0.0,0.0,0.0,13009395.7305907,13009395.7305907,5461.226911939681,0.00041996727301223504,empeora,5461.226911948994,DIFIERE,24208000.0,507,/clusteruy/home/mathiasr/generator-aware-row-scaling/results-revision/r5-ablation/sgtm-gurobi-01pct/resultados/instance083_estructurado_matricial.csv,/clusteruy/home/mathiasr/generator-aware-row-scaling/results-revision/r5-ablation/sgtm-gurobi-01pct/resultados/instance083_estructurado_matricial_postprocesado.csv,/clusteruy/home/mathiasr/generator-aware-row-scaling/results-revision/r5-ablation/sgtm-gurobi-01pct/logs/instance083_estructurado_matricial.log
instance083.txt,matricial_solo_local,OK,0,97.706442442,0.0,13009395.730590709,13009400.0,OPTIMAL,13009395.730590709,23221.0,4009852.0,0.13,10080.0,6120.0,22679.0,9132.0,5676.0,22075.0,9.404761904761905,7.254901960784314,2.663256757352617,1,Model contains large bounds,9e-06,100000.0,0.003,100.0,90.0,40000000.0,1.0,4000000000.0,0.0006666666666666665,1.0,0.0017777777777777776,1.0,20700000000000.0,4283000000000.0,1.0,1.0,0.046908938,97.75335138,0.5838059465716475,0.5838059465716475,0.5835257953894614,0.046908938,0.0004801007674375806,0.0,5461.226911948994,0.0004199672730129512,5500.0,0.00042295003806550345,0.0006666666666666665,0.20690821256038647,9302918.0,,0.11861217870258632,116.0,,1.0,5.0,116.0,0.5456676637931035,0.831888766022958,,,,,,,,OK,REVISAR,4.95463609695435e-07,0.0,9.313225746154785e-09,29.9691553062675,0.0,1.6951709796017e-09,2.91038304567337e-11,5.99958002567275e-08,3.69482222595252e-13,0.10011149241423,5.82076609134674e-11,1.41707184009366,5.92994853989748,2.27373675443232e-13,4.65661287307739e-10,4.95463609695435e-07,0.0,0.0,0.0,0.0,0.0,0.0,0.0,0.0,0.0,0.0,13009395.7305907,29.9691553062675,4.65661287307739e-10,1.54655426740646e-05,0.0,0.0,0.0,122.0,0.0,49.0,0.0,0.0,0.0,0.0,13009395.7305907,13009395.7305907,5461.226911939681,0.00041996727301223504,empeora,5461.226911948994,DIFIERE,24208000.0,507,/clusteruy/home/mathiasr/generator-aware-row-scaling/results-revision/r5-ablation/sgtm-gurobi-01pct/resultados/instance083_matricial_solo_local.csv,/clusteruy/home/mathiasr/generator-aware-row-scaling/results-revision/r5-ablation/sgtm-gurobi-01pct/resultados/instance083_matricial_solo_local_postprocesado.csv,/clusteruy/home/mathiasr/generator-aware-row-scaling/results-revision/r5-ablation/sgtm-gurobi-01pct/logs/instance083_matricial_solo_local.log
instance083.txt,matricial_solo_acoplamiento,OK,0,54.553387391,0.0,13003934.50367876,13003900.0,OPTIMAL,13003934.50367876,2530.0,1370185.0,0.12,10080.0,6120.0,22679.0,9132.0,5676.0,22075.0,9.404761904761905,7.254901960784314,2.663256757352617,3,Model contains large bounds | Model contains large matrix coefficient range | Model contains large rhs,0.0006,10000000000.0,0.003,100.0,40.0,10000000000.0,1.0,4000000000.0,1.0,1.0,1.0,1.0,20700000000000.0,20700000000000.0,1.0,1.0,0.041024248,54.594411639,1.045610636552525,1.045610636552525,1.0448249262796676,0.041024248,0.0007520018455676689,0.0,0.0,0.0,0.0,0.0,1.0,1.0,78431390.0,,1.0000000050061972,63.0,,1.0,4.0,63.0,1.0047214126984128,0.788404048818469,,,,,,,,OK,REVISAR,5.51342964172363e-07,0.0,4.0978193283081055e-08,29.9947867214814,0.0,1.06733752806027e-09,2.91038304567337e-11,3.72529029846191e-08,1.13509202037676e-11,0.10103105601874,5.82076609134674e-11,1.40061583760534,5.93502018678473,1.13686837721616e-13,4.65661287307739e-10,5.51342964172363e-07,0.0,0.0,0.0,0.0,0.0,0.0,0.0,0.0,0.0,0.0,13003934.5036788,29.9947867214814,4.65661287307739e-10,1.56685709953308e-05,0.0,0.0,0.0,123.0,0.0,49.0,0.0,0.0,0.0,0.0,13003934.5036788,13003934.5036788,4.0978193283081055e-08,3.1512149858558956e-15,igual,0.0,OK,0.0,0,/clusteruy/home/mathiasr/generator-aware-row-scaling/results-revision/r5-ablation/sgtm-gurobi-01pct/resultados/instance083_matricial_solo_acoplamiento.csv,/clusteruy/home/mathiasr/generator-aware-row-scaling/results-revision/r5-ablation/sgtm-gurobi-01pct/resultados/instance083_matricial_solo_acoplamiento_postprocesado.csv,/clusteruy/home/mathiasr/generator-aware-row-scaling/results-revision/r5-ablation/sgtm-gurobi-01pct/logs/instance083_matricial_solo_acoplamiento.log
instance090.txt,base,OK,0,29.124380671,0.0,1350598.7348754695,1350600.0,OPTIMAL,1350598.7348754695,14931.0,891046.0,0.08,10080.0,6120.0,22679.0,9292.0,5733.0,21948.0,7.817460317460317,6.323529411764706,3.2232461748754355,3,Model contains large bounds | Model contains large matrix coefficient range | Model contains large rhs,0.0006,8000000000.0,0.0009,100.0,40.0,6000000000.0,1.0,4000000000.0,,,,,,,,,0.0,29.124380671,1.0,1.0,1.0,0.0,0.0,0.0,,,0.0,,,,116381063.854442,,,35.911549,,0.867065,1.780609,35.911549,1.0,0.466180680082102,,,,,,,,BASE,BASE,,,,,,1.96875472527842e-09,9.25481913327505e-14,8.19563865661621e-08,2.55129251058861e-11,1.70277661453271,11.1524218138981,38.9926508851061,11.5955034289051,6.25277607468888e-13,1.74622982740402e-10,2.38418579101562e-07,0.0,2.11002770811319e-10,0.0,0.0,0.0,0.0,0.0,0.0,0.0,0.0,1350598.73487547,52.7399434186913,8.14907252788544e-10,3.45110893249512e-05,0.0,0.0,0.0,1715.0,0.0,304.0,0.0,0.0,0.0,0.0,1350598.73487547,,,,,,BASE,0.0,0,/clusteruy/home/mathiasr/generator-aware-row-scaling/results-revision/r5-ablation/sgtm-gurobi-01pct/resultados/instance090_base.csv,/clusteruy/home/mathiasr/generator-aware-row-scaling/results-revision/r5-ablation/sgtm-gurobi-01pct/resultados/instance090_base_postprocesado.csv,/clusteruy/home/mathiasr/generator-aware-row-scaling/results-revision/r5-ablation/sgtm-gurobi-01pct/logs/instance090_base.log
instance090.txt,estructurado,OK,0,23.882091588,1.03e-13,1352376.3095227396,1352380.0,OPTIMAL,1352376.3095227382,5275.0,154043.0,0.08,10080.0,6120.0,22679.0,9292.0,5733.0,21948.0,7.817460317460317,6.323529411764706,3.2232461748754355,1,Model contains large bounds,1e-05,90000.0,0.0009,100.0,10.0,4000000.0,1.0,4000000000.0,0.0006749999999999999,1.0,0.0026666666666666666,1.0,13450000000000.0,354700000000.0,1.0,1.118,0.046333306,23.928424894000003,1.2195071174433518,1.2195071174433518,1.217145750295619,0.046333306,0.001940085768002038,-1.03e-13,1777.574647270143,0.0013161382440018666,1780.0,0.001317932770620465,0.0006749999999999999,0.02637174721189591,1631671.0,,0.014020072904993667,17.0,,0.0,2.0,17.0,2.1124440588235296,0.105953872472309,,,,,,,,OK,REVISAR,6.92903995513916e-07,0.0,4.656612873077393e-10,52.7399434186913,0.0,4.44744538684691e-09,1.13686837721616e-13,1.86264514923096e-07,7.69340147144248e-12,1.70049554497136,11.1200942190773,39.0095053675919,11.5955034289051,1.70530256582424e-12,0.0,6.92903995513916e-07,0.0,0.0,0.0,0.0,0.0,0.0,0.0,0.0,0.0,0.0,1352376.30952274,52.7399434186913,6.98491930961609e-10,3.45110893249512e-05,0.0,0.0,0.0,1714.0,0.0,304.0,0.0,0.0,0.0,0.0,1352376.30952274,1352376.30952274,1777.5746472706087,0.0013161382440022113,empeora,1777.574647268746,DIFIERE,6600000.0,546,/clusteruy/home/mathiasr/generator-aware-row-scaling/results-revision/r5-ablation/sgtm-gurobi-01pct/resultados/instance090_estructurado.csv,/clusteruy/home/mathiasr/generator-aware-row-scaling/results-revision/r5-ablation/sgtm-gurobi-01pct/resultados/instance090_estructurado_postprocesado.csv,/clusteruy/home/mathiasr/generator-aware-row-scaling/results-revision/r5-ablation/sgtm-gurobi-01pct/logs/instance090_estructurado.log
instance090.txt,estructurado_solo_local,OK,0,18.291388972,1.03e-13,1352376.3095227396,1352380.0,OPTIMAL,1352376.3095227382,5275.0,154043.0,0.08,10080.0,6120.0,22679.0,9292.0,5733.0,21948.0,7.817460317460317,6.323529411764706,3.2232461748754355,1,Model contains large bounds,1e-05,90000.0,0.0009,100.0,10.0,4000000.0,1.0,4000000000.0,0.0006749999999999999,1.0,0.0026666666666666666,1.0,13450000000000.0,354700000000.0,1.0,1.118,0.04656229,18.337951262,1.5922454394022714,1.5922454394022714,1.588202534453873,0.04656229,0.002545585251687359,-1.03e-13,1777.574647270143,0.0013161382440018666,1780.0,0.001317932770620465,0.0006749999999999999,0.02637174721189591,1631671.0,,0.014020072904993667,17.0,,0.0,2.0,17.0,2.1124440588235296,0.1110210221883,,,,,,,,OK,REVISAR,6.92903995513916e-07,0.0,4.656612873077393e-10,52.7399434186913,0.0,4.44744538684691e-09,1.13686837721616e-13,1.86264514923096e-07,7.69340147144248e-12,1.70049554497136,11.1200942190773,39.0095053675919,11.5955034289051,1.70530256582424e-12,0.0,6.92903995513916e-07,0.0,0.0,0.0,0.0,0.0,0.0,0.0,0.0,0.0,0.0,1352376.30952274,52.7399434186913,6.98491930961609e-10,3.45110893249512e-05,0.0,0.0,0.0,1714.0,0.0,304.0,0.0,0.0,0.0,0.0,1352376.30952274,1352376.30952274,1777.5746472706087,0.0013161382440022113,empeora,1777.574647268746,DIFIERE,6600000.0,546,/clusteruy/home/mathiasr/generator-aware-row-scaling/results-revision/r5-ablation/sgtm-gurobi-01pct/resultados/instance090_estructurado_solo_local.csv,/clusteruy/home/mathiasr/generator-aware-row-scaling/results-revision/r5-ablation/sgtm-gurobi-01pct/resultados/instance090_estructurado_solo_local_postprocesado.csv,/clusteruy/home/mathiasr/generator-aware-row-scaling/results-revision/r5-ablation/sgtm-gurobi-01pct/logs/instance090_estructurado_solo_local.log
instance090.txt,estructurado_solo_acoplamiento,OK,0,25.734292364,0.0,1350598.7348754695,1350600.0,OPTIMAL,1350598.7348754695,14931.0,891046.0,0.08,10080.0,6120.0,22679.0,9292.0,5733.0,21948.0,7.817460317460317,6.323529411764706,3.2232461748754355,3,Model contains large bounds | Model contains large matrix coefficient range | Model contains large rhs,0.0006,8000000000.0,0.0009,100.0,40.0,6000000000.0,1.0,4000000000.0,1.0,1.0,1.0,1.0,13450000000000.0,13450000000000.0,1.0,1.0,0.040077365,25.774369729,1.13173427343751,1.13173427343751,1.1299745047977154,0.040077365,0.00155735251753278,0.0,0.0,0.0,0.0,0.0,1.0,1.0,116381064.0,,1.0000000012507018,36.0,,1.0,2.0,36.0,0.9975430277777778,0.456368488007855,,,,,,,,OK,REVISAR,2.38418579101562e-07,0.0,4.656612873077393e-10,52.7399434186913,0.0,1.96875472527842e-09,9.25481913327505e-14,8.19563865661621e-08,2.55129251058861e-11,1.70277661453271,11.1524218138981,38.9926508851061,11.5955034289051,6.25277607468888e-13,1.74622982740402e-10,2.38418579101562e-07,0.0,2.11002770811319e-10,0.0,0.0,0.0,0.0,0.0,0.0,0.0,0.0,1350598.73487547,52.7399434186913,8.14907252788544e-10,3.45110893249512e-05,0.0,0.0,0.0,1715.0,0.0,304.0,0.0,0.0,0.0,0.0,1350598.73487547,1350598.73487547,4.656612873077393e-10,3.4478137383319485e-16,igual,0.0,OK,0.0,0,/clusteruy/home/mathiasr/generator-aware-row-scaling/results-revision/r5-ablation/sgtm-gurobi-01pct/resultados/instance090_estructurado_solo_acoplamiento.csv,/clusteruy/home/mathiasr/generator-aware-row-scaling/results-revision/r5-ablation/sgtm-gurobi-01pct/resultados/instance090_estructurado_solo_acoplamiento_postprocesado.csv,/clusteruy/home/mathiasr/generator-aware-row-scaling/results-revision/r5-ablation/sgtm-gurobi-01pct/logs/instance090_estructurado_solo_acoplamiento.log
instance090.txt,estructurado_matricial,OK,0,20.843289121,0.065088043336153,1351902.6430244297,1351900.0,OPTIMAL,1351022.7160462753,4732.0,371165.0,0.08,10080.0,6120.0,22679.0,9292.0,5733.0,21948.0,7.817460317460317,6.323529411764706,3.2232461748754355,1,Model contains large bounds,1e-05,90000.0,0.0009,100.0,90.0,30000000.0,1.0,4000000000.0,0.0006749999999999999,1.0,0.0022222222222222222,1.0,13450000000000.0,3020000000000.0,1.0,1.0,0.047977212,20.891266333,1.397302532336734,1.397302532336734,1.3940935990555494,0.047977212,0.0023018061939016174,-0.065088043336153,1303.9081489602104,0.000965429712978693,1300.0,0.0009625351695542721,0.0006749999999999999,0.2245353159851301,7942307.0,,0.06824398005102839,23.0,,0.0,2.0,23.0,1.561371695652174,0.126522357471284,,,,,,,,REVISAR,REVISAR,0.00100421905517578,0.0,2.3283064365386963e-10,52.3394555191823,0.0,1.02526059581269e-07,1.13686837721616e-13,1.22934579849243e-07,2.03748129479209e-12,1.68429217531227,10.8810763916647,38.6355188228486,11.5074514039887,0.00100421905517578,0.0,5.36441802978516e-07,0.0,0.0,0.0,1.0,0.0,0.0,0.0,0.0,0.0,0.0,1351902.64302443,52.3394555191823,6.98491930961609e-10,3.42428684234619e-05,0.0,0.0,0.0,1709.0,0.0,303.0,0.0,0.0,0.0,0.0,1351902.64302443,1351902.64302443,1303.9081489604432,0.0009654297129788654,empeora,423.9811708058696,DIFIERE,17730000.0,1122,/clusteruy/home/mathiasr/generator-aware-row-scaling/results-revision/r5-ablation/sgtm-gurobi-01pct/resultados/instance090_estructurado_matricial.csv,/clusteruy/home/mathiasr/generator-aware-row-scaling/results-revision/r5-ablation/sgtm-gurobi-01pct/resultados/instance090_estructurado_matricial_postprocesado.csv,/clusteruy/home/mathiasr/generator-aware-row-scaling/results-revision/r5-ablation/sgtm-gurobi-01pct/logs/instance090_estructurado_matricial.log
instance090.txt,matricial_solo_local,OK,0,20.715827949,0.065088043336153,1351902.6430244297,1351900.0,OPTIMAL,1351022.7160462753,4732.0,371165.0,0.08,10080.0,6120.0,22679.0,9292.0,5733.0,21948.0,7.817460317460317,6.323529411764706,3.2232461748754355,1,Model contains large bounds,1e-05,90000.0,0.0009,100.0,90.0,30000000.0,1.0,4000000000.0,0.0006749999999999999,1.0,0.0022222222222222222,1.0,13450000000000.0,3020000000000.0,1.0,1.0,0.046889273,20.762717222000003,1.4058999110583894,1.4058999110583894,1.4027249111758864,0.046889273,0.0022634515557590083,-0.065088043336153,1303.9081489602104,0.000965429712978693,1300.0,0.0009625351695542721,0.0006749999999999999,0.2245353159851301,7942307.0,,0.06824398005102839,23.0,,0.0,2.0,23.0,1.561371695652174,0.126651594085327,,,,,,,,REVISAR,REVISAR,0.00100421905517578,0.0,2.3283064365386963e-10,52.3394555191823,0.0,1.02526059581269e-07,1.13686837721616e-13,1.22934579849243e-07,2.03748129479209e-12,1.68429217531227,10.8810763916647,38.6355188228486,11.5074514039887,0.00100421905517578,0.0,5.36441802978516e-07,0.0,0.0,0.0,1.0,0.0,0.0,0.0,0.0,0.0,0.0,1351902.64302443,52.3394555191823,6.98491930961609e-10,3.42428684234619e-05,0.0,0.0,0.0,1709.0,0.0,303.0,0.0,0.0,0.0,0.0,1351902.64302443,1351902.64302443,1303.9081489604432,0.0009654297129788654,empeora,423.9811708058696,DIFIERE,17730000.0,1122,/clusteruy/home/mathiasr/generator-aware-row-scaling/results-revision/r5-ablation/sgtm-gurobi-01pct/resultados/instance090_matricial_solo_local.csv,/clusteruy/home/mathiasr/generator-aware-row-scaling/results-revision/r5-ablation/sgtm-gurobi-01pct/resultados/instance090_matricial_solo_local_postprocesado.csv,/clusteruy/home/mathiasr/generator-aware-row-scaling/results-revision/r5-ablation/sgtm-gurobi-01pct/logs/instance090_matricial_solo_local.log
instance090.txt,matricial_solo_acoplamiento,OK,0,25.973692962,0.0,1350598.7348754695,1350600.0,OPTIMAL,1350598.7348754695,14931.0,891046.0,0.08,10080.0,6120.0,22679.0,9292.0,5733.0,21948.0,7.817460317460317,6.323529411764706,3.2232461748754355,3,Model contains large bounds | Model contains large matrix coefficient range | Model contains large rhs,0.0006,8000000000.0,0.0009,100.0,40.0,6000000000.0,1.0,4000000000.0,1.0,1.0,1.0,1.0,13450000000000.0,13450000000000.0,1.0,1.0,0.04126514,26.014958102,1.1213030320181854,1.1213030320181854,1.1195244119482533,0.04126514,0.001588728259026226,0.0,0.0,0.0,0.0,0.0,1.0,1.0,116381064.0,,1.0000000012507018,36.0,,1.0,2.0,36.0,0.9975430277777778,0.458904846103243,,,,,,,,OK,REVISAR,2.38418579101562e-07,0.0,4.656612873077393e-10,52.7399434186913,0.0,1.96875472527842e-09,9.25481913327505e-14,8.19563865661621e-08,2.55129251058861e-11,1.70277661453271,11.1524218138981,38.9926508851061,11.5955034289051,6.25277607468888e-13,1.74622982740402e-10,2.38418579101562e-07,0.0,2.11002770811319e-10,0.0,0.0,0.0,0.0,0.0,0.0,0.0,0.0,1350598.73487547,52.7399434186913,8.14907252788544e-10,3.45110893249512e-05,0.0,0.0,0.0,1715.0,0.0,304.0,0.0,0.0,0.0,0.0,1350598.73487547,1350598.73487547,4.656612873077393e-10,3.4478137383319485e-16,igual,0.0,OK,0.0,0,/clusteruy/home/mathiasr/generator-aware-row-scaling/results-revision/r5-ablation/sgtm-gurobi-01pct/resultados/instance090_matricial_solo_acoplamiento.csv,/clusteruy/home/mathiasr/generator-aware-row-scaling/results-revision/r5-ablation/sgtm-gurobi-01pct/resultados/instance090_matricial_solo_acoplamiento_postprocesado.csv,/clusteruy/home/mathiasr/generator-aware-row-scaling/results-revision/r5-ablation/sgtm-gurobi-01pct/logs/instance090_matricial_solo_acoplamiento.log
instance091.txt,base,OK,0,46.500939967,0.0,410400.1379139093,410400.0,OPTIMAL,410400.1379139093,27829.0,1454055.0,0.11,10080.0,6120.0,22679.0,9171.0,5702.0,21913.0,9.017857142857142,6.830065359477124,3.3775739671061333,3,Model contains large bounds | Model contains large matrix coefficient range | Model contains large rhs,0.0007,10000000000.0,0.0009,100.0,40.0,7000000000.0,1.0,4000000000.0,,,,,,,,,0.0,46.500939967,1.0,1.0,1.0,0.0,0.0,0.0,,,0.0,,,,2485214.306774,,,55.300603,,0.995913,2.931939,55.300603,1.0,0.934625042995605,,,,,,,,BASE,BASE,,,,,,1.79834721444145e-09,1.13686837721616e-13,7.5288116931912e-08,3.29691829392686e-12,0.23654485799074,4.09781932830811e-08,7.31543790682763,10.8889776735535,5.11590769747272e-13,0.0,2.34693288803101e-07,0.0,0.0,0.0,0.0,0.0,0.0,0.0,0.0,0.0,0.0,410400.137913909,39.0346313622721,1.28056854009628e-09,2.54623591899872e-05,0.0,0.0,0.0,282.0,0.0,97.0,0.0,0.0,0.0,0.0,410400.137913909,,,,,,BASE,0.0,0,/clusteruy/home/mathiasr/generator-aware-row-scaling/results-revision/r5-ablation/sgtm-gurobi-01pct/resultados/instance091_base.csv,/clusteruy/home/mathiasr/generator-aware-row-scaling/results-revision/r5-ablation/sgtm-gurobi-01pct/resultados/instance091_base_postprocesado.csv,/clusteruy/home/mathiasr/generator-aware-row-scaling/results-revision/r5-ablation/sgtm-gurobi-01pct/logs/instance091_base.log
instance091.txt,estructurado,OK,0,43.795673531,0.0,410400.13791390805,410400.0,OPTIMAL,410400.13791390805,15395.0,1120611.0,0.11,10080.0,6120.0,22679.0,9171.0,5702.0,21913.0,9.017857142857142,6.830065359477124,3.3775739671061333,1,Model contains large bounds,1e-05,100000.0,0.0009,100.0,10.0,4000000.0,1.0,4000000000.0,0.0007,1.0,0.002285714285714286,1.0,13650000000000.0,374000000000.0,1.0,1.118,0.046831644,43.842505175,1.0617701754052287,1.0617701754052287,1.0606360147849376,0.046831644,0.0010693212416713043,0.0,-1.2223608791828156e-09,-2.978461180340133e-15,0.0,0.0,0.0007,0.0273992673992674,29376.0,,0.011820308582615683,50.0,,1.0,4.0,50.0,1.10601206,0.934490702669883,,,,,,,,OK,REVISAR,5.99771738052368e-07,0.0,1.0477378964424133e-09,39.0346313622722,0.0,3.17353332863087e-09,1.13686837721616e-13,1.19209289550781e-07,3.29691829392686e-12,0.236544858701896,7.07805156707764e-08,7.31543790682771,10.8889776735534,5.6843418860808e-13,5.82076609134674e-11,5.99771738052368e-07,0.0,0.0,0.0,0.0,0.0,0.0,0.0,0.0,0.0,0.0,410400.137913907,39.0346313622722,1.33877620100975e-09,2.54660844802856e-05,0.0,0.0,0.0,282.0,0.0,96.0,0.0,0.0,0.0,0.0,410400.137913907,410400.137913907,-2.270098775625229e-09,5.531427906345961e-15,igual,-1.2223608791828156e-09,OK,0.0,0,/clusteruy/home/mathiasr/generator-aware-row-scaling/results-revision/r5-ablation/sgtm-gurobi-01pct/resultados/instance091_estructurado.csv,/clusteruy/home/mathiasr/generator-aware-row-scaling/results-revision/r5-ablation/sgtm-gurobi-01pct/resultados/instance091_estructurado_postprocesado.csv,/clusteruy/home/mathiasr/generator-aware-row-scaling/results-revision/r5-ablation/sgtm-gurobi-01pct/logs/instance091_estructurado.log
instance091.txt,estructurado_solo_local,OK,0,44.376153665,0.0,410400.13791390805,410400.0,OPTIMAL,410400.13791390805,15395.0,1120611.0,0.11,10080.0,6120.0,22679.0,9171.0,5702.0,21913.0,9.017857142857142,6.830065359477124,3.3775739671061333,1,Model contains large bounds,1e-05,100000.0,0.0009,100.0,10.0,4000000.0,1.0,4000000000.0,0.0007,1.0,0.002285714285714286,1.0,13650000000000.0,374000000000.0,1.0,1.118,0.046597573,44.422751238,1.0478812633929526,1.0478812633929526,1.0467820806024792,0.046597573,0.0010500588525938891,0.0,-1.2223608791828156e-09,-2.978461180340133e-15,0.0,0.0,0.0007,0.0273992673992674,29376.0,,0.011820308582615683,50.0,,1.0,4.0,50.0,1.10601206,0.935102201606186,,,,,,,,OK,REVISAR,5.99771738052368e-07,0.0,1.0477378964424133e-09,39.0346313622722,0.0,3.17353332863087e-09,1.13686837721616e-13,1.19209289550781e-07,3.29691829392686e-12,0.236544858701896,7.07805156707764e-08,7.31543790682771,10.8889776735534,5.6843418860808e-13,5.82076609134674e-11,5.99771738052368e-07,0.0,0.0,0.0,0.0,0.0,0.0,0.0,0.0,0.0,0.0,410400.137913907,39.0346313622722,1.33877620100975e-09,2.54660844802856e-05,0.0,0.0,0.0,282.0,0.0,96.0,0.0,0.0,0.0,0.0,410400.137913907,410400.137913907,-2.270098775625229e-09,5.531427906345961e-15,igual,-1.2223608791828156e-09,OK,0.0,0,/clusteruy/home/mathiasr/generator-aware-row-scaling/results-revision/r5-ablation/sgtm-gurobi-01pct/resultados/instance091_estructurado_solo_local.csv,/clusteruy/home/mathiasr/generator-aware-row-scaling/results-revision/r5-ablation/sgtm-gurobi-01pct/resultados/instance091_estructurado_solo_local_postprocesado.csv,/clusteruy/home/mathiasr/generator-aware-row-scaling/results-revision/r5-ablation/sgtm-gurobi-01pct/logs/instance091_estructurado_solo_local.log
instance091.txt,estructurado_solo_acoplamiento,OK,0,46.383185448,0.0,410400.1379139093,410400.0,OPTIMAL,410400.1379139093,27829.0,1454055.0,0.11,10080.0,6120.0,22679.0,9171.0,5702.0,21913.0,9.017857142857142,6.830065359477124,3.3775739671061333,3,Model contains large bounds | Model contains large matrix coefficient range | Model contains large rhs,0.0007,10000000000.0,0.0009,100.0,40.0,7000000000.0,1.0,4000000000.0,1.0,1.0,1.0,1.0,13650000000000.0,13650000000000.0,1.0,1.0,0.04013107,46.423316518,1.0025387329020776,1.0025387329020776,1.0016720789211582,0.04013107,0.0008652072860539252,0.0,0.0,0.0,0.0,0.0,1.0,1.0,2485214.0,,0.9999998765603436,55.0,,1.0,3.0,55.0,1.005465509090909,0.934104411344367,,,,,,,,OK,REVISAR,2.34693288803101e-07,0.0,2.9103830456733704e-10,39.0346313622721,0.0,1.79834721444145e-09,1.13686837721616e-13,7.5288116931912e-08,3.29691829392686e-12,0.23654485799074,4.09781932830811e-08,7.31543790682763,10.8889776735535,5.11590769747272e-13,0.0,2.34693288803101e-07,0.0,0.0,0.0,0.0,0.0,0.0,0.0,0.0,0.0,0.0,410400.137913909,39.0346313622721,1.28056854009628e-09,2.54623591899872e-05,0.0,0.0,0.0,282.0,0.0,97.0,0.0,0.0,0.0,0.0,410400.137913909,410400.137913909,-2.9103830456733704e-10,7.091574238905078e-16,igual,0.0,OK,0.0,0,/clusteruy/home/mathiasr/generator-aware-row-scaling/results-revision/r5-ablation/sgtm-gurobi-01pct/resultados/instance091_estructurado_solo_acoplamiento.csv,/clusteruy/home/mathiasr/generator-aware-row-scaling/results-revision/r5-ablation/sgtm-gurobi-01pct/resultados/instance091_estructurado_solo_acoplamiento_postprocesado.csv,/clusteruy/home/mathiasr/generator-aware-row-scaling/results-revision/r5-ablation/sgtm-gurobi-01pct/logs/instance091_estructurado_solo_acoplamiento.log
instance091.txt,estructurado_matricial,OK,0,87.973012035,0.0,410400.1379139075,410400.0,OPTIMAL,410400.1379139075,35250.0,3144275.0,0.11,10080.0,6120.0,22679.0,9171.0,5702.0,21913.0,9.017857142857142,6.830065359477124,3.3775739671061333,1,Model contains large bounds,1e-05,100000.0,0.0009,100.0,90.0,40000000.0,1.0,4000000000.0,0.0007,1.0,0.0025396825396825397,1.0,13650000000000.0,4323000000000.0,1.0,1.0,0.047819477,88.020831512,0.5285818785936264,0.5285818785936264,0.5282947135151803,0.047819477,0.0005435698505011407,0.0,-1.7462298274040222e-09,-4.254944543343047e-15,0.0,0.0,0.0007,0.3167032967032967,217940.0,,0.08769465047982238,122.0,,1.0,4.0,122.0,0.453283631147541,0.896106675572196,,,,,,,,OK,REVISAR,4.91738319396973e-07,0.0,5.238689482212067e-10,39.0346313622721,0.0,3.30694154846363e-09,1.13686837721616e-13,1.34892761707303e-07,3.97903932025656e-13,0.236544858959528,6.70552253723145e-08,7.31543790682754,10.8889776735535,2.27373675443232e-13,0.0,4.91738319396973e-07,0.0,0.0,0.0,0.0,0.0,0.0,0.0,0.0,0.0,0.0,410400.137913907,39.0346313622721,0.0,2.54698097705841e-05,0.0,0.0,0.0,282.0,0.0,98.0,0.0,0.0,0.0,0.0,410400.137913907,410400.137913907,-2.270098775625229e-09,5.531427906345961e-15,igual,-1.7462298274040222e-09,OK,0.0,0,/clusteruy/home/mathiasr/generator-aware-row-scaling/results-revision/r5-ablation/sgtm-gurobi-01pct/resultados/instance091_estructurado_matricial.csv,/clusteruy/home/mathiasr/generator-aware-row-scaling/results-revision/r5-ablation/sgtm-gurobi-01pct/resultados/instance091_estructurado_matricial_postprocesado.csv,/clusteruy/home/mathiasr/generator-aware-row-scaling/results-revision/r5-ablation/sgtm-gurobi-01pct/logs/instance091_estructurado_matricial.log
instance091.txt,matricial_solo_local,OK,0,86.44286263,0.0,410400.1379139075,410400.0,OPTIMAL,410400.1379139075,35250.0,3144275.0,0.11,10080.0,6120.0,22679.0,9171.0,5702.0,21913.0,9.017857142857142,6.830065359477124,3.3775739671061333,1,Model contains large bounds,1e-05,100000.0,0.0009,100.0,90.0,40000000.0,1.0,4000000000.0,0.0007,1.0,0.0025396825396825397,1.0,13650000000000.0,4323000000000.0,1.0,1.0,0.046980274,86.489842904,0.5379384549773326,0.5379384549773326,0.5376462530821572,0.046980274,0.000543483551685336,0.0,-1.7462298274040222e-09,-4.254944543343047e-15,0.0,0.0,0.0007,0.3167032967032967,217940.0,,0.08769465047982238,122.0,,1.0,4.0,122.0,0.453283631147541,0.896396548141064,,,,,,,,OK,REVISAR,4.91738319396973e-07,0.0,5.238689482212067e-10,39.0346313622721,0.0,3.30694154846363e-09,1.13686837721616e-13,1.34892761707303e-07,3.97903932025656e-13,0.236544858959528,6.70552253723145e-08,7.31543790682754,10.8889776735535,2.27373675443232e-13,0.0,4.91738319396973e-07,0.0,0.0,0.0,0.0,0.0,0.0,0.0,0.0,0.0,0.0,410400.137913907,39.0346313622721,0.0,2.54698097705841e-05,0.0,0.0,0.0,282.0,0.0,98.0,0.0,0.0,0.0,0.0,410400.137913907,410400.137913907,-2.270098775625229e-09,5.531427906345961e-15,igual,-1.7462298274040222e-09,OK,0.0,0,/clusteruy/home/mathiasr/generator-aware-row-scaling/results-revision/r5-ablation/sgtm-gurobi-01pct/resultados/instance091_matricial_solo_local.csv,/clusteruy/home/mathiasr/generator-aware-row-scaling/results-revision/r5-ablation/sgtm-gurobi-01pct/resultados/instance091_matricial_solo_local_postprocesado.csv,/clusteruy/home/mathiasr/generator-aware-row-scaling/results-revision/r5-ablation/sgtm-gurobi-01pct/logs/instance091_matricial_solo_local.log
instance091.txt,matricial_solo_acoplamiento,OK,0,45.805672515,0.0,410400.1379139093,410400.0,OPTIMAL,410400.1379139093,27829.0,1454055.0,0.11,10080.0,6120.0,22679.0,9171.0,5702.0,21913.0,9.017857142857142,6.830065359477124,3.3775739671061333,3,Model contains large bounds | Model contains large matrix coefficient range | Model contains large rhs,0.0007,10000000000.0,0.0009,100.0,40.0,7000000000.0,1.0,4000000000.0,1.0,1.0,1.0,1.0,13650000000000.0,13650000000000.0,1.0,1.0,0.040897141,45.846569656,1.015178632117503,1.015178632117503,1.014273048472545,0.040897141,0.0008928400950036789,0.0,0.0,0.0,0.0,0.0,1.0,1.0,2485214.0,,0.9999998765603436,55.0,,1.0,3.0,55.0,1.005465509090909,0.934437414255532,,,,,,,,OK,REVISAR,2.34693288803101e-07,0.0,2.9103830456733704e-10,39.0346313622721,0.0,1.79834721444145e-09,1.13686837721616e-13,7.5288116931912e-08,3.29691829392686e-12,0.23654485799074,4.09781932830811e-08,7.31543790682763,10.8889776735535,5.11590769747272e-13,0.0,2.34693288803101e-07,0.0,0.0,0.0,0.0,0.0,0.0,0.0,0.0,0.0,0.0,410400.137913909,39.0346313622721,1.28056854009628e-09,2.54623591899872e-05,0.0,0.0,0.0,282.0,0.0,97.0,0.0,0.0,0.0,0.0,410400.137913909,410400.137913909,-2.9103830456733704e-10,7.091574238905078e-16,igual,0.0,OK,0.0,0,/clusteruy/home/mathiasr/generator-aware-row-scaling/results-revision/r5-ablation/sgtm-gurobi-01pct/resultados/instance091_matricial_solo_acoplamiento.csv,/clusteruy/home/mathiasr/generator-aware-row-scaling/results-revision/r5-ablation/sgtm-gurobi-01pct/resultados/instance091_matricial_solo_acoplamiento_postprocesado.csv,/clusteruy/home/mathiasr/generator-aware-row-scaling/results-revision/r5-ablation/sgtm-gurobi-01pct/logs/instance091_matricial_solo_acoplamiento.log
instance092.txt,base,OK,0,57.182818488,0.0,12389020.70934378,12389000.0,OPTIMAL,12389020.70934378,35661.0,2967690.0,0.09,10080.0,6120.0,22679.0,9218.0,5719.0,21878.0,8.551587301587302,6.552287581699346,3.5319017593368316,3,Model contains large bounds | Model contains large matrix coefficient range | Model contains large rhs,0.0006,8000000000.0,0.0004,100.0,40.0,6000000000.0,1.0,4000000000.0,,,,,,,,,0.0,57.182818488,1.0,1.0,1.0,0.0,0.0,0.0,,,0.0,,,,87387564.909915,,,66.80015,,0.85621,1.970974,66.80015,1.0,0.693978843546259,,,,,,,,BASE,BASE,,,,,,1.72616276475401e-10,0.0,1.13686837721616e-13,1.70530256582424e-13,0.440488502660408,1.05394050478935e-05,15.6106609644172,9.43725478185263,1.13686837721616e-13,1.16415321826935e-10,1.19209289550781e-07,0.0,0.0,0.0,0.0,0.0,0.0,0.0,0.0,0.0,0.0,12389020.7093438,43.5521348687307,1.16415321826935e-10,2.84090638160706e-05,0.0,0.0,0.0,413.0,0.0,188.0,0.0,0.0,0.0,0.0,12389020.7093438,,,,,,BASE,0.0,0,/clusteruy/home/mathiasr/generator-aware-row-scaling/results-revision/r5-ablation/sgtm-gurobi-01pct/resultados/instance092_base.csv,/clusteruy/home/mathiasr/generator-aware-row-scaling/results-revision/r5-ablation/sgtm-gurobi-01pct/resultados/instance092_base_postprocesado.csv,/clusteruy/home/mathiasr/generator-aware-row-scaling/results-revision/r5-ablation/sgtm-gurobi-01pct/logs/instance092_base.log
instance092.txt,estructurado,OK,0,55.997554501,0.0,12389210.755849177,12389200.0,OPTIMAL,12389210.755849177,27158.0,2907453.0,0.09,10080.0,6120.0,22679.0,9219.0,5720.0,21878.0,8.541666666666666,6.5359477124183005,3.5319017593368316,1,Model contains large bounds,1e-05,90000.0,0.0004,100.0,10.0,4000000.0,1.0,4000000000.0,0.0006749999999999999,1.0,0.0026666666666666666,1.0,14060000000000.0,383700000000.0,1.0,1.118,0.047192915,56.044747416,1.0211663526659693,1.0211663526659693,1.0203064716047787,0.047192915,0.0008427674283375577,0.0,190.04650539718568,1.5339913448837237e-05,200.0,1.6143352974412785e-05,0.0006749999999999999,0.02729018492176387,1760614.0,,0.020147191443255795,75.0,,1.0,2.0,75.0,0.8906686666666667,0.654094479155648,,,,,,,,OK,REVISAR,9.5367431640625e-07,0.0,7.636845111846924e-08,43.5521348687307,0.0,4.10148304138e-09,2.27373675443232e-13,2.38418579101562e-07,2.0122570276726e-11,0.475560078394622,1.56234949827193e-05,15.1690975382921,9.43725478185266,5.31485966348555e-12,6.51925802230835e-09,9.5367431640625e-07,0.0,0.0,0.0,0.0,0.0,0.0,0.0,0.0,0.0,0.0,12389210.7558491,43.5521348687307,1.62981450557709e-08,2.84090638160706e-05,0.0,0.0,0.0,461.0,0.0,201.0,0.0,0.0,0.0,0.0,12389210.7558491,12389210.7558491,190.04650532081723,1.5339913442673033e-05,empeora,190.04650539718568,DIFIERE,152536000.0,1228,/clusteruy/home/mathiasr/generator-aware-row-scaling/results-revision/r5-ablation/sgtm-gurobi-01pct/resultados/instance092_estructurado.csv,/clusteruy/home/mathiasr/generator-aware-row-scaling/results-revision/r5-ablation/sgtm-gurobi-01pct/resultados/instance092_estructurado_postprocesado.csv,/clusteruy/home/mathiasr/generator-aware-row-scaling/results-revision/r5-ablation/sgtm-gurobi-01pct/logs/instance092_estructurado.log
instance092.txt,estructurado_solo_local,OK,0,55.611158789,0.0,12389210.755849177,12389200.0,OPTIMAL,12389210.755849177,27158.0,2907453.0,0.09,10080.0,6120.0,22679.0,9219.0,5720.0,21878.0,8.541666666666666,6.5359477124183005,3.5319017593368316,1,Model contains large bounds,1e-05,90000.0,0.0004,100.0,10.0,4000000.0,1.0,4000000000.0,0.0006749999999999999,1.0,0.0026666666666666666,1.0,14060000000000.0,383700000000.0,1.0,1.118,0.046326151,55.65748494,1.028261588739109,1.028261588739109,1.0274057217936516,0.046326151,0.0008330369661198897,0.0,190.04650539718568,1.5339913448837237e-05,200.0,1.6143352974412785e-05,0.0006749999999999999,0.02729018492176387,1760614.0,,0.020147191443255795,75.0,,1.0,2.0,75.0,0.8906686666666667,0.649874080515512,,,,,,,,OK,REVISAR,9.5367431640625e-07,0.0,7.636845111846924e-08,43.5521348687307,0.0,4.10148304138e-09,2.27373675443232e-13,2.38418579101562e-07,2.0122570276726e-11,0.475560078394622,1.56234949827193e-05,15.1690975382921,9.43725478185266,5.31485966348555e-12,6.51925802230835e-09,9.5367431640625e-07,0.0,0.0,0.0,0.0,0.0,0.0,0.0,0.0,0.0,0.0,12389210.7558491,43.5521348687307,1.62981450557709e-08,2.84090638160706e-05,0.0,0.0,0.0,461.0,0.0,201.0,0.0,0.0,0.0,0.0,12389210.7558491,12389210.7558491,190.04650532081723,1.5339913442673033e-05,empeora,190.04650539718568,DIFIERE,152536000.0,1228,/clusteruy/home/mathiasr/generator-aware-row-scaling/results-revision/r5-ablation/sgtm-gurobi-01pct/resultados/instance092_estructurado_solo_local.csv,/clusteruy/home/mathiasr/generator-aware-row-scaling/results-revision/r5-ablation/sgtm-gurobi-01pct/resultados/instance092_estructurado_solo_local_postprocesado.csv,/clusteruy/home/mathiasr/generator-aware-row-scaling/results-revision/r5-ablation/sgtm-gurobi-01pct/logs/instance092_estructurado_solo_local.log
instance092.txt,estructurado_solo_acoplamiento,OK,0,51.266465987,0.0,12389020.70934378,12389000.0,OPTIMAL,12389020.70934378,35661.0,2967690.0,0.09,10080.0,6120.0,22679.0,9218.0,5719.0,21878.0,8.551587301587302,6.552287581699346,3.5319017593368316,3,Model contains large bounds | Model contains large matrix coefficient range | Model contains large rhs,0.0006,8000000000.0,0.0004,100.0,40.0,6000000000.0,1.0,4000000000.0,1.0,1.0,1.0,1.0,14060000000000.0,14060000000000.0,1.0,1.0,0.040642755,51.307108742,1.1154039465583654,1.1154039465583654,1.1145203830437271,0.040642755,0.0007927746572253698,0.0,0.0,0.0,0.0,0.0,1.0,1.0,87387565.0,,1.0000000010308674,67.0,,1.0,2.0,67.0,0.9970171641791045,0.674684664684249,,,,,,,,OK,REVISAR,1.19209289550781e-07,0.0,2.0489096641540527e-08,43.5521348687307,0.0,1.72616276475401e-10,0.0,1.13686837721616e-13,1.70530256582424e-13,0.440488502660408,1.05394050478935e-05,15.6106609644172,9.43725478185263,1.13686837721616e-13,1.16415321826935e-10,1.19209289550781e-07,0.0,0.0,0.0,0.0,0.0,0.0,0.0,0.0,0.0,0.0,12389020.7093438,43.5521348687307,1.16415321826935e-10,2.84090638160706e-05,0.0,0.0,0.0,413.0,0.0,188.0,0.0,0.0,0.0,0.0,12389020.7093438,12389020.7093438,2.0489096641540527e-08,1.653810831560535e-15,igual,0.0,OK,0.0,0,/clusteruy/home/mathiasr/generator-aware-row-scaling/results-revision/r5-ablation/sgtm-gurobi-01pct/resultados/instance092_estructurado_solo_acoplamiento.csv,/clusteruy/home/mathiasr/generator-aware-row-scaling/results-revision/r5-ablation/sgtm-gurobi-01pct/resultados/instance092_estructurado_solo_acoplamiento_postprocesado.csv,/clusteruy/home/mathiasr/generator-aware-row-scaling/results-revision/r5-ablation/sgtm-gurobi-01pct/logs/instance092_estructurado_solo_acoplamiento.log
instance092.txt,estructurado_matricial,OK,0,52.55171257,0.0,12460930.89444523,12460900.0,OPTIMAL,12460930.89444523,29938.0,2561318.0,0.09,10080.0,6120.0,22679.0,9218.0,5719.0,21878.0,8.551587301587302,6.552287581699346,3.5319017593368316,1,Model contains large bounds,1e-05,90000.0,0.0004,100.0,90.0,30000000.0,1.0,4000000000.0,0.0006749999999999999,1.0,0.0022222222222222222,1.0,14060000000000.0,3005000000000.0,1.0,1.0,0.047965904,52.599678474,1.0881247383105026,1.0881247383105026,1.0871324720409734,0.047965904,0.0009127372192886843,0.0,71910.18510144949,0.0058043478002434,71900.0,0.0058035353943013965,0.0006749999999999999,0.21372688477951635,10922981.0,,0.12499468329687577,67.0,,1.0,3.0,67.0,0.9970171641791045,0.639004201945455,,,,,,,,OK,REVISAR,3.01748514175415e-07,0.0,2.9802322387695312e-08,43.5521348687282,0.0,1.89967927229708e-09,5.6843418860808e-14,1.08815729618069e-07,1.43813849717844e-11,0.461587816680952,1.28865242004394e-05,15.2693713378083,9.43725478185212,4.67767407330913e-12,7.45058059692383e-09,3.01748514175415e-07,0.0,2.07364792004228e-10,0.0,0.0,0.0,0.0,0.0,0.0,0.0,0.0,12460930.8944452,43.5521348687282,1.72294676303864e-08,2.85729765892029e-05,0.0,8.36735125631094e-11,0.0,440.0,0.0,194.0,0.0,0.0,0.0,0.0,12460930.8944452,12460930.8944452,71910.18510141969,0.005804347800240994,empeora,71910.18510144949,DIFIERE,163780000.0,1224,/clusteruy/home/mathiasr/generator-aware-row-scaling/results-revision/r5-ablation/sgtm-gurobi-01pct/resultados/instance092_estructurado_matricial.csv,/clusteruy/home/mathiasr/generator-aware-row-scaling/results-revision/r5-ablation/sgtm-gurobi-01pct/resultados/instance092_estructurado_matricial_postprocesado.csv,/clusteruy/home/mathiasr/generator-aware-row-scaling/results-revision/r5-ablation/sgtm-gurobi-01pct/logs/instance092_estructurado_matricial.log
instance092.txt,matricial_solo_local,OK,0,52.788457552,0.0,12460930.89444523,12460900.0,OPTIMAL,12460930.89444523,29938.0,2561318.0,0.09,10080.0,6120.0,22679.0,9218.0,5719.0,21878.0,8.551587301587302,6.552287581699346,3.5319017593368316,1,Model contains large bounds,1e-05,90000.0,0.0004,100.0,90.0,30000000.0,1.0,4000000000.0,0.0006749999999999999,1.0,0.0022222222222222222,1.0,14060000000000.0,3005000000000.0,1.0,1.0,0.046843727,52.835301279,1.083244730757122,1.083244730757122,1.0822843270267861,0.046843727,0.0008873857879604825,0.0,71910.18510144949,0.0058043478002434,71900.0,0.0058035353943013965,0.0006749999999999999,0.21372688477951635,10922981.0,,0.12499468329687577,67.0,,1.0,3.0,67.0,0.9970171641791045,0.644263751663532,,,,,,,,OK,REVISAR,3.01748514175415e-07,0.0,2.9802322387695312e-08,43.5521348687282,0.0,1.89967927229708e-09,5.6843418860808e-14,1.08815729618069e-07,1.43813849717844e-11,0.461587816680952,1.28865242004394e-05,15.2693713378083,9.43725478185212,4.67767407330913e-12,7.45058059692383e-09,3.01748514175415e-07,0.0,2.07364792004228e-10,0.0,0.0,0.0,0.0,0.0,0.0,0.0,0.0,12460930.8944452,43.5521348687282,1.72294676303864e-08,2.85729765892029e-05,0.0,8.36735125631094e-11,0.0,440.0,0.0,194.0,0.0,0.0,0.0,0.0,12460930.8944452,12460930.8944452,71910.18510141969,0.005804347800240994,empeora,71910.18510144949,DIFIERE,163780000.0,1224,/clusteruy/home/mathiasr/generator-aware-row-scaling/results-revision/r5-ablation/sgtm-gurobi-01pct/resultados/instance092_matricial_solo_local.csv,/clusteruy/home/mathiasr/generator-aware-row-scaling/results-revision/r5-ablation/sgtm-gurobi-01pct/resultados/instance092_matricial_solo_local_postprocesado.csv,/clusteruy/home/mathiasr/generator-aware-row-scaling/results-revision/r5-ablation/sgtm-gurobi-01pct/logs/instance092_matricial_solo_local.log
instance092.txt,matricial_solo_acoplamiento,OK,0,49.688273312,0.0,12389020.70934378,12389000.0,OPTIMAL,12389020.70934378,35661.0,2967690.0,0.09,10080.0,6120.0,22679.0,9218.0,5719.0,21878.0,8.551587301587302,6.552287581699346,3.5319017593368316,3,Model contains large bounds | Model contains large matrix coefficient range | Model contains large rhs,0.0006,8000000000.0,0.0004,100.0,40.0,6000000000.0,1.0,4000000000.0,1.0,1.0,1.0,1.0,14060000000000.0,14060000000000.0,1.0,1.0,0.040932756,49.729206067999996,1.1508312661408184,1.1508312661408184,1.1498840019647185,0.040932756,0.0008237910732574099,0.0,0.0,0.0,0.0,0.0,1.0,1.0,87387565.0,,1.0000000010308674,67.0,,1.0,2.0,67.0,0.9970171641791045,0.679397177693794,,,,,,,,OK,REVISAR,1.19209289550781e-07,0.0,2.0489096641540527e-08,43.5521348687307,0.0,1.72616276475401e-10,0.0,1.13686837721616e-13,1.70530256582424e-13,0.440488502660408,1.05394050478935e-05,15.6106609644172,9.43725478185263,1.13686837721616e-13,1.16415321826935e-10,1.19209289550781e-07,0.0,0.0,0.0,0.0,0.0,0.0,0.0,0.0,0.0,0.0,12389020.7093438,43.5521348687307,1.16415321826935e-10,2.84090638160706e-05,0.0,0.0,0.0,413.0,0.0,188.0,0.0,0.0,0.0,0.0,12389020.7093438,12389020.7093438,2.0489096641540527e-08,1.653810831560535e-15,igual,0.0,OK,0.0,0,/clusteruy/home/mathiasr/generator-aware-row-scaling/results-revision/r5-ablation/sgtm-gurobi-01pct/resultados/instance092_matricial_solo_acoplamiento.csv,/clusteruy/home/mathiasr/generator-aware-row-scaling/results-revision/r5-ablation/sgtm-gurobi-01pct/resultados/instance092_matricial_solo_acoplamiento_postprocesado.csv,/clusteruy/home/mathiasr/generator-aware-row-scaling/results-revision/r5-ablation/sgtm-gurobi-01pct/logs/instance092_matricial_solo_acoplamiento.log
instance093.txt,base,OK,0,70.119561144,0.08071407807752,3885102.00994519,3885100.0,OPTIMAL,3881966.1856754916,30421.0,3168837.0,0.11,10080.0,6120.0,22679.0,9254.0,5700.0,22091.0,8.194444444444445,6.862745098039215,2.5927069094757265,3,Model contains large bounds | Model contains large matrix coefficient range | Model contains large rhs,0.0007,10000000000.0,0.0004,100.0,40.0,8000000000.0,1.0,4000000000.0,,,,,,,,,0.0,70.119561144,1.0,1.0,1.0,0.0,0.0,0.0,,,0.0,,,,221054400.592717,,,86.068064,,0.963234,2.747457,86.068064,1.0,0.866365224139993,,,,,,,,BASE,BASE,,,,,,1.54848958162152e-09,1.13686837721616e-13,5.58793544769287e-08,3.49587025993969e-11,0.341220845002164,4.4703483581543e-08,14.38142633965,9.7327387370984,1.02318153949454e-12,6.98491930961609e-09,2.34693288803101e-07,0.0,2.63753463514149e-10,0.0,0.0,0.0,0.0,0.0,0.0,0.0,0.0,3885102.00994518,35.2218325198987,6.98491930961609e-09,2.20537185668945e-05,0.0,4.36557456851006e-11,0.0,312.0,0.0,104.0,0.0,0.0,0.0,0.0,3885102.00994518,,,,,,BASE,0.0,0,/clusteruy/home/mathiasr/generator-aware-row-scaling/results-revision/r5-ablation/sgtm-gurobi-01pct/resultados/instance093_base.csv,/clusteruy/home/mathiasr/generator-aware-row-scaling/results-revision/r5-ablation/sgtm-gurobi-01pct/resultados/instance093_base_postprocesado.csv,/clusteruy/home/mathiasr/generator-aware-row-scaling/results-revision/r5-ablation/sgtm-gurobi-01pct/logs/instance093_base.log
instance093.txt,estructurado,OK,0,81.80416176,0.0,3885102.0099452706,3885100.0,OPTIMAL,3885102.0099452706,38713.0,4995841.0,0.11,10080.0,6120.0,22679.0,9253.0,5700.0,22088.0,8.204365079365079,6.862745098039215,2.6059350059526434,1,Model contains large bounds,1e-05,100000.0,0.0004,100.0,10.0,4000000.0,1.0,4000000000.0,0.0007,1.0,0.002,1.0,14600000000000.0,430100000000.0,1.0,1.118,0.04631158,81.85047334,0.8571637388048703,0.8571637388048703,0.8566787494646394,0.04631158,0.0005661274317053768,0.08071407807752,8.055940270423889e-08,2.0735466532930343e-14,0.0,0.0,0.0007,0.02945890410958904,2394452.0,,0.010831958077195995,106.0,,1.0,3.0,106.0,0.8119628679245283,0.825878043948089,,,,,,,,OK,REVISAR,5.99771738052368e-07,0.0,4.656612873077393e-10,35.2218325198987,0.0,3.67152780911614e-09,2.27373675443232e-13,1.22934579849243e-07,3.41060513164848e-13,0.334852054679475,7.46920704841587e-08,13.5595055762672,9.7327387370984,2.27373675443232e-13,0.0,5.99771738052368e-07,0.0,0.0,0.0,0.0,0.0,0.0,0.0,0.0,0.0,0.0,3885102.00994527,35.2218325198987,0.0,2.20499932765961e-05,0.0,0.0,0.0,310.0,0.0,101.0,0.0,0.0,0.0,0.0,3885102.00994527,3885102.00994527,8.009374141693115e-08,2.061560834487872e-14,igual,3135.8242697790265,DIFIERE,86326000.0,708,/clusteruy/home/mathiasr/generator-aware-row-scaling/results-revision/r5-ablation/sgtm-gurobi-01pct/resultados/instance093_estructurado.csv,/clusteruy/home/mathiasr/generator-aware-row-scaling/results-revision/r5-ablation/sgtm-gurobi-01pct/resultados/instance093_estructurado_postprocesado.csv,/clusteruy/home/mathiasr/generator-aware-row-scaling/results-revision/r5-ablation/sgtm-gurobi-01pct/logs/instance093_estructurado.log
instance093.txt,estructurado_solo_local,OK,0,84.983809322,0.0,3885102.0099452706,3885100.0,OPTIMAL,3885102.0099452706,38713.0,4995841.0,0.11,10080.0,6120.0,22679.0,9253.0,5700.0,22088.0,8.204365079365079,6.862745098039215,2.6059350059526434,1,Model contains large bounds,1e-05,100000.0,0.0004,100.0,10.0,4000000.0,1.0,4000000000.0,0.0007,1.0,0.002,1.0,14600000000000.0,430100000000.0,1.0,1.118,0.046924622,85.030733944,0.825093176022741,0.825093176022741,0.8246378443608369,0.046924622,0.000552159551029357,0.08071407807752,8.055940270423889e-08,2.0735466532930343e-14,0.0,0.0,0.0007,0.02945890410958904,2394452.0,,0.010831958077195995,106.0,,1.0,3.0,106.0,0.8119628679245283,0.830174420516849,,,,,,,,OK,REVISAR,5.99771738052368e-07,0.0,4.656612873077393e-10,35.2218325198987,0.0,3.67152780911614e-09,2.27373675443232e-13,1.22934579849243e-07,3.41060513164848e-13,0.334852054679475,7.46920704841587e-08,13.5595055762672,9.7327387370984,2.27373675443232e-13,0.0,5.99771738052368e-07,0.0,0.0,0.0,0.0,0.0,0.0,0.0,0.0,0.0,0.0,3885102.00994527,35.2218325198987,0.0,2.20499932765961e-05,0.0,0.0,0.0,310.0,0.0,101.0,0.0,0.0,0.0,0.0,3885102.00994527,3885102.00994527,8.009374141693115e-08,2.061560834487872e-14,igual,3135.8242697790265,DIFIERE,86326000.0,708,/clusteruy/home/mathiasr/generator-aware-row-scaling/results-revision/r5-ablation/sgtm-gurobi-01pct/resultados/instance093_estructurado_solo_local.csv,/clusteruy/home/mathiasr/generator-aware-row-scaling/results-revision/r5-ablation/sgtm-gurobi-01pct/resultados/instance093_estructurado_solo_local_postprocesado.csv,/clusteruy/home/mathiasr/generator-aware-row-scaling/results-revision/r5-ablation/sgtm-gurobi-01pct/logs/instance093_estructurado_solo_local.log
instance093.txt,estructurado_solo_acoplamiento,OK,0,77.500994092,0.08071407807752,3885102.00994519,3885100.0,OPTIMAL,3881966.1856754916,30421.0,3168837.0,0.11,10080.0,6120.0,22679.0,9254.0,5700.0,22091.0,8.194444444444445,6.862745098039215,2.5927069094757265,3,Model contains large bounds | Model contains large matrix coefficient range | Model contains large rhs,0.0007,10000000000.0,0.0004,100.0,40.0,8000000000.0,1.0,4000000000.0,1.0,1.0,1.0,1.0,14600000000000.0,14600000000000.0,1.0,1.0,0.041211643,77.542205735,0.9047569255790754,0.9047569255790754,0.9042760710680989,0.041211643,0.0005317563146490536,0.0,0.0,0.0,0.0,0.0,1.0,1.0,221054401.0,,1.000000001842456,86.0,,1.0,3.0,86.0,1.000791441860465,0.871275605708299,,,,,,,,OK,REVISAR,2.34693288803101e-07,0.0,1.0244548320770264e-08,35.2218325198987,0.0,1.54848958162152e-09,1.13686837721616e-13,5.58793544769287e-08,3.49587025993969e-11,0.341220845002164,4.4703483581543e-08,14.38142633965,9.7327387370984,1.02318153949454e-12,6.98491930961609e-09,2.34693288803101e-07,0.0,2.63753463514149e-10,0.0,0.0,0.0,0.0,0.0,0.0,0.0,0.0,3885102.00994518,35.2218325198987,6.98491930961609e-09,2.20537185668945e-05,0.0,4.36557456851006e-11,0.0,312.0,0.0,104.0,0.0,0.0,0.0,0.0,3885102.00994518,3885102.00994518,-1.0244548320770264e-08,2.6368801371356503e-15,igual,0.0,OK,0.0,0,/clusteruy/home/mathiasr/generator-aware-row-scaling/results-revision/r5-ablation/sgtm-gurobi-01pct/resultados/instance093_estructurado_solo_acoplamiento.csv,/clusteruy/home/mathiasr/generator-aware-row-scaling/results-revision/r5-ablation/sgtm-gurobi-01pct/resultados/instance093_estructurado_solo_acoplamiento_postprocesado.csv,/clusteruy/home/mathiasr/generator-aware-row-scaling/results-revision/r5-ablation/sgtm-gurobi-01pct/logs/instance093_estructurado_solo_acoplamiento.log
instance093.txt,estructurado_matricial,OK,0,62.732874776,0.0,3891388.8414005525,3891390.0,OPTIMAL,3891388.8414005525,19816.0,1919558.0,0.11,10080.0,6120.0,22679.0,9253.0,5700.0,22088.0,8.204365079365079,6.862745098039215,2.6059350059526434,1,Model contains large bounds,1e-05,100000.0,0.0004,100.0,90.0,50000000.0,1.0,4000000000.0,0.0007,1.0,0.0027777777777777775,1.0,14600000000000.0,4714000000000.0,1.0,1.0,0.047919402,62.780794178,1.1177482523218585,1.1177482523218585,1.116895096057445,0.047919402,0.0007638642764436604,0.08071407807752,6286.831455362495,0.0016181895454145843,6290.0,0.001619005945792901,0.0007,0.32287671232876713,15309130.0,,0.06925503386927093,69.0,,1.0,4.0,69.0,1.2473632463768116,0.875323662164832,,,,,,,,OK,REVISAR,3.3155083656311e-07,0.0,1.257285475730896e-08,35.2218325198988,0.0,1.71926351494417e-09,1.13686837721616e-13,5.96046447753906e-08,1.11413100967184e-11,0.336324969636127,4.09781932830811e-08,13.7920432646404,9.73273873709843,3.31896322323833e-12,0.0,3.3155083656311e-07,0.0,8.18545231595635e-11,0.0,0.0,0.0,0.0,0.0,0.0,0.0,0.0,3891388.84140054,35.2218325198988,0.0,2.15843319892883e-05,0.0,2.00088834390044e-11,0.0,311.0,0.0,101.0,0.0,0.0,0.0,0.0,3891388.84140054,3891388.84140054,6286.831455349922,0.0016181895454113482,empeora,9422.655725060962,DIFIERE,74750000.0,741,/clusteruy/home/mathiasr/generator-aware-row-scaling/results-revision/r5-ablation/sgtm-gurobi-01pct/resultados/instance093_estructurado_matricial.csv,/clusteruy/home/mathiasr/generator-aware-row-scaling/results-revision/r5-ablation/sgtm-gurobi-01pct/resultados/instance093_estructurado_matricial_postprocesado.csv,/clusteruy/home/mathiasr/generator-aware-row-scaling/results-revision/r5-ablation/sgtm-gurobi-01pct/logs/instance093_estructurado_matricial.log
instance093.txt,matricial_solo_local,OK,0,63.446540281,0.0,3891388.8414005525,3891390.0,OPTIMAL,3891388.8414005525,19816.0,1919558.0,0.12,10080.0,6120.0,22679.0,9253.0,5700.0,22088.0,8.204365079365079,6.862745098039215,2.6059350059526434,1,Model contains large bounds,1e-05,100000.0,0.0004,100.0,90.0,50000000.0,1.0,4000000000.0,0.0007,1.0,0.0027777777777777775,1.0,14600000000000.0,4714000000000.0,1.0,1.0,0.0471544,63.493694680999994,1.1051754884260938,1.1051754884260938,1.1043547157916886,0.0471544,0.000743214677918712,0.08071407807752,6286.831455362495,0.0016181895454145843,6290.0,0.001619005945792901,0.0007,0.32287671232876713,,,,69.0,,1.0,6.0,69.0,1.2473632463768116,0.849591033993567,,,,,,,,OK,REVISAR,3.3155083656311e-07,0.0,1.257285475730896e-08,35.2218325198988,0.0,1.71926351494417e-09,1.13686837721616e-13,5.96046447753906e-08,1.11413100967184e-11,0.336324969636127,4.09781932830811e-08,13.7920432646404,9.73273873709843,3.31896322323833e-12,0.0,3.3155083656311e-07,0.0,8.18545231595635e-11,0.0,0.0,0.0,0.0,0.0,0.0,0.0,0.0,3891388.84140054,35.2218325198988,0.0,2.15843319892883e-05,0.0,2.00088834390044e-11,0.0,311.0,0.0,101.0,0.0,0.0,0.0,0.0,3891388.84140054,3891388.84140054,6286.831455349922,0.0016181895454113482,empeora,9422.655725060962,DIFIERE,74750000.0,741,/clusteruy/home/mathiasr/generator-aware-row-scaling/results-revision/r5-ablation/sgtm-gurobi-01pct/resultados/instance093_matricial_solo_local.csv,/clusteruy/home/mathiasr/generator-aware-row-scaling/results-revision/r5-ablation/sgtm-gurobi-01pct/resultados/instance093_matricial_solo_local_postprocesado.csv,/clusteruy/home/mathiasr/generator-aware-row-scaling/results-revision/r5-ablation/sgtm-gurobi-01pct/logs/instance093_matricial_solo_local.log
instance093.txt,matricial_solo_acoplamiento,OK,0,76.192378286,0.08071407807752,3885102.00994519,3885100.0,OPTIMAL,3881966.1856754916,30421.0,3168837.0,0.12,10080.0,6120.0,22679.0,9254.0,5700.0,22091.0,8.194444444444445,6.862745098039215,2.5927069094757265,3,Model contains large bounds | Model contains large matrix coefficient range | Model contains large rhs,0.0007,10000000000.0,0.0004,100.0,40.0,8000000000.0,1.0,4000000000.0,1.0,1.0,1.0,1.0,14600000000000.0,14600000000000.0,1.0,1.0,0.043222052,76.235600338,0.9202962648152979,0.9202962648152979,0.919774499487329,0.043222052,0.0005672752704707454,0.0,0.0,0.0,0.0,0.0,1.0,1.0,221054401.0,,1.000000001842456,86.0,,1.0,3.0,86.0,1.000791441860465,0.858147436252411,,,,,,,,OK,REVISAR,2.34693288803101e-07,0.0,1.0244548320770264e-08,35.2218325198987,0.0,1.54848958162152e-09,1.13686837721616e-13,5.58793544769287e-08,3.49587025993969e-11,0.341220845002164,4.4703483581543e-08,14.38142633965,9.7327387370984,1.02318153949454e-12,6.98491930961609e-09,2.34693288803101e-07,0.0,2.63753463514149e-10,0.0,0.0,0.0,0.0,0.0,0.0,0.0,0.0,3885102.00994518,35.2218325198987,6.98491930961609e-09,2.20537185668945e-05,0.0,4.36557456851006e-11,0.0,312.0,0.0,104.0,0.0,0.0,0.0,0.0,3885102.00994518,3885102.00994518,-1.0244548320770264e-08,2.6368801371356503e-15,igual,0.0,OK,0.0,0,/clusteruy/home/mathiasr/generator-aware-row-scaling/results-revision/r5-ablation/sgtm-gurobi-01pct/resultados/instance093_matricial_solo_acoplamiento.csv,/clusteruy/home/mathiasr/generator-aware-row-scaling/results-revision/r5-ablation/sgtm-gurobi-01pct/resultados/instance093_matricial_solo_acoplamiento_postprocesado.csv,/clusteruy/home/mathiasr/generator-aware-row-scaling/results-revision/r5-ablation/sgtm-gurobi-01pct/logs/instance093_matricial_solo_acoplamiento.log
instance094.txt,base,OK,0,73.061377276,0.037532966308866,1026498.270703543,1026500.0,OPTIMAL,1026112.9954534387,17849.0,1934604.0,0.12,10080.0,6120.0,22679.0,8875.0,5684.0,21436.0,11.954365079365079,7.124183006535947,5.480841306935932,3,Model contains large bounds | Model contains large matrix coefficient range | Model contains large rhs,0.0006,10000000000.0,0.0006,100.0,40.0,10000000000.0,1.0,4000000000.0,,,,,,,,,0.0,73.061377276,1.0,1.0,1.0,0.0,0.0,0.0,,,0.0,,,,179109417.467856,,,81.77976,,0.983144,3.194863,81.77976,1.0,0.932906702283014,,,,,,,,BASE,BASE,,,,,,7.07187528995122e-10,1.13686837721616e-13,2.42143869400024e-08,4.54747350886464e-13,0.112107388398634,4.54747350886464e-13,3.11769115401958,6.0787361199647,7.95807864051312e-13,0.0,1.19209289550781e-07,0.0,0.0,0.0,0.0,0.0,0.0,0.0,0.0,0.0,0.0,1026498.27070354,32.6710080158731,0.0,1.71307474374771e-05,0.0,0.0,0.0,157.0,0.0,58.0,0.0,0.0,0.0,0.0,1026498.27070354,,,,,,BASE,0.0,0,/clusteruy/home/mathiasr/generator-aware-row-scaling/results-revision/r5-ablation/sgtm-gurobi-01pct/resultados/instance094_base.csv,/clusteruy/home/mathiasr/generator-aware-row-scaling/results-revision/r5-ablation/sgtm-gurobi-01pct/resultados/instance094_base_postprocesado.csv,/clusteruy/home/mathiasr/generator-aware-row-scaling/results-revision/r5-ablation/sgtm-gurobi-01pct/logs/instance094_base.log
instance094.txt,estructurado,OK,0,77.780113828,0.0,1026498.2707035422,1026500.0,OPTIMAL,1026498.2707035422,30318.0,2061540.0,0.12,10080.0,6120.0,22679.0,8875.0,5684.0,21436.0,11.954365079365079,7.124183006535947,5.480841306935932,1,Model contains large bounds,9e-06,100000.0,0.0006,100.0,10.0,3000000.0,1.0,4000000000.0,0.0006666666666666665,1.0,0.0012,1.0,21180000000000.0,369200000000.0,1.0,1.118,0.047865368,77.827979196,0.9393323521943561,0.9393323521943561,0.9387546487877334,0.047865368,0.0006153933909874144,0.037532966308866,-8.149072527885437e-10,-7.938710429877503e-16,0.0,0.0,0.0006666666666666665,0.017431539187913125,1686908.0,,0.009418309901559153,87.0,,1.0,4.0,87.0,0.9399972413793103,0.945157429031972,,,,,,,,OK,REVISAR,4.32133674621582e-07,0.0,7.799826562404633e-09,30.8843476024358,0.0,1.8166619201899e-09,2.55795384873636e-13,4.65661287307739e-08,3.60600438398251e-13,0.11739737810374,1.70530256582424e-12,3.47695065835274,5.74631181325231,1.70530256582424e-12,0.0,4.32133674621582e-07,0.0,0.0,0.0,0.0,0.0,0.0,0.0,0.0,0.0,0.0,1026498.27070355,30.8843476024358,0.0,1.6484409570694e-05,0.0,0.0,0.0,164.0,0.0,59.0,0.0,0.0,0.0,0.0,1026498.27070355,1026498.27070355,6.984919309616089e-09,6.804608939895003e-15,igual,385.27525010344107,DIFIERE,30690000.0,333,/clusteruy/home/mathiasr/generator-aware-row-scaling/results-revision/r5-ablation/sgtm-gurobi-01pct/resultados/instance094_estructurado.csv,/clusteruy/home/mathiasr/generator-aware-row-scaling/results-revision/r5-ablation/sgtm-gurobi-01pct/resultados/instance094_estructurado_postprocesado.csv,/clusteruy/home/mathiasr/generator-aware-row-scaling/results-revision/r5-ablation/sgtm-gurobi-01pct/logs/instance094_estructurado.log
instance094.txt,estructurado_solo_local,OK,0,77.844386321,0.0,1026498.2707035422,1026500.0,OPTIMAL,1026498.2707035422,30318.0,2061540.0,0.12,10080.0,6120.0,22679.0,8875.0,5684.0,21436.0,11.954365079365079,7.124183006535947,5.480841306935932,1,Model contains large bounds,9e-06,100000.0,0.0006,100.0,10.0,3000000.0,1.0,4000000000.0,0.0006666666666666665,1.0,0.0012,1.0,21180000000000.0,369200000000.0,1.0,1.118,0.047704574,77.892090895,0.9385567891141601,0.9385567891141601,0.9379819752751035,0.047704574,0.000612819706783799,0.037532966308866,-8.149072527885437e-10,-7.938710429877503e-16,0.0,0.0,0.0006666666666666665,0.017431539187913125,1686908.0,,0.009418309901559153,87.0,,1.0,4.0,87.0,0.9399972413793103,0.94526063858971,,,,,,,,OK,REVISAR,4.32133674621582e-07,0.0,7.799826562404633e-09,30.8843476024358,0.0,1.8166619201899e-09,2.55795384873636e-13,4.65661287307739e-08,3.60600438398251e-13,0.11739737810374,1.70530256582424e-12,3.47695065835274,5.74631181325231,1.70530256582424e-12,0.0,4.32133674621582e-07,0.0,0.0,0.0,0.0,0.0,0.0,0.0,0.0,0.0,0.0,1026498.27070355,30.8843476024358,0.0,1.6484409570694e-05,0.0,0.0,0.0,164.0,0.0,59.0,0.0,0.0,0.0,0.0,1026498.27070355,1026498.27070355,6.984919309616089e-09,6.804608939895003e-15,igual,385.27525010344107,DIFIERE,30690000.0,333,/clusteruy/home/mathiasr/generator-aware-row-scaling/results-revision/r5-ablation/sgtm-gurobi-01pct/resultados/instance094_estructurado_solo_local.csv,/clusteruy/home/mathiasr/generator-aware-row-scaling/results-revision/r5-ablation/sgtm-gurobi-01pct/resultados/instance094_estructurado_solo_local_postprocesado.csv,/clusteruy/home/mathiasr/generator-aware-row-scaling/results-revision/r5-ablation/sgtm-gurobi-01pct/logs/instance094_estructurado_solo_local.log
instance094.txt,estructurado_solo_acoplamiento,OK,0,73.202567575,0.037532966308866,1026498.270703543,1026500.0,OPTIMAL,1026112.9954534387,17849.0,1934604.0,0.12,10080.0,6120.0,22679.0,8875.0,5684.0,21436.0,11.954365079365079,7.124183006535947,5.480841306935932,3,Model contains large bounds | Model contains large matrix coefficient range | Model contains large rhs,0.0006,10000000000.0,0.0006,100.0,40.0,10000000000.0,1.0,4000000000.0,1.0,1.0,1.0,1.0,21180000000000.0,21180000000000.0,1.0,1.0,0.042400255,73.24496783000001,0.9980712384322402,0.9980712384322402,0.9974934721191206,0.042400255,0.0005792181395353193,0.0,0.0,0.0,0.0,0.0,1.0,1.0,179109417.0,,0.9999999973878761,82.0,,1.0,3.0,82.0,0.9973141463414633,0.932802826300551,,,,,,,,OK,REVISAR,1.19209289550781e-07,0.0,3.026798367500305e-09,32.6710080158731,0.0,7.07187528995122e-10,1.13686837721616e-13,2.42143869400024e-08,4.54747350886464e-13,0.112107388398634,4.54747350886464e-13,3.11769115401958,6.0787361199647,7.95807864051312e-13,0.0,1.19209289550781e-07,0.0,0.0,0.0,0.0,0.0,0.0,0.0,0.0,0.0,0.0,1026498.27070354,32.6710080158731,0.0,1.71307474374771e-05,0.0,0.0,0.0,157.0,0.0,58.0,0.0,0.0,0.0,0.0,1026498.27070354,1026498.27070354,-3.026798367500305e-09,2.948663873954501e-15,igual,0.0,OK,0.0,0,/clusteruy/home/mathiasr/generator-aware-row-scaling/results-revision/r5-ablation/sgtm-gurobi-01pct/resultados/instance094_estructurado_solo_acoplamiento.csv,/clusteruy/home/mathiasr/generator-aware-row-scaling/results-revision/r5-ablation/sgtm-gurobi-01pct/resultados/instance094_estructurado_solo_acoplamiento_postprocesado.csv,/clusteruy/home/mathiasr/generator-aware-row-scaling/results-revision/r5-ablation/sgtm-gurobi-01pct/logs/instance094_estructurado_solo_acoplamiento.log
instance094.txt,estructurado_matricial,OK,0,51.321119306,1.1e-14,1033035.999517107,1033040.0,OPTIMAL,1033035.9995171069,19766.0,1656753.0,0.12,10080.0,6120.0,22679.0,8875.0,5684.0,21436.0,11.954365079365079,7.124183006535947,5.480841306935932,1,Model contains large bounds,9e-06,100000.0,0.0006,100.0,90.0,40000000.0,1.0,4000000000.0,0.0006666666666666665,1.0,0.0017777777777777776,1.0,21180000000000.0,3949000000000.0,1.0,1.0,0.048330199,51.369449505,1.4236123113444707,1.4236123113444707,1.422272926418817,0.048330199,0.0009417214521731927,0.037532966308855005,6537.728813564056,0.0063689623257555195,6540.0,0.006371164150024354,0.0006666666666666665,0.1864494806421152,13268612.0,,0.07408104044769874,63.0,,1.0,4.0,63.0,1.2980914285714285,0.934230471457055,,,,,,,,OK,REVISAR,2.83122062683105e-07,0.0,2.9103830456733704e-09,32.6710080158732,0.0,1.02501919262826e-09,1.56319401867222e-13,3.16649675369263e-08,4.13891143580258e-13,0.113842300458425,2.27373675443232e-13,2.60060676884111,12.4674543993535,4.13891143580258e-13,0.0,2.83122062683105e-07,0.0,0.0,0.0,0.0,0.0,0.0,0.0,0.0,0.0,0.0,1033035.99951711,32.6710080158732,0.0,3.57832759618759e-05,0.0,0.0,0.0,147.0,0.0,54.0,0.0,0.0,0.0,0.0,1033035.99951711,1033035.99951711,6537.728813566966,0.006368962325758354,empeora,6923.004063668195,DIFIERE,65610000.0,554,/clusteruy/home/mathiasr/generator-aware-row-scaling/results-revision/r5-ablation/sgtm-gurobi-01pct/resultados/instance094_estructurado_matricial.csv,/clusteruy/home/mathiasr/generator-aware-row-scaling/results-revision/r5-ablation/sgtm-gurobi-01pct/resultados/instance094_estructurado_matricial_postprocesado.csv,/clusteruy/home/mathiasr/generator-aware-row-scaling/results-revision/r5-ablation/sgtm-gurobi-01pct/logs/instance094_estructurado_matricial.log
instance094.txt,matricial_solo_local,OK,0,51.295640238,1.1e-14,1033035.999517107,1033040.0,OPTIMAL,1033035.9995171069,19766.0,1656753.0,0.12,10080.0,6120.0,22679.0,8875.0,5684.0,21436.0,11.954365079365079,7.124183006535947,5.480841306935932,1,Model contains large bounds,9e-06,100000.0,0.0006,100.0,90.0,40000000.0,1.0,4000000000.0,0.0006666666666666665,1.0,0.0017777777777777776,1.0,21180000000000.0,3949000000000.0,1.0,1.0,0.046827043,51.342467281,1.4243194341080836,1.4243194341080836,1.423020379525808,0.046827043,0.0009128854378799693,0.037532966308855005,6537.728813564056,0.0063689623257555195,6540.0,0.006371164150024354,0.0006666666666666665,0.1864494806421152,13268612.0,,0.07408104044769874,63.0,,1.0,4.0,63.0,1.2980914285714285,0.933518495778036,,,,,,,,OK,REVISAR,2.83122062683105e-07,0.0,2.9103830456733704e-09,32.6710080158732,0.0,1.02501919262826e-09,1.56319401867222e-13,3.16649675369263e-08,4.13891143580258e-13,0.113842300458425,2.27373675443232e-13,2.60060676884111,12.4674543993535,4.13891143580258e-13,0.0,2.83122062683105e-07,0.0,0.0,0.0,0.0,0.0,0.0,0.0,0.0,0.0,0.0,1033035.99951711,32.6710080158732,0.0,3.57832759618759e-05,0.0,0.0,0.0,147.0,0.0,54.0,0.0,0.0,0.0,0.0,1033035.99951711,1033035.99951711,6537.728813566966,0.006368962325758354,empeora,6923.004063668195,DIFIERE,65610000.0,554,/clusteruy/home/mathiasr/generator-aware-row-scaling/results-revision/r5-ablation/sgtm-gurobi-01pct/resultados/instance094_matricial_solo_local.csv,/clusteruy/home/mathiasr/generator-aware-row-scaling/results-revision/r5-ablation/sgtm-gurobi-01pct/resultados/instance094_matricial_solo_local_postprocesado.csv,/clusteruy/home/mathiasr/generator-aware-row-scaling/results-revision/r5-ablation/sgtm-gurobi-01pct/logs/instance094_matricial_solo_local.log
instance094.txt,matricial_solo_acoplamiento,OK,0,64.88405939,0.037532966308866,1026498.270703543,1026500.0,OPTIMAL,1026112.9954534387,17849.0,1934604.0,0.11,10080.0,6120.0,22679.0,8875.0,5684.0,21436.0,11.954365079365079,7.124183006535947,5.480841306935932,3,Model contains large bounds | Model contains large matrix coefficient range | Model contains large rhs,0.0006,10000000000.0,0.0006,100.0,40.0,10000000000.0,1.0,4000000000.0,1.0,1.0,1.0,1.0,21180000000000.0,21180000000000.0,1.0,1.0,0.040982211,64.925041601,1.1260296899250464,1.1260296899250464,1.12531891354036,0.040982211,0.0006316221793964422,0.0,0.0,0.0,0.0,0.0,1.0,1.0,179109417.0,,0.9999999973878761,82.0,,1.0,3.0,82.0,0.9973141463414633,0.932774395980663,,,,,,,,OK,REVISAR,1.19209289550781e-07,0.0,3.026798367500305e-09,32.6710080158731,0.0,7.07187528995122e-10,1.13686837721616e-13,2.42143869400024e-08,4.54747350886464e-13,0.112107388398634,4.54747350886464e-13,3.11769115401958,6.0787361199647,7.95807864051312e-13,0.0,1.19209289550781e-07,0.0,0.0,0.0,0.0,0.0,0.0,0.0,0.0,0.0,0.0,1026498.27070354,32.6710080158731,0.0,1.71307474374771e-05,0.0,0.0,0.0,157.0,0.0,58.0,0.0,0.0,0.0,0.0,1026498.27070354,1026498.27070354,-3.026798367500305e-09,2.948663873954501e-15,igual,0.0,OK,0.0,0,/clusteruy/home/mathiasr/generator-aware-row-scaling/results-revision/r5-ablation/sgtm-gurobi-01pct/resultados/instance094_matricial_solo_acoplamiento.csv,/clusteruy/home/mathiasr/generator-aware-row-scaling/results-revision/r5-ablation/sgtm-gurobi-01pct/resultados/instance094_matricial_solo_acoplamiento_postprocesado.csv,/clusteruy/home/mathiasr/generator-aware-row-scaling/results-revision/r5-ablation/sgtm-gurobi-01pct/logs/instance094_matricial_solo_acoplamiento.log
instance095.txt,base,OK,0,49.290296332,0.0,-297802.4020880998,-297802.0,OPTIMAL,-297802.4020880998,23456.0,687479.0,0.12,10080.0,6120.0,22679.0,8628.0,5671.0,20935.0,14.404761904761905,7.336601307189542,7.689933418581067,3,Model contains large bounds | Model contains large matrix coefficient range | Model contains large rhs,0.0006,10000000000.0,0.0004,100.0,40.0,10000000000.0,1.0,4000000000.0,,,,,,,,,0.0,49.290296332,1.0,1.0,1.0,0.0,0.0,0.0,,,0.0,,,,2138925.638101,,,46.25909,,1.147419,3.195742,46.25909,1.0,0.971670596299768,,,,,,,,BASE,BASE,,,,,,2.37413521604458e-09,5.6843418860808e-14,8.7544322013855e-08,1.98951966012828e-13,0.20847671117059,5.04702329635616e-06,8.45646498019547,4.85435741615413,1.13686837721616e-13,0.0,4.93600964546204e-07,0.0,0.0,0.0,0.0,0.0,0.0,0.0,0.0,0.0,0.0,-297802.4020881,23.9472804613093,0.0,1.26827508211136e-05,0.0,0.0,0.0,445.0,0.0,151.0,0.0,0.0,0.0,0.0,-297802.4020881,,,,,,BASE,0.0,0,/clusteruy/home/mathiasr/generator-aware-row-scaling/results-revision/r5-ablation/sgtm-gurobi-01pct/resultados/instance095_base.csv,/clusteruy/home/mathiasr/generator-aware-row-scaling/results-revision/r5-ablation/sgtm-gurobi-01pct/resultados/instance095_base_postprocesado.csv,/clusteruy/home/mathiasr/generator-aware-row-scaling/results-revision/r5-ablation/sgtm-gurobi-01pct/logs/instance095_base.log
instance095.txt,estructurado,OK,0,19.736013296,0.096231063541462,-297802.4020880987,-297802.0,OPTIMAL,-298088.9805068801,4564.0,50922.0,0.13,10080.0,6120.0,22679.0,8628.0,5671.0,20935.0,14.404761904761905,7.336601307189542,7.689933418581067,1,Model contains large bounds,8e-06,100000.0,0.0004,100.0,10.0,2000000.0,1.0,4000000000.0,0.0007499999999999999,1.0,0.0008,1.0,21920000000000.0,223100000000.0,1.0,1.118,0.046310364,19.78232366,2.4974798908343825,2.4974798908343825,2.4916332974404485,0.046310364,0.0023464903121739366,-0.096231063541462,1.1059455573558807e-09,3.713689176451658e-15,0.0,0.0,0.0007499999999999999,0.010177919708029197,28603.0,,0.013372601408151137,12.0,,0.0,4.0,12.0,3.8549241666666667,0.199973329644382,,,,,,,,OK,REVISAR,2.94670462608337e-06,0.0,2.9103830456733704e-10,23.9472804613092,0.0,2.84019132784729e-09,5.6843418860808e-13,8.7544322013855e-08,2.95763413760142e-12,0.208476711487515,5.10597601532933e-06,8.45646498019706,4.85435741615422,1.3017142919125e-11,0.0,2.94670462608337e-06,0.0,0.0,0.0,0.0,0.0,1.0,0.0,0.0,0.0,0.0,-297802.402088099,23.9472804613092,0.0,1.24387443065643e-05,0.0,0.0,0.0,445.0,0.0,151.0,0.0,0.0,0.0,0.0,-297802.402088099,-297802.402088099,8.149072527885437e-10,2.7364025510696425e-15,igual,-286.57841878029285,OK,0.0,0,/clusteruy/home/mathiasr/generator-aware-row-scaling/results-revision/r5-ablation/sgtm-gurobi-01pct/resultados/instance095_estructurado.csv,/clusteruy/home/mathiasr/generator-aware-row-scaling/results-revision/r5-ablation/sgtm-gurobi-01pct/resultados/instance095_estructurado_postprocesado.csv,/clusteruy/home/mathiasr/generator-aware-row-scaling/results-revision/r5-ablation/sgtm-gurobi-01pct/logs/instance095_estructurado.log
instance095.txt,estructurado_solo_local,OK,0,17.289406175,0.096231063541462,-297802.4020880987,-297802.0,OPTIMAL,-298088.9805068801,4564.0,50922.0,0.13,10080.0,6120.0,22679.0,8628.0,5671.0,20935.0,14.404761904761905,7.336601307189542,7.689933418581067,1,Model contains large bounds,8e-06,100000.0,0.0004,100.0,10.0,2000000.0,1.0,4000000000.0,0.0007499999999999999,1.0,0.0008,1.0,21920000000000.0,223100000000.0,1.0,1.118,0.046303421,17.335709596,2.8508958510832136,2.8508958510832136,2.843281150912514,0.046303421,0.0026781383080092974,-0.096231063541462,1.1059455573558807e-09,3.713689176451658e-15,0.0,0.0,0.0007499999999999999,0.010177919708029197,28603.0,,0.013372601408151137,12.0,,0.0,4.0,12.0,3.8549241666666667,0.209229671758273,,,,,,,,OK,REVISAR,2.94670462608337e-06,0.0,2.9103830456733704e-10,23.9472804613092,0.0,2.84019132784729e-09,5.6843418860808e-13,8.7544322013855e-08,2.95763413760142e-12,0.208476711487515,5.10597601532933e-06,8.45646498019706,4.85435741615422,1.3017142919125e-11,0.0,2.94670462608337e-06,0.0,0.0,0.0,0.0,0.0,1.0,0.0,0.0,0.0,0.0,-297802.402088099,23.9472804613092,0.0,1.24387443065643e-05,0.0,0.0,0.0,445.0,0.0,151.0,0.0,0.0,0.0,0.0,-297802.402088099,-297802.402088099,8.149072527885437e-10,2.7364025510696425e-15,igual,-286.57841878029285,OK,0.0,0,/clusteruy/home/mathiasr/generator-aware-row-scaling/results-revision/r5-ablation/sgtm-gurobi-01pct/resultados/instance095_estructurado_solo_local.csv,/clusteruy/home/mathiasr/generator-aware-row-scaling/results-revision/r5-ablation/sgtm-gurobi-01pct/resultados/instance095_estructurado_solo_local_postprocesado.csv,/clusteruy/home/mathiasr/generator-aware-row-scaling/results-revision/r5-ablation/sgtm-gurobi-01pct/logs/instance095_estructurado_solo_local.log
instance095.txt,estructurado_solo_acoplamiento,OK,0,48.457347558,0.0,-297802.4020880998,-297802.0,OPTIMAL,-297802.4020880998,23456.0,687479.0,0.12,10080.0,6120.0,22679.0,8628.0,5671.0,20935.0,14.404761904761905,7.336601307189542,7.689933418581067,3,Model contains large bounds | Model contains large matrix coefficient range | Model contains large rhs,0.0006,10000000000.0,0.0004,100.0,40.0,10000000000.0,1.0,4000000000.0,1.0,1.0,1.0,1.0,21920000000000.0,21920000000000.0,1.0,1.0,0.04040254,48.497750098000004,1.0171893183588518,1.0171893183588518,1.0163419175610928,0.04040254,0.0008337753103725092,0.0,0.0,0.0,0.0,0.0,1.0,1.0,2138926.0,,1.0000001691966254,46.0,,1.0,3.0,46.0,1.005632391304348,0.972053249018374,,,,,,,,OK,REVISAR,4.93600964546204e-07,0.0,1.7462298274040222e-10,23.9472804613093,0.0,2.37413521604458e-09,5.6843418860808e-14,8.7544322013855e-08,1.98951966012828e-13,0.20847671117059,5.04702329635616e-06,8.45646498019547,4.85435741615413,1.13686837721616e-13,0.0,4.93600964546204e-07,0.0,0.0,0.0,0.0,0.0,0.0,0.0,0.0,0.0,0.0,-297802.4020881,23.9472804613093,0.0,1.26827508211136e-05,0.0,0.0,0.0,445.0,0.0,151.0,0.0,0.0,0.0,0.0,-297802.4020881,-297802.4020881,-1.7462298274040222e-10,5.863719752292091e-16,igual,0.0,OK,0.0,0,/clusteruy/home/mathiasr/generator-aware-row-scaling/results-revision/r5-ablation/sgtm-gurobi-01pct/resultados/instance095_estructurado_solo_acoplamiento.csv,/clusteruy/home/mathiasr/generator-aware-row-scaling/results-revision/r5-ablation/sgtm-gurobi-01pct/resultados/instance095_estructurado_solo_acoplamiento_postprocesado.csv,/clusteruy/home/mathiasr/generator-aware-row-scaling/results-revision/r5-ablation/sgtm-gurobi-01pct/logs/instance095_estructurado_solo_acoplamiento.log
instance095.txt,estructurado_matricial,OK,0,9.526404427,0.085627197165514,-297802.402088099,-297802.0,OPTIMAL,-298057.4019380986,3027.0,47562.0,0.12,10080.0,6120.0,22679.0,8628.0,5671.0,20935.0,14.404761904761905,7.336601307189542,7.689933418581067,1,Model contains large bounds,8e-06,100000.0,0.0004,100.0,90.0,40000000.0,1.0,4000000000.0,0.0007499999999999999,1.0,0.0017777777777777776,1.0,21920000000000.0,4572000000000.0,1.0,1.0,0.048106149,9.574510576,5.174071362359976,5.174071362359976,5.148074770062273,0.048106149,0.0050497697603154685,-0.085627197165514,8.149072527885437e-10,2.7364025510696425e-15,0.0,0.0,0.0007499999999999999,0.20857664233576642,187570.0,,0.0876935582325948,8.0,,0.0,4.0,8.0,5.78238625,0.263300815069226,,,,,,,,OK,REVISAR,6.29574060440063e-07,0.0,0.0,23.9472804613096,0.0,3.76114061621603e-09,4.2632564145606e-14,1.36364251375197e-07,2.27373675443232e-13,0.208476711778443,5.00511378049847e-06,8.45646498019547,4.85435741615422,1.13686837721616e-13,0.0,6.29574060440063e-07,0.0,0.0,0.0,0.0,0.0,0.0,0.0,0.0,0.0,0.0,-297802.402088099,23.9472804613096,0.0,1.2686476111412e-05,0.0,0.0,0.0,445.0,0.0,151.0,0.0,0.0,0.0,0.0,-297802.402088099,-297802.402088099,8.149072527885437e-10,2.7364025510696425e-15,igual,-254.99984999879962,OK,0.0,0,/clusteruy/home/mathiasr/generator-aware-row-scaling/results-revision/r5-ablation/sgtm-gurobi-01pct/resultados/instance095_estructurado_matricial.csv,/clusteruy/home/mathiasr/generator-aware-row-scaling/results-revision/r5-ablation/sgtm-gurobi-01pct/resultados/instance095_estructurado_matricial_postprocesado.csv,/clusteruy/home/mathiasr/generator-aware-row-scaling/results-revision/r5-ablation/sgtm-gurobi-01pct/logs/instance095_estructurado_matricial.log
instance095.txt,matricial_solo_local,OK,0,12.74161843,0.085627197165514,-297802.402088099,-297802.0,OPTIMAL,-298057.4019380986,3027.0,47562.0,0.12,10080.0,6120.0,22679.0,8628.0,5671.0,20935.0,14.404761904761905,7.336601307189542,7.689933418581067,1,Model contains large bounds,8e-06,100000.0,0.0004,100.0,90.0,40000000.0,1.0,4000000000.0,0.0007499999999999999,1.0,0.0017777777777777776,1.0,21920000000000.0,4572000000000.0,1.0,1.0,0.047060545,12.788678975000002,3.8684486278404426,3.8684486278404426,3.854213279444681,0.047060545,0.0036934511309172835,-0.085627197165514,8.149072527885437e-10,2.7364025510696425e-15,0.0,0.0,0.0007499999999999999,0.20857664233576642,187570.0,,0.0876935582325948,8.0,,0.0,5.0,8.0,5.78238625,0.254058977891152,,,,,,,,OK,REVISAR,6.29574060440063e-07,0.0,0.0,23.9472804613096,0.0,3.76114061621603e-09,4.2632564145606e-14,1.36364251375197e-07,2.27373675443232e-13,0.208476711778443,5.00511378049847e-06,8.45646498019547,4.85435741615422,1.13686837721616e-13,0.0,6.29574060440063e-07,0.0,0.0,0.0,0.0,0.0,0.0,0.0,0.0,0.0,0.0,-297802.402088099,23.9472804613096,0.0,1.2686476111412e-05,0.0,0.0,0.0,445.0,0.0,151.0,0.0,0.0,0.0,0.0,-297802.402088099,-297802.402088099,8.149072527885437e-10,2.7364025510696425e-15,igual,-254.99984999879962,OK,0.0,0,/clusteruy/home/mathiasr/generator-aware-row-scaling/results-revision/r5-ablation/sgtm-gurobi-01pct/resultados/instance095_matricial_solo_local.csv,/clusteruy/home/mathiasr/generator-aware-row-scaling/results-revision/r5-ablation/sgtm-gurobi-01pct/resultados/instance095_matricial_solo_local_postprocesado.csv,/clusteruy/home/mathiasr/generator-aware-row-scaling/results-revision/r5-ablation/sgtm-gurobi-01pct/logs/instance095_matricial_solo_local.log
instance095.txt,matricial_solo_acoplamiento,OK,0,47.434875777,0.0,-297802.4020880998,-297802.0,OPTIMAL,-297802.4020880998,23456.0,687479.0,0.12,10080.0,6120.0,22679.0,8628.0,5671.0,20935.0,14.404761904761905,7.336601307189542,7.689933418581067,3,Model contains large bounds | Model contains large matrix coefficient range | Model contains large rhs,0.0006,10000000000.0,0.0004,100.0,40.0,10000000000.0,1.0,4000000000.0,1.0,1.0,1.0,1.0,21920000000000.0,21920000000000.0,1.0,1.0,0.041310733,47.476186510000005,1.0391151136080268,1.0391151136080268,1.0382109422714034,0.041310733,0.0008708936689158687,0.0,0.0,0.0,0.0,0.0,1.0,1.0,2138926.0,,1.0000001691966254,46.0,,1.0,3.0,46.0,1.005632391304348,0.968415399163991,,,,,,,,OK,REVISAR,4.93600964546204e-07,0.0,1.7462298274040222e-10,23.9472804613093,0.0,2.37413521604458e-09,5.6843418860808e-14,8.7544322013855e-08,1.98951966012828e-13,0.20847671117059,5.04702329635616e-06,8.45646498019547,4.85435741615413,1.13686837721616e-13,0.0,4.93600964546204e-07,0.0,0.0,0.0,0.0,0.0,0.0,0.0,0.0,0.0,0.0,-297802.4020881,23.9472804613093,0.0,1.26827508211136e-05,0.0,0.0,0.0,445.0,0.0,151.0,0.0,0.0,0.0,0.0,-297802.4020881,-297802.4020881,-1.7462298274040222e-10,5.863719752292091e-16,igual,0.0,OK,0.0,0,/clusteruy/home/mathiasr/generator-aware-row-scaling/results-revision/r5-ablation/sgtm-gurobi-01pct/resultados/instance095_matricial_solo_acoplamiento.csv,/clusteruy/home/mathiasr/generator-aware-row-scaling/results-revision/r5-ablation/sgtm-gurobi-01pct/resultados/instance095_matricial_solo_acoplamiento_postprocesado.csv,/clusteruy/home/mathiasr/generator-aware-row-scaling/results-revision/r5-ablation/sgtm-gurobi-01pct/logs/instance095_matricial_solo_acoplamiento.log
instance096.txt,base,OK,0,65.099558742,0.096782273142824,1472070.2151572555,1472070.0,OPTIMAL,1470645.5121407679,20780.0,2118826.0,0.16,10080.0,6120.0,22679.0,8397.0,5474.0,20085.0,16.696428571428573,10.555555555555555,11.437894087040874,3,Model contains large bounds | Model contains large matrix coefficient range | Model contains large rhs,0.0006,10000000000.0,0.001,100.0,40.0,10000000000.0,1.0,4000000000.0,,,,,,,,,0.0,65.099558742,1.0,1.0,1.0,0.0,0.0,0.0,,,0.0,,,,1925506.993822,,,76.022393,,0.957175,2.424523,76.022393,1.0,0.821625594348586,,,,,,,,BASE,BASE,,,,,,1.16457169648439e-09,5.6843418860808e-14,5.02914190292358e-08,3.41060513164848e-13,0.0595391613592864,9.9475983006414e-14,0.944211169746987,2.62675182569542,3.41060513164848e-13,0.0,1.47148966789246e-07,0.0,0.0,0.0,0.0,0.0,0.0,0.0,0.0,0.0,0.0,1472070.21515726,16.7298900189386,0.0,7.31367617845535e-06,0.0,0.0,0.0,129.0,0.0,47.0,0.0,0.0,0.0,0.0,1472070.21515726,,,,,,BASE,0.0,0,/clusteruy/home/mathiasr/generator-aware-row-scaling/results-revision/r5-ablation/sgtm-gurobi-01pct/resultados/instance096_base.csv,/clusteruy/home/mathiasr/generator-aware-row-scaling/results-revision/r5-ablation/sgtm-gurobi-01pct/resultados/instance096_base_postprocesado.csv,/clusteruy/home/mathiasr/generator-aware-row-scaling/results-revision/r5-ablation/sgtm-gurobi-01pct/logs/instance096_base.log
instance096.txt,estructurado,OK,0,50.788630869,0.08342171079309,1472160.2908270145,1472160.0,OPTIMAL,1470932.18952679,28313.0,1972101.0,0.17,10080.0,6120.0,22679.0,8397.0,5474.0,20085.0,16.696428571428573,10.555555555555555,11.437894087040874,1,Model contains large bounds,8e-06,100000.0,0.001,100.0,10.0,3000000.0,1.0,4000000000.0,0.0007499999999999999,1.0,0.0012,1.0,24040000000000.0,357600000000.0,1.0,1.118,0.046402203,50.835033072,1.281774240182068,1.281774240182068,1.280604237038589,0.046402203,0.0009136336657644111,0.013360562349733998,90.07566975895315,6.118979164953129e-05,90.0,6.113839695123195e-05,0.0007499999999999999,0.014875207986688852,1892092.0,,0.9826461321983185,66.0,,1.0,2.0,66.0,1.1518544393939394,0.663998367687412,,,,,,,,OK,REVISAR,6.23986124992371e-07,0.0,4.423782229423523e-09,16.7833857235398,0.0,2.20695155933328e-09,5.6843418860808e-14,8.64639878272978e-08,3.41060513164848e-13,0.0587574855137116,1.13686837721616e-13,0.915815820124087,2.6351511600347,5.6843418860808e-13,0.0,6.23986124992371e-07,0.0,0.0,0.0,0.0,0.0,0.0,0.0,0.0,0.0,0.0,1472160.29082701,16.7833857235398,0.0,7.26291909813881e-06,0.0,0.0,0.0,130.0,0.0,47.0,0.0,0.0,0.0,0.0,1472160.29082701,1472160.29082701,90.07566975452937,6.118979164652614e-05,empeora,286.67738602217287,DIFIERE,7937800.0,465,/clusteruy/home/mathiasr/generator-aware-row-scaling/results-revision/r5-ablation/sgtm-gurobi-01pct/resultados/instance096_estructurado.csv,/clusteruy/home/mathiasr/generator-aware-row-scaling/results-revision/r5-ablation/sgtm-gurobi-01pct/resultados/instance096_estructurado_postprocesado.csv,/clusteruy/home/mathiasr/generator-aware-row-scaling/results-revision/r5-ablation/sgtm-gurobi-01pct/logs/instance096_estructurado.log
instance096.txt,estructurado_solo_local,OK,0,50.795069516,0.08342171079309,1472160.2908270145,1472160.0,OPTIMAL,1470932.18952679,28313.0,1972101.0,0.17,10080.0,6120.0,22679.0,8397.0,5474.0,20085.0,16.696428571428573,10.555555555555555,11.437894087040874,1,Model contains large bounds,8e-06,100000.0,0.001,100.0,10.0,3000000.0,1.0,4000000000.0,0.0007499999999999999,1.0,0.0012,1.0,24040000000000.0,357600000000.0,1.0,1.118,0.046278431,50.841347946999996,1.2816117659115362,1.2816117659115362,1.28044517643127,0.046278431,0.0009110811628168498,0.013360562349733998,90.07566975895315,6.118979164953129e-05,90.0,6.113839695123195e-05,0.0007499999999999999,0.014875207986688852,1892092.0,,0.9826461321983185,66.0,,1.0,2.0,66.0,1.1518544393939394,0.664420383397715,,,,,,,,OK,REVISAR,6.23986124992371e-07,0.0,4.423782229423523e-09,16.7833857235398,0.0,2.20695155933328e-09,5.6843418860808e-14,8.64639878272978e-08,3.41060513164848e-13,0.0587574855137116,1.13686837721616e-13,0.915815820124087,2.6351511600347,5.6843418860808e-13,0.0,6.23986124992371e-07,0.0,0.0,0.0,0.0,0.0,0.0,0.0,0.0,0.0,0.0,1472160.29082701,16.7833857235398,0.0,7.26291909813881e-06,0.0,0.0,0.0,130.0,0.0,47.0,0.0,0.0,0.0,0.0,1472160.29082701,1472160.29082701,90.07566975452937,6.118979164652614e-05,empeora,286.67738602217287,DIFIERE,7937800.0,465,/clusteruy/home/mathiasr/generator-aware-row-scaling/results-revision/r5-ablation/sgtm-gurobi-01pct/resultados/instance096_estructurado_solo_local.csv,/clusteruy/home/mathiasr/generator-aware-row-scaling/results-revision/r5-ablation/sgtm-gurobi-01pct/resultados/instance096_estructurado_solo_local_postprocesado.csv,/clusteruy/home/mathiasr/generator-aware-row-scaling/results-revision/r5-ablation/sgtm-gurobi-01pct/logs/instance096_estructurado_solo_local.log
instance096.txt,estructurado_solo_acoplamiento,OK,0,62.340501403,0.096782273142824,1472070.2151572555,1472070.0,OPTIMAL,1470645.5121407679,20780.0,2118826.0,0.16,10080.0,6120.0,22679.0,8397.0,5474.0,20085.0,16.696428571428573,10.555555555555555,11.437894087040874,3,Model contains large bounds | Model contains large matrix coefficient range | Model contains large rhs,0.0006,10000000000.0,0.001,100.0,40.0,10000000000.0,1.0,4000000000.0,1.0,1.0,1.0,1.0,24040000000000.0,24040000000000.0,1.0,1.0,0.040081102,62.380582505,1.0442578624955883,1.0442578624955883,1.0435869004073834,0.040081102,0.0006429383963548164,0.0,0.0,0.0,0.0,0.0,1.0,1.0,1925507.0,,1.0000000032085057,76.0,,1.0,2.0,76.0,1.000294644736842,0.82196350799075,,,,,,,,OK,REVISAR,1.47148966789246e-07,0.0,4.423782229423523e-09,16.7298900189386,0.0,1.16457169648439e-09,5.6843418860808e-14,5.02914190292358e-08,3.41060513164848e-13,0.0595391613592864,9.9475983006414e-14,0.944211169746987,2.62675182569542,3.41060513164848e-13,0.0,1.47148966789246e-07,0.0,0.0,0.0,0.0,0.0,0.0,0.0,0.0,0.0,0.0,1472070.21515726,16.7298900189386,0.0,7.31367617845535e-06,0.0,0.0,0.0,129.0,0.0,47.0,0.0,0.0,0.0,0.0,1472070.21515726,1472070.21515726,4.423782229423523e-09,3.0051434937503626e-15,igual,0.0,OK,0.0,0,/clusteruy/home/mathiasr/generator-aware-row-scaling/results-revision/r5-ablation/sgtm-gurobi-01pct/resultados/instance096_estructurado_solo_acoplamiento.csv,/clusteruy/home/mathiasr/generator-aware-row-scaling/results-revision/r5-ablation/sgtm-gurobi-01pct/resultados/instance096_estructurado_solo_acoplamiento_postprocesado.csv,/clusteruy/home/mathiasr/generator-aware-row-scaling/results-revision/r5-ablation/sgtm-gurobi-01pct/logs/instance096_estructurado_solo_acoplamiento.log
instance096.txt,estructurado_matricial,OK,0,54.78270105,0.0,1472070.215157246,1472070.0,OPTIMAL,1472070.215157246,7525.0,1159840.0,0.16,10080.0,6120.0,22679.0,8397.0,5474.0,20085.0,16.696428571428573,10.555555555555555,11.437894087040874,1,Model contains large bounds,8e-06,100000.0,0.001,100.0,90.0,40000000.0,1.0,4000000000.0,0.0007499999999999999,1.0,0.0017777777777777776,1.0,24040000000000.0,4180000000000.0,1.0,1.0,0.048334966,54.831036016,1.1883232753088213,1.1883232753088213,1.1872757378321939,0.048334966,0.000882303447504073,0.096782273142824,-9.546056389808655e-09,-6.484783328619204e-15,0.0,0.0,0.0007499999999999999,0.17387687188019968,141328.0,,0.0733978118248605,43.0,,1.0,3.0,43.0,1.7679626279069767,0.819757208211109,,,,,,,,OK,REVISAR,2.83122062683105e-07,0.0,3.958120942115784e-09,16.7298900189384,0.0,1.84153736633728e-09,5.6843418860808e-14,6.89178705215454e-08,2.98427949019242e-13,0.0595639058735328,1.70530256582424e-13,0.947850881293982,2.62675182569542,1.13686837721616e-12,0.0,2.83122062683105e-07,0.0,0.0,0.0,0.0,0.0,0.0,0.0,0.0,0.0,0.0,1472070.21515725,16.7298900189384,0.0,7.23544508218765e-06,0.0,0.0,0.0,129.0,0.0,47.0,0.0,0.0,0.0,0.0,1472070.21515725,1472070.21515725,-5.587935447692871e-09,3.795970728947827e-15,igual,1424.7030164781027,DIFIERE,16233000.0,438,/clusteruy/home/mathiasr/generator-aware-row-scaling/results-revision/r5-ablation/sgtm-gurobi-01pct/resultados/instance096_estructurado_matricial.csv,/clusteruy/home/mathiasr/generator-aware-row-scaling/results-revision/r5-ablation/sgtm-gurobi-01pct/resultados/instance096_estructurado_matricial_postprocesado.csv,/clusteruy/home/mathiasr/generator-aware-row-scaling/results-revision/r5-ablation/sgtm-gurobi-01pct/logs/instance096_estructurado_matricial.log
instance096.txt,matricial_solo_local,OK,0,40.346953703,0.0,1472070.215157246,1472070.0,OPTIMAL,1472070.215157246,7525.0,1159840.0,0.16,10080.0,6120.0,22679.0,8397.0,5474.0,20085.0,16.696428571428573,10.555555555555555,11.437894087040874,1,Model contains large bounds,8e-06,100000.0,0.001,100.0,90.0,40000000.0,1.0,4000000000.0,0.0007499999999999999,1.0,0.0017777777777777776,1.0,24040000000000.0,4180000000000.0,1.0,1.0,0.046979905,40.393933608,1.6134937775279803,1.6134937775279803,1.611617213954797,0.046979905,0.0011643978216007622,0.096782273142824,-9.546056389808655e-09,-6.484783328619204e-15,0.0,0.0,0.0007499999999999999,0.17387687188019968,141328.0,,0.0733978118248605,43.0,,1.0,3.0,43.0,1.7679626279069767,0.817256848721632,,,,,,,,OK,REVISAR,2.83122062683105e-07,0.0,3.958120942115784e-09,16.7298900189384,0.0,1.84153736633728e-09,5.6843418860808e-14,6.89178705215454e-08,2.98427949019242e-13,0.0595639058735328,1.70530256582424e-13,0.947850881293982,2.62675182569542,1.13686837721616e-12,0.0,2.83122062683105e-07,0.0,0.0,0.0,0.0,0.0,0.0,0.0,0.0,0.0,0.0,1472070.21515725,16.7298900189384,0.0,7.23544508218765e-06,0.0,0.0,0.0,129.0,0.0,47.0,0.0,0.0,0.0,0.0,1472070.21515725,1472070.21515725,-5.587935447692871e-09,3.795970728947827e-15,igual,1424.7030164781027,DIFIERE,16233000.0,438,/clusteruy/home/mathiasr/generator-aware-row-scaling/results-revision/r5-ablation/sgtm-gurobi-01pct/resultados/instance096_matricial_solo_local.csv,/clusteruy/home/mathiasr/generator-aware-row-scaling/results-revision/r5-ablation/sgtm-gurobi-01pct/resultados/instance096_matricial_solo_local_postprocesado.csv,/clusteruy/home/mathiasr/generator-aware-row-scaling/results-revision/r5-ablation/sgtm-gurobi-01pct/logs/instance096_matricial_solo_local.log
instance096.txt,matricial_solo_acoplamiento,OK,0,64.526914404,0.096782273142824,1472070.2151572555,1472070.0,OPTIMAL,1470645.5121407679,20780.0,2118826.0,0.16,10080.0,6120.0,22679.0,8397.0,5474.0,20085.0,16.696428571428573,10.555555555555555,11.437894087040874,3,Model contains large bounds | Model contains large matrix coefficient range | Model contains large rhs,0.0006,10000000000.0,0.001,100.0,40.0,10000000000.0,1.0,4000000000.0,1.0,1.0,1.0,1.0,24040000000000.0,24040000000000.0,1.0,1.0,0.043249335,64.570163739,1.0088745036592748,1.0088745036592748,1.0081987557773568,0.043249335,0.0006702526441791085,0.0,0.0,0.0,0.0,0.0,1.0,1.0,1925507.0,,1.0000000032085057,76.0,,1.0,3.0,76.0,1.000294644736842,0.82289798295266,,,,,,,,OK,REVISAR,1.47148966789246e-07,0.0,4.423782229423523e-09,16.7298900189386,0.0,1.16457169648439e-09,5.6843418860808e-14,5.02914190292358e-08,3.41060513164848e-13,0.0595391613592864,9.9475983006414e-14,0.944211169746987,2.62675182569542,3.41060513164848e-13,0.0,1.47148966789246e-07,0.0,0.0,0.0,0.0,0.0,0.0,0.0,0.0,0.0,0.0,1472070.21515726,16.7298900189386,0.0,7.31367617845535e-06,0.0,0.0,0.0,129.0,0.0,47.0,0.0,0.0,0.0,0.0,1472070.21515726,1472070.21515726,4.423782229423523e-09,3.0051434937503626e-15,igual,0.0,OK,0.0,0,/clusteruy/home/mathiasr/generator-aware-row-scaling/results-revision/r5-ablation/sgtm-gurobi-01pct/resultados/instance096_matricial_solo_acoplamiento.csv,/clusteruy/home/mathiasr/generator-aware-row-scaling/results-revision/r5-ablation/sgtm-gurobi-01pct/resultados/instance096_matricial_solo_acoplamiento_postprocesado.csv,/clusteruy/home/mathiasr/generator-aware-row-scaling/results-revision/r5-ablation/sgtm-gurobi-01pct/logs/instance096_matricial_solo_acoplamiento.log
