instancia,variante,status,rc,tiempo_solver_s,gap_pct,objetivo_solver,objetivo_post,status_solver,best_bound,nodos_explorados,iter_simplex,presolve_time_s,rows_cargadas,cols_cargadas,nz_cargados,rows_presolved,cols_presolved,nz_presolved,reduccion_rows_pct,reduccion_cols_pct,reduccion_nz_pct,solver_warnings,solver_warnings_txt,matrix_min,matrix_max,objective_min,objective_max,rhs_min,rhs_max,bounds_min,bounds_max,matrix_range_ratio_vs_base,objective_range_ratio_vs_base,rhs_range_ratio_vs_base,bounds_range_ratio_vs_base,kappa_antes,kappa_despues,rho_antes,rho_despues,tiempo_preprocesamiento_s,tiempo_total_s,speedup_vs_base,speedup_solver_vs_base,speedup_total_vs_base,overhead_preprocesamiento_vs_base,ratio_preproc_solver,gap_delta_vs_base,obj_solver_delta_vs_base,obj_solver_rel_delta_vs_base,obj_post_delta_vs_base,obj_post_rel_delta_vs_base,matrix_kappa_ratio_vs_base,kappa_proxy_ratio,kappa_solver,kappa_solver_exact,kappa_solver_ratio_vs_base,work_units,dettime_ticks,root_gap,root_time,tiempo_determinista,speedup_det_vs_base,primal_integral,kappa_arbol_max,kappa_attention,kappa_stable_frac,kappa_suspicious_frac,kappa_unstable_frac,kappa_illposed_frac,kappa_arbol_max_ratio_vs_base,mip_equivalente,post_factible,solver_max_viol,solver_int_viol,solver_obj_diff,post_max_viol,post_int_viol,verif_solver_avg_viol,verif_solver_p95_viol,verif_solver_p99_viol,verif_solver_max_viol_rel,verif_post_avg_viol,verif_post_p95_viol,verif_post_p99_viol,verif_post_max_viol_rel,verif_solver_max_le,verif_solver_max_ge,verif_solver_max_eq,verif_solver_max_lb,verif_solver_max_ub,verif_solver_max_int,verif_solver_viol_le_count,verif_solver_viol_ge_count,verif_solver_viol_eq_count,verif_solver_viol_lb_count,verif_solver_viol_ub_count,verif_solver_viol_int_count,verif_solver_missing,verif_solver_obj_original,verif_post_max_le,verif_post_max_ge,verif_post_max_eq,verif_post_max_lb,verif_post_max_ub,verif_post_max_int,verif_post_viol_le_count,verif_post_viol_ge_count,verif_post_viol_eq_count,verif_post_viol_lb_count,verif_post_viol_ub_count,verif_post_viol_int_count,verif_post_missing,verif_post_obj_original,obj_original_variante,abs_obj_diff_vs_base,rel_obj_diff_vs_base,sentido_obj_vs_base,best_bound_delta_vs_base,equivalente_vs_base,max_diff_post_csv,diffs_post_csv,csv,csv_post,log
caso01a.txt,base,OK,0,1.704583927,0.039441871536038,-344334928.42236125,-353996000.0,OPTIMAL,-344470740.5624833,1.0,7646.0,0.22,14400.0,10800.0,35590.0,10911.0,8715.0,28973.0,24.229166666666668,19.305555555555557,18.592301208204553,4,Model contains large bounds | Model contains large matrix coefficients | Model contains large rhs | max constraint violation (8.4704e-06) exceeds tolerance,0.002,2000000000.0,0.003,3000.0,5.0,5000000000.0,1.0,10000000000.0,,,,,,,,,0.0,1.704583927,1.0,1.0,1.0,0.0,0.0,0.0,,,0.0,,,,1445586722.303291,,,1.664965,,,,1.664965,1.0,0.256696798794161,,,,,,,,BASE,BASE,,,,,,3.55483145203484e-09,3.02424751907886e-14,9.12696123123169e-08,4.02346813643817e-07,3678183.92250128,6.13622292201001,136436586.388054,815475019.033506,6.3664629124105e-12,0.0,8.47037881612778e-06,0.0,0.0,0.0,0.0,0.0,1.0,0.0,0.0,0.0,0.0,-344334928.422361,1200.26937797562,0.0,815475019.033506,0.0,0.0,0.0,214.0,0.0,957.0,0.0,0.0,0.0,0.0,-353996315.364357,,,,,,BASE,0.0,0,/clusteruy/home/mathiasr/generator-aware-row-scaling/results-revision/r1-internal-scaling/simple-gurobi-01pct/base-scaleflag1/resultados/caso01a_base.csv,/clusteruy/home/mathiasr/generator-aware-row-scaling/results-revision/r1-internal-scaling/simple-gurobi-01pct/base-scaleflag1/resultados/caso01a_base_postprocesado.csv,/clusteruy/home/mathiasr/generator-aware-row-scaling/results-revision/r1-internal-scaling/simple-gurobi-01pct/base-scaleflag1/logs/caso01a_base.log
caso01b.txt,base,OK,0,58.981431185,0.056154992591434,-352999631.5538019,-350473000.0,OPTIMAL,-353197858.4707487,5757.0,336949.0,0.22,14400.0,10800.0,35590.0,10911.0,8715.0,28973.0,24.229166666666668,19.305555555555557,18.592301208204553,3,Model contains large bounds | Model contains large matrix coefficients | Model contains large rhs,0.002,2000000000.0,0.003,3000.0,5.0,5000000000.0,1.0,10000000000.0,,,,,,,,,0.0,58.981431185,1.0,1.0,1.0,0.0,0.0,0.0,,,0.0,,,,3469270571.203828,,,73.144962,,,3.974286,73.144962,1.0,0.211684124048444,,,,,,,,BASE,BASE,,,,,,3.04215203190968e-09,7.06860715793389e-12,7.6387077569962e-08,5.79748302698135e-07,759508.395705323,3.05620128903308,35928522.5198281,57068599.9766393,4.76837158203125e-07,0.0,7.85104930400848e-07,0.0,0.0,0.0,0.0,0.0,0.0,0.0,0.0,0.0,0.0,-352999631.553802,1095.44337304397,0.0,57068599.9766393,0.0,0.0,0.0,547.0,0.0,982.0,0.0,0.0,0.0,0.0,-350473253.553247,,,,,,BASE,0.0,0,/clusteruy/home/mathiasr/generator-aware-row-scaling/results-revision/r1-internal-scaling/simple-gurobi-01pct/base-scaleflag1/resultados/caso01b_base.csv,/clusteruy/home/mathiasr/generator-aware-row-scaling/results-revision/r1-internal-scaling/simple-gurobi-01pct/base-scaleflag1/resultados/caso01b_base_postprocesado.csv,/clusteruy/home/mathiasr/generator-aware-row-scaling/results-revision/r1-internal-scaling/simple-gurobi-01pct/base-scaleflag1/logs/caso01b_base.log
caso01c.txt,base,OK,0,1.79206494,0.038331433774197,-347925444.9712163,-347309000.0,OPTIMAL,-348058809.78273904,1.0,8755.0,0.22,14400.0,10800.0,35590.0,10911.0,8715.0,28973.0,24.229166666666668,19.305555555555557,18.592301208204553,4,Model contains large bounds | Model contains large matrix coefficients | Model contains large rhs | max constraint violation (1.1921e-06) exceeds tolerance,0.002,2000000000.0,0.005,3000.0,5.0,5000000000.0,1.0,10000000000.0,,,,,,,,,0.0,1.79206494,1.0,1.0,1.0,0.0,0.0,0.0,,,0.0,,,,82417.810869,,,1.604496,,,,1.604496,1.0,0.257940747242625,,,,,,,,BASE,BASE,,,,,,3.90383045349113e-09,5.82076609134674e-11,1.06645748019219e-07,1.05169601738453e-06,1350223.54062298,2.92269308475594,63741271.9738806,353929082.137368,3.63797880709171e-12,0.0,1.19209289550781e-06,0.0,0.0,0.0,0.0,0.0,2.0,0.0,0.0,0.0,0.0,-347925444.971216,1311.83585772548,0.0,353929082.137368,0.0,0.0,0.0,437.0,0.0,953.0,0.0,0.0,0.0,0.0,-347308600.061787,,,,,,BASE,0.0,0,/clusteruy/home/mathiasr/generator-aware-row-scaling/results-revision/r1-internal-scaling/simple-gurobi-01pct/base-scaleflag1/resultados/caso01c_base.csv,/clusteruy/home/mathiasr/generator-aware-row-scaling/results-revision/r1-internal-scaling/simple-gurobi-01pct/base-scaleflag1/resultados/caso01c_base_postprocesado.csv,/clusteruy/home/mathiasr/generator-aware-row-scaling/results-revision/r1-internal-scaling/simple-gurobi-01pct/base-scaleflag1/logs/caso01c_base.log
caso01d.txt,base,OK,0,72.564128068,0.001605352257006,-273187238.47776806,-272969000.0,OPTIMAL,-273191624.0952668,11780.0,1031324.0,0.23,14400.0,10800.0,35590.0,10859.0,8460.0,28794.0,24.59027777777778,21.666666666666668,19.095251475133466,3,Model contains large bounds | Model contains large matrix coefficients | Model contains large rhs,0.002,2000000000.0,0.003,2000.0,5.0,5000000000.0,1.0,10000000000.0,,,,,,,,,0.0,72.564128068,1.0,1.0,1.0,0.0,0.0,0.0,,,0.0,,,,914057535.572623,,,90.276656,,0.016731,3.188309,90.276656,1.0,0.015970419766791,,,,,,,,BASE,BASE,,,,,,1.65358277516796e-09,4.54747350886464e-13,5.77419996261597e-08,2.74856574833393e-07,792331.846508808,5.93290262586018,39287811.84521,846415737.142272,3.63797880709171e-12,0.0,3.72994691133499e-07,0.0,0.0,0.0,0.0,0.0,0.0,0.0,0.0,0.0,0.0,-273187238.477768,545.281169777463,0.0,846415737.142272,0.0,0.0,0.0,267.0,0.0,1043.0,0.0,0.0,0.0,0.0,-272968532.53003,,,,,,BASE,0.0,0,/clusteruy/home/mathiasr/generator-aware-row-scaling/results-revision/r1-internal-scaling/simple-gurobi-01pct/base-scaleflag1/resultados/caso01d_base.csv,/clusteruy/home/mathiasr/generator-aware-row-scaling/results-revision/r1-internal-scaling/simple-gurobi-01pct/base-scaleflag1/resultados/caso01d_base_postprocesado.csv,/clusteruy/home/mathiasr/generator-aware-row-scaling/results-revision/r1-internal-scaling/simple-gurobi-01pct/base-scaleflag1/logs/caso01d_base.log
caso01e.txt,base,OK,0,97.659176995,0.097641847423445,-282968632.34373367,-283379000.0,OPTIMAL,-283244928.14398295,16727.0,2300789.0,0.23,14400.0,10800.0,35590.0,10859.0,8460.0,28794.0,24.59027777777778,21.666666666666668,19.095251475133466,4,Model contains large bounds | Model contains large matrix coefficients | Model contains large rhs | max constraint violation (5.5605e-05) exceeds tolerance,0.002,2000000000.0,0.003,2000.0,5.0,5000000000.0,1.0,10000000000.0,,,,,,,,,0.0,97.659176995,1.0,1.0,1.0,0.0,0.0,0.0,,,0.0,,,,642539201.760785,,,116.548971,,0.015269,4.047403,116.548971,1.0,0.014550379964099,,,,,,,,BASE,BASE,,,,,,5.6830814702413e-09,3.63797880709171e-12,5.72763383388519e-08,5.56052357116865e-05,568752.909976847,5.359307837478,16579671.1908506,848634453.104121,1.73736225406174e-09,0.0,5.56052357116865e-05,0.0,0.0,0.0,0.0,0.0,1.0,0.0,0.0,0.0,0.0,-282968632.343734,417.444578397412,0.0,848634453.104121,0.0,0.0,0.0,428.0,0.0,1043.0,0.0,0.0,0.0,0.0,-283378935.02491,,,,,,BASE,0.0,0,/clusteruy/home/mathiasr/generator-aware-row-scaling/results-revision/r1-internal-scaling/simple-gurobi-01pct/base-scaleflag1/resultados/caso01e_base.csv,/clusteruy/home/mathiasr/generator-aware-row-scaling/results-revision/r1-internal-scaling/simple-gurobi-01pct/base-scaleflag1/resultados/caso01e_base_postprocesado.csv,/clusteruy/home/mathiasr/generator-aware-row-scaling/results-revision/r1-internal-scaling/simple-gurobi-01pct/base-scaleflag1/logs/caso01e_base.log
caso01f.txt,base,OK,0,62.499112128,0.004805891647339,-277943900.2930975,-277789000.0,OPTIMAL,-277957257.975786,11659.0,1497650.0,0.23,14400.0,10800.0,35590.0,10859.0,8460.0,28794.0,24.59027777777778,21.666666666666668,19.095251475133466,3,Model contains large bounds | Model contains large matrix coefficients | Model contains large rhs,0.002,2000000000.0,0.005,2000.0,5.0,5000000000.0,1.0,10000000000.0,,,,,,,,,0.0,62.499112128,1.0,1.0,1.0,0.0,0.0,0.0,,,0.0,,,,702734549.037436,,,70.937518,,0.016438,3.057354,70.937518,1.0,0.020630068285857,,,,,,,,BASE,BASE,,,,,,1.73502917002014e-09,1.38344335987001e-12,5.58840110898019e-08,3.44589352607727e-07,793813.796355559,5.51852980601323,30585662.7114803,847107623.910931,5.93081495026127e-09,0.0,3.57627868652344e-07,0.0,0.0,0.0,0.0,0.0,0.0,0.0,0.0,0.0,0.0,-277943900.293097,467.184633952558,0.0,847107623.910931,0.0,0.0,0.0,280.0,0.0,1043.0,0.0,0.0,0.0,0.0,-277788891.9079,,,,,,BASE,0.0,0,/clusteruy/home/mathiasr/generator-aware-row-scaling/results-revision/r1-internal-scaling/simple-gurobi-01pct/base-scaleflag1/resultados/caso01f_base.csv,/clusteruy/home/mathiasr/generator-aware-row-scaling/results-revision/r1-internal-scaling/simple-gurobi-01pct/base-scaleflag1/resultados/caso01f_base_postprocesado.csv,/clusteruy/home/mathiasr/generator-aware-row-scaling/results-revision/r1-internal-scaling/simple-gurobi-01pct/base-scaleflag1/logs/caso01f_base.log
caso02a.txt,base,OK,0,3.284068222,0.001739514750829,-371608195.93832844,-381628000.0,OPTIMAL,-371614660.1177121,1.0,8991.0,0.24,14400.0,10800.0,35590.0,10865.0,8656.0,29011.0,24.54861111111111,19.85185185185185,18.48552964315819,4,Model contains large bounds | Model contains large matrix coefficients | Model contains large rhs | max constraint violation (3.8147e-06) exceeds tolerance,0.002,2000000000.0,0.003,3000.0,5.0,5000000000.0,1.0,10000000000.0,,,,,,,,,0.0,3.284068222,1.0,1.0,1.0,0.0,0.0,0.0,,,0.0,,,,49240.533478,,,2.666778,,0.004175,2.697813,2.666778,1.0,0.127895371207695,,,,,,,,BASE,BASE,,,,,,2.18042884259752e-09,6.1883831392604e-14,5.96418976783761e-08,2.34693288803101e-07,2757356.72537561,5.45285713874672,62703103.6002203,767562097.11915,5.31409511950187e-08,0.0,3.814697265625e-06,0.0,0.0,0.0,0.0,0.0,1.0,0.0,0.0,0.0,0.0,-371608195.938328,694.103473601655,0.0,767562097.11915,0.0,0.0,0.0,296.0,0.0,965.0,0.0,0.0,0.0,0.0,-381627836.479656,,,,,,BASE,0.0,0,/clusteruy/home/mathiasr/generator-aware-row-scaling/results-revision/r1-internal-scaling/simple-gurobi-01pct/base-scaleflag1/resultados/caso02a_base.csv,/clusteruy/home/mathiasr/generator-aware-row-scaling/results-revision/r1-internal-scaling/simple-gurobi-01pct/base-scaleflag1/resultados/caso02a_base_postprocesado.csv,/clusteruy/home/mathiasr/generator-aware-row-scaling/results-revision/r1-internal-scaling/simple-gurobi-01pct/base-scaleflag1/logs/caso02a_base.log
caso02b.txt,base,OK,0,72.635971736,0.091479755878308,-378629272.26839745,-375400000.0,OPTIMAL,-378975641.4023524,6898.0,606658.0,0.24,14400.0,10800.0,35590.0,10865.0,8656.0,29011.0,24.54861111111111,19.85185185185185,18.48552964315819,5,Model contains large bounds | Model contains large matrix coefficients | Model contains large rhs | max bound violation (2.8541e-05) exceeds tolerance | max constraint violation (2.8541e-05) exceeds tolerance,0.002,2000000000.0,0.003,3000.0,5.0,5000000000.0,1.0,10000000000.0,,,,,,,,,0.0,72.635971736,1.0,1.0,1.0,0.0,0.0,0.0,,,0.0,,,,702985006.427119,,,78.362888,,0.004152,5.063055,78.362888,1.0,0.008631949052039,,,,,,,,BASE,BASE,,,,,,4.69183270467933e-09,1.33247579636729e-11,8.89459624886514e-08,2.85409935385354e-05,652263.008334814,2.54311719328398,28634885.484122,427909166.099913,1.19209289550781e-07,0.0,2.85409935385354e-05,2.85409935385354e-05,0.0,0.0,0.0,0.0,2.0,1.0,0.0,0.0,0.0,-378629272.268397,1459.53086303707,0.0,427909166.099913,0.0,0.0,0.0,410.0,0.0,986.0,0.0,0.0,0.0,0.0,-375400105.282714,,,,,,BASE,0.0,0,/clusteruy/home/mathiasr/generator-aware-row-scaling/results-revision/r1-internal-scaling/simple-gurobi-01pct/base-scaleflag1/resultados/caso02b_base.csv,/clusteruy/home/mathiasr/generator-aware-row-scaling/results-revision/r1-internal-scaling/simple-gurobi-01pct/base-scaleflag1/resultados/caso02b_base_postprocesado.csv,/clusteruy/home/mathiasr/generator-aware-row-scaling/results-revision/r1-internal-scaling/simple-gurobi-01pct/base-scaleflag1/logs/caso02b_base.log
caso02c.txt,base,OK,0,21.886991304,0.001570758669212,-374494893.48286617,-370768000.0,OPTIMAL,-374500775.8938713,1433.0,212431.0,0.25,14400.0,10800.0,35590.0,10865.0,8656.0,29011.0,24.54861111111111,19.85185185185185,18.48552964315819,3,Model contains large bounds | Model contains large matrix coefficients | Model contains large rhs,0.002,2000000000.0,0.005,3000.0,5.0,5000000000.0,1.0,10000000000.0,,,,,,,,,0.0,21.886991304,1.0,1.0,1.0,0.0,0.0,0.0,,,0.0,,,,1461357278.589436,,,22.727915,,0.004153,4.13046,22.727915,1.0,0.021441274641646,,,,,,,,BASE,BASE,,,,,,2.30657940896253e-09,8.96446250564482e-12,7.45058059692383e-08,4.76837158203125e-07,872751.810015231,2.48699799866286,34020549.1702859,85202759.4469662,2.88764567812905e-11,0.0,4.76837158203125e-07,0.0,0.0,0.0,0.0,0.0,0.0,0.0,0.0,0.0,0.0,-374494893.482866,656.991842598727,0.0,85202759.4469662,0.0,0.0,0.0,271.0,0.0,964.0,0.0,0.0,0.0,0.0,-370768498.2093,,,,,,BASE,0.0,0,/clusteruy/home/mathiasr/generator-aware-row-scaling/results-revision/r1-internal-scaling/simple-gurobi-01pct/base-scaleflag1/resultados/caso02c_base.csv,/clusteruy/home/mathiasr/generator-aware-row-scaling/results-revision/r1-internal-scaling/simple-gurobi-01pct/base-scaleflag1/resultados/caso02c_base_postprocesado.csv,/clusteruy/home/mathiasr/generator-aware-row-scaling/results-revision/r1-internal-scaling/simple-gurobi-01pct/base-scaleflag1/logs/caso02c_base.log
caso02d.txt,base,OK,0,6.908663023,0.098635731604897,-282073437.469414,-282186000.0,OPTIMAL,-282351662.66812503,1.0,21574.0,0.25,14400.0,10800.0,35590.0,10704.0,8287.0,28579.0,25.666666666666668,23.26851851851852,19.699353751053668,3,Model contains large bounds | Model contains large matrix coefficients | Model contains large rhs,0.002,2000000000.0,0.003,2000.0,5.0,5000000000.0,1.0,10000000000.0,,,,,,,,,0.0,6.908663023,1.0,1.0,1.0,0.0,0.0,0.0,,,0.0,,,,1289922153.76432,,,5.71732,,0.001142,6.387253,5.71732,1.0,0.063032052146499,,,,,,,,BASE,BASE,,,,,,1.45112909796102e-09,5.6843418860808e-14,4.84287738800049e-08,1.7508864402771e-07,583403.978684234,4.04419223589318,21484626.150333,828971299.882549,5.698552740796e-12,0.0,7.55302608013153e-07,0.0,0.0,0.0,0.0,0.0,0.0,0.0,0.0,0.0,0.0,-282073437.469414,1343.26708153571,0.0,828971299.882549,0.0,0.0,0.0,239.0,0.0,1055.0,0.0,0.0,0.0,0.0,-282185884.737354,,,,,,BASE,0.0,0,/clusteruy/home/mathiasr/generator-aware-row-scaling/results-revision/r1-internal-scaling/simple-gurobi-01pct/base-scaleflag1/resultados/caso02d_base.csv,/clusteruy/home/mathiasr/generator-aware-row-scaling/results-revision/r1-internal-scaling/simple-gurobi-01pct/base-scaleflag1/resultados/caso02d_base_postprocesado.csv,/clusteruy/home/mathiasr/generator-aware-row-scaling/results-revision/r1-internal-scaling/simple-gurobi-01pct/base-scaleflag1/logs/caso02d_base.log
caso02e.txt,base,OK,0,40.45097693,0.095275866041766,-291227257.1058503,-291794000.0,OPTIMAL,-291504726.39720756,439.0,357074.0,0.24,14400.0,10800.0,35590.0,10704.0,8287.0,28579.0,25.666666666666668,23.26851851851852,19.699353751053668,4,Model contains large bounds | Model contains large matrix coefficients | Model contains large rhs | max constraint violation (1.8207e-06) exceeds tolerance,0.002,2000000000.0,0.003,2000.0,5.0,5000000000.0,1.0,10000000000.0,,,,,,,,,0.0,40.45097693,1.0,1.0,1.0,0.0,0.0,0.0,,,0.0,,,,151234.594051,,,44.512076,,0.004281,6.169307,44.512076,1.0,0.07712551571705,,,,,,,,BASE,BASE,,,,,,2.15272187449446e-09,9.09494701772928e-13,6.70645385980608e-08,3.76254320144653e-07,1082332.98121638,2.76517834568041,56508003.9443546,85965406.7260828,3.63797880709171e-12,0.0,1.82073563337326e-06,0.0,0.0,0.0,0.0,0.0,1.0,0.0,0.0,0.0,0.0,-291227257.10585,753.830004746997,0.0,85965406.7260828,0.0,0.0,0.0,462.0,0.0,1070.0,0.0,0.0,0.0,0.0,-291793658.297883,,,,,,BASE,0.0,0,/clusteruy/home/mathiasr/generator-aware-row-scaling/results-revision/r1-internal-scaling/simple-gurobi-01pct/base-scaleflag1/resultados/caso02e_base.csv,/clusteruy/home/mathiasr/generator-aware-row-scaling/results-revision/r1-internal-scaling/simple-gurobi-01pct/base-scaleflag1/resultados/caso02e_base_postprocesado.csv,/clusteruy/home/mathiasr/generator-aware-row-scaling/results-revision/r1-internal-scaling/simple-gurobi-01pct/base-scaleflag1/logs/caso02e_base.log
caso02f.txt,base,OK,0,76.272431818,0.032098102098318,-286165432.1227463,-285902000.0,OPTIMAL,-286257285.79531914,15709.0,2191765.0,0.24,14400.0,10800.0,35590.0,10704.0,8287.0,28579.0,25.666666666666668,23.26851851851852,19.699353751053668,3,Model contains large bounds | Model contains large matrix coefficients | Model contains large rhs,0.002,2000000000.0,0.005,2000.0,5.0,5000000000.0,1.0,10000000000.0,,,,,,,,,0.0,76.272431818,1.0,1.0,1.0,0.0,0.0,0.0,,,0.0,,,,971908913.831293,,,91.930422,,0.030279,4.205604,91.930422,1.0,0.032069449576682,,,,,,,,BASE,BASE,,,,,,1.51985386550199e-09,5.6843418860808e-14,4.84380871057512e-08,2.38418579101562e-07,581749.172630128,3.87418041776197,19552230.230825,653168002.623079,8.5265128291212e-14,0.0,2.38418579101562e-07,0.0,0.0,0.0,0.0,0.0,0.0,0.0,0.0,0.0,0.0,-286165432.122746,753.830004746997,0.0,653168002.623079,0.0,0.0,0.0,237.0,0.0,1054.0,0.0,0.0,0.0,0.0,-285901786.208126,,,,,,BASE,0.0,0,/clusteruy/home/mathiasr/generator-aware-row-scaling/results-revision/r1-internal-scaling/simple-gurobi-01pct/base-scaleflag1/resultados/caso02f_base.csv,/clusteruy/home/mathiasr/generator-aware-row-scaling/results-revision/r1-internal-scaling/simple-gurobi-01pct/base-scaleflag1/resultados/caso02f_base_postprocesado.csv,/clusteruy/home/mathiasr/generator-aware-row-scaling/results-revision/r1-internal-scaling/simple-gurobi-01pct/base-scaleflag1/logs/caso02f_base.log
caso03a.txt,base,OK,0,2.221691735,0.005332614603096,-373631723.55392176,-370845000.0,OPTIMAL,-373651647.8937738,1.0,9158.0,0.24,14400.0,10800.0,35590.0,10964.0,8770.0,28718.0,23.86111111111111,18.796296296296298,19.308794605226186,4,Model contains large bounds | Model contains large matrix coefficients | Model contains large rhs | max constraint violation (8.7144e-06) exceeds tolerance,0.002,2000000000.0,0.003,3000.0,5.0,5000000000.0,1.0,10000000000.0,,,,,,,,,0.0,2.221691735,1.0,1.0,1.0,0.0,0.0,0.0,,,0.0,,,,1152162094.482065,,,1.928068,,,,1.928068,1.0,0.845597522739022,,,,,,,,BASE,BASE,,,,,,3.44802574891909e-09,5.82076609134674e-11,8.7544322013855e-08,2.08616256713867e-07,946695.196495554,2.77782942459284,37016912.7200201,337146036.968033,7.15255737304688e-07,0.0,8.71438533067703e-06,0.0,0.0,0.0,0.0,0.0,2.0,0.0,0.0,0.0,0.0,-373631723.553922,799.304514353582,0.0,337146036.968033,0.0,0.0,0.0,441.0,0.0,995.0,0.0,0.0,0.0,0.0,-370844572.252441,,,,,,BASE,0.0,0,/clusteruy/home/mathiasr/generator-aware-row-scaling/results-revision/r1-internal-scaling/simple-gurobi-01pct/base-scaleflag1/resultados/caso03a_base.csv,/clusteruy/home/mathiasr/generator-aware-row-scaling/results-revision/r1-internal-scaling/simple-gurobi-01pct/base-scaleflag1/resultados/caso03a_base_postprocesado.csv,/clusteruy/home/mathiasr/generator-aware-row-scaling/results-revision/r1-internal-scaling/simple-gurobi-01pct/base-scaleflag1/logs/caso03a_base.log
caso03b.txt,base,OK,0,1.971996324,0.017819574527563,-379994218.7149292,-379669000.0,OPTIMAL,-380061932.06793356,1.0,8884.0,0.24,14400.0,10800.0,35590.0,10964.0,8770.0,28718.0,23.86111111111111,18.796296296296298,19.308794605226186,3,Model contains large bounds | Model contains large matrix coefficients | Model contains large rhs,0.002,2000000000.0,0.003,3000.0,5.0,5000000000.0,1.0,10000000000.0,,,,,,,,,0.0,1.971996324,1.0,1.0,1.0,0.0,0.0,0.0,,,0.0,,,,167607.77261,,,1.858203,,,,1.858203,1.0,0.249104812292955,,,,,,,,BASE,BASE,,,,,,2.69849844412418e-09,1.0360112767671e-11,9.31322574615479e-08,2.34693288803101e-07,180469.767996058,2.23329872378375,6219386.31327875,24569114.4985837,3.80424580725958e-11,0.0,2.91038304567337e-07,0.0,0.0,0.0,0.0,0.0,0.0,0.0,0.0,0.0,0.0,-379994218.714929,2340.22805713537,0.0,24569114.4985837,0.0,0.0,0.0,1046.0,0.0,1002.0,0.0,0.0,0.0,0.0,-379669252.491381,,,,,,BASE,0.0,0,/clusteruy/home/mathiasr/generator-aware-row-scaling/results-revision/r1-internal-scaling/simple-gurobi-01pct/base-scaleflag1/resultados/caso03b_base.csv,/clusteruy/home/mathiasr/generator-aware-row-scaling/results-revision/r1-internal-scaling/simple-gurobi-01pct/base-scaleflag1/resultados/caso03b_base_postprocesado.csv,/clusteruy/home/mathiasr/generator-aware-row-scaling/results-revision/r1-internal-scaling/simple-gurobi-01pct/base-scaleflag1/logs/caso03b_base.log
caso03c.txt,base,OK,0,1.922002313,0.020286771903073,-376455385.9128314,-374988000.0,OPTIMAL,-376531756.5582884,1.0,8318.0,0.24,14400.0,10800.0,35590.0,10964.0,8770.0,28718.0,23.86111111111111,18.796296296296298,19.308794605226186,3,Model contains large bounds | Model contains large matrix coefficients | Model contains large rhs,0.002,2000000000.0,0.005,3000.0,5.0,5000000000.0,1.0,10000000000.0,,,,,,,,,0.0,1.922002313,1.0,1.0,1.0,0.0,0.0,0.0,,,0.0,,,,134425.043671,,,1.690417,,,,1.690417,1.0,0.252081690478885,,,,,,,,BASE,BASE,,,,,,2.49293134462902e-09,5.82076609134674e-11,8.28877091407776e-08,2.01165676116943e-07,717306.190809414,3.16570203636212,31442091.7921338,338712051.673744,9.07363073565648e-12,0.0,3.77651304006577e-07,0.0,0.0,0.0,0.0,0.0,0.0,0.0,0.0,0.0,0.0,-376455385.912831,1652.68917176222,0.0,338712051.673744,0.0,0.0,0.0,643.0,0.0,996.0,0.0,0.0,0.0,0.0,-374988264.046356,,,,,,BASE,0.0,0,/clusteruy/home/mathiasr/generator-aware-row-scaling/results-revision/r1-internal-scaling/simple-gurobi-01pct/base-scaleflag1/resultados/caso03c_base.csv,/clusteruy/home/mathiasr/generator-aware-row-scaling/results-revision/r1-internal-scaling/simple-gurobi-01pct/base-scaleflag1/resultados/caso03c_base_postprocesado.csv,/clusteruy/home/mathiasr/generator-aware-row-scaling/results-revision/r1-internal-scaling/simple-gurobi-01pct/base-scaleflag1/logs/caso03c_base.log
caso03d.txt,base,OK,0,73.456643748,0.068146156083045,-283888899.5514647,-284445000.0,OPTIMAL,-284082358.92405546,7932.0,1527822.0,0.25,14400.0,10800.0,35590.0,10797.0,8408.0,28284.0,25.020833333333332,22.14814814814815,20.528238269176736,3,Model contains large bounds | Model contains large matrix coefficients | Model contains large rhs,0.002,2000000000.0,0.003,2000.0,5.0,5000000000.0,1.0,10000000000.0,,,,,,,,,0.0,73.456643748,1.0,1.0,1.0,0.0,0.0,0.0,,,0.0,,,,744529658.658338,,,95.405657,,0.005712,3.421133,95.405657,1.0,0.008178809661466,,,,,,,,BASE,BASE,,,,,,2.01148054049726e-09,4.2632564145606e-14,7.45058059692383e-08,2.03028321266174e-07,625335.643606356,5.84196658964444,12134704.5312901,479863661.962734,7.27595761418343e-12,0.0,2.38418579101562e-07,0.0,0.0,0.0,0.0,0.0,0.0,0.0,0.0,0.0,0.0,-283888899.551465,780.556731427831,0.0,479863661.962734,0.0,0.0,0.0,189.0,0.0,1043.0,0.0,0.0,0.0,0.0,-284445056.26365,,,,,,BASE,0.0,0,/clusteruy/home/mathiasr/generator-aware-row-scaling/results-revision/r1-internal-scaling/simple-gurobi-01pct/base-scaleflag1/resultados/caso03d_base.csv,/clusteruy/home/mathiasr/generator-aware-row-scaling/results-revision/r1-internal-scaling/simple-gurobi-01pct/base-scaleflag1/resultados/caso03d_base_postprocesado.csv,/clusteruy/home/mathiasr/generator-aware-row-scaling/results-revision/r1-internal-scaling/simple-gurobi-01pct/base-scaleflag1/logs/caso03d_base.log
caso03e.txt,base,OK,0,67.766956229,0.080681809707775,-290798601.87026966,-292105000.0,OPTIMAL,-291033223.4448635,4734.0,1325789.0,0.25,14400.0,10800.0,35590.0,10797.0,8408.0,28284.0,25.020833333333332,22.14814814814815,20.528238269176736,3,Model contains large bounds | Model contains large matrix coefficients | Model contains large rhs,0.002,2000000000.0,0.003,2000.0,5.0,5000000000.0,1.0,10000000000.0,,,,,,,,,0.0,67.766956229,1.0,1.0,1.0,0.0,0.0,0.0,,,0.0,,,,225716.795117,,,83.424667,,0.005578,5.687356,83.424667,1.0,0.009765374461372,,,,,,,,BASE,BASE,,,,,,1.82870014845321e-09,7.105427357601e-14,6.33299350738525e-08,2.06753611564636e-07,719240.655067649,2.23808989649696,35829458.235517,62961589.3151624,3.83693077310454e-12,0.0,4.53554093837738e-07,0.0,0.0,0.0,0.0,0.0,0.0,0.0,0.0,0.0,0.0,-290798601.87027,1019.23042944411,0.0,62961589.3151624,0.0,0.0,0.0,601.0,0.0,1052.0,0.0,0.0,0.0,0.0,-292105007.025534,,,,,,BASE,0.0,0,/clusteruy/home/mathiasr/generator-aware-row-scaling/results-revision/r1-internal-scaling/simple-gurobi-01pct/base-scaleflag1/resultados/caso03e_base.csv,/clusteruy/home/mathiasr/generator-aware-row-scaling/results-revision/r1-internal-scaling/simple-gurobi-01pct/base-scaleflag1/resultados/caso03e_base_postprocesado.csv,/clusteruy/home/mathiasr/generator-aware-row-scaling/results-revision/r1-internal-scaling/simple-gurobi-01pct/base-scaleflag1/logs/caso03e_base.log
caso03f.txt,base,OK,0,116.562679958,0.092749958731857,-287069915.3865007,-287293000.0,OPTIMAL,-287336172.6145533,19466.0,2271705.0,0.25,14400.0,10800.0,35590.0,10797.0,8408.0,28284.0,25.020833333333332,22.14814814814815,20.528238269176736,3,Model contains large bounds | Model contains large matrix coefficients | Model contains large rhs,0.002,2000000000.0,0.005,2000.0,5.0,5000000000.0,1.0,10000000000.0,,,,,,,,,0.0,116.562679958,1.0,1.0,1.0,0.0,0.0,0.0,,,0.0,,,,711371378.304937,,,137.325432,,0.00455,4.124476,137.325432,1.0,0.006159059543436,,,,,,,,BASE,BASE,,,,,,1.86271559605105e-09,5.6843418860808e-14,7.07805156707764e-08,1.9371509552002e-07,334787.611820616,5.04245446952414,11141377.8804707,625280484.773513,2.38418579101562e-07,0.0,2.38418579101562e-07,0.0,0.0,0.0,0.0,0.0,0.0,0.0,0.0,0.0,0.0,-287069915.386501,656.893470975294,0.0,625280484.773513,0.0,0.0,0.0,187.0,0.0,1041.0,0.0,0.0,0.0,0.0,-287293055.95851,,,,,,BASE,0.0,0,/clusteruy/home/mathiasr/generator-aware-row-scaling/results-revision/r1-internal-scaling/simple-gurobi-01pct/base-scaleflag1/resultados/caso03f_base.csv,/clusteruy/home/mathiasr/generator-aware-row-scaling/results-revision/r1-internal-scaling/simple-gurobi-01pct/base-scaleflag1/resultados/caso03f_base_postprocesado.csv,/clusteruy/home/mathiasr/generator-aware-row-scaling/results-revision/r1-internal-scaling/simple-gurobi-01pct/base-scaleflag1/logs/caso03f_base.log
caso04a.txt,base,OK,0,2.942979262,0.003843773731495,-357810493.62773466,-355273000.0,OPTIMAL,-357824247.05349725,1.0,10202.0,0.25,14400.0,10800.0,35590.0,10770.0,8602.0,28689.0,25.208333333333332,20.35185185185185,19.390278168024725,4,Model contains large bounds | Model contains large matrix coefficients | Model contains large rhs | max constraint violation (5.4315e-06) exceeds tolerance,0.002,2000000000.0,0.003,3000.0,5.0,4000000000.0,1.0,10000000000.0,,,,,,,,,0.0,2.942979262,1.0,1.0,1.0,0.0,0.0,0.0,,,0.0,,,,833456633.88745,,,2.497137,,,,2.497137,1.0,0.875528085044784,,,,,,,,BASE,BASE,,,,,,3.32841628399314e-09,9.86004429145972e-12,9.49972309172154e-08,3.92552465200424e-07,425959.98247464,2.03633067670427,17657113.4579448,59142747.294792,9.5367431640625e-07,0.0,5.43147325515747e-06,0.0,0.0,0.0,0.0,0.0,1.0,0.0,0.0,0.0,0.0,-357810493.627735,490.287370054022,0.0,59142747.294792,0.0,0.0,0.0,712.0,0.0,1039.0,0.0,0.0,0.0,0.0,-355272563.86527,,,,,,BASE,0.0,0,/clusteruy/home/mathiasr/generator-aware-row-scaling/results-revision/r1-internal-scaling/simple-gurobi-01pct/base-scaleflag1/resultados/caso04a_base.csv,/clusteruy/home/mathiasr/generator-aware-row-scaling/results-revision/r1-internal-scaling/simple-gurobi-01pct/base-scaleflag1/resultados/caso04a_base_postprocesado.csv,/clusteruy/home/mathiasr/generator-aware-row-scaling/results-revision/r1-internal-scaling/simple-gurobi-01pct/base-scaleflag1/logs/caso04a_base.log
caso04b.txt,base,OK,0,2.131624044,0.022464930926267,-362870816.79831946,-362019000.0,OPTIMAL,-362952335.4766648,1.0,8878.0,0.25,14400.0,10800.0,35590.0,10770.0,8602.0,28689.0,25.208333333333332,20.35185185185185,19.390278168024725,3,Model contains large bounds | Model contains large matrix coefficients | Model contains large rhs,0.002,2000000000.0,0.003,3000.0,5.0,4000000000.0,1.0,10000000000.0,,,,,,,,,0.0,2.131624044,1.0,1.0,1.0,0.0,0.0,0.0,,,0.0,,,,2294672.368452,,,1.993617,,,,1.993617,1.0,0.238383594640604,,,,,,,,BASE,BASE,,,,,,2.62819955268329e-09,1.00048636042515e-11,8.80146399140359e-08,4.37954440712929e-07,337716.779735198,2.43408431846351,16010996.7373092,28902862.4501538,1.25055521493778e-11,0.0,4.37954440712929e-07,0.0,0.0,0.0,0.0,0.0,0.0,0.0,0.0,0.0,0.0,-362870816.798319,2758.71764990465,0.0,28902862.4501538,0.0,0.0,0.0,813.0,0.0,1042.0,0.0,0.0,0.0,0.0,-362018785.58415,,,,,,BASE,0.0,0,/clusteruy/home/mathiasr/generator-aware-row-scaling/results-revision/r1-internal-scaling/simple-gurobi-01pct/base-scaleflag1/resultados/caso04b_base.csv,/clusteruy/home/mathiasr/generator-aware-row-scaling/results-revision/r1-internal-scaling/simple-gurobi-01pct/base-scaleflag1/resultados/caso04b_base_postprocesado.csv,/clusteruy/home/mathiasr/generator-aware-row-scaling/results-revision/r1-internal-scaling/simple-gurobi-01pct/base-scaleflag1/logs/caso04b_base.log
caso04c.txt,base,OK,0,2.960791079,0.005454887900897,-360294952.85187316,-358158000.0,OPTIMAL,-360314606.5376638,1.0,10226.0,0.25,14400.0,10800.0,35590.0,10770.0,8602.0,28689.0,25.208333333333332,20.35185185185185,19.390278168024725,4,Model contains large bounds | Model contains large matrix coefficients | Model contains large rhs | max constraint violation (1.7621e-06) exceeds tolerance,0.002,2000000000.0,0.005,3000.0,5.0,4000000000.0,1.0,10000000000.0,,,,,,,,,0.0,2.960791079,1.0,1.0,1.0,0.0,0.0,0.0,,,0.0,,,,909995306.160384,,,2.502925,,,,2.502925,1.0,0.876234545260731,,,,,,,,BASE,BASE,,,,,,2.98399550547679e-09,9.8838021100888e-12,9.49913010117598e-08,3.95695678889751e-07,404497.817762535,2.48673049105146,16886560.5729864,43342847.982792,9.5367431640625e-07,0.0,1.76206231117249e-06,0.0,0.0,0.0,0.0,0.0,1.0,0.0,0.0,0.0,0.0,-360294952.851873,740.538215185756,0.0,43342847.982792,0.0,0.0,0.0,793.0,0.0,1031.0,0.0,0.0,0.0,0.0,-358158353.888952,,,,,,BASE,0.0,0,/clusteruy/home/mathiasr/generator-aware-row-scaling/results-revision/r1-internal-scaling/simple-gurobi-01pct/base-scaleflag1/resultados/caso04c_base.csv,/clusteruy/home/mathiasr/generator-aware-row-scaling/results-revision/r1-internal-scaling/simple-gurobi-01pct/base-scaleflag1/resultados/caso04c_base_postprocesado.csv,/clusteruy/home/mathiasr/generator-aware-row-scaling/results-revision/r1-internal-scaling/simple-gurobi-01pct/base-scaleflag1/logs/caso04c_base.log
caso04d.txt,base,OK,0,40.9912304,0.078974552626165,-284323567.5550772,-282290000.0,OPTIMAL,-284548110.82056457,7008.0,549737.0,0.26,14400.0,10800.0,35590.0,10665.0,8317.0,28407.0,25.9375,22.99074074074074,20.182635571789827,3,Model contains large bounds | Model contains large matrix coefficients | Model contains large rhs,0.002,2000000000.0,0.003,2000.0,5.0,4000000000.0,1.0,10000000000.0,,,,,,,,,0.0,40.9912304,1.0,1.0,1.0,0.0,0.0,0.0,,,0.0,,,,662998387.912261,,,45.62603,,0.006909,3.222343,45.62603,1.0,0.014688040696005,,,,,,,,BASE,BASE,,,,,,1.89725484717031e-09,4.54747350886464e-13,6.14672899246216e-08,2.20723450183868e-07,740204.35924487,4.39685008401446,28156590.0531998,598632017.440389,3.64830157195684e-08,0.0,2.38418579101562e-07,0.0,0.0,0.0,0.0,0.0,0.0,0.0,0.0,0.0,0.0,-284323567.555077,397.507294818104,0.0,598632017.440389,0.0,0.0,0.0,70.0,0.0,1071.0,0.0,0.0,0.0,0.0,-282289519.012169,,,,,,BASE,0.0,0,/clusteruy/home/mathiasr/generator-aware-row-scaling/results-revision/r1-internal-scaling/simple-gurobi-01pct/base-scaleflag1/resultados/caso04d_base.csv,/clusteruy/home/mathiasr/generator-aware-row-scaling/results-revision/r1-internal-scaling/simple-gurobi-01pct/base-scaleflag1/resultados/caso04d_base_postprocesado.csv,/clusteruy/home/mathiasr/generator-aware-row-scaling/results-revision/r1-internal-scaling/simple-gurobi-01pct/base-scaleflag1/logs/caso04d_base.log
caso04e.txt,base,OK,0,193.767182487,0.096218459920605,-288670082.29603475,-287530000.0,OPTIMAL,-288947836.20347154,41530.0,6645420.0,0.26,14400.0,10800.0,35590.0,10665.0,8317.0,28407.0,25.9375,22.99074074074074,20.182635571789827,3,Model contains large bounds | Model contains large matrix coefficients | Model contains large rhs,0.002,2000000000.0,0.003,2000.0,5.0,4000000000.0,1.0,10000000000.0,,,,,,,,,0.0,193.767182487,1.0,1.0,1.0,0.0,0.0,0.0,,,0.0,,,,484353705.689974,,,255.730392,,0.006835,5.717562,255.730392,1.0,0.015912036827887,,,,,,,,BASE,BASE,,,,,,3.54303517449656e-09,2.27373675443232e-13,1.19674950838089e-07,2.57045030593872e-07,408457.203148497,4.40937503458758,16615492.5239949,29268699.2877162,5.18411980010569e-11,0.0,5.9325248003006e-07,0.0,0.0,0.0,0.0,0.0,0.0,0.0,0.0,0.0,0.0,-288670082.296035,472.412309687461,0.0,29268699.2877162,0.0,0.0,0.0,88.0,0.0,1071.0,0.0,0.0,0.0,0.0,-287530006.347419,,,,,,BASE,0.0,0,/clusteruy/home/mathiasr/generator-aware-row-scaling/results-revision/r1-internal-scaling/simple-gurobi-01pct/base-scaleflag1/resultados/caso04e_base.csv,/clusteruy/home/mathiasr/generator-aware-row-scaling/results-revision/r1-internal-scaling/simple-gurobi-01pct/base-scaleflag1/resultados/caso04e_base_postprocesado.csv,/clusteruy/home/mathiasr/generator-aware-row-scaling/results-revision/r1-internal-scaling/simple-gurobi-01pct/base-scaleflag1/logs/caso04e_base.log
caso04f.txt,base,OK,0,51.988121054,0.099334914832327,-286177865.28882873,-284651000.0,OPTIMAL,-286462139.82758236,10013.0,756866.0,0.26,14400.0,10800.0,35590.0,10665.0,8317.0,28407.0,25.9375,22.99074074074074,20.182635571789827,3,Model contains large bounds | Model contains large matrix coefficients | Model contains large rhs,0.002,2000000000.0,0.005,2000.0,5.0,4000000000.0,1.0,10000000000.0,,,,,,,,,0.0,51.988121054,1.0,1.0,1.0,0.0,0.0,0.0,,,0.0,,,,467004179.142914,,,58.919166,,0.005796,3.381959,58.919166,1.0,0.011297392390277,,,,,,,,BASE,BASE,,,,,,2.02226276320308e-09,2.27373675443232e-13,6.79865479469299e-08,2.38418579101562e-07,447600.138539037,4.01691554181951,22061832.060218,158684456.941316,3.63797880709171e-11,0.0,2.4307519197464e-07,0.0,0.0,0.0,0.0,0.0,0.0,0.0,0.0,0.0,0.0,-286177865.288829,609.028842488973,0.0,158684456.941316,0.0,0.0,0.0,142.0,0.0,1071.0,0.0,0.0,0.0,0.0,-284650772.58694,,,,,,BASE,0.0,0,/clusteruy/home/mathiasr/generator-aware-row-scaling/results-revision/r1-internal-scaling/simple-gurobi-01pct/base-scaleflag1/resultados/caso04f_base.csv,/clusteruy/home/mathiasr/generator-aware-row-scaling/results-revision/r1-internal-scaling/simple-gurobi-01pct/base-scaleflag1/resultados/caso04f_base_postprocesado.csv,/clusteruy/home/mathiasr/generator-aware-row-scaling/results-revision/r1-internal-scaling/simple-gurobi-01pct/base-scaleflag1/logs/caso04f_base.log
caso05a.txt,base,OK,0,27.108999628,0.01952121967507,-344680396.43780863,-343796000.0,OPTIMAL,-344747682.25517416,2013.0,606985.0,0.21,14400.0,10800.0,35590.0,9533.0,7968.0,26070.0,33.798611111111114,26.22222222222222,26.749086822141052,3,Model contains large bounds | Model contains large matrix coefficient range | Model contains large rhs,0.002,2000000000.0,0.003,3000.0,5.0,4000000000.0,1.0,10000000000.0,,,,,,,,,0.0,27.108999628,1.0,1.0,1.0,0.0,0.0,0.0,,,0.0,,,,861369520.056979,,,34.345958,,0.00449,5.829395,34.345958,1.0,0.103876944619758,,,,,,,,BASE,BASE,,,,,,2.90985914972866e-09,1.28302524160517e-10,1.01288314908743e-07,4.76837158203125e-07,348220.473304764,2.47775264312814,14220052.4008574,193891669.033603,1.11343467779079e-09,0.0,4.76837158203125e-07,0.0,0.0,0.0,0.0,0.0,0.0,0.0,0.0,0.0,0.0,-344680396.437809,550.706661488461,0.0,193891669.033603,0.0,0.0,0.0,639.0,0.0,1029.0,0.0,0.0,0.0,0.0,-343796482.216151,,,,,,BASE,0.0,0,/clusteruy/home/mathiasr/generator-aware-row-scaling/results-revision/r1-internal-scaling/simple-gurobi-01pct/base-scaleflag1/resultados/caso05a_base.csv,/clusteruy/home/mathiasr/generator-aware-row-scaling/results-revision/r1-internal-scaling/simple-gurobi-01pct/base-scaleflag1/resultados/caso05a_base_postprocesado.csv,/clusteruy/home/mathiasr/generator-aware-row-scaling/results-revision/r1-internal-scaling/simple-gurobi-01pct/base-scaleflag1/logs/caso05a_base.log
caso05b.txt,base,OK,0,23.31651983,0.09399483789007,-348397569.30560136,-346430000.0,OPTIMAL,-348725045.0360831,1633.0,159557.0,0.21,14400.0,10800.0,35590.0,9533.0,7968.0,26070.0,33.798611111111114,26.22222222222222,26.749086822141052,3,Model contains large bounds | Model contains large matrix coefficient range | Model contains large rhs,0.002,2000000000.0,0.003,3000.0,5.0,4000000000.0,1.0,10000000000.0,,,,,,,,,0.0,23.31651983,1.0,1.0,1.0,0.0,0.0,0.0,,,0.0,,,,792374980.063432,,,25.603559,,0.00445,4.655869,25.603559,1.0,0.103770375855763,,,,,,,,BASE,BASE,,,,,,4.24454872879238e-09,2.3283064365387e-10,1.29463151097298e-07,6.20842911303043e-07,324927.217257902,2.57279131515075,14634742.1239173,24743821.3005413,7.15255737304688e-07,0.0,8.92439857125282e-07,0.0,0.0,0.0,0.0,0.0,0.0,0.0,0.0,0.0,0.0,-348397569.305601,1574.39394403077,0.0,24743821.3005413,0.0,0.0,0.0,635.0,0.0,1024.0,0.0,0.0,0.0,0.0,-346430040.75143,,,,,,BASE,0.0,0,/clusteruy/home/mathiasr/generator-aware-row-scaling/results-revision/r1-internal-scaling/simple-gurobi-01pct/base-scaleflag1/resultados/caso05b_base.csv,/clusteruy/home/mathiasr/generator-aware-row-scaling/results-revision/r1-internal-scaling/simple-gurobi-01pct/base-scaleflag1/resultados/caso05b_base_postprocesado.csv,/clusteruy/home/mathiasr/generator-aware-row-scaling/results-revision/r1-internal-scaling/simple-gurobi-01pct/base-scaleflag1/logs/caso05b_base.log
caso05c.txt,base,OK,0,37.548770741,0.025847232829585,-346567762.69255394,-345774000.0,OPTIMAL,-346657340.86908937,1737.0,576561.0,0.21,14400.0,10800.0,35590.0,9533.0,7968.0,26070.0,33.798611111111114,26.22222222222222,26.749086822141052,4,Model contains large bounds | Model contains large matrix coefficient range | Model contains large rhs | max constraint violation (4.4515e-05) exceeds tolerance,0.002,2000000000.0,0.005,3000.0,5.0,4000000000.0,1.0,10000000000.0,,,,,,,,,0.0,37.548770741,1.0,1.0,1.0,0.0,0.0,0.0,,,0.0,,,,555711138.08948,,,45.374735,,0.006396,5.632475,45.374735,1.0,0.074440572687427,,,,,,,,BASE,BASE,,,,,,1.51967753132196e-08,1.23444543476125e-10,1.04308128356934e-07,4.45148295646902e-05,351097.522285,2.43794358291346,13996006.3948904,193891669.033467,1.11343467779079e-09,0.0,4.45148295646902e-05,0.0,0.0,0.0,0.0,0.0,6.0,0.0,0.0,0.0,0.0,-346567762.692554,552.473162407434,0.0,193891669.033467,0.0,0.0,0.0,593.0,0.0,1028.0,0.0,0.0,0.0,0.0,-345773865.943952,,,,,,BASE,0.0,0,/clusteruy/home/mathiasr/generator-aware-row-scaling/results-revision/r1-internal-scaling/simple-gurobi-01pct/base-scaleflag1/resultados/caso05c_base.csv,/clusteruy/home/mathiasr/generator-aware-row-scaling/results-revision/r1-internal-scaling/simple-gurobi-01pct/base-scaleflag1/resultados/caso05c_base_postprocesado.csv,/clusteruy/home/mathiasr/generator-aware-row-scaling/results-revision/r1-internal-scaling/simple-gurobi-01pct/base-scaleflag1/logs/caso05c_base.log
caso05d.txt,base,OK,0,69.355031317,0.064887557245025,-275658725.66652,-275859000.0,OPTIMAL,-275837593.87993777,19946.0,1556682.0,0.22,14400.0,10800.0,35590.0,9389.0,7587.0,25642.0,34.798611111111114,29.75,27.951671817926385,3,Model contains large bounds | Model contains large matrix coefficient range | Model contains large rhs,0.002,2000000000.0,0.003,2000.0,5.0,4000000000.0,1.0,10000000000.0,,,,,,,,,0.0,69.355031317,1.0,1.0,1.0,0.0,0.0,0.0,,,0.0,,,,591679070.41032,,,90.872227,,0.025484,4.842408,90.872227,1.0,0.021071553754236,,,,,,,,BASE,BASE,,,,,,2.50273160046675e-09,1.13686837721616e-13,9.31322574615479e-08,4.76837158203125e-07,541428.502797953,6.18735061112686,14992822.9557594,712222171.222409,3.86535248253495e-11,0.0,4.76837158203125e-07,0.0,0.0,0.0,0.0,0.0,0.0,0.0,0.0,0.0,0.0,-275658725.66652,1018.3877797854,0.0,712222171.222409,0.0,0.0,0.0,161.0,0.0,1053.0,0.0,0.0,0.0,0.0,-275858847.038718,,,,,,BASE,0.0,0,/clusteruy/home/mathiasr/generator-aware-row-scaling/results-revision/r1-internal-scaling/simple-gurobi-01pct/base-scaleflag1/resultados/caso05d_base.csv,/clusteruy/home/mathiasr/generator-aware-row-scaling/results-revision/r1-internal-scaling/simple-gurobi-01pct/base-scaleflag1/resultados/caso05d_base_postprocesado.csv,/clusteruy/home/mathiasr/generator-aware-row-scaling/results-revision/r1-internal-scaling/simple-gurobi-01pct/base-scaleflag1/logs/caso05d_base.log
caso05e.txt,base,OK,0,106.804016045,0.095540676425139,-278463707.21531963,-278124000.0,OPTIMAL,-278729753.32479167,48413.0,4511392.0,0.22,14400.0,10800.0,35590.0,9389.0,7587.0,25642.0,34.798611111111114,29.75,27.951671817926385,3,Model contains large bounds | Model contains large matrix coefficient range | Model contains large rhs,0.002,2000000000.0,0.003,2000.0,5.0,4000000000.0,1.0,10000000000.0,,,,,,,,,0.0,106.804016045,1.0,1.0,1.0,0.0,0.0,0.0,,,0.0,,,,635169811.232923,,,131.217029,,0.025369,5.914037,131.217029,1.0,0.014483283103952,,,,,,,,BASE,BASE,,,,,,2.38014288586097e-09,4.54747350886464e-13,8.7544322013855e-08,4.67756763100624e-07,180241.198341071,4.77295157636642,4110774.71147248,321193242.958229,3.91082721762359e-11,0.0,4.67756763100624e-07,0.0,0.0,0.0,0.0,0.0,0.0,0.0,0.0,0.0,0.0,-278463707.21532,1415.40886132359,0.0,321193242.958229,0.0,0.0,0.0,225.0,0.0,1052.0,0.0,0.0,0.0,0.0,-278123640.765312,,,,,,BASE,0.0,0,/clusteruy/home/mathiasr/generator-aware-row-scaling/results-revision/r1-internal-scaling/simple-gurobi-01pct/base-scaleflag1/resultados/caso05e_base.csv,/clusteruy/home/mathiasr/generator-aware-row-scaling/results-revision/r1-internal-scaling/simple-gurobi-01pct/base-scaleflag1/resultados/caso05e_base_postprocesado.csv,/clusteruy/home/mathiasr/generator-aware-row-scaling/results-revision/r1-internal-scaling/simple-gurobi-01pct/base-scaleflag1/logs/caso05e_base.log
caso05f.txt,base,OK,0,60.715869414,0.013441099017678,-276938919.54096556,-276703000.0,OPTIMAL,-276976143.17535955,24341.0,1831111.0,0.22,14400.0,10800.0,35590.0,9389.0,7587.0,25642.0,34.798611111111114,29.75,27.951671817926385,3,Model contains large bounds | Model contains large matrix coefficient range | Model contains large rhs,0.002,2000000000.0,0.005,2000.0,5.0,4000000000.0,1.0,10000000000.0,,,,,,,,,0.0,60.715869414,1.0,1.0,1.0,0.0,0.0,0.0,,,0.0,,,,551736679.90624,,,69.990705,,0.025617,4.800306,69.990705,1.0,0.024738978771545,,,,,,,,BASE,BASE,,,,,,2.53217547632803e-09,1.3855583347322e-13,8.98726284503937e-08,2.38418579101562e-07,373912.726861675,6.04463898744242,12685326.721719,725822122.907334,6.68478605803102e-11,0.0,3.35974618792534e-07,0.0,0.0,0.0,0.0,0.0,0.0,0.0,0.0,0.0,0.0,-276938919.540966,845.712314956218,0.0,725822122.907334,0.0,0.0,0.0,151.0,0.0,1051.0,0.0,0.0,0.0,0.0,-276703217.67818,,,,,,BASE,0.0,0,/clusteruy/home/mathiasr/generator-aware-row-scaling/results-revision/r1-internal-scaling/simple-gurobi-01pct/base-scaleflag1/resultados/caso05f_base.csv,/clusteruy/home/mathiasr/generator-aware-row-scaling/results-revision/r1-internal-scaling/simple-gurobi-01pct/base-scaleflag1/resultados/caso05f_base_postprocesado.csv,/clusteruy/home/mathiasr/generator-aware-row-scaling/results-revision/r1-internal-scaling/simple-gurobi-01pct/base-scaleflag1/logs/caso05f_base.log
caso09a.txt,base,OK,0,2.426049884,0.002644442349404,-291213763.7735253,-290107000.0,OPTIMAL,-291221464.7536218,1.0,8828.0,0.21,14400.0,10800.0,35590.0,9626.0,8173.0,25749.0,33.15277777777778,24.324074074074073,27.65102556898005,4,Model contains large bounds | Model contains large matrix coefficient range | Model contains large rhs | max constraint violation (8.6966e-06) exceeds tolerance,0.001,2000000000.0,0.003,3000.0,5.0,3000000000.0,1.0,10000000000.0,,,,,,,,,0.0,2.426049884,1.0,1.0,1.0,0.0,0.0,0.0,,,0.0,,,,752211.420864,,,2.002213,,,,2.002213,1.0,0.873843384665783,,,,,,,,BASE,BASE,,,,,,3.70916505407875e-09,3.58353346996378e-12,1.12459529191256e-07,8.69657359814369e-06,161188.065437585,1.91476945780426,4968511.23904584,117356016.656497,3.05675484923995e-11,0.0,8.69657359814369e-06,0.0,0.0,0.0,0.0,0.0,1.0,0.0,0.0,0.0,0.0,-291213763.773525,449.961443975124,0.0,117356016.656497,0.0,0.0,0.0,703.0,0.0,1004.0,0.0,0.0,0.0,0.0,-290107471.09259,,,,,,BASE,0.0,0,/clusteruy/home/mathiasr/generator-aware-row-scaling/results-revision/r1-internal-scaling/simple-gurobi-01pct/base-scaleflag1/resultados/caso09a_base.csv,/clusteruy/home/mathiasr/generator-aware-row-scaling/results-revision/r1-internal-scaling/simple-gurobi-01pct/base-scaleflag1/resultados/caso09a_base_postprocesado.csv,/clusteruy/home/mathiasr/generator-aware-row-scaling/results-revision/r1-internal-scaling/simple-gurobi-01pct/base-scaleflag1/logs/caso09a_base.log
caso09b.txt,base,OK,0,2.500745558,0.009097739148501,-292299562.14546937,-291588000.0,OPTIMAL,-292326154.7971656,1.0,8794.0,0.21,14400.0,10800.0,35590.0,9626.0,8173.0,25749.0,33.15277777777778,24.324074074074073,27.65102556898005,3,Model contains large bounds | Model contains large matrix coefficient range | Model contains large rhs,0.001,2000000000.0,0.003,3000.0,5.0,3000000000.0,1.0,10000000000.0,,,,,,,,,0.0,2.500745558,1.0,1.0,1.0,0.0,0.0,0.0,,,0.0,,,,2031806.246586,,,2.158994,,,,2.158994,1.0,0.873838354061863,,,,,,,,BASE,BASE,,,,,,2.93513941901141e-09,4.15365519756939e-12,1.11758708953857e-07,2.34693288803101e-07,123876.939823306,1.81729855932888,4048662.68538026,17692964.759141,2.99280600302154e-11,0.0,2.38418579101562e-07,0.0,0.0,0.0,0.0,0.0,0.0,0.0,0.0,0.0,0.0,-292299562.145469,1235.98784141916,0.0,17692964.759141,0.0,0.0,0.0,739.0,0.0,993.0,0.0,0.0,0.0,0.0,-291587626.021539,,,,,,BASE,0.0,0,/clusteruy/home/mathiasr/generator-aware-row-scaling/results-revision/r1-internal-scaling/simple-gurobi-01pct/base-scaleflag1/resultados/caso09b_base.csv,/clusteruy/home/mathiasr/generator-aware-row-scaling/results-revision/r1-internal-scaling/simple-gurobi-01pct/base-scaleflag1/resultados/caso09b_base_postprocesado.csv,/clusteruy/home/mathiasr/generator-aware-row-scaling/results-revision/r1-internal-scaling/simple-gurobi-01pct/base-scaleflag1/logs/caso09b_base.log
caso09c.txt,base,OK,0,2.499650925,0.003878800170836,-291720203.7531246,-290596000.0,OPTIMAL,-291731518.99688613,1.0,9080.0,0.21,14400.0,10800.0,35590.0,9626.0,8173.0,25749.0,33.15277777777778,24.324074074074073,27.65102556898005,4,Model contains large bounds | Model contains large matrix coefficient range | Model contains large rhs | max constraint violation (8.6966e-06) exceeds tolerance,0.001,2000000000.0,0.005,3000.0,5.0,3000000000.0,1.0,10000000000.0,,,,,,,,,0.0,2.499650925,1.0,1.0,1.0,0.0,0.0,0.0,,,0.0,,,,86719.412293,,,2.036864,,,,2.036864,1.0,0.875568003703581,,,,,,,,BASE,BASE,,,,,,3.71201075930885e-09,4.00106614506511e-12,1.12459529191256e-07,8.69657359814369e-06,152972.722366929,1.89742481203948,4968511.23904584,79677725.9937554,3.05675484923995e-11,0.0,8.69657359814369e-06,0.0,0.0,0.0,0.0,0.0,1.0,0.0,0.0,0.0,0.0,-291720203.753125,449.961443975124,0.0,79677725.9937554,0.0,0.0,0.0,700.0,0.0,1004.0,0.0,0.0,0.0,0.0,-290595763.361965,,,,,,BASE,0.0,0,/clusteruy/home/mathiasr/generator-aware-row-scaling/results-revision/r1-internal-scaling/simple-gurobi-01pct/base-scaleflag1/resultados/caso09c_base.csv,/clusteruy/home/mathiasr/generator-aware-row-scaling/results-revision/r1-internal-scaling/simple-gurobi-01pct/base-scaleflag1/resultados/caso09c_base_postprocesado.csv,/clusteruy/home/mathiasr/generator-aware-row-scaling/results-revision/r1-internal-scaling/simple-gurobi-01pct/base-scaleflag1/logs/caso09c_base.log
caso09d.txt,base,OK,0,2.053689713,0.091192263288334,-238301667.6940387,-238486000.0,OPTIMAL,-238518980.37826273,1.0,8008.0,0.21,14400.0,10800.0,35590.0,9650.0,7945.0,25722.0,32.986111111111114,26.435185185185187,27.72688957572352,4,Model contains large bounds | Model contains large matrix coefficient range | Model contains large rhs | max constraint violation (7.6140e-06) exceeds tolerance,0.001,2000000000.0,0.003,2000.0,5.0,3000000000.0,1.0,10000000000.0,,,,,,,,,0.0,2.053689713,1.0,1.0,1.0,0.0,0.0,0.0,,,0.0,,,,378057097.271554,,,1.911104,,,,1.911104,1.0,0.848873714969483,,,,,,,,BASE,BASE,,,,,,3.25178519034019e-09,5.12367925864486e-14,8.28970223665239e-08,2.01165676116943e-07,454674.399278265,3.87249705764435,12922491.9657532,644408786.270671,7.15255737304688e-07,0.0,7.61402770876884e-06,0.0,0.0,0.0,0.0,0.0,2.0,0.0,0.0,0.0,0.0,-238301667.694039,1063.97133106618,0.0,644408786.270671,0.0,0.0,0.0,300.0,0.0,1037.0,0.0,0.0,0.0,0.0,-238485936.751148,,,,,,BASE,0.0,0,/clusteruy/home/mathiasr/generator-aware-row-scaling/results-revision/r1-internal-scaling/simple-gurobi-01pct/base-scaleflag1/resultados/caso09d_base.csv,/clusteruy/home/mathiasr/generator-aware-row-scaling/results-revision/r1-internal-scaling/simple-gurobi-01pct/base-scaleflag1/resultados/caso09d_base_postprocesado.csv,/clusteruy/home/mathiasr/generator-aware-row-scaling/results-revision/r1-internal-scaling/simple-gurobi-01pct/base-scaleflag1/logs/caso09d_base.log
caso09e.txt,base,OK,0,195.236559859,0.099224608898678,-238210743.8062631,-238365000.0,OPTIMAL,-238447107.4851595,59412.0,3649095.0,0.21,14400.0,10800.0,35590.0,9650.0,7945.0,25722.0,32.986111111111114,26.435185185185187,27.72688957572352,3,Model contains large bounds | Model contains large matrix coefficient range | Model contains large rhs,0.001,2000000000.0,0.003,2000.0,5.0,3000000000.0,1.0,10000000000.0,,,,,,,,,0.0,195.236559859,1.0,1.0,1.0,0.0,0.0,0.0,,,0.0,,,,400726597.239282,,,230.447711,,0.004006,3.876278,230.447711,1.0,0.004312292912468,,,,,,,,BASE,BASE,,,,,,2.16917472674178e-09,5.32074384551602e-14,7.45058059692383e-08,2.01165676116943e-07,242357.981124516,4.11051107197434,8211037.78822403,311361848.412809,5.13864506501704e-11,0.0,4.76837158203125e-07,0.0,0.0,0.0,0.0,0.0,0.0,0.0,0.0,0.0,0.0,-238210743.806263,1119.27909188811,0.0,311361848.412809,0.0,0.0,0.0,447.0,0.0,1032.0,0.0,0.0,0.0,0.0,-238365150.623147,,,,,,BASE,0.0,0,/clusteruy/home/mathiasr/generator-aware-row-scaling/results-revision/r1-internal-scaling/simple-gurobi-01pct/base-scaleflag1/resultados/caso09e_base.csv,/clusteruy/home/mathiasr/generator-aware-row-scaling/results-revision/r1-internal-scaling/simple-gurobi-01pct/base-scaleflag1/resultados/caso09e_base_postprocesado.csv,/clusteruy/home/mathiasr/generator-aware-row-scaling/results-revision/r1-internal-scaling/simple-gurobi-01pct/base-scaleflag1/logs/caso09e_base.log
caso09f.txt,base,OK,0,46.591223131,0.076305073373425,-238111627.71263504,-238115000.0,OPTIMAL,-238293318.96487182,6954.0,833939.0,0.21,14400.0,10800.0,35590.0,9650.0,7945.0,25722.0,32.986111111111114,26.435185185185187,27.72688957572352,4,Model contains large bounds | Model contains large matrix coefficient range | Model contains large rhs | max constraint violation (2.9221e-04) exceeds tolerance,0.001,2000000000.0,0.005,2000.0,5.0,3000000000.0,1.0,10000000000.0,,,,,,,,,0.0,46.591223131,1.0,1.0,1.0,0.0,0.0,0.0,,,0.0,,,,726107496.86534,,,53.124069,,0.003818,2.976734,53.124069,1.0,0.012076870570983,,,,,,,,BASE,BASE,,,,,,2.86874764254062e-08,5.6843418860808e-14,8.5681676864624e-08,5.1872397648367e-05,445278.818134901,3.92579463754337,13786915.4880974,641013095.142773,0.000292209957791556,0.0,3.07802110910416e-07,0.0,0.0,0.0,3.0,0.0,0.0,0.0,0.0,0.0,0.0,-238111627.712635,1169.89975433532,0.0,641013095.142773,0.0,0.0,0.0,272.0,0.0,1034.0,0.0,0.0,0.0,0.0,-238114774.656054,,,,,,BASE,0.0,0,/clusteruy/home/mathiasr/generator-aware-row-scaling/results-revision/r1-internal-scaling/simple-gurobi-01pct/base-scaleflag1/resultados/caso09f_base.csv,/clusteruy/home/mathiasr/generator-aware-row-scaling/results-revision/r1-internal-scaling/simple-gurobi-01pct/base-scaleflag1/resultados/caso09f_base_postprocesado.csv,/clusteruy/home/mathiasr/generator-aware-row-scaling/results-revision/r1-internal-scaling/simple-gurobi-01pct/base-scaleflag1/logs/caso09f_base.log
caso10a.txt,base,OK,0,183.469168448,0.027349098093052,-350243651.493593,-350039000.0,OPTIMAL,-350339439.97340465,16419.0,1380159.0,0.26,14400.0,10800.0,35590.0,11895.0,9280.0,31965.0,17.395833333333332,14.074074074074074,10.185445349817364,4,Model contains large bounds | Model contains large matrix coefficient range | Model contains large rhs | max constraint violation (1.5379e-04) exceeds tolerance,0.001,1000000000.0,0.003,3000.0,5.0,2000000000.0,1.0,10000000000.0,,,,,,,,,0.0,183.469168448,1.0,1.0,1.0,0.0,0.0,0.0,,,0.0,,,,379918597.309767,,,211.135939,,0.77651,5.657027,211.135939,1.0,0.119893937928035,,,,,,,,BASE,BASE,,,,,,1.67804571452027e-08,2.91038304567337e-11,1.00582838058472e-07,0.000153790445667108,198761.445891477,5.32192022034535,8557480.72472475,41429662.0497847,5.0931703299284e-11,0.0,0.000153790445667108,0.0,0.0,0.0,0.0,0.0,2.0,0.0,0.0,0.0,0.0,-350243651.493593,1441.32307893773,0.0,41429662.0497847,0.0,0.0,0.0,1527.0,0.0,967.0,0.0,0.0,0.0,0.0,-350039221.276048,,,,,,BASE,0.0,0,/clusteruy/home/mathiasr/generator-aware-row-scaling/results-revision/r1-internal-scaling/simple-gurobi-01pct/base-scaleflag1/resultados/caso10a_base.csv,/clusteruy/home/mathiasr/generator-aware-row-scaling/results-revision/r1-internal-scaling/simple-gurobi-01pct/base-scaleflag1/resultados/caso10a_base_postprocesado.csv,/clusteruy/home/mathiasr/generator-aware-row-scaling/results-revision/r1-internal-scaling/simple-gurobi-01pct/base-scaleflag1/logs/caso10a_base.log
caso10b.txt,base,OK,0,2.357597216,0.078793448187161,-353197663.63643134,-353524000.0,OPTIMAL,-353475960.254527,1.0,9893.0,0.26,14400.0,10800.0,35590.0,11895.0,9280.0,31965.0,17.395833333333332,14.074074074074074,10.185445349817364,3,Model contains large bounds | Model contains large matrix coefficient range | Model contains large rhs,0.001,1000000000.0,0.003,3000.0,5.0,2000000000.0,1.0,10000000000.0,,,,,,,,,0.0,2.357597216,1.0,1.0,1.0,0.0,0.0,0.0,,,0.0,,,,719972616.164933,,,2.160827,,,,2.160827,1.0,0.254049213381629,,,,,,,,BASE,BASE,,,,,,2.85842666758568e-09,4.65661287307739e-10,1.02455087471754e-07,2.27242708206177e-07,100074.790960234,3.01143168242162,2460469.35137168,17810175.0127827,3.33386651618639e-11,0.0,2.39349901676178e-07,0.0,0.0,0.0,0.0,0.0,0.0,0.0,0.0,0.0,0.0,-353197663.636431,2793.95594463524,0.0,17810175.0127827,0.0,0.0,0.0,1497.0,0.0,984.0,0.0,0.0,0.0,0.0,-353523927.797731,,,,,,BASE,0.0,0,/clusteruy/home/mathiasr/generator-aware-row-scaling/results-revision/r1-internal-scaling/simple-gurobi-01pct/base-scaleflag1/resultados/caso10b_base.csv,/clusteruy/home/mathiasr/generator-aware-row-scaling/results-revision/r1-internal-scaling/simple-gurobi-01pct/base-scaleflag1/resultados/caso10b_base_postprocesado.csv,/clusteruy/home/mathiasr/generator-aware-row-scaling/results-revision/r1-internal-scaling/simple-gurobi-01pct/base-scaleflag1/logs/caso10b_base.log
caso10c.txt,base,OK,0,54.825761827,0.095385194835285,-351485359.38302463,-354128000.0,OPTIMAL,-351820624.37788963,7865.0,755053.0,0.26,14400.0,10800.0,35590.0,11895.0,9280.0,31965.0,17.395833333333332,14.074074074074074,10.185445349817364,3,Model contains large bounds | Model contains large matrix coefficient range | Model contains large rhs,0.001,1000000000.0,0.005,3000.0,5.0,2000000000.0,1.0,10000000000.0,,,,,,,,,0.0,54.825761827,1.0,1.0,1.0,0.0,0.0,0.0,,,0.0,,,,894477913.679773,,,61.006427,,0.758793,5.590195,61.006427,1.0,0.198311768496338,,,,,,,,BASE,BASE,,,,,,2.33093602161267e-09,1.23519389161294e-12,8.94069671630859e-08,3.57627868652344e-07,810861.309896108,15.6037191304761,25859332.0338841,864705656.037078,8.76298145158216e-09,0.0,4.76837158203125e-07,0.0,0.0,0.0,0.0,0.0,0.0,0.0,0.0,0.0,0.0,-351485359.383025,1562.57588254635,0.0,864705656.037078,0.0,0.0,0.0,1240.0,0.0,914.0,0.0,0.0,0.0,0.0,-354128082.109515,,,,,,BASE,0.0,0,/clusteruy/home/mathiasr/generator-aware-row-scaling/results-revision/r1-internal-scaling/simple-gurobi-01pct/base-scaleflag1/resultados/caso10c_base.csv,/clusteruy/home/mathiasr/generator-aware-row-scaling/results-revision/r1-internal-scaling/simple-gurobi-01pct/base-scaleflag1/resultados/caso10c_base_postprocesado.csv,/clusteruy/home/mathiasr/generator-aware-row-scaling/results-revision/r1-internal-scaling/simple-gurobi-01pct/base-scaleflag1/logs/caso10c_base.log
caso10d.txt,base,OK,0,378.901330134,0.098534493835023,-262026665.55531186,-262803000.0,OPTIMAL,-262284852.20392957,110798.0,16360933.0,0.26,14400.0,10800.0,35590.0,11761.0,8871.0,31576.0,18.32638888888889,17.86111111111111,11.2784490025288,3,Model contains large bounds | Model contains large matrix coefficient range | Model contains large rhs,0.001,1000000000.0,0.003,2000.0,5.0,2000000000.0,1.0,10000000000.0,,,,,,,,,0.0,378.901330134,1.0,1.0,1.0,0.0,0.0,0.0,,,0.0,,,,706780041.468437,,,497.350546,,0.051311,5.250891,497.350546,1.0,0.015510350306288,,,,,,,,BASE,BASE,,,,,,2.54695886096323e-09,4.54747350886464e-13,9.12696123123169e-08,2.34693288803101e-07,476214.653559361,3.48286806781245,20930082.0382525,193755368.572977,2.38418579101562e-07,0.0,4.76837158203125e-07,0.0,0.0,0.0,0.0,0.0,0.0,0.0,0.0,0.0,0.0,-262026665.555312,1029.14923769572,0.0,193755368.572977,0.0,0.0,0.0,523.0,0.0,1016.0,0.0,0.0,0.0,0.0,-262802645.755343,,,,,,BASE,0.0,0,/clusteruy/home/mathiasr/generator-aware-row-scaling/results-revision/r1-internal-scaling/simple-gurobi-01pct/base-scaleflag1/resultados/caso10d_base.csv,/clusteruy/home/mathiasr/generator-aware-row-scaling/results-revision/r1-internal-scaling/simple-gurobi-01pct/base-scaleflag1/resultados/caso10d_base_postprocesado.csv,/clusteruy/home/mathiasr/generator-aware-row-scaling/results-revision/r1-internal-scaling/simple-gurobi-01pct/base-scaleflag1/logs/caso10d_base.log
caso10e.txt,base,OK,0,3600.283017691,0.11308360121454,-263589690.051729,-264485000.0,TIME_LIMIT,-263887766.76566973,928668.0,184110514.0,0.26,14400.0,10800.0,35590.0,11761.0,8871.0,31576.0,18.32638888888889,17.86111111111111,11.2784490025288,3,Model contains large bounds | Model contains large matrix coefficient range | Model contains large rhs,0.001,1000000000.0,0.003,2000.0,5.0,2000000000.0,1.0,10000000000.0,,,,,,,,,0.0,3600.283017691,1.0,1.0,1.0,0.0,0.0,0.0,,,0.0,,,,559909035.419835,,,5310.216058,,0.035067,6.09279,5310.216058,1.0,0.00388047153535,,,,,,,,BASE,BASE,,,,,,2.33385055307416e-09,4.54747350886464e-13,8.94069671630859e-08,2.98023223876953e-07,565326.929525896,3.42506825812114,20707351.3048527,600299700.144924,2.86490831058472e-11,0.0,3.03552951663733e-07,0.0,0.0,0.0,0.0,0.0,0.0,0.0,0.0,0.0,0.0,-263589690.051729,9060.11231486841,0.0,600299700.144924,0.0,0.0,0.0,546.0,0.0,1018.0,0.0,0.0,0.0,0.0,-264485146.361015,,,,,,BASE,0.0,0,/clusteruy/home/mathiasr/generator-aware-row-scaling/results-revision/r1-internal-scaling/simple-gurobi-01pct/base-scaleflag1/resultados/caso10e_base.csv,/clusteruy/home/mathiasr/generator-aware-row-scaling/results-revision/r1-internal-scaling/simple-gurobi-01pct/base-scaleflag1/resultados/caso10e_base_postprocesado.csv,/clusteruy/home/mathiasr/generator-aware-row-scaling/results-revision/r1-internal-scaling/simple-gurobi-01pct/base-scaleflag1/logs/caso10e_base.log
caso10f.txt,base,OK,0,235.393256087,0.099436999206414,-262764335.26913178,-263581000.0,OPTIMAL,-263025620.2391081,41184.0,8539792.0,0.27,14400.0,10800.0,35590.0,11761.0,8871.0,31576.0,18.32638888888889,17.86111111111111,11.2784490025288,3,Model contains large bounds | Model contains large matrix coefficient range | Model contains large rhs,0.001,1000000000.0,0.005,2000.0,5.0,2000000000.0,1.0,10000000000.0,,,,,,,,,0.0,235.393256087,1.0,1.0,1.0,0.0,0.0,0.0,,,0.0,,,,559909035.419835,,,310.032524,,0.048754,4.879171,310.032524,1.0,0.028015080210603,,,,,,,,BASE,BASE,,,,,,2.24466279148801e-09,4.54747350886464e-13,8.5681676864624e-08,2.34693288803101e-07,457421.151102037,3.40503211083308,21013980.3600933,128274567.339445,3.1377567211166e-11,0.0,2.44064722210169e-07,0.0,0.0,0.0,0.0,0.0,0.0,0.0,0.0,0.0,0.0,-262764335.269132,1029.14923769572,0.0,128274567.339445,0.0,0.0,0.0,522.0,0.0,1016.0,0.0,0.0,0.0,0.0,-263581392.517755,,,,,,BASE,0.0,0,/clusteruy/home/mathiasr/generator-aware-row-scaling/results-revision/r1-internal-scaling/simple-gurobi-01pct/base-scaleflag1/resultados/caso10f_base.csv,/clusteruy/home/mathiasr/generator-aware-row-scaling/results-revision/r1-internal-scaling/simple-gurobi-01pct/base-scaleflag1/resultados/caso10f_base_postprocesado.csv,/clusteruy/home/mathiasr/generator-aware-row-scaling/results-revision/r1-internal-scaling/simple-gurobi-01pct/base-scaleflag1/logs/caso10f_base.log
caso11a.txt,base,OK,0,1.988420675,0.039389362245922,-347620258.8027611,-347454000.0,OPTIMAL,-347757184.2057411,1.0,9596.0,0.2,14400.0,10800.0,35590.0,10409.0,8530.0,27927.0,27.71527777777778,21.01851851851852,21.531329025007025,4,Model contains large bounds | Model contains large matrix coefficient range | Model contains large rhs | max constraint violation (4.3721e-06) exceeds tolerance,0.002,2000000000.0,0.003,3000.0,5.0,3000000000.0,1.0,10000000000.0,,,,,,,,,0.0,1.988420675,1.0,1.0,1.0,0.0,0.0,0.0,,,0.0,,,,223232.905083,,,1.796969,,,,1.796969,1.0,0.216172982552949,,,,,,,,BASE,BASE,,,,,,3.15557266295569e-09,9.52509182638974e-12,1.03386119008064e-07,2.30967998504639e-07,370788.45898931,2.77687785767049,13856306.3961793,149984863.716117,3.04964942188235e-11,0.0,4.37162816524506e-06,0.0,0.0,0.0,0.0,0.0,1.0,0.0,0.0,0.0,0.0,-347620258.802761,2392.42829521853,0.0,149984863.716117,0.0,0.0,0.0,1019.0,0.0,1023.0,0.0,0.0,0.0,0.0,-347453931.102382,,,,,,BASE,0.0,0,/clusteruy/home/mathiasr/generator-aware-row-scaling/results-revision/r1-internal-scaling/simple-gurobi-01pct/base-scaleflag1/resultados/caso11a_base.csv,/clusteruy/home/mathiasr/generator-aware-row-scaling/results-revision/r1-internal-scaling/simple-gurobi-01pct/base-scaleflag1/resultados/caso11a_base_postprocesado.csv,/clusteruy/home/mathiasr/generator-aware-row-scaling/results-revision/r1-internal-scaling/simple-gurobi-01pct/base-scaleflag1/logs/caso11a_base.log
caso11b.txt,base,OK,0,86.441729562,0.007251928284562,-351186464.76906955,-350438000.0,OPTIMAL,-351211932.5596397,14303.0,736870.0,0.2,14400.0,10800.0,35590.0,10409.0,8530.0,27927.0,27.71527777777778,21.01851851851852,21.531329025007025,4,Model contains large bounds | Model contains large matrix coefficient range | Model contains large rhs | max constraint violation (7.0288e-05) exceeds tolerance,0.002,2000000000.0,0.003,3000.0,5.0,3000000000.0,1.0,10000000000.0,,,,,,,,,0.0,86.441729562,1.0,1.0,1.0,0.0,0.0,0.0,,,0.0,,,,891655673.110239,,,110.456294,,1.249929,3.410539,110.456294,1.0,0.556845759910024,,,,,,,,BASE,BASE,,,,,,1.22186357257499e-08,1.22737042751452e-11,1.01514160633087e-07,7.02883948717758e-05,293852.752593993,7.59891302301213,13554419.2269678,23169100.5067015,1.79127823685121e-11,0.0,7.02883948717758e-05,0.0,0.0,0.0,0.0,0.0,4.0,0.0,0.0,0.0,0.0,-351186464.76907,1401.63360152884,0.0,23169100.5067015,0.0,0.0,0.0,1145.0,0.0,1020.0,0.0,0.0,0.0,0.0,-350438268.399457,,,,,,BASE,0.0,0,/clusteruy/home/mathiasr/generator-aware-row-scaling/results-revision/r1-internal-scaling/simple-gurobi-01pct/base-scaleflag1/resultados/caso11b_base.csv,/clusteruy/home/mathiasr/generator-aware-row-scaling/results-revision/r1-internal-scaling/simple-gurobi-01pct/base-scaleflag1/resultados/caso11b_base_postprocesado.csv,/clusteruy/home/mathiasr/generator-aware-row-scaling/results-revision/r1-internal-scaling/simple-gurobi-01pct/base-scaleflag1/logs/caso11b_base.log
caso11c.txt,base,OK,0,2.061764604,0.043444727915948,-349253149.1450694,-349380000.0,OPTIMAL,-349404881.2254534,1.0,9034.0,0.2,14400.0,10800.0,35590.0,10409.0,8530.0,27927.0,27.71527777777778,21.01851851851852,21.531329025007025,4,Model contains large bounds | Model contains large matrix coefficient range | Model contains large rhs | max constraint violation (9.9596e-06) exceeds tolerance,0.002,2000000000.0,0.005,3000.0,5.0,3000000000.0,1.0,10000000000.0,,,,,,,,,0.0,2.061764604,1.0,1.0,1.0,0.0,0.0,0.0,,,0.0,,,,501565.060203,,,1.858815,,,,1.858815,1.0,0.224030555066774,,,,,,,,BASE,BASE,,,,,,3.74663959228777e-09,8.15498779616054e-12,1.07567757368088e-07,2.30967998504639e-07,367474.119094215,2.79547192626572,13872020.0739958,221280081.98675,6.19593265582807e-12,0.0,9.95956361293793e-06,0.0,0.0,0.0,0.0,0.0,1.0,0.0,0.0,0.0,0.0,-349253149.145069,2419.43386997951,0.0,221280081.98675,0.0,0.0,0.0,1037.0,0.0,1023.0,0.0,0.0,0.0,0.0,-349380443.363871,,,,,,BASE,0.0,0,/clusteruy/home/mathiasr/generator-aware-row-scaling/results-revision/r1-internal-scaling/simple-gurobi-01pct/base-scaleflag1/resultados/caso11c_base.csv,/clusteruy/home/mathiasr/generator-aware-row-scaling/results-revision/r1-internal-scaling/simple-gurobi-01pct/base-scaleflag1/resultados/caso11c_base_postprocesado.csv,/clusteruy/home/mathiasr/generator-aware-row-scaling/results-revision/r1-internal-scaling/simple-gurobi-01pct/base-scaleflag1/logs/caso11c_base.log
caso11d.txt,base,OK,0,2.070416423,0.031130947031725,-264603704.3971917,-265505000.0,OPTIMAL,-264686078.03625157,1.0,7295.0,0.21,14400.0,10800.0,35590.0,10315.0,8193.0,27634.0,28.368055555555557,24.13888888888889,22.35459398707502,3,Model contains large bounds | Model contains large matrix coefficient range | Model contains large rhs,0.002,2000000000.0,0.003,2000.0,5.0,3000000000.0,1.0,10000000000.0,,,,,,,,,0.0,2.070416423,1.0,1.0,1.0,0.0,0.0,0.0,,,0.0,,,,119213.471191,,,1.934846,,,,1.934846,1.0,0.822101113670436,,,,,,,,BASE,BASE,,,,,,1.8601837813741e-09,5.6843418860808e-14,5.58793544769287e-08,3.53902578353882e-07,945311.36576317,4.09279847752335,28939402.8291559,761604962.826087,1.81898940354586e-12,0.0,3.53902578353882e-07,0.0,0.0,0.0,0.0,0.0,0.0,0.0,0.0,0.0,0.0,-264603704.397192,990.794693689691,0.0,761604962.826087,0.0,0.0,0.0,241.0,0.0,1042.0,0.0,0.0,0.0,0.0,-265505302.66145,,,,,,BASE,0.0,0,/clusteruy/home/mathiasr/generator-aware-row-scaling/results-revision/r1-internal-scaling/simple-gurobi-01pct/base-scaleflag1/resultados/caso11d_base.csv,/clusteruy/home/mathiasr/generator-aware-row-scaling/results-revision/r1-internal-scaling/simple-gurobi-01pct/base-scaleflag1/resultados/caso11d_base_postprocesado.csv,/clusteruy/home/mathiasr/generator-aware-row-scaling/results-revision/r1-internal-scaling/simple-gurobi-01pct/base-scaleflag1/logs/caso11d_base.log
caso11e.txt,base,OK,0,137.437438298,0.087904266063227,-266953752.71681726,-267854000.0,OPTIMAL,-267188416.45387122,17686.0,3466400.0,0.21,14400.0,10800.0,35590.0,10315.0,8193.0,27634.0,28.368055555555557,24.13888888888889,22.35459398707502,4,Model contains large bounds | Model contains large matrix coefficient range | Model contains large rhs | switch to quad precision,0.002,2000000000.0,0.003,2000.0,5.0,3000000000.0,1.0,10000000000.0,,,,,,,,,0.0,137.437438298,1.0,1.0,1.0,0.0,0.0,0.0,,,0.0,,,,572719714.67794,,,169.728245,,0.478621,5.519192,169.728245,1.0,0.052292636895525,,,,,,,,BASE,BASE,,,,,,1.8147722760288e-09,2.27373675443232e-13,6.33299350738525e-08,1.9371509552002e-07,493800.180965999,2.86011541684218,15499742.2874008,378027180.142754,4.87307261209935e-09,0.0,2.38418579101562e-07,0.0,0.0,0.0,0.0,0.0,0.0,0.0,0.0,0.0,0.0,-266953752.716817,977.955977819714,0.0,378027180.142754,0.0,0.0,0.0,392.0,0.0,1048.0,0.0,0.0,0.0,0.0,-267853877.360497,,,,,,BASE,0.0,0,/clusteruy/home/mathiasr/generator-aware-row-scaling/results-revision/r1-internal-scaling/simple-gurobi-01pct/base-scaleflag1/resultados/caso11e_base.csv,/clusteruy/home/mathiasr/generator-aware-row-scaling/results-revision/r1-internal-scaling/simple-gurobi-01pct/base-scaleflag1/resultados/caso11e_base_postprocesado.csv,/clusteruy/home/mathiasr/generator-aware-row-scaling/results-revision/r1-internal-scaling/simple-gurobi-01pct/base-scaleflag1/logs/caso11e_base.log
caso11f.txt,base,OK,0,2.114524988,0.03855945396117,-265562676.23183674,-266442000.0,OPTIMAL,-265665075.7497164,1.0,7398.0,0.21,14400.0,10800.0,35590.0,10315.0,8193.0,27634.0,28.368055555555557,24.13888888888889,22.35459398707502,3,Model contains large bounds | Model contains large matrix coefficient range | Model contains large rhs,0.002,2000000000.0,0.005,2000.0,5.0,3000000000.0,1.0,10000000000.0,,,,,,,,,0.0,2.114524988,1.0,1.0,1.0,0.0,0.0,0.0,,,0.0,,,,189192.059152,,,1.964988,,,,1.964988,1.0,0.827434437416809,,,,,,,,BASE,BASE,,,,,,1.71036122102265e-09,5.6843418860808e-14,4.84660267829903e-08,1.78813934326172e-07,560860.814020528,2.82933218952875,18766927.5266018,375405268.143924,2.27373675443232e-13,0.0,2.3888424038887e-07,0.0,0.0,0.0,0.0,0.0,0.0,0.0,0.0,0.0,0.0,-265562676.231837,990.794693689691,0.0,375405268.143924,0.0,0.0,0.0,325.0,0.0,1042.0,0.0,0.0,0.0,0.0,-266442480.828173,,,,,,BASE,0.0,0,/clusteruy/home/mathiasr/generator-aware-row-scaling/results-revision/r1-internal-scaling/simple-gurobi-01pct/base-scaleflag1/resultados/caso11f_base.csv,/clusteruy/home/mathiasr/generator-aware-row-scaling/results-revision/r1-internal-scaling/simple-gurobi-01pct/base-scaleflag1/resultados/caso11f_base_postprocesado.csv,/clusteruy/home/mathiasr/generator-aware-row-scaling/results-revision/r1-internal-scaling/simple-gurobi-01pct/base-scaleflag1/logs/caso11f_base.log
caso12a.txt,base,OK,0,58.295495292,0.053188686870385,-431460955.13485396,-434703000.0,OPTIMAL,-431690443.5512486,4067.0,569172.0,0.19,14400.0,10800.0,35590.0,12287.0,9398.0,32697.0,14.67361111111111,12.981481481481481,8.128687833661141,4,Model contains large bounds | Model contains large matrix coefficients | Model contains large rhs | max constraint violation (2.4230e-04) exceeds tolerance,0.002,600000000.0,0.003,3000.0,5.0,3000000000.0,1.0,10000000000.0,,,,,,,,,0.0,58.295495292,1.0,1.0,1.0,0.0,0.0,0.0,,,0.0,,,,342401083.383757,,,64.918133,,2.562325,4.291349,64.918133,1.0,0.236616036533456,,,,,,,,BASE,BASE,,,,,,2.89102373033824e-08,9.9207086989849e-12,9.12789255380633e-08,0.000242299260398315,474281.169608972,94.5681010706865,13786598.0939547,672526839.439499,5.96046447753906e-06,0.0,0.000242299260398315,0.0,0.0,0.0,1.0,0.0,3.0,0.0,0.0,0.0,0.0,-431460955.134854,10499.3949744912,0.0,672526839.439499,0.0,0.0,0.0,2287.0,0.0,921.0,0.0,0.0,0.0,0.0,-434703328.773803,,,,,,BASE,0.0,0,/clusteruy/home/mathiasr/generator-aware-row-scaling/results-revision/r1-internal-scaling/simple-gurobi-01pct/base-scaleflag1/resultados/caso12a_base.csv,/clusteruy/home/mathiasr/generator-aware-row-scaling/results-revision/r1-internal-scaling/simple-gurobi-01pct/base-scaleflag1/resultados/caso12a_base_postprocesado.csv,/clusteruy/home/mathiasr/generator-aware-row-scaling/results-revision/r1-internal-scaling/simple-gurobi-01pct/base-scaleflag1/logs/caso12a_base.log
caso12b.txt,base,OK,0,28.591449994,0.017290157716915,-437875211.9316585,-438348000.0,OPTIMAL,-437950921.24640477,6945.0,389572.0,0.19,14400.0,10800.0,35590.0,12287.0,9398.0,32697.0,14.67361111111111,12.981481481481481,8.128687833661141,3,Model contains large bounds | Model contains large matrix coefficients | Model contains large rhs,0.002,600000000.0,0.003,3000.0,5.0,3000000000.0,1.0,10000000000.0,,,,,,,,,0.0,28.591449994,1.0,1.0,1.0,0.0,0.0,0.0,,,0.0,,,,176856769.508513,,,30.916502,,2.447042,4.451141,30.916502,1.0,0.335704194030997,,,,,,,,BASE,BASE,,,,,,3.30654647912419e-09,4.65661287307739e-10,1.08033418655396e-07,2.9243528842926e-07,301289.589035267,61.7608918891783,9203644.42178089,62086413.9159909,9.5367431640625e-07,0.0,9.53208655118942e-07,1.64238259106874e-08,0.0,0.0,0.0,0.0,0.0,0.0,0.0,0.0,0.0,-437875211.931659,1586.16242554409,0.0,62086413.9159909,1.64238259106874e-08,0.0,0.0,2550.0,0.0,969.0,0.0,0.0,0.0,0.0,-438347598.673996,,,,,,BASE,0.0,0,/clusteruy/home/mathiasr/generator-aware-row-scaling/results-revision/r1-internal-scaling/simple-gurobi-01pct/base-scaleflag1/resultados/caso12b_base.csv,/clusteruy/home/mathiasr/generator-aware-row-scaling/results-revision/r1-internal-scaling/simple-gurobi-01pct/base-scaleflag1/resultados/caso12b_base_postprocesado.csv,/clusteruy/home/mathiasr/generator-aware-row-scaling/results-revision/r1-internal-scaling/simple-gurobi-01pct/base-scaleflag1/logs/caso12b_base.log
caso12c.txt,base,OK,0,45.742404825,0.082045606792027,-434432878.62906945,-436165000.0,OPTIMAL,-434789311.72044474,4818.0,529122.0,0.19,14400.0,10800.0,35590.0,12287.0,9398.0,32697.0,14.67361111111111,12.981481481481481,8.128687833661141,4,Model contains large bounds | Model contains large matrix coefficients | Model contains large rhs | max constraint violation (1.3527e-04) exceeds tolerance,0.002,600000000.0,0.005,3000.0,5.0,3000000000.0,1.0,10000000000.0,,,,,,,,,0.0,45.742404825,1.0,1.0,1.0,0.0,0.0,0.0,,,0.0,,,,352904433.152881,,,50.470625,,2.503681,4.305532,50.470625,1.0,0.318237988607436,,,,,,,,BASE,BASE,,,,,,3.13123175475545e-08,1.31254562774072e-11,9.87201929092407e-08,0.000135272432474132,446431.320213875,82.9160525364417,15956732.8765587,672460547.988045,5.62039303986239e-11,0.0,0.000135272432474132,0.0,0.0,0.0,0.0,0.0,4.0,0.0,0.0,0.0,0.0,-434432878.62907,1639.74899397464,0.0,672460547.988045,0.0,0.0,0.0,2195.0,0.0,919.0,0.0,0.0,0.0,0.0,-436165374.645631,,,,,,BASE,0.0,0,/clusteruy/home/mathiasr/generator-aware-row-scaling/results-revision/r1-internal-scaling/simple-gurobi-01pct/base-scaleflag1/resultados/caso12c_base.csv,/clusteruy/home/mathiasr/generator-aware-row-scaling/results-revision/r1-internal-scaling/simple-gurobi-01pct/base-scaleflag1/resultados/caso12c_base_postprocesado.csv,/clusteruy/home/mathiasr/generator-aware-row-scaling/results-revision/r1-internal-scaling/simple-gurobi-01pct/base-scaleflag1/logs/caso12c_base.log
caso12d.txt,base,OK,0,39.782228955,0.041046483557543,-307864741.920865,-309992000.0,OPTIMAL,-307991109.571537,5038.0,588110.0,0.19,14400.0,10800.0,35590.0,11983.0,8867.0,31946.0,16.78472222222222,17.89814814814815,10.238831132340545,4,Model contains large bounds | Model contains large matrix coefficients | Model contains large rhs | max constraint violation (1.3431e-04) exceeds tolerance,0.002,600000000.0,0.003,2000.0,5.0,3000000000.0,1.0,10000000000.0,,,,,,,,,0.0,39.782228955,1.0,1.0,1.0,0.0,0.0,0.0,,,0.0,,,,298437110.209008,,,48.083589,,0.002794,3.381037,48.083589,1.0,0.039672178672692,,,,,,,,BASE,BASE,,,,,,1.15117611855392e-08,2.27373675443232e-13,8.38190317153931e-08,0.000134311177927948,646815.833679758,9.90040534649292,33778676.1972008,67685532.4171212,2.38418579101562e-07,0.0,0.000134311177927948,0.0,0.0,0.0,0.0,0.0,1.0,0.0,0.0,0.0,0.0,-307864741.920865,2173.2330530165,0.0,67685532.4171212,0.0,0.0,0.0,910.0,0.0,1052.0,0.0,0.0,0.0,0.0,-309992068.142017,,,,,,BASE,0.0,0,/clusteruy/home/mathiasr/generator-aware-row-scaling/results-revision/r1-internal-scaling/simple-gurobi-01pct/base-scaleflag1/resultados/caso12d_base.csv,/clusteruy/home/mathiasr/generator-aware-row-scaling/results-revision/r1-internal-scaling/simple-gurobi-01pct/base-scaleflag1/resultados/caso12d_base_postprocesado.csv,/clusteruy/home/mathiasr/generator-aware-row-scaling/results-revision/r1-internal-scaling/simple-gurobi-01pct/base-scaleflag1/logs/caso12d_base.log
caso12e.txt,base,OK,0,23.013756227,0.088162831323846,-312908603.35798496,-315181000.0,OPTIMAL,-313184472.44216126,3209.0,403619.0,0.19,14400.0,10800.0,35590.0,11983.0,8867.0,31946.0,16.78472222222222,17.89814814814815,10.238831132340545,3,Model contains large bounds | Model contains large matrix coefficients | Model contains large rhs,0.002,600000000.0,0.003,2000.0,5.0,3000000000.0,1.0,10000000000.0,,,,,,,,,0.0,23.013756227,1.0,1.0,1.0,0.0,0.0,0.0,,,0.0,,,,266197111.073475,,,25.269287,,0.002822,3.292052,25.269287,1.0,0.0833222643885,,,,,,,,BASE,BASE,,,,,,2.97015673983321e-09,2.27373675443232e-13,9.77981835603716e-08,2.9243528842926e-07,590188.001749062,16.2852599883738,27520652.8715889,62102119.1524537,7.15255737304688e-07,0.0,7.15255737304688e-07,0.0,0.0,0.0,0.0,0.0,0.0,0.0,0.0,0.0,0.0,-312908603.357985,31755.0035143963,0.0,62102119.1524537,0.0,0.0,0.0,1098.0,0.0,1048.0,0.0,0.0,0.0,0.0,-315181104.953573,,,,,,BASE,0.0,0,/clusteruy/home/mathiasr/generator-aware-row-scaling/results-revision/r1-internal-scaling/simple-gurobi-01pct/base-scaleflag1/resultados/caso12e_base.csv,/clusteruy/home/mathiasr/generator-aware-row-scaling/results-revision/r1-internal-scaling/simple-gurobi-01pct/base-scaleflag1/resultados/caso12e_base_postprocesado.csv,/clusteruy/home/mathiasr/generator-aware-row-scaling/results-revision/r1-internal-scaling/simple-gurobi-01pct/base-scaleflag1/logs/caso12e_base.log
caso12f.txt,base,OK,0,41.13353955,0.093874797190289,-310321307.869122,-312383000.0,OPTIMAL,-310612621.3675224,5749.0,731093.0,0.19,14400.0,10800.0,35590.0,11983.0,8867.0,31946.0,16.78472222222222,17.89814814814815,10.238831132340545,4,Model contains large bounds | Model contains large matrix coefficients | Model contains large rhs | max constraint violation (1.3431e-04) exceeds tolerance,0.002,600000000.0,0.005,2000.0,5.0,3000000000.0,1.0,10000000000.0,,,,,,,,,0.0,41.13353955,1.0,1.0,1.0,0.0,0.0,0.0,,,0.0,,,,298436920.832549,,,47.820328,,0.002803,3.468512,47.820328,1.0,0.0388144203863,,,,,,,,BASE,BASE,,,,,,1.13530083582221e-08,8.276157537068e-14,7.63684511184692e-08,0.000134306054400457,638236.141465727,9.91674139557347,33243015.8178296,62102119.1524537,2.38418579101562e-07,0.0,0.000134306054400457,0.0,0.0,0.0,0.0,0.0,1.0,0.0,0.0,0.0,0.0,-310321307.869122,1592.11648870305,0.0,62102119.1524537,0.0,0.0,0.0,905.0,0.0,1054.0,0.0,0.0,0.0,0.0,-312383396.81719,,,,,,BASE,0.0,0,/clusteruy/home/mathiasr/generator-aware-row-scaling/results-revision/r1-internal-scaling/simple-gurobi-01pct/base-scaleflag1/resultados/caso12f_base.csv,/clusteruy/home/mathiasr/generator-aware-row-scaling/results-revision/r1-internal-scaling/simple-gurobi-01pct/base-scaleflag1/resultados/caso12f_base_postprocesado.csv,/clusteruy/home/mathiasr/generator-aware-row-scaling/results-revision/r1-internal-scaling/simple-gurobi-01pct/base-scaleflag1/logs/caso12f_base.log
caso14a.txt,base,OK,0,2.15297968,0.00235815512053,-375220369.0515137,-408488000.0,OPTIMAL,-375229217.32985973,204.0,13889.0,0.14,14400.0,10800.0,35590.0,10715.0,8626.0,28445.0,25.59027777777778,20.12962962962963,20.075864006743465,4,Model contains large bounds | Model contains large matrix coefficients | Model contains large rhs | max constraint violation (8.6414e-05) exceeds tolerance,0.002,1000000000.0,0.003,3000.0,5.0,4000000000.0,1.0,10000000000.0,,,,,,,,,0.0,2.15297968,1.0,1.0,1.0,0.0,0.0,0.0,,,0.0,,,,72168903.324203,,,1.750459,,0.00165,1.614859,1.750459,1.0,0.166764201806802,,,,,,,,BASE,BASE,,,,,,2.29273790192799e-08,4.29101199017615e-14,9.40635800361633e-08,8.64144478293083e-05,403946.702397499,56.5188320432503,9814203.96986769,120042577.209848,6.00940371455749e-05,0.0,8.64144478293083e-05,6.86108744303385e-08,0.0,0.0,2.0,0.0,4.0,0.0,0.0,0.0,0.0,-375220369.051514,33346.8746551144,0.0,120042577.209848,6.86108744303385e-08,0.0,0.0,1629.0,0.0,838.0,0.0,0.0,0.0,0.0,-408487904.444068,,,,,,BASE,0.0,0,/clusteruy/home/mathiasr/generator-aware-row-scaling/results-revision/r1-internal-scaling/simple-gurobi-01pct/base-scaleflag1/resultados/caso14a_base.csv,/clusteruy/home/mathiasr/generator-aware-row-scaling/results-revision/r1-internal-scaling/simple-gurobi-01pct/base-scaleflag1/resultados/caso14a_base_postprocesado.csv,/clusteruy/home/mathiasr/generator-aware-row-scaling/results-revision/r1-internal-scaling/simple-gurobi-01pct/base-scaleflag1/logs/caso14a_base.log
caso14b.txt,base,OK,0,3.512143689,6.594598272e-05,-383769557.6328919,-418157000.0,OPTIMAL,-383769810.71349806,513.0,47583.0,0.14,14400.0,10800.0,35590.0,10715.0,8626.0,28445.0,25.59027777777778,20.12962962962963,20.075864006743465,4,Model contains large bounds | Model contains large matrix coefficients | Model contains large rhs | max constraint violation (3.7688e-05) exceeds tolerance,0.002,1000000000.0,0.003,3000.0,5.0,4000000000.0,1.0,10000000000.0,,,,,,,,,0.0,3.512143689,1.0,1.0,1.0,0.0,0.0,0.0,,,0.0,,,,73143920.989444,,,2.909772,,0.001394,2.250683,2.909772,1.0,0.107966471762416,,,,,,,,BASE,BASE,,,,,,8.13737086230597e-09,2.55351295663786e-14,9.50042158365252e-08,3.76882937824959e-05,301231.537614476,47.2564409159118,9405112.44523136,210432877.130861,3.44410647841187e-05,0.0,3.76882937824959e-05,0.0,0.0,0.0,1.0,0.0,3.0,0.0,0.0,0.0,0.0,-383769557.632892,30902.6876259598,0.0,210432877.130861,0.0,0.0,0.0,1546.0,0.0,844.0,0.0,0.0,0.0,0.0,-418157206.586796,,,,,,BASE,0.0,0,/clusteruy/home/mathiasr/generator-aware-row-scaling/results-revision/r1-internal-scaling/simple-gurobi-01pct/base-scaleflag1/resultados/caso14b_base.csv,/clusteruy/home/mathiasr/generator-aware-row-scaling/results-revision/r1-internal-scaling/simple-gurobi-01pct/base-scaleflag1/resultados/caso14b_base_postprocesado.csv,/clusteruy/home/mathiasr/generator-aware-row-scaling/results-revision/r1-internal-scaling/simple-gurobi-01pct/base-scaleflag1/logs/caso14b_base.log
caso14c.txt,base,OK,0,2.151867894,0.003499519184466,-379451261.05328345,-408701000.0,OPTIMAL,-379464540.0229597,256.0,14057.0,0.14,14400.0,10800.0,35590.0,10715.0,8626.0,28445.0,25.59027777777778,20.12962962962963,20.075864006743465,4,Model contains large bounds | Model contains large matrix coefficients | Model contains large rhs | max constraint violation (8.1255e-05) exceeds tolerance,0.002,1000000000.0,0.005,3000.0,5.0,4000000000.0,1.0,10000000000.0,,,,,,,,,0.0,2.151867894,1.0,1.0,1.0,0.0,0.0,0.0,,,0.0,,,,75652712.849709,,,1.751201,,0.001494,1.590647,1.751201,1.0,0.176247805189987,,,,,,,,BASE,BASE,,,,,,1.79062951023092e-08,3.37507799486048e-14,9.31695103645333e-08,8.12547967261601e-05,516600.315743382,45.4318413702948,11639076.6397894,210671157.420372,1.49306217796453e-08,0.0,8.12547967261601e-05,1.01989475504557e-07,0.0,0.0,0.0,0.0,4.0,0.0,0.0,0.0,0.0,-379451261.053283,37176.7246135549,0.0,210671157.420372,1.01989475504557e-07,0.0,0.0,1646.0,0.0,840.0,0.0,0.0,0.0,0.0,-408700592.313002,,,,,,BASE,0.0,0,/clusteruy/home/mathiasr/generator-aware-row-scaling/results-revision/r1-internal-scaling/simple-gurobi-01pct/base-scaleflag1/resultados/caso14c_base.csv,/clusteruy/home/mathiasr/generator-aware-row-scaling/results-revision/r1-internal-scaling/simple-gurobi-01pct/base-scaleflag1/resultados/caso14c_base_postprocesado.csv,/clusteruy/home/mathiasr/generator-aware-row-scaling/results-revision/r1-internal-scaling/simple-gurobi-01pct/base-scaleflag1/logs/caso14c_base.log
caso14d.txt,base,OK,0,16.881229014,0.062125789220503,-283281016.50331545,-294356000.0,OPTIMAL,-283457007.07053,1987.0,276036.0,0.14,14400.0,10800.0,35590.0,10570.0,8270.0,27788.0,26.59722222222222,23.425925925925927,21.921888170834503,3,Model contains large bounds | Model contains large matrix coefficients | Model contains large rhs,0.002,1000000000.0,0.003,2000.0,5.0,4000000000.0,1.0,10000000000.0,,,,,,,,,0.0,16.881229014,1.0,1.0,1.0,0.0,0.0,0.0,,,0.0,,,,276928013.101293,,,22.047675,,0.006745,2.089497,22.047675,1.0,0.02339693661819,,,,,,,,BASE,BASE,,,,,,1.87221151419484e-09,1.4210854715202e-14,7.07805156707764e-08,2.57045030593872e-07,894295.989541686,20.2555747703486,12580543.7590871,731881320.655505,2.8421709430404e-14,0.0,2.8219074010849e-07,0.0,0.0,0.0,0.0,0.0,0.0,0.0,0.0,0.0,0.0,-283281016.503316,12309.6782286057,0.0,731881320.655505,0.0,0.0,0.0,899.0,0.0,981.0,0.0,0.0,0.0,0.0,-294356429.074166,,,,,,BASE,0.0,0,/clusteruy/home/mathiasr/generator-aware-row-scaling/results-revision/r1-internal-scaling/simple-gurobi-01pct/base-scaleflag1/resultados/caso14d_base.csv,/clusteruy/home/mathiasr/generator-aware-row-scaling/results-revision/r1-internal-scaling/simple-gurobi-01pct/base-scaleflag1/resultados/caso14d_base_postprocesado.csv,/clusteruy/home/mathiasr/generator-aware-row-scaling/results-revision/r1-internal-scaling/simple-gurobi-01pct/base-scaleflag1/logs/caso14d_base.log
caso14e.txt,base,OK,0,20.378996437,4.5821284292e-05,-290776167.37682986,-299227000.0,OPTIMAL,-290776300.61420417,1638.0,304680.0,0.15,14400.0,10800.0,35590.0,10570.0,8270.0,27788.0,26.59722222222222,23.425925925925927,21.921888170834503,3,Model contains large bounds | Model contains large matrix coefficients | Model contains large rhs,0.002,1000000000.0,0.003,2000.0,5.0,4000000000.0,1.0,10000000000.0,,,,,,,,,0.0,20.378996437,1.0,1.0,1.0,0.0,0.0,0.0,,,0.0,,,,42647013.747256,,,27.549484,,0.006789,2.189091,27.549484,1.0,0.022291642886953,,,,,,,,BASE,BASE,,,,,,1.92206716649042e-09,1.4210854715202e-14,7.82310962677002e-08,2.98023223876953e-07,707152.946468245,22.6588291851955,12471921.2553973,731572551.905354,7.27595761418343e-12,0.0,2.98023223876953e-07,0.0,0.0,0.0,0.0,0.0,0.0,0.0,0.0,0.0,0.0,-290776167.37683,6263.34867926865,0.0,731572551.905354,0.0,0.0,0.0,934.0,0.0,968.0,0.0,0.0,0.0,0.0,-299227242.470554,,,,,,BASE,0.0,0,/clusteruy/home/mathiasr/generator-aware-row-scaling/results-revision/r1-internal-scaling/simple-gurobi-01pct/base-scaleflag1/resultados/caso14e_base.csv,/clusteruy/home/mathiasr/generator-aware-row-scaling/results-revision/r1-internal-scaling/simple-gurobi-01pct/base-scaleflag1/resultados/caso14e_base_postprocesado.csv,/clusteruy/home/mathiasr/generator-aware-row-scaling/results-revision/r1-internal-scaling/simple-gurobi-01pct/base-scaleflag1/logs/caso14e_base.log
caso14f.txt,base,OK,0,21.324635817,0.051749585516707,-286927278.5711311,-297617000.0,OPTIMAL,-287075762.24852604,1261.0,291033.0,0.15,14400.0,10800.0,35590.0,10570.0,8270.0,27788.0,26.59722222222222,23.425925925925927,21.921888170834503,3,Model contains large bounds | Model contains large matrix coefficients | Model contains large rhs,0.002,1000000000.0,0.005,2000.0,5.0,4000000000.0,1.0,10000000000.0,,,,,,,,,0.0,21.324635817,1.0,1.0,1.0,0.0,0.0,0.0,,,0.0,,,,271168060.285252,,,26.855888,,0.006755,2.240537,26.855888,1.0,0.021062152469411,,,,,,,,BASE,BASE,,,,,,1.81705032800606e-09,1.3988810110277e-14,7.17118382453918e-08,2.7194619178772e-07,897016.717093328,23.313665604436,12556316.7333962,731865274.391579,2.8421709430404e-14,0.0,2.7194619178772e-07,0.0,0.0,0.0,0.0,0.0,0.0,0.0,0.0,0.0,0.0,-286927278.571131,29139.1167521043,0.0,731865274.391579,0.0,0.0,0.0,960.0,0.0,982.0,0.0,0.0,0.0,0.0,-297616948.869427,,,,,,BASE,0.0,0,/clusteruy/home/mathiasr/generator-aware-row-scaling/results-revision/r1-internal-scaling/simple-gurobi-01pct/base-scaleflag1/resultados/caso14f_base.csv,/clusteruy/home/mathiasr/generator-aware-row-scaling/results-revision/r1-internal-scaling/simple-gurobi-01pct/base-scaleflag1/resultados/caso14f_base_postprocesado.csv,/clusteruy/home/mathiasr/generator-aware-row-scaling/results-revision/r1-internal-scaling/simple-gurobi-01pct/base-scaleflag1/logs/caso14f_base.log
caso19a.txt,base,OK,0,60.263257786,0.014316267625901,-303754953.7920197,-302906000.0,OPTIMAL,-303798440.1641315,5223.0,331229.0,0.27,14400.0,10800.0,35590.0,11777.0,9219.0,31586.0,18.21527777777778,14.63888888888889,11.250351222253443,3,Model contains large bounds | Model contains large matrix coefficients | Model contains large rhs,0.002,1000000000.0,0.003,3000.0,5.0,6000000000.0,1.0,10000000000.0,,,,,,,,,0.0,60.263257786,1.0,1.0,1.0,0.0,0.0,0.0,,,0.0,,,,351153124.891867,,,61.62305,,2.401603,4.541424,61.62305,1.0,0.995075147826103,,,,,,,,BASE,BASE,,,,,,3.63940572861404e-09,2.50736653661923e-11,1.04792416095734e-07,2.83122062683105e-07,386607.81893906,2.93101746390499,18055732.1347368,105294278.445661,1.99802343558986e-08,0.0,7.85104930400848e-07,0.0,0.0,0.0,0.0,0.0,0.0,0.0,0.0,0.0,0.0,-303754953.79202,1265.92246448386,0.0,105294278.445661,0.0,0.0,0.0,1051.0,0.0,961.0,0.0,0.0,0.0,0.0,-302906071.118491,,,,,,BASE,0.0,0,/clusteruy/home/mathiasr/generator-aware-row-scaling/results-revision/r1-internal-scaling/simple-gurobi-01pct/base-scaleflag1/resultados/caso19a_base.csv,/clusteruy/home/mathiasr/generator-aware-row-scaling/results-revision/r1-internal-scaling/simple-gurobi-01pct/base-scaleflag1/resultados/caso19a_base_postprocesado.csv,/clusteruy/home/mathiasr/generator-aware-row-scaling/results-revision/r1-internal-scaling/simple-gurobi-01pct/base-scaleflag1/logs/caso19a_base.log
caso19b.txt,base,OK,0,2.339009357,0.022382519224985,-319073196.7095493,-319107000.0,OPTIMAL,-319144613.3291446,1.0,9799.0,0.27,14400.0,10800.0,35590.0,11777.0,9219.0,31586.0,18.21527777777778,14.63888888888889,11.250351222253443,3,Model contains large bounds | Model contains large matrix coefficients | Model contains large rhs,0.002,1000000000.0,0.003,3000.0,5.0,6000000000.0,1.0,10000000000.0,,,,,,,,,0.0,2.339009357,1.0,1.0,1.0,0.0,0.0,0.0,,,0.0,,,,208197.888945,,,2.163424,,,,2.163424,1.0,0.204481255824575,,,,,,,,BASE,BASE,,,,,,4.04493434233385e-09,4.65661287307739e-10,1.19209289550781e-07,1.82539224624634e-07,246114.531668289,2.02854556585688,8868213.04347542,46788828.0075939,7.23048287909478e-11,0.0,8.86619091033936e-07,0.0,0.0,0.0,0.0,0.0,0.0,0.0,0.0,0.0,0.0,-319073196.709549,3162.97972610539,0.0,46788828.0075939,0.0,0.0,0.0,1243.0,0.0,1008.0,0.0,0.0,0.0,0.0,-319107007.665025,,,,,,BASE,0.0,0,/clusteruy/home/mathiasr/generator-aware-row-scaling/results-revision/r1-internal-scaling/simple-gurobi-01pct/base-scaleflag1/resultados/caso19b_base.csv,/clusteruy/home/mathiasr/generator-aware-row-scaling/results-revision/r1-internal-scaling/simple-gurobi-01pct/base-scaleflag1/resultados/caso19b_base_postprocesado.csv,/clusteruy/home/mathiasr/generator-aware-row-scaling/results-revision/r1-internal-scaling/simple-gurobi-01pct/base-scaleflag1/logs/caso19b_base.log
caso19c.txt,base,OK,0,64.505673057,0.0687978943183,-311210384.9005921,-316915000.0,OPTIMAL,-311424491.0923036,5482.0,363923.0,0.27,14400.0,10800.0,35590.0,11777.0,9219.0,31586.0,18.21527777777778,14.63888888888889,11.250351222253443,4,Model contains large bounds | Model contains large matrix coefficients | Model contains large rhs | max constraint violation (2.2322e-05) exceeds tolerance,0.002,1000000000.0,0.005,3000.0,5.0,6000000000.0,1.0,10000000000.0,,,,,,,,,0.0,64.505673057,1.0,1.0,1.0,0.0,0.0,0.0,,,0.0,,,,363754118.457154,,,65.260055,,2.172835,4.796978,65.260055,1.0,0.578470630068502,,,,,,,,BASE,BASE,,,,,,4.91818369617035e-09,1.77068276707714e-11,1.00587494671345e-07,2.23219169217526e-05,853725.491155646,9.79520095818194,20267278.0831944,735475057.517204,5.37511368747801e-09,0.0,2.23219169217526e-05,0.0,0.0,0.0,0.0,0.0,1.0,0.0,0.0,0.0,0.0,-311210384.900592,1265.92246448386,0.0,735475057.517204,0.0,0.0,0.0,953.0,0.0,969.0,0.0,0.0,0.0,0.0,-316915044.222998,,,,,,BASE,0.0,0,/clusteruy/home/mathiasr/generator-aware-row-scaling/results-revision/r1-internal-scaling/simple-gurobi-01pct/base-scaleflag1/resultados/caso19c_base.csv,/clusteruy/home/mathiasr/generator-aware-row-scaling/results-revision/r1-internal-scaling/simple-gurobi-01pct/base-scaleflag1/resultados/caso19c_base_postprocesado.csv,/clusteruy/home/mathiasr/generator-aware-row-scaling/results-revision/r1-internal-scaling/simple-gurobi-01pct/base-scaleflag1/logs/caso19c_base.log
caso19d.txt,base,OK,0,130.17187681,0.011961953701377,-259157005.34664685,-259631000.0,OPTIMAL,-259188005.5876403,9974.0,1895699.0,0.27,14400.0,10800.0,35590.0,11852.0,9108.0,31717.0,17.694444444444443,15.666666666666666,10.88227030064625,3,Model contains large bounds | Model contains large matrix coefficients | Model contains large rhs,0.002,1000000000.0,0.003,2000.0,5.0,6000000000.0,1.0,10000000000.0,,,,,,,,,0.0,130.17187681,1.0,1.0,1.0,0.0,0.0,0.0,,,0.0,,,,,,,146.509195,,0.003776,3.780852,146.509195,1.0,0.005549571659177,,,,,,,,BASE,BASE,,,,,,2.87935172429634e-09,7.15949105556388e-12,9.31508839130406e-08,2.60770320892334e-07,446345.702246585,9.87743517944652,15129641.3424181,74165546.3635556,6.92352841724642e-11,0.0,5.27128577232361e-07,0.0,0.0,0.0,0.0,0.0,0.0,0.0,0.0,0.0,0.0,-259157005.346647,1363.33233671089,0.0,74165546.3635556,0.0,0.0,0.0,1382.0,0.0,1026.0,0.0,0.0,0.0,0.0,-259630801.210554,,,,,,BASE,0.0,0,/clusteruy/home/mathiasr/generator-aware-row-scaling/results-revision/r1-internal-scaling/simple-gurobi-01pct/base-scaleflag1/resultados/caso19d_base.csv,/clusteruy/home/mathiasr/generator-aware-row-scaling/results-revision/r1-internal-scaling/simple-gurobi-01pct/base-scaleflag1/resultados/caso19d_base_postprocesado.csv,/clusteruy/home/mathiasr/generator-aware-row-scaling/results-revision/r1-internal-scaling/simple-gurobi-01pct/base-scaleflag1/logs/caso19d_base.log
caso19e.txt,base,OK,0,104.252268881,0.056929065418029,-273202496.616702,-273558000.0,OPTIMAL,-273358028.24472463,11284.0,1581560.0,0.27,14400.0,10800.0,35590.0,11852.0,9108.0,31717.0,17.694444444444443,15.666666666666666,10.88227030064625,4,Model contains large bounds | Model contains large matrix coefficients | Model contains large rhs | max constraint violation (6.5652e-05) exceeds tolerance,0.002,1000000000.0,0.003,2000.0,5.0,6000000000.0,1.0,10000000000.0,,,,,,,,,0.0,104.252268881,1.0,1.0,1.0,0.0,0.0,0.0,,,0.0,,,,830829516.107417,,,121.223136,,0.003622,3.941174,121.223136,1.0,0.006897548080903,,,,,,,,BASE,BASE,,,,,,7.05370345304577e-09,7.27595761418343e-12,8.19563865661621e-08,6.56524098516797e-05,394968.981019184,9.99442591113259,13509145.5451742,111134855.398887,6.56524098516797e-05,0.0,1.53062865138054e-06,0.0,0.0,3.30054335706542e-06,1.0,0.0,1.0,0.0,0.0,1.0,0.0,-273202496.616702,1383.22018562391,0.0,111134855.398887,0.0,0.0,3.30054335706542e-06,1427.0,0.0,1031.0,0.0,0.0,1.0,0.0,-273558025.883844,,,,,,BASE,0.0,0,/clusteruy/home/mathiasr/generator-aware-row-scaling/results-revision/r1-internal-scaling/simple-gurobi-01pct/base-scaleflag1/resultados/caso19e_base.csv,/clusteruy/home/mathiasr/generator-aware-row-scaling/results-revision/r1-internal-scaling/simple-gurobi-01pct/base-scaleflag1/resultados/caso19e_base_postprocesado.csv,/clusteruy/home/mathiasr/generator-aware-row-scaling/results-revision/r1-internal-scaling/simple-gurobi-01pct/base-scaleflag1/logs/caso19e_base.log
caso19f.txt,base,OK,0,121.031172531,0.04123707654858,-266061246.6355922,-266410000.0,OPTIMAL,-266170962.51553342,9610.0,1449611.0,0.27,14400.0,10800.0,35590.0,11852.0,9108.0,31717.0,17.694444444444443,15.666666666666666,10.88227030064625,4,Model contains large bounds | Model contains large matrix coefficients | Model contains large rhs | max constraint violation (4.0779e-05) exceeds tolerance,0.002,1000000000.0,0.005,2000.0,5.0,6000000000.0,1.0,10000000000.0,,,,,,,,,0.0,121.031172531,1.0,1.0,1.0,0.0,0.0,0.0,,,0.0,,,,626386361.47959,,,145.522389,,0.003819,3.615687,145.522389,1.0,0.006406776385095,,,,,,,,BASE,BASE,,,,,,6.26744540635479e-09,7.27595761418343e-12,1.00587494671345e-07,4.07794807797401e-05,535673.024770814,8.35523973103919,16551928.4264049,734333701.160104,2.38418579101562e-07,0.0,4.07794807797401e-05,0.0,0.0,0.0,0.0,0.0,3.0,0.0,0.0,0.0,0.0,-266061246.635592,1363.3323367109,0.0,734333701.160104,0.0,0.0,0.0,1419.0,0.0,1033.0,0.0,0.0,0.0,0.0,-266410125.506553,,,,,,BASE,0.0,0,/clusteruy/home/mathiasr/generator-aware-row-scaling/results-revision/r1-internal-scaling/simple-gurobi-01pct/base-scaleflag1/resultados/caso19f_base.csv,/clusteruy/home/mathiasr/generator-aware-row-scaling/results-revision/r1-internal-scaling/simple-gurobi-01pct/base-scaleflag1/resultados/caso19f_base_postprocesado.csv,/clusteruy/home/mathiasr/generator-aware-row-scaling/results-revision/r1-internal-scaling/simple-gurobi-01pct/base-scaleflag1/logs/caso19f_base.log
caso20a.txt,base,OK,0,36.244484856,0.001507553274954,-292281695.06224555,-289985000.0,OPTIMAL,-292286101.36451155,6624.0,235041.0,0.27,14400.0,10800.0,35590.0,11760.0,9216.0,31581.0,18.333333333333332,14.666666666666666,11.26440011239112,4,Model contains large bounds | Model contains large matrix coefficients | Model contains large rhs | max constraint violation (1.3419e-04) exceeds tolerance,0.003,2000000000.0,0.003,3000.0,5.0,7000000000.0,1.0,10000000000.0,,,,,,,,,0.0,36.244484856,1.0,1.0,1.0,0.0,0.0,0.0,,,0.0,,,,207211151.065287,,,52.152358,,2.329005,4.568343,52.152358,1.0,0.882278736552399,,,,,,,,BASE,BASE,,,,,,4.42797324152941e-08,4.65661287307739e-10,1.16419978439808e-07,0.000134192334527383,639762.633599856,1.26427024678373,28122234.25449,94856481.1255658,8.04891439543098e-05,0.0,0.000134192334527383,0.0,0.0,0.0,1.0,0.0,9.0,0.0,0.0,0.0,0.0,-292281695.062246,1030.0382184037,0.0,94856481.1255658,0.0,0.0,0.0,618.0,0.0,993.0,0.0,0.0,0.0,0.0,-289985326.136304,,,,,,BASE,0.0,0,/clusteruy/home/mathiasr/generator-aware-row-scaling/results-revision/r1-internal-scaling/simple-gurobi-01pct/base-scaleflag1/resultados/caso20a_base.csv,/clusteruy/home/mathiasr/generator-aware-row-scaling/results-revision/r1-internal-scaling/simple-gurobi-01pct/base-scaleflag1/resultados/caso20a_base_postprocesado.csv,/clusteruy/home/mathiasr/generator-aware-row-scaling/results-revision/r1-internal-scaling/simple-gurobi-01pct/base-scaleflag1/logs/caso20a_base.log
caso20b.txt,base,OK,0,36.535485861,0.014172929854429,-308790717.27874804,-307158000.0,OPTIMAL,-308834481.97050494,5322.0,317810.0,0.27,14400.0,10800.0,35590.0,11760.0,9216.0,31581.0,18.333333333333332,14.666666666666666,11.26440011239112,3,Model contains large bounds | Model contains large matrix coefficients | Model contains large rhs,0.003,2000000000.0,0.003,3000.0,5.0,7000000000.0,1.0,10000000000.0,,,,,,,,,0.0,36.535485861,1.0,1.0,1.0,0.0,0.0,0.0,,,0.0,,,,513614882.58856,,,51.313165,,1.892093,4.304476,51.313165,1.0,0.99194950009199,,,,,,,,BASE,BASE,,,,,,4.47409680232714e-09,1.21872290037493e-10,1.22934579849243e-07,8.52672186191228e-07,629197.867212779,1.98836346706531,27693490.6305056,65176998.7280538,5.6843418860808e-14,0.0,9.53907147049904e-07,0.0,0.0,0.0,0.0,0.0,0.0,0.0,0.0,0.0,0.0,-308790717.278748,2118.47114025477,0.0,65176998.7280538,0.0,0.0,0.0,693.0,0.0,987.0,0.0,0.0,0.0,0.0,-307157717.869463,,,,,,BASE,0.0,0,/clusteruy/home/mathiasr/generator-aware-row-scaling/results-revision/r1-internal-scaling/simple-gurobi-01pct/base-scaleflag1/resultados/caso20b_base.csv,/clusteruy/home/mathiasr/generator-aware-row-scaling/results-revision/r1-internal-scaling/simple-gurobi-01pct/base-scaleflag1/resultados/caso20b_base_postprocesado.csv,/clusteruy/home/mathiasr/generator-aware-row-scaling/results-revision/r1-internal-scaling/simple-gurobi-01pct/base-scaleflag1/logs/caso20b_base.log
caso20c.txt,base,OK,0,38.883829077,0.002035211196489,-300496235.75961804,-298185000.0,OPTIMAL,-300502351.49265325,5386.0,190122.0,0.27,14400.0,10800.0,35590.0,11760.0,9216.0,31581.0,18.333333333333332,14.666666666666666,11.26440011239112,3,Model contains large bounds | Model contains large matrix coefficients | Model contains large rhs,0.003,2000000000.0,0.005,3000.0,5.0,7000000000.0,1.0,10000000000.0,,,,,,,,,0.0,38.883829077,1.0,1.0,1.0,0.0,0.0,0.0,,,0.0,,,,778653990.255381,,,52.249792,,2.089674,4.984452,52.249792,1.0,0.767926294242804,,,,,,,,BASE,BASE,,,,,,5.88422987462075e-09,4.70317900180749e-09,1.64853408932686e-07,3.72529029846191e-07,638273.59608026,1.45954556575267,27804201.2285129,91259672.048501,7.27595761418343e-12,0.0,8.59610736370087e-07,0.0,0.0,0.0,0.0,0.0,0.0,0.0,0.0,0.0,0.0,-300496235.759618,1030.03821840371,0.0,91259672.048501,0.0,0.0,0.0,625.0,0.0,997.0,0.0,0.0,0.0,0.0,-298184517.617338,,,,,,BASE,0.0,0,/clusteruy/home/mathiasr/generator-aware-row-scaling/results-revision/r1-internal-scaling/simple-gurobi-01pct/base-scaleflag1/resultados/caso20c_base.csv,/clusteruy/home/mathiasr/generator-aware-row-scaling/results-revision/r1-internal-scaling/simple-gurobi-01pct/base-scaleflag1/resultados/caso20c_base_postprocesado.csv,/clusteruy/home/mathiasr/generator-aware-row-scaling/results-revision/r1-internal-scaling/simple-gurobi-01pct/base-scaleflag1/logs/caso20c_base.log
caso20d.txt,base,OK,0,3.878053235,0.092164401809983,-253789677.21029735,-253646000.0,OPTIMAL,-254023580.9481537,1.0,10068.0,0.27,14400.0,10800.0,35590.0,11904.0,9163.0,31849.0,17.333333333333332,15.157407407407407,10.51137960101152,3,Model contains large bounds | Model contains large matrix coefficients | Model contains large rhs,0.003,2000000000.0,0.003,2000.0,5.0,7000000000.0,1.0,10000000000.0,,,,,,,,,0.0,3.878053235,1.0,1.0,1.0,0.0,0.0,0.0,,,0.0,,,,772957936.658563,,,3.585231,,,,3.585231,1.0,0.865967323559413,,,,,,,,BASE,BASE,,,,,,2.62964315836654e-09,2.42079689627414e-12,8.00949055701494e-08,2.79396772384644e-07,1024356.30010924,6.79578436376029,54065959.844933,744698642.946373,9.5367431640625e-07,0.0,4.6147033572197e-07,0.0,0.0,0.0,0.0,0.0,0.0,0.0,0.0,0.0,0.0,-253789677.210297,1032.25573878778,0.0,744698642.946373,0.0,0.0,0.0,988.0,0.0,1032.0,0.0,0.0,0.0,0.0,-253645673.971769,,,,,,BASE,0.0,0,/clusteruy/home/mathiasr/generator-aware-row-scaling/results-revision/r1-internal-scaling/simple-gurobi-01pct/base-scaleflag1/resultados/caso20d_base.csv,/clusteruy/home/mathiasr/generator-aware-row-scaling/results-revision/r1-internal-scaling/simple-gurobi-01pct/base-scaleflag1/resultados/caso20d_base_postprocesado.csv,/clusteruy/home/mathiasr/generator-aware-row-scaling/results-revision/r1-internal-scaling/simple-gurobi-01pct/base-scaleflag1/logs/caso20d_base.log
caso20e.txt,base,OK,0,66.268149403,0.03295683303704,-269343504.63768137,-269287000.0,OPTIMAL,-269432271.7268009,7245.0,545260.0,0.27,14400.0,10800.0,35590.0,11904.0,9163.0,31849.0,17.333333333333332,15.157407407407407,10.51137960101152,5,Model contains large bounds | Model contains large matrix coefficients | Model contains large rhs | max bound violation (3.4438e-05) exceeds tolerance | max constraint violation (2.2852e-04) exceeds tolerance,0.003,2000000000.0,0.003,2000.0,5.0,7000000000.0,1.0,10000000000.0,,,,,,,,,0.0,66.268149403,1.0,1.0,1.0,0.0,0.0,0.0,,,0.0,,,,546283418.118918,,,77.806304,,0.002236,4.598098,77.806304,1.0,0.009314068376362,,,,,,,,BASE,BASE,,,,,,2.40918666465376e-08,1.05491199109409e-11,9.45478677749638e-08,0.000228516178171878,491167.761475868,6.78084521656675,25674437.6354518,49005751.7210684,4.93194818318443e-08,0.0,0.000228516178171878,3.44381138452769e-05,0.0,0.0,0.0,0.0,4.0,1.0,0.0,0.0,0.0,-269343504.637681,1190.80844624927,0.0,49005751.7210684,0.0,0.0,0.0,1231.0,0.0,1038.0,0.0,0.0,0.0,0.0,-269286507.385447,,,,,,BASE,0.0,0,/clusteruy/home/mathiasr/generator-aware-row-scaling/results-revision/r1-internal-scaling/simple-gurobi-01pct/base-scaleflag1/resultados/caso20e_base.csv,/clusteruy/home/mathiasr/generator-aware-row-scaling/results-revision/r1-internal-scaling/simple-gurobi-01pct/base-scaleflag1/resultados/caso20e_base_postprocesado.csv,/clusteruy/home/mathiasr/generator-aware-row-scaling/results-revision/r1-internal-scaling/simple-gurobi-01pct/base-scaleflag1/logs/caso20e_base.log
caso20f.txt,base,OK,0,3.733232662,0.095311141415565,-261315135.66646296,-261280000.0,OPTIMAL,-261564198.1049583,1.0,10086.0,0.27,14400.0,10800.0,35590.0,11904.0,9163.0,31849.0,17.333333333333332,15.157407407407407,10.51137960101152,3,Model contains large bounds | Model contains large matrix coefficients | Model contains large rhs,0.003,2000000000.0,0.005,2000.0,5.0,7000000000.0,1.0,10000000000.0,,,,,,,,,0.0,3.733232662,1.0,1.0,1.0,0.0,0.0,0.0,,,0.0,,,,889602956.339937,,,3.448913,,,,3.448913,1.0,0.86181678302964,,,,,,,,BASE,BASE,,,,,,2.73526094156638e-09,2.46551667970605e-12,8.19563865661621e-08,2.79396772384644e-07,996150.133126187,6.56522125607125,54065959.844933,744698642.946373,9.5367431640625e-07,0.0,5.23868948221207e-07,0.0,0.0,0.0,0.0,0.0,0.0,0.0,0.0,0.0,0.0,-261315135.666463,1212.24447662869,0.0,744698642.946373,0.0,0.0,0.0,983.0,0.0,1030.0,0.0,0.0,0.0,0.0,-261279764.00805,,,,,,BASE,0.0,0,/clusteruy/home/mathiasr/generator-aware-row-scaling/results-revision/r1-internal-scaling/simple-gurobi-01pct/base-scaleflag1/resultados/caso20f_base.csv,/clusteruy/home/mathiasr/generator-aware-row-scaling/results-revision/r1-internal-scaling/simple-gurobi-01pct/base-scaleflag1/resultados/caso20f_base_postprocesado.csv,/clusteruy/home/mathiasr/generator-aware-row-scaling/results-revision/r1-internal-scaling/simple-gurobi-01pct/base-scaleflag1/logs/caso20f_base.log
caso21a.txt,base,OK,0,2.496336749,0.002772914907804,-266490849.80730563,-266098000.0,OPTIMAL,-266498239.37180787,1.0,9770.0,0.25,14400.0,10800.0,35590.0,10779.0,8749.0,28573.0,25.145833333333332,18.99074074074074,19.71621241921888,4,Model contains large bounds | Model contains large matrix coefficients | Model contains large rhs | max constraint violation (1.1385e-06) exceeds tolerance,0.003,2000000000.0,0.003,3000.0,5.0,7000000000.0,1.0,10000000000.0,,,,,,,,,0.0,2.496336749,1.0,1.0,1.0,0.0,0.0,0.0,,,0.0,,,,119566.803649,,,2.135641,,,,2.135641,1.0,0.851996055351289,,,,,,,,BASE,BASE,,,,,,4.79352407306185e-09,2.46253198388222e-11,1.45286321640015e-07,1.13854184746742e-06,775509.893496321,1.30938502812315,32880576.4797095,387064525.491493,4.60147475678241e-11,0.0,1.13854184746742e-06,0.0,0.0,0.0,0.0,0.0,2.0,0.0,0.0,0.0,0.0,-266490849.807306,1159.93152757101,0.0,387064525.491493,0.0,0.0,0.0,589.0,0.0,878.0,0.0,0.0,0.0,0.0,-266097780.427199,,,,,,BASE,0.0,0,/clusteruy/home/mathiasr/generator-aware-row-scaling/results-revision/r1-internal-scaling/simple-gurobi-01pct/base-scaleflag1/resultados/caso21a_base.csv,/clusteruy/home/mathiasr/generator-aware-row-scaling/results-revision/r1-internal-scaling/simple-gurobi-01pct/base-scaleflag1/resultados/caso21a_base_postprocesado.csv,/clusteruy/home/mathiasr/generator-aware-row-scaling/results-revision/r1-internal-scaling/simple-gurobi-01pct/base-scaleflag1/logs/caso21a_base.log
caso21b.txt,base,OK,0,1.836489792,0.012162693483236,-282321296.448361,-281239000.0,OPTIMAL,-282355634.3222859,1.0,7698.0,0.25,14400.0,10800.0,35590.0,10779.0,8749.0,28573.0,25.145833333333332,18.99074074074074,19.71621241921888,3,Model contains large bounds | Model contains large matrix coefficients | Model contains large rhs,0.003,2000000000.0,0.003,3000.0,5.0,7000000000.0,1.0,10000000000.0,,,,,,,,,0.0,1.836489792,1.0,1.0,1.0,0.0,0.0,0.0,,,0.0,,,,240112.920659,,,1.719427,,,,1.719427,1.0,0.237604907205455,,,,,,,,BASE,BASE,,,,,,4.84542767781007e-09,1.16415321826935e-10,1.45286321640015e-07,7.41798430681229e-07,496237.945809791,1.15043943365263,23093489.3975516,59686593.3628232,2.38919994899334e-11,0.0,7.41798430681229e-07,0.0,0.0,0.0,0.0,0.0,0.0,0.0,0.0,0.0,0.0,-282321296.448361,2278.67993514489,0.0,59686593.3628232,0.0,0.0,0.0,761.0,0.0,889.0,0.0,0.0,0.0,0.0,-281239008.536478,,,,,,BASE,0.0,0,/clusteruy/home/mathiasr/generator-aware-row-scaling/results-revision/r1-internal-scaling/simple-gurobi-01pct/base-scaleflag1/resultados/caso21b_base.csv,/clusteruy/home/mathiasr/generator-aware-row-scaling/results-revision/r1-internal-scaling/simple-gurobi-01pct/base-scaleflag1/resultados/caso21b_base_postprocesado.csv,/clusteruy/home/mathiasr/generator-aware-row-scaling/results-revision/r1-internal-scaling/simple-gurobi-01pct/base-scaleflag1/logs/caso21b_base.log
caso21c.txt,base,OK,0,2.381339954,0.003955093964487,-274320616.5553972,-273806000.0,OPTIMAL,-274331466.19354594,1.0,9765.0,0.25,14400.0,10800.0,35590.0,10779.0,8749.0,28573.0,25.145833333333332,18.99074074074074,19.71621241921888,4,Model contains large bounds | Model contains large matrix coefficients | Model contains large rhs | max constraint violation (7.6441e-06) exceeds tolerance,0.003,2000000000.0,0.005,3000.0,5.0,7000000000.0,1.0,10000000000.0,,,,,,,,,0.0,2.381339954,1.0,1.0,1.0,0.0,0.0,0.0,,,0.0,,,,119566.828242,,,1.990327,,,,1.990327,1.0,0.852548152305938,,,,,,,,BASE,BASE,,,,,,5.47515923672225e-09,2.42054126742269e-11,1.60899944603443e-07,7.64411458487047e-06,760845.81464346,1.27806577053719,33348453.1791497,332299582.802545,4.60111948541453e-11,0.0,7.64411458487047e-06,0.0,0.0,0.0,0.0,0.0,2.0,0.0,0.0,0.0,0.0,-274320616.555397,1159.93152757101,0.0,332299582.802545,0.0,0.0,0.0,594.0,0.0,875.0,0.0,0.0,0.0,0.0,-273806195.214964,,,,,,BASE,0.0,0,/clusteruy/home/mathiasr/generator-aware-row-scaling/results-revision/r1-internal-scaling/simple-gurobi-01pct/base-scaleflag1/resultados/caso21c_base.csv,/clusteruy/home/mathiasr/generator-aware-row-scaling/results-revision/r1-internal-scaling/simple-gurobi-01pct/base-scaleflag1/resultados/caso21c_base_postprocesado.csv,/clusteruy/home/mathiasr/generator-aware-row-scaling/results-revision/r1-internal-scaling/simple-gurobi-01pct/base-scaleflag1/logs/caso21c_base.log
caso21d.txt,base,OK,0,2.58724967,0.032006366286655,-235258018.1537474,-236745000.0,OPTIMAL,-235333315.69675642,1.0,9567.0,0.25,14400.0,10800.0,35590.0,10976.0,8743.0,28973.0,23.77777777777778,19.046296296296298,18.592301208204553,4,Model contains large bounds | Model contains large matrix coefficients | Model contains large rhs | max constraint violation (1.1921e-06) exceeds tolerance,0.003,2000000000.0,0.003,2000.0,5.0,7000000000.0,1.0,10000000000.0,,,,,,,,,0.0,2.58724967,1.0,1.0,1.0,0.0,0.0,0.0,,,0.0,,,,81410.294678,,,2.338574,,,,2.338574,1.0,0.854189122404898,,,,,,,,BASE,BASE,,,,,,3.48393261637695e-09,3.12805337188126e-14,1.05239450931549e-07,3.05473804473877e-07,1327465.98659006,5.47527854160941,47660634.6750007,728082362.98086,3.63797880709171e-12,0.0,1.19209289550781e-06,0.0,0.0,0.0,0.0,0.0,1.0,0.0,0.0,0.0,0.0,-235258018.153747,1323.58966529868,0.0,728082362.98086,0.0,0.0,0.0,888.0,0.0,1000.0,0.0,0.0,0.0,0.0,-236745200.593746,,,,,,BASE,0.0,0,/clusteruy/home/mathiasr/generator-aware-row-scaling/results-revision/r1-internal-scaling/simple-gurobi-01pct/base-scaleflag1/resultados/caso21d_base.csv,/clusteruy/home/mathiasr/generator-aware-row-scaling/results-revision/r1-internal-scaling/simple-gurobi-01pct/base-scaleflag1/resultados/caso21d_base_postprocesado.csv,/clusteruy/home/mathiasr/generator-aware-row-scaling/results-revision/r1-internal-scaling/simple-gurobi-01pct/base-scaleflag1/logs/caso21d_base.log
caso21e.txt,base,OK,0,3.123847993,0.0438915376316,-250364553.33848205,-250353000.0,OPTIMAL,-250474442.1906268,1.0,9409.0,0.25,14400.0,10800.0,35590.0,10976.0,8743.0,28973.0,23.77777777777778,19.046296296296298,18.592301208204553,3,Model contains large bounds | Model contains large matrix coefficients | Model contains large rhs,0.003,2000000000.0,0.003,2000.0,5.0,7000000000.0,1.0,10000000000.0,,,,,,,,,0.0,3.123847993,1.0,1.0,1.0,0.0,0.0,0.0,,,0.0,,,,734300867.275257,,,2.988642,,,,2.988642,1.0,0.868449743060702,,,,,,,,BASE,BASE,,,,,,3.3868808382511e-09,5.98713162380799e-12,1.02445483207703e-07,4.51807864010334e-07,162489.274478826,13.5384988488588,5512846.15402579,97594644.9572197,9.5367431640625e-07,0.0,4.76837158203125e-07,0.0,0.0,0.0,0.0,0.0,0.0,0.0,0.0,0.0,0.0,-250364553.338482,1353.67124860093,0.0,97594644.9572197,0.0,0.0,0.0,1554.0,0.0,1004.0,0.0,0.0,0.0,0.0,-250352538.544094,,,,,,BASE,0.0,0,/clusteruy/home/mathiasr/generator-aware-row-scaling/results-revision/r1-internal-scaling/simple-gurobi-01pct/base-scaleflag1/resultados/caso21e_base.csv,/clusteruy/home/mathiasr/generator-aware-row-scaling/results-revision/r1-internal-scaling/simple-gurobi-01pct/base-scaleflag1/resultados/caso21e_base_postprocesado.csv,/clusteruy/home/mathiasr/generator-aware-row-scaling/results-revision/r1-internal-scaling/simple-gurobi-01pct/base-scaleflag1/logs/caso21e_base.log
caso21f.txt,base,OK,0,2.424544076,0.037278424926986,-242348278.32506177,-242286000.0,OPTIMAL,-242438621.94605902,1.0,9429.0,0.25,14400.0,10800.0,35590.0,10976.0,8743.0,28973.0,23.77777777777778,19.046296296296298,18.592301208204553,3,Model contains large bounds | Model contains large matrix coefficients | Model contains large rhs,0.003,2000000000.0,0.005,2000.0,5.0,7000000000.0,1.0,10000000000.0,,,,,,,,,0.0,2.424544076,1.0,1.0,1.0,0.0,0.0,0.0,,,0.0,,,,1258602957.603953,,,2.019427,,,,2.019427,1.0,0.857233124953835,,,,,,,,BASE,BASE,,,,,,3.31533288690405e-09,3.27100568853194e-12,1.08033418655396e-07,6.54603354632854e-07,763891.195736602,5.40336517042296,30889734.6740143,383938361.905237,7.15255737304688e-07,0.0,6.54603354632854e-07,0.0,0.0,0.0,0.0,0.0,0.0,0.0,0.0,0.0,0.0,-242348278.325062,1050.70673105691,0.0,383938361.905237,0.0,0.0,0.0,974.0,0.0,998.0,0.0,0.0,0.0,0.0,-242286157.216366,,,,,,BASE,0.0,0,/clusteruy/home/mathiasr/generator-aware-row-scaling/results-revision/r1-internal-scaling/simple-gurobi-01pct/base-scaleflag1/resultados/caso21f_base.csv,/clusteruy/home/mathiasr/generator-aware-row-scaling/results-revision/r1-internal-scaling/simple-gurobi-01pct/base-scaleflag1/resultados/caso21f_base_postprocesado.csv,/clusteruy/home/mathiasr/generator-aware-row-scaling/results-revision/r1-internal-scaling/simple-gurobi-01pct/base-scaleflag1/logs/caso21f_base.log
caso22a.txt,base,OK,0,1.611584846,0.006536868579789,-246377677.13872316,-249123000.0,OPTIMAL,-246393782.52368766,1.0,7816.0,0.25,14400.0,10800.0,35590.0,10764.0,8807.0,28458.0,25.25,18.453703703703702,20.039336892385503,4,Model contains large bounds | Model contains large matrix coefficients | Model contains large rhs | max constraint violation (2.9784e-06) exceeds tolerance,0.003,2000000000.0,0.003,3000.0,5.0,7000000000.0,1.0,10000000000.0,,,,,,,,,0.0,1.611584846,1.0,1.0,1.0,0.0,0.0,0.0,,,0.0,,,,190917.927584,,,1.52057,,,,1.52057,1.0,0.248456512741876,,,,,,,,BASE,BASE,,,,,,3.84552628060282e-09,7.27595761418343e-12,1.0667004971765e-07,2.27242708206177e-07,1171586.06921663,1.05628547034678,49333155.8601984,728282511.674357,1.36566313813091e-11,0.0,2.9783695936203e-06,0.0,0.0,0.0,0.0,0.0,1.0,0.0,0.0,0.0,0.0,-246377677.138723,1236.08641907766,0.0,728282511.674357,0.0,0.0,0.0,415.0,0.0,819.0,0.0,0.0,0.0,0.0,-249123469.023401,,,,,,BASE,0.0,0,/clusteruy/home/mathiasr/generator-aware-row-scaling/results-revision/r1-internal-scaling/simple-gurobi-01pct/base-scaleflag1/resultados/caso22a_base.csv,/clusteruy/home/mathiasr/generator-aware-row-scaling/results-revision/r1-internal-scaling/simple-gurobi-01pct/base-scaleflag1/resultados/caso22a_base_postprocesado.csv,/clusteruy/home/mathiasr/generator-aware-row-scaling/results-revision/r1-internal-scaling/simple-gurobi-01pct/base-scaleflag1/logs/caso22a_base.log
caso22b.txt,base,OK,0,109.882119283,0.069285566529013,-261419202.05661657,-266673000.0,OPTIMAL,-261600327.83177713,9984.0,703029.0,0.25,14400.0,10800.0,35590.0,10764.0,8807.0,28458.0,25.25,18.453703703703702,20.039336892385503,4,Model contains large bounds | Model contains large matrix coefficients | Model contains large rhs | max constraint violation (5.9559e-05) exceeds tolerance,0.003,2000000000.0,0.003,3000.0,5.0,7000000000.0,1.0,10000000000.0,,,,,,,,,0.0,109.882119283,1.0,1.0,1.0,0.0,0.0,0.0,,,0.0,,,,880820903.662987,,,120.567486,,,3.363018,120.567486,1.0,0.585301937727588,,,,,,,,BASE,BASE,,,,,,1.17365099053186e-08,4.36557456851006e-10,1.33303692564368e-07,5.95590070489038e-05,1035416.13994078,1.53042324492938,29776882.8706063,803836270.987202,4.30546975849211e-09,0.0,5.95590070489038e-05,0.0,0.0,0.0,0.0,0.0,2.0,0.0,0.0,0.0,0.0,-261419202.056617,1783.35887767967,0.0,803836270.987202,0.0,0.0,0.0,689.0,0.0,841.0,0.0,0.0,0.0,0.0,-266673296.516315,,,,,,BASE,0.0,0,/clusteruy/home/mathiasr/generator-aware-row-scaling/results-revision/r1-internal-scaling/simple-gurobi-01pct/base-scaleflag1/resultados/caso22b_base.csv,/clusteruy/home/mathiasr/generator-aware-row-scaling/results-revision/r1-internal-scaling/simple-gurobi-01pct/base-scaleflag1/resultados/caso22b_base_postprocesado.csv,/clusteruy/home/mathiasr/generator-aware-row-scaling/results-revision/r1-internal-scaling/simple-gurobi-01pct/base-scaleflag1/logs/caso22b_base.log
caso22c.txt,base,OK,0,1.578408638,0.009359451642301,-253687468.1981038,-254754000.0,OPTIMAL,-253711211.95401236,1.0,6820.0,0.24,14400.0,10800.0,35590.0,10764.0,8807.0,28458.0,25.25,18.453703703703702,20.039336892385503,3,Model contains large bounds | Model contains large matrix coefficients | Model contains large rhs,0.003,2000000000.0,0.005,3000.0,5.0,7000000000.0,1.0,10000000000.0,,,,,,,,,0.0,1.578408638,1.0,1.0,1.0,0.0,0.0,0.0,,,0.0,,,,210268.504777,,,1.454521,,,,1.454521,1.0,0.264916645195608,,,,,,,,BASE,BASE,,,,,,3.80326655418242e-09,7.27595761418343e-12,1.12473499029875e-07,2.27242708206177e-07,1029206.84317584,0.926509868700516,47822881.4563215,246373311.504866,7.46069872548105e-12,0.0,4.76953573524952e-07,0.0,0.0,0.0,0.0,0.0,0.0,0.0,0.0,0.0,0.0,-253687468.198104,1230.96274480169,0.0,246373311.504866,0.0,0.0,0.0,398.0,0.0,818.0,0.0,0.0,0.0,0.0,-254754057.329832,,,,,,BASE,0.0,0,/clusteruy/home/mathiasr/generator-aware-row-scaling/results-revision/r1-internal-scaling/simple-gurobi-01pct/base-scaleflag1/resultados/caso22c_base.csv,/clusteruy/home/mathiasr/generator-aware-row-scaling/results-revision/r1-internal-scaling/simple-gurobi-01pct/base-scaleflag1/resultados/caso22c_base_postprocesado.csv,/clusteruy/home/mathiasr/generator-aware-row-scaling/results-revision/r1-internal-scaling/simple-gurobi-01pct/base-scaleflag1/logs/caso22c_base.log
caso22d.txt,base,OK,0,2.060557979,0.004737714963599,-219252762.66924,-224989000.0,OPTIMAL,-219263150.24018508,1.0,8471.0,0.25,14400.0,10800.0,35590.0,10978.0,8780.0,28879.0,23.76388888888889,18.703703703703702,18.85642034279292,3,Model contains large bounds | Model contains large matrix coefficients | Model contains large rhs,0.003,2000000000.0,0.003,2000.0,5.0,7000000000.0,1.0,10000000000.0,,,,,,,,,0.0,2.060557979,1.0,1.0,1.0,0.0,0.0,0.0,,,0.0,,,,44253.721394,,,1.82752,,,,1.82752,1.0,0.837556575699003,,,,,,,,BASE,BASE,,,,,,2.32212787256435e-09,5.6843418860808e-14,7.82310962677002e-08,2.23517417907715e-07,2614706.56438808,6.33869484995799,89588811.6584825,783384245.717866,3.63797880709171e-12,0.0,4.16999682784081e-07,0.0,0.0,0.0,0.0,0.0,0.0,0.0,0.0,0.0,0.0,-219252762.66924,1252.73836047457,0.0,783384245.717866,0.0,0.0,0.0,532.0,0.0,967.0,0.0,0.0,0.0,0.0,-224989107.739259,,,,,,BASE,0.0,0,/clusteruy/home/mathiasr/generator-aware-row-scaling/results-revision/r1-internal-scaling/simple-gurobi-01pct/base-scaleflag1/resultados/caso22d_base.csv,/clusteruy/home/mathiasr/generator-aware-row-scaling/results-revision/r1-internal-scaling/simple-gurobi-01pct/base-scaleflag1/resultados/caso22d_base_postprocesado.csv,/clusteruy/home/mathiasr/generator-aware-row-scaling/results-revision/r1-internal-scaling/simple-gurobi-01pct/base-scaleflag1/logs/caso22d_base.log
caso22e.txt,base,OK,0,2.158731136,0.08656537794825,-233659855.13775563,-233683000.0,OPTIMAL,-233862123.67446896,1.0,8656.0,0.25,14400.0,10800.0,35590.0,10978.0,8780.0,28879.0,23.76388888888889,18.703703703703702,18.85642034279292,4,Model contains large bounds | Model contains large matrix coefficients | Model contains large rhs | max constraint violation (6.5742e-06) exceeds tolerance,0.003,2000000000.0,0.003,2000.0,5.0,7000000000.0,1.0,10000000000.0,,,,,,,,,0.0,2.158731136,1.0,1.0,1.0,0.0,0.0,0.0,,,0.0,,,,1141165662.655561,,,1.916199,,,,1.916199,1.0,0.246190971927783,,,,,,,,BASE,BASE,,,,,,4.01197922844929e-09,3.46661366279474e-11,1.00592151284218e-07,2.30967998504639e-07,265335.98325848,8.78804419967426,12164149.317978,71962627.2667615,1.81756831807434e-11,0.0,6.57420605421066e-06,0.0,0.0,0.0,0.0,0.0,1.0,0.0,0.0,0.0,0.0,-233659855.137756,1965.24931447658,0.0,71962627.2667615,0.0,0.0,0.0,1356.0,0.0,984.0,0.0,0.0,0.0,0.0,-233683274.001804,,,,,,BASE,0.0,0,/clusteruy/home/mathiasr/generator-aware-row-scaling/results-revision/r1-internal-scaling/simple-gurobi-01pct/base-scaleflag1/resultados/caso22e_base.csv,/clusteruy/home/mathiasr/generator-aware-row-scaling/results-revision/r1-internal-scaling/simple-gurobi-01pct/base-scaleflag1/resultados/caso22e_base_postprocesado.csv,/clusteruy/home/mathiasr/generator-aware-row-scaling/results-revision/r1-internal-scaling/simple-gurobi-01pct/base-scaleflag1/logs/caso22e_base.log
caso22f.txt,base,OK,0,1.961239105,0.082210130581498,-225694759.27079642,-225527000.0,OPTIMAL,-225880303.22710854,1.0,8019.0,0.25,14400.0,10800.0,35590.0,10978.0,8780.0,28879.0,23.76388888888889,18.703703703703702,18.85642034279292,3,Model contains large bounds | Model contains large matrix coefficients | Model contains large rhs,0.003,2000000000.0,0.005,2000.0,5.0,7000000000.0,1.0,10000000000.0,,,,,,,,,0.0,1.961239105,1.0,1.0,1.0,0.0,0.0,0.0,,,0.0,,,,171652.056639,,,1.613522,,,,1.613522,1.0,0.267195721954213,,,,,,,,BASE,BASE,,,,,,3.69765088309767e-09,2.91038304567337e-11,1.19209289550781e-07,2.49594449996948e-07,792281.88062114,6.85118060145741,37436678.3598836,345411507.227666,3.63797880709171e-12,0.0,7.15255737304688e-07,0.0,0.0,0.0,0.0,0.0,0.0,0.0,0.0,0.0,0.0,-225694759.270796,2102.30760135877,0.0,345411507.227666,0.0,0.0,0.0,997.0,0.0,963.0,0.0,0.0,0.0,0.0,-225527383.494917,,,,,,BASE,0.0,0,/clusteruy/home/mathiasr/generator-aware-row-scaling/results-revision/r1-internal-scaling/simple-gurobi-01pct/base-scaleflag1/resultados/caso22f_base.csv,/clusteruy/home/mathiasr/generator-aware-row-scaling/results-revision/r1-internal-scaling/simple-gurobi-01pct/base-scaleflag1/resultados/caso22f_base_postprocesado.csv,/clusteruy/home/mathiasr/generator-aware-row-scaling/results-revision/r1-internal-scaling/simple-gurobi-01pct/base-scaleflag1/logs/caso22f_base.log
caso23a.txt,base,OK,0,16.741817402,0.000342036106507,-272266319.6451015,-280945000.0,OPTIMAL,-272267250.89422053,1060.0,141579.0,0.24,14400.0,10800.0,35590.0,10600.0,8574.0,28687.0,26.38888888888889,20.61111111111111,19.3958977240798,4,Model contains large bounds | Model contains large matrix coefficients | Model contains large rhs | max constraint violation (1.0437e-06) exceeds tolerance,0.003,2000000000.0,0.003,3000.0,5.0,7000000000.0,1.0,10000000000.0,,,,,,,,,0.0,16.741817402,1.0,1.0,1.0,0.0,0.0,0.0,,,0.0,,,,1132736743.12237,,,15.425165,,0.236607,4.424746,15.425165,1.0,0.239724165204219,,,,,,,,BASE,BASE,,,,,,3.93831242618642e-09,2.8421709430404e-14,1.09896063804626e-07,1.04366336017847e-06,1921143.0517486,1.08596420794343,56869938.2908737,848672641.856526,9.5367431640625e-07,0.0,1.04366336017847e-06,0.0,0.0,0.0,0.0,0.0,1.0,0.0,0.0,0.0,0.0,-272266319.645101,144.213181231578,0.0,848672641.856526,0.0,0.0,0.0,212.0,0.0,857.0,0.0,0.0,0.0,0.0,-280945292.695152,,,,,,BASE,0.0,0,/clusteruy/home/mathiasr/generator-aware-row-scaling/results-revision/r1-internal-scaling/simple-gurobi-01pct/base-scaleflag1/resultados/caso23a_base.csv,/clusteruy/home/mathiasr/generator-aware-row-scaling/results-revision/r1-internal-scaling/simple-gurobi-01pct/base-scaleflag1/resultados/caso23a_base_postprocesado.csv,/clusteruy/home/mathiasr/generator-aware-row-scaling/results-revision/r1-internal-scaling/simple-gurobi-01pct/base-scaleflag1/logs/caso23a_base.log
caso23b.txt,base,OK,0,20.79158101,0.091296489055772,-285995237.8554508,-290110000.0,OPTIMAL,-286256341.46647954,1698.0,91639.0,0.25,14400.0,10800.0,35590.0,10600.0,8574.0,28687.0,26.38888888888889,20.61111111111111,19.3958977240798,4,Model contains large bounds | Model contains large matrix coefficients | Model contains large rhs | max constraint violation (1.1186e-04) exceeds tolerance,0.003,2000000000.0,0.003,3000.0,5.0,7000000000.0,1.0,10000000000.0,,,,,,,,,0.0,20.79158101,1.0,1.0,1.0,0.0,0.0,0.0,,,0.0,,,,1430911070.164443,,,20.360594,,0.004572,5.521675,20.360594,1.0,0.043711766412896,,,,,,,,BASE,BASE,,,,,,1.3276065274727e-08,7.27595761418343e-12,1.15483999252319e-07,0.000111859212010845,1281717.67011745,1.45342330669215,40461245.3435943,846445470.27566,0.000111859212010845,0.0,1.20401382446289e-05,0.0,0.0,3.64576221877587e-07,1.0,0.0,1.0,0.0,0.0,0.0,0.0,-285995237.855451,1108.19283677805,0.0,846445470.27566,0.0,0.0,3.64576221877587e-07,454.0,0.0,885.0,0.0,0.0,0.0,0.0,-290110020.185225,,,,,,BASE,0.0,0,/clusteruy/home/mathiasr/generator-aware-row-scaling/results-revision/r1-internal-scaling/simple-gurobi-01pct/base-scaleflag1/resultados/caso23b_base.csv,/clusteruy/home/mathiasr/generator-aware-row-scaling/results-revision/r1-internal-scaling/simple-gurobi-01pct/base-scaleflag1/resultados/caso23b_base_postprocesado.csv,/clusteruy/home/mathiasr/generator-aware-row-scaling/results-revision/r1-internal-scaling/simple-gurobi-01pct/base-scaleflag1/logs/caso23b_base.log
caso23c.txt,base,OK,0,3.623409889,0.001331827317739,-278857854.4956777,-284186000.0,OPTIMAL,-278861568.40076154,1.0,10221.0,0.25,14400.0,10800.0,35590.0,10600.0,8574.0,28687.0,26.38888888888889,20.61111111111111,19.3958977240798,4,Model contains large bounds | Model contains large matrix coefficients | Model contains large rhs | max constraint violation (6.3460e-06) exceeds tolerance,0.003,2000000000.0,0.005,3000.0,5.0,7000000000.0,1.0,10000000000.0,,,,,,,,,0.0,3.623409889,1.0,1.0,1.0,0.0,0.0,0.0,,,0.0,,,,1438644930.213479,,,2.584761,,0.209412,2.838555,2.584761,1.0,0.252270794134259,,,,,,,,BASE,BASE,,,,,,4.31878067257844e-09,3.59882262879173e-14,1.06646912172437e-07,6.34603202342987e-06,1814546.19978956,1.00615930810908,57618733.4226,847797565.502791,2.99849034490762e-11,0.0,6.34603202342987e-06,0.0,0.0,0.0,0.0,0.0,1.0,0.0,0.0,0.0,0.0,-278857854.495678,132.292984323137,0.0,847797565.502791,0.0,0.0,0.0,210.0,0.0,858.0,0.0,0.0,0.0,0.0,-284186146.198916,,,,,,BASE,0.0,0,/clusteruy/home/mathiasr/generator-aware-row-scaling/results-revision/r1-internal-scaling/simple-gurobi-01pct/base-scaleflag1/resultados/caso23c_base.csv,/clusteruy/home/mathiasr/generator-aware-row-scaling/results-revision/r1-internal-scaling/simple-gurobi-01pct/base-scaleflag1/resultados/caso23c_base_postprocesado.csv,/clusteruy/home/mathiasr/generator-aware-row-scaling/results-revision/r1-internal-scaling/simple-gurobi-01pct/base-scaleflag1/logs/caso23c_base.log
caso23d.txt,base,OK,0,3.732993771,0.008366765968707,-235048934.42494735,-237869000.0,OPTIMAL,-235068600.41920263,1.0,8314.0,0.25,14400.0,10800.0,35590.0,10758.0,8490.0,28989.0,25.291666666666668,21.38888888888889,18.547344759763977,4,Model contains large bounds | Model contains large matrix coefficients | Model contains large rhs | max constraint violation (6.3134e-06) exceeds tolerance,0.003,2000000000.0,0.003,2000.0,5.0,7000000000.0,1.0,10000000000.0,,,,,,,,,0.0,3.732993771,1.0,1.0,1.0,0.0,0.0,0.0,,,0.0,,,,1401287542.263251,,,2.90386,,,,2.90386,1.0,0.823475380858261,,,,,,,,BASE,BASE,,,,,,3.18586738605793e-09,3.99680288865056e-14,9.77889430942014e-08,6.31343573331833e-06,2334918.38460615,5.95330091008019,89478960.0234181,821426333.234498,1.81898940354586e-12,0.0,6.31343573331833e-06,0.0,0.0,0.0,0.0,0.0,1.0,0.0,0.0,0.0,0.0,-235048934.424947,1362.2837124673,0.0,821426333.234498,0.0,0.0,0.0,242.0,0.0,991.0,0.0,0.0,0.0,0.0,-237868631.569833,,,,,,BASE,0.0,0,/clusteruy/home/mathiasr/generator-aware-row-scaling/results-revision/r1-internal-scaling/simple-gurobi-01pct/base-scaleflag1/resultados/caso23d_base.csv,/clusteruy/home/mathiasr/generator-aware-row-scaling/results-revision/r1-internal-scaling/simple-gurobi-01pct/base-scaleflag1/resultados/caso23d_base_postprocesado.csv,/clusteruy/home/mathiasr/generator-aware-row-scaling/results-revision/r1-internal-scaling/simple-gurobi-01pct/base-scaleflag1/logs/caso23d_base.log
caso23e.txt,base,OK,0,44.072707658,0.0470824214819,-248791183.44928038,-248604000.0,OPTIMAL,-248908320.36288178,6091.0,267500.0,0.25,14400.0,10800.0,35590.0,10758.0,8490.0,28989.0,25.291666666666668,21.38888888888889,18.547344759763977,3,Model contains large bounds | Model contains large matrix coefficients | Model contains large rhs,0.003,2000000000.0,0.003,2000.0,5.0,7000000000.0,1.0,10000000000.0,,,,,,,,,0.0,44.072707658,1.0,1.0,1.0,0.0,0.0,0.0,,,0.0,,,,639359284.527947,,,42.708677,,0.002017,6.493182,42.708677,1.0,0.097531943682126,,,,,,,,BASE,BASE,,,,,,2.92944169080493e-09,4.54747350886464e-13,8.38190317153931e-08,9.44593921303749e-07,406716.468580247,4.55645873370523,23055874.9942971,68190869.6285639,1.10276232589968e-11,0.0,9.44593921303749e-07,0.0,0.0,0.0,0.0,0.0,0.0,0.0,0.0,0.0,0.0,-248791183.44928,1094.52245048365,0.0,68190869.6285639,0.0,0.0,0.0,879.0,0.0,1004.0,0.0,0.0,0.0,0.0,-248604365.051861,,,,,,BASE,0.0,0,/clusteruy/home/mathiasr/generator-aware-row-scaling/results-revision/r1-internal-scaling/simple-gurobi-01pct/base-scaleflag1/resultados/caso23e_base.csv,/clusteruy/home/mathiasr/generator-aware-row-scaling/results-revision/r1-internal-scaling/simple-gurobi-01pct/base-scaleflag1/resultados/caso23e_base_postprocesado.csv,/clusteruy/home/mathiasr/generator-aware-row-scaling/results-revision/r1-internal-scaling/simple-gurobi-01pct/base-scaleflag1/logs/caso23e_base.log
caso23f.txt,base,OK,0,16.401631874,0.004271523740549,-241259964.44802833,-241253000.0,OPTIMAL,-241270269.92468616,2360.0,183693.0,0.25,14400.0,10800.0,35590.0,10758.0,8490.0,28989.0,25.291666666666668,21.38888888888889,18.547344759763977,3,Model contains large bounds | Model contains large matrix coefficients | Model contains large rhs,0.003,2000000000.0,0.005,2000.0,5.0,7000000000.0,1.0,10000000000.0,,,,,,,,,0.0,16.401631874,1.0,1.0,1.0,0.0,0.0,0.0,,,0.0,,,,947062880.55499,,,15.206669,,0.815265,5.363543,15.206669,1.0,0.402128043953765,,,,,,,,BASE,BASE,,,,,,2.94856416669765e-09,4.54747350886464e-13,8.84803012013436e-08,9.5367431640625e-07,1109393.13914281,2.979025241779,50326355.2569436,732735261.408422,1.19209289550781e-07,0.0,9.5367431640625e-07,5.32907051820075e-15,0.0,1.58761892521397e-14,0.0,0.0,0.0,0.0,0.0,0.0,0.0,-241259964.448028,817.845719177581,0.0,732735261.408422,0.0,0.0,1.58761892521397e-14,352.0,0.0,984.0,0.0,0.0,0.0,0.0,-241253060.656037,,,,,,BASE,0.0,0,/clusteruy/home/mathiasr/generator-aware-row-scaling/results-revision/r1-internal-scaling/simple-gurobi-01pct/base-scaleflag1/resultados/caso23f_base.csv,/clusteruy/home/mathiasr/generator-aware-row-scaling/results-revision/r1-internal-scaling/simple-gurobi-01pct/base-scaleflag1/resultados/caso23f_base_postprocesado.csv,/clusteruy/home/mathiasr/generator-aware-row-scaling/results-revision/r1-internal-scaling/simple-gurobi-01pct/base-scaleflag1/logs/caso23f_base.log
caso24a.txt,base,OK,0,1.587730394,0.06240803746408,-334316196.4912048,-341975000.0,OPTIMAL,-334524836.6683595,1.0,8049.0,0.24,14400.0,10800.0,35590.0,10839.0,8720.0,28750.0,24.729166666666668,19.25925925925926,19.21888170834504,4,Model contains large bounds | Model contains large matrix coefficients | Model contains large rhs | max constraint violation (4.9232e-06) exceeds tolerance,0.003,2000000000.0,0.003,3000.0,5.0,7000000000.0,1.0,10000000000.0,,,,,,,,,0.0,1.587730394,1.0,1.0,1.0,0.0,0.0,0.0,,,0.0,,,,786665687.755595,,,1.527369,,,,1.527369,1.0,0.262963792361653,,,,,,,,BASE,BASE,,,,,,3.74662865500274e-09,2.85105272723727e-14,9.31322574615479e-08,4.81586903333664e-06,2748940.6192349,4.32814929332842,96157635.6230108,821397064.940962,4.2632564145606e-14,0.0,4.92297112941742e-06,0.0,0.0,0.0,0.0,0.0,2.0,0.0,0.0,0.0,0.0,-334316196.491205,2250.1069063992,0.0,821397064.940962,0.0,0.0,0.0,418.0,0.0,944.0,0.0,0.0,0.0,0.0,-341974644.423798,,,,,,BASE,0.0,0,/clusteruy/home/mathiasr/generator-aware-row-scaling/results-revision/r1-internal-scaling/simple-gurobi-01pct/base-scaleflag1/resultados/caso24a_base.csv,/clusteruy/home/mathiasr/generator-aware-row-scaling/results-revision/r1-internal-scaling/simple-gurobi-01pct/base-scaleflag1/resultados/caso24a_base_postprocesado.csv,/clusteruy/home/mathiasr/generator-aware-row-scaling/results-revision/r1-internal-scaling/simple-gurobi-01pct/base-scaleflag1/logs/caso24a_base.log
caso24b.txt,base,OK,0,2.668091,0.006463806279567,-347194078.1805632,-346068000.0,OPTIMAL,-347216520.13319093,1.0,9172.0,0.24,14400.0,10800.0,35590.0,10839.0,8720.0,28750.0,24.729166666666668,19.25925925925926,19.21888170834504,4,Model contains large bounds | Model contains large matrix coefficients | Model contains large rhs | max constraint violation (1.2428e-06) exceeds tolerance,0.003,2000000000.0,0.003,3000.0,5.0,7000000000.0,1.0,10000000000.0,,,,,,,,,0.0,2.668091,1.0,1.0,1.0,0.0,0.0,0.0,,,0.0,,,,725733997.704909,,,2.374867,,,,2.374867,1.0,0.857492142604054,,,,,,,,BASE,BASE,,,,,,3.46090878868838e-09,7.91067211736159e-12,9.87387466011573e-08,1.24284997582436e-06,354713.88935099,2.4232408459655,17484899.4383431,44903346.6047596,6.41739674733799e-08,0.0,1.24284997582436e-06,0.0,0.0,0.0,0.0,0.0,1.0,0.0,0.0,0.0,0.0,-347194078.180563,1203.70714076272,0.0,44903346.6047596,0.0,0.0,0.0,1134.0,0.0,960.0,0.0,0.0,0.0,0.0,-346068241.535407,,,,,,BASE,0.0,0,/clusteruy/home/mathiasr/generator-aware-row-scaling/results-revision/r1-internal-scaling/simple-gurobi-01pct/base-scaleflag1/resultados/caso24b_base.csv,/clusteruy/home/mathiasr/generator-aware-row-scaling/results-revision/r1-internal-scaling/simple-gurobi-01pct/base-scaleflag1/resultados/caso24b_base_postprocesado.csv,/clusteruy/home/mathiasr/generator-aware-row-scaling/results-revision/r1-internal-scaling/simple-gurobi-01pct/base-scaleflag1/logs/caso24b_base.log
caso24c.txt,base,OK,0,31.631321358,0.000593540188316,-340230346.22336453,-347587000.0,OPTIMAL,-340232365.6272022,780.0,339927.0,0.24,14400.0,10800.0,35590.0,10839.0,8720.0,28750.0,24.729166666666668,19.25925925925926,19.21888170834504,3,Model contains large bounds | Model contains large matrix coefficients | Model contains large rhs,0.003,2000000000.0,0.005,3000.0,5.0,7000000000.0,1.0,10000000000.0,,,,,,,,,0.0,31.631321358,1.0,1.0,1.0,0.0,0.0,0.0,,,0.0,,,,1339447144.741616,,,41.035147,,0.027884,3.173864,41.035147,1.0,0.066380178597817,,,,,,,,BASE,BASE,,,,,,2.6847523532111e-09,1.81898940354586e-12,8.66129994392395e-08,7.5122807174921e-07,2081766.39983296,2.39558331729901,71639297.1589307,819732305.906832,7.15255737304688e-07,0.0,7.5122807174921e-07,0.0,0.0,0.0,0.0,0.0,0.0,0.0,0.0,0.0,0.0,-340230346.223365,1118.38317580909,0.0,819732305.906832,0.0,0.0,0.0,309.0,0.0,942.0,0.0,0.0,0.0,0.0,-347586538.422993,,,,,,BASE,0.0,0,/clusteruy/home/mathiasr/generator-aware-row-scaling/results-revision/r1-internal-scaling/simple-gurobi-01pct/base-scaleflag1/resultados/caso24c_base.csv,/clusteruy/home/mathiasr/generator-aware-row-scaling/results-revision/r1-internal-scaling/simple-gurobi-01pct/base-scaleflag1/resultados/caso24c_base_postprocesado.csv,/clusteruy/home/mathiasr/generator-aware-row-scaling/results-revision/r1-internal-scaling/simple-gurobi-01pct/base-scaleflag1/logs/caso24c_base.log
caso24d.txt,base,OK,0,8.149009575,0.009296794877752,-274597956.8374495,-277910000.0,OPTIMAL,-274623485.64623517,1307.0,134100.0,0.24,14400.0,10800.0,35590.0,10829.0,8518.0,28676.0,24.79861111111111,21.12962962962963,19.42680528238269,4,Model contains large bounds | Model contains large matrix coefficients | Model contains large rhs | max constraint violation (2.0862e-05) exceeds tolerance,0.003,2000000000.0,0.003,2000.0,5.0,7000000000.0,1.0,10000000000.0,,,,,,,,,0.0,8.149009575,1.0,1.0,1.0,0.0,0.0,0.0,,,0.0,,,,455102512.384446,,,9.237262,,0.004549,2.914084,9.237262,1.0,0.053675052510311,,,,,,,,BASE,BASE,,,,,,3.78341230763011e-09,5.6843418860808e-14,8.19563865661621e-08,7.7136792242527e-07,1843298.41628359,5.52674080279818,44623603.5776842,869822864.069267,2.08616256713867e-05,0.0,7.7136792242527e-07,0.0,0.0,0.0,1.0,0.0,0.0,0.0,0.0,0.0,0.0,-274597956.837449,642.29212706133,0.0,869822864.069267,0.0,0.0,0.0,209.0,0.0,1028.0,0.0,0.0,0.0,0.0,-277909583.996888,,,,,,BASE,0.0,0,/clusteruy/home/mathiasr/generator-aware-row-scaling/results-revision/r1-internal-scaling/simple-gurobi-01pct/base-scaleflag1/resultados/caso24d_base.csv,/clusteruy/home/mathiasr/generator-aware-row-scaling/results-revision/r1-internal-scaling/simple-gurobi-01pct/base-scaleflag1/resultados/caso24d_base_postprocesado.csv,/clusteruy/home/mathiasr/generator-aware-row-scaling/results-revision/r1-internal-scaling/simple-gurobi-01pct/base-scaleflag1/logs/caso24d_base.log
caso24e.txt,base,OK,0,111.94376545,0.099990607007412,-287781520.3316467,-292500000.0,OPTIMAL,-288069274.82068145,12251.0,1928103.0,0.24,14400.0,10800.0,35590.0,10829.0,8518.0,28676.0,24.79861111111111,21.12962962962963,19.42680528238269,4,Model contains large bounds | Model contains large matrix coefficients | Model contains large rhs | max constraint violation (1.4771e-06) exceeds tolerance,0.003,2000000000.0,0.003,2000.0,5.0,7000000000.0,1.0,10000000000.0,,,,,,,,,0.0,111.94376545,1.0,1.0,1.0,0.0,0.0,0.0,,,0.0,,,,927897801.166204,,,136.911963,,0.003811,5.358176,136.911963,1.0,0.023175811513975,,,,,,,,BASE,BASE,,,,,,2.83395270312489e-09,4.54747350886464e-13,8.38190317153931e-08,1.53668224811554e-06,1092003.87029303,7.3772692422738,27165430.5494467,854273209.927712,3.63797880709171e-12,0.0,1.53668224811554e-06,0.0,0.0,0.0,0.0,0.0,3.0,0.0,0.0,0.0,0.0,-287781520.331647,662.580887457472,0.0,854273209.927712,0.0,0.0,0.0,562.0,0.0,1031.0,0.0,0.0,0.0,0.0,-292500266.979197,,,,,,BASE,0.0,0,/clusteruy/home/mathiasr/generator-aware-row-scaling/results-revision/r1-internal-scaling/simple-gurobi-01pct/base-scaleflag1/resultados/caso24e_base.csv,/clusteruy/home/mathiasr/generator-aware-row-scaling/results-revision/r1-internal-scaling/simple-gurobi-01pct/base-scaleflag1/resultados/caso24e_base_postprocesado.csv,/clusteruy/home/mathiasr/generator-aware-row-scaling/results-revision/r1-internal-scaling/simple-gurobi-01pct/base-scaleflag1/logs/caso24e_base.log
caso24f.txt,base,OK,0,17.974410277,0.003689315828959,-280993921.18334967,-283817000.0,OPTIMAL,-281004287.9365623,3181.0,257181.0,0.24,14400.0,10800.0,35590.0,10829.0,8518.0,28676.0,24.79861111111111,21.12962962962963,19.42680528238269,3,Model contains large bounds | Model contains large matrix coefficients | Model contains large rhs,0.003,2000000000.0,0.005,2000.0,5.0,7000000000.0,1.0,10000000000.0,,,,,,,,,0.0,17.974410277,1.0,1.0,1.0,0.0,0.0,0.0,,,0.0,,,,450963871.528449,,,17.928175,,0.026505,3.048152,17.928175,1.0,0.048782717864593,,,,,,,,BASE,BASE,,,,,,2.46177822826132e-09,4.54747350886464e-13,8.00937414169312e-08,9.5367431640625e-07,1737490.40456865,4.72085760240455,42513954.1716034,870558981.285692,3.86535248253495e-11,0.0,9.5367431640625e-07,0.0,0.0,0.0,0.0,0.0,0.0,0.0,0.0,0.0,0.0,-280993921.18335,522.227134032131,0.0,870558981.285692,0.0,0.0,0.0,205.0,0.0,1027.0,0.0,0.0,0.0,0.0,-283816536.156225,,,,,,BASE,0.0,0,/clusteruy/home/mathiasr/generator-aware-row-scaling/results-revision/r1-internal-scaling/simple-gurobi-01pct/base-scaleflag1/resultados/caso24f_base.csv,/clusteruy/home/mathiasr/generator-aware-row-scaling/results-revision/r1-internal-scaling/simple-gurobi-01pct/base-scaleflag1/resultados/caso24f_base_postprocesado.csv,/clusteruy/home/mathiasr/generator-aware-row-scaling/results-revision/r1-internal-scaling/simple-gurobi-01pct/base-scaleflag1/logs/caso24f_base.log
caso25a.txt,base,OK,0,1.262239141,0.005683554947422,-139455406.9903261,-245296000.0,OPTIMAL,-139463333.01500955,1.0,5067.0,0.23,14400.0,10800.0,35590.0,10171.0,8721.0,27486.0,29.368055555555557,19.25,22.770441135150325,3,Model contains large bounds | Model contains large matrix coefficients | Model contains large rhs,0.002,2000000000.0,0.003,3000.0,5.0,5000000000.0,1.0,10000000000.0,,,,,,,,,0.0,1.262239141,1.0,1.0,1.0,0.0,0.0,0.0,,,0.0,,,,28502.799976,,,1.090655,,,,1.090655,1.0,0.350027008752157,,,,,,,,BASE,BASE,,,,,,2.10795547718398e-09,1.4210854715202e-14,5.21540641784668e-08,2.76602804660797e-07,9967771.87233349,76.1159221461596,742935662.938897,825994244.229523,3.07703423233579e-08,0.0,4.76837158203125e-07,1.3238532172309e-09,0.0,0.0,0.0,0.0,0.0,0.0,0.0,0.0,0.0,-139455406.990326,1541.01200154499,0.0,825994244.229523,1.3238532172309e-09,0.0,0.0,492.0,0.0,763.0,0.0,0.0,0.0,0.0,-245296248.17599,,,,,,BASE,0.0,0,/clusteruy/home/mathiasr/generator-aware-row-scaling/results-revision/r1-internal-scaling/simple-gurobi-01pct/base-scaleflag1/resultados/caso25a_base.csv,/clusteruy/home/mathiasr/generator-aware-row-scaling/results-revision/r1-internal-scaling/simple-gurobi-01pct/base-scaleflag1/resultados/caso25a_base_postprocesado.csv,/clusteruy/home/mathiasr/generator-aware-row-scaling/results-revision/r1-internal-scaling/simple-gurobi-01pct/base-scaleflag1/logs/caso25a_base.log
caso25b.txt,base,OK,0,1.420252524,0.011564081514231,-149554210.87535864,-149677000.0,OPTIMAL,-149571505.44621223,1.0,7511.0,0.23,14400.0,10800.0,35590.0,10171.0,8721.0,27486.0,29.368055555555557,19.25,22.770441135150325,4,Model contains large bounds | Model contains large matrix coefficients | Model contains large rhs | max constraint violation (1.1425e-06) exceeds tolerance,0.002,2000000000.0,0.003,3000.0,5.0,5000000000.0,1.0,10000000000.0,,,,,,,,,0.0,1.420252524,1.0,1.0,1.0,0.0,0.0,0.0,,,0.0,,,,100445.283926,,,1.442674,,,,1.442674,1.0,0.317147800691963,,,,,,,,BASE,BASE,,,,,,5.64403367272671e-09,1.86264514923096e-09,2.19594658119604e-07,1.14247086457908e-06,158409.396661759,0.99178959421693,4901720.45914858,29065698.7133335,1.3837776504443e-08,0.0,1.14247086457908e-06,5.95352003309462e-10,0.0,0.0,0.0,0.0,2.0,0.0,0.0,0.0,0.0,-149554210.875359,1500.33672246952,0.0,29065698.7133335,5.95352003309462e-10,0.0,0.0,883.0,0.0,776.0,0.0,0.0,0.0,0.0,-149677225.950998,,,,,,BASE,0.0,0,/clusteruy/home/mathiasr/generator-aware-row-scaling/results-revision/r1-internal-scaling/simple-gurobi-01pct/base-scaleflag1/resultados/caso25b_base.csv,/clusteruy/home/mathiasr/generator-aware-row-scaling/results-revision/r1-internal-scaling/simple-gurobi-01pct/base-scaleflag1/resultados/caso25b_base_postprocesado.csv,/clusteruy/home/mathiasr/generator-aware-row-scaling/results-revision/r1-internal-scaling/simple-gurobi-01pct/base-scaleflag1/logs/caso25b_base.log
caso25c.txt,base,OK,0,1.386212108,0.00935351464431,-143316649.16058,-143165000.0,OPTIMAL,-143330054.30434698,1.0,7515.0,0.23,14400.0,10800.0,35590.0,10171.0,8721.0,27486.0,29.368055555555557,19.25,22.770441135150325,3,Model contains large bounds | Model contains large matrix coefficients | Model contains large rhs,0.002,2000000000.0,0.005,3000.0,5.0,5000000000.0,1.0,10000000000.0,,,,,,,,,0.0,1.386212108,1.0,1.0,1.0,0.0,0.0,0.0,,,0.0,,,,73703.455513,,,1.33037,,,,1.33037,1.0,0.32311811726023,,,,,,,,BASE,BASE,,,,,,5.72180401076583e-09,3.72529029846191e-09,2.03497620532289e-07,9.66480001807213e-07,253550.282395638,0.497376823837948,7284640.44301006,50201274.412349,3.15400044060358e-08,0.0,9.66480001807213e-07,1.35696690877279e-09,0.0,0.0,0.0,0.0,0.0,0.0,0.0,0.0,0.0,-143316649.16058,761.441224292819,0.0,50201274.412349,1.35696690877279e-09,0.0,0.0,674.0,0.0,737.0,0.0,0.0,0.0,0.0,-143164731.057423,,,,,,BASE,0.0,0,/clusteruy/home/mathiasr/generator-aware-row-scaling/results-revision/r1-internal-scaling/simple-gurobi-01pct/base-scaleflag1/resultados/caso25c_base.csv,/clusteruy/home/mathiasr/generator-aware-row-scaling/results-revision/r1-internal-scaling/simple-gurobi-01pct/base-scaleflag1/resultados/caso25c_base_postprocesado.csv,/clusteruy/home/mathiasr/generator-aware-row-scaling/results-revision/r1-internal-scaling/simple-gurobi-01pct/base-scaleflag1/logs/caso25c_base.log
caso25d.txt,base,OK,0,2.185309135,0.04559159600292,-138158624.5843194,-179317000.0,OPTIMAL,-138221613.3062831,117.0,9341.0,0.23,14400.0,10800.0,35590.0,10648.0,8683.0,28440.0,26.055555555555557,19.60185185185185,20.089912896881145,3,Model contains large bounds | Model contains large matrix coefficients | Model contains large rhs,0.002,2000000000.0,0.003,2000.0,5.0,5000000000.0,1.0,10000000000.0,,,,,,,,,0.0,2.185309135,1.0,1.0,1.0,0.0,0.0,0.0,,,0.0,,,,1169976124.647173,,,2.031835,,0.001573,1.697932,2.031835,1.0,0.177803138307152,,,,,,,,BASE,BASE,,,,,,1.34241917940097e-09,2.39919195621495e-14,4.84287738800049e-08,6.35161995887756e-07,7864536.74270311,65.5434479977092,180500194.373928,851142966.611032,1.244256964128e-08,0.0,6.35161995887756e-07,0.0,0.0,0.0,0.0,0.0,0.0,0.0,0.0,0.0,0.0,-138158624.584319,2029.58021078294,0.0,851142966.611032,0.0,0.0,0.0,395.0,0.0,849.0,0.0,0.0,0.0,0.0,-179316519.890631,,,,,,BASE,0.0,0,/clusteruy/home/mathiasr/generator-aware-row-scaling/results-revision/r1-internal-scaling/simple-gurobi-01pct/base-scaleflag1/resultados/caso25d_base.csv,/clusteruy/home/mathiasr/generator-aware-row-scaling/results-revision/r1-internal-scaling/simple-gurobi-01pct/base-scaleflag1/resultados/caso25d_base_postprocesado.csv,/clusteruy/home/mathiasr/generator-aware-row-scaling/results-revision/r1-internal-scaling/simple-gurobi-01pct/base-scaleflag1/logs/caso25d_base.log
caso25e.txt,base,OK,0,37.42346758,0.015743506830845,-147686019.61509037,-147603000.0,OPTIMAL,-147709270.57367668,6592.0,296454.0,0.23,14400.0,10800.0,35590.0,10648.0,8683.0,28440.0,26.055555555555557,19.60185185185185,20.089912896881145,4,Model contains large bounds | Model contains large matrix coefficients | Model contains large rhs | max constraint violation (1.0654e-06) exceeds tolerance,0.002,2000000000.0,0.003,2000.0,5.0,5000000000.0,1.0,10000000000.0,,,,,,,,,0.0,37.42346758,1.0,1.0,1.0,0.0,0.0,0.0,,,0.0,,,,2669301078.931254,,,43.013137,,0.001987,2.907896,43.013137,1.0,0.014994277433936,,,,,,,,BASE,BASE,,,,,,5.47168667476644e-09,7.45058059692383e-09,1.80693823494949e-07,1.06543302536011e-06,225576.025360102,1.14283479791362,5963840.0593467,41868152.5800385,1.03597130873823e-11,0.0,1.06543302536011e-06,0.0,0.0,0.0,0.0,0.0,3.0,0.0,0.0,0.0,0.0,-147686019.61509,670.793459496057,0.0,41868152.5800385,0.0,0.0,0.0,630.0,0.0,853.0,0.0,0.0,0.0,0.0,-147603282.724663,,,,,,BASE,0.0,0,/clusteruy/home/mathiasr/generator-aware-row-scaling/results-revision/r1-internal-scaling/simple-gurobi-01pct/base-scaleflag1/resultados/caso25e_base.csv,/clusteruy/home/mathiasr/generator-aware-row-scaling/results-revision/r1-internal-scaling/simple-gurobi-01pct/base-scaleflag1/resultados/caso25e_base_postprocesado.csv,/clusteruy/home/mathiasr/generator-aware-row-scaling/results-revision/r1-internal-scaling/simple-gurobi-01pct/base-scaleflag1/logs/caso25e_base.log
caso25f.txt,base,OK,0,3.815996173,0.078838989017274,-141665050.5703718,-147530000.0,OPTIMAL,-141776737.8640323,105.0,15175.0,0.23,14400.0,10800.0,35590.0,10648.0,8683.0,28440.0,26.055555555555557,19.60185185185185,20.089912896881145,4,Model contains large bounds | Model contains large matrix coefficients | Model contains large rhs | max constraint violation (1.0285e-06) exceeds tolerance,0.002,2000000000.0,0.005,2000.0,5.0,5000000000.0,1.0,10000000000.0,,,,,,,,,0.0,3.815996173,1.0,1.0,1.0,0.0,0.0,0.0,,,0.0,,,,1273840099.985576,,,3.411849,,0.002043,2.662712,3.411849,1.0,0.111789385049518,,,,,,,,BASE,BASE,,,,,,4.55589397011348e-09,1.86264514923096e-09,1.3039680197835e-07,1.02852936834097e-06,1656198.01950514,1.26547654789285,26144908.6851518,849677596.928196,1.60744093591347e-08,0.0,1.02852936834097e-06,0.0,0.0,0.0,0.0,0.0,1.0,0.0,0.0,0.0,0.0,-141665050.570372,988.757926783172,0.0,849677596.928196,0.0,0.0,0.0,237.0,0.0,847.0,0.0,0.0,0.0,0.0,-147530389.41842,,,,,,BASE,0.0,0,/clusteruy/home/mathiasr/generator-aware-row-scaling/results-revision/r1-internal-scaling/simple-gurobi-01pct/base-scaleflag1/resultados/caso25f_base.csv,/clusteruy/home/mathiasr/generator-aware-row-scaling/results-revision/r1-internal-scaling/simple-gurobi-01pct/base-scaleflag1/resultados/caso25f_base_postprocesado.csv,/clusteruy/home/mathiasr/generator-aware-row-scaling/results-revision/r1-internal-scaling/simple-gurobi-01pct/base-scaleflag1/logs/caso25f_base.log
caso26a.txt,base,OK,0,1.577142001,4.070758674e-06,-351655982.1826283,-386523000.0,OPTIMAL,-351655996.4976947,1.0,6748.0,0.23,14400.0,10800.0,35590.0,10619.0,8516.0,28484.0,26.256944444444443,21.14814814814815,19.96628266366957,3,Model contains large bounds | Model contains large matrix coefficients | Model contains large rhs,0.002,2000000000.0,0.003,3000.0,5.0,5000000000.0,1.0,10000000000.0,,,,,,,,,0.0,1.577142001,1.0,1.0,1.0,0.0,0.0,0.0,,,0.0,,,,1463792132.990345,,,1.425676,,0.002835,1.258357,1.425676,1.0,0.25269648935717,,,,,,,,BASE,BASE,,,,,,1.42865159517837e-09,2.8421709430404e-14,5.21540641784668e-08,4.76837158203125e-07,5006836.4321994,22.2982242942028,130119143.959672,846932649.559841,3.63797880709171e-12,0.0,4.76837158203125e-07,0.0,0.0,0.0,0.0,0.0,0.0,0.0,0.0,0.0,0.0,-351655982.182628,825.667031722409,0.0,846932649.559841,0.0,0.0,0.0,390.0,0.0,876.0,0.0,0.0,0.0,0.0,-386523308.551097,,,,,,BASE,0.0,0,/clusteruy/home/mathiasr/generator-aware-row-scaling/results-revision/r1-internal-scaling/simple-gurobi-01pct/base-scaleflag1/resultados/caso26a_base.csv,/clusteruy/home/mathiasr/generator-aware-row-scaling/results-revision/r1-internal-scaling/simple-gurobi-01pct/base-scaleflag1/resultados/caso26a_base_postprocesado.csv,/clusteruy/home/mathiasr/generator-aware-row-scaling/results-revision/r1-internal-scaling/simple-gurobi-01pct/base-scaleflag1/logs/caso26a_base.log
caso26b.txt,base,OK,0,14.835822672,0.013413450097274,-360505375.3454591,-360364000.0,OPTIMAL,-360553731.55407906,979.0,230137.0,0.23,14400.0,10800.0,35590.0,10619.0,8516.0,28484.0,26.256944444444443,21.14814814814815,19.96628266366957,3,Model contains large bounds | Model contains large matrix coefficients | Model contains large rhs,0.002,2000000000.0,0.003,3000.0,5.0,5000000000.0,1.0,10000000000.0,,,,,,,,,0.0,14.835822672,1.0,1.0,1.0,0.0,0.0,0.0,,,0.0,,,,591207498.087214,,,15.961213,,0.004717,6.42426,15.961213,1.0,0.030708272333945,,,,,,,,BASE,BASE,,,,,,3.86538052556236e-09,5.82076609134674e-11,1.00582838058472e-07,9.5367431640625e-07,588925.449262814,2.04203620311742,25091483.0280383,178788269.074771,7.37543359718984e-12,0.0,9.5367431640625e-07,0.0,0.0,0.0,0.0,0.0,0.0,0.0,0.0,0.0,0.0,-360505375.345459,601.874295960035,0.0,178788269.074771,0.0,0.0,0.0,539.0,0.0,882.0,0.0,0.0,0.0,0.0,-360364042.023978,,,,,,BASE,0.0,0,/clusteruy/home/mathiasr/generator-aware-row-scaling/results-revision/r1-internal-scaling/simple-gurobi-01pct/base-scaleflag1/resultados/caso26b_base.csv,/clusteruy/home/mathiasr/generator-aware-row-scaling/results-revision/r1-internal-scaling/simple-gurobi-01pct/base-scaleflag1/resultados/caso26b_base_postprocesado.csv,/clusteruy/home/mathiasr/generator-aware-row-scaling/results-revision/r1-internal-scaling/simple-gurobi-01pct/base-scaleflag1/logs/caso26b_base.log
caso26c.txt,base,OK,0,5.112361208,0.000248260246924,-355266512.0779667,-354857000.0,OPTIMAL,-355267394.0634868,1.0,10226.0,0.23,14400.0,10800.0,35590.0,10619.0,8516.0,28484.0,26.256944444444443,21.14814814814815,19.96628266366957,3,Model contains large bounds | Model contains large matrix coefficients | Model contains large rhs,0.002,2000000000.0,0.005,3000.0,5.0,5000000000.0,1.0,10000000000.0,,,,,,,,,0.0,5.112361208,1.0,1.0,1.0,0.0,0.0,0.0,,,0.0,,,,147738.466631,,,3.634081,,0.00503,4.612966,3.634081,1.0,0.076856662163541,,,,,,,,BASE,BASE,,,,,,4.75768952852357e-09,5.82076609134674e-11,1.36913731694222e-07,8.88481736183167e-07,685933.664903616,1.99777566202887,32019009.2172901,178873123.906253,8.06886255588779e-08,0.0,8.88481736183167e-07,0.0,0.0,0.0,0.0,0.0,0.0,0.0,0.0,0.0,0.0,-355266512.077967,475.929265151033,0.0,178873123.906253,0.0,0.0,0.0,451.0,0.0,864.0,0.0,0.0,0.0,0.0,-354856574.977602,,,,,,BASE,0.0,0,/clusteruy/home/mathiasr/generator-aware-row-scaling/results-revision/r1-internal-scaling/simple-gurobi-01pct/base-scaleflag1/resultados/caso26c_base.csv,/clusteruy/home/mathiasr/generator-aware-row-scaling/results-revision/r1-internal-scaling/simple-gurobi-01pct/base-scaleflag1/resultados/caso26c_base_postprocesado.csv,/clusteruy/home/mathiasr/generator-aware-row-scaling/results-revision/r1-internal-scaling/simple-gurobi-01pct/base-scaleflag1/logs/caso26c_base.log
caso26d.txt,base,OK,0,2.326209778,0.010003338085154,-242463122.0022379,-245713000.0,OPTIMAL,-242487376.4080636,1.0,8228.0,0.24,14400.0,10800.0,35590.0,10719.0,8324.0,28621.0,25.5625,22.925925925925927,19.581343073897163,4,Model contains large bounds | Model contains large matrix coefficients | Model contains large rhs | max constraint violation (7.0836e-06) exceeds tolerance,0.002,2000000000.0,0.003,2000.0,5.0,5000000000.0,1.0,10000000000.0,,,,,,,,,0.0,2.326209778,1.0,1.0,1.0,0.0,0.0,0.0,,,0.0,,,,1381900955.252737,,,2.003599,,0.0048,1.832549,2.003599,1.0,0.182999459470703,,,,,,,,BASE,BASE,,,,,,2.37289001432314e-09,5.6843418860808e-14,5.49480319023132e-08,9.5367431640625e-07,2391806.19638841,6.6171688854831,85612922.6050885,825519880.213099,1.81898940354586e-12,0.0,7.08363950252533e-06,0.0,0.0,0.0,0.0,0.0,1.0,0.0,0.0,0.0,0.0,-242463122.002238,544.447305395464,0.0,825519880.213099,0.0,0.0,0.0,200.0,0.0,1019.0,0.0,0.0,0.0,0.0,-245712524.813269,,,,,,BASE,0.0,0,/clusteruy/home/mathiasr/generator-aware-row-scaling/results-revision/r1-internal-scaling/simple-gurobi-01pct/base-scaleflag1/resultados/caso26d_base.csv,/clusteruy/home/mathiasr/generator-aware-row-scaling/results-revision/r1-internal-scaling/simple-gurobi-01pct/base-scaleflag1/resultados/caso26d_base_postprocesado.csv,/clusteruy/home/mathiasr/generator-aware-row-scaling/results-revision/r1-internal-scaling/simple-gurobi-01pct/base-scaleflag1/logs/caso26d_base.log
caso26e.txt,base,OK,0,14.509483762,0.098259033905523,-251517345.59565645,-251001000.0,OPTIMAL,-251764484.10954356,2915.0,172710.0,0.24,14400.0,10800.0,35590.0,10719.0,8324.0,28621.0,25.5625,22.925925925925927,19.581343073897163,3,Model contains large bounds | Model contains large matrix coefficients | Model contains large rhs,0.002,2000000000.0,0.003,2000.0,5.0,5000000000.0,1.0,10000000000.0,,,,,,,,,0.0,14.509483762,1.0,1.0,1.0,0.0,0.0,0.0,,,0.0,,,,424825617.05325,,,14.038118,,0.003171,5.563049,14.038118,1.0,0.207565636748198,,,,,,,,BASE,BASE,,,,,,1.89917282723978e-09,9.09494701772928e-13,5.26226358488203e-08,9.5367431640625e-07,712751.482077114,4.60891658555798,36868696.0196003,59918548.3815617,6.93489710101858e-12,0.0,9.5367431640625e-07,0.0,0.0,0.0,0.0,0.0,0.0,0.0,0.0,0.0,0.0,-251517345.595656,940.521012851554,0.0,59918548.3815617,0.0,0.0,0.0,376.0,0.0,1012.0,0.0,0.0,0.0,0.0,-251001166.768027,,,,,,BASE,0.0,0,/clusteruy/home/mathiasr/generator-aware-row-scaling/results-revision/r1-internal-scaling/simple-gurobi-01pct/base-scaleflag1/resultados/caso26e_base.csv,/clusteruy/home/mathiasr/generator-aware-row-scaling/results-revision/r1-internal-scaling/simple-gurobi-01pct/base-scaleflag1/resultados/caso26e_base_postprocesado.csv,/clusteruy/home/mathiasr/generator-aware-row-scaling/results-revision/r1-internal-scaling/simple-gurobi-01pct/base-scaleflag1/logs/caso26e_base.log
caso26f.txt,base,OK,0,13.61709852,0.009082743384207,-246532562.79371575,-245515000.0,OPTIMAL,-246554954.7137528,1050.0,528687.0,0.24,14400.0,10800.0,35590.0,10719.0,8324.0,28621.0,25.5625,22.925925925925927,19.581343073897163,3,Model contains large bounds | Model contains large matrix coefficients | Model contains large rhs,0.002,2000000000.0,0.005,2000.0,5.0,5000000000.0,1.0,10000000000.0,,,,,,,,,0.0,13.61709852,1.0,1.0,1.0,0.0,0.0,0.0,,,0.0,,,,814079400.174089,,,14.113127,,0.004685,3.319384,14.113127,1.0,0.029645529863544,,,,,,,,BASE,BASE,,,,,,2.02993964237631e-09,9.09494701772928e-13,5.21680340170863e-08,8.37724655866623e-07,754493.039289836,2.47968039419246,38014244.6611196,61418730.6444192,2.9191937755968e-10,0.0,8.37724655866623e-07,0.0,0.0,0.0,0.0,0.0,0.0,0.0,0.0,0.0,0.0,-246532562.793716,302.415954603999,0.0,61418730.6444192,0.0,0.0,0.0,271.0,0.0,1017.0,0.0,0.0,0.0,0.0,-245515414.052315,,,,,,BASE,0.0,0,/clusteruy/home/mathiasr/generator-aware-row-scaling/results-revision/r1-internal-scaling/simple-gurobi-01pct/base-scaleflag1/resultados/caso26f_base.csv,/clusteruy/home/mathiasr/generator-aware-row-scaling/results-revision/r1-internal-scaling/simple-gurobi-01pct/base-scaleflag1/resultados/caso26f_base_postprocesado.csv,/clusteruy/home/mathiasr/generator-aware-row-scaling/results-revision/r1-internal-scaling/simple-gurobi-01pct/base-scaleflag1/logs/caso26f_base.log
caso27a.txt,base,OK,0,1.393228391,0.008278325035672,-169212540.10279554,-255469000.0,OPTIMAL,-169226548.06686637,1.0,5799.0,0.23,14400.0,10800.0,35590.0,10307.0,8797.0,27419.0,28.42361111111111,18.546296296296298,22.958696262995222,3,Model contains large bounds | Model contains large matrix coefficients | Model contains large rhs,0.002,2000000000.0,0.003,3000.0,5.0,5000000000.0,1.0,10000000000.0,,,,,,,,,0.0,1.393228391,1.0,1.0,1.0,0.0,0.0,0.0,,,0.0,,,,85002.979141,,,1.165809,,,,1.165809,1.0,0.324106825806274,,,,,,,,BASE,BASE,,,,,,2.9468842288383e-09,1.4210854715202e-14,8.75513069331647e-08,2.08616256713867e-07,7472595.13236057,19.6298665363227,356730461.876893,790236586.801938,4.54747350886464e-13,0.0,4.91738319396973e-07,0.0,0.0,0.0,0.0,0.0,0.0,0.0,0.0,0.0,0.0,-169212540.102796,1063.15712201018,0.0,790236586.801938,0.0,0.0,0.0,612.0,0.0,807.0,0.0,0.0,0.0,0.0,-255468947.379811,,,,,,BASE,0.0,0,/clusteruy/home/mathiasr/generator-aware-row-scaling/results-revision/r1-internal-scaling/simple-gurobi-01pct/base-scaleflag1/resultados/caso27a_base.csv,/clusteruy/home/mathiasr/generator-aware-row-scaling/results-revision/r1-internal-scaling/simple-gurobi-01pct/base-scaleflag1/resultados/caso27a_base_postprocesado.csv,/clusteruy/home/mathiasr/generator-aware-row-scaling/results-revision/r1-internal-scaling/simple-gurobi-01pct/base-scaleflag1/logs/caso27a_base.log
caso27b.txt,base,OK,0,1.53105663,0.010741790474583,-177670093.3407692,-177721000.0,OPTIMAL,-177689178.28993186,1.0,8690.0,0.23,14400.0,10800.0,35590.0,10307.0,8797.0,27419.0,28.42361111111111,18.546296296296298,22.958696262995222,3,Model contains large bounds | Model contains large matrix coefficients | Model contains large rhs,0.002,2000000000.0,0.003,3000.0,5.0,5000000000.0,1.0,10000000000.0,,,,,,,,,0.0,1.53105663,1.0,1.0,1.0,0.0,0.0,0.0,,,0.0,,,,146534.925717,,,1.471248,,,,1.471248,1.0,0.311864082886099,,,,,,,,BASE,BASE,,,,,,4.91741246163344e-09,1.86264514923096e-09,1.67080434039236e-07,2.34693288803101e-07,127433.280847481,1.08921955607754,4342774.23440269,18150428.9094369,3.63797880709171e-12,0.0,4.74858097732067e-07,0.0,0.0,0.0,0.0,0.0,0.0,0.0,0.0,0.0,0.0,-177670093.340769,1199.15184230832,0.0,18150428.9094369,0.0,0.0,0.0,946.0,0.0,835.0,0.0,0.0,0.0,0.0,-177721394.846413,,,,,,BASE,0.0,0,/clusteruy/home/mathiasr/generator-aware-row-scaling/results-revision/r1-internal-scaling/simple-gurobi-01pct/base-scaleflag1/resultados/caso27b_base.csv,/clusteruy/home/mathiasr/generator-aware-row-scaling/results-revision/r1-internal-scaling/simple-gurobi-01pct/base-scaleflag1/resultados/caso27b_base_postprocesado.csv,/clusteruy/home/mathiasr/generator-aware-row-scaling/results-revision/r1-internal-scaling/simple-gurobi-01pct/base-scaleflag1/logs/caso27b_base.log
caso27c.txt,base,OK,0,1.493807859,0.011923826012412,-172505861.75384095,-172250000.0,OPTIMAL,-172526431.0526577,1.0,7949.0,0.24,14400.0,10800.0,35590.0,10307.0,8797.0,27419.0,28.42361111111111,18.546296296296298,22.958696262995222,3,Model contains large bounds | Model contains large matrix coefficients | Model contains large rhs,0.002,2000000000.0,0.005,3000.0,5.0,5000000000.0,1.0,10000000000.0,,,,,,,,,0.0,1.493807859,1.0,1.0,1.0,0.0,0.0,0.0,,,0.0,,,,219504.616526,,,1.363772,,,,1.363772,1.0,0.313502589111475,,,,,,,,BASE,BASE,,,,,,6.04287955933517e-09,3.72529029846191e-09,1.82700750883669e-07,2.06753611564636e-07,214551.74494106,0.842803337918741,5682161.6363438,33373271.4436209,4.54747350886464e-13,0.0,8.73071257956326e-07,0.0,0.0,0.0,0.0,0.0,0.0,0.0,0.0,0.0,0.0,-172505861.753841,1063.15712201018,0.0,33373271.4436209,0.0,0.0,0.0,733.0,0.0,799.0,0.0,0.0,0.0,0.0,-172250236.674671,,,,,,BASE,0.0,0,/clusteruy/home/mathiasr/generator-aware-row-scaling/results-revision/r1-internal-scaling/simple-gurobi-01pct/base-scaleflag1/resultados/caso27c_base.csv,/clusteruy/home/mathiasr/generator-aware-row-scaling/results-revision/r1-internal-scaling/simple-gurobi-01pct/base-scaleflag1/resultados/caso27c_base_postprocesado.csv,/clusteruy/home/mathiasr/generator-aware-row-scaling/results-revision/r1-internal-scaling/simple-gurobi-01pct/base-scaleflag1/logs/caso27c_base.log
caso27d.txt,base,OK,0,39.850155951,0.068429611874889,-152147886.15644836,-187583000.0,OPTIMAL,-152252000.36442107,13861.0,742284.0,0.24,14400.0,10800.0,35590.0,10692.0,8693.0,28157.0,25.75,19.50925925925926,20.885080078673784,3,Model contains large bounds | Model contains large matrix coefficients | Model contains large rhs,0.002,2000000000.0,0.003,2000.0,5.0,5000000000.0,1.0,10000000000.0,,,,,,,,,0.0,39.850155951,1.0,1.0,1.0,0.0,0.0,0.0,,,0.0,,,,670545517.655842,,,41.437789,,0.044652,2.653686,41.437789,1.0,0.041209025530716,,,,,,,,BASE,BASE,,,,,,1.43434876695369e-09,1.4210854715202e-14,4.4711632654071e-08,4.04193997383118e-07,6616733.78457112,47.8185965499586,119463558.318757,821404355.985959,3.86535248253495e-11,0.0,4.04193997383118e-07,0.0,0.0,0.0,0.0,0.0,0.0,0.0,0.0,0.0,0.0,-152147886.156448,852.215411567755,0.0,821404355.985959,0.0,0.0,0.0,345.0,0.0,865.0,0.0,0.0,0.0,0.0,-187583384.835781,,,,,,BASE,0.0,0,/clusteruy/home/mathiasr/generator-aware-row-scaling/results-revision/r1-internal-scaling/simple-gurobi-01pct/base-scaleflag1/resultados/caso27d_base.csv,/clusteruy/home/mathiasr/generator-aware-row-scaling/results-revision/r1-internal-scaling/simple-gurobi-01pct/base-scaleflag1/resultados/caso27d_base_postprocesado.csv,/clusteruy/home/mathiasr/generator-aware-row-scaling/results-revision/r1-internal-scaling/simple-gurobi-01pct/base-scaleflag1/logs/caso27d_base.log
caso27e.txt,base,OK,0,72.126603886,0.02312917881885,-160059183.20563352,-160481000.0,OPTIMAL,-160096203.58033314,17420.0,1493675.0,0.24,14400.0,10800.0,35590.0,10692.0,8693.0,28157.0,25.75,19.50925925925926,20.885080078673784,5,Model contains large bounds | Model contains large matrix coefficients | Model contains large rhs | max bound violation (5.0921e-05) exceeds tolerance | max constraint violation (6.0585e-05) exceeds tolerance,0.002,2000000000.0,0.003,2000.0,5.0,5000000000.0,1.0,10000000000.0,,,,,,,,,0.0,72.126603886,1.0,1.0,1.0,0.0,0.0,0.0,,,0.0,,,,1424414090.58279,,,90.329132,,0.042368,3.141071,90.329132,1.0,0.024477196064774,,,,,,,,BASE,BASE,,,,,,4.60917801762575e-08,5.82076609134674e-11,1.99304195120931e-07,6.05853833093306e-05,175618.511846621,0.912576597402511,4318016.66557728,32413486.7361966,3.31931723067669e-05,0.0,6.05853833093306e-05,5.09214395611871e-05,0.0,0.0,5.0,0.0,18.0,9.0,0.0,0.0,0.0,-160059183.205634,857.393567250452,0.0,32413486.7361966,0.0,0.0,0.0,713.0,0.0,874.0,0.0,0.0,0.0,0.0,-160481152.654327,,,,,,BASE,0.0,0,/clusteruy/home/mathiasr/generator-aware-row-scaling/results-revision/r1-internal-scaling/simple-gurobi-01pct/base-scaleflag1/resultados/caso27e_base.csv,/clusteruy/home/mathiasr/generator-aware-row-scaling/results-revision/r1-internal-scaling/simple-gurobi-01pct/base-scaleflag1/resultados/caso27e_base_postprocesado.csv,/clusteruy/home/mathiasr/generator-aware-row-scaling/results-revision/r1-internal-scaling/simple-gurobi-01pct/base-scaleflag1/logs/caso27e_base.log
caso27f.txt,base,OK,0,42.581701898,0.057221607045551,-155032482.96654782,-154996000.0,OPTIMAL,-155121195.0447439,13765.0,625612.0,0.23,14400.0,10800.0,35590.0,10692.0,8693.0,28157.0,25.75,19.50925925925926,20.885080078673784,3,Model contains large bounds | Model contains large matrix coefficients | Model contains large rhs,0.002,2000000000.0,0.005,2000.0,5.0,5000000000.0,1.0,10000000000.0,,,,,,,,,0.0,42.581701898,1.0,1.0,1.0,0.0,0.0,0.0,,,0.0,,,,983512508.934993,,,47.387896,,0.043282,3.600068,47.387896,1.0,0.040842750656678,,,,,,,,BASE,BASE,,,,,,3.47691840647735e-09,2.81143002212022e-09,1.19209289550781e-07,1.84401869773865e-07,133084.322608233,1.09097445664509,3725512.52468746,29745587.8489132,7.57438556320267e-12,0.0,5.22704795002937e-07,0.0,0.0,0.0,0.0,0.0,0.0,0.0,0.0,0.0,0.0,-155032482.966548,856.575963721603,0.0,29745587.8489132,0.0,0.0,0.0,283.0,0.0,864.0,0.0,0.0,0.0,0.0,-154996391.0422,,,,,,BASE,0.0,0,/clusteruy/home/mathiasr/generator-aware-row-scaling/results-revision/r1-internal-scaling/simple-gurobi-01pct/base-scaleflag1/resultados/caso27f_base.csv,/clusteruy/home/mathiasr/generator-aware-row-scaling/results-revision/r1-internal-scaling/simple-gurobi-01pct/base-scaleflag1/resultados/caso27f_base_postprocesado.csv,/clusteruy/home/mathiasr/generator-aware-row-scaling/results-revision/r1-internal-scaling/simple-gurobi-01pct/base-scaleflag1/logs/caso27f_base.log
caso28a.txt,base,OK,0,1.267417317,0.000343985801887,-62653789.00368681,-127872000.0,OPTIMAL,-62654004.523825325,1.0,5512.0,0.25,14400.0,10800.0,35590.0,9777.0,8639.0,26797.0,32.104166666666664,20.00925925925926,24.706378196122508,4,Model contains large bounds | Model contains large matrix coefficients | Model contains large rhs | max constraint violation (1.1421e-06) exceeds tolerance,0.002,2000000000.0,0.003,3000.0,5.0,5000000000.0,1.0,10000000000.0,,,,,,,,,0.0,1.267417317,1.0,1.0,1.0,0.0,0.0,0.0,,,0.0,,,,561129122.272751,,,1.239611,,,,1.239611,1.0,0.394138368068678,,,,,,,,BASE,BASE,,,,,,4.54759967834556e-09,5.32907051820075e-15,1.33567227749154e-07,1.14206341095269e-06,6106995.9733678,1.61413266701732,21235853.7580416,774748493.100011,7.15255737304688e-07,0.0,1.14206341095269e-06,0.0,0.0,0.0,0.0,0.0,1.0,0.0,0.0,0.0,0.0,-62653789.0036868,195.011217447242,0.0,774748493.100011,0.0,0.0,0.0,662.0,0.0,686.0,0.0,0.0,0.0,0.0,-127871799.385822,,,,,,BASE,0.0,0,/clusteruy/home/mathiasr/generator-aware-row-scaling/results-revision/r1-internal-scaling/simple-gurobi-01pct/base-scaleflag1/resultados/caso28a_base.csv,/clusteruy/home/mathiasr/generator-aware-row-scaling/results-revision/r1-internal-scaling/simple-gurobi-01pct/base-scaleflag1/resultados/caso28a_base_postprocesado.csv,/clusteruy/home/mathiasr/generator-aware-row-scaling/results-revision/r1-internal-scaling/simple-gurobi-01pct/base-scaleflag1/logs/caso28a_base.log
caso28b.txt,base,OK,0,1.802562554,0.004726729689862,-71177737.18830079,-71551700.0,OPTIMAL,-71181101.56753704,1.0,7877.0,0.25,14400.0,10800.0,35590.0,9777.0,8639.0,26797.0,32.104166666666664,20.00925925925926,24.706378196122508,4,Model contains large bounds | Model contains large matrix coefficients | Model contains large rhs | max constraint violation (1.2496e-06) exceeds tolerance,0.002,2000000000.0,0.003,3000.0,5.0,5000000000.0,1.0,10000000000.0,,,,,,,,,0.0,1.802562554,1.0,1.0,1.0,0.0,0.0,0.0,,,0.0,,,,180934.617922,,,1.686026,,,,1.686026,1.0,0.811817356299087,,,,,,,,BASE,BASE,,,,,,7.29380627246388e-09,3.72529029846191e-09,2.68804869847373e-07,1.24960206449032e-06,116150.848809969,0.557469781999475,2148916.25095189,17334902.6849106,1.19775316543862e-07,0.0,1.24960206449032e-06,3.57581572356047e-09,0.0,0.0,0.0,0.0,1.0,0.0,0.0,0.0,0.0,-71177737.1883008,22.7772406483996,0.0,17334902.6849106,3.57581572356047e-09,0.0,0.0,997.0,0.0,727.0,0.0,0.0,0.0,0.0,-71551719.985865,,,,,,BASE,0.0,0,/clusteruy/home/mathiasr/generator-aware-row-scaling/results-revision/r1-internal-scaling/simple-gurobi-01pct/base-scaleflag1/resultados/caso28b_base.csv,/clusteruy/home/mathiasr/generator-aware-row-scaling/results-revision/r1-internal-scaling/simple-gurobi-01pct/base-scaleflag1/resultados/caso28b_base_postprocesado.csv,/clusteruy/home/mathiasr/generator-aware-row-scaling/results-revision/r1-internal-scaling/simple-gurobi-01pct/base-scaleflag1/logs/caso28b_base.log
caso28c.txt,base,OK,0,1.349463117,0.000438745449095,-66165262.43087469,-66500800.0,OPTIMAL,-66165552.72795249,1.0,5416.0,0.25,14400.0,10800.0,35590.0,9777.0,8639.0,26797.0,32.104166666666664,20.00925925925926,24.706378196122508,4,Model contains large bounds | Model contains large matrix coefficients | Model contains large rhs | max constraint violation (1.1738e-06) exceeds tolerance,0.002,2000000000.0,0.005,3000.0,5.0,5000000000.0,1.0,10000000000.0,,,,,,,,,0.0,1.349463117,1.0,1.0,1.0,0.0,0.0,0.0,,,0.0,,,,1181763407.151764,,,1.229343,,,,1.229343,1.0,0.450084876872795,,,,,,,,BASE,BASE,,,,,,7.23197351812419e-09,9.14733391255128e-09,2.66246788669378e-07,1.17380113806576e-06,128502.703279626,0.3008039225,2224617.6611119,50227460.6485397,7.15255737304688e-07,0.0,1.17380113806576e-06,9.92716301812066e-10,0.0,0.0,0.0,0.0,1.0,0.0,0.0,0.0,0.0,-66165262.4308747,40.5300899772992,0.0,50227460.6485397,9.92716301812066e-10,0.0,0.0,846.0,0.0,674.0,0.0,0.0,0.0,0.0,-66500824.6417413,,,,,,BASE,0.0,0,/clusteruy/home/mathiasr/generator-aware-row-scaling/results-revision/r1-internal-scaling/simple-gurobi-01pct/base-scaleflag1/resultados/caso28c_base.csv,/clusteruy/home/mathiasr/generator-aware-row-scaling/results-revision/r1-internal-scaling/simple-gurobi-01pct/base-scaleflag1/resultados/caso28c_base_postprocesado.csv,/clusteruy/home/mathiasr/generator-aware-row-scaling/results-revision/r1-internal-scaling/simple-gurobi-01pct/base-scaleflag1/logs/caso28c_base.log
caso28d.txt,base,OK,0,1.33629319,0.002637919931773,-81771740.48732784,-91025900.0,OPTIMAL,-81773897.56036872,1.0,5708.0,0.25,14400.0,10800.0,35590.0,10414.0,8639.0,28073.0,27.680555555555557,20.00925925925926,21.121101432986794,4,Model contains large bounds | Model contains large matrix coefficients | Model contains large rhs | max constraint violation (1.0020e-06) exceeds tolerance,0.002,2000000000.0,0.003,2000.0,5.0,5000000000.0,1.0,10000000000.0,,,,,,,,,0.0,1.33629319,1.0,1.0,1.0,0.0,0.0,0.0,,,0.0,,,,83413.100751,,,1.428367,,,,1.428367,1.0,0.336758261936693,,,,,,,,BASE,BASE,,,,,,5.9018476224053e-09,6.98491930961609e-09,1.9989674910903e-07,1.00198667496443e-06,2340586.73722184,0.370941118499654,16956829.1570688,747979183.925434,5.38591393706156e-12,0.0,1.00198667496443e-06,0.0,0.0,0.0,0.0,0.0,1.0,0.0,0.0,0.0,0.0,-81771740.4873278,137.358916953895,0.0,747979183.925434,0.0,0.0,0.0,478.0,0.0,731.0,0.0,0.0,0.0,0.0,-91025944.1700156,,,,,,BASE,0.0,0,/clusteruy/home/mathiasr/generator-aware-row-scaling/results-revision/r1-internal-scaling/simple-gurobi-01pct/base-scaleflag1/resultados/caso28d_base.csv,/clusteruy/home/mathiasr/generator-aware-row-scaling/results-revision/r1-internal-scaling/simple-gurobi-01pct/base-scaleflag1/resultados/caso28d_base_postprocesado.csv,/clusteruy/home/mathiasr/generator-aware-row-scaling/results-revision/r1-internal-scaling/simple-gurobi-01pct/base-scaleflag1/logs/caso28d_base.log
caso28e.txt,base,OK,0,61.40868472,0.056298543276448,-89462454.28577797,-89389400.0,OPTIMAL,-89512820.34432022,8475.0,266867.0,0.25,14400.0,10800.0,35590.0,10414.0,8639.0,28073.0,27.680555555555557,20.00925925925926,21.121101432986794,4,Model contains large bounds | Model contains large matrix coefficients | Model contains large rhs | max constraint violation (9.4447e-05) exceeds tolerance,0.002,2000000000.0,0.003,2000.0,5.0,5000000000.0,1.0,10000000000.0,,,,,,,,,0.0,61.40868472,1.0,1.0,1.0,0.0,0.0,0.0,,,0.0,,,,883570790.348089,,,70.134095,,,4.166871,70.134095,1.0,0.959424559053006,,,,,,,,BASE,BASE,,,,,,1.92425226230239e-08,1.11758708953857e-08,2.82891560345888e-07,9.44471175803596e-05,314851.05182185,0.441153147772288,13070485.8566261,111048442.903204,3.4093371509013e-07,0.0,9.44471175803596e-05,0.0,0.0,0.0,0.0,0.0,4.0,0.0,0.0,0.0,0.0,-89462454.285778,253.564281923735,0.0,111048442.903204,0.0,0.0,0.0,541.0,0.0,759.0,0.0,0.0,0.0,0.0,-89389370.9662343,,,,,,BASE,0.0,0,/clusteruy/home/mathiasr/generator-aware-row-scaling/results-revision/r1-internal-scaling/simple-gurobi-01pct/base-scaleflag1/resultados/caso28e_base.csv,/clusteruy/home/mathiasr/generator-aware-row-scaling/results-revision/r1-internal-scaling/simple-gurobi-01pct/base-scaleflag1/resultados/caso28e_base_postprocesado.csv,/clusteruy/home/mathiasr/generator-aware-row-scaling/results-revision/r1-internal-scaling/simple-gurobi-01pct/base-scaleflag1/logs/caso28e_base.log
caso28f.txt,base,OK,0,1.344550414,0.003811560958317,-85249437.2007826,-84642800.0,OPTIMAL,-85252686.53504813,1.0,5957.0,0.25,14400.0,10800.0,35590.0,10414.0,8639.0,28073.0,27.680555555555557,20.00925925925926,21.121101432986794,4,Model contains large bounds | Model contains large matrix coefficients | Model contains large rhs | max constraint violation (1.0020e-06) exceeds tolerance,0.002,2000000000.0,0.005,2000.0,5.0,5000000000.0,1.0,10000000000.0,,,,,,,,,0.0,1.344550414,1.0,1.0,1.0,0.0,0.0,0.0,,,0.0,,,,130298.816624,,,1.388993,,,,1.388993,1.0,0.37682712803399,,,,,,,,BASE,BASE,,,,,,7.81724148557715e-09,2.23517417907715e-08,2.7218833565712e-07,1.00198667496443e-06,344025.781754213,0.210514265977445,10402273.7096021,68850190.4094858,1.4210854715202e-14,0.0,1.00198667496443e-06,0.0,0.0,0.0,0.0,0.0,1.0,0.0,0.0,0.0,0.0,-85249437.2007826,31.4861856021884,0.0,68850190.4094858,0.0,0.0,0.0,433.0,0.0,728.0,0.0,0.0,0.0,0.0,-84642816.5462754,,,,,,BASE,0.0,0,/clusteruy/home/mathiasr/generator-aware-row-scaling/results-revision/r1-internal-scaling/simple-gurobi-01pct/base-scaleflag1/resultados/caso28f_base.csv,/clusteruy/home/mathiasr/generator-aware-row-scaling/results-revision/r1-internal-scaling/simple-gurobi-01pct/base-scaleflag1/resultados/caso28f_base_postprocesado.csv,/clusteruy/home/mathiasr/generator-aware-row-scaling/results-revision/r1-internal-scaling/simple-gurobi-01pct/base-scaleflag1/logs/caso28f_base.log
caso29a.txt,base,OK,0,2.757201127,0.002128354032383,-264153931.33664116,-261122000.0,OPTIMAL,-264159553.46749046,1.0,10672.0,0.25,14400.0,10800.0,35590.0,10592.0,8571.0,28581.0,26.444444444444443,20.63888888888889,19.693734194998594,3,Model contains large bounds | Model contains large matrix coefficients | Model contains large rhs,0.002,2000000000.0,0.003,3000.0,5.0,5000000000.0,1.0,10000000000.0,,,,,,,,,0.0,2.757201127,1.0,1.0,1.0,0.0,0.0,0.0,,,0.0,,,,156706.769555,,,2.297397,,,,2.297397,1.0,0.881657404604262,,,,,,,,BASE,BASE,,,,,,4.11848836684321e-09,1.59626267759448e-10,1.11766275949776e-07,9.93721187114716e-07,728734.924219244,1.22984798242894,34169463.1996963,101324133.237726,7.01305680195219e-12,0.0,9.93721187114716e-07,0.0,0.0,0.0,0.0,0.0,0.0,0.0,0.0,0.0,0.0,-264153931.336641,1527.18602347261,0.0,101324133.237726,0.0,0.0,0.0,510.0,0.0,879.0,0.0,0.0,0.0,0.0,-261122425.32598,,,,,,BASE,0.0,0,/clusteruy/home/mathiasr/generator-aware-row-scaling/results-revision/r1-internal-scaling/simple-gurobi-01pct/base-scaleflag1/resultados/caso29a_base.csv,/clusteruy/home/mathiasr/generator-aware-row-scaling/results-revision/r1-internal-scaling/simple-gurobi-01pct/base-scaleflag1/resultados/caso29a_base_postprocesado.csv,/clusteruy/home/mathiasr/generator-aware-row-scaling/results-revision/r1-internal-scaling/simple-gurobi-01pct/base-scaleflag1/logs/caso29a_base.log
caso29b.txt,base,OK,0,2.805772867,0.004948162824288,-270657489.4275329,-268382000.0,OPTIMAL,-270670882.0008059,1.0,9175.0,0.25,14400.0,10800.0,35590.0,10592.0,8571.0,28581.0,26.444444444444443,20.63888888888889,19.693734194998594,4,Model contains large bounds | Model contains large matrix coefficients | Model contains large rhs | max constraint violation (1.0147e-06) exceeds tolerance,0.002,2000000000.0,0.003,3000.0,5.0,5000000000.0,1.0,10000000000.0,,,,,,,,,0.0,2.805772867,1.0,1.0,1.0,0.0,0.0,0.0,,,0.0,,,,224167.070622,,,2.252069,,,,2.252069,1.0,0.880636119502293,,,,,,,,BASE,BASE,,,,,,4.73768409274286e-09,1.39698386192322e-09,1.32257118821144e-07,1.01467594504356e-06,481216.332026808,1.03962321675611,22226244.1298277,54903126.1705855,5.00923726025856e-08,0.0,1.01467594504356e-06,1.39008262141401e-09,0.0,0.0,0.0,0.0,1.0,0.0,0.0,0.0,0.0,-270657489.427533,1730.42644754967,0.0,54903126.1705855,1.39008262141401e-09,0.0,0.0,528.0,0.0,909.0,0.0,0.0,0.0,0.0,-268381552.833854,,,,,,BASE,0.0,0,/clusteruy/home/mathiasr/generator-aware-row-scaling/results-revision/r1-internal-scaling/simple-gurobi-01pct/base-scaleflag1/resultados/caso29b_base.csv,/clusteruy/home/mathiasr/generator-aware-row-scaling/results-revision/r1-internal-scaling/simple-gurobi-01pct/base-scaleflag1/resultados/caso29b_base_postprocesado.csv,/clusteruy/home/mathiasr/generator-aware-row-scaling/results-revision/r1-internal-scaling/simple-gurobi-01pct/base-scaleflag1/logs/caso29b_base.log
caso29c.txt,base,OK,0,2.824104504,0.003093437019841,-267280521.2211794,-264354000.0,OPTIMAL,-267288789.37576967,1.0,10643.0,0.25,14400.0,10800.0,35590.0,10592.0,8571.0,28581.0,26.444444444444443,20.63888888888889,19.693734194998594,4,Model contains large bounds | Model contains large matrix coefficients | Model contains large rhs | max constraint violation (1.6261e-06) exceeds tolerance,0.002,2000000000.0,0.005,3000.0,5.0,5000000000.0,1.0,10000000000.0,,,,,,,,,0.0,2.824104504,1.0,1.0,1.0,0.0,0.0,0.0,,,0.0,,,,156178.277798,,,2.293532,,,,2.293532,1.0,0.882221373496884,,,,,,,,BASE,BASE,,,,,,4.35998111818956e-09,1.26742349948471e-10,1.19209289550781e-07,9.93721187114716e-07,745133.02292158,1.2539573676038,33957541.7987347,312377164.474218,9.03099817151087e-12,0.0,1.62608921527863e-06,0.0,0.0,0.0,0.0,0.0,1.0,0.0,0.0,0.0,0.0,-267280521.221179,1527.18602347262,0.0,312377164.474218,0.0,0.0,0.0,516.0,0.0,880.0,0.0,0.0,0.0,0.0,-264354272.561381,,,,,,BASE,0.0,0,/clusteruy/home/mathiasr/generator-aware-row-scaling/results-revision/r1-internal-scaling/simple-gurobi-01pct/base-scaleflag1/resultados/caso29c_base.csv,/clusteruy/home/mathiasr/generator-aware-row-scaling/results-revision/r1-internal-scaling/simple-gurobi-01pct/base-scaleflag1/resultados/caso29c_base_postprocesado.csv,/clusteruy/home/mathiasr/generator-aware-row-scaling/results-revision/r1-internal-scaling/simple-gurobi-01pct/base-scaleflag1/logs/caso29c_base.log
caso29d.txt,base,OK,0,6.46506909,0.044597505056893,-222663603.99633062,-222042000.0,OPTIMAL,-222762906.40838274,1498.0,57097.0,0.25,14400.0,10800.0,35590.0,10724.0,8463.0,28812.0,25.52777777777778,21.63888888888889,19.04467547063782,3,Model contains large bounds | Model contains large matrix coefficients | Model contains large rhs,0.002,2000000000.0,0.003,2000.0,5.0,5000000000.0,1.0,10000000000.0,,,,,,,,,0.0,6.46506909,1.0,1.0,1.0,0.0,0.0,0.0,,,0.0,,,,975061403.005468,,,5.687854,,0.001287,4.626835,5.687854,1.0,0.067173199398414,,,,,,,,BASE,BASE,,,,,,2.43039404563483e-09,9.09494701772928e-13,7.82310962677002e-08,7.35744833946228e-07,1610959.78431853,3.56737918467753,51743302.2687557,640016384.293187,4.76837158203125e-07,0.0,7.35744833946228e-07,0.0,0.0,0.0,0.0,0.0,0.0,0.0,0.0,0.0,0.0,-222663603.996331,239.996670984605,0.0,640016384.293187,0.0,0.0,0.0,94.0,0.0,1017.0,0.0,0.0,0.0,0.0,-222041631.97908,,,,,,BASE,0.0,0,/clusteruy/home/mathiasr/generator-aware-row-scaling/results-revision/r1-internal-scaling/simple-gurobi-01pct/base-scaleflag1/resultados/caso29d_base.csv,/clusteruy/home/mathiasr/generator-aware-row-scaling/results-revision/r1-internal-scaling/simple-gurobi-01pct/base-scaleflag1/resultados/caso29d_base_postprocesado.csv,/clusteruy/home/mathiasr/generator-aware-row-scaling/results-revision/r1-internal-scaling/simple-gurobi-01pct/base-scaleflag1/logs/caso29d_base.log
caso29e.txt,base,OK,0,41.077672962,0.063070279180613,-228326229.33645618,-227602000.0,OPTIMAL,-228470235.32674125,5558.0,372928.0,0.25,14400.0,10800.0,35590.0,10724.0,8463.0,28812.0,25.52777777777778,21.63888888888889,19.04467547063782,3,Model contains large bounds | Model contains large matrix coefficients | Model contains large rhs,0.002,2000000000.0,0.003,2000.0,5.0,5000000000.0,1.0,10000000000.0,,,,,,,,,0.0,41.077672962,1.0,1.0,1.0,0.0,0.0,0.0,,,0.0,,,,902493013.307882,,,45.056449,,0.001995,5.59318,45.056449,1.0,0.013754520389447,,,,,,,,BASE,BASE,,,,,,3.36253060079247e-09,1.06643027741865e-12,1.00582838058472e-07,5.92321157455444e-07,673294.839380022,2.39837409932903,27453004.4798574,292201856.504632,9.5367431640625e-07,0.0,9.5367431640625e-07,0.0,0.0,0.0,0.0,0.0,0.0,0.0,0.0,0.0,0.0,-228326229.336456,935.482519333389,0.0,292201856.504632,0.0,0.0,0.0,285.0,0.0,1025.0,0.0,0.0,0.0,0.0,-227602151.987046,,,,,,BASE,0.0,0,/clusteruy/home/mathiasr/generator-aware-row-scaling/results-revision/r1-internal-scaling/simple-gurobi-01pct/base-scaleflag1/resultados/caso29e_base.csv,/clusteruy/home/mathiasr/generator-aware-row-scaling/results-revision/r1-internal-scaling/simple-gurobi-01pct/base-scaleflag1/resultados/caso29e_base_postprocesado.csv,/clusteruy/home/mathiasr/generator-aware-row-scaling/results-revision/r1-internal-scaling/simple-gurobi-01pct/base-scaleflag1/logs/caso29e_base.log
caso29f.txt,base,OK,0,7.667450314,0.005360401853546,-225196421.81510413,-224007000.0,OPTIMAL,-225208493.24827322,2310.0,78650.0,0.25,14400.0,10800.0,35590.0,10724.0,8463.0,28812.0,25.52777777777778,21.63888888888889,19.04467547063782,3,Model contains large bounds | Model contains large matrix coefficients | Model contains large rhs,0.002,2000000000.0,0.005,2000.0,5.0,5000000000.0,1.0,10000000000.0,,,,,,,,,0.0,7.667450314,1.0,1.0,1.0,0.0,0.0,0.0,,,0.0,,,,935411934.126069,,,6.747233,,0.002536,4.247001,6.747233,1.0,0.062358779510695,,,,,,,,BASE,BASE,,,,,,2.38248868899044e-09,6.60527188500736e-12,8.00937414169312e-08,3.49478796124458e-07,969440.111974833,2.85417231250629,42312700.2932521,449034077.422323,1.65800884133205e-09,0.0,3.49478796124458e-07,0.0,0.0,0.0,0.0,0.0,0.0,0.0,0.0,0.0,0.0,-225196421.815104,1131.15548081183,0.0,449034077.422323,0.0,0.0,0.0,155.0,0.0,1018.0,0.0,0.0,0.0,0.0,-224007424.804816,,,,,,BASE,0.0,0,/clusteruy/home/mathiasr/generator-aware-row-scaling/results-revision/r1-internal-scaling/simple-gurobi-01pct/base-scaleflag1/resultados/caso29f_base.csv,/clusteruy/home/mathiasr/generator-aware-row-scaling/results-revision/r1-internal-scaling/simple-gurobi-01pct/base-scaleflag1/resultados/caso29f_base_postprocesado.csv,/clusteruy/home/mathiasr/generator-aware-row-scaling/results-revision/r1-internal-scaling/simple-gurobi-01pct/base-scaleflag1/logs/caso29f_base.log
caso30a.txt,base,OK,0,96.582063218,0.001180318684538,-222109749.38169786,-220677000.0,OPTIMAL,-222112370.98457,12695.0,811873.0,0.25,14400.0,10800.0,35590.0,10645.0,8790.0,28095.0,26.07638888888889,18.61111111111111,21.059286316381005,5,Model contains large bounds | Model contains large matrix coefficients | Model contains large rhs | max bound violation (2.3643e-04) exceeds tolerance | max constraint violation (2.3643e-04) exceeds tolerance,0.002,2000000000.0,0.003,3000.0,5.0,4000000000.0,1.0,10000000000.0,,,,,,,,,0.0,96.582063218,1.0,1.0,1.0,0.0,0.0,0.0,,,0.0,,,,85885.102188,,,125.400327,,,3.982902,125.400327,1.0,0.954226309139844,,,,,,,,BASE,BASE,,,,,,8.54604268261726e-08,8.41717667787729e-12,1.11763438326307e-07,0.000236427439533878,565104.086030993,1.26153763922721,24346967.3196539,140060643.438993,0.000145125747527869,0.0,0.000236427439533878,0.000236427439533878,0.0,0.0,3.0,0.0,8.0,4.0,0.0,0.0,0.0,-222109749.381698,481.547793731101,0.0,140060643.438993,0.0,0.0,0.0,634.0,0.0,875.0,0.0,0.0,0.0,0.0,-220676968.520513,,,,,,BASE,0.0,0,/clusteruy/home/mathiasr/generator-aware-row-scaling/results-revision/r1-internal-scaling/simple-gurobi-01pct/base-scaleflag1/resultados/caso30a_base.csv,/clusteruy/home/mathiasr/generator-aware-row-scaling/results-revision/r1-internal-scaling/simple-gurobi-01pct/base-scaleflag1/resultados/caso30a_base_postprocesado.csv,/clusteruy/home/mathiasr/generator-aware-row-scaling/results-revision/r1-internal-scaling/simple-gurobi-01pct/base-scaleflag1/logs/caso30a_base.log
caso30b.txt,base,OK,0,63.242149804,0.025179608231939,-227794599.4048816,-226204000.0,OPTIMAL,-227851957.19258526,6386.0,414551.0,0.25,14400.0,10800.0,35590.0,10645.0,8790.0,28095.0,26.07638888888889,18.61111111111111,21.059286316381005,5,Model contains large bounds | Model contains large matrix coefficients | Model contains large rhs | max bound violation (7.7579e-05) exceeds tolerance | max constraint violation (2.4045e-04) exceeds tolerance,0.002,2000000000.0,0.003,3000.0,5.0,4000000000.0,1.0,10000000000.0,,,,,,,,,0.0,63.242149804,1.0,1.0,1.0,0.0,0.0,0.0,,,0.0,,,,702537763.24309,,,70.936094,,,4.297502,70.936094,1.0,0.934168051381438,,,,,,,,BASE,BASE,,,,,,6.1413619756926e-08,2.08872537321689e-11,1.14096546894871e-07,0.000240454223405184,439128.29934211,0.854077130213384,20482740.357473,172218077.479276,9.06843880699171e-05,0.0,0.000240454223405184,7.75786387745406e-05,0.0,0.0,2.0,0.0,8.0,1.0,0.0,0.0,0.0,-227794599.404882,483.739968816371,0.0,172218077.479276,0.0,0.0,0.0,647.0,0.0,917.0,0.0,0.0,0.0,0.0,-226203838.898113,,,,,,BASE,0.0,0,/clusteruy/home/mathiasr/generator-aware-row-scaling/results-revision/r1-internal-scaling/simple-gurobi-01pct/base-scaleflag1/resultados/caso30b_base.csv,/clusteruy/home/mathiasr/generator-aware-row-scaling/results-revision/r1-internal-scaling/simple-gurobi-01pct/base-scaleflag1/resultados/caso30b_base_postprocesado.csv,/clusteruy/home/mathiasr/generator-aware-row-scaling/results-revision/r1-internal-scaling/simple-gurobi-01pct/base-scaleflag1/logs/caso30b_base.log
caso30c.txt,base,OK,0,60.918362237,0.002390881997251,-224883151.92391214,-223857000.0,OPTIMAL,-224888528.61470634,5616.0,329528.0,0.25,14400.0,10800.0,35590.0,10645.0,8790.0,28095.0,26.07638888888889,18.61111111111111,21.059286316381005,3,Model contains large bounds | Model contains large matrix coefficients | Model contains large rhs,0.002,2000000000.0,0.005,3000.0,5.0,4000000000.0,1.0,10000000000.0,,,,,,,,,0.0,60.918362237,1.0,1.0,1.0,0.0,0.0,0.0,,,0.0,,,,119411.718246,,,72.966934,,,3.666841,72.966934,1.0,0.995695425883166,,,,,,,,BASE,BASE,,,,,,3.97264382804565e-09,5.82841219731722e-11,1.14331487566233e-07,2.5164155914581e-07,672295.894309046,1.04742185073865,24338858.7837203,332287243.140134,5.18154195106035e-08,0.0,6.76605850458145e-07,2.49134723724692e-07,0.0,0.0,0.0,0.0,0.0,0.0,0.0,0.0,0.0,-224883151.923912,260.868835147197,0.0,332287243.140134,0.0,0.0,0.0,568.0,0.0,881.0,0.0,0.0,0.0,0.0,-223856804.443918,,,,,,BASE,0.0,0,/clusteruy/home/mathiasr/generator-aware-row-scaling/results-revision/r1-internal-scaling/simple-gurobi-01pct/base-scaleflag1/resultados/caso30c_base.csv,/clusteruy/home/mathiasr/generator-aware-row-scaling/results-revision/r1-internal-scaling/simple-gurobi-01pct/base-scaleflag1/resultados/caso30c_base_postprocesado.csv,/clusteruy/home/mathiasr/generator-aware-row-scaling/results-revision/r1-internal-scaling/simple-gurobi-01pct/base-scaleflag1/logs/caso30c_base.log
caso30d.txt,base,OK,0,85.460834808,0.003575205394304,-197121436.8709945,-196167000.0,OPTIMAL,-197128484.36723885,13070.0,2072473.0,0.26,14400.0,10800.0,35590.0,10872.0,8705.0,28527.0,24.5,19.39814814814815,19.84546220848553,3,Model contains large bounds | Model contains large matrix coefficients | Model contains large rhs,0.002,2000000000.0,0.003,2000.0,5.0,4000000000.0,1.0,10000000000.0,,,,,,,,,0.0,85.460834808,1.0,1.0,1.0,0.0,0.0,0.0,,,0.0,,,,1355075631.664507,,,106.177716,,0.031554,3.045511,106.177716,1.0,0.029371715818516,,,,,,,,BASE,BASE,,,,,,2.47010877236248e-09,2.30215846386231e-13,8.19563865661621e-08,2.42143869400024e-07,802816.130080637,3.30399919303721,36525378.1247452,618696783.050173,2.29647412197664e-11,0.0,3.56172677129507e-07,0.0,0.0,0.0,0.0,0.0,0.0,0.0,0.0,0.0,0.0,-197121436.870994,921.444260842058,0.0,618696783.050173,0.0,0.0,0.0,182.0,0.0,973.0,0.0,0.0,0.0,0.0,-196167494.363156,,,,,,BASE,0.0,0,/clusteruy/home/mathiasr/generator-aware-row-scaling/results-revision/r1-internal-scaling/simple-gurobi-01pct/base-scaleflag1/resultados/caso30d_base.csv,/clusteruy/home/mathiasr/generator-aware-row-scaling/results-revision/r1-internal-scaling/simple-gurobi-01pct/base-scaleflag1/resultados/caso30d_base_postprocesado.csv,/clusteruy/home/mathiasr/generator-aware-row-scaling/results-revision/r1-internal-scaling/simple-gurobi-01pct/base-scaleflag1/logs/caso30d_base.log
caso30e.txt,base,OK,0,6.054790798,0.09974767033186,-202107744.60113508,-202297000.0,OPTIMAL,-202309342.36793497,5.0,12325.0,0.25,14400.0,10800.0,35590.0,10872.0,8705.0,28527.0,24.5,19.39814814814815,19.84546220848553,3,Model contains large bounds | Model contains large matrix coefficients | Model contains large rhs,0.002,2000000000.0,0.003,2000.0,5.0,4000000000.0,1.0,10000000000.0,,,,,,,,,0.0,6.054790798,1.0,1.0,1.0,0.0,0.0,0.0,,,0.0,,,,533560715.769841,,,5.424151,,0.001108,5.619983,5.424151,1.0,0.671114551169908,,,,,,,,BASE,BASE,,,,,,2.68830209326889e-09,7.27595761418343e-12,8.94069671630859e-08,2.10478901863098e-07,127398.072711777,1.72674439499339,4993408.77640978,19358457.9446189,4.5517367652792e-11,0.0,3.93250957131386e-07,0.0,0.0,0.0,0.0,0.0,0.0,0.0,0.0,0.0,0.0,-202107744.601135,1208.6191970125,0.0,19358457.9446189,0.0,0.0,0.0,915.0,0.0,990.0,0.0,0.0,0.0,0.0,-202296846.784511,,,,,,BASE,0.0,0,/clusteruy/home/mathiasr/generator-aware-row-scaling/results-revision/r1-internal-scaling/simple-gurobi-01pct/base-scaleflag1/resultados/caso30e_base.csv,/clusteruy/home/mathiasr/generator-aware-row-scaling/results-revision/r1-internal-scaling/simple-gurobi-01pct/base-scaleflag1/resultados/caso30e_base_postprocesado.csv,/clusteruy/home/mathiasr/generator-aware-row-scaling/results-revision/r1-internal-scaling/simple-gurobi-01pct/base-scaleflag1/logs/caso30e_base.log
caso30f.txt,base,OK,0,54.779463752,0.002481843645158,-199254910.1357182,-197810000.0,OPTIMAL,-199259855.33104306,16768.0,884509.0,0.25,14400.0,10800.0,35590.0,10872.0,8705.0,28527.0,24.5,19.39814814814815,19.84546220848553,3,Model contains large bounds | Model contains large matrix coefficients | Model contains large rhs,0.002,2000000000.0,0.005,2000.0,5.0,4000000000.0,1.0,10000000000.0,,,,,,,,,0.0,54.779463752,1.0,1.0,1.0,0.0,0.0,0.0,,,0.0,,,,1394641281.296534,,,63.724075,,0.030726,3.183429,63.724075,1.0,0.031544060378391,,,,,,,,BASE,BASE,,,,,,2.65674897511278e-09,2.8421709430404e-13,8.5681676864624e-08,2.04890966415405e-07,751440.867030698,3.19403886092738,36507728.345157,67468553.9865971,3.41628947353456e-11,0.0,4.76837158203125e-07,0.0,0.0,0.0,0.0,0.0,0.0,0.0,0.0,0.0,0.0,-199254910.135718,921.444260842058,0.0,67468553.9865971,0.0,0.0,0.0,180.0,0.0,975.0,0.0,0.0,0.0,0.0,-197810389.892271,,,,,,BASE,0.0,0,/clusteruy/home/mathiasr/generator-aware-row-scaling/results-revision/r1-internal-scaling/simple-gurobi-01pct/base-scaleflag1/resultados/caso30f_base.csv,/clusteruy/home/mathiasr/generator-aware-row-scaling/results-revision/r1-internal-scaling/simple-gurobi-01pct/base-scaleflag1/resultados/caso30f_base_postprocesado.csv,/clusteruy/home/mathiasr/generator-aware-row-scaling/results-revision/r1-internal-scaling/simple-gurobi-01pct/base-scaleflag1/logs/caso30f_base.log
caso31a.txt,base,OK,0,1.108683127,0.00024674334557,-52453301.85961971,-97313400.0,OPTIMAL,-52453431.28465158,1.0,5455.0,0.25,14400.0,10800.0,35590.0,9783.0,8737.0,26455.0,32.0625,19.10185185185185,25.667322281539757,4,Model contains large bounds | Model contains large matrix coefficients | Model contains large rhs | max constraint violation (1.1921e-06) exceeds tolerance,0.002,2000000000.0,0.003,3000.0,5.0,4000000000.0,1.0,10000000000.0,,,,,,,,,0.0,1.108683127,1.0,1.0,1.0,0.0,0.0,0.0,,,0.0,,,,63174.671879,,,1.207383,,,,1.207383,1.0,0.409468682187682,,,,,,,,BASE,BASE,,,,,,3.0239604411236e-09,8.88178419700125e-15,1.12225534394383e-07,5.85801899433136e-07,4092381.22064148,1.54675449248264,15702066.072221,741623173.220902,2.97291080642026e-11,0.0,1.27413659356534e-06,0.0,0.0,0.0,0.0,0.0,1.0,0.0,0.0,0.0,0.0,-52453301.8596197,186.549970125242,0.0,741623173.220902,0.0,0.0,0.0,817.0,0.0,660.0,0.0,0.0,0.0,0.0,-97313377.3800321,,,,,,BASE,0.0,0,/clusteruy/home/mathiasr/generator-aware-row-scaling/results-revision/r1-internal-scaling/simple-gurobi-01pct/base-scaleflag1/resultados/caso31a_base.csv,/clusteruy/home/mathiasr/generator-aware-row-scaling/results-revision/r1-internal-scaling/simple-gurobi-01pct/base-scaleflag1/resultados/caso31a_base_postprocesado.csv,/clusteruy/home/mathiasr/generator-aware-row-scaling/results-revision/r1-internal-scaling/simple-gurobi-01pct/base-scaleflag1/logs/caso31a_base.log
caso31b.txt,base,OK,0,2.328677511,0.014225299387903,-58788747.2022315,-59380900.0,OPTIMAL,-58797110.07752741,1.0,8344.0,0.25,14400.0,10800.0,35590.0,9783.0,8737.0,26455.0,32.0625,19.10185185185185,25.667322281539757,3,Model contains large bounds | Model contains large matrix coefficients | Model contains large rhs,0.002,2000000000.0,0.003,3000.0,5.0,4000000000.0,1.0,10000000000.0,,,,,,,,,0.0,2.328677511,1.0,1.0,1.0,0.0,0.0,0.0,,,0.0,,,,2870163719.314314,,,2.165551,,,,2.165551,1.0,0.831258971876137,,,,,,,,BASE,BASE,,,,,,3.59730999966599e-09,1.86264514923096e-09,1.26543454825878e-07,5.94533048570156e-07,163473.233559681,0.784246011227791,2938691.67663501,127509739.396684,2.38418579101562e-07,0.0,5.94533048570156e-07,0.0,0.0,0.0,0.0,0.0,0.0,0.0,0.0,0.0,0.0,-58788747.2022315,14.0172811087072,0.0,127509739.396684,0.0,0.0,0.0,1063.0,0.0,720.0,0.0,0.0,0.0,0.0,-59380895.6428305,,,,,,BASE,0.0,0,/clusteruy/home/mathiasr/generator-aware-row-scaling/results-revision/r1-internal-scaling/simple-gurobi-01pct/base-scaleflag1/resultados/caso31b_base.csv,/clusteruy/home/mathiasr/generator-aware-row-scaling/results-revision/r1-internal-scaling/simple-gurobi-01pct/base-scaleflag1/resultados/caso31b_base_postprocesado.csv,/clusteruy/home/mathiasr/generator-aware-row-scaling/results-revision/r1-internal-scaling/simple-gurobi-01pct/base-scaleflag1/logs/caso31b_base.log
caso31c.txt,base,OK,0,1.242633772,0.000521298267263,-55118409.76644112,-55727800.0,OPTIMAL,-55118697.09775618,1.0,6151.0,0.25,14400.0,10800.0,35590.0,9783.0,8737.0,26455.0,32.0625,19.10185185185185,25.667322281539757,3,Model contains large bounds | Model contains large matrix coefficients | Model contains large rhs,0.002,2000000000.0,0.005,3000.0,5.0,4000000000.0,1.0,10000000000.0,,,,,,,,,0.0,1.242633772,1.0,1.0,1.0,0.0,0.0,0.0,,,0.0,,,,111632.718214,,,1.393653,,,,1.393653,1.0,0.46295957748184,,,,,,,,BASE,BASE,,,,,,3.73306249226704e-09,3.72529029846191e-09,1.25673250295222e-07,5.85801899433136e-07,151227.001102549,0.734702243874328,3008569.45301161,91641740.6101737,3.32110286899497e-08,0.0,5.85801899433136e-07,8.60261535644531e-10,0.0,0.0,0.0,0.0,0.0,0.0,0.0,0.0,0.0,-55118409.7664411,35.1312186534369,0.0,91641740.6101737,8.60261535644531e-10,0.0,0.0,931.0,0.0,639.0,0.0,0.0,0.0,0.0,-55727809.542886,,,,,,BASE,0.0,0,/clusteruy/home/mathiasr/generator-aware-row-scaling/results-revision/r1-internal-scaling/simple-gurobi-01pct/base-scaleflag1/resultados/caso31c_base.csv,/clusteruy/home/mathiasr/generator-aware-row-scaling/results-revision/r1-internal-scaling/simple-gurobi-01pct/base-scaleflag1/resultados/caso31c_base_postprocesado.csv,/clusteruy/home/mathiasr/generator-aware-row-scaling/results-revision/r1-internal-scaling/simple-gurobi-01pct/base-scaleflag1/logs/caso31c_base.log
caso31d.txt,base,OK,0,1.572488649,0.001357069343269,-73701312.0498586,-75624400.0,OPTIMAL,-73702312.22777002,1.0,6815.0,0.25,14400.0,10800.0,35590.0,10486.0,8737.0,27864.0,27.180555555555557,19.10185185185185,21.708345040741783,3,Model contains large bounds | Model contains large matrix coefficients | Model contains large rhs,0.002,2000000000.0,0.003,2000.0,5.0,4000000000.0,1.0,10000000000.0,,,,,,,,,0.0,1.572488649,1.0,1.0,1.0,0.0,0.0,0.0,,,0.0,,,,55994.223895,,,1.591446,,,,1.591446,1.0,0.353297001480816,,,,,,,,BASE,BASE,,,,,,4.6628486719406e-09,2.06782715395091e-08,1.24914804473519e-07,6.55185431241989e-07,512146.670009679,0.285237835657855,12539646.8858605,715297706.027958,9.20164347856316e-08,0.0,6.55185431241989e-07,2.38349134657118e-09,0.0,0.0,0.0,0.0,0.0,0.0,0.0,0.0,0.0,-73701312.0498586,118.890557720594,0.0,715297706.027958,2.38349134657118e-09,0.0,0.0,312.0,0.0,699.0,0.0,0.0,0.0,0.0,-75624407.4488869,,,,,,BASE,0.0,0,/clusteruy/home/mathiasr/generator-aware-row-scaling/results-revision/r1-internal-scaling/simple-gurobi-01pct/base-scaleflag1/resultados/caso31d_base.csv,/clusteruy/home/mathiasr/generator-aware-row-scaling/results-revision/r1-internal-scaling/simple-gurobi-01pct/base-scaleflag1/resultados/caso31d_base_postprocesado.csv,/clusteruy/home/mathiasr/generator-aware-row-scaling/results-revision/r1-internal-scaling/simple-gurobi-01pct/base-scaleflag1/logs/caso31d_base.log
caso31e.txt,base,OK,0,1.782010377,0.013912490749102,-79254736.28490275,-78903300.0,OPTIMAL,-79265762.59275661,1.0,7126.0,0.25,14400.0,10800.0,35590.0,10486.0,8737.0,27864.0,27.180555555555557,19.10185185185185,21.708345040741783,4,Model contains large bounds | Model contains large matrix coefficients | Model contains large rhs | max constraint violation (6.8242e-06) exceeds tolerance,0.002,2000000000.0,0.003,2000.0,5.0,4000000000.0,1.0,10000000000.0,,,,,,,,,0.0,1.782010377,1.0,1.0,1.0,0.0,0.0,0.0,,,0.0,,,,391544.112648,,,1.931206,,,,1.931206,1.0,0.42052972110856,,,,,,,,BASE,BASE,,,,,,4.97067026038613e-09,1.11758708953857e-08,1.52504071593285e-07,6.8241582980022e-06,184967.707691984,0.41130023775021,6910544.26233733,27938188.1152775,6.8241582980022e-06,0.0,4.05590981245041e-07,0.0,0.0,0.0,1.0,0.0,0.0,0.0,0.0,0.0,0.0,-79254736.2849028,269.081971444077,0.0,27938188.1152775,0.0,0.0,0.0,365.0,0.0,795.0,0.0,0.0,0.0,0.0,-78903286.0582199,,,,,,BASE,0.0,0,/clusteruy/home/mathiasr/generator-aware-row-scaling/results-revision/r1-internal-scaling/simple-gurobi-01pct/base-scaleflag1/resultados/caso31e_base.csv,/clusteruy/home/mathiasr/generator-aware-row-scaling/results-revision/r1-internal-scaling/simple-gurobi-01pct/base-scaleflag1/resultados/caso31e_base_postprocesado.csv,/clusteruy/home/mathiasr/generator-aware-row-scaling/results-revision/r1-internal-scaling/simple-gurobi-01pct/base-scaleflag1/logs/caso31e_base.log
caso31f.txt,base,OK,0,1.596911753,0.001926566605927,-76347260.16239533,-75882700.0,OPTIMAL,-76348731.04321416,1.0,6636.0,0.25,14400.0,10800.0,35590.0,10486.0,8737.0,27864.0,27.180555555555557,19.10185185185185,21.708345040741783,3,Model contains large bounds | Model contains large matrix coefficients | Model contains large rhs,0.002,2000000000.0,0.005,2000.0,5.0,4000000000.0,1.0,10000000000.0,,,,,,,,,0.0,1.596911753,1.0,1.0,1.0,0.0,0.0,0.0,,,0.0,,,,184088.687042,,,1.678119,,,,1.678119,1.0,0.395852368268725,,,,,,,,BASE,BASE,,,,,,4.94610718443959e-09,2.23517417907715e-08,1.39239709824324e-07,6.55185431241989e-07,313753.928144107,0.248929518671907,12479309.8144113,271668353.82498,4.60037491364751e-08,0.0,6.55185431241989e-07,2.64840087890625e-09,0.0,0.0,0.0,0.0,0.0,0.0,0.0,0.0,0.0,-76347260.1623953,47.4850537843158,0.0,271668353.82498,2.64840087890625e-09,0.0,0.0,300.0,0.0,698.0,0.0,0.0,0.0,0.0,-75882694.0382939,,,,,,BASE,0.0,0,/clusteruy/home/mathiasr/generator-aware-row-scaling/results-revision/r1-internal-scaling/simple-gurobi-01pct/base-scaleflag1/resultados/caso31f_base.csv,/clusteruy/home/mathiasr/generator-aware-row-scaling/results-revision/r1-internal-scaling/simple-gurobi-01pct/base-scaleflag1/resultados/caso31f_base_postprocesado.csv,/clusteruy/home/mathiasr/generator-aware-row-scaling/results-revision/r1-internal-scaling/simple-gurobi-01pct/base-scaleflag1/logs/caso31f_base.log
caso32a.txt,base,OK,0,8.819983213,0.0,-73703501.13224454,-89016000.0,OPTIMAL,-73703501.13224454,126.0,41966.0,0.25,14400.0,10800.0,35590.0,9980.0,8787.0,26789.0,30.694444444444443,18.63888888888889,24.728856420342794,5,Model contains large bounds | Model contains large matrix coefficients | Model contains large rhs | max bound violation (2.4403e-04) exceeds tolerance | max constraint violation (2.4403e-04) exceeds tolerance,0.002,2000000000.0,0.003,3000.0,5.0,4000000000.0,1.0,10000000000.0,,,,,,,,,0.0,8.819983213,1.0,1.0,1.0,0.0,0.0,0.0,,,0.0,,,,51075.247705,,,8.848361,,0.871397,2.266254,8.848361,1.0,0.867577401552198,,,,,,,,BASE,BASE,,,,,,1.94120047609787e-08,7.105427357601e-15,8.85338522493839e-08,0.000244026240239433,1453320.02957698,2.04209725381996,19182205.8318002,706732225.584196,2.09734121181526e-07,0.0,0.000244026240239433,0.000244026240239433,0.0,0.0,0.0,0.0,1.0,1.0,0.0,0.0,0.0,-73703501.1322445,169.036882303241,0.0,706732225.584196,0.0,0.0,0.0,800.0,0.0,633.0,0.0,0.0,0.0,0.0,-89015958.8788347,,,,,,BASE,0.0,0,/clusteruy/home/mathiasr/generator-aware-row-scaling/results-revision/r1-internal-scaling/simple-gurobi-01pct/base-scaleflag1/resultados/caso32a_base.csv,/clusteruy/home/mathiasr/generator-aware-row-scaling/results-revision/r1-internal-scaling/simple-gurobi-01pct/base-scaleflag1/resultados/caso32a_base_postprocesado.csv,/clusteruy/home/mathiasr/generator-aware-row-scaling/results-revision/r1-internal-scaling/simple-gurobi-01pct/base-scaleflag1/logs/caso32a_base.log
caso32b.txt,base,OK,0,1.983209332,0.005701638470003,-79828903.05331513,-80008400.0,OPTIMAL,-79833454.6087618,1.0,8020.0,0.25,14400.0,10800.0,35590.0,9980.0,8787.0,26789.0,30.694444444444443,18.63888888888889,24.728856420342794,3,Model contains large bounds | Model contains large matrix coefficients | Model contains large rhs,0.002,2000000000.0,0.003,3000.0,5.0,4000000000.0,1.0,10000000000.0,,,,,,,,,0.0,1.983209332,1.0,1.0,1.0,0.0,0.0,0.0,,,0.0,,,,252878.463611,,,1.685159,,,,1.685159,1.0,0.8154317929595,,,,,,,,BASE,BASE,,,,,,3.6463533185924e-09,1.86264514923096e-09,1.30385160446167e-07,2.08616256713867e-07,127046.365232802,0.600306215751914,3119368.77528027,17836770.8023699,1.26298971281358e-11,0.0,4.27506165578961e-07,0.0,0.0,0.0,0.0,0.0,0.0,0.0,0.0,0.0,0.0,-79828903.0533151,23.1897349037185,0.0,17836770.8023699,0.0,0.0,0.0,956.0,0.0,769.0,0.0,0.0,0.0,0.0,-80008409.922208,,,,,,BASE,0.0,0,/clusteruy/home/mathiasr/generator-aware-row-scaling/results-revision/r1-internal-scaling/simple-gurobi-01pct/base-scaleflag1/resultados/caso32b_base.csv,/clusteruy/home/mathiasr/generator-aware-row-scaling/results-revision/r1-internal-scaling/simple-gurobi-01pct/base-scaleflag1/resultados/caso32b_base_postprocesado.csv,/clusteruy/home/mathiasr/generator-aware-row-scaling/results-revision/r1-internal-scaling/simple-gurobi-01pct/base-scaleflag1/logs/caso32b_base.log
caso32c.txt,base,OK,0,1.315487878,0.000229154973562,-76419891.7428235,-76578700.0,OPTIMAL,-76420066.86280622,1.0,6279.0,0.25,14400.0,10800.0,35590.0,9980.0,8787.0,26789.0,30.694444444444443,18.63888888888889,24.728856420342794,3,Model contains large bounds | Model contains large matrix coefficients | Model contains large rhs,0.002,2000000000.0,0.005,3000.0,5.0,4000000000.0,1.0,10000000000.0,,,,,,,,,0.0,1.315487878,1.0,1.0,1.0,0.0,0.0,0.0,,,0.0,,,,133093.294306,,,1.471226,,,,1.471226,1.0,0.389765891777885,,,,,,,,BASE,BASE,,,,,,4.24799003440332e-09,7.45058059692383e-09,1.34123838506639e-07,3.59490513801575e-07,155228.288736027,0.415057900155332,3148108.03840158,115297478.413891,1.4210854715202e-14,0.0,3.59490513801575e-07,0.0,0.0,0.0,0.0,0.0,0.0,0.0,0.0,0.0,0.0,-76419891.7428235,51.0174167881451,0.0,115297478.413891,0.0,0.0,0.0,823.0,0.0,659.0,0.0,0.0,0.0,0.0,-76578713.5955598,,,,,,BASE,0.0,0,/clusteruy/home/mathiasr/generator-aware-row-scaling/results-revision/r1-internal-scaling/simple-gurobi-01pct/base-scaleflag1/resultados/caso32c_base.csv,/clusteruy/home/mathiasr/generator-aware-row-scaling/results-revision/r1-internal-scaling/simple-gurobi-01pct/base-scaleflag1/resultados/caso32c_base_postprocesado.csv,/clusteruy/home/mathiasr/generator-aware-row-scaling/results-revision/r1-internal-scaling/simple-gurobi-01pct/base-scaleflag1/logs/caso32c_base.log
caso32d.txt,base,OK,0,1.706862646,0.008279486631001,-89516628.12146115,-89020300.0,OPTIMAL,-89524039.63871899,1.0,7574.0,0.25,14400.0,10800.0,35590.0,10610.0,8787.0,28048.0,26.319444444444443,18.63888888888889,21.19134588367519,3,Model contains large bounds | Model contains large matrix coefficients | Model contains large rhs,0.002,2000000000.0,0.003,2000.0,5.0,4000000000.0,1.0,10000000000.0,,,,,,,,,0.0,1.706862646,1.0,1.0,1.0,0.0,0.0,0.0,,,0.0,,,,140730.198733,,,1.7787,,,,1.7787,1.0,0.312214150292163,,,,,,,,BASE,BASE,,,,,,4.17076889758192e-09,1.35274603962895e-08,1.24798825709149e-07,2.01165676116943e-07,332816.857127997,0.441444666838857,15897580.4652735,35807058.9779403,3.3248728265754e-08,0.0,3.41678969562054e-07,8.60261535644531e-10,0.0,0.0,0.0,0.0,0.0,0.0,0.0,0.0,0.0,-89516628.1214612,340.502607502451,0.0,35807058.9779403,8.60261535644531e-10,0.0,0.0,364.0,0.0,797.0,0.0,0.0,0.0,0.0,-89020275.7487634,,,,,,BASE,0.0,0,/clusteruy/home/mathiasr/generator-aware-row-scaling/results-revision/r1-internal-scaling/simple-gurobi-01pct/base-scaleflag1/resultados/caso32d_base.csv,/clusteruy/home/mathiasr/generator-aware-row-scaling/results-revision/r1-internal-scaling/simple-gurobi-01pct/base-scaleflag1/resultados/caso32d_base_postprocesado.csv,/clusteruy/home/mathiasr/generator-aware-row-scaling/results-revision/r1-internal-scaling/simple-gurobi-01pct/base-scaleflag1/logs/caso32d_base.log
caso32e.txt,base,OK,0,2.071195736,0.011737362282883,-94862090.03659326,-94260100.0,OPTIMAL,-94873224.34376997,1.0,8275.0,0.25,14400.0,10800.0,35590.0,10610.0,8787.0,28048.0,26.319444444444443,18.63888888888889,21.19134588367519,3,Model contains large bounds | Model contains large matrix coefficients | Model contains large rhs,0.002,2000000000.0,0.003,2000.0,5.0,4000000000.0,1.0,10000000000.0,,,,,,,,,0.0,2.071195736,1.0,1.0,1.0,0.0,0.0,0.0,,,0.0,,,,407745.076206,,,1.782845,,,,1.782845,1.0,0.833444188488244,,,,,,,,BASE,BASE,,,,,,3.52427304189362e-09,3.72529029846191e-09,1.1955969966948e-07,2.23517417907715e-07,247353.242572249,0.285929432274642,13185943.3790481,25742037.3246097,2.66275890226098e-11,0.0,2.37487256526947e-07,0.0,0.0,0.0,0.0,0.0,0.0,0.0,0.0,0.0,0.0,-94862090.0365933,345.140554483187,0.0,25742037.3246097,0.0,0.0,0.0,274.0,0.0,866.0,0.0,0.0,0.0,0.0,-94260070.2925966,,,,,,BASE,0.0,0,/clusteruy/home/mathiasr/generator-aware-row-scaling/results-revision/r1-internal-scaling/simple-gurobi-01pct/base-scaleflag1/resultados/caso32e_base.csv,/clusteruy/home/mathiasr/generator-aware-row-scaling/results-revision/r1-internal-scaling/simple-gurobi-01pct/base-scaleflag1/resultados/caso32e_base_postprocesado.csv,/clusteruy/home/mathiasr/generator-aware-row-scaling/results-revision/r1-internal-scaling/simple-gurobi-01pct/base-scaleflag1/logs/caso32e_base.log
caso32f.txt,base,OK,0,1.586351312,0.011818397423642,-92143869.78582789,-91647500.0,OPTIMAL,-92154759.7145607,1.0,6676.0,0.25,14400.0,10800.0,35590.0,10610.0,8787.0,28048.0,26.319444444444443,18.63888888888889,21.19134588367519,3,Model contains large bounds | Model contains large matrix coefficients | Model contains large rhs,0.002,2000000000.0,0.005,2000.0,5.0,4000000000.0,1.0,10000000000.0,,,,,,,,,0.0,1.586351312,1.0,1.0,1.0,0.0,0.0,0.0,,,0.0,,,,140730.198733,,,1.58322,,,,1.58322,1.0,0.366175648406195,,,,,,,,BASE,BASE,,,,,,4.17073656054764e-09,1.35274603962895e-08,1.24798825709149e-07,2.01165676116943e-07,332816.857127997,0.441444666838857,15897580.4652735,35807058.9779403,3.3248728265754e-08,0.0,3.41678969562054e-07,8.60261535644531e-10,0.0,0.0,0.0,0.0,0.0,0.0,0.0,0.0,0.0,-92143869.7858279,340.502607502451,0.0,35807058.9779403,8.60261535644531e-10,0.0,0.0,364.0,0.0,797.0,0.0,0.0,0.0,0.0,-91647517.4131301,,,,,,BASE,0.0,0,/clusteruy/home/mathiasr/generator-aware-row-scaling/results-revision/r1-internal-scaling/simple-gurobi-01pct/base-scaleflag1/resultados/caso32f_base.csv,/clusteruy/home/mathiasr/generator-aware-row-scaling/results-revision/r1-internal-scaling/simple-gurobi-01pct/base-scaleflag1/resultados/caso32f_base_postprocesado.csv,/clusteruy/home/mathiasr/generator-aware-row-scaling/results-revision/r1-internal-scaling/simple-gurobi-01pct/base-scaleflag1/logs/caso32f_base.log
caso33a.txt,base,OK,0,1.155409834,0.000118858831009,-42297752.956182346,-78609400.0,OPTIMAL,-42297803.23079705,1.0,5146.0,0.25,14400.0,10800.0,35590.0,9718.0,8759.0,26243.0,32.513888888888886,18.89814814814815,26.262995223377352,3,Model contains large bounds | Model contains large matrix coefficients | Model contains large rhs,0.002,2000000000.0,0.003,3000.0,5.0,4000000000.0,1.0,10000000000.0,,,,,,,,,0.0,1.155409834,1.0,1.0,1.0,0.0,0.0,0.0,,,0.0,,,,16834.321504,,,1.117146,,,,1.117146,1.0,0.479397385989827,,,,,,,,BASE,BASE,,,,,,3.25381860896546e-09,8.18226597587464e-12,1.11897825263441e-07,7.45058059692383e-08,3150893.70533375,1.56161071524996,3629671.06208806,731866452.718982,5.29257886437661e-09,0.0,3.16649675369263e-07,1.3176032172309e-10,0.0,0.0,0.0,0.0,0.0,0.0,0.0,0.0,0.0,-42297752.9561823,185.630404678474,0.0,731866452.718982,1.3176032172309e-10,0.0,0.0,818.0,0.0,680.0,0.0,0.0,0.0,0.0,-78609378.2563383,,,,,,BASE,0.0,0,/clusteruy/home/mathiasr/generator-aware-row-scaling/results-revision/r1-internal-scaling/simple-gurobi-01pct/base-scaleflag1/resultados/caso33a_base.csv,/clusteruy/home/mathiasr/generator-aware-row-scaling/results-revision/r1-internal-scaling/simple-gurobi-01pct/base-scaleflag1/resultados/caso33a_base_postprocesado.csv,/clusteruy/home/mathiasr/generator-aware-row-scaling/results-revision/r1-internal-scaling/simple-gurobi-01pct/base-scaleflag1/logs/caso33a_base.log
caso33b.txt,base,OK,0,1.54300207,0.028331640730527,-48630734.351192944,-49174200.0,OPTIMAL,-48644512.23613394,1.0,8108.0,0.25,14400.0,10800.0,35590.0,9718.0,8759.0,26243.0,32.513888888888886,18.89814814814815,26.262995223377352,3,Model contains large bounds | Model contains large matrix coefficients | Model contains large rhs,0.002,2000000000.0,0.003,3000.0,5.0,4000000000.0,1.0,10000000000.0,,,,,,,,,0.0,1.54300207,1.0,1.0,1.0,0.0,0.0,0.0,,,0.0,,,,1274173577.10755,,,1.358409,,,,1.358409,1.0,0.786248471644714,,,,,,,,BASE,BASE,,,,,,3.72523980777311e-09,1.86264514923096e-09,1.20481417980046e-07,5.02914190292358e-08,140540.974671702,0.902940819624109,3596876.38699312,52673098.8332584,4.76837158203125e-07,0.0,4.76837158203125e-07,0.0,0.0,0.0,0.0,0.0,0.0,0.0,0.0,0.0,0.0,-48630734.3511929,9.52842959327876,0.0,52673098.8332584,0.0,0.0,0.0,962.0,0.0,700.0,0.0,0.0,0.0,0.0,-49174191.2403658,,,,,,BASE,0.0,0,/clusteruy/home/mathiasr/generator-aware-row-scaling/results-revision/r1-internal-scaling/simple-gurobi-01pct/base-scaleflag1/resultados/caso33b_base.csv,/clusteruy/home/mathiasr/generator-aware-row-scaling/results-revision/r1-internal-scaling/simple-gurobi-01pct/base-scaleflag1/resultados/caso33b_base_postprocesado.csv,/clusteruy/home/mathiasr/generator-aware-row-scaling/results-revision/r1-internal-scaling/simple-gurobi-01pct/base-scaleflag1/logs/caso33b_base.log
caso33c.txt,base,OK,0,1.275187599,0.000187129555813,-45069481.18162224,-45545600.0,OPTIMAL,-45069565.51994218,1.0,6711.0,0.25,14400.0,10800.0,35590.0,9718.0,8759.0,26243.0,32.513888888888886,18.89814814814815,26.262995223377352,3,Model contains large bounds | Model contains large matrix coefficients | Model contains large rhs,0.002,2000000000.0,0.005,3000.0,5.0,4000000000.0,1.0,10000000000.0,,,,,,,,,0.0,1.275187599,1.0,1.0,1.0,0.0,0.0,0.0,,,0.0,,,,104834.840613,,,1.380495,,,,1.380495,1.0,0.525054616960478,,,,,,,,BASE,BASE,,,,,,4.21031578667226e-09,5.58793544769287e-09,1.31768902065232e-07,8.5681676864624e-08,138651.599805936,0.643653422035579,3594524.04506825,70548557.3900951,0.0,0.0,4.76837158203125e-07,0.0,0.0,0.0,0.0,0.0,0.0,0.0,0.0,0.0,0.0,-45069481.1816222,8.44015215224681,0.0,70548557.3900951,0.0,0.0,0.0,896.0,0.0,680.0,0.0,0.0,0.0,0.0,-45545614.9889754,,,,,,BASE,0.0,0,/clusteruy/home/mathiasr/generator-aware-row-scaling/results-revision/r1-internal-scaling/simple-gurobi-01pct/base-scaleflag1/resultados/caso33c_base.csv,/clusteruy/home/mathiasr/generator-aware-row-scaling/results-revision/r1-internal-scaling/simple-gurobi-01pct/base-scaleflag1/resultados/caso33c_base_postprocesado.csv,/clusteruy/home/mathiasr/generator-aware-row-scaling/results-revision/r1-internal-scaling/simple-gurobi-01pct/base-scaleflag1/logs/caso33c_base.log
caso33d.txt,base,OK,0,1.446440989,0.001312644718701,-66148196.35185675,-65928300.0,OPTIMAL,-66149064.64266268,1.0,6083.0,0.25,14400.0,10800.0,35590.0,10450.0,8759.0,27697.0,27.430555555555557,18.89814814814815,22.177577971340263,3,Model contains large bounds | Model contains large matrix coefficients | Model contains large rhs,0.002,2000000000.0,0.003,2000.0,5.0,4000000000.0,1.0,10000000000.0,,,,,,,,,0.0,1.446440989,1.0,1.0,1.0,0.0,0.0,0.0,,,0.0,,,,92500.836875,,,1.409463,,,,1.409463,1.0,0.360910846016373,,,,,,,,BASE,BASE,,,,,,4.64368606274498e-09,1.86264514923096e-08,1.29691325128079e-07,1.3597309589386e-07,151116.804951613,0.231871969719887,3435016.51352731,44001212.3650053,5.29257886437661e-09,0.0,2.37952917814255e-07,1.3176032172309e-10,0.0,0.0,0.0,0.0,0.0,0.0,0.0,0.0,0.0,-66148196.3518568,261.896857448677,0.0,44001212.3650053,1.3176032172309e-10,0.0,0.0,296.0,0.0,721.0,0.0,0.0,0.0,0.0,-65928302.3613838,,,,,,BASE,0.0,0,/clusteruy/home/mathiasr/generator-aware-row-scaling/results-revision/r1-internal-scaling/simple-gurobi-01pct/base-scaleflag1/resultados/caso33d_base.csv,/clusteruy/home/mathiasr/generator-aware-row-scaling/results-revision/r1-internal-scaling/simple-gurobi-01pct/base-scaleflag1/resultados/caso33d_base_postprocesado.csv,/clusteruy/home/mathiasr/generator-aware-row-scaling/results-revision/r1-internal-scaling/simple-gurobi-01pct/base-scaleflag1/logs/caso33d_base.log
caso33e.txt,base,OK,0,1.522641897,0.011265786435411,-71755756.62827586,-71647800.0,OPTIMAL,-71763840.47857271,1.0,6254.0,0.25,14400.0,10800.0,35590.0,10450.0,8759.0,27697.0,27.430555555555557,18.89814814814815,22.177577971340263,3,Model contains large bounds | Model contains large matrix coefficients | Model contains large rhs,0.002,2000000000.0,0.003,2000.0,5.0,4000000000.0,1.0,10000000000.0,,,,,,,,,0.0,1.522641897,1.0,1.0,1.0,0.0,0.0,0.0,,,0.0,,,,430673.070403,,,1.497922,,,,1.497922,1.0,0.455939212314951,,,,,,,,BASE,BASE,,,,,,4.29040116863435e-09,1.11758708953857e-08,1.33413122966886e-07,1.37835741043091e-07,119100.346676198,0.276176078422856,3163778.77335229,19529880.5920746,3.75379727302061e-11,0.0,3.67290340363979e-07,0.0,0.0,0.0,0.0,0.0,0.0,0.0,0.0,0.0,0.0,-71755756.6282759,235.78750816315,0.0,19529880.5920746,0.0,0.0,0.0,401.0,0.0,772.0,0.0,0.0,0.0,0.0,-71647794.7447398,,,,,,BASE,0.0,0,/clusteruy/home/mathiasr/generator-aware-row-scaling/results-revision/r1-internal-scaling/simple-gurobi-01pct/base-scaleflag1/resultados/caso33e_base.csv,/clusteruy/home/mathiasr/generator-aware-row-scaling/results-revision/r1-internal-scaling/simple-gurobi-01pct/base-scaleflag1/resultados/caso33e_base_postprocesado.csv,/clusteruy/home/mathiasr/generator-aware-row-scaling/results-revision/r1-internal-scaling/simple-gurobi-01pct/base-scaleflag1/logs/caso33e_base.log
caso33f.txt,base,OK,0,1.360297974,0.001391981289765,-68904042.0092268,-68683500.0,OPTIMAL,-68905001.14059946,1.0,5880.0,0.25,14400.0,10800.0,35590.0,10450.0,8759.0,27697.0,27.430555555555557,18.89814814814815,22.177577971340263,3,Model contains large bounds | Model contains large matrix coefficients | Model contains large rhs,0.002,2000000000.0,0.005,2000.0,5.0,4000000000.0,1.0,10000000000.0,,,,,,,,,0.0,1.360297974,1.0,1.0,1.0,0.0,0.0,0.0,,,0.0,,,,92154.636221,,,1.40069,,,,1.40069,1.0,0.416241431759682,,,,,,,,BASE,BASE,,,,,,4.65560317832605e-09,1.86264514923096e-08,1.32366549223661e-07,1.41561031341553e-07,155199.09203371,0.248985949385475,3448261.43274243,44000232.9428125,1.40616407406924e-11,0.0,2.38418579101562e-07,0.0,0.0,0.0,0.0,0.0,0.0,0.0,0.0,0.0,0.0,-68904042.0092268,175.936845954786,0.0,44000232.9428125,0.0,0.0,0.0,303.0,0.0,721.0,0.0,0.0,0.0,0.0,-68683473.8296405,,,,,,BASE,0.0,0,/clusteruy/home/mathiasr/generator-aware-row-scaling/results-revision/r1-internal-scaling/simple-gurobi-01pct/base-scaleflag1/resultados/caso33f_base.csv,/clusteruy/home/mathiasr/generator-aware-row-scaling/results-revision/r1-internal-scaling/simple-gurobi-01pct/base-scaleflag1/resultados/caso33f_base_postprocesado.csv,/clusteruy/home/mathiasr/generator-aware-row-scaling/results-revision/r1-internal-scaling/simple-gurobi-01pct/base-scaleflag1/logs/caso33f_base.log
caso34a.txt,base,OK,0,1.414214378,0.00135862159262,-279013859.858531,-278786000.0,OPTIMAL,-279017650.60107744,1.0,6364.0,0.27,14400.0,10800.0,35590.0,11063.0,9033.0,30173.0,23.17361111111111,16.36111111111111,15.220567575161562,3,Model contains large bounds | Model contains large matrix coefficients | Model contains large rhs,0.002,1000000000.0,0.003,3000.0,5.0,4000000000.0,1.0,10000000000.0,,,,,,,,,0.0,1.414214378,1.0,1.0,1.0,0.0,0.0,0.0,,,0.0,,,,51842.497407,,,1.24538,,,,1.24538,1.0,0.318712459137717,,,,,,,,BASE,BASE,,,,,,1.87136232157733e-09,6.66007804461759e-12,6.14859163761143e-08,2.34693288803101e-07,961791.426600531,1.80238114944794,62306840.7434469,113461125.924414,7.27595761418343e-12,0.0,4.76837158203125e-07,0.0,0.0,0.0,0.0,0.0,0.0,0.0,0.0,0.0,0.0,-279013859.858531,461.920029993656,0.0,113461125.924414,0.0,0.0,0.0,624.0,0.0,717.0,0.0,0.0,0.0,0.0,-278786333.60465,,,,,,BASE,0.0,0,/clusteruy/home/mathiasr/generator-aware-row-scaling/results-revision/r1-internal-scaling/simple-gurobi-01pct/base-scaleflag1/resultados/caso34a_base.csv,/clusteruy/home/mathiasr/generator-aware-row-scaling/results-revision/r1-internal-scaling/simple-gurobi-01pct/base-scaleflag1/resultados/caso34a_base_postprocesado.csv,/clusteruy/home/mathiasr/generator-aware-row-scaling/results-revision/r1-internal-scaling/simple-gurobi-01pct/base-scaleflag1/logs/caso34a_base.log
caso34b.txt,base,OK,0,1.666037167,0.008676656921281,-286835947.26690537,-287766000.0,OPTIMAL,-286860835.0379766,1.0,8238.0,0.27,14400.0,10800.0,35590.0,11063.0,9033.0,30173.0,23.17361111111111,16.36111111111111,15.220567575161562,4,Model contains large bounds | Model contains large matrix coefficients | Model contains large rhs | max constraint violation (5.6932e-06) exceeds tolerance,0.002,1000000000.0,0.003,3000.0,5.0,4000000000.0,1.0,10000000000.0,,,,,,,,,0.0,1.666037167,1.0,1.0,1.0,0.0,0.0,0.0,,,0.0,,,,416264944.618853,,,1.502073,,0.00343,1.406934,1.502073,1.0,0.223584357071153,,,,,,,,BASE,BASE,,,,,,2.30983868294857e-09,1.08624220729321e-13,5.96046447753906e-08,1.86264514923096e-07,744619.405959383,1.76931419019851,40476774.8412386,132242593.754369,9.5367431640625e-07,0.0,5.69317489862442e-06,0.0,0.0,0.0,0.0,0.0,1.0,0.0,0.0,0.0,0.0,-286835947.266905,379.157659218094,0.0,132242593.754369,0.0,0.0,0.0,835.0,0.0,722.0,0.0,0.0,0.0,0.0,-287766444.493625,,,,,,BASE,0.0,0,/clusteruy/home/mathiasr/generator-aware-row-scaling/results-revision/r1-internal-scaling/simple-gurobi-01pct/base-scaleflag1/resultados/caso34b_base.csv,/clusteruy/home/mathiasr/generator-aware-row-scaling/results-revision/r1-internal-scaling/simple-gurobi-01pct/base-scaleflag1/resultados/caso34b_base_postprocesado.csv,/clusteruy/home/mathiasr/generator-aware-row-scaling/results-revision/r1-internal-scaling/simple-gurobi-01pct/base-scaleflag1/logs/caso34b_base.log
caso34c.txt,base,OK,0,1.574053284,0.000244676497788,-282718180.6010666,-284104000.0,OPTIMAL,-282718872.3460095,1.0,6742.0,0.28,14400.0,10800.0,35590.0,11063.0,9033.0,30173.0,23.17361111111111,16.36111111111111,15.220567575161562,4,Model contains large bounds | Model contains large matrix coefficients | Model contains large rhs | max constraint violation (8.7991e-06) exceeds tolerance,0.002,1000000000.0,0.005,3000.0,5.0,4000000000.0,1.0,10000000000.0,,,,,,,,,0.0,1.574053284,1.0,1.0,1.0,0.0,0.0,0.0,,,0.0,,,,671422556.89278,,,1.36888,,0.006267,1.304271,1.36888,1.0,0.302285063593629,,,,,,,,BASE,BASE,,,,,,2.4212054321676e-09,1.128430682229e-13,5.96046447753906e-08,1.78813934326172e-07,767958.658441446,1.76835639711354,40756752.2976166,777316525.722662,9.5367431640625e-07,0.0,8.79913568496704e-06,0.0,0.0,0.0,0.0,0.0,1.0,0.0,0.0,0.0,0.0,-282718180.601067,387.311587373326,0.0,777316525.722662,0.0,0.0,0.0,822.0,0.0,720.0,0.0,0.0,0.0,0.0,-284104055.764918,,,,,,BASE,0.0,0,/clusteruy/home/mathiasr/generator-aware-row-scaling/results-revision/r1-internal-scaling/simple-gurobi-01pct/base-scaleflag1/resultados/caso34c_base.csv,/clusteruy/home/mathiasr/generator-aware-row-scaling/results-revision/r1-internal-scaling/simple-gurobi-01pct/base-scaleflag1/resultados/caso34c_base_postprocesado.csv,/clusteruy/home/mathiasr/generator-aware-row-scaling/results-revision/r1-internal-scaling/simple-gurobi-01pct/base-scaleflag1/logs/caso34c_base.log
caso34d.txt,base,OK,0,1.419829661,0.063770331656671,-183186171.26346767,-183840000.0,OPTIMAL,-183302989.69243154,1.0,6862.0,0.28,14400.0,10800.0,35590.0,11333.0,8815.0,30629.0,21.29861111111111,18.37962962962963,13.939308794605227,4,Model contains large bounds | Model contains large matrix coefficients | Model contains large rhs | max constraint violation (1.1153e-06) exceeds tolerance,0.002,1000000000.0,0.003,2000.0,5.0,4000000000.0,1.0,10000000000.0,,,,,,,,,0.0,1.419829661,1.0,1.0,1.0,0.0,0.0,0.0,,,0.0,,,,412879740.731787,,,1.390738,,,,1.390738,1.0,0.302653430403022,,,,,,,,BASE,BASE,,,,,,3.74191222624225e-09,3.72529029846191e-09,1.15483999252319e-07,2.04890966415405e-07,921552.192874166,0.346067927939361,55217401.0168071,243185101.075658,7.27595761418343e-12,0.0,1.11525878310204e-06,0.0,0.0,0.0,0.0,0.0,1.0,0.0,0.0,0.0,0.0,-183186171.263468,86.3457050620382,0.0,243185101.075658,0.0,0.0,0.0,239.0,0.0,874.0,0.0,0.0,0.0,0.0,-183840170.129119,,,,,,BASE,0.0,0,/clusteruy/home/mathiasr/generator-aware-row-scaling/results-revision/r1-internal-scaling/simple-gurobi-01pct/base-scaleflag1/resultados/caso34d_base.csv,/clusteruy/home/mathiasr/generator-aware-row-scaling/results-revision/r1-internal-scaling/simple-gurobi-01pct/base-scaleflag1/resultados/caso34d_base_postprocesado.csv,/clusteruy/home/mathiasr/generator-aware-row-scaling/results-revision/r1-internal-scaling/simple-gurobi-01pct/base-scaleflag1/logs/caso34d_base.log
caso34e.txt,base,OK,0,3.06534807,0.095536473736486,-190622375.9921363,-190877000.0,OPTIMAL,-190804489.8883119,169.0,14141.0,0.28,14400.0,10800.0,35590.0,11333.0,8815.0,30629.0,21.29861111111111,18.37962962962963,13.939308794605227,4,Model contains large bounds | Model contains large matrix coefficients | Model contains large rhs | max constraint violation (1.6212e-06) exceeds tolerance,0.002,1000000000.0,0.003,2000.0,5.0,4000000000.0,1.0,10000000000.0,,,,,,,,,0.0,3.06534807,1.0,1.0,1.0,0.0,0.0,0.0,,,0.0,,,,852060787.355844,,,3.216928,,0.00455,2.424171,3.216928,1.0,0.157661025214575,,,,,,,,BASE,BASE,,,,,,5.01902768314637e-09,1.90451601156322e-09,1.07595114968718e-07,1.7508864402771e-07,665594.72965466,0.313171581741978,37819781.2154777,66146313.5828041,9.5367431640625e-07,0.0,1.62119977176189e-06,0.0,0.0,0.0,0.0,0.0,1.0,0.0,0.0,0.0,0.0,-190622375.992136,42.400426407245,0.0,66146313.5828041,0.0,0.0,0.0,200.0,0.0,878.0,0.0,0.0,0.0,0.0,-190876878.078714,,,,,,BASE,0.0,0,/clusteruy/home/mathiasr/generator-aware-row-scaling/results-revision/r1-internal-scaling/simple-gurobi-01pct/base-scaleflag1/resultados/caso34e_base.csv,/clusteruy/home/mathiasr/generator-aware-row-scaling/results-revision/r1-internal-scaling/simple-gurobi-01pct/base-scaleflag1/resultados/caso34e_base_postprocesado.csv,/clusteruy/home/mathiasr/generator-aware-row-scaling/results-revision/r1-internal-scaling/simple-gurobi-01pct/base-scaleflag1/logs/caso34e_base.log
caso34f.txt,base,OK,0,1.544445295,0.000506176210387,-186823569.09059843,-187180000.0,OPTIMAL,-186824514.74706057,1.0,6689.0,0.28,14400.0,10800.0,35590.0,11333.0,8815.0,30629.0,21.29861111111111,18.37962962962963,13.939308794605227,3,Model contains large bounds | Model contains large matrix coefficients | Model contains large rhs,0.002,1000000000.0,0.005,2000.0,5.0,4000000000.0,1.0,10000000000.0,,,,,,,,,0.0,1.544445295,1.0,1.0,1.0,0.0,0.0,0.0,,,0.0,,,,522571624.38003,,,1.588822,,0.011272,1.299281,1.588822,1.0,0.270543125852656,,,,,,,,BASE,BASE,,,,,,3.31314239556704e-09,3.72529029846191e-09,1.06176012195647e-07,1.67638063430786e-07,653580.44345055,0.199097085811567,37819781.2154777,66391824.0596712,7.27595761418343e-12,0.0,5.65778464078903e-07,0.0,0.0,0.0,0.0,0.0,0.0,0.0,0.0,0.0,0.0,-186823569.090598,31.3926233976495,0.0,66391824.0596712,0.0,0.0,0.0,236.0,0.0,873.0,0.0,0.0,0.0,0.0,-187179580.436129,,,,,,BASE,0.0,0,/clusteruy/home/mathiasr/generator-aware-row-scaling/results-revision/r1-internal-scaling/simple-gurobi-01pct/base-scaleflag1/resultados/caso34f_base.csv,/clusteruy/home/mathiasr/generator-aware-row-scaling/results-revision/r1-internal-scaling/simple-gurobi-01pct/base-scaleflag1/resultados/caso34f_base_postprocesado.csv,/clusteruy/home/mathiasr/generator-aware-row-scaling/results-revision/r1-internal-scaling/simple-gurobi-01pct/base-scaleflag1/logs/caso34f_base.log
caso35a.txt,base,OK,0,144.177206291,0.009956568492727,-575127467.4868627,-576107000.0,OPTIMAL,-575184730.4470835,41638.0,2390562.0,0.21,14400.0,10800.0,35590.0,10026.0,8022.0,26876.0,30.375,25.72222222222222,24.484405731947177,4,Model contains large bounds | Model contains large matrix coefficients | Model contains large rhs | max constraint violation (6.1695e-06) exceeds tolerance,0.002,2000000000.0,0.003,3000.0,5.0,4000000000.0,1.0,10000000000.0,,,,,,,,,0.0,144.177206291,1.0,1.0,1.0,0.0,0.0,0.0,,,0.0,,,,824811364.838965,,,162.448038,,0.058092,3.704111,162.448038,1.0,0.030408363326799,,,,,,,,BASE,BASE,,,,,,3.91276073602119e-09,5.50670620214078e-14,9.68575477600098e-08,2.38418579101562e-07,226498.01468022,4.0214267727243,10258224.1244312,32806948.9855992,7.27595761418343e-12,0.0,6.16954639554024e-06,0.0,0.0,0.0,0.0,0.0,5.0,0.0,0.0,0.0,0.0,-575127467.486863,1102.38233697833,0.0,32806948.9855992,0.0,0.0,0.0,311.0,0.0,1067.0,0.0,0.0,0.0,0.0,-576107139.5677,,,,,,BASE,0.0,0,/clusteruy/home/mathiasr/generator-aware-row-scaling/results-revision/r1-internal-scaling/simple-gurobi-01pct/base-scaleflag1/resultados/caso35a_base.csv,/clusteruy/home/mathiasr/generator-aware-row-scaling/results-revision/r1-internal-scaling/simple-gurobi-01pct/base-scaleflag1/resultados/caso35a_base_postprocesado.csv,/clusteruy/home/mathiasr/generator-aware-row-scaling/results-revision/r1-internal-scaling/simple-gurobi-01pct/base-scaleflag1/logs/caso35a_base.log
caso35b.txt,base,OK,0,62.383226568,0.008194930370779,-582324163.3903902,-585833000.0,OPTIMAL,-582371884.4501122,23414.0,727416.0,0.21,14400.0,10800.0,35590.0,10026.0,8022.0,26876.0,30.375,25.72222222222222,24.484405731947177,3,Model contains large bounds | Model contains large matrix coefficients | Model contains large rhs,0.002,2000000000.0,0.003,3000.0,5.0,4000000000.0,1.0,10000000000.0,,,,,,,,,0.0,62.383226568,1.0,1.0,1.0,0.0,0.0,0.0,,,0.0,,,,179409.478014,,,74.949512,,0.009318,4.123643,74.949512,1.0,0.012742660819779,,,,,,,,BASE,BASE,,,,,,2.50257278287273e-09,5.6843418860808e-14,9.6391886472702e-08,2.27242708206177e-07,261989.541542362,2.89190211194585,9889736.45524163,40750468.3938928,1.11413100967184e-11,0.0,2.3888424038887e-07,0.0,0.0,0.0,0.0,0.0,0.0,0.0,0.0,0.0,0.0,-582324163.39039,1660.42500306121,0.0,40750468.3938928,0.0,0.0,0.0,842.0,0.0,1060.0,0.0,0.0,0.0,0.0,-585832677.248394,,,,,,BASE,0.0,0,/clusteruy/home/mathiasr/generator-aware-row-scaling/results-revision/r1-internal-scaling/simple-gurobi-01pct/base-scaleflag1/resultados/caso35b_base.csv,/clusteruy/home/mathiasr/generator-aware-row-scaling/results-revision/r1-internal-scaling/simple-gurobi-01pct/base-scaleflag1/resultados/caso35b_base_postprocesado.csv,/clusteruy/home/mathiasr/generator-aware-row-scaling/results-revision/r1-internal-scaling/simple-gurobi-01pct/base-scaleflag1/logs/caso35b_base.log
caso35c.txt,base,OK,0,93.886430414,0.005573483865074,-578361611.7460117,-580728000.0,OPTIMAL,-578393846.6371242,38923.0,3512056.0,0.21,14400.0,10800.0,35590.0,10026.0,8022.0,26876.0,30.375,25.72222222222222,24.484405731947177,3,Model contains large bounds | Model contains large matrix coefficients | Model contains large rhs,0.002,2000000000.0,0.005,3000.0,5.0,4000000000.0,1.0,10000000000.0,,,,,,,,,0.0,93.886430414,1.0,1.0,1.0,0.0,0.0,0.0,,,0.0,,,,808081009.875583,,,110.759064,,0.009855,3.358644,110.759064,1.0,0.00897411049359,,,,,,,,BASE,BASE,,,,,,2.5348247392756e-09,5.6843418860808e-14,9.49949026107788e-08,2.29105353355408e-07,219008.074725806,4.17855931555268,8291192.74317105,97199261.0554809,2.09183781407773e-11,0.0,2.38418579101562e-07,0.0,0.0,0.0,0.0,0.0,0.0,0.0,0.0,0.0,0.0,-578361611.746012,2026.15321944408,0.0,97199261.0554809,0.0,0.0,0.0,299.0,0.0,1062.0,0.0,0.0,0.0,0.0,-580727721.050575,,,,,,BASE,0.0,0,/clusteruy/home/mathiasr/generator-aware-row-scaling/results-revision/r1-internal-scaling/simple-gurobi-01pct/base-scaleflag1/resultados/caso35c_base.csv,/clusteruy/home/mathiasr/generator-aware-row-scaling/results-revision/r1-internal-scaling/simple-gurobi-01pct/base-scaleflag1/resultados/caso35c_base_postprocesado.csv,/clusteruy/home/mathiasr/generator-aware-row-scaling/results-revision/r1-internal-scaling/simple-gurobi-01pct/base-scaleflag1/logs/caso35c_base.log
caso35d.txt,base,OK,0,43.214621316,0.089652523033124,-342105830.0294431,-343692000.0,OPTIMAL,-342412536.5375079,1517.0,1243001.0,0.22,14400.0,10800.0,35590.0,9648.0,7435.0,25927.0,33.0,31.15740740740741,27.150885080078673,3,Model contains large bounds | Model contains large matrix coefficients | Model contains large rhs,0.002,2000000000.0,0.003,2000.0,5.0,4000000000.0,1.0,10000000000.0,,,,,,,,,0.0,43.214621316,1.0,1.0,1.0,0.0,0.0,0.0,,,0.0,,,,1229432255.276234,,,61.301,,0.008575,2.17656,61.301,1.0,0.011477116105581,,,,,,,,BASE,BASE,,,,,,1.92992989903977e-09,2.8421709430404e-14,8.19563865661621e-08,2.25380063056946e-07,249100.857220769,4.83500025507015,11122204.7785609,30571944.2894968,2.8421709430404e-14,0.0,2.38534994423389e-07,0.0,0.0,0.0,0.0,0.0,0.0,0.0,0.0,0.0,0.0,-342105830.029443,56.2295319761761,0.0,30571944.2894968,0.0,0.0,0.0,9.0,0.0,1077.0,0.0,0.0,0.0,0.0,-343691913.832734,,,,,,BASE,0.0,0,/clusteruy/home/mathiasr/generator-aware-row-scaling/results-revision/r1-internal-scaling/simple-gurobi-01pct/base-scaleflag1/resultados/caso35d_base.csv,/clusteruy/home/mathiasr/generator-aware-row-scaling/results-revision/r1-internal-scaling/simple-gurobi-01pct/base-scaleflag1/resultados/caso35d_base_postprocesado.csv,/clusteruy/home/mathiasr/generator-aware-row-scaling/results-revision/r1-internal-scaling/simple-gurobi-01pct/base-scaleflag1/logs/caso35d_base.log
caso35e.txt,base,OK,0,21.563265884,0.089778921425412,-349776277.43570983,-352727000.0,OPTIMAL,-350090302.80499357,1250.0,500548.0,0.21,14400.0,10800.0,35590.0,9648.0,7435.0,25927.0,33.0,31.15740740740741,27.150885080078673,3,Model contains large bounds | Model contains large matrix coefficients | Model contains large rhs,0.002,2000000000.0,0.003,2000.0,5.0,4000000000.0,1.0,10000000000.0,,,,,,,,,0.0,21.563265884,1.0,1.0,1.0,0.0,0.0,0.0,,,0.0,,,,80871.831571,,,26.830233,,0.006306,4.407335,26.830233,1.0,0.015637676350395,,,,,,,,BASE,BASE,,,,,,1.81355718589947e-09,2.8421709430404e-14,7.6375436037779e-08,2.49594449996948e-07,947220.388520536,1.94197531642301,45727278.8084794,82592473.0434008,7.27595761418343e-12,0.0,2.49594449996948e-07,0.0,0.0,0.0,0.0,0.0,0.0,0.0,0.0,0.0,0.0,-349776277.43571,5.29838498634282,0.0,82592473.0434008,0.0,0.0,0.0,61.0,0.0,1080.0,0.0,0.0,0.0,0.0,-352726788.413336,,,,,,BASE,0.0,0,/clusteruy/home/mathiasr/generator-aware-row-scaling/results-revision/r1-internal-scaling/simple-gurobi-01pct/base-scaleflag1/resultados/caso35e_base.csv,/clusteruy/home/mathiasr/generator-aware-row-scaling/results-revision/r1-internal-scaling/simple-gurobi-01pct/base-scaleflag1/resultados/caso35e_base_postprocesado.csv,/clusteruy/home/mathiasr/generator-aware-row-scaling/results-revision/r1-internal-scaling/simple-gurobi-01pct/base-scaleflag1/logs/caso35e_base.log
caso35f.txt,base,OK,0,31.753915234,0.097366077088693,-345476779.67328286,-348458000.0,OPTIMAL,-345813156.8609031,2753.0,1509816.0,0.22,14400.0,10800.0,35590.0,9648.0,7435.0,25927.0,33.0,31.15740740740741,27.150885080078673,3,Model contains large bounds | Model contains large matrix coefficients | Model contains large rhs,0.002,2000000000.0,0.005,2000.0,5.0,4000000000.0,1.0,10000000000.0,,,,,,,,,0.0,31.753915234,1.0,1.0,1.0,0.0,0.0,0.0,,,0.0,,,,25198.118679,,,43.291369,,0.008254,2.440008,43.291369,1.0,0.012836104988172,,,,,,,,BASE,BASE,,,,,,2.27882560537789e-09,2.8421709430404e-14,9.31322574615479e-08,2.49594449996948e-07,928089.663080846,2.04691424324951,44840761.9209196,77146425.6215829,1.45519152283669e-11,0.0,5.08502125740051e-07,0.0,0.0,0.0,0.0,0.0,0.0,0.0,0.0,0.0,0.0,-345476779.673283,5.39277591614929,0.0,77146425.6215829,0.0,0.0,0.0,81.0,0.0,1077.0,0.0,0.0,0.0,0.0,-348458252.467815,,,,,,BASE,0.0,0,/clusteruy/home/mathiasr/generator-aware-row-scaling/results-revision/r1-internal-scaling/simple-gurobi-01pct/base-scaleflag1/resultados/caso35f_base.csv,/clusteruy/home/mathiasr/generator-aware-row-scaling/results-revision/r1-internal-scaling/simple-gurobi-01pct/base-scaleflag1/resultados/caso35f_base_postprocesado.csv,/clusteruy/home/mathiasr/generator-aware-row-scaling/results-revision/r1-internal-scaling/simple-gurobi-01pct/base-scaleflag1/logs/caso35f_base.log
caso42a.txt,base,OK,0,186.493591691,0.00542953443129,-410335378.46041954,-410248000.0,OPTIMAL,-410357657.7610768,21449.0,2101104.0,0.22,14400.0,10800.0,35590.0,9798.0,8177.0,26122.0,31.958333333333332,24.287037037037038,26.602978364709188,4,Model contains large bounds | Model contains large matrix coefficients | Model contains large rhs | max constraint violation (6.3579e-05) exceeds tolerance,0.003,2000000000.0,0.003,3000.0,5.0,7000000000.0,1.0,10000000000.0,,,,,,,,,0.0,186.493591691,1.0,1.0,1.0,0.0,0.0,0.0,,,0.0,,,,425738057.643018,,,230.814712,,,4.759641,230.814712,1.0,0.417995862699024,,,,,,,,BASE,BASE,,,,,,1.09247520296002e-08,2.3283064365387e-10,1.14325084723532e-07,6.35785568228187e-05,187231.298142957,5.10055657047247,7669753.44471079,30144152.6225526,4.10479152890275e-08,0.0,6.35785568228187e-05,0.0,0.0,0.0,0.0,0.0,3.0,0.0,0.0,0.0,0.0,-410335378.46042,1345.68005105876,0.0,30144152.6225526,0.0,0.0,0.0,1364.0,0.0,1034.0,0.0,0.0,0.0,0.0,-410248016.602891,,,,,,BASE,0.0,0,/clusteruy/home/mathiasr/generator-aware-row-scaling/results-revision/r1-internal-scaling/simple-gurobi-01pct/base-scaleflag1/resultados/caso42a_base.csv,/clusteruy/home/mathiasr/generator-aware-row-scaling/results-revision/r1-internal-scaling/simple-gurobi-01pct/base-scaleflag1/resultados/caso42a_base_postprocesado.csv,/clusteruy/home/mathiasr/generator-aware-row-scaling/results-revision/r1-internal-scaling/simple-gurobi-01pct/base-scaleflag1/logs/caso42a_base.log
caso42b.txt,base,OK,0,198.931507815,0.008485762579112,-424531060.8417321,-424482000.0,OPTIMAL,-424567085.5396297,17468.0,1515629.0,0.21,14400.0,10800.0,35590.0,9798.0,8177.0,26122.0,31.958333333333332,24.287037037037038,26.602978364709188,5,Model contains large bounds | Model contains large matrix coefficients | Model contains large rhs | max bound violation (1.4152e-04) exceeds tolerance | max constraint violation (1.4152e-04) exceeds tolerance,0.003,2000000000.0,0.003,3000.0,5.0,7000000000.0,1.0,10000000000.0,,,,,,,,,0.0,198.931507815,1.0,1.0,1.0,0.0,0.0,0.0,,,0.0,,,,232062604.057914,,,236.754923,,,4.90824,236.754923,1.0,0.31202379584869,,,,,,,,BASE,BASE,,,,,,4.37008955024358e-08,2.3283064365387e-10,1.19209289550781e-07,0.000141517056990488,161828.72085551,17.3373382712398,7393094.89111653,17493024.7626476,2.11599626709358e-11,0.0,0.000141517056990488,0.000141517056990488,0.0,1.09955882410251e-06,0.0,0.0,7.0,1.0,0.0,1.0,0.0,-424531060.841732,1977.79928686574,0.0,17493024.7626476,0.0,0.0,1.09955882410251e-06,1549.0,0.0,1018.0,0.0,0.0,1.0,0.0,-424482221.360386,,,,,,BASE,0.0,0,/clusteruy/home/mathiasr/generator-aware-row-scaling/results-revision/r1-internal-scaling/simple-gurobi-01pct/base-scaleflag1/resultados/caso42b_base.csv,/clusteruy/home/mathiasr/generator-aware-row-scaling/results-revision/r1-internal-scaling/simple-gurobi-01pct/base-scaleflag1/resultados/caso42b_base_postprocesado.csv,/clusteruy/home/mathiasr/generator-aware-row-scaling/results-revision/r1-internal-scaling/simple-gurobi-01pct/base-scaleflag1/logs/caso42b_base.log
caso42c.txt,base,OK,0,136.166891937,0.012674965279811,-417297254.38244957,-417280000.0,OPTIMAL,-417350146.66455615,16866.0,1140763.0,0.22,14400.0,10800.0,35590.0,9798.0,8177.0,26122.0,31.958333333333332,24.287037037037038,26.602978364709188,4,Model contains large bounds | Model contains large matrix coefficients | Model contains large rhs | max constraint violation (1.5312e-04) exceeds tolerance,0.003,2000000000.0,0.005,3000.0,5.0,7000000000.0,1.0,10000000000.0,,,,,,,,,0.0,136.166891937,1.0,1.0,1.0,0.0,0.0,0.0,,,0.0,,,,529773011.218028,,,152.250472,,,4.92373,152.250472,1.0,0.415617047428829,,,,,,,,BASE,BASE,,,,,,1.79178408079433e-08,5.82076609134674e-11,1.08033418655396e-07,0.00015312291711389,223189.614668191,8.36817313311803,9639289.34002492,225824838.88405,2.38418579101562e-07,0.0,0.00015312291711389,0.0,0.0,0.0,0.0,0.0,2.0,0.0,0.0,0.0,0.0,-417297254.38245,2099.96165603294,0.0,225824838.88405,0.0,0.0,0.0,1452.0,0.0,1027.0,0.0,0.0,0.0,0.0,-417280300.745511,,,,,,BASE,0.0,0,/clusteruy/home/mathiasr/generator-aware-row-scaling/results-revision/r1-internal-scaling/simple-gurobi-01pct/base-scaleflag1/resultados/caso42c_base.csv,/clusteruy/home/mathiasr/generator-aware-row-scaling/results-revision/r1-internal-scaling/simple-gurobi-01pct/base-scaleflag1/resultados/caso42c_base_postprocesado.csv,/clusteruy/home/mathiasr/generator-aware-row-scaling/results-revision/r1-internal-scaling/simple-gurobi-01pct/base-scaleflag1/logs/caso42c_base.log
caso42d.txt,base,OK,0,35.611267195,0.090367671300285,-314642727.6406993,-315748000.0,OPTIMAL,-314927062.9465839,5906.0,608447.0,0.22,14400.0,10800.0,35590.0,9565.0,7727.0,25510.0,33.576388888888886,28.453703703703702,28.322562517561114,3,Model contains large bounds | Model contains large matrix coefficients | Model contains large rhs,0.003,2000000000.0,0.003,2000.0,5.0,7000000000.0,1.0,10000000000.0,,,,,,,,,0.0,35.611267195,1.0,1.0,1.0,0.0,0.0,0.0,,,0.0,,,,445250023.390741,,,35.878021,,0.00582,2.594114,35.878021,1.0,0.01321268335411,,,,,,,,BASE,BASE,,,,,,1.816475995708e-09,5.26245713672324e-14,5.96046447753906e-08,2.04890966415405e-07,422426.565817398,4.92511331688616,21341397.1420542,318257742.459944,7.27595761418343e-12,0.0,4.76837158203125e-07,0.0,0.0,0.0,0.0,0.0,0.0,0.0,0.0,0.0,0.0,-314642727.640699,1080.52142030827,0.0,318257742.459944,0.0,0.0,0.0,534.0,0.0,1052.0,0.0,0.0,0.0,0.0,-315747596.968224,,,,,,BASE,0.0,0,/clusteruy/home/mathiasr/generator-aware-row-scaling/results-revision/r1-internal-scaling/simple-gurobi-01pct/base-scaleflag1/resultados/caso42d_base.csv,/clusteruy/home/mathiasr/generator-aware-row-scaling/results-revision/r1-internal-scaling/simple-gurobi-01pct/base-scaleflag1/resultados/caso42d_base_postprocesado.csv,/clusteruy/home/mathiasr/generator-aware-row-scaling/results-revision/r1-internal-scaling/simple-gurobi-01pct/base-scaleflag1/logs/caso42d_base.log
caso42e.txt,base,OK,0,122.88101925,0.094115580041662,-327534984.716421,-328954000.0,OPTIMAL,-327843246.16712624,43108.0,3430866.0,0.22,14400.0,10800.0,35590.0,9565.0,7727.0,25510.0,33.576388888888886,28.453703703703702,28.322562517561114,3,Model contains large bounds | Model contains large matrix coefficients | Model contains large rhs,0.003,2000000000.0,0.003,2000.0,5.0,7000000000.0,1.0,10000000000.0,,,,,,,,,0.0,122.88101925,1.0,1.0,1.0,0.0,0.0,0.0,,,0.0,,,,509785037.305535,,,146.446378,,0.074812,4.044122,146.446378,1.0,0.038684195075294,,,,,,,,BASE,BASE,,,,,,2.42595611275316e-09,5.6843418860808e-14,7.07805156707764e-08,2.04890966415405e-07,322731.309871031,4.06211439044383,12813393.7714468,30402452.3895436,9.5367431640625e-07,0.0,9.5367431640625e-07,0.0,0.0,0.0,0.0,0.0,0.0,0.0,0.0,0.0,0.0,-327534984.716421,1575.32636519089,0.0,30402452.3895436,0.0,0.0,0.0,441.0,0.0,1052.0,0.0,0.0,0.0,0.0,-328953854.339034,,,,,,BASE,0.0,0,/clusteruy/home/mathiasr/generator-aware-row-scaling/results-revision/r1-internal-scaling/simple-gurobi-01pct/base-scaleflag1/resultados/caso42e_base.csv,/clusteruy/home/mathiasr/generator-aware-row-scaling/results-revision/r1-internal-scaling/simple-gurobi-01pct/base-scaleflag1/resultados/caso42e_base_postprocesado.csv,/clusteruy/home/mathiasr/generator-aware-row-scaling/results-revision/r1-internal-scaling/simple-gurobi-01pct/base-scaleflag1/logs/caso42e_base.log
caso42f.txt,base,OK,0,338.799546829,0.0,-320992495.9067789,-322375000.0,OPTIMAL,-320992495.9067789,41505.0,2745282.0,0.22,14400.0,10800.0,35590.0,9565.0,7727.0,25510.0,33.576388888888886,28.453703703703702,28.322562517561114,3,Model contains large bounds | Model contains large matrix coefficients | Model contains large rhs,0.003,2000000000.0,0.005,2000.0,5.0,7000000000.0,1.0,10000000000.0,,,,,,,,,0.0,338.799546829,1.0,1.0,1.0,0.0,0.0,0.0,,,0.0,,,,509785037.305535,,,338.127249,,0.016592,2.88294,338.127249,1.0,0.015804809248732,,,,,,,,BASE,BASE,,,,,,2.14665234653842e-09,5.6843418860808e-14,6.14719465374948e-08,2.04890966415405e-07,607110.034738584,4.61473827741138,17281344.0237202,651693371.385482,9.5367431640625e-07,0.0,9.5367431640625e-07,0.0,0.0,0.0,0.0,0.0,0.0,0.0,0.0,0.0,0.0,-320992495.906778,1282.70487625551,0.0,651693371.385482,0.0,0.0,0.0,505.0,0.0,1052.0,0.0,0.0,0.0,0.0,-322375366.349687,,,,,,BASE,0.0,0,/clusteruy/home/mathiasr/generator-aware-row-scaling/results-revision/r1-internal-scaling/simple-gurobi-01pct/base-scaleflag1/resultados/caso42f_base.csv,/clusteruy/home/mathiasr/generator-aware-row-scaling/results-revision/r1-internal-scaling/simple-gurobi-01pct/base-scaleflag1/resultados/caso42f_base_postprocesado.csv,/clusteruy/home/mathiasr/generator-aware-row-scaling/results-revision/r1-internal-scaling/simple-gurobi-01pct/base-scaleflag1/logs/caso42f_base.log
caso43a.txt,base,OK,0,62.847542815,0.0083299582153,-375882088.4559112,-374918000.0,OPTIMAL,-375913399.2768184,6031.0,609581.0,0.26,14400.0,10800.0,35590.0,11806.0,9203.0,31572.0,18.01388888888889,14.787037037037036,11.289688114638944,3,Model contains large bounds | Model contains large matrix coefficients | Model contains large rhs,0.003,1000000000.0,0.003,3000.0,5.0,7000000000.0,1.0,10000000000.0,,,,,,,,,0.0,62.847542815,1.0,1.0,1.0,0.0,0.0,0.0,,,0.0,,,,533493006.671034,,,67.457356,,3.410715,4.666922,67.457356,1.0,0.618805884118828,,,,,,,,BASE,BASE,,,,,,3.55447592415903e-09,2.77707051798968e-11,1.05940271168947e-07,2.19792127609253e-07,686034.112017671,8.45567675756324,27936535.8746463,228454498.241108,8.71257412882187e-08,0.0,6.18398189544678e-07,0.0,0.0,0.0,0.0,0.0,0.0,0.0,0.0,0.0,0.0,-375882088.455911,1498.36166102954,0.0,228454498.241108,0.0,0.0,0.0,1234.0,0.0,988.0,0.0,0.0,0.0,0.0,-374918496.145776,,,,,,BASE,0.0,0,/clusteruy/home/mathiasr/generator-aware-row-scaling/results-revision/r1-internal-scaling/simple-gurobi-01pct/base-scaleflag1/resultados/caso43a_base.csv,/clusteruy/home/mathiasr/generator-aware-row-scaling/results-revision/r1-internal-scaling/simple-gurobi-01pct/base-scaleflag1/resultados/caso43a_base_postprocesado.csv,/clusteruy/home/mathiasr/generator-aware-row-scaling/results-revision/r1-internal-scaling/simple-gurobi-01pct/base-scaleflag1/logs/caso43a_base.log
caso43b.txt,base,OK,0,114.046031002,0.015429270498246,-391954507.8700646,-391096000.0,OPTIMAL,-392014983.59131396,6964.0,757838.0,0.26,14400.0,10800.0,35590.0,11806.0,9203.0,31572.0,18.01388888888889,14.787037037037036,11.289688114638944,3,Model contains large bounds | Model contains large matrix coefficients | Model contains large rhs,0.003,1000000000.0,0.003,3000.0,5.0,7000000000.0,1.0,10000000000.0,,,,,,,,,0.0,114.046031002,1.0,1.0,1.0,0.0,0.0,0.0,,,0.0,,,,533953295.876666,,,128.383151,,2.760588,4.560932,128.383151,1.0,0.173983609128072,,,,,,,,BASE,BASE,,,,,,3.92529876253364e-09,1.22236087918197e-10,1.03319180198014e-07,2.30967998504639e-07,654716.948691374,8.49044901532072,27870270.9709929,228616995.072179,8.71257412882187e-08,0.0,5.98374754190445e-07,0.0,0.0,6.20541878443242e-07,0.0,0.0,0.0,0.0,0.0,0.0,0.0,-391954507.870065,1892.70735173661,0.0,228616995.072179,0.0,0.0,6.20541878443242e-07,1271.0,0.0,989.0,0.0,0.0,0.0,0.0,-391095642.971599,,,,,,BASE,0.0,0,/clusteruy/home/mathiasr/generator-aware-row-scaling/results-revision/r1-internal-scaling/simple-gurobi-01pct/base-scaleflag1/resultados/caso43b_base.csv,/clusteruy/home/mathiasr/generator-aware-row-scaling/results-revision/r1-internal-scaling/simple-gurobi-01pct/base-scaleflag1/resultados/caso43b_base_postprocesado.csv,/clusteruy/home/mathiasr/generator-aware-row-scaling/results-revision/r1-internal-scaling/simple-gurobi-01pct/base-scaleflag1/logs/caso43b_base.log
caso43c.txt,base,OK,0,73.573817197,0.012087953394519,-383855470.2078678,-382884000.0,OPTIMAL,-383901870.47820884,6075.0,548078.0,0.26,14400.0,10800.0,35590.0,11806.0,9203.0,31572.0,18.01388888888889,14.787037037037036,11.289688114638944,4,Model contains large bounds | Model contains large matrix coefficients | Model contains large rhs | max constraint violation (1.9623e-04) exceeds tolerance,0.003,1000000000.0,0.005,3000.0,5.0,7000000000.0,1.0,10000000000.0,,,,,,,,,0.0,73.573817197,1.0,1.0,1.0,0.0,0.0,0.0,,,0.0,,,,545604769.298582,,,81.109663,,3.05377,4.540785,81.109663,1.0,0.465439621965762,,,,,,,,BASE,BASE,,,,,,3.02682477057486e-08,4.34859925846241e-11,1.18748284876347e-07,0.000196234591987171,660185.405710634,7.25203802409029,27833802.4164631,198705450.864887,8.71257412882187e-08,0.0,0.000196234591987171,0.0,0.0,0.0,0.0,0.0,4.0,0.0,0.0,0.0,0.0,-383855470.207868,1498.74157017281,0.0,198705450.864887,0.0,0.0,0.0,1235.0,0.0,987.0,0.0,0.0,0.0,0.0,-382884297.638628,,,,,,BASE,0.0,0,/clusteruy/home/mathiasr/generator-aware-row-scaling/results-revision/r1-internal-scaling/simple-gurobi-01pct/base-scaleflag1/resultados/caso43c_base.csv,/clusteruy/home/mathiasr/generator-aware-row-scaling/results-revision/r1-internal-scaling/simple-gurobi-01pct/base-scaleflag1/resultados/caso43c_base_postprocesado.csv,/clusteruy/home/mathiasr/generator-aware-row-scaling/results-revision/r1-internal-scaling/simple-gurobi-01pct/base-scaleflag1/logs/caso43c_base.log
caso43d.txt,base,OK,0,80.66911086,0.053483707973883,-287572283.46778494,-288973000.0,OPTIMAL,-287726087.7880887,8172.0,1130944.0,0.27,14400.0,10800.0,35590.0,11681.0,8846.0,31205.0,18.881944444444443,18.09259259259259,12.32087665074459,3,Model contains large bounds | Model contains large matrix coefficients | Model contains large rhs,0.003,1000000000.0,0.003,2000.0,5.0,7000000000.0,1.0,10000000000.0,,,,,,,,,0.0,80.66911086,1.0,1.0,1.0,0.0,0.0,0.0,,,0.0,,,,773777495.842266,,,83.724568,,0.002457,4.785534,83.724568,1.0,0.029681160322668,,,,,,,,BASE,BASE,,,,,,2.2492363015932e-09,7.63833440942108e-14,8.19563865661621e-08,2.83122062683105e-07,973796.576062199,2.16733251881279,38437639.036232,655132128.370731,2.93312041321769e-11,0.0,4.76837158203125e-07,0.0,0.0,0.0,0.0,0.0,0.0,0.0,0.0,0.0,0.0,-287572283.467785,957.371041022932,0.0,655132128.370731,0.0,0.0,0.0,419.0,0.0,1046.0,0.0,0.0,0.0,0.0,-288973293.602012,,,,,,BASE,0.0,0,/clusteruy/home/mathiasr/generator-aware-row-scaling/results-revision/r1-internal-scaling/simple-gurobi-01pct/base-scaleflag1/resultados/caso43d_base.csv,/clusteruy/home/mathiasr/generator-aware-row-scaling/results-revision/r1-internal-scaling/simple-gurobi-01pct/base-scaleflag1/resultados/caso43d_base_postprocesado.csv,/clusteruy/home/mathiasr/generator-aware-row-scaling/results-revision/r1-internal-scaling/simple-gurobi-01pct/base-scaleflag1/logs/caso43d_base.log
caso43e.txt,base,OK,0,258.227196338,0.0,-302805998.65692997,-304009000.0,OPTIMAL,-302805998.65692997,41532.0,5612676.0,0.27,14400.0,10800.0,35590.0,11681.0,8846.0,31205.0,18.881944444444443,18.09259259259259,12.32087665074459,3,Model contains large bounds | Model contains large matrix coefficients | Model contains large rhs,0.003,1000000000.0,0.003,2000.0,5.0,7000000000.0,1.0,10000000000.0,,,,,,,,,0.0,258.227196338,1.0,1.0,1.0,0.0,0.0,0.0,,,0.0,,,,413769334.723222,,,318.178824,,0.004723,4.585551,318.178824,1.0,0.011861322219059,,,,,,,,BASE,BASE,,,,,,2.0116899892928e-09,2.27373675443232e-13,6.89178705215454e-08,2.30967998504639e-07,377647.439601397,3.72027162778671,12575455.7738705,188968313.115182,3.63797880709171e-12,0.0,4.66592609882355e-07,0.0,0.0,0.0,0.0,0.0,0.0,0.0,0.0,0.0,0.0,-302805998.65693,1148.08543094099,0.0,188968313.115182,0.0,0.0,0.0,940.0,0.0,1047.0,0.0,0.0,0.0,0.0,-304009440.054934,,,,,,BASE,0.0,0,/clusteruy/home/mathiasr/generator-aware-row-scaling/results-revision/r1-internal-scaling/simple-gurobi-01pct/base-scaleflag1/resultados/caso43e_base.csv,/clusteruy/home/mathiasr/generator-aware-row-scaling/results-revision/r1-internal-scaling/simple-gurobi-01pct/base-scaleflag1/resultados/caso43e_base_postprocesado.csv,/clusteruy/home/mathiasr/generator-aware-row-scaling/results-revision/r1-internal-scaling/simple-gurobi-01pct/base-scaleflag1/logs/caso43e_base.log
caso43f.txt,base,OK,0,86.397811075,0.095429704364071,-294779537.1493304,-296401000.0,OPTIMAL,-295060844.39015776,9447.0,984462.0,0.28,14400.0,10800.0,35590.0,11681.0,8846.0,31205.0,18.881944444444443,18.09259259259259,12.32087665074459,3,Model contains large bounds | Model contains large matrix coefficients | Model contains large rhs,0.003,1000000000.0,0.005,2000.0,5.0,7000000000.0,1.0,10000000000.0,,,,,,,,,0.0,86.397811075,1.0,1.0,1.0,0.0,0.0,0.0,,,0.0,,,,1234628844.481985,,,86.56498,,0.002267,4.417629,86.56498,1.0,0.026356620010533,,,,,,,,BASE,BASE,,,,,,2.10402519007347e-09,7.63833440942108e-14,7.82310962677002e-08,2.08616256713867e-07,1118512.05572377,3.65774815192495,41048578.2547789,796850755.585175,2.94448909698986e-09,0.0,4.70317900180817e-07,0.0,0.0,0.0,0.0,0.0,0.0,0.0,0.0,0.0,0.0,-294779537.14933,957.371041022932,0.0,796850755.585175,0.0,0.0,0.0,440.0,0.0,1046.0,0.0,0.0,0.0,0.0,-296400616.503428,,,,,,BASE,0.0,0,/clusteruy/home/mathiasr/generator-aware-row-scaling/results-revision/r1-internal-scaling/simple-gurobi-01pct/base-scaleflag1/resultados/caso43f_base.csv,/clusteruy/home/mathiasr/generator-aware-row-scaling/results-revision/r1-internal-scaling/simple-gurobi-01pct/base-scaleflag1/resultados/caso43f_base_postprocesado.csv,/clusteruy/home/mathiasr/generator-aware-row-scaling/results-revision/r1-internal-scaling/simple-gurobi-01pct/base-scaleflag1/logs/caso43f_base.log
caso44a.txt,base,OK,0,75.791739059,0.01265642970529,-583991297.7111461,-581002000.0,OPTIMAL,-584065210.159226,15129.0,619594.0,0.27,14400.0,10800.0,35590.0,11914.0,9157.0,31826.0,17.26388888888889,15.212962962962964,10.576004495644844,3,Model contains large bounds | Model contains large matrix coefficients | Model contains large rhs,0.003,2000000000.0,0.003,3000.0,5.0,7000000000.0,1.0,10000000000.0,,,,,,,,,0.0,75.791739059,1.0,1.0,1.0,0.0,0.0,0.0,,,0.0,,,,485611649.924783,,,95.629758,,0.006919,3.930695,95.629758,1.0,0.011478230041262,,,,,,,,BASE,BASE,,,,,,2.40715626349577e-09,7.27595761418343e-12,8.19563865661621e-08,2.01165676116943e-07,1029889.39342271,3.16331065298923,55842579.4741672,76438193.7153185,1.03455022326671e-11,0.0,3.11993062496185e-07,0.0,0.0,0.0,0.0,0.0,0.0,0.0,0.0,0.0,0.0,-583991297.711146,1104.89741681133,0.0,76438193.7153185,0.0,0.0,0.0,415.0,0.0,1080.0,0.0,0.0,0.0,0.0,-581002441.672742,,,,,,BASE,0.0,0,/clusteruy/home/mathiasr/generator-aware-row-scaling/results-revision/r1-internal-scaling/simple-gurobi-01pct/base-scaleflag1/resultados/caso44a_base.csv,/clusteruy/home/mathiasr/generator-aware-row-scaling/results-revision/r1-internal-scaling/simple-gurobi-01pct/base-scaleflag1/resultados/caso44a_base_postprocesado.csv,/clusteruy/home/mathiasr/generator-aware-row-scaling/results-revision/r1-internal-scaling/simple-gurobi-01pct/base-scaleflag1/logs/caso44a_base.log
caso44b.txt,base,OK,0,113.811608425,0.093024663221677,-600316930.0751113,-600127000.0,OPTIMAL,-600875372.8775764,19660.0,954036.0,0.27,14400.0,10800.0,35590.0,11914.0,9157.0,31826.0,17.26388888888889,15.212962962962964,10.576004495644844,3,Model contains large bounds | Model contains large matrix coefficients | Model contains large rhs,0.003,2000000000.0,0.003,3000.0,5.0,7000000000.0,1.0,10000000000.0,,,,,,,,,0.0,113.811608425,1.0,1.0,1.0,0.0,0.0,0.0,,,0.0,,,,569989905.669589,,,137.991456,,0.007214,6.588636,137.991456,1.0,0.01042290454382,,,,,,,,BASE,BASE,,,,,,2.26197032732883e-09,7.27595761418343e-12,7.59074464440347e-08,2.08616256713867e-07,451726.182180838,23.5167517869571,23158070.2978895,44433665.346791,2.17141860048287e-11,0.0,4.20026481151581e-07,0.0,0.0,0.0,0.0,0.0,0.0,0.0,0.0,0.0,0.0,-600316930.075111,1259.37359593897,0.0,44433665.346791,0.0,0.0,0.0,1493.0,0.0,1064.0,0.0,0.0,0.0,0.0,-600126551.315405,,,,,,BASE,0.0,0,/clusteruy/home/mathiasr/generator-aware-row-scaling/results-revision/r1-internal-scaling/simple-gurobi-01pct/base-scaleflag1/resultados/caso44b_base.csv,/clusteruy/home/mathiasr/generator-aware-row-scaling/results-revision/r1-internal-scaling/simple-gurobi-01pct/base-scaleflag1/resultados/caso44b_base_postprocesado.csv,/clusteruy/home/mathiasr/generator-aware-row-scaling/results-revision/r1-internal-scaling/simple-gurobi-01pct/base-scaleflag1/logs/caso44b_base.log
caso44c.txt,base,OK,0,199.348588884,0.028513819655656,-591663285.1699563,-591060000.0,OPTIMAL,-591831990.9720584,18886.0,1694534.0,0.27,14400.0,10800.0,35590.0,11914.0,9157.0,31826.0,17.26388888888889,15.212962962962964,10.576004495644844,3,Model contains large bounds | Model contains large matrix coefficients | Model contains large rhs,0.003,2000000000.0,0.005,3000.0,5.0,7000000000.0,1.0,10000000000.0,,,,,,,,,0.0,199.348588884,1.0,1.0,1.0,0.0,0.0,0.0,,,0.0,,,,626669624.945162,,,226.746054,,0.006959,3.880652,226.746054,1.0,0.008777421357853,,,,,,,,BASE,BASE,,,,,,2.14484664020646e-09,9.38896183022562e-12,7.45058059692383e-08,2.08616256713867e-07,594420.324633079,5.72425770386984,32594411.5556143,53047739.2737936,9.3388678124029e-08,0.0,2.71014869213104e-07,0.0,0.0,0.0,0.0,0.0,0.0,0.0,0.0,0.0,0.0,-591663285.169956,1259.37359593897,0.0,53047739.2737936,0.0,0.0,0.0,1161.0,0.0,1072.0,0.0,0.0,0.0,0.0,-591059531.445383,,,,,,BASE,0.0,0,/clusteruy/home/mathiasr/generator-aware-row-scaling/results-revision/r1-internal-scaling/simple-gurobi-01pct/base-scaleflag1/resultados/caso44c_base.csv,/clusteruy/home/mathiasr/generator-aware-row-scaling/results-revision/r1-internal-scaling/simple-gurobi-01pct/base-scaleflag1/resultados/caso44c_base_postprocesado.csv,/clusteruy/home/mathiasr/generator-aware-row-scaling/results-revision/r1-internal-scaling/simple-gurobi-01pct/base-scaleflag1/logs/caso44c_base.log
caso44d.txt,base,OK,0,176.413735724,0.098642934533345,-366491871.63655484,-369548000.0,OPTIMAL,-366853389.9735633,71550.0,10312307.0,0.28,14400.0,10800.0,35590.0,11309.0,8280.0,30340.0,21.46527777777778,23.333333333333332,14.75133464456308,3,Model contains large bounds | Model contains large matrix coefficients | Model contains large rhs,0.003,2000000000.0,0.003,2000.0,5.0,7000000000.0,1.0,10000000000.0,,,,,,,,,0.0,176.413735724,1.0,1.0,1.0,0.0,0.0,0.0,,,0.0,,,,633585221.921351,,,243.809215,,0.011794,3.742449,243.809215,1.0,0.007895491340309,,,,,,,,BASE,BASE,,,,,,1.69954522817749e-09,2.91322521661538e-14,5.96232712268833e-08,2.77534127235413e-07,175474.093153478,3.5959618015634,6736417.57095821,37464075.0327964,5.6843418860808e-14,0.0,5.2829273045063e-07,0.0,0.0,0.0,0.0,0.0,0.0,0.0,0.0,0.0,0.0,-366491871.636555,855.790551680533,0.0,37464075.0327964,0.0,0.0,0.0,106.0,0.0,1080.0,0.0,0.0,0.0,0.0,-369548302.447336,,,,,,BASE,0.0,0,/clusteruy/home/mathiasr/generator-aware-row-scaling/results-revision/r1-internal-scaling/simple-gurobi-01pct/base-scaleflag1/resultados/caso44d_base.csv,/clusteruy/home/mathiasr/generator-aware-row-scaling/results-revision/r1-internal-scaling/simple-gurobi-01pct/base-scaleflag1/resultados/caso44d_base_postprocesado.csv,/clusteruy/home/mathiasr/generator-aware-row-scaling/results-revision/r1-internal-scaling/simple-gurobi-01pct/base-scaleflag1/logs/caso44d_base.log
caso44e.txt,base,OK,0,120.255745807,0.094884556673611,-384964409.0066682,-388734000.0,OPTIMAL,-385329680.7795054,29086.0,7977559.0,0.28,14400.0,10800.0,35590.0,11309.0,8280.0,30340.0,21.46527777777778,23.333333333333332,14.75133464456308,3,Model contains large bounds | Model contains large matrix coefficients | Model contains large rhs,0.003,2000000000.0,0.003,2000.0,5.0,7000000000.0,1.0,10000000000.0,,,,,,,,,0.0,120.255745807,1.0,1.0,1.0,0.0,0.0,0.0,,,0.0,,,,110746.712873,,,159.712424,,0.011968,3.475554,159.712424,1.0,0.009081336289875,,,,,,,,BASE,BASE,,,,,,1.63471794452826e-09,2.1094237467878e-14,5.21540641784668e-08,2.04890966415405e-07,999801.964509995,1.85110842931271,42571226.6103413,94800556.987027,7.27595761418343e-12,0.0,4.78699803352356e-07,0.0,0.0,0.0,0.0,0.0,0.0,0.0,0.0,0.0,0.0,-384964409.006668,637.35450177607,0.0,94800556.987027,0.0,0.0,0.0,198.0,0.0,1080.0,0.0,0.0,0.0,0.0,-388734023.630592,,,,,,BASE,0.0,0,/clusteruy/home/mathiasr/generator-aware-row-scaling/results-revision/r1-internal-scaling/simple-gurobi-01pct/base-scaleflag1/resultados/caso44e_base.csv,/clusteruy/home/mathiasr/generator-aware-row-scaling/results-revision/r1-internal-scaling/simple-gurobi-01pct/base-scaleflag1/resultados/caso44e_base_postprocesado.csv,/clusteruy/home/mathiasr/generator-aware-row-scaling/results-revision/r1-internal-scaling/simple-gurobi-01pct/base-scaleflag1/logs/caso44e_base.log
caso44f.txt,base,OK,0,149.658786846,0.099572530354048,-375319263.6362989,-379104000.0,OPTIMAL,-375692978.52400774,27276.0,7430087.0,0.27,14400.0,10800.0,35590.0,11309.0,8280.0,30340.0,21.46527777777778,23.333333333333332,14.75133464456308,3,Model contains large bounds | Model contains large matrix coefficients | Model contains large rhs,0.003,2000000000.0,0.005,2000.0,5.0,7000000000.0,1.0,10000000000.0,,,,,,,,,0.0,149.658786846,1.0,1.0,1.0,0.0,0.0,0.0,,,0.0,,,,27322.557381,,,213.943551,,0.011417,3.316578,213.943551,1.0,0.008840791809819,,,,,,,,BASE,BASE,,,,,,1.31302914004502e-09,2.1094237467878e-14,4.47221100330357e-08,7.02217221260071e-07,987724.064207818,1.83824486188194,41879991.3289831,93606993.7091296,7.27595761418343e-12,0.0,7.02217221260071e-07,0.0,0.0,0.0,0.0,0.0,0.0,0.0,0.0,0.0,0.0,-375319263.636299,630.247849467531,0.0,93606993.7091296,0.0,0.0,0.0,199.0,0.0,1080.0,0.0,0.0,0.0,0.0,-379104171.021445,,,,,,BASE,0.0,0,/clusteruy/home/mathiasr/generator-aware-row-scaling/results-revision/r1-internal-scaling/simple-gurobi-01pct/base-scaleflag1/resultados/caso44f_base.csv,/clusteruy/home/mathiasr/generator-aware-row-scaling/results-revision/r1-internal-scaling/simple-gurobi-01pct/base-scaleflag1/resultados/caso44f_base_postprocesado.csv,/clusteruy/home/mathiasr/generator-aware-row-scaling/results-revision/r1-internal-scaling/simple-gurobi-01pct/base-scaleflag1/logs/caso44f_base.log
caso45a.txt,base,OK,0,79.878955582,0.046221153865151,-501341006.5407134,-497196000.0,OPTIMAL,-501572732.1387357,14895.0,674890.0,0.24,14400.0,10800.0,35590.0,11023.0,8715.0,29069.0,23.45138888888889,19.305555555555557,18.322562517561114,3,Model contains large bounds | Model contains large matrix coefficients | Model contains large rhs,0.003,2000000000.0,0.003,3000.0,5.0,7000000000.0,1.0,10000000000.0,,,,,,,,,0.0,79.878955582,1.0,1.0,1.0,0.0,0.0,0.0,,,0.0,,,,779336368.537342,,,102.491435,,0.012448,3.512522,102.491435,1.0,0.014627494360542,,,,,,,,BASE,BASE,,,,,,2.49789609013066e-09,1.98951966012828e-13,8.38190317153931e-08,2.38418579101562e-07,951923.236932033,4.01486608291932,39848954.7846488,97597205.0331484,3.63797880709171e-12,0.0,4.76837158203125e-07,0.0,0.0,0.0,0.0,0.0,0.0,0.0,0.0,0.0,0.0,-501341006.540713,1254.79426807455,0.0,97597205.0331484,0.0,0.0,0.0,402.0,0.0,1058.0,0.0,0.0,0.0,0.0,-497195999.235462,,,,,,BASE,0.0,0,/clusteruy/home/mathiasr/generator-aware-row-scaling/results-revision/r1-internal-scaling/simple-gurobi-01pct/base-scaleflag1/resultados/caso45a_base.csv,/clusteruy/home/mathiasr/generator-aware-row-scaling/results-revision/r1-internal-scaling/simple-gurobi-01pct/base-scaleflag1/resultados/caso45a_base_postprocesado.csv,/clusteruy/home/mathiasr/generator-aware-row-scaling/results-revision/r1-internal-scaling/simple-gurobi-01pct/base-scaleflag1/logs/caso45a_base.log
caso45b.txt,base,OK,0,58.915947986,0.097146527095381,-516396630.34302306,-515538000.0,OPTIMAL,-516898291.7354389,9537.0,750336.0,0.24,14400.0,10800.0,35590.0,11023.0,8715.0,29069.0,23.45138888888889,19.305555555555557,18.322562517561114,3,Model contains large bounds | Model contains large matrix coefficients | Model contains large rhs,0.003,2000000000.0,0.003,3000.0,5.0,7000000000.0,1.0,10000000000.0,,,,,,,,,0.0,58.915947986,1.0,1.0,1.0,0.0,0.0,0.0,,,0.0,,,,586583410.371871,,,62.663799,,0.011878,4.029488,62.663799,1.0,0.017529339399935,,,,,,,,BASE,BASE,,,,,,2.69238547614289e-09,6.89561741040729e-12,8.94069671630859e-08,6.32833689451218e-07,394769.682330905,3.22161353292992,16184633.4069348,33742589.690036,3.43476358466432e-11,0.0,6.32833689451218e-07,0.0,0.0,0.0,0.0,0.0,0.0,0.0,0.0,0.0,0.0,-516396630.343023,1395.1838003371,0.0,33742589.690036,0.0,0.0,0.0,733.0,0.0,1058.0,0.0,0.0,0.0,0.0,-515538222.092119,,,,,,BASE,0.0,0,/clusteruy/home/mathiasr/generator-aware-row-scaling/results-revision/r1-internal-scaling/simple-gurobi-01pct/base-scaleflag1/resultados/caso45b_base.csv,/clusteruy/home/mathiasr/generator-aware-row-scaling/results-revision/r1-internal-scaling/simple-gurobi-01pct/base-scaleflag1/resultados/caso45b_base_postprocesado.csv,/clusteruy/home/mathiasr/generator-aware-row-scaling/results-revision/r1-internal-scaling/simple-gurobi-01pct/base-scaleflag1/logs/caso45b_base.log
caso45c.txt,base,OK,0,52.673861133,0.098941717869515,-508086439.0282837,-505771000.0,OPTIMAL,-508589148.47932035,11150.0,529882.0,0.25,14400.0,10800.0,35590.0,11023.0,8715.0,29069.0,23.45138888888889,19.305555555555557,18.322562517561114,3,Model contains large bounds | Model contains large matrix coefficients | Model contains large rhs,0.003,2000000000.0,0.005,3000.0,5.0,7000000000.0,1.0,10000000000.0,,,,,,,,,0.0,52.673861133,1.0,1.0,1.0,0.0,0.0,0.0,,,0.0,,,,856211469.3982,,,61.514097,,0.012064,3.570609,61.514097,1.0,0.018456441159272,,,,,,,,BASE,BASE,,,,,,2.67818945729198e-09,6.89407697596053e-12,8.38190317153931e-08,4.4703483581543e-07,636308.034995114,2.77075963763083,20320232.7044333,60201510.2328826,7.11315806256607e-09,0.0,6.33765012025833e-07,0.0,0.0,0.0,0.0,0.0,0.0,0.0,0.0,0.0,0.0,-508086439.028284,899.632205548784,0.0,60201510.2328826,0.0,0.0,0.0,416.0,0.0,1055.0,0.0,0.0,0.0,0.0,-505771159.959764,,,,,,BASE,0.0,0,/clusteruy/home/mathiasr/generator-aware-row-scaling/results-revision/r1-internal-scaling/simple-gurobi-01pct/base-scaleflag1/resultados/caso45c_base.csv,/clusteruy/home/mathiasr/generator-aware-row-scaling/results-revision/r1-internal-scaling/simple-gurobi-01pct/base-scaleflag1/resultados/caso45c_base_postprocesado.csv,/clusteruy/home/mathiasr/generator-aware-row-scaling/results-revision/r1-internal-scaling/simple-gurobi-01pct/base-scaleflag1/logs/caso45c_base.log
caso45d.txt,base,OK,0,10.22142254,0.098992423636931,-340648817.76373106,-341503000.0,OPTIMAL,-340986034.28452593,1271.0,56941.0,0.26,14400.0,10800.0,35590.0,10530.0,7955.0,27835.0,26.875,26.34259259259259,21.78982860354032,3,Model contains large bounds | Model contains large matrix coefficients | Model contains large rhs,0.003,2000000000.0,0.003,2000.0,5.0,7000000000.0,1.0,10000000000.0,,,,,,,,,0.0,10.22142254,1.0,1.0,1.0,0.0,0.0,0.0,,,0.0,,,,1266851167.118208,,,14.323158,,0.00726,2.712307,14.323158,1.0,0.03472351474918,,,,,,,,BASE,BASE,,,,,,1.7449799487775e-09,2.8421709430404e-14,6.89178705215454e-08,2.08616256713867e-07,651323.908923637,2.36199246440766,27262047.9796604,45271285.1849989,2.8421709430404e-14,0.0,2.08616256713867e-07,0.0,0.0,0.0,0.0,0.0,0.0,0.0,0.0,0.0,0.0,-340648817.763731,22.4489228200255,0.0,45271285.1849989,0.0,0.0,0.0,15.0,0.0,1080.0,0.0,0.0,0.0,0.0,-341503453.678229,,,,,,BASE,0.0,0,/clusteruy/home/mathiasr/generator-aware-row-scaling/results-revision/r1-internal-scaling/simple-gurobi-01pct/base-scaleflag1/resultados/caso45d_base.csv,/clusteruy/home/mathiasr/generator-aware-row-scaling/results-revision/r1-internal-scaling/simple-gurobi-01pct/base-scaleflag1/resultados/caso45d_base_postprocesado.csv,/clusteruy/home/mathiasr/generator-aware-row-scaling/results-revision/r1-internal-scaling/simple-gurobi-01pct/base-scaleflag1/logs/caso45d_base.log
caso45e.txt,base,OK,0,22.478227008,0.097444884119442,-358090761.3271637,-359670000.0,OPTIMAL,-358439702.4545814,462.0,458086.0,0.25,14400.0,10800.0,35590.0,10530.0,7955.0,27835.0,26.875,26.34259259259259,21.78982860354032,3,Model contains large bounds | Model contains large matrix coefficients | Model contains large rhs,0.003,2000000000.0,0.003,2000.0,5.0,7000000000.0,1.0,10000000000.0,,,,,,,,,0.0,22.478227008,1.0,1.0,1.0,0.0,0.0,0.0,,,0.0,,,,33557.06174,,,25.24487,,0.004434,6.095602,25.24487,1.0,0.017728145341139,,,,,,,,BASE,BASE,,,,,,1.70204564390073e-09,2.8421709430404e-14,6.70552253723145e-08,2.01165676116943e-07,1498838.80779021,2.24511963838663,66480362.4364526,118722812.39191,2.8421709430404e-14,0.0,3.71597707271576e-07,0.0,0.0,0.0,0.0,0.0,0.0,0.0,0.0,0.0,0.0,-358090761.327164,22.4489228200255,0.0,118722812.39191,0.0,0.0,0.0,289.0,0.0,1080.0,0.0,0.0,0.0,0.0,-359670484.542742,,,,,,BASE,0.0,0,/clusteruy/home/mathiasr/generator-aware-row-scaling/results-revision/r1-internal-scaling/simple-gurobi-01pct/base-scaleflag1/resultados/caso45e_base.csv,/clusteruy/home/mathiasr/generator-aware-row-scaling/results-revision/r1-internal-scaling/simple-gurobi-01pct/base-scaleflag1/resultados/caso45e_base_postprocesado.csv,/clusteruy/home/mathiasr/generator-aware-row-scaling/results-revision/r1-internal-scaling/simple-gurobi-01pct/base-scaleflag1/logs/caso45e_base.log
caso45f.txt,base,OK,0,60.650283139,0.091395276977519,-348889011.57994896,-350644000.0,OPTIMAL,-349207879.6584266,1464.0,916322.0,0.25,14400.0,10800.0,35590.0,10530.0,7955.0,27835.0,26.875,26.34259259259259,21.78982860354032,3,Model contains large bounds | Model contains large matrix coefficients | Model contains large rhs,0.003,2000000000.0,0.005,2000.0,5.0,7000000000.0,1.0,10000000000.0,,,,,,,,,0.0,60.650283139,1.0,1.0,1.0,0.0,0.0,0.0,,,0.0,,,,22515.596846,,,85.788499,,0.007332,3.038812,85.788499,1.0,0.00998050589797,,,,,,,,BASE,BASE,,,,,,1.69715863409155e-09,2.8421709430404e-14,6.89178705215454e-08,2.04890966415405e-07,1425288.89904209,2.63187643963408,64887172.7162366,104507623.851775,2.8421709430404e-14,0.0,2.04890966415405e-07,0.0,0.0,0.0,0.0,0.0,0.0,0.0,0.0,0.0,0.0,-348889011.579949,22.4489228200255,0.0,104507623.851775,0.0,0.0,0.0,173.0,0.0,1080.0,0.0,0.0,0.0,0.0,-350643930.857822,,,,,,BASE,0.0,0,/clusteruy/home/mathiasr/generator-aware-row-scaling/results-revision/r1-internal-scaling/simple-gurobi-01pct/base-scaleflag1/resultados/caso45f_base.csv,/clusteruy/home/mathiasr/generator-aware-row-scaling/results-revision/r1-internal-scaling/simple-gurobi-01pct/base-scaleflag1/resultados/caso45f_base_postprocesado.csv,/clusteruy/home/mathiasr/generator-aware-row-scaling/results-revision/r1-internal-scaling/simple-gurobi-01pct/base-scaleflag1/logs/caso45f_base.log
caso46a.txt,base,OK,0,41.088055234,0.003377501988204,-323935548.33156323,-391458000.0,OPTIMAL,-323946489.26114863,12483.0,524687.0,0.23,14400.0,10800.0,35590.0,10720.0,8791.0,28374.0,25.555555555555557,18.60185185185185,20.27535824669851,3,Model contains large bounds | Model contains large matrix coefficients | Model contains large rhs,0.003,2000000000.0,0.003,3000.0,5.0,7000000000.0,1.0,10000000000.0,,,,,,,,,0.0,41.088055234,1.0,1.0,1.0,0.0,0.0,0.0,,,0.0,,,,148481836.15573,,,46.782628,,0.036995,2.830269,46.782628,1.0,0.03786263762144,,,,,,,,BASE,BASE,,,,,,1.56889986411245e-09,1.80605530530895e-14,4.84334304928781e-08,2.19792127609253e-07,6326860.16638448,40.133438330904,115440851.701509,801585853.376359,1.81898940354586e-12,0.0,4.59607690572739e-07,0.0,0.0,0.0,0.0,0.0,0.0,0.0,0.0,0.0,0.0,-323935548.331563,2387.75737983458,0.0,801585853.376359,0.0,0.0,0.0,545.0,0.0,903.0,0.0,0.0,0.0,0.0,-391458381.816485,,,,,,BASE,0.0,0,/clusteruy/home/mathiasr/generator-aware-row-scaling/results-revision/r1-internal-scaling/simple-gurobi-01pct/base-scaleflag1/resultados/caso46a_base.csv,/clusteruy/home/mathiasr/generator-aware-row-scaling/results-revision/r1-internal-scaling/simple-gurobi-01pct/base-scaleflag1/resultados/caso46a_base_postprocesado.csv,/clusteruy/home/mathiasr/generator-aware-row-scaling/results-revision/r1-internal-scaling/simple-gurobi-01pct/base-scaleflag1/logs/caso46a_base.log
caso46b.txt,base,OK,0,48.007063965,0.060966780066892,-338026974.3753922,-338268000.0,OPTIMAL,-338233058.5374264,11959.0,400663.0,0.24,14400.0,10800.0,35590.0,10720.0,8791.0,28374.0,25.555555555555557,18.60185185185185,20.27535824669851,5,Model contains large bounds | Model contains large matrix coefficients | Model contains large rhs | max bound violation (1.3233e-04) exceeds tolerance | max constraint violation (1.4113e-04) exceeds tolerance,0.003,2000000000.0,0.003,3000.0,5.0,7000000000.0,1.0,10000000000.0,,,,,,,,,0.0,48.007063965,1.0,1.0,1.0,0.0,0.0,0.0,,,0.0,,,,875453184.71737,,,49.513397,,0.035706,4.42115,49.513397,1.0,0.072125179432424,,,,,,,,BASE,BASE,,,,,,4.026120895586e-08,1.4627761155128e-11,1.00093020591885e-07,0.000141133666944473,207258.743860168,1.67962234705385,5923278.16589393,88810623.0961632,1.14705471787602e-08,0.0,0.000141133666944473,0.00013233493455876,0.0,0.0,0.0,0.0,11.0,4.0,0.0,0.0,0.0,-338026974.375392,1311.07864068424,0.0,88810623.0961632,0.0,0.0,0.0,1120.0,0.0,896.0,0.0,0.0,0.0,0.0,-338268317.692825,,,,,,BASE,0.0,0,/clusteruy/home/mathiasr/generator-aware-row-scaling/results-revision/r1-internal-scaling/simple-gurobi-01pct/base-scaleflag1/resultados/caso46b_base.csv,/clusteruy/home/mathiasr/generator-aware-row-scaling/results-revision/r1-internal-scaling/simple-gurobi-01pct/base-scaleflag1/resultados/caso46b_base_postprocesado.csv,/clusteruy/home/mathiasr/generator-aware-row-scaling/results-revision/r1-internal-scaling/simple-gurobi-01pct/base-scaleflag1/logs/caso46b_base.log
caso46c.txt,base,OK,0,43.861543075,0.015822208948746,-330020286.32030785,-330065000.0,OPTIMAL,-330072502.8195827,9868.0,381297.0,0.23,14400.0,10800.0,35590.0,10720.0,8791.0,28374.0,25.555555555555557,18.60185185185185,20.27535824669851,4,Model contains large bounds | Model contains large matrix coefficients | Model contains large rhs | max constraint violation (1.1921e-06) exceeds tolerance,0.003,2000000000.0,0.005,3000.0,5.0,7000000000.0,1.0,10000000000.0,,,,,,,,,0.0,43.861543075,1.0,1.0,1.0,0.0,0.0,0.0,,,0.0,,,,1074860684.741995,,,49.050405,,0.036073,3.308976,49.050405,1.0,0.039930112197736,,,,,,,,BASE,BASE,,,,,,3.76725218523796e-09,1.26209376283268e-11,9.63982893154026e-08,2.34693288803101e-07,335843.581903069,1.73629382407275,12099574.6474474,214634327.534589,6.50857145956252e-12,0.0,1.19209289550781e-06,0.0,0.0,0.0,0.0,0.0,2.0,0.0,0.0,0.0,0.0,-330020286.320308,1116.25636818459,0.0,214634327.534589,0.0,0.0,0.0,752.0,0.0,869.0,0.0,0.0,0.0,0.0,-330064929.14688,,,,,,BASE,0.0,0,/clusteruy/home/mathiasr/generator-aware-row-scaling/results-revision/r1-internal-scaling/simple-gurobi-01pct/base-scaleflag1/resultados/caso46c_base.csv,/clusteruy/home/mathiasr/generator-aware-row-scaling/results-revision/r1-internal-scaling/simple-gurobi-01pct/base-scaleflag1/resultados/caso46c_base_postprocesado.csv,/clusteruy/home/mathiasr/generator-aware-row-scaling/results-revision/r1-internal-scaling/simple-gurobi-01pct/base-scaleflag1/logs/caso46c_base.log
caso46d.txt,base,OK,0,47.907288512,0.00014847882373,-240522830.7851718,-260106000.0,OPTIMAL,-240523187.91064176,8753.0,1110096.0,0.24,14400.0,10800.0,35590.0,10730.0,8444.0,28281.0,25.48611111111111,21.814814814814813,20.536667603259342,3,Model contains large bounds | Model contains large matrix coefficients | Model contains large rhs,0.003,2000000000.0,0.003,2000.0,5.0,7000000000.0,1.0,10000000000.0,,,,,,,,,0.0,47.907288512,1.0,1.0,1.0,0.0,0.0,0.0,,,0.0,,,,1340717251.344162,,,57.565723,,0.039176,2.71042,57.565723,1.0,0.039749850267357,,,,,,,,BASE,BASE,,,,,,1.47464658949255e-09,1.4210854715202e-14,5.30853867530823e-08,2.08616256713867e-07,4033645.41972206,4.21104539931326,49812655.0856879,857272223.885985,2.27373675443232e-13,0.0,3.66475433111191e-07,0.0,0.0,0.0,0.0,0.0,0.0,0.0,0.0,0.0,0.0,-240522830.785172,703.757135996537,0.0,857272223.885985,0.0,0.0,0.0,240.0,0.0,949.0,0.0,0.0,0.0,0.0,-260105807.008235,,,,,,BASE,0.0,0,/clusteruy/home/mathiasr/generator-aware-row-scaling/results-revision/r1-internal-scaling/simple-gurobi-01pct/base-scaleflag1/resultados/caso46d_base.csv,/clusteruy/home/mathiasr/generator-aware-row-scaling/results-revision/r1-internal-scaling/simple-gurobi-01pct/base-scaleflag1/resultados/caso46d_base_postprocesado.csv,/clusteruy/home/mathiasr/generator-aware-row-scaling/results-revision/r1-internal-scaling/simple-gurobi-01pct/base-scaleflag1/logs/caso46d_base.log
caso46e.txt,base,OK,0,142.115895604,0.052359206914597,-255496850.05787274,-256859000.0,OPTIMAL,-255630626.18225482,15160.0,3979496.0,0.24,14400.0,10800.0,35590.0,10730.0,8444.0,28281.0,25.48611111111111,21.814814814814813,20.536667603259342,3,Model contains large bounds | Model contains large matrix coefficients | Model contains large rhs,0.003,2000000000.0,0.003,2000.0,5.0,7000000000.0,1.0,10000000000.0,,,,,,,,,0.0,142.115895604,1.0,1.0,1.0,0.0,0.0,0.0,,,0.0,,,,128308.787745,,,160.589439,,0.037802,3.650606,160.589439,1.0,0.033238920953888,,,,,,,,BASE,BASE,,,,,,3.82566356386717e-09,2.39994690787171e-12,8.19563865661621e-08,2.38418579101562e-07,594023.668842612,1.62059609041133,25189327.841238,77283261.3449891,3.63797880709171e-12,0.0,9.78121533989906e-07,0.0,0.0,0.0,0.0,0.0,0.0,0.0,0.0,0.0,0.0,-255496850.057873,546.561482649195,0.0,77283261.3449891,0.0,0.0,0.0,651.0,0.0,952.0,0.0,0.0,0.0,0.0,-256858930.30558,,,,,,BASE,0.0,0,/clusteruy/home/mathiasr/generator-aware-row-scaling/results-revision/r1-internal-scaling/simple-gurobi-01pct/base-scaleflag1/resultados/caso46e_base.csv,/clusteruy/home/mathiasr/generator-aware-row-scaling/results-revision/r1-internal-scaling/simple-gurobi-01pct/base-scaleflag1/resultados/caso46e_base_postprocesado.csv,/clusteruy/home/mathiasr/generator-aware-row-scaling/results-revision/r1-internal-scaling/simple-gurobi-01pct/base-scaleflag1/logs/caso46e_base.log
caso46f.txt,base,OK,0,134.045896823,0.002821479372635,-247246421.76631343,-261093000.0,OPTIMAL,-247253397.77310315,11822.0,3344517.0,0.24,14400.0,10800.0,35590.0,10730.0,8444.0,28281.0,25.48611111111111,21.814814814814813,20.536667603259342,4,Model contains large bounds | Model contains large matrix coefficients | Model contains large rhs | max constraint violation (7.3392e-05) exceeds tolerance,0.003,2000000000.0,0.005,2000.0,5.0,7000000000.0,1.0,10000000000.0,,,,,,,,,0.0,134.045896823,1.0,1.0,1.0,0.0,0.0,0.0,,,0.0,,,,1146716032.165877,,,147.869941,,0.039328,3.228034,147.869941,1.0,0.035926530747682,,,,,,,,BASE,BASE,,,,,,6.92507754686392e-09,2.8421709430404e-14,5.68199902772905e-08,7.33922665583364e-05,2771134.8183436,2.97753512674049,37715201.4908552,843383870.027682,1.07291953099775e-11,0.0,7.33922665583364e-05,0.0,0.0,0.0,0.0,0.0,1.0,0.0,0.0,0.0,0.0,-247246421.766313,572.482042509655,0.0,843383870.027682,0.0,0.0,0.0,243.0,0.0,941.0,0.0,0.0,0.0,0.0,-261092821.774596,,,,,,BASE,0.0,0,/clusteruy/home/mathiasr/generator-aware-row-scaling/results-revision/r1-internal-scaling/simple-gurobi-01pct/base-scaleflag1/resultados/caso46f_base.csv,/clusteruy/home/mathiasr/generator-aware-row-scaling/results-revision/r1-internal-scaling/simple-gurobi-01pct/base-scaleflag1/resultados/caso46f_base_postprocesado.csv,/clusteruy/home/mathiasr/generator-aware-row-scaling/results-revision/r1-internal-scaling/simple-gurobi-01pct/base-scaleflag1/logs/caso46f_base.log
caso47a.txt,base,OK,0,2.453186972,0.000524245609679,-201163907.71556535,-230843000.0,OPTIMAL,-201164962.3085198,1.0,8891.0,0.24,14400.0,10800.0,35590.0,10382.0,8582.0,28309.0,27.90277777777778,20.537037037037038,20.45799381848834,4,Model contains large bounds | Model contains large matrix coefficients | Model contains large rhs | max constraint violation (1.0201e-06) exceeds tolerance,0.003,2000000000.0,0.003,3000.0,5.0,7000000000.0,1.0,10000000000.0,,,,,,,,,0.0,2.453186972,1.0,1.0,1.0,0.0,0.0,0.0,,,0.0,,,,85868.224366,,,1.831922,,0.036951,1.972547,1.831922,1.0,0.122640718924272,,,,,,,,BASE,BASE,,,,,,3.3782067899353e-09,1.4210854715202e-14,8.5681676864624e-08,1.02014746516943e-06,3516616.64599133,4.05260687451759,85359969.5041145,777789155.967345,3.83693077310454e-12,0.0,1.02014746516943e-06,0.0,0.0,0.0,0.0,0.0,1.0,0.0,0.0,0.0,0.0,-201163907.715565,1065.67351107924,0.0,777789155.967345,0.0,0.0,0.0,524.0,0.0,791.0,0.0,0.0,0.0,0.0,-230842933.254708,,,,,,BASE,0.0,0,/clusteruy/home/mathiasr/generator-aware-row-scaling/results-revision/r1-internal-scaling/simple-gurobi-01pct/base-scaleflag1/resultados/caso47a_base.csv,/clusteruy/home/mathiasr/generator-aware-row-scaling/results-revision/r1-internal-scaling/simple-gurobi-01pct/base-scaleflag1/resultados/caso47a_base_postprocesado.csv,/clusteruy/home/mathiasr/generator-aware-row-scaling/results-revision/r1-internal-scaling/simple-gurobi-01pct/base-scaleflag1/logs/caso47a_base.log
caso47b.txt,base,OK,0,21.349940936,0.084556152915278,-214367529.1642493,-221493000.0,OPTIMAL,-214548790.10001013,3023.0,200730.0,0.24,14400.0,10800.0,35590.0,10382.0,8582.0,28309.0,27.90277777777778,20.537037037037038,20.45799381848834,5,Model contains large bounds | Model contains large matrix coefficients | Model contains large rhs | max bound violation (1.1969e-04) exceeds tolerance | max constraint violation (1.1969e-04) exceeds tolerance,0.003,2000000000.0,0.003,3000.0,5.0,7000000000.0,1.0,10000000000.0,,,,,,,,,0.0,21.349940936,1.0,1.0,1.0,0.0,0.0,0.0,,,0.0,,,,1265879498.233765,,,20.925565,,0.003755,4.491577,20.925565,1.0,0.013690204287795,,,,,,,,BASE,BASE,,,,,,2.54053519374855e-08,7.25380866484214e-12,1.04336068034173e-07,0.000119694700748448,875944.916142577,1.2772904640691,12157119.7783845,867316645.527351,5.2198924294089e-07,0.0,0.000119694700748448,0.000119694700748448,0.0,0.0,0.0,0.0,7.0,2.0,0.0,0.0,0.0,-214367529.164249,1032.3540033685,0.0,867316645.527351,1.85367228190104e-09,0.0,0.0,804.0,0.0,818.0,0.0,0.0,0.0,0.0,-221492734.696171,,,,,,BASE,0.0,0,/clusteruy/home/mathiasr/generator-aware-row-scaling/results-revision/r1-internal-scaling/simple-gurobi-01pct/base-scaleflag1/resultados/caso47b_base.csv,/clusteruy/home/mathiasr/generator-aware-row-scaling/results-revision/r1-internal-scaling/simple-gurobi-01pct/base-scaleflag1/resultados/caso47b_base_postprocesado.csv,/clusteruy/home/mathiasr/generator-aware-row-scaling/results-revision/r1-internal-scaling/simple-gurobi-01pct/base-scaleflag1/logs/caso47b_base.log
caso47c.txt,base,OK,0,10.113226771,0.000459065984667,-207205404.7320146,-220924000.0,OPTIMAL,-207206355.9415461,477.0,43897.0,0.24,14400.0,10800.0,35590.0,10382.0,8582.0,28309.0,27.90277777777778,20.537037037037038,20.45799381848834,3,Model contains large bounds | Model contains large matrix coefficients | Model contains large rhs,0.003,2000000000.0,0.005,3000.0,5.0,7000000000.0,1.0,10000000000.0,,,,,,,,,0.0,10.113226771,1.0,1.0,1.0,0.0,0.0,0.0,,,0.0,,,,1176320298.108221,,,9.349514,,0.016544,4.053085,9.349514,1.0,0.037151098377628,,,,,,,,BASE,BASE,,,,,,4.4736489646435e-09,1.4210854715202e-14,1.11795961856843e-07,9.87551175057888e-07,2262373.39935716,1.68271091263738,58981855.786727,836433976.750147,9.5367431640625e-07,0.0,9.87551175057888e-07,0.0,0.0,0.0,0.0,0.0,0.0,0.0,0.0,0.0,0.0,-207205404.732015,855.017119354277,0.0,836433976.750147,0.0,0.0,0.0,376.0,0.0,774.0,0.0,0.0,0.0,0.0,-220924208.178962,,,,,,BASE,0.0,0,/clusteruy/home/mathiasr/generator-aware-row-scaling/results-revision/r1-internal-scaling/simple-gurobi-01pct/base-scaleflag1/resultados/caso47c_base.csv,/clusteruy/home/mathiasr/generator-aware-row-scaling/results-revision/r1-internal-scaling/simple-gurobi-01pct/base-scaleflag1/resultados/caso47c_base_postprocesado.csv,/clusteruy/home/mathiasr/generator-aware-row-scaling/results-revision/r1-internal-scaling/simple-gurobi-01pct/base-scaleflag1/logs/caso47c_base.log
caso47d.txt,base,OK,0,2.580917315,6.065180965e-06,-185771587.76484418,-199438000.0,OPTIMAL,-185771599.03222716,1.0,8994.0,0.24,14400.0,10800.0,35590.0,10688.0,8576.0,28903.0,25.77777777777778,20.59259259259259,18.78898567013206,4,Model contains large bounds | Model contains large matrix coefficients | Model contains large rhs | max constraint violation (3.0994e-06) exceeds tolerance,0.003,2000000000.0,0.003,2000.0,5.0,7000000000.0,1.0,10000000000.0,,,,,,,,,0.0,2.580917315,1.0,1.0,1.0,0.0,0.0,0.0,,,0.0,,,,43980.566596,,,1.904673,,0.006527,2.214431,1.904673,1.0,0.519555108759517,,,,,,,,BASE,BASE,,,,,,2.38811879245462e-09,1.4210854715202e-14,8.11496283859016e-08,3.05287539958954e-06,4475753.58960424,7.69466384231868,122527207.622643,859413755.463495,2.27373675443232e-13,0.0,3.05287539958954e-06,0.0,0.0,0.0,0.0,0.0,1.0,0.0,0.0,0.0,0.0,-185771587.764844,1279.35894895974,0.0,859413755.463495,0.0,0.0,0.0,269.0,0.0,901.0,0.0,0.0,0.0,0.0,-199438430.824562,,,,,,BASE,0.0,0,/clusteruy/home/mathiasr/generator-aware-row-scaling/results-revision/r1-internal-scaling/simple-gurobi-01pct/base-scaleflag1/resultados/caso47d_base.csv,/clusteruy/home/mathiasr/generator-aware-row-scaling/results-revision/r1-internal-scaling/simple-gurobi-01pct/base-scaleflag1/resultados/caso47d_base_postprocesado.csv,/clusteruy/home/mathiasr/generator-aware-row-scaling/results-revision/r1-internal-scaling/simple-gurobi-01pct/base-scaleflag1/logs/caso47d_base.log
caso47e.txt,base,OK,0,54.345825505,0.064056734569402,-198327095.737664,-198192000.0,OPTIMAL,-198454137.5989599,5898.0,585592.0,0.24,14400.0,10800.0,35590.0,10688.0,8576.0,28903.0,25.77777777777778,20.59259259259259,18.78898567013206,5,Model contains large bounds | Model contains large matrix coefficients | Model contains large rhs | max bound violation (1.5348e-05) exceeds tolerance | max constraint violation (6.3340e-05) exceeds tolerance,0.003,2000000000.0,0.003,2000.0,5.0,7000000000.0,1.0,10000000000.0,,,,,,,,,0.0,54.345825505,1.0,1.0,1.0,0.0,0.0,0.0,,,0.0,,,,965817295.640212,,,58.436591,,0.511279,5.517736,58.436591,1.0,0.087371910828717,,,,,,,,BASE,BASE,,,,,,1.12830211555392e-08,1.14964593400657e-11,1.04202190414071e-07,6.33395274602933e-05,459385.343419491,3.94928476479145,24807194.0675959,385437405.730833,2.30429009207e-11,0.0,6.33395274602933e-05,1.53475029114184e-05,0.0,0.0,0.0,0.0,4.0,3.0,0.0,0.0,0.0,-198327095.737664,1209.14015171808,0.0,385437405.730833,0.0,0.0,0.0,1047.0,0.0,907.0,0.0,0.0,0.0,0.0,-198192049.843878,,,,,,BASE,0.0,0,/clusteruy/home/mathiasr/generator-aware-row-scaling/results-revision/r1-internal-scaling/simple-gurobi-01pct/base-scaleflag1/resultados/caso47e_base.csv,/clusteruy/home/mathiasr/generator-aware-row-scaling/results-revision/r1-internal-scaling/simple-gurobi-01pct/base-scaleflag1/resultados/caso47e_base_postprocesado.csv,/clusteruy/home/mathiasr/generator-aware-row-scaling/results-revision/r1-internal-scaling/simple-gurobi-01pct/base-scaleflag1/logs/caso47e_base.log
caso47f.txt,base,OK,0,7.298509648,0.004373230832106,-191234645.48932156,-197789000.0,OPTIMAL,-191243008.62179977,218.0,34485.0,0.24,14400.0,10800.0,35590.0,10688.0,8576.0,28903.0,25.77777777777778,20.59259259259259,18.78898567013206,3,Model contains large bounds | Model contains large matrix coefficients | Model contains large rhs,0.003,2000000000.0,0.005,2000.0,5.0,7000000000.0,1.0,10000000000.0,,,,,,,,,0.0,7.298509648,1.0,1.0,1.0,0.0,0.0,0.0,,,0.0,,,,1176176975.258606,,,5.801697,,0.006264,4.128753,5.801697,1.0,0.276412833947668,,,,,,,,BASE,BASE,,,,,,2.44886484518929e-09,3.46833672892892e-14,8.94069671630859e-08,4.76720742881298e-07,2116104.26258041,6.07283862614647,66483618.5829801,847470155.442586,3.57627868652344e-07,0.0,4.76720742881298e-07,0.0,0.0,0.0,0.0,0.0,0.0,0.0,0.0,0.0,0.0,-191234645.489322,1276.0545349719,0.0,847470155.442586,0.0,0.0,0.0,447.0,0.0,899.0,0.0,0.0,0.0,0.0,-197789176.753805,,,,,,BASE,0.0,0,/clusteruy/home/mathiasr/generator-aware-row-scaling/results-revision/r1-internal-scaling/simple-gurobi-01pct/base-scaleflag1/resultados/caso47f_base.csv,/clusteruy/home/mathiasr/generator-aware-row-scaling/results-revision/r1-internal-scaling/simple-gurobi-01pct/base-scaleflag1/resultados/caso47f_base_postprocesado.csv,/clusteruy/home/mathiasr/generator-aware-row-scaling/results-revision/r1-internal-scaling/simple-gurobi-01pct/base-scaleflag1/logs/caso47f_base.log
caso48a.txt,base,OK,0,1.463208777,0.000324173621237,-304058944.7886183,-372747000.0,OPTIMAL,-304059930.46751034,1.0,5999.0,0.24,14400.0,10800.0,35590.0,10422.0,8576.0,27872.0,27.625,20.59259259259259,21.685866816521497,3,Model contains large bounds | Model contains large matrix coefficients | Model contains large rhs,0.002,2000000000.0,0.003,3000.0,5.0,6000000000.0,1.0,10000000000.0,,,,,,,,,0.0,1.463208777,1.0,1.0,1.0,0.0,0.0,0.0,,,0.0,,,,40952.733332,,,1.286854,,0.002804,1.235946,1.286854,1.0,0.262401870206307,,,,,,,,BASE,BASE,,,,,,1.45097859707486e-09,2.8421709430404e-14,4.4703483581543e-08,4.67567588202655e-07,7580854.34719992,21.2956009973412,122311326.337473,867672279.17169,3.63797880709171e-12,0.0,4.67567588202655e-07,0.0,0.0,0.0,0.0,0.0,0.0,0.0,0.0,0.0,0.0,-304058944.788618,419.951449654916,0.0,867672279.17169,0.0,0.0,0.0,275.0,0.0,880.0,0.0,0.0,0.0,0.0,-372747122.550791,,,,,,BASE,0.0,0,/clusteruy/home/mathiasr/generator-aware-row-scaling/results-revision/r1-internal-scaling/simple-gurobi-01pct/base-scaleflag1/resultados/caso48a_base.csv,/clusteruy/home/mathiasr/generator-aware-row-scaling/results-revision/r1-internal-scaling/simple-gurobi-01pct/base-scaleflag1/resultados/caso48a_base_postprocesado.csv,/clusteruy/home/mathiasr/generator-aware-row-scaling/results-revision/r1-internal-scaling/simple-gurobi-01pct/base-scaleflag1/logs/caso48a_base.log
caso48b.txt,base,OK,0,56.915690634,0.047093379968208,-316563971.5998881,-317376000.0,OPTIMAL,-316713052.2738761,5455.0,595103.0,0.24,14400.0,10800.0,35590.0,10422.0,8576.0,27872.0,27.625,20.59259259259259,21.685866816521497,3,Model contains large bounds | Model contains large matrix coefficients | Model contains large rhs,0.002,2000000000.0,0.003,3000.0,5.0,6000000000.0,1.0,10000000000.0,,,,,,,,,0.0,56.915690634,1.0,1.0,1.0,0.0,0.0,0.0,,,0.0,,,,661606771.773917,,,63.988499,,0.002629,3.232782,63.988499,1.0,0.032298857126947,,,,,,,,BASE,BASE,,,,,,3.62193510976601e-09,4.19847351329494e-12,9.26712527871133e-08,9.5367431640625e-07,372611.009199553,1.19856335525845,16664868.3213273,274969781.09401,6.23003870714456e-11,0.0,9.54372808337212e-07,0.0,0.0,0.0,0.0,0.0,0.0,0.0,0.0,0.0,0.0,-316563971.599888,764.285473172582,0.0,274969781.09401,0.0,0.0,0.0,579.0,0.0,889.0,0.0,0.0,0.0,0.0,-317375814.429393,,,,,,BASE,0.0,0,/clusteruy/home/mathiasr/generator-aware-row-scaling/results-revision/r1-internal-scaling/simple-gurobi-01pct/base-scaleflag1/resultados/caso48b_base.csv,/clusteruy/home/mathiasr/generator-aware-row-scaling/results-revision/r1-internal-scaling/simple-gurobi-01pct/base-scaleflag1/resultados/caso48b_base_postprocesado.csv,/clusteruy/home/mathiasr/generator-aware-row-scaling/results-revision/r1-internal-scaling/simple-gurobi-01pct/base-scaleflag1/logs/caso48b_base.log
caso48c.txt,base,OK,0,9.068574342,0.054494895786896,-309182445.6857331,-313836000.0,OPTIMAL,-309350934.3373009,193.0,49272.0,0.24,14400.0,10800.0,35590.0,10422.0,8576.0,27872.0,27.625,20.59259259259259,21.685866816521497,4,Model contains large bounds | Model contains large matrix coefficients | Model contains large rhs | max constraint violation (1.2884e-06) exceeds tolerance,0.002,2000000000.0,0.005,3000.0,5.0,6000000000.0,1.0,10000000000.0,,,,,,,,,0.0,9.068574342,1.0,1.0,1.0,0.0,0.0,0.0,,,0.0,,,,728183265.307221,,,8.491716,,0.003074,2.399166,8.491716,1.0,0.040134762293875,,,,,,,,BASE,BASE,,,,,,3.39108055765827e-09,5.1603166184576e-14,9.70903784036636e-08,1.28836836665869e-06,884733.935833249,1.46925332999971,32336892.4115273,868271973.68913,2.1440627051561e-12,0.0,1.28836836665869e-06,0.0,0.0,0.0,0.0,0.0,1.0,0.0,0.0,0.0,0.0,-309182445.685733,450.041428913675,0.0,868271973.68913,0.0,0.0,0.0,360.0,0.0,858.0,0.0,0.0,0.0,0.0,-313835509.721271,,,,,,BASE,0.0,0,/clusteruy/home/mathiasr/generator-aware-row-scaling/results-revision/r1-internal-scaling/simple-gurobi-01pct/base-scaleflag1/resultados/caso48c_base.csv,/clusteruy/home/mathiasr/generator-aware-row-scaling/results-revision/r1-internal-scaling/simple-gurobi-01pct/base-scaleflag1/resultados/caso48c_base_postprocesado.csv,/clusteruy/home/mathiasr/generator-aware-row-scaling/results-revision/r1-internal-scaling/simple-gurobi-01pct/base-scaleflag1/logs/caso48c_base.log
caso48d.txt,base,OK,0,7.329461,0.007332540583561,-220361915.9020767,-239130000.0,OPTIMAL,-220378074.02899092,2073.0,111786.0,0.24,14400.0,10800.0,35590.0,10617.0,8426.0,28214.0,26.270833333333332,21.98148148148148,20.724922731104243,3,Model contains large bounds | Model contains large matrix coefficients | Model contains large rhs,0.002,2000000000.0,0.003,2000.0,5.0,6000000000.0,1.0,10000000000.0,,,,,,,,,0.0,7.329461,1.0,1.0,1.0,0.0,0.0,0.0,,,0.0,,,,47617.521495,,,6.64946,,0.00714,1.936041,6.64946,1.0,0.042653221495413,,,,,,,,BASE,BASE,,,,,,1.62876565042083e-09,2.8421709430404e-14,5.58793544769287e-08,8.38772393763065e-07,4163338.0925242,7.15500016716541,75711677.9621765,860490119.799787,2.27373675443232e-12,0.0,8.38772393763065e-07,0.0,0.0,0.0,0.0,0.0,0.0,0.0,0.0,0.0,0.0,-220361915.902077,660.932935718571,0.0,860490119.799787,0.0,0.0,0.0,212.0,0.0,927.0,0.0,0.0,0.0,0.0,-239129584.982217,,,,,,BASE,0.0,0,/clusteruy/home/mathiasr/generator-aware-row-scaling/results-revision/r1-internal-scaling/simple-gurobi-01pct/base-scaleflag1/resultados/caso48d_base.csv,/clusteruy/home/mathiasr/generator-aware-row-scaling/results-revision/r1-internal-scaling/simple-gurobi-01pct/base-scaleflag1/resultados/caso48d_base_postprocesado.csv,/clusteruy/home/mathiasr/generator-aware-row-scaling/results-revision/r1-internal-scaling/simple-gurobi-01pct/base-scaleflag1/logs/caso48d_base.log
caso48e.txt,base,OK,0,90.866589314,0.091914603043233,-232831037.99512434,-236159000.0,OPTIMAL,-233045043.719459,9688.0,2274480.0,0.24,14400.0,10800.0,35590.0,10617.0,8426.0,28214.0,26.270833333333332,21.98148148148148,20.724922731104243,3,Model contains large bounds | Model contains large matrix coefficients | Model contains large rhs,0.002,2000000000.0,0.003,2000.0,5.0,6000000000.0,1.0,10000000000.0,,,,,,,,,0.0,90.866589314,1.0,1.0,1.0,0.0,0.0,0.0,,,0.0,,,,1074740421.781868,,,105.971532,,0.026803,3.591249,105.971532,1.0,0.015047135638652,,,,,,,,BASE,BASE,,,,,,2.17536233185527e-09,5.6843418860808e-14,6.14672899246216e-08,8.92090611159801e-07,986620.247161032,4.27159689696105,25550868.1452087,861310353.049327,1.19371179607697e-11,0.0,8.92090611159801e-07,0.0,0.0,0.0,0.0,0.0,0.0,0.0,0.0,0.0,0.0,-232831037.995124,661.717891699234,0.0,861310353.049327,0.0,0.0,0.0,435.0,0.0,930.0,0.0,0.0,0.0,0.0,-236158598.93676,,,,,,BASE,0.0,0,/clusteruy/home/mathiasr/generator-aware-row-scaling/results-revision/r1-internal-scaling/simple-gurobi-01pct/base-scaleflag1/resultados/caso48e_base.csv,/clusteruy/home/mathiasr/generator-aware-row-scaling/results-revision/r1-internal-scaling/simple-gurobi-01pct/base-scaleflag1/resultados/caso48e_base_postprocesado.csv,/clusteruy/home/mathiasr/generator-aware-row-scaling/results-revision/r1-internal-scaling/simple-gurobi-01pct/base-scaleflag1/logs/caso48e_base.log
caso48f.txt,base,OK,0,2.120657455,0.0,-220254801.46044618,-220890000.0,OPTIMAL,-220254801.46044618,1.0,9434.0,0.24,14400.0,10800.0,35590.0,10617.0,8426.0,28214.0,26.270833333333332,21.98148148148148,20.724922731104243,4,Model contains large bounds | Model contains large matrix coefficients | Model contains large rhs | max constraint violation (1.0564e-06) exceeds tolerance,0.002,2000000000.0,0.005,2000.0,5.0,6000000000.0,1.0,10000000000.0,,,,,,,,,0.0,2.120657455,1.0,1.0,1.0,0.0,0.0,0.0,,,0.0,,,,779407023.201307,,,1.961613,,0.027228,1.799181,1.961613,1.0,0.203885776994266,,,,,,,,BASE,BASE,,,,,,3.25617379730043e-09,6.38322728008186e-14,8.01123678684239e-08,1.05635263025761e-06,250601.007081258,1.49214891367296,11752411.3831754,32033835.6262911,1.19209289550781e-07,0.0,1.05635263025761e-06,0.0,0.0,0.0,0.0,0.0,1.0,0.0,0.0,0.0,0.0,-220254801.460446,812.952743973714,0.0,32033835.6262911,0.0,0.0,0.0,412.0,0.0,923.0,0.0,0.0,0.0,0.0,-220890348.653381,,,,,,BASE,0.0,0,/clusteruy/home/mathiasr/generator-aware-row-scaling/results-revision/r1-internal-scaling/simple-gurobi-01pct/base-scaleflag1/resultados/caso48f_base.csv,/clusteruy/home/mathiasr/generator-aware-row-scaling/results-revision/r1-internal-scaling/simple-gurobi-01pct/base-scaleflag1/resultados/caso48f_base_postprocesado.csv,/clusteruy/home/mathiasr/generator-aware-row-scaling/results-revision/r1-internal-scaling/simple-gurobi-01pct/base-scaleflag1/logs/caso48f_base.log
