instancia,variante,status,rc,tiempo_solver_s,gap_pct,objetivo_solver,objetivo_post,status_solver,best_bound,nodos_explorados,iter_simplex,presolve_time_s,rows_cargadas,cols_cargadas,nz_cargados,rows_presolved,cols_presolved,nz_presolved,reduccion_rows_pct,reduccion_cols_pct,reduccion_nz_pct,solver_warnings,solver_warnings_txt,matrix_min,matrix_max,objective_min,objective_max,rhs_min,rhs_max,bounds_min,bounds_max,matrix_range_ratio_vs_base,objective_range_ratio_vs_base,rhs_range_ratio_vs_base,bounds_range_ratio_vs_base,kappa_antes,kappa_despues,rho_antes,rho_despues,tiempo_preprocesamiento_s,tiempo_total_s,speedup_vs_base,speedup_solver_vs_base,speedup_total_vs_base,overhead_preprocesamiento_vs_base,ratio_preproc_solver,gap_delta_vs_base,obj_solver_delta_vs_base,obj_solver_rel_delta_vs_base,obj_post_delta_vs_base,obj_post_rel_delta_vs_base,matrix_kappa_ratio_vs_base,kappa_proxy_ratio,kappa_solver,kappa_solver_exact,kappa_solver_ratio_vs_base,work_units,dettime_ticks,root_gap,root_time,tiempo_determinista,speedup_det_vs_base,primal_integral,kappa_arbol_max,kappa_attention,kappa_stable_frac,kappa_suspicious_frac,kappa_unstable_frac,kappa_illposed_frac,kappa_arbol_max_ratio_vs_base,mip_equivalente,post_factible,solver_max_viol,solver_int_viol,solver_obj_diff,post_max_viol,post_int_viol,verif_solver_avg_viol,verif_solver_p95_viol,verif_solver_p99_viol,verif_solver_max_viol_rel,verif_post_avg_viol,verif_post_p95_viol,verif_post_p99_viol,verif_post_max_viol_rel,verif_solver_max_le,verif_solver_max_ge,verif_solver_max_eq,verif_solver_max_lb,verif_solver_max_ub,verif_solver_max_int,verif_solver_viol_le_count,verif_solver_viol_ge_count,verif_solver_viol_eq_count,verif_solver_viol_lb_count,verif_solver_viol_ub_count,verif_solver_viol_int_count,verif_solver_missing,verif_solver_obj_original,verif_post_max_le,verif_post_max_ge,verif_post_max_eq,verif_post_max_lb,verif_post_max_ub,verif_post_max_int,verif_post_viol_le_count,verif_post_viol_ge_count,verif_post_viol_eq_count,verif_post_viol_lb_count,verif_post_viol_ub_count,verif_post_viol_int_count,verif_post_missing,verif_post_obj_original,obj_original_variante,abs_obj_diff_vs_base,rel_obj_diff_vs_base,sentido_obj_vs_base,best_bound_delta_vs_base,equivalente_vs_base,max_diff_post_csv,diffs_post_csv,csv,csv_post,log
caso01a.txt,base,OK,0,1.525258088,0.035407548835434,-344348815.0876292,-353181000.0,OPTIMAL,-344470740.5624956,1.0,8446.0,0.22,14400.0,10800.0,35590.0,10911.0,8715.0,28973.0,24.229166666666668,19.305555555555557,18.592301208204553,3,Model contains large bounds | Model contains large matrix coefficients | Model contains large rhs,0.002,2000000000.0,0.003,3000.0,5.0,5000000000.0,1.0,10000000000.0,,,,,,,,,0.0,1.525258088,1.0,1.0,1.0,0.0,0.0,0.0,,,0.0,,,,90363709.491551,,,1.589856,,,,1.589856,1.0,0.241380771913488,,,,,,,,BASE,BASE,,,,,,1.98230375311826e-09,4.17443857259059e-14,7.07991421222691e-08,2.58907675743103e-07,4479313.64909578,6.30315195509877,141182319.986202,815406028.065008,3.63797880709171e-12,0.0,2.58907675743103e-07,0.0,0.0,0.0,0.0,0.0,0.0,0.0,0.0,0.0,0.0,-344348815.087629,1201.66395897249,0.0,815406028.065008,0.0,0.0,0.0,222.0,0.0,960.0,0.0,0.0,0.0,0.0,-353181178.092118,,,,,,BASE,0.0,0,/clusteruy/home/mathiasr/generator-aware-row-scaling/results-revision/r3-hyperparam/simple-gurobi-1pct/win9/resultados/caso01a_base.csv,/clusteruy/home/mathiasr/generator-aware-row-scaling/results-revision/r3-hyperparam/simple-gurobi-1pct/win9/resultados/caso01a_base_postprocesado.csv,/clusteruy/home/mathiasr/generator-aware-row-scaling/results-revision/r3-hyperparam/simple-gurobi-1pct/win9/logs/caso01a_base.log
caso01a.txt,estructurado,OK,0,1.657823772,0.035413654274972,-344348824.07735085,-353181000.0,OPTIMAL,-344470770.57940954,1.0,8435.0,0.23,14400.0,10800.0,35590.0,10914.0,8718.0,28969.0,24.208333333333332,19.27777777777778,18.603540320314696,1,Model contains large bounds,1e-05,40000.0,0.003,3000.0,0.1,70000.0,1.0,10000000000.0,0.003999999999999999,1.0,0.0007,1.0,2341000000000.0,5345000000.0,0.0002863,1.0,0.074586229,1.7324100009999999,0.9200363233782849,0.9200363233782849,0.8804255846592749,0.074586229,0.04499044485893643,-6.105439538002522e-06,-8.989721655845642,-2.6106439929401108e-08,0.0,0.0,0.003999999999999999,0.002283212302434857,5201537.0,,0.05756223410113928,2.0,,,,2.0,0.794928,0.216285748156339,,,,,,,,OK,REVISAR,5.28793316334486e-06,0.0,1.1920928955078125e-07,815405786.244153,0.0,9.95469290094843e-09,4.65672655991511e-10,2.21287127715187e-07,1.45389367389726e-06,4487245.83394737,6.3031519520021,141182541.090865,815405786.244153,9.5367431640625e-07,0.0,5.28793316334486e-06,0.0,0.0,0.0,0.0,0.0,3.0,0.0,0.0,0.0,0.0,-344348824.077351,1201.66395897249,0.0,815405786.244153,0.0,0.0,0.0,222.0,0.0,963.0,0.0,0.0,0.0,0.0,-353180853.754412,-344348824.077351,-8.989721775054932,2.6106440275588708e-08,igual,-30.016913950443268,DIFIERE,16000.0,305,/clusteruy/home/mathiasr/generator-aware-row-scaling/results-revision/r3-hyperparam/simple-gurobi-1pct/win9/resultados/caso01a_estructurado.csv,/clusteruy/home/mathiasr/generator-aware-row-scaling/results-revision/r3-hyperparam/simple-gurobi-1pct/win9/resultados/caso01a_estructurado_postprocesado.csv,/clusteruy/home/mathiasr/generator-aware-row-scaling/results-revision/r3-hyperparam/simple-gurobi-1pct/win9/logs/caso01a_estructurado.log
caso01b.txt,base,OK,0,2.059345018,0.038843862469319,-353071954.4255615,-352389000.0,OPTIMAL,-353209101.2099563,1.0,12362.0,0.22,14400.0,10800.0,35590.0,10911.0,8715.0,28973.0,24.229166666666668,19.305555555555557,18.592301208204553,3,Model contains large bounds | Model contains large matrix coefficients | Model contains large rhs,0.002,2000000000.0,0.003,3000.0,5.0,5000000000.0,1.0,10000000000.0,,,,,,,,,0.0,2.059345018,1.0,1.0,1.0,0.0,0.0,0.0,,,0.0,,,,30622369.866918,,,2.124571,,,,2.124571,1.0,0.205772066717683,,,,,,,,BASE,BASE,,,,,,3.17156419366143e-09,5.66204860774629e-12,8.7544322013855e-08,9.29867383092642e-07,456099.156601258,2.30734767107029,26841250.1747578,39018588.3065217,3.63797880709171e-12,0.0,9.29867383092642e-07,0.0,0.0,0.0,0.0,0.0,0.0,0.0,0.0,0.0,0.0,-353071954.425561,1567.27661031944,0.0,39018588.3065217,0.0,0.0,0.0,885.0,0.0,984.0,0.0,0.0,0.0,0.0,-352389157.746049,,,,,,BASE,0.0,0,/clusteruy/home/mathiasr/generator-aware-row-scaling/results-revision/r3-hyperparam/simple-gurobi-1pct/win9/resultados/caso01b_base.csv,/clusteruy/home/mathiasr/generator-aware-row-scaling/results-revision/r3-hyperparam/simple-gurobi-1pct/win9/resultados/caso01b_base_postprocesado.csv,/clusteruy/home/mathiasr/generator-aware-row-scaling/results-revision/r3-hyperparam/simple-gurobi-1pct/win9/logs/caso01b_base.log
caso01b.txt,estructurado,OK,0,2.137635266,0.038850776229132,-353071954.4255615,-352389000.0,OPTIMAL,-353209125.6205032,1.0,11097.0,0.23,14400.0,10800.0,35590.0,10914.0,8718.0,28969.0,24.208333333333332,19.27777777777778,18.603540320314696,1,Model contains large bounds,1e-05,40000.0,0.003,3000.0,0.1,70000.0,1.0,10000000000.0,0.003999999999999999,1.0,0.0007,1.0,2341000000000.0,5345000000.0,0.0002863,1.0,0.074312872,2.2119481380000003,0.9633753010884317,0.9633753010884317,0.9310096302086084,0.074312872,0.03476405595565244,-6.913759813001463e-06,0.0,0.0,0.0,0.0,0.003999999999999999,0.002283212302434857,491336.0,,0.016045002465037848,2.0,,,,2.0,1.0622855,0.211483392725749,,,,,,,,OK,REVISAR,1.22166238725185e-06,0.0,5.364418029785156e-07,39018588.3065225,0.0,6.47514204579411e-09,5.59666659682976e-09,1.48435356095433e-07,1.22166238725185e-06,456099.156601267,2.30734767107029,26841250.174758,39018588.3065225,3.63797880709171e-12,0.0,1.22166238725185e-06,0.0,0.0,0.0,0.0,0.0,2.0,0.0,0.0,0.0,0.0,-353071954.425562,1567.27661031944,0.0,39018588.3065225,0.0,0.0,0.0,885.0,0.0,986.0,0.0,0.0,0.0,0.0,-352389157.746047,-353071954.425562,-5.364418029785156e-07,1.5193554635379973e-15,igual,-24.410546898841858,DIFIERE,9.999999999732445e-07,3,/clusteruy/home/mathiasr/generator-aware-row-scaling/results-revision/r3-hyperparam/simple-gurobi-1pct/win9/resultados/caso01b_estructurado.csv,/clusteruy/home/mathiasr/generator-aware-row-scaling/results-revision/r3-hyperparam/simple-gurobi-1pct/win9/resultados/caso01b_estructurado_postprocesado.csv,/clusteruy/home/mathiasr/generator-aware-row-scaling/results-revision/r3-hyperparam/simple-gurobi-1pct/win9/logs/caso01b_estructurado.log
caso01c.txt,base,OK,0,1.655133598,0.038331433774231,-347925444.9712162,-348433000.0,OPTIMAL,-348058809.78273904,1.0,10073.0,0.22,14400.0,10800.0,35590.0,10911.0,8715.0,28973.0,24.229166666666668,19.305555555555557,18.592301208204553,4,Model contains large bounds | Model contains large matrix coefficients | Model contains large rhs | max constraint violation (1.0522e-06) exceeds tolerance,0.002,2000000000.0,0.005,3000.0,5.0,5000000000.0,1.0,10000000000.0,,,,,,,,,0.0,1.655133598,1.0,1.0,1.0,0.0,0.0,0.0,,,0.0,,,,5209440.895595,,,1.644166,,,,1.644166,1.0,0.234889125305507,,,,,,,,BASE,BASE,,,,,,3.12650987337059e-09,5.82076609134674e-11,8.14907252788544e-08,1.05216167867184e-06,1729711.54222276,2.94216054508217,78994504.504119,360908013.513844,3.63797880709171e-12,0.0,1.05216167867184e-06,0.0,0.0,0.0,0.0,0.0,2.0,0.0,0.0,0.0,0.0,-347925444.971216,1311.83585772548,0.0,360908013.513844,0.0,0.0,0.0,442.0,0.0,953.0,0.0,0.0,0.0,0.0,-348433253.512552,,,,,,BASE,0.0,0,/clusteruy/home/mathiasr/generator-aware-row-scaling/results-revision/r3-hyperparam/simple-gurobi-1pct/win9/resultados/caso01c_base.csv,/clusteruy/home/mathiasr/generator-aware-row-scaling/results-revision/r3-hyperparam/simple-gurobi-1pct/win9/resultados/caso01c_base_postprocesado.csv,/clusteruy/home/mathiasr/generator-aware-row-scaling/results-revision/r3-hyperparam/simple-gurobi-1pct/win9/logs/caso01c_base.log
caso01c.txt,estructurado,OK,0,1.677624615,0.038337958672157,-347925444.97121614,-348723000.0,OPTIMAL,-348058832.4845191,1.0,9622.0,0.23,14400.0,10800.0,35590.0,10914.0,8718.0,28969.0,24.208333333333332,19.27777777777778,18.603540320314696,1,Model contains large bounds,1e-05,40000.0,0.005,3000.0,0.1,70000.0,1.0,10000000000.0,0.003999999999999999,1.0,0.0007,1.0,2341000000000.0,5345000000.0,0.0002863,1.0,0.074668914,1.7522935290000001,0.9865935342156386,0.9865935342156386,0.9445527079841198,0.074668914,0.04450871388770127,-6.524897926005191e-06,5.960464477539063e-08,1.713144170306995e-16,-290000.0,-0.0008322977444731125,0.003999999999999999,0.002283212302434857,85911.0,,0.0164914050704836,2.0,,,,2.0,0.822083,0.227322467682703,,,,,,,,OK,REVISAR,1.14738941192627e-06,0.0,1.1920928955078125e-07,360908013.513843,0.0,8.98026835730622e-09,1.86264514923096e-09,2.15634645428509e-07,1.03097409009933e-06,1778923.2623159,2.96109680302441,81415643.7163421,360908013.513843,3.63797880709171e-12,0.0,1.14738941192627e-06,0.0,0.0,0.0,0.0,0.0,2.0,0.0,0.0,0.0,0.0,-347925444.971216,1311.83585772548,0.0,360908013.513843,0.0,0.0,0.0,444.0,0.0,953.0,0.0,0.0,0.0,0.0,-348722864.760681,-347925444.971216,1.7881393432617188e-07,5.139432510920985e-16,igual,-22.701780080795288,DIFIERE,202.40500000000003,41,/clusteruy/home/mathiasr/generator-aware-row-scaling/results-revision/r3-hyperparam/simple-gurobi-1pct/win9/resultados/caso01c_estructurado.csv,/clusteruy/home/mathiasr/generator-aware-row-scaling/results-revision/r3-hyperparam/simple-gurobi-1pct/win9/resultados/caso01c_estructurado_postprocesado.csv,/clusteruy/home/mathiasr/generator-aware-row-scaling/results-revision/r3-hyperparam/simple-gurobi-1pct/win9/logs/caso01c_estructurado.log
caso01d.txt,base,OK,0,37.777323201,0.953386100819931,-270651030.6703495,-270326000.0,OPTIMAL,-273231379.9784865,10024.0,469722.0,0.23,14400.0,10800.0,35590.0,10859.0,8460.0,28794.0,24.59027777777778,21.666666666666668,19.095251475133466,3,Model contains large bounds | Model contains large matrix coefficients | Model contains large rhs,0.002,2000000000.0,0.003,2000.0,5.0,5000000000.0,1.0,10000000000.0,,,,,,,,,0.0,37.777323201,1.0,1.0,1.0,0.0,0.0,0.0,,,0.0,,,,49284625.479222,,,48.680179,,0.016732,3.225689,48.680179,1.0,0.02394014446846,,,,,,,,BASE,BASE,,,,,,1.88735620727981e-09,1.13686837721616e-13,5.96046447753906e-08,4.89875674247742e-07,984145.808985905,5.77900223248749,45272707.1610524,842785902.828608,3.63797880709171e-12,0.0,7.15263013262302e-07,0.0,0.0,0.0,0.0,0.0,0.0,0.0,0.0,0.0,0.0,-270651030.67035,613.848068790401,0.0,842785902.828608,0.0,0.0,0.0,221.0,0.0,1043.0,0.0,0.0,0.0,0.0,-270326182.563661,,,,,,BASE,0.0,0,/clusteruy/home/mathiasr/generator-aware-row-scaling/results-revision/r3-hyperparam/simple-gurobi-1pct/win9/resultados/caso01d_base.csv,/clusteruy/home/mathiasr/generator-aware-row-scaling/results-revision/r3-hyperparam/simple-gurobi-1pct/win9/resultados/caso01d_base_postprocesado.csv,/clusteruy/home/mathiasr/generator-aware-row-scaling/results-revision/r3-hyperparam/simple-gurobi-1pct/win9/logs/caso01d_base.log
caso01d.txt,estructurado,OK,0,2.674569402,0.060163715169858,-273186775.48684263,-273391000.0,OPTIMAL,-273351134.80032825,1.0,10280.0,0.23,14400.0,10800.0,35590.0,10862.0,8463.0,28790.0,24.569444444444443,21.63888888888889,19.10649058724361,1,Model contains large bounds,1e-05,40000.0,0.003,2000.0,0.1,70000.0,1.0,10000000000.0,0.003999999999999999,1.0,0.0007,1.0,2341000000000.0,5345000000.0,0.0002863,1.0,0.075739868,2.75030927,14.12463747351283,14.12463747351283,13.735663699013749,0.075739868,0.028318527813622242,0.8932223856500731,-2535744.8164931536,-0.009369056567834275,-3065000.0,-0.011338162070980963,0.003999999999999999,0.002283212302434857,3959686.0,,0.08034322999308115,3.0,,0.0,2.0,3.0,16.226726333333335,0.155965312092236,,,,,,,,OK,REVISAR,4.71959356218576e-06,0.0,3.5762786865234375e-07,848171336.93634,0.0,9.28681122855948e-09,9.31322574615479e-10,1.86264514923096e-07,4.71959356218576e-06,866499.243186441,5.93263170528974,39258173.7041795,848171336.93634,4.76837158203125e-07,0.0,4.71959356218576e-06,0.0,0.0,0.0,0.0,0.0,2.0,0.0,0.0,0.0,0.0,-273186775.486843,544.81630944517,0.0,848171336.93634,0.0,0.0,0.0,297.0,0.0,1045.0,0.0,0.0,0.0,0.0,-273390893.062748,-273186775.486843,-2535744.816493511,0.009369056567835597,mejora,-119754.82184177637,DIFIERE,43449000.0,3821,/clusteruy/home/mathiasr/generator-aware-row-scaling/results-revision/r3-hyperparam/simple-gurobi-1pct/win9/resultados/caso01d_estructurado.csv,/clusteruy/home/mathiasr/generator-aware-row-scaling/results-revision/r3-hyperparam/simple-gurobi-1pct/win9/resultados/caso01d_estructurado_postprocesado.csv,/clusteruy/home/mathiasr/generator-aware-row-scaling/results-revision/r3-hyperparam/simple-gurobi-1pct/win9/logs/caso01d_estructurado.log
caso01e.txt,base,OK,0,50.249038068,0.629554102073344,-281893234.8997452,-281793000.0,OPTIMAL,-283667905.3235238,6886.0,688298.0,0.22,14400.0,10800.0,35590.0,10859.0,8460.0,28794.0,24.59027777777778,21.666666666666668,19.095251475133466,3,Model contains large bounds | Model contains large matrix coefficients | Model contains large rhs,0.002,2000000000.0,0.003,2000.0,5.0,5000000000.0,1.0,10000000000.0,,,,,,,,,0.0,50.249038068,1.0,1.0,1.0,0.0,0.0,0.0,,,0.0,,,,56505616.832012,,,55.543775,,0.015272,4.087125,55.543775,1.0,0.023226350151509,,,,,,,,BASE,BASE,,,,,,1.88178677269916e-09,3.63797880709171e-12,5.96046447753906e-08,4.3865293264389e-07,575446.202152743,5.61205852012595,22757433.4533783,370561574.874764,3.63797880709171e-12,0.0,4.3865293264389e-07,0.0,0.0,0.0,0.0,0.0,0.0,0.0,0.0,0.0,0.0,-281893234.899745,474.157538936925,0.0,370561574.874764,0.0,0.0,0.0,345.0,0.0,1043.0,0.0,0.0,0.0,0.0,-281792862.920437,,,,,,BASE,0.0,0,/clusteruy/home/mathiasr/generator-aware-row-scaling/results-revision/r3-hyperparam/simple-gurobi-1pct/win9/resultados/caso01e_base.csv,/clusteruy/home/mathiasr/generator-aware-row-scaling/results-revision/r3-hyperparam/simple-gurobi-1pct/win9/resultados/caso01e_base_postprocesado.csv,/clusteruy/home/mathiasr/generator-aware-row-scaling/results-revision/r3-hyperparam/simple-gurobi-1pct/win9/logs/caso01e_base.log
caso01e.txt,estructurado,OK,0,3.109988871,0.347301679595086,-282799801.68700147,-283818000.0,OPTIMAL,-283781970.148152,1.0,12790.0,0.24,14400.0,10800.0,35590.0,10862.0,8463.0,28790.0,24.569444444444443,21.63888888888889,19.10649058724361,1,Model contains large bounds,1e-05,40000.0,0.003,2000.0,0.1,70000.0,1.0,10000000000.0,0.003999999999999999,1.0,0.0007,1.0,2341000000000.0,5345000000.0,0.0002863,1.0,0.07589546,3.185884331,16.157304785416382,16.157304785416382,15.772398758817335,0.07589546,0.024403772215299352,0.28225242247825794,-906566.7872562408,-0.0032159934153037036,-2025000.0,-0.007186125986096177,0.003999999999999999,0.002283212302434857,2921243.0,,0.0516982764507233,3.0,,0.0,3.0,3.0,18.514591666666664,0.16707949910714,,,,,,,,OK,REVISAR,1.65887176990509e-05,0.0,5.364418029785156e-07,378083225.231707,0.0,1.02418484835887e-08,1.86264514923096e-09,1.99303030967712e-07,1.65887176990509e-05,387913.362881729,2.9788050009108,9635180.85063713,378083225.231707,3.63797880709171e-12,0.0,1.65887176990509e-05,0.0,0.0,0.0,0.0,0.0,4.0,0.0,0.0,0.0,0.0,-282799801.687002,523.897594492071,0.0,378083225.231707,0.0,0.0,0.0,757.0,0.0,1046.0,0.0,0.0,0.0,0.0,-283817532.077759,-282799801.687002,-906566.7872567773,0.0032159934153056066,mejora,-114064.8246281743,DIFIERE,262155000.0,5562,/clusteruy/home/mathiasr/generator-aware-row-scaling/results-revision/r3-hyperparam/simple-gurobi-1pct/win9/resultados/caso01e_estructurado.csv,/clusteruy/home/mathiasr/generator-aware-row-scaling/results-revision/r3-hyperparam/simple-gurobi-1pct/win9/resultados/caso01e_estructurado_postprocesado.csv,/clusteruy/home/mathiasr/generator-aware-row-scaling/results-revision/r3-hyperparam/simple-gurobi-1pct/win9/logs/caso01e_estructurado.log
caso01f.txt,base,OK,0,46.273294476,0.056778973584431,-277942871.7515392,-277551000.0,OPTIMAL,-278100684.8612708,2832.0,425414.0,0.22,14400.0,10800.0,35590.0,10859.0,8460.0,28794.0,24.59027777777778,21.666666666666668,19.095251475133466,3,Model contains large bounds | Model contains large matrix coefficients | Model contains large rhs,0.002,2000000000.0,0.005,2000.0,5.0,5000000000.0,1.0,10000000000.0,,,,,,,,,0.0,46.273294476,1.0,1.0,1.0,0.0,0.0,0.0,,,0.0,,,,43662939.489861,,,46.949946,,0.016405,3.312439,46.949946,1.0,0.026141913965538,,,,,,,,BASE,BASE,,,,,,1.89702096310729e-09,8.58868531849982e-13,5.96046447753906e-08,3.44123691320419e-07,1120997.83227987,5.46074260209399,31128626.6341379,847802323.633303,3.63797880709171e-12,0.0,3.44123691320419e-07,0.0,0.0,0.0,0.0,0.0,0.0,0.0,0.0,0.0,0.0,-277942871.751539,467.184633952558,0.0,847802323.633303,0.0,0.0,0.0,274.0,0.0,1043.0,0.0,0.0,0.0,0.0,-277551361.243102,,,,,,BASE,0.0,0,/clusteruy/home/mathiasr/generator-aware-row-scaling/results-revision/r3-hyperparam/simple-gurobi-1pct/win9/resultados/caso01f_base.csv,/clusteruy/home/mathiasr/generator-aware-row-scaling/results-revision/r3-hyperparam/simple-gurobi-1pct/win9/resultados/caso01f_base_postprocesado.csv,/clusteruy/home/mathiasr/generator-aware-row-scaling/results-revision/r3-hyperparam/simple-gurobi-1pct/win9/logs/caso01f_base.log
caso01f.txt,estructurado,OK,0,2.268850257,0.151364783223767,-277707448.06540734,-278214000.0,OPTIMAL,-278127799.3421678,1.0,10705.0,0.24,14400.0,10800.0,35590.0,10862.0,8463.0,28790.0,24.569444444444443,21.63888888888889,19.10649058724361,1,Model contains large bounds,1e-05,40000.0,0.005,2000.0,0.1,70000.0,1.0,10000000000.0,0.003999999999999999,1.0,0.0007,1.0,2341000000000.0,5345000000.0,0.0002863,1.0,0.075201592,2.344051849,20.395041203461844,20.395041203461844,19.74072992273645,0.075201592,0.0331452425156677,-0.09458580963933601,235423.68613183498,0.00084702185254201,-663000.0,-0.0023887501756433955,0.003999999999999999,0.002283212302434857,3297210.0,,0.07551507155778295,2.0,,0.0,2.0,2.0,23.474973,0.188971198908895,,,,,,,,OK,REVISAR,1.08103267848492e-06,0.0,6.556510925292969e-07,851233573.310783,0.0,8.64732217654411e-09,9.31322574615479e-10,1.80685892701149e-07,1.08103267848492e-06,632011.235310406,5.26179906456809,21148422.4066853,851233573.310783,3.63797880709171e-12,0.0,1.08103267848492e-06,0.0,0.0,0.0,0.0,0.0,1.0,0.0,0.0,0.0,0.0,-277707448.065408,511.8112258525,0.0,851233573.310783,0.0,0.0,0.0,404.0,0.0,1044.0,0.0,0.0,0.0,0.0,-278213592.979249,-277707448.065408,235423.68613117933,0.000847021852539651,empeora,-27114.480897009373,DIFIERE,79038000.0,4064,/clusteruy/home/mathiasr/generator-aware-row-scaling/results-revision/r3-hyperparam/simple-gurobi-1pct/win9/resultados/caso01f_estructurado.csv,/clusteruy/home/mathiasr/generator-aware-row-scaling/results-revision/r3-hyperparam/simple-gurobi-1pct/win9/resultados/caso01f_estructurado_postprocesado.csv,/clusteruy/home/mathiasr/generator-aware-row-scaling/results-revision/r3-hyperparam/simple-gurobi-1pct/win9/logs/caso01f_estructurado.log
caso02a.txt,base,OK,0,1.791253224,0.417760746788115,-370069900.0092354,-381129000.0,OPTIMAL,-371615906.787152,1.0,9283.0,0.24,14400.0,10800.0,35590.0,10865.0,8656.0,29011.0,24.54861111111111,19.85185185185185,18.48552964315819,3,Model contains large bounds | Model contains large matrix coefficients | Model contains large rhs,0.002,2000000000.0,0.003,3000.0,5.0,5000000000.0,1.0,10000000000.0,,,,,,,,,0.0,1.791253224,1.0,1.0,1.0,0.0,0.0,0.0,,,0.0,,,,88563340.78029,,,1.959694,,,,1.959694,1.0,0.209429955065248,,,,,,,,BASE,BASE,,,,,,1.74051000090308e-09,4.9737991503207e-14,5.58793544769287e-08,1.86264514923096e-07,4250024.56211561,6.32090029012008,79925836.7040802,767506711.834075,1.81898940354586e-12,0.0,2.2444874048233e-07,0.0,0.0,0.0,0.0,0.0,0.0,0.0,0.0,0.0,0.0,-370069900.009235,1473.73765928037,0.0,767506711.834075,0.0,0.0,0.0,317.0,0.0,968.0,0.0,0.0,0.0,0.0,-381128937.568411,,,,,,BASE,0.0,0,/clusteruy/home/mathiasr/generator-aware-row-scaling/results-revision/r3-hyperparam/simple-gurobi-1pct/win9/resultados/caso02a_base.csv,/clusteruy/home/mathiasr/generator-aware-row-scaling/results-revision/r3-hyperparam/simple-gurobi-1pct/win9/resultados/caso02a_base_postprocesado.csv,/clusteruy/home/mathiasr/generator-aware-row-scaling/results-revision/r3-hyperparam/simple-gurobi-1pct/win9/logs/caso02a_base.log
caso02a.txt,estructurado,OK,0,1.691852925,0.021411027993675,-371536433.90751606,-382593000.0,OPTIMAL,-371615983.6773867,1.0,8867.0,0.25,14400.0,10800.0,35590.0,10870.0,8660.0,28986.0,24.51388888888889,19.814814814814813,18.555774093846587,1,Model contains large bounds,1e-05,40000.0,0.003,3000.0,0.2,70000.0,1.0,10000000000.0,0.003999999999999999,1.0,0.00035,1.0,2268000000000.0,4951000000.0,0.0003041,1.0,0.074654062,1.766506987,1.05875232860445,1.05875232860445,1.01400857012291,0.074654062,0.04412562161690266,0.39634971879444,-1466533.8982806802,-0.003962856471828921,-1464000.0,-0.0038412191147879065,0.003999999999999999,0.0021829805996472665,6418965.0,,0.07247880379675738,2.0,,,,2.0,0.979847,0.212601957578676,,,,,,,,OK,REVISAR,1.43237411975861e-05,0.0,5.960464477539063e-08,768546121.998133,0.0,6.633686326967e-09,3.49245965480804e-10,1.564621925354e-07,3.57627868652344e-07,4273722.2715188,6.37314225247503,78790979.3416885,768546121.998133,9.5367431640625e-07,0.0,1.43237411975861e-05,0.0,0.0,0.0,0.0,0.0,2.0,0.0,0.0,0.0,0.0,-371536433.907516,1466.48929385011,0.0,768546121.998133,0.0,0.0,0.0,336.0,0.0,970.0,0.0,0.0,0.0,0.0,-382593152.417691,-371536433.907516,-1466533.8982806206,0.00396285647182876,mejora,-76.89023470878601,DIFIERE,7760000.0,2685,/clusteruy/home/mathiasr/generator-aware-row-scaling/results-revision/r3-hyperparam/simple-gurobi-1pct/win9/resultados/caso02a_estructurado.csv,/clusteruy/home/mathiasr/generator-aware-row-scaling/results-revision/r3-hyperparam/simple-gurobi-1pct/win9/resultados/caso02a_estructurado_postprocesado.csv,/clusteruy/home/mathiasr/generator-aware-row-scaling/results-revision/r3-hyperparam/simple-gurobi-1pct/win9/logs/caso02a_estructurado.log
caso02b.txt,base,OK,0,2.501089066,0.417427401790635,-377416620.05738187,-376691000.0,OPTIMAL,-378992060.44841343,1.0,13149.0,0.24,14400.0,10800.0,35590.0,10865.0,8656.0,29011.0,24.54861111111111,19.85185185185185,18.48552964315819,5,Model contains large bounds | Model contains large matrix coefficients | Model contains large rhs | max constraint violation (5.7765e-06) exceeds tolerance | switch to quad precision,0.002,2000000000.0,0.003,3000.0,5.0,5000000000.0,1.0,10000000000.0,,,,,,,,,0.0,2.501089066,1.0,1.0,1.0,0.0,0.0,0.0,,,0.0,,,,45719446.282347,,,2.545289,,,,2.545289,1.0,0.187629601030336,,,,,,,,BASE,BASE,,,,,,3.37925472577377e-09,4.76276795779987e-12,8.19563865661621e-08,6.86617568135262e-07,167805.530065854,2.21287586316779,4735531.0944598,27100309.0911817,3.63797880709171e-12,0.0,5.77652826905251e-06,0.0,0.0,0.0,0.0,0.0,1.0,0.0,0.0,0.0,0.0,-377416620.057382,1931.83435447278,0.0,27100309.0911817,0.0,0.0,0.0,963.0,0.0,984.0,0.0,0.0,0.0,0.0,-376690649.100994,,,,,,BASE,0.0,0,/clusteruy/home/mathiasr/generator-aware-row-scaling/results-revision/r3-hyperparam/simple-gurobi-1pct/win9/resultados/caso02b_base.csv,/clusteruy/home/mathiasr/generator-aware-row-scaling/results-revision/r3-hyperparam/simple-gurobi-1pct/win9/resultados/caso02b_base_postprocesado.csv,/clusteruy/home/mathiasr/generator-aware-row-scaling/results-revision/r3-hyperparam/simple-gurobi-1pct/win9/logs/caso02b_base.log
caso02b.txt,estructurado,OK,0,2.215670435,0.64043010656732,-376580434.9723085,-375835000.0,OPTIMAL,-378992169.45331335,1.0,11143.0,0.25,14400.0,10800.0,35590.0,10870.0,8660.0,28986.0,24.51388888888889,19.814814814814813,18.555774093846587,1,Model contains large bounds,1e-05,40000.0,0.003,3000.0,0.2,70000.0,1.0,10000000000.0,0.003999999999999999,1.0,0.00035,1.0,2268000000000.0,4951000000.0,0.0003041,1.0,0.074443001,2.290113436,1.1288181791350211,1.1288181791350211,1.0921245326469498,0.074443001,0.03359840878140345,-0.22300270477668505,836185.0850733519,0.002215549185264336,856000.0,0.002272419569355254,0.003999999999999999,0.0021829805996472665,3395243.0,,0.07426255731603112,2.0,,,,2.0,1.2726445,0.212606575983187,,,,,,,,OK,REVISAR,1.9073486328125e-06,0.0,4.76837158203125e-07,27495260.1106935,0.0,6.37280767024112e-09,5.58793544769287e-09,1.69500708580017e-07,9.5367431640625e-07,171593.890538688,2.17704308167669,4953425.45994315,27495260.1106935,1.45519152283669e-11,0.0,1.9073486328125e-06,0.0,0.0,0.0,0.0,0.0,1.0,0.0,0.0,0.0,0.0,-376580434.972309,1943.141804544,0.0,27495260.1106935,0.0,0.0,0.0,964.0,0.0,985.0,0.0,0.0,0.0,0.0,-375834814.804844,-376580434.972309,836185.085072875,0.0022155491852630725,empeora,-109.00489991903305,DIFIERE,6011000.0,3934,/clusteruy/home/mathiasr/generator-aware-row-scaling/results-revision/r3-hyperparam/simple-gurobi-1pct/win9/resultados/caso02b_estructurado.csv,/clusteruy/home/mathiasr/generator-aware-row-scaling/results-revision/r3-hyperparam/simple-gurobi-1pct/win9/resultados/caso02b_estructurado_postprocesado.csv,/clusteruy/home/mathiasr/generator-aware-row-scaling/results-revision/r3-hyperparam/simple-gurobi-1pct/win9/logs/caso02b_estructurado.log
caso02c.txt,base,OK,0,1.753311655,0.416989005158553,-372956075.14842045,-371256000.0,OPTIMAL,-374511260.97586024,1.0,12229.0,0.23,14400.0,10800.0,35590.0,10865.0,8656.0,29011.0,24.54861111111111,19.85185185185185,18.48552964315819,3,Model contains large bounds | Model contains large matrix coefficients | Model contains large rhs,0.002,2000000000.0,0.005,3000.0,5.0,5000000000.0,1.0,10000000000.0,,,,,,,,,0.0,1.753311655,1.0,1.0,1.0,0.0,0.0,0.0,,,0.0,,,,45715861.775791,,,1.773663,,,,1.773663,1.0,0.227091822353125,,,,,,,,BASE,BASE,,,,,,2.65463886746499e-09,1.22410970249113e-11,7.59027898311615e-08,7.15255737304688e-07,586882.335174312,2.91532517047723,20284421.2290543,284335923.97638,1.81898940354586e-12,0.0,7.15255737304688e-07,0.0,0.0,0.0,0.0,0.0,0.0,0.0,0.0,0.0,0.0,-372956075.14842,1166.69689965458,0.0,284335923.97638,0.0,0.0,0.0,587.0,0.0,964.0,0.0,0.0,0.0,0.0,-371256462.445046,,,,,,BASE,0.0,0,/clusteruy/home/mathiasr/generator-aware-row-scaling/results-revision/r3-hyperparam/simple-gurobi-1pct/win9/resultados/caso02c_base.csv,/clusteruy/home/mathiasr/generator-aware-row-scaling/results-revision/r3-hyperparam/simple-gurobi-1pct/win9/resultados/caso02c_base_postprocesado.csv,/clusteruy/home/mathiasr/generator-aware-row-scaling/results-revision/r3-hyperparam/simple-gurobi-1pct/win9/logs/caso02c_base.log
caso02c.txt,estructurado,OK,0,1.710927841,0.641890225795965,-372122752.2858937,-370463000.0,OPTIMAL,-374511371.86077976,1.0,9859.0,0.25,14400.0,10800.0,35590.0,10870.0,8660.0,28986.0,24.51388888888889,19.814814814814813,18.555774093846587,1,Model contains large bounds,1e-05,40000.0,0.005,3000.0,0.2,70000.0,1.0,10000000000.0,0.003999999999999999,1.0,0.00035,1.0,2268000000000.0,4951000000.0,0.0003041,1.0,0.075121048,1.786048889,1.0247724147005683,1.0247724147005683,0.9816705834864748,0.075121048,0.04390661382662017,-0.22490122063741197,833322.8625267744,0.002234372672961951,793000.0,0.002135992414937402,0.003999999999999999,0.0021829805996472665,3395264.0,,0.07426883948183548,2.0,,,,2.0,0.8868315,0.221111524895585,,,,,,,,OK,REVISAR,1.9073486328125e-06,0.0,2.980232238769531e-07,284152410.087242,0.0,6.04556797788449e-09,3.72529029846191e-09,1.7508864402771e-07,9.5367431640625e-07,606780.107708207,2.88788936166393,20700438.1247516,284152410.087242,3.63797880709171e-12,0.0,1.9073486328125e-06,0.0,0.0,0.0,0.0,0.0,1.0,0.0,0.0,0.0,0.0,-372122752.285894,1174.23519970205,0.0,284152410.087242,0.0,0.0,0.0,581.0,0.0,965.0,0.0,0.0,0.0,0.0,-370463180.760603,-372122752.285894,833322.8625264764,0.0022343726729611517,empeora,-110.88491952419281,DIFIERE,6011000.0,3586,/clusteruy/home/mathiasr/generator-aware-row-scaling/results-revision/r3-hyperparam/simple-gurobi-1pct/win9/resultados/caso02c_estructurado.csv,/clusteruy/home/mathiasr/generator-aware-row-scaling/results-revision/r3-hyperparam/simple-gurobi-1pct/win9/resultados/caso02c_estructurado_postprocesado.csv,/clusteruy/home/mathiasr/generator-aware-row-scaling/results-revision/r3-hyperparam/simple-gurobi-1pct/win9/logs/caso02c_estructurado.log
caso02d.txt,base,OK,0,52.261496736,0.897937790629275,-279689317.99561805,-279488000.0,OPTIMAL,-282200754.078254,14314.0,1157289.0,0.25,14400.0,10800.0,35590.0,10704.0,8287.0,28579.0,25.666666666666668,23.26851851851852,19.699353751053668,4,Model contains large bounds | Model contains large matrix coefficients | Model contains large rhs | max constraint violation (1.5965e-06) exceeds tolerance,0.002,2000000000.0,0.003,2000.0,5.0,5000000000.0,1.0,10000000000.0,,,,,,,,,0.0,52.261496736,1.0,1.0,1.0,0.0,0.0,0.0,,,0.0,,,,25145227.007879,,,62.948315,,0.029374,4.377792,62.948315,1.0,0.034130106250708,,,,,,,,BASE,BASE,,,,,,1.85775006874333e-09,5.6843418860808e-14,5.40167093276978e-08,3.29688191413879e-07,543687.028455634,4.61078992787022,15053694.2953604,818688552.158812,3.63797880709171e-12,0.0,1.59651972353458e-06,0.0,0.0,0.0,0.0,0.0,1.0,0.0,0.0,0.0,0.0,-279689317.995618,778.18451259267,0.0,818688552.158812,0.0,0.0,0.0,190.0,0.0,1056.0,0.0,0.0,0.0,0.0,-279488174.927078,,,,,,BASE,0.0,0,/clusteruy/home/mathiasr/generator-aware-row-scaling/results-revision/r3-hyperparam/simple-gurobi-1pct/win9/resultados/caso02d_base.csv,/clusteruy/home/mathiasr/generator-aware-row-scaling/results-revision/r3-hyperparam/simple-gurobi-1pct/win9/resultados/caso02d_base_postprocesado.csv,/clusteruy/home/mathiasr/generator-aware-row-scaling/results-revision/r3-hyperparam/simple-gurobi-1pct/win9/logs/caso02d_base.log
caso02d.txt,estructurado,OK,0,2.801798448,0.593393632846717,-282027742.3571366,-282117000.0,OPTIMAL,-283701277.0231452,1.0,10583.0,0.25,14400.0,10800.0,35590.0,10709.0,8291.0,28551.0,25.631944444444443,23.23148148148148,19.77802753582467,1,Model contains large bounds,1e-05,40000.0,0.003,2000.0,0.2,70000.0,1.0,10000000000.0,0.003999999999999999,1.0,0.00035,1.0,2268000000000.0,4951000000.0,0.0003041,1.0,0.07448049,2.876278938,18.6528394907584,18.6528394907584,18.169829096040196,0.07448049,0.026583100598533846,0.30454415778255806,-2338424.361518562,-0.00836079253321787,-2629000.0,-0.009406486146095717,0.003999999999999999,0.0021829805996472665,1726592.0,,0.06866480065815234,2.0,,0.0,2.0,2.0,31.4741575,0.160547520038126,,,,,,,,OK,REVISAR,1.43051147460938e-05,0.0,4.172325134277344e-07,822706351.937812,0.0,7.73926193995393e-09,1.16415321826935e-10,1.22934579849243e-07,3.30153852701187e-07,576186.302975902,4.61078992787035,14084187.0303776,822706351.937812,9.5367431640625e-07,0.0,1.43051147460938e-05,0.0,0.0,0.0,0.0,0.0,8.0,0.0,0.0,0.0,0.0,-282027742.357137,753.830004746989,0.0,822706351.937812,0.0,0.0,0.0,186.0,0.0,1063.0,0.0,0.0,0.0,0.0,-282116572.563985,-282027742.357137,-2338424.361518979,0.008360792533219362,mejora,-1500522.9448912144,DIFIERE,26444000.0,1880,/clusteruy/home/mathiasr/generator-aware-row-scaling/results-revision/r3-hyperparam/simple-gurobi-1pct/win9/resultados/caso02d_estructurado.csv,/clusteruy/home/mathiasr/generator-aware-row-scaling/results-revision/r3-hyperparam/simple-gurobi-1pct/win9/resultados/caso02d_estructurado_postprocesado.csv,/clusteruy/home/mathiasr/generator-aware-row-scaling/results-revision/r3-hyperparam/simple-gurobi-1pct/win9/logs/caso02d_estructurado.log
caso02e.txt,base,OK,0,67.93835977,0.407901285424156,-290078762.38147163,-290797000.0,OPTIMAL,-291261997.38196814,12401.0,1557955.0,0.24,14400.0,10800.0,35590.0,10704.0,8287.0,28579.0,25.666666666666668,23.26851851851852,19.699353751053668,3,Model contains large bounds | Model contains large matrix coefficients | Model contains large rhs,0.002,2000000000.0,0.003,2000.0,5.0,5000000000.0,1.0,10000000000.0,,,,,,,,,0.0,67.93835977,1.0,1.0,1.0,0.0,0.0,0.0,,,0.0,,,,58938154.348205,,,77.368897,,0.029918,4.605023,77.368897,1.0,0.032263217822912,,,,,,,,BASE,BASE,,,,,,1.72128104532248e-09,5.6843418860808e-14,5.21540641784668e-08,3.57627868652344e-07,414408.662800035,4.03212280879509,17247390.7492769,571454778.835764,9.09494701772928e-13,0.0,4.76837158203125e-07,0.0,0.0,0.0,0.0,0.0,0.0,0.0,0.0,0.0,0.0,-290078762.381472,23194.7693768306,0.0,571454778.835764,0.0,0.0,0.0,296.0,0.0,1055.0,0.0,0.0,0.0,0.0,-290797270.864552,,,,,,BASE,0.0,0,/clusteruy/home/mathiasr/generator-aware-row-scaling/results-revision/r3-hyperparam/simple-gurobi-1pct/win9/resultados/caso02e_base.csv,/clusteruy/home/mathiasr/generator-aware-row-scaling/results-revision/r3-hyperparam/simple-gurobi-1pct/win9/resultados/caso02e_base_postprocesado.csv,/clusteruy/home/mathiasr/generator-aware-row-scaling/results-revision/r3-hyperparam/simple-gurobi-1pct/win9/logs/caso02e_base.log
caso02e.txt,estructurado,OK,0,58.84935192,0.939088585136779,-288643945.0373491,-290838000.0,OPTIMAL,-291354567.3768833,12503.0,2189246.0,0.26,14400.0,10800.0,35590.0,10709.0,8291.0,28551.0,25.631944444444443,23.23148148148148,19.77802753582467,1,Model contains large bounds,1e-05,40000.0,0.003,2000.0,0.2,70000.0,1.0,10000000000.0,0.003999999999999999,1.0,0.00035,1.0,2268000000000.0,4951000000.0,0.0003041,1.0,0.074775395,58.924127315,1.154445334629269,1.154445334629269,1.1529803302272295,0.074775395,0.001270623933151378,-0.531187299712623,1434817.344122529,0.004946302626028357,-41000.0,-0.00014099182591292207,0.003999999999999999,0.0021829805996472665,8285893.0,,0.14058623130692507,63.0,,0.0,8.0,63.0,1.2280777301587302,0.032019852044718,,,,,,,,OK,REVISAR,1.9073486328125e-06,0.0,1.1920928955078125e-07,37324588.3913705,0.0,3.48755501600069e-09,1.82271975290854e-12,1.15022994577885e-07,1.24610960483551e-06,390605.37249566,4.36770875092786,18571232.8343596,37324588.3913705,1.45519152283669e-11,0.0,1.9073486328125e-06,0.0,0.0,0.0,0.0,0.0,2.0,0.0,0.0,0.0,0.0,-288643945.037349,21208.6596501412,0.0,37324588.3913705,0.0,0.0,0.0,303.0,0.0,1059.0,0.0,0.0,0.0,0.0,-290837618.50955,-288643945.037349,1434817.3441226482,0.004946302626028768,empeora,-92569.99491518736,DIFIERE,37802000.0,3158,/clusteruy/home/mathiasr/generator-aware-row-scaling/results-revision/r3-hyperparam/simple-gurobi-1pct/win9/resultados/caso02e_estructurado.csv,/clusteruy/home/mathiasr/generator-aware-row-scaling/results-revision/r3-hyperparam/simple-gurobi-1pct/win9/resultados/caso02e_estructurado_postprocesado.csv,/clusteruy/home/mathiasr/generator-aware-row-scaling/results-revision/r3-hyperparam/simple-gurobi-1pct/win9/logs/caso02e_estructurado.log
caso02f.txt,base,OK,0,60.726029789,0.210734365500408,-285620066.25728536,-285859000.0,OPTIMAL,-286221965.8916545,12443.0,1679697.0,0.24,14400.0,10800.0,35590.0,10704.0,8287.0,28579.0,25.666666666666668,23.26851851851852,19.699353751053668,3,Model contains large bounds | Model contains large matrix coefficients | Model contains large rhs,0.002,2000000000.0,0.005,2000.0,5.0,5000000000.0,1.0,10000000000.0,,,,,,,,,0.0,60.726029789,1.0,1.0,1.0,0.0,0.0,0.0,,,0.0,,,,61022246.782602,,,74.152174,,0.029219,4.218823,74.152174,1.0,0.033291536858883,,,,,,,,BASE,BASE,,,,,,1.70980977588948e-09,5.6843418860808e-14,5.21540641784668e-08,2.55182385444641e-07,723316.974833213,3.61270628135821,20619398.6360534,830212671.450808,3.63797880709171e-12,0.0,3.08269591187127e-07,0.0,0.0,0.0,0.0,0.0,0.0,0.0,0.0,0.0,0.0,-285620066.257285,753.830004746997,0.0,830212671.450808,0.0,0.0,0.0,245.0,0.0,1054.0,0.0,0.0,0.0,0.0,-285858528.540734,,,,,,BASE,0.0,0,/clusteruy/home/mathiasr/generator-aware-row-scaling/results-revision/r3-hyperparam/simple-gurobi-1pct/win9/resultados/caso02f_base.csv,/clusteruy/home/mathiasr/generator-aware-row-scaling/results-revision/r3-hyperparam/simple-gurobi-1pct/win9/resultados/caso02f_base_postprocesado.csv,/clusteruy/home/mathiasr/generator-aware-row-scaling/results-revision/r3-hyperparam/simple-gurobi-1pct/win9/logs/caso02f_base.log
caso02f.txt,estructurado,OK,0,2.529825956,0.581866447776786,-286032263.4613311,-286310000.0,OPTIMAL,-287696589.2322291,1.0,10309.0,0.25,14400.0,10800.0,35590.0,10709.0,8291.0,28551.0,25.631944444444443,23.23148148148148,19.77802753582467,1,Model contains large bounds,1e-05,40000.0,0.005,2000.0,0.2,70000.0,1.0,10000000000.0,0.003999999999999999,1.0,0.00035,1.0,2268000000000.0,4951000000.0,0.0003041,1.0,0.074800444,2.6046264,24.004034603635795,24.004034603635795,23.31467952140852,0.074800444,0.029567426890610968,-0.37113208227637795,-412197.20404577255,-0.0014431661243102824,-451000.0,-0.0015777008944969373,0.003999999999999999,0.0021829805996472665,1934375.0,,0.03169950472147329,2.0,,,,2.0,37.076087,0.224101572535215,,,,,,,,OK,REVISAR,4.76837158203125e-06,0.0,1.1920928955078125e-07,822706351.937812,0.0,5.33111329738356e-09,1.16415321826935e-10,1.19209289550781e-07,4.76837158203125e-07,503090.953776728,4.55962387545847,12249318.1004696,822706351.937812,1.45519152283669e-11,0.0,4.76837158203125e-06,0.0,0.0,0.0,0.0,0.0,3.0,0.0,0.0,0.0,0.0,-286032263.461331,753.830004746989,0.0,822706351.937812,0.0,0.0,0.0,181.0,0.0,1057.0,0.0,0.0,0.0,0.0,-286310218.750634,-286032263.461331,-412197.20404565334,0.001443166124309865,mejora,-1474623.3405746222,DIFIERE,43460000.0,3577,/clusteruy/home/mathiasr/generator-aware-row-scaling/results-revision/r3-hyperparam/simple-gurobi-1pct/win9/resultados/caso02f_estructurado.csv,/clusteruy/home/mathiasr/generator-aware-row-scaling/results-revision/r3-hyperparam/simple-gurobi-1pct/win9/resultados/caso02f_estructurado_postprocesado.csv,/clusteruy/home/mathiasr/generator-aware-row-scaling/results-revision/r3-hyperparam/simple-gurobi-1pct/win9/logs/caso02f_estructurado.log
caso03a.txt,base,OK,0,1.138532898,0.904376504822509,-373599814.83434415,-377123000.0,OPTIMAL,-376978563.78176636,1.0,0.0,0.24,14400.0,10800.0,35590.0,10964.0,8770.0,28718.0,23.86111111111111,18.796296296296298,19.308794605226186,3,Model contains large bounds | Model contains large matrix coefficients | Model contains large rhs,0.002,2000000000.0,0.003,3000.0,5.0,5000000000.0,1.0,10000000000.0,,,,,,,,,0.0,1.138532898,1.0,1.0,1.0,0.0,0.0,0.0,,,0.0,,,,6510187.110111,,,0.936703,,,,0.936703,1.0,0.372905886665329,,,,,,,,BASE,BASE,,,,,,2.47549404755581e-09,5.82076609134674e-11,8.5681676864624e-08,2.04890966415405e-07,1563389.21271618,3.75256322989442,35480627.5306847,725056413.010389,1.81898940354586e-12,0.0,6.82193785905838e-07,0.0,0.0,0.0,0.0,0.0,0.0,0.0,0.0,0.0,0.0,-373599814.834344,1737.05419492809,0.0,725056413.010389,0.0,0.0,0.0,666.0,0.0,996.0,0.0,0.0,0.0,0.0,-377123196.468315,,,,,,BASE,0.0,0,/clusteruy/home/mathiasr/generator-aware-row-scaling/results-revision/r3-hyperparam/simple-gurobi-1pct/win9/resultados/caso03a_base.csv,/clusteruy/home/mathiasr/generator-aware-row-scaling/results-revision/r3-hyperparam/simple-gurobi-1pct/win9/resultados/caso03a_base_postprocesado.csv,/clusteruy/home/mathiasr/generator-aware-row-scaling/results-revision/r3-hyperparam/simple-gurobi-1pct/win9/logs/caso03a_base.log
caso03a.txt,estructurado,OK,0,1.155136224,0.904329363454728,-373599989.375975,-377193000.0,OPTIMAL,-376978563.7817657,1.0,0.0,0.26,14400.0,10800.0,35590.0,10974.0,8780.0,28735.0,23.791666666666668,18.703703703703702,19.261028378758077,1,Model contains large bounds,1e-05,40000.0,0.003,3000.0,0.2,70000.0,1.0,10000000000.0,0.003999999999999999,1.0,0.00035,1.0,2194000000000.0,4528000000.0,0.0003271,1.0,0.074555923,1.229692147,0.98562652122318,0.98562652122318,0.9258682352144841,0.074555923,0.06454297030165682,4.714136778094513e-05,-174.54163086414337,-4.671887509942582e-07,-70000.0,-0.0001856158335609337,0.003999999999999999,0.002063810391978122,84396.0,,0.012963682697986392,1.0,,,,1.0,0.936703,0.366723681484924,,,,,,,,OK,REVISAR,1.66893005371094e-06,0.0,0.0,725049307.577051,0.0,9.68986482142805e-09,1.86264514923096e-08,3.90863278880722e-07,2.7194619178772e-07,1582892.5481463,3.73632304583973,35560382.108657,725049307.577051,7.27595761418343e-12,0.0,1.66893005371094e-06,0.0,0.0,0.0,0.0,0.0,1.0,0.0,0.0,0.0,0.0,-373599989.375975,1737.05419492809,0.0,725049307.577051,0.0,0.0,0.0,651.0,0.0,997.0,0.0,0.0,0.0,0.0,-377192665.22313,-373599989.375975,-174.54163086414337,4.671887509942582e-07,igual,6.556510925292969e-07,DIFIERE,60000.0,1669,/clusteruy/home/mathiasr/generator-aware-row-scaling/results-revision/r3-hyperparam/simple-gurobi-1pct/win9/resultados/caso03a_estructurado.csv,/clusteruy/home/mathiasr/generator-aware-row-scaling/results-revision/r3-hyperparam/simple-gurobi-1pct/win9/resultados/caso03a_estructurado_postprocesado.csv,/clusteruy/home/mathiasr/generator-aware-row-scaling/results-revision/r3-hyperparam/simple-gurobi-1pct/win9/logs/caso03a_estructurado.log
caso03b.txt,base,OK,0,2.373927461,0.017819574292769,-379994218.71582127,-379669000.0,OPTIMAL,-380061932.06793356,1.0,12177.0,0.24,14400.0,10800.0,35590.0,10964.0,8770.0,28718.0,23.86111111111111,18.796296296296298,19.308794605226186,3,Model contains large bounds | Model contains large matrix coefficients | Model contains large rhs,0.002,2000000000.0,0.003,3000.0,5.0,5000000000.0,1.0,10000000000.0,,,,,,,,,0.0,2.373927461,1.0,1.0,1.0,0.0,0.0,0.0,,,0.0,,,,36125388.454999,,,2.371498,,,,2.371498,1.0,0.197796870946619,,,,,,,,BASE,BASE,,,,,,2.91035302169046e-09,1.3199663584373e-11,9.73325222730639e-08,2.25380063056946e-07,180469.78326021,2.23329872378375,6219386.12930483,24569114.3257727,3.63797880709171e-12,0.0,5.51575794816017e-07,0.0,0.0,0.0,0.0,0.0,0.0,0.0,0.0,0.0,0.0,-379994218.715821,2340.22805713537,0.0,24569114.3257727,0.0,0.0,0.0,1046.0,0.0,1002.0,0.0,0.0,0.0,0.0,-379669252.405241,,,,,,BASE,0.0,0,/clusteruy/home/mathiasr/generator-aware-row-scaling/results-revision/r3-hyperparam/simple-gurobi-1pct/win9/resultados/caso03b_base.csv,/clusteruy/home/mathiasr/generator-aware-row-scaling/results-revision/r3-hyperparam/simple-gurobi-1pct/win9/resultados/caso03b_base_postprocesado.csv,/clusteruy/home/mathiasr/generator-aware-row-scaling/results-revision/r3-hyperparam/simple-gurobi-1pct/win9/logs/caso03b_base.log
caso03b.txt,estructurado,OK,0,2.170654148,0.019160897983353,-379989143.8688125,-379646000.0,OPTIMAL,-380061953.201017,1.0,10995.0,0.26,14400.0,10800.0,35590.0,10974.0,8780.0,28735.0,23.791666666666668,18.703703703703702,19.261028378758077,1,Model contains large bounds,1e-05,40000.0,0.003,3000.0,0.2,70000.0,1.0,10000000000.0,0.003999999999999999,1.0,0.00035,1.0,2194000000000.0,4528000000.0,0.0003271,1.0,0.074189611,2.244843759,1.093646108103998,1.093646108103998,1.0575023101195704,0.074189611,0.03417845770979081,-0.0013413236905839981,5074.847008764744,1.335506373206159e-05,23000.0,6.057908335945258e-05,0.003999999999999999,0.002063810391978122,15276996.0,,0.42288807548825075,2.0,,,,2.0,1.185749,0.212542149143642,,,,,,,,OK,REVISAR,3.814697265625e-06,0.0,4.76837158203125e-07,24964204.7986197,0.0,1.07447733800065e-08,2.23517417907715e-08,3.32141644321384e-07,3.31783667206764e-06,187641.657390068,2.20087492438018,6485655.59485637,24964204.7986197,1.45519152283669e-11,0.0,3.814697265625e-06,0.0,0.0,0.0,0.0,0.0,3.0,0.0,0.0,0.0,0.0,-379989143.868813,2353.92836004266,0.0,24964204.7986197,0.0,0.0,0.0,1027.0,0.0,1005.0,0.0,0.0,0.0,0.0,-379645524.271686,-379989143.868813,5074.847008287907,1.3355063730806736e-05,empeora,-21.13308346271515,DIFIERE,3050000.0,4014,/clusteruy/home/mathiasr/generator-aware-row-scaling/results-revision/r3-hyperparam/simple-gurobi-1pct/win9/resultados/caso03b_estructurado.csv,/clusteruy/home/mathiasr/generator-aware-row-scaling/results-revision/r3-hyperparam/simple-gurobi-1pct/win9/resultados/caso03b_estructurado_postprocesado.csv,/clusteruy/home/mathiasr/generator-aware-row-scaling/results-revision/r3-hyperparam/simple-gurobi-1pct/win9/logs/caso03b_estructurado.log
caso03c.txt,base,OK,0,1.831917348,0.020286771903089,-376455385.9128314,-375239000.0,OPTIMAL,-376531756.55828846,1.0,9832.0,0.24,14400.0,10800.0,35590.0,10964.0,8770.0,28718.0,23.86111111111111,18.796296296296298,19.308794605226186,3,Model contains large bounds | Model contains large matrix coefficients | Model contains large rhs,0.002,2000000000.0,0.005,3000.0,5.0,5000000000.0,1.0,10000000000.0,,,,,,,,,0.0,1.831917348,1.0,1.0,1.0,0.0,0.0,0.0,,,0.0,,,,4371050.740152,,,1.754598,,,,1.754598,1.0,0.239111575020758,,,,,,,,BASE,BASE,,,,,,2.61814564588549e-09,5.82076609134674e-11,8.5681676864624e-08,2.06753611564636e-07,880048.138049371,3.14764761140949,32063557.4316854,339185437.806747,1.81898940354586e-12,0.0,6.82193785905838e-07,0.0,0.0,0.0,0.0,0.0,0.0,0.0,0.0,0.0,0.0,-376455385.912831,1652.68917176222,0.0,339185437.806747,0.0,0.0,0.0,649.0,0.0,996.0,0.0,0.0,0.0,0.0,-375238980.914613,,,,,,BASE,0.0,0,/clusteruy/home/mathiasr/generator-aware-row-scaling/results-revision/r3-hyperparam/simple-gurobi-1pct/win9/resultados/caso03c_base.csv,/clusteruy/home/mathiasr/generator-aware-row-scaling/results-revision/r3-hyperparam/simple-gurobi-1pct/win9/resultados/caso03c_base_postprocesado.csv,/clusteruy/home/mathiasr/generator-aware-row-scaling/results-revision/r3-hyperparam/simple-gurobi-1pct/win9/logs/caso03c_base.log
caso03c.txt,estructurado,OK,0,1.803376806,0.020223889650831,-376455642.108919,-375310000.0,OPTIMAL,-376531776.08256346,1.0,8720.0,0.26,14400.0,10800.0,35590.0,10974.0,8780.0,28735.0,23.791666666666668,18.703703703703702,19.261028378758077,1,Model contains large bounds,1e-05,40000.0,0.005,3000.0,0.2,70000.0,1.0,10000000000.0,0.003999999999999999,1.0,0.00035,1.0,2194000000000.0,4528000000.0,0.0003271,1.0,0.074684705,1.8780615109999999,1.0158261667251365,1.0158261667251365,0.9754298979401214,0.074684705,0.04141381033154976,6.28822522580029e-05,-256.19608759880066,-6.805483390218332e-07,-71000.0,-0.00018921274174592726,0.003999999999999999,0.002063810391978122,67992.0,,0.015555069945867438,2.0,,,,2.0,0.877299,0.241747951808715,,,,,,,,OK,REVISAR,1.19209289550781e-06,0.0,0.0,339182073.705512,0.0,1.02493663618964e-08,2.18860805034637e-08,4.76487912237644e-07,2.57045030593872e-07,897344.16338598,3.14133657471346,32227917.1560394,339182073.705512,7.27595761418343e-12,0.0,1.19209289550781e-06,0.0,0.0,0.0,0.0,0.0,1.0,0.0,0.0,0.0,0.0,-376455642.108919,1652.68917176221,0.0,339182073.705512,0.0,0.0,0.0,635.0,0.0,997.0,0.0,0.0,0.0,0.0,-375309896.526763,-376455642.108919,-256.19608759880066,6.805483390218332e-07,igual,-19.52427500486374,DIFIERE,60000.0,1845,/clusteruy/home/mathiasr/generator-aware-row-scaling/results-revision/r3-hyperparam/simple-gurobi-1pct/win9/resultados/caso03c_estructurado.csv,/clusteruy/home/mathiasr/generator-aware-row-scaling/results-revision/r3-hyperparam/simple-gurobi-1pct/win9/resultados/caso03c_estructurado_postprocesado.csv,/clusteruy/home/mathiasr/generator-aware-row-scaling/results-revision/r3-hyperparam/simple-gurobi-1pct/win9/logs/caso03c_estructurado.log
caso03d.txt,base,OK,0,1.742515147,0.712381893881006,-283387190.8570123,-284701000.0,OPTIMAL,-285405989.89425564,1.0,9027.0,0.24,14400.0,10800.0,35590.0,10797.0,8408.0,28284.0,25.020833333333332,22.14814814814815,20.528238269176736,3,Model contains large bounds | Model contains large matrix coefficients | Model contains large rhs,0.002,2000000000.0,0.003,2000.0,5.0,5000000000.0,1.0,10000000000.0,,,,,,,,,0.0,1.742515147,1.0,1.0,1.0,0.0,0.0,0.0,,,0.0,,,,82694496.33586,,,1.617914,,,,1.617914,1.0,0.251341789988826,,,,,,,,BASE,BASE,,,,,,2.03532553896361e-09,4.2632564145606e-14,7.63684511184692e-08,2.06753611564636e-07,900738.508216992,5.99994217300876,9667712.67610782,673420565.924777,2.8421709430404e-14,0.0,2.38418579101562e-07,0.0,0.0,0.0,0.0,0.0,0.0,0.0,0.0,0.0,0.0,-283387190.857012,1654.85237748441,0.0,673420565.924777,0.0,0.0,0.0,236.0,0.0,1043.0,0.0,0.0,0.0,0.0,-284700810.991575,,,,,,BASE,0.0,0,/clusteruy/home/mathiasr/generator-aware-row-scaling/results-revision/r3-hyperparam/simple-gurobi-1pct/win9/resultados/caso03d_base.csv,/clusteruy/home/mathiasr/generator-aware-row-scaling/results-revision/r3-hyperparam/simple-gurobi-1pct/win9/resultados/caso03d_base_postprocesado.csv,/clusteruy/home/mathiasr/generator-aware-row-scaling/results-revision/r3-hyperparam/simple-gurobi-1pct/win9/logs/caso03d_base.log
caso03d.txt,estructurado,OK,0,2.590610833,0.574767335194782,-283689208.7372993,-284218000.0,OPTIMAL,-285319761.64259386,1.0,9997.0,0.27,14400.0,10800.0,35590.0,10803.0,8412.0,28291.0,24.979166666666668,22.11111111111111,20.508569822983983,1,Model contains large bounds,1e-05,40000.0,0.003,2000.0,0.2,70000.0,1.0,10000000000.0,0.003999999999999999,1.0,0.00035,1.0,2194000000000.0,4528000000.0,0.0003271,1.0,0.074895272,2.665506105,0.6726271367367512,0.6726271367367512,0.6537276893612667,0.074895272,0.028910275154400235,0.13761455868622408,-302017.8802870512,-0.001065742877699223,483000.0,0.0016965166964640096,0.003999999999999999,0.002063810391978122,2261005.0,,0.02734166238605565,2.0,,0.0,2.0,2.0,0.808957,0.185881749583791,,,,,,,,OK,REVISAR,2.04262469196692e-05,0.0,2.980232238769531e-07,667422520.324358,0.0,2.42575279493703e-08,3.72529029846191e-09,4.76837158203125e-07,2.16066837310791e-07,453512.64782085,5.72135198614396,13582555.3431495,667422520.324358,7.27595761418343e-12,0.0,2.04262469196692e-05,0.0,0.0,0.0,0.0,0.0,23.0,0.0,0.0,0.0,0.0,-283689208.737299,789.570088603679,0.0,667422520.324358,0.0,0.0,0.0,171.0,0.0,1066.0,0.0,0.0,0.0,0.0,-284218013.357579,-283689208.737299,-302017.8802867532,0.0010657428776981715,mejora,86228.2516617775,DIFIERE,29350000.0,3834,/clusteruy/home/mathiasr/generator-aware-row-scaling/results-revision/r3-hyperparam/simple-gurobi-1pct/win9/resultados/caso03d_estructurado.csv,/clusteruy/home/mathiasr/generator-aware-row-scaling/results-revision/r3-hyperparam/simple-gurobi-1pct/win9/resultados/caso03d_estructurado_postprocesado.csv,/clusteruy/home/mathiasr/generator-aware-row-scaling/results-revision/r3-hyperparam/simple-gurobi-1pct/win9/logs/caso03d_estructurado.log
caso03e.txt,base,OK,0,1.973785001,0.586617693491006,-290798601.87026966,-292113000.0,OPTIMAL,-292504477.9212651,1.0,10291.0,0.25,14400.0,10800.0,35590.0,10797.0,8408.0,28284.0,25.020833333333332,22.14814814814815,20.528238269176736,3,Model contains large bounds | Model contains large matrix coefficients | Model contains large rhs,0.002,2000000000.0,0.003,2000.0,5.0,5000000000.0,1.0,10000000000.0,,,,,,,,,0.0,1.973785001,1.0,1.0,1.0,0.0,0.0,0.0,,,0.0,,,,32795879.172333,,,1.790597,,,,1.790597,1.0,0.251356141451483,,,,,,,,BASE,BASE,,,,,,1.94315325551159e-09,7.105427357601e-14,6.89178705215454e-08,2.3283064365387e-07,725334.357033381,2.2496046729992,36611578.3107332,62961589.3151613,2.27373675443232e-13,0.0,4.54019755125046e-07,0.0,0.0,0.0,0.0,0.0,0.0,0.0,0.0,0.0,0.0,-290798601.87027,1019.23042944411,0.0,62961589.3151613,0.0,0.0,0.0,601.0,0.0,1052.0,0.0,0.0,0.0,0.0,-292112875.576313,,,,,,BASE,0.0,0,/clusteruy/home/mathiasr/generator-aware-row-scaling/results-revision/r3-hyperparam/simple-gurobi-1pct/win9/resultados/caso03e_base.csv,/clusteruy/home/mathiasr/generator-aware-row-scaling/results-revision/r3-hyperparam/simple-gurobi-1pct/win9/resultados/caso03e_base_postprocesado.csv,/clusteruy/home/mathiasr/generator-aware-row-scaling/results-revision/r3-hyperparam/simple-gurobi-1pct/win9/logs/caso03e_base.log
caso03e.txt,estructurado,OK,0,2.908723983,0.548588167406778,-290827592.17629397,-292113000.0,OPTIMAL,-292423037.93452716,1.0,9970.0,0.27,14400.0,10800.0,35590.0,10803.0,8412.0,28291.0,24.979166666666668,22.11111111111111,20.508569822983983,1,Model contains large bounds,1e-05,40000.0,0.003,2000.0,0.2,70000.0,1.0,10000000000.0,0.003999999999999999,1.0,0.00035,1.0,2194000000000.0,4528000000.0,0.0003271,1.0,0.075229588,2.983953571,0.6785741832280275,0.6785741832280275,0.6614663914956739,0.075229588,0.025863433051633074,0.03802952608422805,-28990.306024312973,-9.969204060082124e-05,0.0,0.0,0.003999999999999999,0.002063810391978122,184133.0,,0.005614516355315055,3.0,,0.0,2.0,3.0,0.5968656666666666,0.184166894008562,,,,,,,,OK,REVISAR,9.5367431640625e-07,0.0,5.960464477539063e-08,62945984.4169957,0.0,8.82559017994761e-09,1.11758708953857e-08,3.57679091393949e-07,3.85567545890808e-07,718330.76988983,2.30302175604373,35814666.058672,62945984.4169957,1.45519152283669e-11,0.0,9.5367431640625e-07,0.0,0.0,0.0,0.0,0.0,0.0,0.0,0.0,0.0,0.0,-290827592.176294,1019.95149801817,0.0,62945984.4169957,0.0,0.0,0.0,614.0,0.0,1052.0,0.0,0.0,0.0,0.0,-292113102.516833,-290827592.176294,-28990.306024372578,9.969204060102621e-05,mejora,81439.98673796654,DIFIERE,80000.0,2092,/clusteruy/home/mathiasr/generator-aware-row-scaling/results-revision/r3-hyperparam/simple-gurobi-1pct/win9/resultados/caso03e_estructurado.csv,/clusteruy/home/mathiasr/generator-aware-row-scaling/results-revision/r3-hyperparam/simple-gurobi-1pct/win9/resultados/caso03e_estructurado_postprocesado.csv,/clusteruy/home/mathiasr/generator-aware-row-scaling/results-revision/r3-hyperparam/simple-gurobi-1pct/win9/logs/caso03e_estructurado.log
caso03f.txt,base,OK,0,1.678633469,0.684265321289156,-286522962.17253846,-287949000.0,OPTIMAL,-288483539.4402156,1.0,9544.0,0.25,14400.0,10800.0,35590.0,10797.0,8408.0,28284.0,25.020833333333332,22.14814814814815,20.528238269176736,3,Model contains large bounds | Model contains large matrix coefficients | Model contains large rhs,0.002,2000000000.0,0.005,2000.0,5.0,5000000000.0,1.0,10000000000.0,,,,,,,,,0.0,1.678633469,1.0,1.0,1.0,0.0,0.0,0.0,,,0.0,,,,3965840.05263,,,1.517364,,,,1.517364,1.0,0.252601987612689,,,,,,,,BASE,BASE,,,,,,1.74194903458503e-09,7.27595761418343e-12,5.77419996261597e-08,2.08616256713867e-07,548870.296488411,2.76234421283362,26473249.0244319,230956967.680671,3.63797880709171e-12,0.0,2.38418579101562e-07,0.0,0.0,0.0,0.0,0.0,0.0,0.0,0.0,0.0,0.0,-286522962.172538,915.396554778417,0.0,230956967.680671,0.0,0.0,0.0,498.0,0.0,1041.0,0.0,0.0,0.0,0.0,-287948841.851211,,,,,,BASE,0.0,0,/clusteruy/home/mathiasr/generator-aware-row-scaling/results-revision/r3-hyperparam/simple-gurobi-1pct/win9/resultados/caso03f_base.csv,/clusteruy/home/mathiasr/generator-aware-row-scaling/results-revision/r3-hyperparam/simple-gurobi-1pct/win9/resultados/caso03f_base_postprocesado.csv,/clusteruy/home/mathiasr/generator-aware-row-scaling/results-revision/r3-hyperparam/simple-gurobi-1pct/win9/logs/caso03f_base.log
caso03f.txt,estructurado,OK,0,1.803214315,0.684251727046983,-286522962.1725385,-287994000.0,OPTIMAL,-288483500.4895903,1.0,8794.0,0.27,14400.0,10800.0,35590.0,10803.0,8412.0,28291.0,24.979166666666668,22.11111111111111,20.508569822983983,1,Model contains large bounds,1e-05,40000.0,0.005,2000.0,0.2,70000.0,1.0,10000000000.0,0.003999999999999999,1.0,0.00035,1.0,2194000000000.0,4528000000.0,0.0003271,1.0,0.074551286,1.877765601,0.9309117918132765,0.9309117918132765,0.8939526148024266,0.074551286,0.0413435526658405,1.3594242172954019e-05,-5.960464477539063e-08,-2.0802746252322314e-16,-45000.0,-0.00015627767417146786,0.003999999999999999,0.002063810391978122,43048.0,,0.010854698986524216,2.0,,,,2.0,0.758682,0.275094273407601,,,,,,,,OK,REVISAR,9.54139977693558e-07,0.0,4.76837158203125e-07,230956967.680671,0.0,9.02564487580292e-09,1.11758708953857e-08,4.76721324957907e-07,2.86847352981567e-07,567630.504464787,2.76786679984338,26805285.3576959,230956967.680671,7.27595761418343e-12,0.0,9.54139977693558e-07,0.0,0.0,0.0,0.0,0.0,0.0,0.0,0.0,0.0,0.0,-286522962.172539,915.396554778417,0.0,230956967.680671,0.0,0.0,0.0,500.0,0.0,1041.0,0.0,0.0,0.0,0.0,-287993662.928238,-286522962.172539,-5.364418029785156e-07,1.8722471627090084e-15,igual,38.95062530040741,DIFIERE,127.53700000000003,14,/clusteruy/home/mathiasr/generator-aware-row-scaling/results-revision/r3-hyperparam/simple-gurobi-1pct/win9/resultados/caso03f_estructurado.csv,/clusteruy/home/mathiasr/generator-aware-row-scaling/results-revision/r3-hyperparam/simple-gurobi-1pct/win9/resultados/caso03f_estructurado_postprocesado.csv,/clusteruy/home/mathiasr/generator-aware-row-scaling/results-revision/r3-hyperparam/simple-gurobi-1pct/win9/logs/caso03f_estructurado.log
caso04a.txt,base,OK,0,3.420241569,0.00384377355831,-357810493.6283544,-355273000.0,OPTIMAL,-357824247.0534973,1.0,13486.0,0.25,14400.0,10800.0,35590.0,10770.0,8602.0,28689.0,25.208333333333332,20.35185185185185,19.390278168024725,4,Model contains large bounds | Model contains large matrix coefficients | Model contains large rhs | max constraint violation (8.0969e-06) exceeds tolerance,0.002,2000000000.0,0.003,3000.0,5.0,4000000000.0,1.0,10000000000.0,,,,,,,,,0.0,3.420241569,1.0,1.0,1.0,0.0,0.0,0.0,,,0.0,,,,54892852.218669,,,3.279127,,,,3.279127,1.0,0.900266185075334,,,,,,,,BASE,BASE,,,,,,3.72005648366055e-09,1.63725977220252e-11,1.00582838058472e-07,8.12672078609467e-06,425960.007868149,2.03633066376613,17657113.3329658,59142747.294792,9.5367431640625e-07,0.0,8.12672078609467e-06,0.0,0.0,0.0,0.0,0.0,1.0,0.0,0.0,0.0,0.0,-357810493.628354,490.287370054019,0.0,59142747.294792,0.0,0.0,0.0,712.0,0.0,1038.0,0.0,0.0,0.0,0.0,-355272563.753385,,,,,,BASE,0.0,0,/clusteruy/home/mathiasr/generator-aware-row-scaling/results-revision/r3-hyperparam/simple-gurobi-1pct/win9/resultados/caso04a_base.csv,/clusteruy/home/mathiasr/generator-aware-row-scaling/results-revision/r3-hyperparam/simple-gurobi-1pct/win9/resultados/caso04a_base_postprocesado.csv,/clusteruy/home/mathiasr/generator-aware-row-scaling/results-revision/r3-hyperparam/simple-gurobi-1pct/win9/logs/caso04a_base.log
caso04a.txt,estructurado,OK,0,1.365347292,0.731782396856641,-357782095.1417706,-356553000.0,OPTIMAL,-360400281.53312296,1.0,0.0,0.26,14400.0,10800.0,35590.0,10786.0,8617.0,28687.0,25.09722222222222,20.212962962962962,19.3958977240798,1,Model contains large bounds,2e-05,40000.0,0.003,3000.0,0.1,60000.0,1.0,10000000000.0,0.0019999999999999996,1.0,0.00075,1.0,2133000000000.0,4157000000.0,0.0003513,1.0,0.074509169,1.439856461,2.5050341323707697,2.5050341323707697,2.3754045362442553,0.074509169,0.054571587343800874,-0.727938623298331,28398.48658376932,7.936739444334427e-05,-1280000.0,-0.0036028631503097616,0.0019999999999999996,0.0019488982653539616,2864836.0,,0.052189599997241036,1.0,,,,1.0,3.279127,0.378520140056609,,,,,,,,OK,REVISAR,2.91187316179276e-05,0.0,4.172325134277344e-07,59142747.294792,0.0,1.07059806505331e-08,2.23517417907715e-08,2.38888751482591e-07,2.91187316179276e-05,408524.893110685,2.45113055042465,16474993.6446653,59142747.294792,1.45519152283669e-11,0.0,2.91187316179276e-05,0.0,0.0,0.0,0.0,0.0,2.0,0.0,0.0,0.0,0.0,-357782095.141771,2052.22716875043,0.0,59142747.294792,0.0,0.0,0.0,765.0,0.0,1035.0,0.0,0.0,0.0,0.0,-356552810.611279,-357782095.141771,28398.48658335209,7.93673944421782e-05,empeora,-2576034.4796256423,DIFIERE,19320000.0,5947,/clusteruy/home/mathiasr/generator-aware-row-scaling/results-revision/r3-hyperparam/simple-gurobi-1pct/win9/resultados/caso04a_estructurado.csv,/clusteruy/home/mathiasr/generator-aware-row-scaling/results-revision/r3-hyperparam/simple-gurobi-1pct/win9/resultados/caso04a_estructurado_postprocesado.csv,/clusteruy/home/mathiasr/generator-aware-row-scaling/results-revision/r3-hyperparam/simple-gurobi-1pct/win9/logs/caso04a_estructurado.log
caso04b.txt,base,OK,0,2.654889444,0.022464930926825,-362870816.79831946,-362019000.0,OPTIMAL,-362952335.4766668,1.0,12579.0,0.25,14400.0,10800.0,35590.0,10770.0,8602.0,28689.0,25.208333333333332,20.35185185185185,19.390278168024725,3,Model contains large bounds | Model contains large matrix coefficients | Model contains large rhs,0.002,2000000000.0,0.003,3000.0,5.0,4000000000.0,1.0,10000000000.0,,,,,,,,,0.0,2.654889444,1.0,1.0,1.0,0.0,0.0,0.0,,,0.0,,,,158172889.093768,,,2.817321,,,,2.817321,1.0,0.188189203135471,,,,,,,,BASE,BASE,,,,,,2.62681307979849e-09,1.00048636042515e-11,8.80146399140359e-08,4.37954440712929e-07,337716.779735198,2.43408431846357,16010996.7373092,28902862.4501538,1.25055521493778e-11,0.0,4.37954440712929e-07,0.0,0.0,0.0,0.0,0.0,0.0,0.0,0.0,0.0,0.0,-362870816.798319,2758.71764990465,0.0,28902862.4501538,0.0,0.0,0.0,813.0,0.0,1042.0,0.0,0.0,0.0,0.0,-362018785.58415,,,,,,BASE,0.0,0,/clusteruy/home/mathiasr/generator-aware-row-scaling/results-revision/r3-hyperparam/simple-gurobi-1pct/win9/resultados/caso04b_base.csv,/clusteruy/home/mathiasr/generator-aware-row-scaling/results-revision/r3-hyperparam/simple-gurobi-1pct/win9/resultados/caso04b_base_postprocesado.csv,/clusteruy/home/mathiasr/generator-aware-row-scaling/results-revision/r3-hyperparam/simple-gurobi-1pct/win9/logs/caso04b_base.log
caso04b.txt,estructurado,OK,0,2.353693185,0.022473631467312,-362870816.7983195,-362019000.0,OPTIMAL,-362952367.0483892,1.0,10267.0,0.26,14400.0,10800.0,35590.0,10786.0,8617.0,28687.0,25.09722222222222,20.212962962962962,19.3958977240798,1,Model contains large bounds,2e-05,40000.0,0.003,3000.0,0.1,60000.0,1.0,10000000000.0,0.0019999999999999996,1.0,0.00075,1.0,2133000000000.0,4157000000.0,0.0003513,1.0,0.074693949,2.428387134,1.12796751119454,1.12796751119454,1.0932727351536036,0.074693949,0.03173478577242853,-8.70054048699928e-06,-5.960464477539063e-08,-1.6425857913098145e-16,0.0,0.0,0.0019999999999999996,0.0019488982653539616,2975963.0,,0.0188146212479927,2.0,,,,2.0,1.4086605,0.215320119135263,,,,,,,,OK,REVISAR,2.91205942630768e-05,0.0,4.76837158203125e-07,28902862.4501548,0.0,1.02918166848889e-08,1.95810571312901e-08,2.38418579101562e-07,2.91205942630768e-05,337716.779735206,2.43408431846362,16010996.7373092,28902862.4501548,1.45519152283669e-11,0.0,2.91205942630768e-05,0.0,0.0,0.0,0.0,0.0,1.0,0.0,0.0,0.0,0.0,-362870816.79832,2758.71764990465,0.0,28902862.4501548,0.0,0.0,0.0,813.0,0.0,1042.0,0.0,0.0,0.0,0.0,-362018785.584147,-362870816.79832,-5.364418029785156e-07,1.4783272121788328e-15,igual,-31.571722388267517,DIFIERE,9.999999999732445e-07,3,/clusteruy/home/mathiasr/generator-aware-row-scaling/results-revision/r3-hyperparam/simple-gurobi-1pct/win9/resultados/caso04b_estructurado.csv,/clusteruy/home/mathiasr/generator-aware-row-scaling/results-revision/r3-hyperparam/simple-gurobi-1pct/win9/resultados/caso04b_estructurado_postprocesado.csv,/clusteruy/home/mathiasr/generator-aware-row-scaling/results-revision/r3-hyperparam/simple-gurobi-1pct/win9/logs/caso04b_estructurado.log
caso04c.txt,base,OK,0,3.342254361,0.0054548876483,-360294952.8527832,-358158000.0,OPTIMAL,-360314606.5376638,1.0,13043.0,0.25,14400.0,10800.0,35590.0,10770.0,8602.0,28689.0,25.208333333333332,20.35185185185185,19.390278168024725,4,Model contains large bounds | Model contains large matrix coefficients | Model contains large rhs | max constraint violation (8.0988e-06) exceeds tolerance,0.002,2000000000.0,0.005,3000.0,5.0,4000000000.0,1.0,10000000000.0,,,,,,,,,0.0,3.342254361,1.0,1.0,1.0,0.0,0.0,0.0,,,0.0,,,,61553954.987904,,,3.182791,,,,3.182791,1.0,0.893917132616049,,,,,,,,BASE,BASE,,,,,,3.53658058492763e-09,1.18279386285279e-11,9.82591882348062e-08,8.1285834312439e-06,404497.842680186,2.48673048903715,16886560.4476838,43342847.982792,9.5367431640625e-07,0.0,8.1285834312439e-06,0.0,0.0,0.0,0.0,0.0,1.0,0.0,0.0,0.0,0.0,-360294952.852783,740.538215185756,0.0,43342847.982792,0.0,0.0,0.0,793.0,0.0,1030.0,0.0,0.0,0.0,0.0,-358158353.788449,,,,,,BASE,0.0,0,/clusteruy/home/mathiasr/generator-aware-row-scaling/results-revision/r3-hyperparam/simple-gurobi-1pct/win9/resultados/caso04c_base.csv,/clusteruy/home/mathiasr/generator-aware-row-scaling/results-revision/r3-hyperparam/simple-gurobi-1pct/win9/resultados/caso04c_base_postprocesado.csv,/clusteruy/home/mathiasr/generator-aware-row-scaling/results-revision/r3-hyperparam/simple-gurobi-1pct/win9/logs/caso04c_base.log
caso04c.txt,estructurado,OK,0,2.617576998,0.017182449815534,-360253024.01613426,-359212000.0,OPTIMAL,-360314924.3111948,1.0,11093.0,0.26,14400.0,10800.0,35590.0,10786.0,8617.0,28687.0,25.09722222222222,20.212962962962962,19.3958977240798,1,Model contains large bounds,2e-05,40000.0,0.005,3000.0,0.1,60000.0,1.0,10000000000.0,0.0019999999999999996,1.0,0.00075,1.0,2133000000000.0,4157000000.0,0.0003513,1.0,0.074641098,2.692218096,1.276850447399905,1.276850447399905,1.2414500764131258,0.074641098,0.028515339971672535,-0.011727562167234001,41928.83664894104,0.00011637364419610173,-1054000.0,-0.002942835284985956,0.0019999999999999996,0.0019488982653539616,1708364.0,,0.027753927433837706,3.0,,,,3.0,1.0609303333333333,0.197813612230595,,,,,,,,OK,REVISAR,2.91187316179276e-05,0.0,2.384185791015625e-07,43342847.982792,0.0,1.03882264508639e-08,2.18860805034637e-08,2.38418724620715e-07,2.91187316179276e-05,387878.235257575,2.41399857631507,16459397.11787,43342847.982792,1.17870513349771e-09,0.0,2.91187316179276e-05,0.0,0.0,0.0,0.0,0.0,2.0,0.0,0.0,0.0,0.0,-360253024.016134,2792.76538393619,0.0,43342847.982792,0.0,0.0,0.0,789.0,0.0,1028.0,0.0,0.0,0.0,0.0,-359211981.312721,-360253024.016134,41928.83664917946,0.00011637364419676346,empeora,-317.773530960083,DIFIERE,17860000.0,5942,/clusteruy/home/mathiasr/generator-aware-row-scaling/results-revision/r3-hyperparam/simple-gurobi-1pct/win9/resultados/caso04c_estructurado.csv,/clusteruy/home/mathiasr/generator-aware-row-scaling/results-revision/r3-hyperparam/simple-gurobi-1pct/win9/resultados/caso04c_estructurado_postprocesado.csv,/clusteruy/home/mathiasr/generator-aware-row-scaling/results-revision/r3-hyperparam/simple-gurobi-1pct/win9/logs/caso04c_estructurado.log
caso04d.txt,base,OK,0,1.706484162,0.811005432984777,-283194159.0666108,-282960000.0,OPTIMAL,-285490879.0825366,1.0,9041.0,0.26,14400.0,10800.0,35590.0,10665.0,8317.0,28407.0,25.9375,22.99074074074074,20.182635571789827,3,Model contains large bounds | Model contains large matrix coefficients | Model contains large rhs,0.002,2000000000.0,0.003,2000.0,5.0,4000000000.0,1.0,10000000000.0,,,,,,,,,0.0,1.706484162,1.0,1.0,1.0,0.0,0.0,0.0,,,0.0,,,,77590259.849437,,,1.711101,,,,1.711101,1.0,0.242889448026993,,,,,,,,BASE,BASE,,,,,,2.06459080403987e-09,4.99156271871445e-14,7.17211514711382e-08,1.78813934326172e-07,616093.298371553,7.28587951709714,26318286.1223595,186366113.105453,2.8421709430404e-14,0.0,3.06412403006107e-07,0.0,0.0,0.0,0.0,0.0,0.0,0.0,0.0,0.0,0.0,-283194159.066611,1107.82814605088,0.0,186366113.105453,0.0,0.0,0.0,371.0,0.0,1071.0,0.0,0.0,0.0,0.0,-282959544.159059,,,,,,BASE,0.0,0,/clusteruy/home/mathiasr/generator-aware-row-scaling/results-revision/r3-hyperparam/simple-gurobi-1pct/win9/resultados/caso04d_base.csv,/clusteruy/home/mathiasr/generator-aware-row-scaling/results-revision/r3-hyperparam/simple-gurobi-1pct/win9/resultados/caso04d_base_postprocesado.csv,/clusteruy/home/mathiasr/generator-aware-row-scaling/results-revision/r3-hyperparam/simple-gurobi-1pct/win9/logs/caso04d_base.log
caso04d.txt,estructurado,OK,0,1.722348519,0.810977112416629,-283194159.0666108,-282960000.0,OPTIMAL,-285490798.88034177,1.0,8384.0,0.27,14400.0,10800.0,35590.0,10681.0,8332.0,28405.0,25.82638888888889,22.85185185185185,20.1882551278449,1,Model contains large bounds,2e-05,40000.0,0.003,2000.0,0.1,60000.0,1.0,10000000000.0,0.0019999999999999996,1.0,0.00075,1.0,2133000000000.0,4157000000.0,0.0003513,1.0,0.074073387,1.7964219060000002,0.9907891133385646,0.9907891133385646,0.9499350660890904,0.074073387,0.04300719986858827,2.8320568148054726e-05,0.0,0.0,0.0,0.0,0.0019999999999999996,0.0019488982653539616,4586133.0,,0.05910707102797874,2.0,,,,2.0,0.8555505,0.259561669944749,,,,,,,,OK,REVISAR,9.5367431640625e-07,0.0,1.7881393432617188e-07,186366113.105453,0.0,5.4102524833147e-09,1.45519152283669e-11,1.53677465277724e-07,4.76837158203125e-07,616093.29837153,7.28587951709714,26318286.1223586,186366113.105453,1.45519152283669e-11,0.0,9.5367431640625e-07,0.0,0.0,0.0,0.0,0.0,0.0,0.0,0.0,0.0,0.0,-283194159.066611,1107.82814605088,0.0,186366113.105453,0.0,0.0,0.0,371.0,0.0,1071.0,0.0,0.0,0.0,0.0,-282959544.159059,-283194159.066611,-1.7881393432617188e-07,6.314181581835259e-16,igual,80.20219480991364,OK,0.0,0,/clusteruy/home/mathiasr/generator-aware-row-scaling/results-revision/r3-hyperparam/simple-gurobi-1pct/win9/resultados/caso04d_estructurado.csv,/clusteruy/home/mathiasr/generator-aware-row-scaling/results-revision/r3-hyperparam/simple-gurobi-1pct/win9/resultados/caso04d_estructurado_postprocesado.csv,/clusteruy/home/mathiasr/generator-aware-row-scaling/results-revision/r3-hyperparam/simple-gurobi-1pct/win9/logs/caso04d_estructurado.log
caso04e.txt,base,OK,0,2.296090585,0.68712510540892,-288137317.77091664,-288929000.0,OPTIMAL,-290117181.6193725,1.0,9999.0,0.26,14400.0,10800.0,35590.0,10665.0,8317.0,28407.0,25.9375,22.99074074074074,20.182635571789827,3,Model contains large bounds | Model contains large matrix coefficients | Model contains large rhs,0.002,2000000000.0,0.003,2000.0,5.0,4000000000.0,1.0,10000000000.0,,,,,,,,,0.0,2.296090585,1.0,1.0,1.0,0.0,0.0,0.0,,,0.0,,,,134901922.959505,,,2.144991,,,,2.144991,1.0,0.246536337508749,,,,,,,,BASE,BASE,,,,,,2.26859364662154e-09,5.6843418860808e-14,8.19656997919085e-08,2.6472844183445e-07,552552.033149594,2.47720122449411,26001275.8086028,63303155.4813556,3.63797880709171e-12,0.0,2.6472844183445e-07,0.0,0.0,0.0,0.0,0.0,0.0,0.0,0.0,0.0,0.0,-288137317.770917,1489.5883638794,0.0,63303155.4813556,0.0,0.0,0.0,672.0,0.0,1080.0,0.0,0.0,0.0,0.0,-288929490.395269,,,,,,BASE,0.0,0,/clusteruy/home/mathiasr/generator-aware-row-scaling/results-revision/r3-hyperparam/simple-gurobi-1pct/win9/resultados/caso04e_base.csv,/clusteruy/home/mathiasr/generator-aware-row-scaling/results-revision/r3-hyperparam/simple-gurobi-1pct/win9/resultados/caso04e_base_postprocesado.csv,/clusteruy/home/mathiasr/generator-aware-row-scaling/results-revision/r3-hyperparam/simple-gurobi-1pct/win9/logs/caso04e_base.log
caso04e.txt,estructurado,OK,0,2.279566648,0.687121495545632,-288137317.7709167,-288929000.0,OPTIMAL,-290117171.2180093,1.0,9800.0,0.27,14400.0,10800.0,35590.0,10681.0,8332.0,28405.0,25.82638888888889,22.85185185185185,20.1882551278449,1,Model contains large bounds,2e-05,40000.0,0.003,2000.0,0.1,60000.0,1.0,10000000000.0,0.0019999999999999996,1.0,0.00075,1.0,2133000000000.0,4157000000.0,0.0003513,1.0,0.074768171,2.354334819,1.0072487185292422,1.0072487185292422,0.9752608534988497,0.074768171,0.03279929150814633,3.6098632880676718e-06,-5.960464477539063e-08,-2.068619408152444e-16,0.0,0.0,0.0019999999999999996,0.0019488982653539616,10980435.0,,0.0813956892467435,2.0,,,,2.0,1.0724955,0.253238544602614,,,,,,,,OK,REVISAR,9.01520252227783e-07,0.0,2.980232238769531e-07,63303155.4813542,0.0,6.3890097574853e-09,2.3283064365387e-10,1.91852450370789e-07,6.20260834693909e-07,552552.033149585,2.47720122449414,26001275.8086025,63303155.4813542,1.45519152283669e-11,0.0,9.01520252227783e-07,0.0,0.0,0.0,0.0,0.0,0.0,0.0,0.0,0.0,0.0,-288137317.770917,1489.5883638794,0.0,63303155.4813542,0.0,0.0,0.0,672.0,0.0,1080.0,0.0,0.0,0.0,0.0,-288929490.395269,-288137317.770917,-3.5762786865234375e-07,1.2411716448914665e-15,igual,10.4013631939888,OK,0.0,0,/clusteruy/home/mathiasr/generator-aware-row-scaling/results-revision/r3-hyperparam/simple-gurobi-1pct/win9/resultados/caso04e_estructurado.csv,/clusteruy/home/mathiasr/generator-aware-row-scaling/results-revision/r3-hyperparam/simple-gurobi-1pct/win9/resultados/caso04e_estructurado_postprocesado.csv,/clusteruy/home/mathiasr/generator-aware-row-scaling/results-revision/r3-hyperparam/simple-gurobi-1pct/win9/logs/caso04e_estructurado.log
caso04f.txt,base,OK,0,1.783783282,0.784585871455173,-285139577.2153607,-286157000.0,OPTIMAL,-287376742.05211943,1.0,9274.0,0.25,14400.0,10800.0,35590.0,10665.0,8317.0,28407.0,25.9375,22.99074074074074,20.182635571789827,3,Model contains large bounds | Model contains large matrix coefficients | Model contains large rhs,0.002,2000000000.0,0.005,2000.0,5.0,4000000000.0,1.0,10000000000.0,,,,,,,,,0.0,1.783783282,1.0,1.0,1.0,0.0,0.0,0.0,,,0.0,,,,5879255.316257,,,1.8139,,,,1.8139,1.0,0.249722861005276,,,,,,,,BASE,BASE,,,,,,1.97657388025195e-09,5.6843418860808e-14,6.98585063219072e-08,2.06753611564636e-07,157943.803493782,4.37165219521568,5253230.92616335,186366113.105453,1.81898940354586e-12,0.0,2.30967998504639e-07,0.0,0.0,0.0,0.0,0.0,0.0,0.0,0.0,0.0,0.0,-285139577.215361,1591.73156597398,0.0,186366113.105453,0.0,0.0,0.0,588.0,0.0,1071.0,0.0,0.0,0.0,0.0,-286157197.958559,,,,,,BASE,0.0,0,/clusteruy/home/mathiasr/generator-aware-row-scaling/results-revision/r3-hyperparam/simple-gurobi-1pct/win9/resultados/caso04f_base.csv,/clusteruy/home/mathiasr/generator-aware-row-scaling/results-revision/r3-hyperparam/simple-gurobi-1pct/win9/resultados/caso04f_base_postprocesado.csv,/clusteruy/home/mathiasr/generator-aware-row-scaling/results-revision/r3-hyperparam/simple-gurobi-1pct/win9/logs/caso04f_base.log
caso04f.txt,estructurado,OK,0,1.732643692,0.784557744109445,-285139577.2153607,-286189000.0,OPTIMAL,-287376661.84992474,1.0,8375.0,0.27,14400.0,10800.0,35590.0,10681.0,8332.0,28405.0,25.82638888888889,22.85185185185185,20.1882551278449,1,Model contains large bounds,2e-05,40000.0,0.005,2000.0,0.1,60000.0,1.0,10000000000.0,0.0019999999999999996,1.0,0.00075,1.0,2133000000000.0,4157000000.0,0.0003513,1.0,0.07451994,1.807163632,1.0295153528888386,1.0295153528888386,0.9870624056471716,0.07451994,0.04300938522102097,2.8127345727990694e-05,0.0,0.0,-32000.0,-0.00011182672449040212,0.0019999999999999996,0.0019488982653539616,112437.0,,0.019124360816427766,2.0,,,,2.0,0.90695,0.282487790697707,,,,,,,,OK,REVISAR,9.5367431640625e-07,0.0,2.980232238769531e-07,186366113.105453,0.0,5.09206812235695e-09,2.3283064365387e-10,1.49030238389969e-07,4.77186404168606e-07,170648.817976477,4.38690640956667,5255947.57869618,186366113.105453,1.45519152283669e-11,0.0,9.5367431640625e-07,0.0,0.0,0.0,0.0,0.0,0.0,0.0,0.0,0.0,0.0,-285139577.215361,1591.731565974,0.0,186366113.105453,0.0,0.0,0.0,591.0,0.0,1071.0,0.0,0.0,0.0,0.0,-286188558.029433,-285139577.215361,-2.980232238769531e-07,1.0451836493110238e-15,igual,80.20219469070435,DIFIERE,106.501,7,/clusteruy/home/mathiasr/generator-aware-row-scaling/results-revision/r3-hyperparam/simple-gurobi-1pct/win9/resultados/caso04f_estructurado.csv,/clusteruy/home/mathiasr/generator-aware-row-scaling/results-revision/r3-hyperparam/simple-gurobi-1pct/win9/resultados/caso04f_estructurado_postprocesado.csv,/clusteruy/home/mathiasr/generator-aware-row-scaling/results-revision/r3-hyperparam/simple-gurobi-1pct/win9/logs/caso04f_estructurado.log
caso05a.txt,base,OK,0,2.444484284,0.469585918194996,-343140585.3257425,-343226000.0,OPTIMAL,-344751925.19404405,1.0,11153.0,0.21,14400.0,10800.0,35590.0,9533.0,7968.0,26070.0,33.798611111111114,26.22222222222222,26.749086822141052,4,Model contains large bounds | Model contains large matrix coefficient range | Model contains large rhs | max constraint violation (3.0585e-06) exceeds tolerance,0.002,2000000000.0,0.003,3000.0,5.0,4000000000.0,1.0,10000000000.0,,,,,,,,,0.0,2.444484284,1.0,1.0,1.0,0.0,0.0,0.0,,,0.0,,,,50327468.245081,,,2.442739,,,,2.442739,1.0,0.16730353858942,,,,,,,,BASE,BASE,,,,,,3.30605073685086e-09,6.77413680705271e-12,1.04308128356934e-07,3.05850670301311e-06,248545.041145957,2.47162745038014,10018129.2851507,65285768.5366018,2.38418579101562e-07,0.0,3.05850670301311e-06,0.0,0.0,0.0,0.0,0.0,1.0,0.0,0.0,0.0,0.0,-343140585.325742,1260.3984056841,0.0,65285768.5366018,0.0,0.0,0.0,707.0,0.0,1024.0,0.0,0.0,0.0,0.0,-343225592.187582,,,,,,BASE,0.0,0,/clusteruy/home/mathiasr/generator-aware-row-scaling/results-revision/r3-hyperparam/simple-gurobi-1pct/win9/resultados/caso05a_base.csv,/clusteruy/home/mathiasr/generator-aware-row-scaling/results-revision/r3-hyperparam/simple-gurobi-1pct/win9/resultados/caso05a_base_postprocesado.csv,/clusteruy/home/mathiasr/generator-aware-row-scaling/results-revision/r3-hyperparam/simple-gurobi-1pct/win9/logs/caso05a_base.log
caso05a.txt,estructurado,OK,0,2.267978063,0.46958893860454,-343140585.32581186,-343278000.0,OPTIMAL,-344751935.55836475,1.0,11099.0,0.22,14400.0,10800.0,35590.0,9537.0,7971.0,26079.0,33.770833333333336,26.194444444444443,26.72379881989323,1,Model contains large bounds,2e-05,40000.0,0.003,3000.0,0.1,60000.0,1.0,10000000000.0,0.0019999999999999996,1.0,0.00075,1.0,2068000000000.0,3735000000.0,0.000385,1.0,0.074574355,2.3425524180000004,1.0778253651918148,1.0778253651918148,1.0435131633413035,0.074574355,0.032881426948793195,-3.0204095439745338e-06,-6.937980651855469e-05,-2.0219061657394042e-13,-52000.0,-0.00015150367396409362,0.0019999999999999996,0.0018060928433268858,3733660.0,,0.074187320169139,2.0,,,,2.0,1.2213695,0.180088326750098,,,,,,,,OK,REVISAR,1.21770426630974e-06,0.0,1.1920928955078125e-07,176468064.202886,0.0,6.6528454700845e-09,4.97093424200893e-09,2.01290240511298e-07,6.48200511932373e-07,260532.330026434,2.47941221058653,10038300.636027,176468064.202886,4.76837158203125e-07,0.0,1.21770426630974e-06,0.0,0.0,0.0,0.0,0.0,2.0,0.0,0.0,0.0,0.0,-343140585.325812,1260.39840568409,0.0,176468064.202886,0.0,0.0,0.0,708.0,0.0,1026.0,0.0,0.0,0.0,0.0,-343277850.613468,-343140585.325812,-6.949901580810547e-05,2.025380231316276e-13,igual,-10.364320695400238,DIFIERE,91.85399999999998,11,/clusteruy/home/mathiasr/generator-aware-row-scaling/results-revision/r3-hyperparam/simple-gurobi-1pct/win9/resultados/caso05a_estructurado.csv,/clusteruy/home/mathiasr/generator-aware-row-scaling/results-revision/r3-hyperparam/simple-gurobi-1pct/win9/resultados/caso05a_estructurado_postprocesado.csv,/clusteruy/home/mathiasr/generator-aware-row-scaling/results-revision/r3-hyperparam/simple-gurobi-1pct/win9/logs/caso05a_estructurado.log
caso05b.txt,base,OK,0,2.166719054,0.470051724809856,-347102361.66772866,-346478000.0,OPTIMAL,-348733922.30560356,1.0,11641.0,0.21,14400.0,10800.0,35590.0,9533.0,7968.0,26070.0,33.798611111111114,26.22222222222222,26.749086822141052,3,Model contains large bounds | Model contains large matrix coefficient range | Model contains large rhs,0.002,2000000000.0,0.003,3000.0,5.0,4000000000.0,1.0,10000000000.0,,,,,,,,,0.0,2.166719054,1.0,1.0,1.0,0.0,0.0,0.0,,,0.0,,,,54979880.1902,,,2.184244,,,,2.184244,1.0,0.207395727185543,,,,,,,,BASE,BASE,,,,,,2.92882722118992e-09,5.36086730562597e-12,9.90694388747215e-08,4.76837158203125e-07,214280.362207228,2.44808932919414,9941989.79069963,25275250.7368932,2.38418579101562e-07,0.0,4.76837158203125e-07,0.0,0.0,0.0,0.0,0.0,0.0,0.0,0.0,0.0,0.0,-347102361.667729,2761.04093634792,0.0,25275250.7368932,0.0,0.0,0.0,769.0,0.0,1019.0,0.0,0.0,0.0,0.0,-346478413.679083,,,,,,BASE,0.0,0,/clusteruy/home/mathiasr/generator-aware-row-scaling/results-revision/r3-hyperparam/simple-gurobi-1pct/win9/resultados/caso05b_base.csv,/clusteruy/home/mathiasr/generator-aware-row-scaling/results-revision/r3-hyperparam/simple-gurobi-1pct/win9/resultados/caso05b_base_postprocesado.csv,/clusteruy/home/mathiasr/generator-aware-row-scaling/results-revision/r3-hyperparam/simple-gurobi-1pct/win9/logs/caso05b_base.log
caso05b.txt,estructurado,OK,0,2.005615817,0.470057481683324,-347102361.6677307,-346478000.0,OPTIMAL,-348733942.28784937,1.0,9615.0,0.22,14400.0,10800.0,35590.0,9537.0,7971.0,26079.0,33.770833333333336,26.194444444444443,26.72379881989323,1,Model contains large bounds,2e-05,40000.0,0.003,3000.0,0.1,60000.0,1.0,10000000000.0,0.0019999999999999996,1.0,0.00075,1.0,2068000000000.0,3735000000.0,0.000385,1.0,0.075774729,2.0813905459999997,1.0803260702445887,1.0803260702445887,1.040995914084449,0.075774729,0.03778127812800352,-5.756873467988033e-06,-2.0265579223632812e-06,-5.83850225802626e-15,0.0,0.0,0.0019999999999999996,0.0018060928433268858,3733660.0,,0.06790956959316026,2.0,,,,2.0,1.092122,0.221382961546758,,,,,,,,OK,REVISAR,1.16275623440742e-06,0.0,2.980232238769531e-07,25275250.7368932,0.0,6.72752318861798e-09,3.72529029846191e-09,2.01165676116943e-07,8.91275703907013e-07,214280.362206868,2.4480893291917,9941989.79065007,25275250.7368932,4.76837158203125e-07,0.0,1.16275623440742e-06,0.0,0.0,0.0,0.0,0.0,2.0,0.0,0.0,0.0,0.0,-347102361.667731,2761.04093634792,0.0,25275250.7368932,0.0,0.0,0.0,769.0,0.0,1021.0,0.0,0.0,0.0,0.0,-346478413.678912,-347102361.667731,-2.3245811462402344e-06,6.6971055312654154e-15,igual,-19.982245802879333,OK,0.0,0,/clusteruy/home/mathiasr/generator-aware-row-scaling/results-revision/r3-hyperparam/simple-gurobi-1pct/win9/resultados/caso05b_estructurado.csv,/clusteruy/home/mathiasr/generator-aware-row-scaling/results-revision/r3-hyperparam/simple-gurobi-1pct/win9/resultados/caso05b_estructurado_postprocesado.csv,/clusteruy/home/mathiasr/generator-aware-row-scaling/results-revision/r3-hyperparam/simple-gurobi-1pct/win9/logs/caso05b_estructurado.log
caso05c.txt,base,OK,0,2.42794975,0.469709812845149,-345042720.7030544,-345128000.0,OPTIMAL,-346663420.22070456,1.0,11543.0,0.21,14400.0,10800.0,35590.0,9533.0,7968.0,26070.0,33.798611111111114,26.22222222222222,26.749086822141052,4,Model contains large bounds | Model contains large matrix coefficient range | Model contains large rhs | max constraint violation (3.0585e-06) exceeds tolerance,0.002,2000000000.0,0.005,3000.0,5.0,4000000000.0,1.0,10000000000.0,,,,,,,,,0.0,2.42794975,1.0,1.0,1.0,0.0,0.0,0.0,,,0.0,,,,50327468.245081,,,2.355573,,,,2.355573,1.0,0.187511153087072,,,,,,,,BASE,BASE,,,,,,3.310949879609e-09,6.77413680705271e-12,1.04308128356934e-07,3.05850670301311e-06,248545.041145957,2.47162745038014,10018129.2851507,65285768.5366018,2.38418579101562e-07,0.0,3.05850670301311e-06,0.0,0.0,0.0,0.0,0.0,1.0,0.0,0.0,0.0,0.0,-345042720.703054,1260.3984056841,0.0,65285768.5366018,0.0,0.0,0.0,707.0,0.0,1024.0,0.0,0.0,0.0,0.0,-345127727.564894,,,,,,BASE,0.0,0,/clusteruy/home/mathiasr/generator-aware-row-scaling/results-revision/r3-hyperparam/simple-gurobi-1pct/win9/resultados/caso05c_base.csv,/clusteruy/home/mathiasr/generator-aware-row-scaling/results-revision/r3-hyperparam/simple-gurobi-1pct/win9/resultados/caso05c_base_postprocesado.csv,/clusteruy/home/mathiasr/generator-aware-row-scaling/results-revision/r3-hyperparam/simple-gurobi-1pct/win9/logs/caso05c_base.log
caso05c.txt,estructurado,OK,0,2.300953507,0.469714226341127,-345042720.7031565,-345180000.0,OPTIMAL,-346663435.4492537,1.0,10473.0,0.22,14400.0,10800.0,35590.0,9537.0,7971.0,26079.0,33.770833333333336,26.194444444444443,26.72379881989323,1,Model contains large bounds,2e-05,40000.0,0.005,3000.0,0.1,60000.0,1.0,10000000000.0,0.0019999999999999996,1.0,0.00075,1.0,2068000000000.0,3735000000.0,0.000385,1.0,0.0739609,2.374914407,1.0551928766112177,1.0551928766112177,1.0223314755444153,0.0739609,0.032143587332379764,-4.413495977961812e-06,-0.00010204315185546875,-2.957406307472506e-13,-52000.0,-0.0001506687373959806,0.0019999999999999996,0.0018060928433268858,3733660.0,,0.074187320169139,2.0,,,,2.0,1.1777865,0.191499242659935,,,,,,,,OK,REVISAR,1.21770426630974e-06,0.0,4.76837158203125e-07,176468064.202886,0.0,6.62970984907293e-09,6.56582415103845e-09,2.01166840270162e-07,6.48200511932373e-07,260532.330026434,2.47941221058653,10038300.636027,176468064.202886,4.76837158203125e-07,0.0,1.21770426630974e-06,0.0,0.0,0.0,0.0,0.0,2.0,0.0,0.0,0.0,0.0,-345042720.703156,1260.39840568409,0.0,176468064.202886,0.0,0.0,0.0,708.0,0.0,1026.0,0.0,0.0,0.0,0.0,-345179985.990813,-345042720.703156,-0.00010156631469726562,2.9435866518301116e-13,igual,-15.228549122810364,DIFIERE,91.85399999999998,11,/clusteruy/home/mathiasr/generator-aware-row-scaling/results-revision/r3-hyperparam/simple-gurobi-1pct/win9/resultados/caso05c_estructurado.csv,/clusteruy/home/mathiasr/generator-aware-row-scaling/results-revision/r3-hyperparam/simple-gurobi-1pct/win9/resultados/caso05c_estructurado_postprocesado.csv,/clusteruy/home/mathiasr/generator-aware-row-scaling/results-revision/r3-hyperparam/simple-gurobi-1pct/win9/logs/caso05c_estructurado.log
caso05d.txt,base,OK,0,1.529864385,0.441299968306197,-275184714.0191239,-276560000.0,OPTIMAL,-276399104.0748738,1.0,7859.0,0.22,14400.0,10800.0,35590.0,9389.0,7587.0,25642.0,34.798611111111114,29.75,27.951671817926385,3,Model contains large bounds | Model contains large matrix coefficient range | Model contains large rhs,0.002,2000000000.0,0.003,2000.0,5.0,4000000000.0,1.0,10000000000.0,,,,,,,,,0.0,1.529864385,1.0,1.0,1.0,0.0,0.0,0.0,,,0.0,,,,80522630.636104,,,1.576348,,,,1.576348,1.0,0.229534328705305,,,,,,,,BASE,BASE,,,,,,2.46595511782676e-09,5.6843418860808e-14,9.12742689251901e-08,2.5331974029541e-07,1051164.30607555,6.85517026084559,16671619.7117692,729587415.639973,2.8421709430404e-14,0.0,4.50760126113892e-07,0.0,0.0,0.0,0.0,0.0,0.0,0.0,0.0,0.0,0.0,-275184714.019124,2078.28833116656,0.0,729587415.639973,0.0,0.0,0.0,235.0,0.0,1053.0,0.0,0.0,0.0,0.0,-276559770.28953,,,,,,BASE,0.0,0,/clusteruy/home/mathiasr/generator-aware-row-scaling/results-revision/r3-hyperparam/simple-gurobi-1pct/win9/resultados/caso05d_base.csv,/clusteruy/home/mathiasr/generator-aware-row-scaling/results-revision/r3-hyperparam/simple-gurobi-1pct/win9/resultados/caso05d_base_postprocesado.csv,/clusteruy/home/mathiasr/generator-aware-row-scaling/results-revision/r3-hyperparam/simple-gurobi-1pct/win9/logs/caso05d_base.log
caso05d.txt,estructurado,OK,0,1.571241237,0.439256241702423,-275184714.0191238,-276560000.0,OPTIMAL,-276393480.05166376,1.0,7911.0,0.23,14400.0,10800.0,35590.0,9393.0,7589.0,25651.0,34.770833333333336,29.73148148148148,27.926383815678562,1,Model contains large bounds,2e-05,40000.0,0.003,2000.0,0.1,60000.0,1.0,10000000000.0,0.0019999999999999996,1.0,0.00075,1.0,2068000000000.0,3735000000.0,0.000385,1.0,0.074308213,1.6455494499999999,0.9736661366659384,0.9736661366659384,0.9296982141739952,0.074308213,0.04729268253032746,0.0020437266037739987,1.1920928955078125e-07,4.3319735246085224e-16,0.0,0.0,0.0019999999999999996,0.0018060928433268858,4644459.0,,0.05767892781582275,2.0,,,,2.0,0.788174,0.229139816177961,,,,,,,,OK,REVISAR,1.45438534673303e-05,0.0,1.7881393432617188e-07,729587415.639974,0.0,7.73128676707615e-09,1.16415321826935e-10,1.92332081496716e-07,4.76837158203125e-07,1051164.30607553,6.855170260845,16671619.7117674,729587415.639974,2.86102294921875e-06,0.0,1.45438534673303e-05,0.0,0.0,0.0,3.0,0.0,3.0,0.0,0.0,0.0,0.0,-275184714.019124,2078.28833116656,0.0,729587415.639974,0.0,0.0,0.0,238.0,0.0,1056.0,0.0,0.0,0.0,0.0,-276559770.28953,-275184714.019124,-5.960464477539063e-08,2.1659867623042612e-16,igual,5624.0232100486755,DIFIERE,28.2424,5,/clusteruy/home/mathiasr/generator-aware-row-scaling/results-revision/r3-hyperparam/simple-gurobi-1pct/win9/resultados/caso05d_estructurado.csv,/clusteruy/home/mathiasr/generator-aware-row-scaling/results-revision/r3-hyperparam/simple-gurobi-1pct/win9/resultados/caso05d_estructurado_postprocesado.csv,/clusteruy/home/mathiasr/generator-aware-row-scaling/results-revision/r3-hyperparam/simple-gurobi-1pct/win9/logs/caso05d_estructurado.log
caso05e.txt,base,OK,0,37.642143298,0.295840415652678,-278452645.40038,-278106000.0,OPTIMAL,-279276420.8639284,12615.0,628787.0,0.22,14400.0,10800.0,35590.0,9389.0,7587.0,25642.0,34.798611111111114,29.75,27.951671817926385,3,Model contains large bounds | Model contains large matrix coefficient range | Model contains large rhs,0.002,2000000000.0,0.003,2000.0,5.0,4000000000.0,1.0,10000000000.0,,,,,,,,,0.0,37.642143298,1.0,1.0,1.0,0.0,0.0,0.0,,,0.0,,,,39526213.355329,,,39.360998,,0.025314,5.429214,39.360998,1.0,0.034116429238235,,,,,,,,BASE,BASE,,,,,,2.3103623117449e-09,9.09494701772928e-13,8.57003033161167e-08,4.76138666272163e-07,132839.703641423,4.68878782205288,3896482.77835709,45663538.693689,6.00407474848907e-08,0.0,4.76138666272163e-07,0.0,0.0,0.0,0.0,0.0,0.0,0.0,0.0,0.0,0.0,-278452645.40038,1441.46474987837,0.0,45663538.693689,0.0,0.0,0.0,218.0,0.0,1057.0,0.0,0.0,0.0,0.0,-278106015.845395,,,,,,BASE,0.0,0,/clusteruy/home/mathiasr/generator-aware-row-scaling/results-revision/r3-hyperparam/simple-gurobi-1pct/win9/resultados/caso05e_base.csv,/clusteruy/home/mathiasr/generator-aware-row-scaling/results-revision/r3-hyperparam/simple-gurobi-1pct/win9/resultados/caso05e_base_postprocesado.csv,/clusteruy/home/mathiasr/generator-aware-row-scaling/results-revision/r3-hyperparam/simple-gurobi-1pct/win9/logs/caso05e_base.log
caso05e.txt,estructurado,OK,0,3.837883732,0.347983366883228,-278657428.0553107,-279710000.0,OPTIMAL,-279627109.5555278,1.0,16979.0,0.23,14400.0,10800.0,35590.0,9393.0,7589.0,25651.0,34.770833333333336,29.73148148148148,27.926383815678562,1,Model contains large bounds,2e-05,40000.0,0.003,2000.0,0.1,60000.0,1.0,10000000000.0,0.0019999999999999996,1.0,0.00075,1.0,2068000000000.0,3735000000.0,0.000385,1.0,0.074659818,3.91254355,9.808046810835489,9.808046810835489,9.620888002128437,0.074659818,0.019453381919178996,-0.052142951230550016,-204782.6549307108,-0.0007354308113548679,-1604000.0,-0.00576758502153855,0.0019999999999999996,0.0018060928433268858,1136774.0,,0.02876000262865398,3.0,,0.0,2.0,3.0,13.120332666666668,0.146162534759704,,,,,,,,OK,REVISAR,1.27498060464859e-06,0.0,2.980232238769531e-07,55175776.1444239,0.0,6.05468213959475e-09,4.65661287307739e-10,2.12111044675112e-07,7.37607479095459e-07,602555.72005734,2.46587892279167,29797232.6463347,55175776.1444239,3.63797880709171e-12,0.0,1.27498060464859e-06,0.0,0.0,0.0,0.0,0.0,1.0,0.0,0.0,0.0,0.0,-278657428.055311,1335.47469474026,0.0,55175776.1444239,0.0,0.0,0.0,486.0,0.0,1068.0,0.0,0.0,0.0,0.0,-279710351.872063,-278657428.055311,-204782.65493100882,0.0007354308113559382,mejora,-350688.69159942865,DIFIERE,310160000.0,4530,/clusteruy/home/mathiasr/generator-aware-row-scaling/results-revision/r3-hyperparam/simple-gurobi-1pct/win9/resultados/caso05e_estructurado.csv,/clusteruy/home/mathiasr/generator-aware-row-scaling/results-revision/r3-hyperparam/simple-gurobi-1pct/win9/resultados/caso05e_estructurado_postprocesado.csv,/clusteruy/home/mathiasr/generator-aware-row-scaling/results-revision/r3-hyperparam/simple-gurobi-1pct/win9/logs/caso05e_estructurado.log
caso05f.txt,base,OK,0,44.969077063,0.631393860668461,-275303515.53630155,-274626000.0,OPTIMAL,-277041765.0316022,15135.0,750840.0,0.22,14400.0,10800.0,35590.0,9389.0,7587.0,25642.0,34.798611111111114,29.75,27.951671817926385,3,Model contains large bounds | Model contains large matrix coefficient range | Model contains large rhs,0.002,2000000000.0,0.005,2000.0,5.0,4000000000.0,1.0,10000000000.0,,,,,,,,,0.0,44.969077063,1.0,1.0,1.0,0.0,0.0,0.0,,,0.0,,,,44024336.95848,,,48.459029,,0.025604,4.7706,48.459029,1.0,0.030005659340315,,,,,,,,BASE,BASE,,,,,,2.58811289836276e-09,9.09494701772928e-13,9.54605638980865e-08,2.5331974029541e-07,479987.485627742,5.33666650791682,14648018.2749372,318590384.139774,2.27373675443232e-12,0.0,3.35508957505226e-07,0.0,0.0,0.0,0.0,0.0,0.0,0.0,0.0,0.0,0.0,-275303515.536302,847.478815875183,0.0,318590384.139774,0.0,0.0,0.0,130.0,0.0,1051.0,0.0,0.0,0.0,0.0,-274626015.404681,,,,,,BASE,0.0,0,/clusteruy/home/mathiasr/generator-aware-row-scaling/results-revision/r3-hyperparam/simple-gurobi-1pct/win9/resultados/caso05f_base.csv,/clusteruy/home/mathiasr/generator-aware-row-scaling/results-revision/r3-hyperparam/simple-gurobi-1pct/win9/resultados/caso05f_base_postprocesado.csv,/clusteruy/home/mathiasr/generator-aware-row-scaling/results-revision/r3-hyperparam/simple-gurobi-1pct/win9/logs/caso05f_base.log
caso05f.txt,estructurado,OK,0,3.096567907,0.287174050993208,-276669589.63871473,-276657000.0,OPTIMAL,-277464112.9071465,1.0,17160.0,0.23,14400.0,10800.0,35590.0,9393.0,7589.0,25651.0,34.770833333333336,29.73148148148148,27.926383815678562,1,Model contains large bounds,2e-05,40000.0,0.005,2000.0,0.1,60000.0,1.0,10000000000.0,0.0019999999999999996,1.0,0.00075,1.0,2068000000000.0,3735000000.0,0.000385,1.0,0.075016821,3.171584728,14.522231842984738,14.522231842984738,14.178740572810577,0.075016821,0.024225795543000826,0.34421980967525306,-1366074.1024131775,-0.00496206559422975,-2031000.0,-0.007395512442376177,0.0019999999999999996,0.0018060928433268858,4539356.0,,0.10311015028531,3.0,,0.0,2.0,3.0,16.153009666666666,0.141654135110917,,,,,,,,OK,REVISAR,8.23428854346275e-06,0.0,2.980232238769531e-07,726820404.99174,0.0,6.72376417040216e-09,2.3283064365387e-10,1.91862927749753e-07,4.77069988846779e-07,569892.194214976,5.75387177341629,12868440.310131,726820404.99174,7.15255737304688e-07,0.0,8.23428854346275e-06,0.0,0.0,0.0,0.0,0.0,2.0,0.0,0.0,0.0,0.0,-276669589.638715,821.864552550142,0.0,726820404.99174,0.0,0.0,0.0,164.0,0.0,1053.0,0.0,0.0,0.0,0.0,-276656718.739263,-276669589.638715,-1366074.1024134755,0.004962065594230833,mejora,-422347.8755443096,DIFIERE,36510000.0,3082,/clusteruy/home/mathiasr/generator-aware-row-scaling/results-revision/r3-hyperparam/simple-gurobi-1pct/win9/resultados/caso05f_estructurado.csv,/clusteruy/home/mathiasr/generator-aware-row-scaling/results-revision/r3-hyperparam/simple-gurobi-1pct/win9/resultados/caso05f_estructurado_postprocesado.csv,/clusteruy/home/mathiasr/generator-aware-row-scaling/results-revision/r3-hyperparam/simple-gurobi-1pct/win9/logs/caso05f_estructurado.log
caso09a.txt,base,OK,0,2.411472999,0.007806026228695,-291198750.0490808,-290825000.0,OPTIMAL,-291221481.09988725,1.0,11486.0,0.21,14400.0,10800.0,35590.0,9626.0,8173.0,25749.0,33.15277777777778,24.324074074074073,27.65102556898005,3,Model contains large bounds | Model contains large matrix coefficient range | Model contains large rhs,0.001,2000000000.0,0.003,3000.0,5.0,3000000000.0,1.0,10000000000.0,,,,,,,,,0.0,2.411472999,1.0,1.0,1.0,0.0,0.0,0.0,,,0.0,,,,54597586.147312,,,2.271429,,,,2.271429,1.0,0.181198460241187,,,,,,,,BASE,BASE,,,,,,3.10634165197245e-09,6.34656771580899e-12,1.1392345186323e-07,2.38418579101562e-07,162280.954323144,1.91972477403037,4975020.04616327,162123237.566737,1.81898940354586e-12,0.0,2.38418579101562e-07,0.0,0.0,0.0,0.0,0.0,0.0,0.0,0.0,0.0,0.0,-291198750.049081,1259.89204313035,0.0,162123237.566737,0.0,0.0,0.0,728.0,0.0,1003.0,0.0,0.0,0.0,0.0,-290825119.770605,,,,,,BASE,0.0,0,/clusteruy/home/mathiasr/generator-aware-row-scaling/results-revision/r3-hyperparam/simple-gurobi-1pct/win9/resultados/caso09a_base.csv,/clusteruy/home/mathiasr/generator-aware-row-scaling/results-revision/r3-hyperparam/simple-gurobi-1pct/win9/resultados/caso09a_base_postprocesado.csv,/clusteruy/home/mathiasr/generator-aware-row-scaling/results-revision/r3-hyperparam/simple-gurobi-1pct/win9/logs/caso09a_base.log
caso09a.txt,estructurado,OK,0,2.1968507,0.007808596863793,-291198750.0490807,-290862000.0,OPTIMAL,-291221488.58554447,1.0,10275.0,0.22,14400.0,10800.0,35590.0,9628.0,8175.0,25749.0,33.138888888888886,24.305555555555557,27.65102556898005,1,Model contains large bounds,2e-05,40000.0,0.003,3000.0,0.2,50000.0,1.0,10000000000.0,0.0009999999999999998,1.0,0.0004166666666666667,1.0,1907000000000.0,2575000000.0,0.0005362,1.0,0.076196826,2.273047526,1.0976954414790225,1.0976954414790225,1.0608986268068026,0.076196826,0.03468457187372815,-2.570635097999714e-06,5.960464477539063e-08,2.0468715873726936e-16,-37000.0,-0.00012722427576721397,0.0009999999999999998,0.0013502884111169376,617151.0,,0.011303631598928924,2.0,,,,2.0,1.1357145,0.191302813194737,,,,,,,,OK,REVISAR,1.19092874228954e-06,0.0,2.980232238769531e-07,164538317.712269,0.0,7.92200687756189e-09,9.79052856564505e-09,2.38418579101562e-07,3.20374965667725e-07,172781.342017311,1.91972477403039,5209465.64880472,164538317.712269,7.27595761418343e-12,0.0,1.19092874228954e-06,0.0,0.0,0.0,0.0,0.0,3.0,0.0,0.0,0.0,0.0,-291198750.049081,1259.89204313036,0.0,164538317.712269,0.0,0.0,0.0,726.0,0.0,1006.0,0.0,0.0,0.0,0.0,-290862384.842959,-291198750.049081,-2.384185791015625e-07,8.187486349490774e-16,igual,-7.485657215118408,DIFIERE,86.75,12,/clusteruy/home/mathiasr/generator-aware-row-scaling/results-revision/r3-hyperparam/simple-gurobi-1pct/win9/resultados/caso09a_estructurado.csv,/clusteruy/home/mathiasr/generator-aware-row-scaling/results-revision/r3-hyperparam/simple-gurobi-1pct/win9/resultados/caso09a_estructurado_postprocesado.csv,/clusteruy/home/mathiasr/generator-aware-row-scaling/results-revision/r3-hyperparam/simple-gurobi-1pct/win9/logs/caso09a_estructurado.log
caso09b.txt,base,OK,0,2.110663233,0.014432756475444,-292283970.8800112,-291901000.0,OPTIMAL,-292326155.51374507,1.0,10510.0,0.21,14400.0,10800.0,35590.0,9626.0,8173.0,25749.0,33.15277777777778,24.324074074074073,27.65102556898005,3,Model contains large bounds | Model contains large matrix coefficient range | Model contains large rhs,0.001,2000000000.0,0.003,3000.0,5.0,3000000000.0,1.0,10000000000.0,,,,,,,,,0.0,2.110663233,1.0,1.0,1.0,0.0,0.0,0.0,,,0.0,,,,55061247.77155,,,2.127846,,,,2.127846,1.0,0.224186615773373,,,,,,,,BASE,BASE,,,,,,3.10816945997579e-09,5.11812814352197e-12,1.15483999252319e-07,2.5331974029541e-07,143216.034232826,1.9393740733018,5321872.42956972,17892502.9407632,4.54747350886464e-13,0.0,2.5331974029541e-07,0.0,0.0,0.0,0.0,0.0,0.0,0.0,0.0,0.0,0.0,-292283970.880011,1489.55986349264,0.0,17892502.9407632,0.0,0.0,0.0,758.0,0.0,998.0,0.0,0.0,0.0,0.0,-291900753.861038,,,,,,BASE,0.0,0,/clusteruy/home/mathiasr/generator-aware-row-scaling/results-revision/r3-hyperparam/simple-gurobi-1pct/win9/resultados/caso09b_base.csv,/clusteruy/home/mathiasr/generator-aware-row-scaling/results-revision/r3-hyperparam/simple-gurobi-1pct/win9/resultados/caso09b_base_postprocesado.csv,/clusteruy/home/mathiasr/generator-aware-row-scaling/results-revision/r3-hyperparam/simple-gurobi-1pct/win9/logs/caso09b_base.log
caso09b.txt,estructurado,OK,0,2.012945026,0.014435672860868,-292283970.8800112,-291901000.0,OPTIMAL,-292326164.0378722,1.0,9487.0,0.22,14400.0,10800.0,35590.0,9628.0,8175.0,25749.0,33.138888888888886,24.305555555555557,27.65102556898005,1,Model contains large bounds,2e-05,40000.0,0.003,3000.0,0.2,50000.0,1.0,10000000000.0,0.0009999999999999998,1.0,0.0004166666666666667,1.0,1907000000000.0,2575000000.0,0.0005362,1.0,0.074065663,2.087010689,1.0485448960293662,1.0485448960293662,1.0113332165113793,0.074065663,0.0367946774717334,-2.916385424000384e-06,0.0,0.0,0.0,0.0,0.0009999999999999998,0.0013502884111169376,530020.0,,0.00962600779043478,2.0,,,,2.0,1.063923,0.234777427374944,,,,,,,,OK,REVISAR,1.30664557218552e-06,0.0,1.7881393432617188e-07,17892502.9407632,0.0,7.54857858468669e-09,4.66825440525992e-09,2.38418579101562e-07,3.24100255966187e-07,143216.034232829,1.9393740733018,5321872.42956979,17892502.9407632,7.27595761418343e-12,0.0,1.30664557218552e-06,0.0,0.0,0.0,0.0,0.0,1.0,0.0,0.0,0.0,0.0,-292283970.880011,1489.55986349265,0.0,17892502.9407632,0.0,0.0,0.0,758.0,0.0,999.0,0.0,0.0,0.0,0.0,-291900753.861042,-292283970.880011,1.7881393432617188e-07,6.117815280386307e-16,igual,-8.524127125740051,OK,0.0,0,/clusteruy/home/mathiasr/generator-aware-row-scaling/results-revision/r3-hyperparam/simple-gurobi-1pct/win9/resultados/caso09b_estructurado.csv,/clusteruy/home/mathiasr/generator-aware-row-scaling/results-revision/r3-hyperparam/simple-gurobi-1pct/win9/resultados/caso09b_estructurado_postprocesado.csv,/clusteruy/home/mathiasr/generator-aware-row-scaling/results-revision/r3-hyperparam/simple-gurobi-1pct/win9/logs/caso09b_estructurado.log
caso09c.txt,base,OK,0,2.490636567,0.011449954497114,-291698143.71015245,-291325000.0,OPTIMAL,-291731543.0148762,1.0,12257.0,0.21,14400.0,10800.0,35590.0,9626.0,8173.0,25749.0,33.15277777777778,24.324074074074073,27.65102556898005,3,Model contains large bounds | Model contains large matrix coefficient range | Model contains large rhs,0.001,2000000000.0,0.005,3000.0,5.0,3000000000.0,1.0,10000000000.0,,,,,,,,,0.0,2.490636567,1.0,1.0,1.0,0.0,0.0,0.0,,,0.0,,,,54597586.147312,,,2.414957,,,,2.414957,1.0,0.191690547795837,,,,,,,,BASE,BASE,,,,,,3.15112225362596e-09,6.2866156724794e-12,1.16419978439808e-07,2.12341547012329e-07,162280.954323182,1.91972477403037,4975020.04616331,162123237.566737,3.63797880709171e-12,0.0,2.38418579101562e-07,0.0,0.0,0.0,0.0,0.0,0.0,0.0,0.0,0.0,0.0,-291698143.710152,1259.89204313035,0.0,162123237.566737,0.0,0.0,0.0,728.0,0.0,1003.0,0.0,0.0,0.0,0.0,-291324513.431676,,,,,,BASE,0.0,0,/clusteruy/home/mathiasr/generator-aware-row-scaling/results-revision/r3-hyperparam/simple-gurobi-1pct/win9/resultados/caso09c_base.csv,/clusteruy/home/mathiasr/generator-aware-row-scaling/results-revision/r3-hyperparam/simple-gurobi-1pct/win9/resultados/caso09c_base_postprocesado.csv,/clusteruy/home/mathiasr/generator-aware-row-scaling/results-revision/r3-hyperparam/simple-gurobi-1pct/win9/logs/caso09c_base.log
caso09c.txt,estructurado,OK,0,2.190703725,0.011453725125814,-291698143.7101524,-291362000.0,OPTIMAL,-291731554.01373005,1.0,10658.0,0.22,14400.0,10800.0,35590.0,9628.0,8175.0,25749.0,33.138888888888886,24.305555555555557,27.65102556898005,1,Model contains large bounds,2e-05,40000.0,0.005,3000.0,0.2,50000.0,1.0,10000000000.0,0.0009999999999999998,1.0,0.0004166666666666667,1.0,1907000000000.0,2575000000.0,0.0005362,1.0,0.074902183,2.265605908,1.1369116410298705,1.1369116410298705,1.0993247140667326,0.074902183,0.03419092328425195,-3.7706287000002087e-06,5.960464477539063e-08,2.0433672980318012e-16,-37000.0,-0.00012700592122200292,0.0009999999999999998,0.0013502884111169376,617151.0,,0.011303631598928924,2.0,,,,2.0,1.2074785,0.203408549512869,,,,,,,,OK,REVISAR,1.72574073076248e-06,0.0,4.172325134277344e-07,164538317.712269,0.0,8.04500664939325e-09,7.45058059692383e-09,2.38418579101562e-07,3.20374965667725e-07,172781.342017311,1.91972477403039,5209465.64880472,164538317.712269,7.27595761418343e-12,0.0,1.72574073076248e-06,0.0,0.0,0.0,0.0,0.0,4.0,0.0,0.0,0.0,0.0,-291698143.710152,1259.89204313036,0.0,164538317.712269,0.0,0.0,0.0,726.0,0.0,1007.0,0.0,0.0,0.0,0.0,-291361778.50403,-291698143.710152,4.76837158203125e-07,1.634693838425441e-15,igual,-10.998853862285614,DIFIERE,86.75,12,/clusteruy/home/mathiasr/generator-aware-row-scaling/results-revision/r3-hyperparam/simple-gurobi-1pct/win9/resultados/caso09c_estructurado.csv,/clusteruy/home/mathiasr/generator-aware-row-scaling/results-revision/r3-hyperparam/simple-gurobi-1pct/win9/resultados/caso09c_estructurado_postprocesado.csv,/clusteruy/home/mathiasr/generator-aware-row-scaling/results-revision/r3-hyperparam/simple-gurobi-1pct/win9/logs/caso09c_estructurado.log
caso09d.txt,base,OK,0,1.648517887,0.413896612855776,-237535833.3107431,-238823000.0,OPTIMAL,-238518986.079135,1.0,8098.0,0.21,14400.0,10800.0,35590.0,9650.0,7945.0,25722.0,32.986111111111114,26.435185185185187,27.72688957572352,3,Model contains large bounds | Model contains large matrix coefficient range | Model contains large rhs,0.001,2000000000.0,0.003,2000.0,5.0,3000000000.0,1.0,10000000000.0,,,,,,,,,0.0,1.648517887,1.0,1.0,1.0,0.0,0.0,0.0,,,0.0,,,,33969543.204295,,,1.612123,,,,1.612123,1.0,0.246930046375909,,,,,,,,BASE,BASE,,,,,,2.17831623465869e-09,3.90798504668055e-14,7.84709118306638e-08,2.12341547012329e-07,618587.64879862,4.89498624292387,11580742.4600198,702319329.016159,7.27595761418343e-12,0.0,2.50060111284256e-07,0.0,0.0,0.0,0.0,0.0,0.0,0.0,0.0,0.0,0.0,-237535833.310743,1707.04122808062,0.0,702319329.016159,0.0,0.0,0.0,508.0,0.0,1034.0,0.0,0.0,0.0,0.0,-238823077.261955,,,,,,BASE,0.0,0,/clusteruy/home/mathiasr/generator-aware-row-scaling/results-revision/r3-hyperparam/simple-gurobi-1pct/win9/resultados/caso09d_base.csv,/clusteruy/home/mathiasr/generator-aware-row-scaling/results-revision/r3-hyperparam/simple-gurobi-1pct/win9/resultados/caso09d_base_postprocesado.csv,/clusteruy/home/mathiasr/generator-aware-row-scaling/results-revision/r3-hyperparam/simple-gurobi-1pct/win9/logs/caso09d_base.log
caso09d.txt,estructurado,OK,0,1.702745468,0.377318187666558,-237622401.44535396,-238919000.0,OPTIMAL,-238518993.98397732,1.0,8979.0,0.22,14400.0,10800.0,35590.0,9652.0,7947.0,25722.0,32.97222222222222,26.416666666666668,27.72688957572352,1,Model contains large bounds,2e-05,40000.0,0.003,2000.0,0.2,50000.0,1.0,10000000000.0,0.0009999999999999998,1.0,0.0004166666666666667,1.0,1907000000000.0,2575000000.0,0.0005362,1.0,0.075027357,1.777772825,0.9681528554801003,0.9681528554801003,0.9272938948203351,0.075027357,0.04406257917580903,0.036578425189218,-86568.13461086154,-0.0003644424228727359,-96000.0,-0.0004019713344192142,0.0009999999999999998,0.0013502884111169376,1486913.0,,0.04377194568256659,2.0,,,,2.0,0.8060615,0.244901323611551,,,,,,,,OK,REVISAR,3.72044742107391e-05,0.0,5.960464477539063e-08,702319329.016159,0.0,9.42198396211607e-09,1.34459696710017e-09,2.38418579101562e-07,3.72044742107391e-05,637849.311698254,4.94011093069298,13386805.6878667,702319329.016159,4.76837158203125e-07,0.0,3.72044742107391e-05,0.0,0.0,0.0,0.0,0.0,3.0,0.0,0.0,0.0,0.0,-237622401.445354,1767.50479711477,0.0,702319329.016159,0.0,0.0,0.0,458.0,0.0,1037.0,0.0,0.0,0.0,0.0,-238918660.072192,-237622401.445354,-86568.13461092114,0.0003644424228729868,mejora,-7.90484231710434,DIFIERE,32970000.0,3258,/clusteruy/home/mathiasr/generator-aware-row-scaling/results-revision/r3-hyperparam/simple-gurobi-1pct/win9/resultados/caso09d_estructurado.csv,/clusteruy/home/mathiasr/generator-aware-row-scaling/results-revision/r3-hyperparam/simple-gurobi-1pct/win9/resultados/caso09d_estructurado_postprocesado.csv,/clusteruy/home/mathiasr/generator-aware-row-scaling/results-revision/r3-hyperparam/simple-gurobi-1pct/win9/logs/caso09d_estructurado.log
caso09e.txt,base,OK,0,1.883752006,0.402811497234198,-237637061.9042533,-238230000.0,OPTIMAL,-238594291.31129318,1.0,8503.0,0.21,14400.0,10800.0,35590.0,9650.0,7945.0,25722.0,32.986111111111114,26.435185185185187,27.72688957572352,3,Model contains large bounds | Model contains large matrix coefficient range | Model contains large rhs,0.001,2000000000.0,0.003,2000.0,5.0,3000000000.0,1.0,10000000000.0,,,,,,,,,0.0,1.883752006,1.0,1.0,1.0,0.0,0.0,0.0,,,0.0,,,,73254606.679351,,,1.734898,,,,1.734898,1.0,0.277261027687396,,,,,,,,BASE,BASE,,,,,,2.79349070280224e-09,5.6843418860808e-14,1.0012648999691e-07,2.34693288803101e-07,447883.239257291,2.30381778394333,17263044.8630897,53232405.716494,2.8421709430404e-14,0.0,2.38651409745216e-07,0.0,0.0,0.0,0.0,0.0,0.0,0.0,0.0,0.0,0.0,-237637061.904253,1490.02857333012,0.0,53232405.716494,0.0,0.0,0.0,601.0,0.0,1049.0,0.0,0.0,0.0,0.0,-238230139.82916,,,,,,BASE,0.0,0,/clusteruy/home/mathiasr/generator-aware-row-scaling/results-revision/r3-hyperparam/simple-gurobi-1pct/win9/resultados/caso09e_base.csv,/clusteruy/home/mathiasr/generator-aware-row-scaling/results-revision/r3-hyperparam/simple-gurobi-1pct/win9/resultados/caso09e_base_postprocesado.csv,/clusteruy/home/mathiasr/generator-aware-row-scaling/results-revision/r3-hyperparam/simple-gurobi-1pct/win9/logs/caso09e_base.log
caso09e.txt,estructurado,OK,0,2.276227463,0.402819591285782,-237637061.9042533,-238230000.0,OPTIMAL,-238594310.54575956,1.0,10226.0,0.22,14400.0,10800.0,35590.0,9652.0,7947.0,25722.0,32.97222222222222,26.416666666666668,27.72688957572352,1,Model contains large bounds,2e-05,40000.0,0.003,2000.0,0.2,50000.0,1.0,10000000000.0,0.0009999999999999998,1.0,0.0004166666666666667,1.0,1907000000000.0,2575000000.0,0.0005362,1.0,0.074969663,2.351197126,0.8275763457828027,0.8275763457828027,0.8011884606225058,0.074969663,0.03293592763404771,-8.09405158397336e-06,0.0,0.0,0.0,0.0,0.0009999999999999998,0.0013502884111169376,768337.0,,0.010488582695736168,2.0,,,,2.0,0.867449,0.258605531567888,,,,,,,,OK,REVISAR,7.3527917265892e-07,0.0,2.980232238769531e-07,53232405.7164945,0.0,6.68741648083189e-09,2.3283064365387e-10,2.38418579101562e-07,3.46451997756958e-07,447883.239257295,2.30381778394332,17263044.8630897,53232405.7164945,1.45519152283669e-11,0.0,7.3527917265892e-07,0.0,0.0,0.0,0.0,0.0,0.0,0.0,0.0,0.0,0.0,-237637061.904253,1490.02857333012,0.0,53232405.7164945,0.0,0.0,0.0,601.0,0.0,1049.0,0.0,0.0,0.0,0.0,-238230139.829161,-237637061.904253,2.980232238769531e-07,1.2541108760090214e-15,igual,-19.23446637392044,OK,0.0,0,/clusteruy/home/mathiasr/generator-aware-row-scaling/results-revision/r3-hyperparam/simple-gurobi-1pct/win9/resultados/caso09e_estructurado.csv,/clusteruy/home/mathiasr/generator-aware-row-scaling/results-revision/r3-hyperparam/simple-gurobi-1pct/win9/resultados/caso09e_estructurado_postprocesado.csv,/clusteruy/home/mathiasr/generator-aware-row-scaling/results-revision/r3-hyperparam/simple-gurobi-1pct/win9/logs/caso09e_estructurado.log
caso09f.txt,base,OK,0,1.544086241,0.387662965179229,-237425698.26853186,-238593000.0,OPTIMAL,-238346109.77053714,1.0,8076.0,0.21,14400.0,10800.0,35590.0,9650.0,7945.0,25722.0,32.986111111111114,26.435185185185187,27.72688957572352,4,Model contains large bounds | Model contains large matrix coefficient range | Model contains large rhs | max constraint violation (6.2063e-06) exceeds tolerance,0.001,2000000000.0,0.005,2000.0,5.0,3000000000.0,1.0,10000000000.0,,,,,,,,,0.0,1.544086241,1.0,1.0,1.0,0.0,0.0,0.0,,,0.0,,,,23462650.084813,,,1.544128,,,,1.544128,1.0,0.278108080231498,,,,,,,,BASE,BASE,,,,,,2.77091057821115e-09,3.01980662698043e-14,7.73032661527396e-08,2.04890966415405e-07,457162.484493147,4.96275133074526,11053065.8374476,312010747.31854,7.15255737304688e-07,0.0,6.20633363723755e-06,0.0,0.0,0.0,0.0,0.0,2.0,0.0,0.0,0.0,0.0,-237425698.268532,1956.86357145431,0.0,312010747.31854,0.0,0.0,0.0,471.0,0.0,1036.0,0.0,0.0,0.0,0.0,-238593251.72484,,,,,,BASE,0.0,0,/clusteruy/home/mathiasr/generator-aware-row-scaling/results-revision/r3-hyperparam/simple-gurobi-1pct/win9/resultados/caso09f_base.csv,/clusteruy/home/mathiasr/generator-aware-row-scaling/results-revision/r3-hyperparam/simple-gurobi-1pct/win9/resultados/caso09f_base_postprocesado.csv,/clusteruy/home/mathiasr/generator-aware-row-scaling/results-revision/r3-hyperparam/simple-gurobi-1pct/win9/logs/caso09f_base.log
caso09f.txt,estructurado,OK,0,1.625714648,0.387670500676962,-237425698.26853183,-238644000.0,OPTIMAL,-238346127.66174522,1.0,8693.0,0.22,14400.0,10800.0,35590.0,9652.0,7947.0,25722.0,32.97222222222222,26.416666666666668,27.72688957572352,1,Model contains large bounds,2e-05,40000.0,0.005,2000.0,0.2,50000.0,1.0,10000000000.0,0.0009999999999999998,1.0,0.0004166666666666667,1.0,1907000000000.0,2575000000.0,0.0005362,1.0,0.07418685,1.699901498,0.9497892160223681,0.9497892160223681,0.9083386553966082,0.07418685,0.04563337735270255,-7.535497733024421e-06,2.9802322387695312e-08,1.25522732396004e-16,-51000.0,-0.00021375312771120696,0.0009999999999999998,0.0013502884111169376,1486913.0,,0.063373616988068,2.0,,,,2.0,0.772064,0.27695330093538,,,,,,,,OK,REVISAR,1.17532908916473e-05,0.0,1.7881393432617188e-07,312010747.31854,0.0,7.98719352063702e-09,2.84053385257653e-09,2.38418579101562e-07,1.17532908916473e-05,478230.087723002,4.96455182355045,11107118.6373787,312010747.31854,4.76837158203125e-07,0.0,1.17532908916473e-05,0.0,0.0,0.0,0.0,0.0,3.0,0.0,0.0,0.0,0.0,-237425698.268532,1956.86357145433,0.0,312010747.31854,0.0,0.0,0.0,472.0,0.0,1036.0,0.0,0.0,0.0,0.0,-238643810.516371,-237425698.268532,-1.4901161193847656e-07,6.2761366198002e-16,igual,-17.891208082437515,DIFIERE,199.12800000000004,12,/clusteruy/home/mathiasr/generator-aware-row-scaling/results-revision/r3-hyperparam/simple-gurobi-1pct/win9/resultados/caso09f_estructurado.csv,/clusteruy/home/mathiasr/generator-aware-row-scaling/results-revision/r3-hyperparam/simple-gurobi-1pct/win9/resultados/caso09f_estructurado_postprocesado.csv,/clusteruy/home/mathiasr/generator-aware-row-scaling/results-revision/r3-hyperparam/simple-gurobi-1pct/win9/logs/caso09f_estructurado.log
caso10a.txt,base,OK,0,3.258608752,0.034450445524945,-350278786.8815279,-350157000.0,OPTIMAL,-350399459.48418796,1.0,12955.0,0.26,14400.0,10800.0,35590.0,11895.0,9280.0,31965.0,17.395833333333332,14.074074074074074,10.185445349817364,3,Model contains large bounds | Model contains large matrix coefficient range | Model contains large rhs,0.001,1000000000.0,0.003,3000.0,5.0,2000000000.0,1.0,10000000000.0,,,,,,,,,0.0,3.258608752,1.0,1.0,1.0,0.0,0.0,0.0,,,0.0,,,,51668168.626219,,,2.987928,,,,2.987928,1.0,0.882727369321373,,,,,,,,BASE,BASE,,,,,,3.44128931479107e-09,5.82076609134674e-11,1.07572413980961e-07,2.49594449996948e-07,191552.146202707,5.45895354891036,7253825.84064939,85879161.6644695,9.5367431640625e-07,0.0,8.35396349430084e-07,0.0,0.0,0.0,0.0,0.0,0.0,0.0,0.0,0.0,0.0,-350278786.881528,1400.19138584082,0.0,85879161.6644695,0.0,0.0,0.0,1581.0,0.0,969.0,0.0,0.0,0.0,0.0,-350157189.289238,,,,,,BASE,0.0,0,/clusteruy/home/mathiasr/generator-aware-row-scaling/results-revision/r3-hyperparam/simple-gurobi-1pct/win9/resultados/caso10a_base.csv,/clusteruy/home/mathiasr/generator-aware-row-scaling/results-revision/r3-hyperparam/simple-gurobi-1pct/win9/resultados/caso10a_base_postprocesado.csv,/clusteruy/home/mathiasr/generator-aware-row-scaling/results-revision/r3-hyperparam/simple-gurobi-1pct/win9/logs/caso10a_base.log
caso10a.txt,estructurado,OK,0,2.698058108,0.06925754205058,-350156949.38772273,-350500000.0,OPTIMAL,-350399459.48418796,1.0,12760.0,0.27,14400.0,10800.0,35590.0,11896.0,9281.0,31965.0,17.38888888888889,14.064814814814815,10.185445349817364,1,Model contains large bounds,2e-05,40000.0,0.003,3000.0,0.6,50000.0,1.0,10000000000.0,0.0019999999999999996,1.0,0.00020833333333333335,1.0,1886000000000.0,2403000000.0,0.0005715,1.0,0.074667809,2.7727259170000003,1.207760775180458,1.207760775180458,1.1752365179771211,0.074667809,0.027674648214062854,-0.034807096525635,121837.49380517006,0.0003478300667016362,-343000.0,-0.0009795605971035849,0.0019999999999999996,0.0012741251325556733,3037758.0,,0.05879360698800713,3.0,,,,3.0,0.9959760000000001,0.183554723584288,,,,,,,,OK,REVISAR,1.50520354509354e-05,0.0,2.980232238769531e-07,95634845.8837237,0.0,1.07183390786703e-08,2.01020156964657e-08,2.51457095146179e-07,1.50520354509354e-05,174713.075284879,3.07368855156821,3751666.37472506,95634845.8837237,7.27595761418343e-12,0.0,1.50520354509354e-05,0.0,0.0,0.0,0.0,0.0,6.0,0.0,0.0,0.0,0.0,-350156949.387723,1811.07986167355,0.0,95634845.8837237,0.0,0.0,0.0,1506.0,0.0,974.0,0.0,0.0,0.0,0.0,-350499699.78826,-350156949.387723,121837.49380487204,0.0003478300667007854,empeora,0.0,DIFIERE,49660000.0,5855,/clusteruy/home/mathiasr/generator-aware-row-scaling/results-revision/r3-hyperparam/simple-gurobi-1pct/win9/resultados/caso10a_estructurado.csv,/clusteruy/home/mathiasr/generator-aware-row-scaling/results-revision/r3-hyperparam/simple-gurobi-1pct/win9/resultados/caso10a_estructurado_postprocesado.csv,/clusteruy/home/mathiasr/generator-aware-row-scaling/results-revision/r3-hyperparam/simple-gurobi-1pct/win9/logs/caso10a_estructurado.log
caso10b.txt,base,OK,0,3.003827181,0.078793447469784,-353197663.63896316,-353524000.0,OPTIMAL,-353475960.25452703,1.0,13047.0,0.26,14400.0,10800.0,35590.0,11895.0,9280.0,31965.0,17.395833333333332,14.074074074074074,10.185445349817364,4,Model contains large bounds | Model contains large matrix coefficient range | Model contains large rhs | switch to quad precision,0.001,1000000000.0,0.003,3000.0,5.0,2000000000.0,1.0,10000000000.0,,,,,,,,,0.0,3.003827181,1.0,1.0,1.0,0.0,0.0,0.0,,,0.0,,,,43311888.335596,,,2.915105,,,,2.915105,1.0,0.190929270273716,,,,,,,,BASE,BASE,,,,,,3.30922083163586e-09,5.82076609134674e-11,1.09896063804626e-07,2.79396772384644e-07,100074.752098992,3.01143168229569,2460469.35137272,17810175.0216368,3.63797880709171e-12,0.0,3.23168933391571e-07,0.0,0.0,0.0,0.0,0.0,0.0,0.0,0.0,0.0,0.0,-353197663.638963,2793.95594463524,0.0,17810175.0216368,0.0,0.0,0.0,1497.0,0.0,984.0,0.0,0.0,0.0,0.0,-353523927.623454,,,,,,BASE,0.0,0,/clusteruy/home/mathiasr/generator-aware-row-scaling/results-revision/r3-hyperparam/simple-gurobi-1pct/win9/resultados/caso10b_base.csv,/clusteruy/home/mathiasr/generator-aware-row-scaling/results-revision/r3-hyperparam/simple-gurobi-1pct/win9/resultados/caso10b_base_postprocesado.csv,/clusteruy/home/mathiasr/generator-aware-row-scaling/results-revision/r3-hyperparam/simple-gurobi-1pct/win9/logs/caso10b_base.log
caso10b.txt,estructurado,OK,0,2.727566855,0.078793447469784,-353197663.6389632,-353524000.0,OPTIMAL,-353475960.2545271,1.0,12340.0,0.27,14400.0,10800.0,35590.0,11896.0,9281.0,31965.0,17.38888888888889,14.064814814814815,10.185445349817364,1,Model contains large bounds,2e-05,40000.0,0.003,3000.0,0.6,50000.0,1.0,10000000000.0,0.0019999999999999996,1.0,0.00020833333333333335,1.0,1886000000000.0,2403000000.0,0.0005715,1.0,0.074659513,2.802226368,1.1012845296508782,1.1012845296508782,1.071943086148278,0.074659513,0.027372202761277505,0.0,-5.960464477539063e-08,-1.6875718871209234e-16,0.0,0.0,0.0019999999999999996,0.0012741251325556733,3038547.0,,0.07015503402798444,3.0,,,,3.0,0.9717016666666667,0.211281358898239,,,,,,,,OK,REVISAR,5.13438135385513e-06,0.0,2.384185791015625e-07,17810175.0216368,0.0,9.84864036038763e-09,2.04920070245862e-08,2.66358256340027e-07,3.03611159324646e-07,99728.3042804593,3.01143168229571,2460469.35137282,17810175.0216368,1.45519152283669e-11,0.0,5.13438135385513e-06,0.0,0.0,0.0,0.0,0.0,3.0,0.0,0.0,0.0,0.0,-353197663.638963,2793.95594463524,0.0,17810175.0216368,0.0,0.0,0.0,1497.0,0.0,987.0,0.0,0.0,0.0,0.0,-353523929.146962,-353197663.638963,1.7881393432617188e-07,5.062715661362771e-16,igual,-5.960464477539063e-08,DIFIERE,0.49819999999999887,6,/clusteruy/home/mathiasr/generator-aware-row-scaling/results-revision/r3-hyperparam/simple-gurobi-1pct/win9/resultados/caso10b_estructurado.csv,/clusteruy/home/mathiasr/generator-aware-row-scaling/results-revision/r3-hyperparam/simple-gurobi-1pct/win9/resultados/caso10b_estructurado_postprocesado.csv,/clusteruy/home/mathiasr/generator-aware-row-scaling/results-revision/r3-hyperparam/simple-gurobi-1pct/win9/logs/caso10b_estructurado.log
caso10c.txt,base,OK,0,3.481793891,0.038584905828734,-351751749.30687785,-351650000.0,OPTIMAL,-351887472.38809884,1.0,13042.0,0.26,14400.0,10800.0,35590.0,11895.0,9280.0,31965.0,17.395833333333332,14.074074074074074,10.185445349817364,3,Model contains large bounds | Model contains large matrix coefficient range | Model contains large rhs,0.001,1000000000.0,0.005,3000.0,5.0,2000000000.0,1.0,10000000000.0,,,,,,,,,0.0,3.481793891,1.0,1.0,1.0,0.0,0.0,0.0,,,0.0,,,,30036653.174623,,,3.067002,,,,3.067002,1.0,0.88916577886081,,,,,,,,BASE,BASE,,,,,,3.44312495044202e-09,5.82076609134674e-11,1.08033418655396e-07,2.83122062683105e-07,191965.466148467,4.714096508138,7230555.80373843,85879161.6645385,9.5367431640625e-07,0.0,6.23753294348717e-07,0.0,0.0,0.0,0.0,0.0,0.0,0.0,0.0,0.0,0.0,-351751749.306878,1400.19138584082,0.0,85879161.6645385,0.0,0.0,0.0,1540.0,0.0,971.0,0.0,0.0,0.0,0.0,-351649547.627201,,,,,,BASE,0.0,0,/clusteruy/home/mathiasr/generator-aware-row-scaling/results-revision/r3-hyperparam/simple-gurobi-1pct/win9/resultados/caso10c_base.csv,/clusteruy/home/mathiasr/generator-aware-row-scaling/results-revision/r3-hyperparam/simple-gurobi-1pct/win9/resultados/caso10c_base_postprocesado.csv,/clusteruy/home/mathiasr/generator-aware-row-scaling/results-revision/r3-hyperparam/simple-gurobi-1pct/win9/logs/caso10c_base.log
caso10c.txt,estructurado,OK,0,2.642671042,0.076119364693243,-351619821.613751,-351934000.0,OPTIMAL,-351887472.3880989,1.0,12502.0,0.27,14400.0,10800.0,35590.0,11896.0,9281.0,31965.0,17.38888888888889,14.064814814814815,10.185445349817364,1,Model contains large bounds,2e-05,40000.0,0.005,3000.0,0.6,50000.0,1.0,10000000000.0,0.0019999999999999996,1.0,0.00020833333333333335,1.0,1886000000000.0,2403000000.0,0.0005715,1.0,0.074380795,2.717051837,1.3175283021094233,1.3175283021094233,1.2814602370061443,0.074380795,0.028146066543230392,-0.037534458864509,131927.69312685728,0.00037505909604378384,-284000.0,-0.000807621214275558,0.0019999999999999996,0.0012741251325556733,3037758.0,,0.10113503599550511,2.0,,,,2.0,1.533501,0.206320637527453,,,,,,,,OK,REVISAR,3.04430723190308e-05,0.0,0.0,95634845.8837237,0.0,1.15454869810051e-08,2.23546521738171e-08,2.51457095146179e-07,3.04430723190308e-05,173852.839328819,3.07368855156821,3751666.37472439,95634845.8837237,7.27595761418343e-12,0.0,3.04430723190308e-05,0.0,0.0,0.0,0.0,0.0,3.0,0.0,0.0,0.0,0.0,-351619821.613751,1811.07986167355,0.0,95634845.8837237,0.0,0.0,0.0,1508.0,0.0,971.0,0.0,0.0,0.0,0.0,-351934304.754272,-351619821.613751,131927.69312685728,0.00037505909604378384,empeora,-5.960464477539063e-08,DIFIERE,45750000.0,5815,/clusteruy/home/mathiasr/generator-aware-row-scaling/results-revision/r3-hyperparam/simple-gurobi-1pct/win9/resultados/caso10c_estructurado.csv,/clusteruy/home/mathiasr/generator-aware-row-scaling/results-revision/r3-hyperparam/simple-gurobi-1pct/win9/resultados/caso10c_estructurado_postprocesado.csv,/clusteruy/home/mathiasr/generator-aware-row-scaling/results-revision/r3-hyperparam/simple-gurobi-1pct/win9/logs/caso10c_estructurado.log
caso10d.txt,base,OK,0,2.169082867,0.940117534726263,-261034342.2732892,-269092000.0,OPTIMAL,-263488371.89665776,1.0,9805.0,0.27,14400.0,10800.0,35590.0,11761.0,8871.0,31576.0,18.32638888888889,17.86111111111111,11.2784490025288,3,Model contains large bounds | Model contains large matrix coefficient range | Model contains large rhs,0.001,1000000000.0,0.003,2000.0,5.0,2000000000.0,1.0,10000000000.0,,,,,,,,,0.0,2.169082867,1.0,1.0,1.0,0.0,0.0,0.0,,,0.0,,,,1941997.299776,,,2.179496,,,,2.179496,1.0,0.233415990003259,,,,,,,,BASE,BASE,,,,,,2.0420046914686e-09,3.5527136788005e-14,8.19563865661621e-08,2.30967998504639e-07,2186709.15473579,4.68091918162413,9246415.53997709,819651175.49096,2.8421709430404e-14,0.0,2.38418579101562e-07,0.0,0.0,0.0,0.0,0.0,0.0,0.0,0.0,0.0,0.0,-261034342.273289,2575.01536992146,0.0,819651175.49096,0.0,0.0,0.0,807.0,0.0,1020.0,0.0,0.0,0.0,0.0,-269091842.367045,,,,,,BASE,0.0,0,/clusteruy/home/mathiasr/generator-aware-row-scaling/results-revision/r3-hyperparam/simple-gurobi-1pct/win9/resultados/caso10d_base.csv,/clusteruy/home/mathiasr/generator-aware-row-scaling/results-revision/r3-hyperparam/simple-gurobi-1pct/win9/resultados/caso10d_base_postprocesado.csv,/clusteruy/home/mathiasr/generator-aware-row-scaling/results-revision/r3-hyperparam/simple-gurobi-1pct/win9/logs/caso10d_base.log
caso10d.txt,estructurado,OK,0,2.223023732,0.940117534727028,-261034342.2732892,-268963000.0,OPTIMAL,-263488371.89665976,1.0,11799.0,0.28,14400.0,10800.0,35590.0,11762.0,8872.0,31579.0,18.319444444444443,17.85185185185185,11.270019668446192,1,Model contains large bounds,2e-05,40000.0,0.003,2000.0,0.6,50000.0,1.0,10000000000.0,0.0019999999999999996,1.0,0.00020833333333333335,1.0,1886000000000.0,2403000000.0,0.0005715,1.0,0.074598511,2.297622243,0.975735362504893,0.975735362504893,0.9440554789232165,0.074598511,0.0335572265496624,-7.649436639667329e-13,0.0,0.0,129000.0,0.00047938994841912805,0.0019999999999999996,0.0012741251325556733,18005.0,,0.009271382613187357,2.0,,,,2.0,1.089748,0.23164568399491,,,,,,,,OK,REVISAR,9.5367431640625e-07,0.0,2.086162567138672e-07,818328012.848195,0.0,6.94778567363901e-09,5.82076609134674e-11,2.2609019652009e-07,3.3155083656311e-07,2145950.57290541,4.73733585555113,9755067.52913771,818328012.848195,7.27595761418343e-12,0.0,9.5367431640625e-07,0.0,0.0,0.0,0.0,0.0,0.0,0.0,0.0,0.0,0.0,-261034342.273289,2575.01536992146,0.0,818328012.848195,0.0,0.0,0.0,792.0,0.0,1020.0,0.0,0.0,0.0,0.0,-268962941.624634,-261034342.273289,2.086162567138672e-07,7.991908455304205e-16,igual,-1.996755599975586e-06,DIFIERE,4620000.0,389,/clusteruy/home/mathiasr/generator-aware-row-scaling/results-revision/r3-hyperparam/simple-gurobi-1pct/win9/resultados/caso10d_estructurado.csv,/clusteruy/home/mathiasr/generator-aware-row-scaling/results-revision/r3-hyperparam/simple-gurobi-1pct/win9/resultados/caso10d_estructurado_postprocesado.csv,/clusteruy/home/mathiasr/generator-aware-row-scaling/results-revision/r3-hyperparam/simple-gurobi-1pct/win9/logs/caso10d_estructurado.log
caso10e.txt,base,OK,0,112.133050202,0.545393890082774,-263084937.23708245,-265381000.0,OPTIMAL,-264519786.4105016,21222.0,2330016.0,0.26,14400.0,10800.0,35590.0,11761.0,8871.0,31576.0,18.32638888888889,17.86111111111111,11.2784490025288,4,Model contains large bounds | Model contains large matrix coefficient range | Model contains large rhs | switch to quad precision,0.001,1000000000.0,0.003,2000.0,5.0,2000000000.0,1.0,10000000000.0,,,,,,,,,0.0,112.133050202,1.0,1.0,1.0,0.0,0.0,0.0,,,0.0,,,,37076885.069233,,,128.391063,,0.045982,4.827707,128.391063,1.0,0.044068695247747,,,,,,,,BASE,BASE,,,,,,2.34061189740339e-09,4.54747350886464e-13,9.31322574615479e-08,2.34693288803101e-07,550006.873064443,6.1397742914748,18361994.7023674,600901143.957673,3.63797880709171e-12,0.0,2.38476786762476e-07,0.0,0.0,0.0,0.0,0.0,0.0,0.0,0.0,0.0,0.0,-263084937.237082,1863.35138831754,0.0,600901143.957673,0.0,0.0,0.0,582.0,0.0,1017.0,0.0,0.0,0.0,0.0,-265380694.600209,,,,,,BASE,0.0,0,/clusteruy/home/mathiasr/generator-aware-row-scaling/results-revision/r3-hyperparam/simple-gurobi-1pct/win9/resultados/caso10e_base.csv,/clusteruy/home/mathiasr/generator-aware-row-scaling/results-revision/r3-hyperparam/simple-gurobi-1pct/win9/resultados/caso10e_base_postprocesado.csv,/clusteruy/home/mathiasr/generator-aware-row-scaling/results-revision/r3-hyperparam/simple-gurobi-1pct/win9/logs/caso10e_base.log
caso10e.txt,estructurado,OK,0,3.222586847,0.81462645842727,-263292805.5714043,-265445000.0,OPTIMAL,-265437658.42872444,1.0,12308.0,0.28,14400.0,10800.0,35590.0,11762.0,8872.0,31579.0,18.319444444444443,17.85185185185185,11.270019668446192,1,Model contains large bounds,2e-05,40000.0,0.003,2000.0,0.6,50000.0,1.0,10000000000.0,0.0019999999999999996,1.0,0.00020833333333333335,1.0,1886000000000.0,2403000000.0,0.0005715,1.0,0.075212207,3.297799054,34.7959746395626,34.7959746395626,34.0023901899027,0.075212207,0.02333907837736545,-0.26923256834449605,-207868.3343218565,-0.0007901187217515734,-64000.0,-0.00024116270569483122,0.0019999999999999996,0.0012741251325556733,441664.0,,0.011912111796211811,3.0,,0.0,3.0,3.0,42.797021,0.211621294598394,,,,,,,,OK,REVISAR,1.09756365418434e-06,0.0,2.980232238769531e-07,23889570.0589675,0.0,8.02921740377025e-09,4.65661287307739e-10,2.38418579101562e-07,3.07336449623108e-07,186181.480456164,2.33591293268774,7486585.50553079,23889570.0589675,2.91038304567337e-11,0.0,1.09756365418434e-06,0.0,0.0,0.0,0.0,0.0,1.0,0.0,0.0,0.0,0.0,-263292805.571404,1254.94509459235,0.0,23889570.0589675,0.0,0.0,0.0,933.0,0.0,1029.0,0.0,0.0,0.0,0.0,-265444919.446348,-263292805.571404,-207868.33432155848,0.0007901187217504406,mejora,-917872.0182228386,DIFIERE,253380000.0,5013,/clusteruy/home/mathiasr/generator-aware-row-scaling/results-revision/r3-hyperparam/simple-gurobi-1pct/win9/resultados/caso10e_estructurado.csv,/clusteruy/home/mathiasr/generator-aware-row-scaling/results-revision/r3-hyperparam/simple-gurobi-1pct/win9/resultados/caso10e_estructurado_postprocesado.csv,/clusteruy/home/mathiasr/generator-aware-row-scaling/results-revision/r3-hyperparam/simple-gurobi-1pct/win9/logs/caso10e_estructurado.log
caso10f.txt,base,OK,0,104.345604503,0.574204665339996,-262088635.1301903,-269479000.0,OPTIMAL,-263593560.30043378,20887.0,2370595.0,0.26,14400.0,10800.0,35590.0,11761.0,8871.0,31576.0,18.32638888888889,17.86111111111111,11.2784490025288,3,Model contains large bounds | Model contains large matrix coefficient range | Model contains large rhs,0.001,1000000000.0,0.005,2000.0,5.0,2000000000.0,1.0,10000000000.0,,,,,,,,,0.0,104.345604503,1.0,1.0,1.0,0.0,0.0,0.0,,,0.0,,,,13184672.927565,,,129.091758,,0.0489,4.984439,129.091758,1.0,0.047323924108657,,,,,,,,BASE,BASE,,,,,,2.37391436562824e-09,5.6843418860808e-14,9.17440047487618e-08,2.36555933952332e-07,478451.530059054,6.34713068883487,6635941.49218677,624200727.410701,3.63797880709171e-12,0.0,2.38418579101562e-07,0.0,0.0,1.11022302462516e-16,0.0,0.0,0.0,0.0,0.0,0.0,0.0,-262088635.13019,1301.21824932637,0.0,624200727.410701,0.0,0.0,1.11022302462516e-16,851.0,0.0,1019.0,0.0,0.0,0.0,0.0,-269478784.80098,,,,,,BASE,0.0,0,/clusteruy/home/mathiasr/generator-aware-row-scaling/results-revision/r3-hyperparam/simple-gurobi-1pct/win9/resultados/caso10f_base.csv,/clusteruy/home/mathiasr/generator-aware-row-scaling/results-revision/r3-hyperparam/simple-gurobi-1pct/win9/resultados/caso10f_base_postprocesado.csv,/clusteruy/home/mathiasr/generator-aware-row-scaling/results-revision/r3-hyperparam/simple-gurobi-1pct/win9/logs/caso10f_base.log
caso10f.txt,estructurado,OK,0,2.003861689,0.945005606849915,-261784473.43853724,-264660000.0,OPTIMAL,-264258351.39039394,1.0,9420.0,0.28,14400.0,10800.0,35590.0,11762.0,8872.0,31579.0,18.319444444444443,17.85185185185185,11.270019668446192,1,Model contains large bounds,2e-05,40000.0,0.005,2000.0,0.6,50000.0,1.0,10000000000.0,0.0019999999999999996,1.0,0.00020833333333333335,1.0,1886000000000.0,2403000000.0,0.0005715,1.0,0.075243967,2.079105656,52.0722588169607,52.0722588169607,50.18773538606545,0.075243967,0.03754948129057225,-0.37080094150991894,304161.69165307283,0.0011605298776193903,4819000.0,0.017882655049187506,0.0019999999999999996,0.0012741251325556733,31115.0,,0.002359937191536116,2.0,,,,2.0,64.545879,0.278580039615609,,,,,,,,OK,REVISAR,1.43051147460938e-06,0.0,2.384185791015625e-07,624234266.813462,0.0,7.41294143389905e-09,5.82076609134674e-11,2.34711915254593e-07,2.86847352981567e-07,369322.520770972,2.34208936055252,5661194.2751514,624234266.813462,7.27595761418343e-12,0.0,1.43051147460938e-06,0.0,0.0,0.0,0.0,0.0,2.0,0.0,0.0,0.0,0.0,-261784473.438537,2228.82361968909,0.0,624234266.813462,0.0,0.0,0.0,910.0,0.0,1016.0,0.0,0.0,0.0,0.0,-264659844.171502,-261784473.438537,304161.69165331125,0.0011605298776203002,empeora,-664791.0899601579,DIFIERE,111740000.0,3175,/clusteruy/home/mathiasr/generator-aware-row-scaling/results-revision/r3-hyperparam/simple-gurobi-1pct/win9/resultados/caso10f_estructurado.csv,/clusteruy/home/mathiasr/generator-aware-row-scaling/results-revision/r3-hyperparam/simple-gurobi-1pct/win9/resultados/caso10f_estructurado_postprocesado.csv,/clusteruy/home/mathiasr/generator-aware-row-scaling/results-revision/r3-hyperparam/simple-gurobi-1pct/win9/logs/caso10f_estructurado.log
caso11a.txt,base,OK,0,18.310535547,0.00280061521023,-347739665.11363196,-346950000.0,OPTIMAL,-347749403.96358514,7584.0,178196.0,0.2,14400.0,10800.0,35590.0,10409.0,8530.0,27927.0,27.71527777777778,21.01851851851852,21.531329025007025,4,Model contains large bounds | Model contains large matrix coefficient range | Model contains large rhs | max constraint violation (7.5827e-05) exceeds tolerance,0.002,2000000000.0,0.003,3000.0,5.0,3000000000.0,1.0,10000000000.0,,,,,,,,,0.0,18.310535547,1.0,1.0,1.0,0.0,0.0,0.0,,,0.0,,,,24228321.68623,,,22.527132,,0.335363,3.977713,22.527132,1.0,0.386576193121405,,,,,,,,BASE,BASE,,,,,,2.33966735496944e-08,1.63641544759229e-11,1.02212652564049e-07,7.58266763689619e-05,397170.056386644,6.3665162157605,14201264.6646694,259169116.023181,2.45137243837235e-12,0.0,7.58266763689619e-05,0.0,0.0,0.0,0.0,0.0,7.0,0.0,0.0,0.0,0.0,-347739665.113632,1173.19300191138,0.0,259169116.023181,0.0,0.0,0.0,1056.0,0.0,1020.0,0.0,0.0,0.0,0.0,-346949906.184179,,,,,,BASE,0.0,0,/clusteruy/home/mathiasr/generator-aware-row-scaling/results-revision/r3-hyperparam/simple-gurobi-1pct/win9/resultados/caso11a_base.csv,/clusteruy/home/mathiasr/generator-aware-row-scaling/results-revision/r3-hyperparam/simple-gurobi-1pct/win9/resultados/caso11a_base_postprocesado.csv,/clusteruy/home/mathiasr/generator-aware-row-scaling/results-revision/r3-hyperparam/simple-gurobi-1pct/win9/logs/caso11a_base.log
caso11a.txt,estructurado,OK,0,1.202205446,0.692727580665649,-347620258.8027611,-347701000.0,OPTIMAL,-350028320.2114691,1.0,0.0,0.21,14400.0,10800.0,35590.0,10409.0,8530.0,27925.0,27.71527777777778,21.01851851851852,21.536948581062095,1,Model contains large bounds,2e-05,40000.0,0.003,3000.0,0.4,50000.0,1.0,10000000000.0,0.0019999999999999996,1.0,0.00020833333333333335,1.0,1965000000000.0,3009000000.0,0.0004659,1.0,0.074690226,1.276895672,15.230787389895088,15.230787389895088,14.339883788876998,0.074690226,0.06212767231134303,-0.689926965455419,119406.31087088585,0.0003433784605269781,-751000.0,-0.002164577028390258,0.0019999999999999996,0.0015312977099236642,970869.0,,0.040071657152867785,1.0,,,,1.0,22.527132,0.387120811178547,,,,,,,,OK,REVISAR,7.97323882579803e-05,0.0,5.960464477539063e-08,272984863.71611,0.0,1.73376620562566e-08,1.49011611938477e-08,2.44476832449436e-07,7.97323882579803e-05,432947.797911017,2.77687785767054,13894412.9672461,272984863.71611,7.27595761418343e-12,0.0,7.97323882579803e-05,0.0,0.0,0.0,0.0,0.0,5.0,0.0,0.0,0.0,0.0,-347620258.802761,2392.42829521852,0.0,272984863.71611,0.0,0.0,0.0,1023.0,0.0,1028.0,0.0,0.0,0.0,0.0,-347701167.134976,-347620258.802761,119406.31087094545,0.0003433784605271495,empeora,-2278916.2478839755,DIFIERE,10760000.0,6097,/clusteruy/home/mathiasr/generator-aware-row-scaling/results-revision/r3-hyperparam/simple-gurobi-1pct/win9/resultados/caso11a_estructurado.csv,/clusteruy/home/mathiasr/generator-aware-row-scaling/results-revision/r3-hyperparam/simple-gurobi-1pct/win9/resultados/caso11a_estructurado_postprocesado.csv,/clusteruy/home/mathiasr/generator-aware-row-scaling/results-revision/r3-hyperparam/simple-gurobi-1pct/win9/logs/caso11a_estructurado.log
caso11b.txt,base,OK,0,2.065457535,0.047398501368564,-351053944.74872357,-350906000.0,OPTIMAL,-351220339.0575297,1.0,11251.0,0.2,14400.0,10800.0,35590.0,10409.0,8530.0,27927.0,27.71527777777778,21.01851851851852,21.531329025007025,3,Model contains large bounds | Model contains large matrix coefficient range | Model contains large rhs,0.002,2000000000.0,0.003,3000.0,5.0,3000000000.0,1.0,10000000000.0,,,,,,,,,0.0,2.065457535,1.0,1.0,1.0,0.0,0.0,0.0,,,0.0,,,,55007416.047238,,,2.123481,,,,2.123481,1.0,0.205531061415974,,,,,,,,BASE,BASE,,,,,,2.80779369241476e-09,1.11738174268794e-11,1.01989135146141e-07,2.12341547012329e-07,294182.6898595,2.56646632508923,13277974.8201258,25338351.2967334,7.27595761418343e-12,0.0,2.38418579101562e-07,0.0,0.0,0.0,0.0,0.0,0.0,0.0,0.0,0.0,0.0,-351053944.748724,2624.41060955874,0.0,25338351.2967334,0.0,0.0,0.0,1110.0,0.0,1022.0,0.0,0.0,0.0,0.0,-350905850.2592,,,,,,BASE,0.0,0,/clusteruy/home/mathiasr/generator-aware-row-scaling/results-revision/r3-hyperparam/simple-gurobi-1pct/win9/resultados/caso11b_base.csv,/clusteruy/home/mathiasr/generator-aware-row-scaling/results-revision/r3-hyperparam/simple-gurobi-1pct/win9/resultados/caso11b_base_postprocesado.csv,/clusteruy/home/mathiasr/generator-aware-row-scaling/results-revision/r3-hyperparam/simple-gurobi-1pct/win9/logs/caso11b_base.log
caso11b.txt,estructurado,OK,0,2.245060356,0.047398501368615,-351053944.74872345,-350906000.0,OPTIMAL,-351220339.05752975,1.0,10323.0,0.21,14400.0,10800.0,35590.0,10409.0,8530.0,27925.0,27.71527777777778,21.01851851851852,21.536948581062095,1,Model contains large bounds,2e-05,40000.0,0.003,3000.0,0.4,50000.0,1.0,10000000000.0,0.0019999999999999996,1.0,0.00020833333333333335,1.0,1965000000000.0,3009000000.0,0.0004659,1.0,0.077589539,2.322649895,0.9200008941764058,0.9200008941764058,0.889267702138983,0.077589539,0.034560112734893435,-5.100087019371813e-14,1.1920928955078125e-07,3.3957541663891156e-16,0.0,0.0,0.0019999999999999996,0.0015312977099236642,496201.0,,0.009020620048283743,2.0,,,,2.0,1.0617405,0.212994414426459,,,,,,,,OK,REVISAR,1.6393605619669e-06,0.0,4.76837158203125e-07,25338351.2967315,0.0,8.70202536452346e-09,1.49011611938477e-08,2.42160167545081e-07,2.5331974029541e-07,294182.689859484,2.56646632508904,13277974.8201246,25338351.2967315,2.91038304567337e-11,0.0,1.6393605619669e-06,0.0,0.0,0.0,0.0,0.0,2.0,0.0,0.0,0.0,0.0,-351053944.748723,2624.41060955875,0.0,25338351.2967315,0.0,0.0,0.0,1110.0,0.0,1024.0,0.0,0.0,0.0,0.0,-350905850.259202,-351053944.748723,5.960464477539062e-07,1.697877083194558e-15,igual,-5.960464477539063e-08,OK,0.0,0,/clusteruy/home/mathiasr/generator-aware-row-scaling/results-revision/r3-hyperparam/simple-gurobi-1pct/win9/resultados/caso11b_estructurado.csv,/clusteruy/home/mathiasr/generator-aware-row-scaling/results-revision/r3-hyperparam/simple-gurobi-1pct/win9/resultados/caso11b_estructurado_postprocesado.csv,/clusteruy/home/mathiasr/generator-aware-row-scaling/results-revision/r3-hyperparam/simple-gurobi-1pct/win9/logs/caso11b_estructurado.log
caso11c.txt,base,OK,0,1.304150782,0.993591881389466,-349253149.1450694,-349508000.0,OPTIMAL,-352723300.0804719,1.0,0.0,0.2,14400.0,10800.0,35590.0,10409.0,8530.0,27927.0,27.71527777777778,21.01851851851852,21.531329025007025,4,Model contains large bounds | Model contains large matrix coefficient range | Model contains large rhs | max constraint violation (9.9596e-06) exceeds tolerance,0.002,2000000000.0,0.005,3000.0,5.0,3000000000.0,1.0,10000000000.0,,,,,,,,,0.0,1.304150782,1.0,1.0,1.0,0.0,0.0,0.0,,,0.0,,,,97376679.076054,,,0.85646,,,,0.85646,1.0,0.403920021829063,,,,,,,,BASE,BASE,,,,,,3.764219691861e-09,1.00894848031883e-11,1.02464109659195e-07,2.12341547012329e-07,402719.317446261,2.79727179760824,13904740.2116236,272882912.33303,5.52802248421358e-11,0.0,9.95956361293793e-06,0.0,0.0,0.0,0.0,0.0,1.0,0.0,0.0,0.0,0.0,-349253149.145069,2419.43386997951,0.0,272882912.33303,0.0,0.0,0.0,1043.0,0.0,1024.0,0.0,0.0,0.0,0.0,-349508033.481688,,,,,,BASE,0.0,0,/clusteruy/home/mathiasr/generator-aware-row-scaling/results-revision/r3-hyperparam/simple-gurobi-1pct/win9/resultados/caso11c_base.csv,/clusteruy/home/mathiasr/generator-aware-row-scaling/results-revision/r3-hyperparam/simple-gurobi-1pct/win9/resultados/caso11c_base_postprocesado.csv,/clusteruy/home/mathiasr/generator-aware-row-scaling/results-revision/r3-hyperparam/simple-gurobi-1pct/win9/logs/caso11c_base.log
caso11c.txt,estructurado,OK,0,1.184852425,0.993591881389415,-349253149.1450694,-349540000.0,OPTIMAL,-352723300.0804717,1.0,0.0,0.21,14400.0,10800.0,35590.0,10409.0,8530.0,27925.0,27.71527777777778,21.01851851851852,21.536948581062095,1,Model contains large bounds,2e-05,40000.0,0.005,3000.0,0.4,50000.0,1.0,10000000000.0,0.0019999999999999996,1.0,0.00020833333333333335,1.0,1965000000000.0,3009000000.0,0.0004659,1.0,0.074705587,1.259558012,1.1006862580375778,1.1006862580375778,1.0354035062896332,0.074705587,0.06305054150520054,5.0959236830294685e-14,0.0,0.0,-32000.0,-9.155727479771565e-05,0.0019999999999999996,0.0015312977099236642,714259.0,,0.007335010875059141,1.0,,,,1.0,0.85646,0.39685626593836,,,,,,,,REVISAR,REVISAR,0.000199366360902786,0.0,4.172325134277344e-07,273006978.968301,0.0,2.23967988113995e-08,1.49011611938477e-08,2.38419743254781e-07,0.000199366360902786,411260.984400617,2.76889901932214,13904740.2116234,273006978.968301,1.45519152283669e-11,0.0,0.000199366360902786,0.0,0.0,0.0,0.0,0.0,2.0,0.0,0.0,0.0,0.0,-349253149.145069,2419.43386997951,0.0,273006978.968301,0.0,0.0,0.0,1040.0,0.0,1026.0,0.0,0.0,0.0,0.0,-349539873.623598,-349253149.145069,4.172325134277344e-07,1.1946420939913368e-15,igual,1.7881393432617188e-07,DIFIERE,68.11000000000001,26,/clusteruy/home/mathiasr/generator-aware-row-scaling/results-revision/r3-hyperparam/simple-gurobi-1pct/win9/resultados/caso11c_estructurado.csv,/clusteruy/home/mathiasr/generator-aware-row-scaling/results-revision/r3-hyperparam/simple-gurobi-1pct/win9/resultados/caso11c_estructurado_postprocesado.csv,/clusteruy/home/mathiasr/generator-aware-row-scaling/results-revision/r3-hyperparam/simple-gurobi-1pct/win9/logs/caso11c_estructurado.log
caso11d.txt,base,OK,0,1.630542087,0.031003400439913,-264603704.3971917,-265624000.0,OPTIMAL,-264685740.5432448,1.0,8313.0,0.21,14400.0,10800.0,35590.0,10315.0,8193.0,27634.0,28.368055555555557,24.13888888888889,22.35459398707502,3,Model contains large bounds | Model contains large matrix coefficient range | Model contains large rhs,0.002,2000000000.0,0.003,2000.0,5.0,3000000000.0,1.0,10000000000.0,,,,,,,,,0.0,1.630542087,1.0,1.0,1.0,0.0,0.0,0.0,,,0.0,,,,3791322.177248,,,1.65727,,,,1.65727,1.0,0.272262017290407,,,,,,,,BASE,BASE,,,,,,1.82186997396046e-09,5.99797989053737e-14,5.58793544769287e-08,1.78813934326172e-07,1152874.50131086,3.85781689990195,29454453.5218201,762177795.048992,9.09494701772928e-13,0.0,4.09316271543503e-07,0.0,0.0,0.0,0.0,0.0,0.0,0.0,0.0,0.0,0.0,-264603704.397192,990.794693689691,0.0,762177795.048992,0.0,0.0,0.0,229.0,0.0,1042.0,0.0,0.0,0.0,0.0,-265624034.23929,,,,,,BASE,0.0,0,/clusteruy/home/mathiasr/generator-aware-row-scaling/results-revision/r3-hyperparam/simple-gurobi-1pct/win9/resultados/caso11d_base.csv,/clusteruy/home/mathiasr/generator-aware-row-scaling/results-revision/r3-hyperparam/simple-gurobi-1pct/win9/resultados/caso11d_base_postprocesado.csv,/clusteruy/home/mathiasr/generator-aware-row-scaling/results-revision/r3-hyperparam/simple-gurobi-1pct/win9/logs/caso11d_base.log
caso11d.txt,estructurado,OK,0,1.780160783,0.030639380121066,-264603704.3971917,-265638000.0,OPTIMAL,-264684777.33199638,1.0,7889.0,0.21,14400.0,10800.0,35590.0,10315.0,8193.0,27632.0,28.368055555555557,24.13888888888889,22.360213543130094,1,Model contains large bounds,2e-05,40000.0,0.003,2000.0,0.4,50000.0,1.0,10000000000.0,0.0019999999999999996,1.0,0.00020833333333333335,1.0,1965000000000.0,3009000000.0,0.0004659,1.0,0.074960728,1.855121511,0.9159521446440044,0.9159521446440044,0.8789408549961018,0.074960728,0.04210896494061234,0.0003640203188470005,0.0,0.0,-14000.0,-5.270608077583351e-05,0.0019999999999999996,0.0015312977099236642,19504.0,,0.005144379477176833,2.0,,0.0,1.0,2.0,0.828635,0.263909327282616,,,,,,,,OK,REVISAR,1.43051147460938e-06,0.0,2.980232238769531e-07,762177795.048992,0.0,7.55379640595928e-09,4.65661287307739e-10,2.38418579101562e-07,2.5331974029541e-07,1105899.80089817,4.1437641044413,29039216.2055866,762177795.048992,7.27595761418343e-12,0.0,1.43051147460938e-06,0.0,0.0,0.0,0.0,0.0,1.0,0.0,0.0,0.0,0.0,-264603704.397192,990.794693689691,0.0,762177795.048992,0.0,0.0,0.0,242.0,0.0,1043.0,0.0,0.0,0.0,0.0,-265637737.860801,-264603704.397192,-2.980232238769531e-07,1.1263002706477457e-15,igual,963.2112484276295,DIFIERE,400.0,104,/clusteruy/home/mathiasr/generator-aware-row-scaling/results-revision/r3-hyperparam/simple-gurobi-1pct/win9/resultados/caso11d_estructurado.csv,/clusteruy/home/mathiasr/generator-aware-row-scaling/results-revision/r3-hyperparam/simple-gurobi-1pct/win9/resultados/caso11d_estructurado_postprocesado.csv,/clusteruy/home/mathiasr/generator-aware-row-scaling/results-revision/r3-hyperparam/simple-gurobi-1pct/win9/logs/caso11d_estructurado.log
caso11e.txt,base,OK,0,108.373602942,0.370698373062756,-266266841.25418448,-267334000.0,OPTIMAL,-267253888.10271934,8164.0,2213524.0,0.21,14400.0,10800.0,35590.0,10315.0,8193.0,27634.0,28.368055555555557,24.13888888888889,22.35459398707502,4,Model contains large bounds | Model contains large matrix coefficient range | Model contains large rhs | max constraint violation (1.6088e-04) exceeds tolerance,0.002,2000000000.0,0.003,2000.0,5.0,3000000000.0,1.0,10000000000.0,,,,,,,,,0.0,108.373602942,1.0,1.0,1.0,0.0,0.0,0.0,,,0.0,,,,64123521.952502,,,132.74791,,0.047051,3.867913,132.74791,1.0,0.049995753284842,,,,,,,,BASE,BASE,,,,,,1.33229547843209e-08,9.09494701772928e-13,6.70668669044974e-08,0.000160939991474152,299010.718755197,3.34866247454272,11523764.4113771,192097502.475349,2.34676917898469e-08,0.0,0.000160939991474152,0.0,0.0,0.0,0.0,0.0,1.0,0.0,0.0,0.0,0.0,-266266841.254184,1526.47904550582,0.0,192097502.475349,0.0,0.0,0.0,509.0,0.0,1047.0,0.0,0.0,0.0,0.0,-267334067.35918,,,,,,BASE,0.0,0,/clusteruy/home/mathiasr/generator-aware-row-scaling/results-revision/r3-hyperparam/simple-gurobi-1pct/win9/resultados/caso11e_base.csv,/clusteruy/home/mathiasr/generator-aware-row-scaling/results-revision/r3-hyperparam/simple-gurobi-1pct/win9/resultados/caso11e_base_postprocesado.csv,/clusteruy/home/mathiasr/generator-aware-row-scaling/results-revision/r3-hyperparam/simple-gurobi-1pct/win9/logs/caso11e_base.log
caso11e.txt,estructurado,OK,0,3.082190631,0.31092434960027,-266484990.6639732,-267679000.0,OPTIMAL,-267313557.3879775,1.0,11746.0,0.21,14400.0,10800.0,35590.0,10315.0,8193.0,27632.0,28.368055555555557,24.13888888888889,22.360213543130094,1,Model contains large bounds,2e-05,40000.0,0.003,2000.0,0.4,50000.0,1.0,10000000000.0,0.0019999999999999996,1.0,0.00020833333333333335,1.0,1965000000000.0,3009000000.0,0.0004659,1.0,0.075151403,3.157342034,35.16122651597276,35.16122651597276,34.32431512803279,0.075151403,0.024382464291515134,0.059774023462486,-218149.40978872776,-0.0008192886833418259,-345000.0,-0.001290520472517525,0.0019999999999999996,0.0015312977099236642,2880491.0,,0.04492097302661661,3.0,,0.0,2.0,3.0,44.24930333333333,0.202749621985328,,,,,,,,OK,REVISAR,2.40746885538101e-06,0.0,2.086162567138672e-07,20083733.7528913,0.0,8.33055506885615e-09,3.72529029846191e-09,2.38418579101562e-07,3.01748514175415e-07,147610.709462711,6.30471112780256,5991222.56954008,20083733.7528913,7.27595761418343e-12,0.0,2.40746885538101e-06,0.0,0.0,0.0,0.0,0.0,1.0,0.0,0.0,0.0,0.0,-266484990.663973,1297.15301720768,0.0,20083733.7528913,0.0,0.0,0.0,807.0,0.0,1056.0,0.0,0.0,0.0,0.0,-267679120.367041,-266484990.663973,-218149.40978851914,0.0008192886833410423,mejora,-59669.28525817394,DIFIERE,153030000.0,4647,/clusteruy/home/mathiasr/generator-aware-row-scaling/results-revision/r3-hyperparam/simple-gurobi-1pct/win9/resultados/caso11e_estructurado.csv,/clusteruy/home/mathiasr/generator-aware-row-scaling/results-revision/r3-hyperparam/simple-gurobi-1pct/win9/resultados/caso11e_estructurado_postprocesado.csv,/clusteruy/home/mathiasr/generator-aware-row-scaling/results-revision/r3-hyperparam/simple-gurobi-1pct/win9/logs/caso11e_estructurado.log
caso11f.txt,base,OK,0,1.629129273,0.038290312412833,-265562676.23183674,-266569000.0,OPTIMAL,-265664361.0102178,1.0,7742.0,0.21,14400.0,10800.0,35590.0,10315.0,8193.0,27634.0,28.368055555555557,24.13888888888889,22.35459398707502,3,Model contains large bounds | Model contains large matrix coefficient range | Model contains large rhs,0.002,2000000000.0,0.005,2000.0,5.0,3000000000.0,1.0,10000000000.0,,,,,,,,,0.0,1.629129273,1.0,1.0,1.0,0.0,0.0,0.0,,,0.0,,,,5978470.126582,,,1.608472,,,,1.608472,1.0,0.290209635340052,,,,,,,,BASE,BASE,,,,,,1.71385801767119e-09,5.6843418860808e-14,4.84287738800049e-08,1.78813934326172e-07,768686.88420475,2.81228147144657,18929024.5378339,376206740.875152,9.09494701772928e-13,0.0,4.09316271543503e-07,0.0,0.0,0.0,0.0,0.0,0.0,0.0,0.0,0.0,0.0,-265562676.231837,990.794693689691,0.0,376206740.875152,0.0,0.0,0.0,308.0,0.0,1042.0,0.0,0.0,0.0,0.0,-266569144.673805,,,,,,BASE,0.0,0,/clusteruy/home/mathiasr/generator-aware-row-scaling/results-revision/r3-hyperparam/simple-gurobi-1pct/win9/resultados/caso11f_base.csv,/clusteruy/home/mathiasr/generator-aware-row-scaling/results-revision/r3-hyperparam/simple-gurobi-1pct/win9/resultados/caso11f_base_postprocesado.csv,/clusteruy/home/mathiasr/generator-aware-row-scaling/results-revision/r3-hyperparam/simple-gurobi-1pct/win9/logs/caso11f_base.log
caso11f.txt,estructurado,OK,0,1.761267367,0.03855945396136,-265562676.23183668,-266568000.0,OPTIMAL,-265665075.74971685,1.0,7909.0,0.21,14400.0,10800.0,35590.0,10315.0,8193.0,27632.0,28.368055555555557,24.13888888888889,22.360213543130094,1,Model contains large bounds,2e-05,40000.0,0.005,2000.0,0.4,50000.0,1.0,10000000000.0,0.0019999999999999996,1.0,0.00020833333333333335,1.0,1965000000000.0,3009000000.0,0.0004659,1.0,0.07492965,1.8361970170000002,0.9249755622140019,0.9249755622140019,0.8872301054391702,0.07492965,0.042543029754550606,-0.0002691415485270021,5.960464477539063e-08,2.244466188590284e-16,1000.0,3.7513739407057835e-06,0.0019999999999999996,0.0015312977099236642,33090.0,,0.005534860808766498,2.0,,,,2.0,0.804236,0.306408918532652,,,,,,,,OK,REVISAR,4.30084764957428e-06,0.0,6.854534149169922e-07,376206740.875152,0.0,8.22003448659813e-09,4.65661287307739e-10,2.42383684962988e-07,2.34693288803101e-07,764697.385355632,2.88586557030295,18832900.6767444,376206740.875152,7.27595761418343e-12,0.0,4.30084764957428e-06,0.0,0.0,0.0,0.0,0.0,2.0,0.0,0.0,0.0,0.0,-265562676.231836,990.794693689699,0.0,376206740.875152,0.0,0.0,0.0,324.0,0.0,1044.0,0.0,0.0,0.0,0.0,-266568438.516557,-265562676.231836,7.450580596923828e-07,2.805582735737855e-15,igual,-714.7394990622997,DIFIERE,400.0,125,/clusteruy/home/mathiasr/generator-aware-row-scaling/results-revision/r3-hyperparam/simple-gurobi-1pct/win9/resultados/caso11f_estructurado.csv,/clusteruy/home/mathiasr/generator-aware-row-scaling/results-revision/r3-hyperparam/simple-gurobi-1pct/win9/resultados/caso11f_estructurado_postprocesado.csv,/clusteruy/home/mathiasr/generator-aware-row-scaling/results-revision/r3-hyperparam/simple-gurobi-1pct/win9/logs/caso11f_estructurado.log
caso12a.txt,base,OK,0,2.432853945,0.914911113900248,-427838326.2818872,-428962000.0,OPTIMAL,-431752666.67856497,1.0,14010.0,0.19,14400.0,10800.0,35590.0,12287.0,9398.0,32697.0,14.67361111111111,12.981481481481481,8.128687833661141,3,Model contains large bounds | Model contains large matrix coefficients | Model contains large rhs,0.002,600000000.0,0.003,3000.0,5.0,3000000000.0,1.0,10000000000.0,,,,,,,,,0.0,2.432853945,1.0,1.0,1.0,0.0,0.0,0.0,,,0.0,,,,56214544.645972,,,2.260383,,,,2.260383,1.0,0.187770756226375,,,,,,,,BASE,BASE,,,,,,2.99594799211569e-09,2.3283064365387e-10,1.11758708953857e-07,3.01748514175415e-07,310558.781320174,10.9317016800286,7437571.25042138,62102119.1524537,3.63797880709171e-12,0.0,3.01748514175415e-07,0.0,0.0,0.0,0.0,0.0,0.0,0.0,0.0,0.0,0.0,-427838326.281887,3473.99738447495,0.0,62102119.1524537,0.0,0.0,0.0,1934.0,0.0,975.0,0.0,0.0,0.0,0.0,-428961919.60905,,,,,,BASE,0.0,0,/clusteruy/home/mathiasr/generator-aware-row-scaling/results-revision/r3-hyperparam/simple-gurobi-1pct/win9/resultados/caso12a_base.csv,/clusteruy/home/mathiasr/generator-aware-row-scaling/results-revision/r3-hyperparam/simple-gurobi-1pct/win9/resultados/caso12a_base_postprocesado.csv,/clusteruy/home/mathiasr/generator-aware-row-scaling/results-revision/r3-hyperparam/simple-gurobi-1pct/win9/logs/caso12a_base.log
caso12a.txt,estructurado,OK,0,2.665138073,0.914911113900234,-427838326.2818873,-428962000.0,OPTIMAL,-431752666.678565,1.0,13025.0,0.2,14400.0,10800.0,35590.0,12287.0,9398.0,32697.0,14.67361111111111,12.981481481481481,8.128687833661141,1,Model contains large bounds,2e-05,30000.0,0.003,3000.0,4.0,60000.0,1.0,10000000000.0,0.004999999999999999,1.0,2.5e-05,1.0,1981000000000.0,3121000000.0,0.0004509,1.0,0.07423021,2.739368283,0.9128434919176512,0.9128434919176512,0.8881076560964184,0.07423021,0.027852294315259665,1.3988810110276972e-14,-1.1920928955078125e-07,-2.786316284161942e-16,0.0,0.0,0.004999999999999999,0.001575466935890964,968086.0,,0.017221272645661593,2.0,,,,2.0,1.1301915,0.184394965420146,,,,,,,,OK,REVISAR,7.8362412750721e-05,0.0,2.980232238769531e-07,62102119.1524537,0.0,1.49304522294145e-08,1.68103724718087e-08,2.79867090284824e-07,9.12323594093323e-06,310558.78132019,10.9317016800286,7437571.25042273,62102119.1524537,2.18278728425503e-11,0.0,7.8362412750721e-05,0.0,0.0,0.0,0.0,0.0,2.0,0.0,0.0,0.0,0.0,-427838326.281887,3473.99738447495,0.0,62102119.1524537,0.0,0.0,0.0,1934.0,0.0,976.0,0.0,0.0,0.0,0.0,-428961919.609071,-427838326.281887,1.7881393432617188e-07,4.1794744262429133e-16,igual,-5.960464477539063e-08,OK,0.0,0,/clusteruy/home/mathiasr/generator-aware-row-scaling/results-revision/r3-hyperparam/simple-gurobi-1pct/win9/resultados/caso12a_estructurado.csv,/clusteruy/home/mathiasr/generator-aware-row-scaling/results-revision/r3-hyperparam/simple-gurobi-1pct/win9/resultados/caso12a_estructurado_postprocesado.csv,/clusteruy/home/mathiasr/generator-aware-row-scaling/results-revision/r3-hyperparam/simple-gurobi-1pct/win9/logs/caso12a_estructurado.log
caso12b.txt,base,OK,0,2.570828451,0.912401047436299,-434070574.9915492,-435195000.0,OPTIMAL,-438031039.46438485,1.0,15196.0,0.19,14400.0,10800.0,35590.0,12287.0,9398.0,32697.0,14.67361111111111,12.981481481481481,8.128687833661141,3,Model contains large bounds | Model contains large matrix coefficients | Model contains large rhs,0.002,600000000.0,0.003,3000.0,5.0,3000000000.0,1.0,10000000000.0,,,,,,,,,0.0,2.570828451,1.0,1.0,1.0,0.0,0.0,0.0,,,0.0,,,,56613429.443443,,,2.417426,,,,2.417426,1.0,0.199968449862811,,,,,,,,BASE,BASE,,,,,,2.92837967092117e-09,2.3283064365387e-10,1.08033418655396e-07,3.01748514175415e-07,309404.263418028,11.1000252511576,7865030.69504373,62102119.1524537,5.17881291184352e-08,0.0,3.01748514175415e-07,0.0,0.0,0.0,0.0,0.0,0.0,0.0,0.0,0.0,0.0,-434070574.991549,3473.99738447495,0.0,62102119.1524537,0.0,0.0,0.0,1938.0,0.0,977.0,0.0,0.0,0.0,0.0,-435194927.86791,,,,,,BASE,0.0,0,/clusteruy/home/mathiasr/generator-aware-row-scaling/results-revision/r3-hyperparam/simple-gurobi-1pct/win9/resultados/caso12b_base.csv,/clusteruy/home/mathiasr/generator-aware-row-scaling/results-revision/r3-hyperparam/simple-gurobi-1pct/win9/resultados/caso12b_base_postprocesado.csv,/clusteruy/home/mathiasr/generator-aware-row-scaling/results-revision/r3-hyperparam/simple-gurobi-1pct/win9/logs/caso12b_base.log
caso12b.txt,estructurado,OK,0,2.770790386,0.912401047436326,-434070574.99154925,-435195000.0,OPTIMAL,-438031039.46438503,1.0,13491.0,0.2,14400.0,10800.0,35590.0,12287.0,9398.0,32697.0,14.67361111111111,12.981481481481481,8.128687833661141,1,Model contains large bounds,2e-05,30000.0,0.003,3000.0,4.0,60000.0,1.0,10000000000.0,0.004999999999999999,1.0,2.5e-05,1.0,1981000000000.0,3121000000.0,0.0004509,1.0,0.074551722,2.8453421079999996,0.9278321680303392,0.9278321680303392,0.9035217395376909,0.074551722,0.026906301673590406,-2.6978419498391304e-14,-5.960464477539063e-08,-1.37315561591686e-16,0.0,0.0,0.004999999999999999,0.001575466935890964,962044.0,,0.016993211848455234,3.0,,,,3.0,0.8058086666666666,0.199096160418256,,,,,,,,OK,REVISAR,7.68052414059639e-05,0.0,2.384185791015625e-07,62102119.1524537,0.0,1.48076582340193e-08,1.49011611938477e-08,3.09804454445842e-07,9.20519232749939e-06,309404.263418043,11.1000252511576,7865030.69504497,62102119.1524537,2.18278728425503e-11,0.0,7.68052414059639e-05,0.0,0.0,0.0,0.0,0.0,2.0,0.0,0.0,0.0,0.0,-434070574.991549,3473.99738447495,0.0,62102119.1524537,0.0,0.0,0.0,1938.0,0.0,978.0,0.0,0.0,0.0,0.0,-435194927.867928,-434070574.991549,1.7881393432617188e-07,4.1194668477505796e-16,igual,-1.7881393432617188e-07,OK,0.0,0,/clusteruy/home/mathiasr/generator-aware-row-scaling/results-revision/r3-hyperparam/simple-gurobi-1pct/win9/resultados/caso12b_estructurado.csv,/clusteruy/home/mathiasr/generator-aware-row-scaling/results-revision/r3-hyperparam/simple-gurobi-1pct/win9/resultados/caso12b_estructurado_postprocesado.csv,/clusteruy/home/mathiasr/generator-aware-row-scaling/results-revision/r3-hyperparam/simple-gurobi-1pct/win9/logs/caso12b_estructurado.log
caso12c.txt,base,OK,0,2.66537071,0.913665776899904,-430926833.51884925,-432050000.0,OPTIMAL,-434864064.5201894,1.0,15089.0,0.19,14400.0,10800.0,35590.0,12287.0,9398.0,32697.0,14.67361111111111,12.981481481481481,8.128687833661141,3,Model contains large bounds | Model contains large matrix coefficients | Model contains large rhs,0.002,600000000.0,0.005,3000.0,5.0,3000000000.0,1.0,10000000000.0,,,,,,,,,0.0,2.66537071,1.0,1.0,1.0,0.0,0.0,0.0,,,0.0,,,,56212480.629396,,,2.499364,,,,2.499364,1.0,0.184363634814464,,,,,,,,BASE,BASE,,,,,,2.91589730111603e-09,4.65661287307739e-10,1.04308128356934e-07,3.7066638469696e-07,310395.907619372,11.0035002108538,7537253.8705509,62102119.1524537,2.8421709430404e-14,0.0,3.7066638469696e-07,0.0,0.0,0.0,0.0,0.0,0.0,0.0,0.0,0.0,0.0,-430926833.518849,3473.99738447495,0.0,62102119.1524537,0.0,0.0,0.0,1934.0,0.0,975.0,0.0,0.0,0.0,0.0,-432050434.043908,,,,,,BASE,0.0,0,/clusteruy/home/mathiasr/generator-aware-row-scaling/results-revision/r3-hyperparam/simple-gurobi-1pct/win9/resultados/caso12c_base.csv,/clusteruy/home/mathiasr/generator-aware-row-scaling/results-revision/r3-hyperparam/simple-gurobi-1pct/win9/resultados/caso12c_base_postprocesado.csv,/clusteruy/home/mathiasr/generator-aware-row-scaling/results-revision/r3-hyperparam/simple-gurobi-1pct/win9/logs/caso12c_base.log
caso12c.txt,estructurado,OK,0,2.742520422,0.913665776899932,-430926833.51884925,-432050000.0,OPTIMAL,-434864064.5201895,1.0,13614.0,0.2,14400.0,10800.0,35590.0,12287.0,9398.0,32697.0,14.67361111111111,12.981481481481481,8.128687833661141,1,Model contains large bounds,2e-05,30000.0,0.005,3000.0,4.0,60000.0,1.0,10000000000.0,0.004999999999999999,1.0,2.5e-05,1.0,1981000000000.0,3121000000.0,0.0004509,1.0,0.074525336,2.817045758,0.9718690473984736,0.9718690473984736,0.9461581170382962,0.074525336,0.027174031377185492,-2.7977620220553945e-14,0.0,0.0,0.0,0.0,0.004999999999999999,0.001575466935890964,968086.0,,0.017221904978406963,2.0,,,,2.0,1.249682,0.193243146374517,,,,,,,,OK,REVISAR,1.07660889625549e-06,0.0,2.384185791015625e-07,62102119.1524537,0.0,8.9985114141333e-09,1.49011611938477e-08,3.05054709315301e-07,2.5331974029541e-07,310395.907619385,11.0035002108538,7537253.87055621,62102119.1524537,2.18278728425503e-11,0.0,1.07660889625549e-06,0.0,0.0,0.0,0.0,0.0,1.0,0.0,0.0,0.0,0.0,-430926833.518849,3473.99738447495,0.0,62102119.1524537,0.0,0.0,0.0,1934.0,0.0,976.0,0.0,0.0,0.0,0.0,-432050434.043916,-430926833.518849,2.384185791015625e-07,5.532692804360576e-16,igual,-1.1920928955078125e-07,OK,0.0,0,/clusteruy/home/mathiasr/generator-aware-row-scaling/results-revision/r3-hyperparam/simple-gurobi-1pct/win9/resultados/caso12c_estructurado.csv,/clusteruy/home/mathiasr/generator-aware-row-scaling/results-revision/r3-hyperparam/simple-gurobi-1pct/win9/resultados/caso12c_estructurado_postprocesado.csv,/clusteruy/home/mathiasr/generator-aware-row-scaling/results-revision/r3-hyperparam/simple-gurobi-1pct/win9/logs/caso12c_estructurado.log
caso12d.txt,base,OK,0,35.623382507,0.803037897219705,-305707592.6585989,-311357000.0,OPTIMAL,-308162540.4823255,5636.0,611503.0,0.19,14400.0,10800.0,35590.0,11983.0,8867.0,31946.0,16.78472222222222,17.89814814814815,10.238831132340545,3,Model contains large bounds | Model contains large matrix coefficients | Model contains large rhs,0.002,600000000.0,0.003,2000.0,5.0,3000000000.0,1.0,10000000000.0,,,,,,,,,0.0,35.623382507,1.0,1.0,1.0,0.0,0.0,0.0,,,0.0,,,,22260224.523499,,,42.630131,,0.011878,2.904981,42.630131,1.0,0.01947632520362,,,,,,,,BASE,BASE,,,,,,2.21721530455607e-09,5.6843418860808e-14,8.19563865661621e-08,2.64495611190796e-07,742159.528365676,12.5253686310955,36979401.7223105,62102119.1524537,7.15255737304688e-07,0.0,3.77651304006577e-07,0.0,0.0,1.99840144432528e-15,0.0,0.0,0.0,0.0,0.0,0.0,0.0,-305707592.658599,31755.0035143963,0.0,62102119.1524537,0.0,0.0,1.99840144432528e-15,759.0,0.0,1046.0,0.0,0.0,0.0,0.0,-311357187.974003,,,,,,BASE,0.0,0,/clusteruy/home/mathiasr/generator-aware-row-scaling/results-revision/r3-hyperparam/simple-gurobi-1pct/win9/resultados/caso12d_base.csv,/clusteruy/home/mathiasr/generator-aware-row-scaling/results-revision/r3-hyperparam/simple-gurobi-1pct/win9/resultados/caso12d_base_postprocesado.csv,/clusteruy/home/mathiasr/generator-aware-row-scaling/results-revision/r3-hyperparam/simple-gurobi-1pct/win9/logs/caso12d_base.log
caso12d.txt,estructurado,OK,0,2.205246865,0.286306987052554,-307659714.3917761,-310163000.0,OPTIMAL,-308540565.6504257,1.0,10272.0,0.21,14400.0,10800.0,35590.0,11983.0,8867.0,31946.0,16.78472222222222,17.89814814814815,10.238831132340545,1,Model contains large bounds,2e-05,30000.0,0.003,2000.0,4.0,60000.0,1.0,10000000000.0,0.004999999999999999,1.0,2.5e-05,1.0,1981000000000.0,3121000000.0,0.0004509,1.0,0.076335092,2.2815819569999998,16.153920484997496,16.153920484997496,15.613457319692507,0.076335092,0.034615213929801915,0.516730910167151,-1952121.733177185,-0.0063855847223174165,1194000.0,0.0038348262605305164,0.004999999999999999,0.001575466935890964,303430.0,,0.0136310395108407,2.0,,0.0,2.0,2.0,21.3150655,0.196122004909248,,,,,,,,OK,REVISAR,1.06077641248703e-06,0.0,5.960464477539063e-08,62102119.1524537,0.0,8.62616918340591e-09,4.65661287307739e-10,2.54721380770207e-07,2.49594449996948e-07,560014.511048994,14.4996632402806,22398606.3611075,62102119.1524537,2.18278728425503e-11,0.0,1.06077641248703e-06,0.0,0.0,0.0,0.0,0.0,2.0,0.0,0.0,0.0,0.0,-307659714.391776,1530.19423184997,0.0,62102119.1524537,0.0,0.0,0.0,1126.0,0.0,1044.0,0.0,0.0,0.0,0.0,-310162634.667638,-307659714.391776,-1952121.7331771255,0.006385584722317221,mejora,-378025.16810017824,DIFIERE,206740000.0,4970,/clusteruy/home/mathiasr/generator-aware-row-scaling/results-revision/r3-hyperparam/simple-gurobi-1pct/win9/resultados/caso12d_estructurado.csv,/clusteruy/home/mathiasr/generator-aware-row-scaling/results-revision/r3-hyperparam/simple-gurobi-1pct/win9/resultados/caso12d_estructurado_postprocesado.csv,/clusteruy/home/mathiasr/generator-aware-row-scaling/results-revision/r3-hyperparam/simple-gurobi-1pct/win9/logs/caso12d_estructurado.log
caso12e.txt,base,OK,0,34.920379137,0.939406658186895,-310388686.73669004,-315131000.0,OPTIMAL,-313304498.7261534,5153.0,637185.0,0.19,14400.0,10800.0,35590.0,11983.0,8867.0,31946.0,16.78472222222222,17.89814814814815,10.238831132340545,3,Model contains large bounds | Model contains large matrix coefficients | Model contains large rhs,0.002,600000000.0,0.003,2000.0,5.0,3000000000.0,1.0,10000000000.0,,,,,,,,,0.0,34.920379137,1.0,1.0,1.0,0.0,0.0,0.0,,,0.0,,,,4811697.851561,,,40.833938,,0.011836,2.985352,40.833938,1.0,0.020386078524451,,,,,,,,BASE,BASE,,,,,,2.13468798720696e-09,5.6843418860808e-14,8.19563865661621e-08,2.45869159698486e-07,751046.085190164,13.4432316307314,37302348.5628978,62102119.1524537,2.72848410531878e-12,0.0,2.45869159698486e-07,0.0,0.0,0.0,0.0,0.0,0.0,0.0,0.0,0.0,0.0,-310388686.73669,31755.0035143963,0.0,62102119.1524537,0.0,0.0,0.0,734.0,0.0,1046.0,0.0,0.0,0.0,0.0,-315131210.404824,,,,,,BASE,0.0,0,/clusteruy/home/mathiasr/generator-aware-row-scaling/results-revision/r3-hyperparam/simple-gurobi-1pct/win9/resultados/caso12e_base.csv,/clusteruy/home/mathiasr/generator-aware-row-scaling/results-revision/r3-hyperparam/simple-gurobi-1pct/win9/resultados/caso12e_base_postprocesado.csv,/clusteruy/home/mathiasr/generator-aware-row-scaling/results-revision/r3-hyperparam/simple-gurobi-1pct/win9/logs/caso12e_base.log
caso12e.txt,estructurado,OK,0,1.944861844,0.316998894594721,-312757976.941162,-315228000.0,OPTIMAL,-313749416.2708223,1.0,9535.0,0.21,14400.0,10800.0,35590.0,11983.0,8867.0,31946.0,16.78472222222222,17.89814814814815,10.238831132340545,1,Model contains large bounds,2e-05,30000.0,0.003,2000.0,4.0,60000.0,1.0,10000000000.0,0.004999999999999999,1.0,2.5e-05,1.0,1981000000000.0,3121000000.0,0.0004509,1.0,0.074855017,2.019716861,17.955197817639945,17.955197817639945,17.28973986963215,0.074855017,0.03848860382084805,0.6224077635921739,-2369290.2044719458,-0.007633300779682959,-97000.0,-0.0003078084986878473,0.004999999999999999,0.001575466935890964,303430.0,,0.06306090061360814,2.0,,,,2.0,20.416969,0.274966439244092,,,,,,,,OK,REVISAR,1.06077641248703e-06,0.0,0.0,62102119.1524537,0.0,8.64802550786838e-09,4.65661287307739e-10,2.55662016570568e-07,2.49594449996948e-07,561042.452598604,14.4996632402806,22398606.3611075,62102119.1524537,7.27595761418343e-12,0.0,1.06077641248703e-06,0.0,0.0,0.0,0.0,0.0,2.0,0.0,0.0,0.0,0.0,-312757976.941162,1530.19423184997,0.0,62102119.1524537,0.0,0.0,0.0,1131.0,0.0,1044.0,0.0,0.0,0.0,0.0,-315228309.746486,-312757976.941162,-2369290.2044719458,0.007633300779682959,mejora,-444917.5446689129,DIFIERE,208230000.0,5024,/clusteruy/home/mathiasr/generator-aware-row-scaling/results-revision/r3-hyperparam/simple-gurobi-1pct/win9/resultados/caso12e_estructurado.csv,/clusteruy/home/mathiasr/generator-aware-row-scaling/results-revision/r3-hyperparam/simple-gurobi-1pct/win9/resultados/caso12e_estructurado_postprocesado.csv,/clusteruy/home/mathiasr/generator-aware-row-scaling/results-revision/r3-hyperparam/simple-gurobi-1pct/win9/logs/caso12e_estructurado.log
caso12f.txt,base,OK,0,14.569326908,0.888430986964146,-308151161.03290284,-312554000.0,OPTIMAL,-310888871.4342089,2790.0,259618.0,0.19,14400.0,10800.0,35590.0,11983.0,8867.0,31946.0,16.78472222222222,17.89814814814815,10.238831132340545,3,Model contains large bounds | Model contains large matrix coefficients | Model contains large rhs,0.002,600000000.0,0.005,2000.0,5.0,3000000000.0,1.0,10000000000.0,,,,,,,,,0.0,14.569326908,1.0,1.0,1.0,0.0,0.0,0.0,,,0.0,,,,12756640.300762,,,16.413032,,0.011857,2.900887,16.413032,1.0,0.034439597540407,,,,,,,,BASE,BASE,,,,,,2.42845683926585e-09,9.758860386454e-14,8.94069671630859e-08,2.86847352981567e-07,566357.475020867,8.47852952945064,21733614.7471167,62102119.1524537,2.27373675443232e-13,0.0,6.72414898872375e-07,0.0,0.0,0.0,0.0,0.0,0.0,0.0,0.0,0.0,0.0,-308151161.032903,3007.99270790119,0.0,62102119.1524537,0.0,0.0,0.0,894.0,0.0,1043.0,0.0,0.0,0.0,0.0,-312554485.746926,,,,,,BASE,0.0,0,/clusteruy/home/mathiasr/generator-aware-row-scaling/results-revision/r3-hyperparam/simple-gurobi-1pct/win9/resultados/caso12f_base.csv,/clusteruy/home/mathiasr/generator-aware-row-scaling/results-revision/r3-hyperparam/simple-gurobi-1pct/win9/resultados/caso12f_base_postprocesado.csv,/clusteruy/home/mathiasr/generator-aware-row-scaling/results-revision/r3-hyperparam/simple-gurobi-1pct/win9/logs/caso12f_base.log
caso12f.txt,estructurado,OK,0,2.1549268,0.286373232260703,-310183142.30726814,-312665000.0,OPTIMAL,-311071423.7978213,1.0,10094.0,0.21,14400.0,10800.0,35590.0,11983.0,8867.0,31946.0,16.78472222222222,17.89814814814815,10.238831132340545,1,Model contains large bounds,2e-05,30000.0,0.005,2000.0,4.0,60000.0,1.0,10000000000.0,0.004999999999999999,1.0,2.5e-05,1.0,1981000000000.0,3121000000.0,0.0004509,1.0,0.075970584,2.230897384,6.760938194281123,6.760938194281123,6.5307024036565915,0.075970584,0.035254368733081784,0.602057754703443,-2031981.274365306,-0.006594105527800822,-111000.0,-0.0003551386320443827,0.004999999999999999,0.001575466935890964,303430.0,,0.023786043413160676,2.0,,0.0,2.0,2.0,8.206516,0.210766595837281,,,,,,,,OK,REVISAR,1.34110450744629e-06,0.0,1.1920928955078125e-07,62102119.1524537,0.0,8.6081912300197e-09,4.65661287307739e-10,2.49622389674187e-07,2.49594449996948e-07,560014.536932573,14.6201337451007,22398606.3611075,62102119.1524537,7.27595761418343e-12,0.0,1.34110450744629e-06,0.0,0.0,0.0,0.0,0.0,1.0,0.0,0.0,0.0,0.0,-310183142.307268,1530.19423184997,0.0,62102119.1524537,0.0,0.0,0.0,1132.0,0.0,1042.0,0.0,0.0,0.0,0.0,-312665077.721379,-310183142.307268,-2031981.2743651867,0.006594105527800436,mejora,-182552.3636123538,DIFIERE,10950000.0,5017,/clusteruy/home/mathiasr/generator-aware-row-scaling/results-revision/r3-hyperparam/simple-gurobi-1pct/win9/resultados/caso12f_estructurado.csv,/clusteruy/home/mathiasr/generator-aware-row-scaling/results-revision/r3-hyperparam/simple-gurobi-1pct/win9/resultados/caso12f_estructurado_postprocesado.csv,/clusteruy/home/mathiasr/generator-aware-row-scaling/results-revision/r3-hyperparam/simple-gurobi-1pct/win9/logs/caso12f_estructurado.log
caso14a.txt,base,OK,0,0.936949734,0.315102110412326,-374719618.56059235,-399038000.0,OPTIMAL,-375900367.9868058,1.0,0.0,0.14,14400.0,10800.0,35590.0,10715.0,8626.0,28445.0,25.59027777777778,20.12962962962963,20.075864006743465,3,Model contains large bounds | Model contains large matrix coefficients | Model contains large rhs,0.002,1000000000.0,0.003,3000.0,5.0,4000000000.0,1.0,10000000000.0,,,,,,,,,0.0,0.936949734,1.0,1.0,1.0,0.0,0.0,0.0,,,0.0,,,,10273637.899924,,,0.753592,,,,0.753592,1.0,0.415685004388316,,,,,,,,BASE,BASE,,,,,,2.33953000683402e-09,2.8421709430404e-14,8.1034377217293e-08,2.83122062683105e-07,252518.171332528,9.90741534602709,10032749.6645474,130514851.467719,7.27595761418343e-12,0.0,4.76837158203125e-07,0.0,0.0,0.0,0.0,0.0,0.0,0.0,0.0,0.0,0.0,-374719618.560592,2494.55822156952,0.0,130514851.467719,0.0,0.0,0.0,1192.0,0.0,837.0,0.0,0.0,0.0,0.0,-399038126.971058,,,,,,BASE,0.0,0,/clusteruy/home/mathiasr/generator-aware-row-scaling/results-revision/r3-hyperparam/simple-gurobi-1pct/win9/resultados/caso14a_base.csv,/clusteruy/home/mathiasr/generator-aware-row-scaling/results-revision/r3-hyperparam/simple-gurobi-1pct/win9/resultados/caso14a_base_postprocesado.csv,/clusteruy/home/mathiasr/generator-aware-row-scaling/results-revision/r3-hyperparam/simple-gurobi-1pct/win9/logs/caso14a_base.log
caso14a.txt,estructurado,OK,0,1.007254731,0.315102110412055,-374719618.5605924,-397841000.0,OPTIMAL,-375900367.98680484,1.0,0.0,0.14,14400.0,10800.0,35590.0,10715.0,8626.0,28445.0,25.59027777777778,20.12962962962963,20.075864006743465,1,Model contains large bounds,2e-05,30000.0,0.003,3000.0,3.0,60000.0,1.0,10000000000.0,0.0029999999999999996,1.0,2.5e-05,1.0,2122000000000.0,4079000000.0,0.0003571,1.0,0.075197529,1.08245226,0.9302013732611598,0.9302013732611598,0.8655806529518448,0.075197529,0.07465592038008506,2.710054403110007e-13,-5.960464477539063e-08,-1.5906464946871344e-16,1197000.0,0.0029997143129225786,0.0029999999999999996,0.0019222431668237511,1031146.0,,0.10036814710080719,1.0,,,,1.0,0.753592,0.41525039001287,,,,,,,,OK,REVISAR,1.23027712106705e-06,0.0,4.172325134277344e-07,102351198.811889,0.0,7.84640381531063e-09,4.65661287307739e-10,2.38418579101562e-07,2.5331974029541e-07,259625.188188005,10.6964069160662,11968755.0475615,102351198.811889,2.18278728425503e-11,0.0,1.23027712106705e-06,0.0,0.0,0.0,0.0,0.0,3.0,0.0,0.0,0.0,0.0,-374719618.560592,2494.55822156952,0.0,102351198.811889,0.0,0.0,0.0,1179.0,0.0,840.0,0.0,0.0,0.0,0.0,-397840924.014968,-374719618.560592,3.5762786865234375e-07,9.543878968122806e-16,igual,9.5367431640625e-07,DIFIERE,11920000.0,1394,/clusteruy/home/mathiasr/generator-aware-row-scaling/results-revision/r3-hyperparam/simple-gurobi-1pct/win9/resultados/caso14a_estructurado.csv,/clusteruy/home/mathiasr/generator-aware-row-scaling/results-revision/r3-hyperparam/simple-gurobi-1pct/win9/resultados/caso14a_estructurado_postprocesado.csv,/clusteruy/home/mathiasr/generator-aware-row-scaling/results-revision/r3-hyperparam/simple-gurobi-1pct/win9/logs/caso14a_estructurado.log
caso14b.txt,base,OK,0,0.933765481,0.47522389689332,-383235787.970489,-407382000.0,OPTIMAL,-385057016.0163722,1.0,0.0,0.14,14400.0,10800.0,35590.0,10715.0,8626.0,28445.0,25.59027777777778,20.12962962962963,20.075864006743465,3,Model contains large bounds | Model contains large matrix coefficients | Model contains large rhs,0.002,1000000000.0,0.003,3000.0,5.0,4000000000.0,1.0,10000000000.0,,,,,,,,,0.0,0.933765481,1.0,1.0,1.0,0.0,0.0,0.0,,,0.0,,,,16496480.287391,,,0.753503,,,,0.753503,1.0,0.432191558883033,,,,,,,,BASE,BASE,,,,,,2.65727507379526e-09,2.8421709430404e-14,9.22009348869324e-08,2.64495611190796e-07,255140.725293082,13.4303654811492,9467475.66037526,130228939.101122,3.63797880709171e-12,0.0,4.76837158203125e-07,0.0,0.0,0.0,0.0,0.0,0.0,0.0,0.0,0.0,0.0,-383235787.970489,2494.55822156952,0.0,130228939.101122,0.0,0.0,0.0,1226.0,0.0,843.0,0.0,0.0,0.0,0.0,-407382059.177717,,,,,,BASE,0.0,0,/clusteruy/home/mathiasr/generator-aware-row-scaling/results-revision/r3-hyperparam/simple-gurobi-1pct/win9/resultados/caso14b_base.csv,/clusteruy/home/mathiasr/generator-aware-row-scaling/results-revision/r3-hyperparam/simple-gurobi-1pct/win9/resultados/caso14b_base_postprocesado.csv,/clusteruy/home/mathiasr/generator-aware-row-scaling/results-revision/r3-hyperparam/simple-gurobi-1pct/win9/logs/caso14b_base.log
caso14b.txt,estructurado,OK,0,1.020610482,0.475223896892822,-383235787.970489,-405489000.0,OPTIMAL,-385057016.0163703,1.0,0.0,0.14,14400.0,10800.0,35590.0,10715.0,8626.0,28445.0,25.59027777777778,20.12962962962963,20.075864006743465,1,Model contains large bounds,2e-05,30000.0,0.003,3000.0,3.0,60000.0,1.0,10000000000.0,0.0029999999999999996,1.0,2.5e-05,1.0,2122000000000.0,4079000000.0,0.0003571,1.0,0.074610362,1.095220844,0.9149087702589361,0.9149087702589361,0.8525819117810728,0.074610362,0.07310366032474278,4.97990537695614e-13,0.0,0.0,1893000.0,0.004646744333328424,0.0029999999999999996,0.0019222431668237511,1034185.0,,0.06269125182966903,1.0,,,,1.0,0.753503,0.434968943573503,,,,,,,,OK,REVISAR,1.1250376701355e-06,0.0,0.0,102393103.535124,0.0,7.97157239948729e-09,7.10133463144133e-10,2.38418579101562e-07,2.57045030593872e-07,277520.262252441,11.7196011789299,12457813.9386415,102393103.535124,2.18278728425503e-11,0.0,1.1250376701355e-06,0.0,0.0,0.0,0.0,0.0,2.0,0.0,0.0,0.0,0.0,-383235787.970489,2494.55822156952,0.0,102393103.535124,0.0,0.0,0.0,1188.0,0.0,848.0,0.0,0.0,0.0,0.0,-405489105.012113,-383235787.970489,0.0,0.0,igual,1.9073486328125e-06,DIFIERE,14600000.0,1467,/clusteruy/home/mathiasr/generator-aware-row-scaling/results-revision/r3-hyperparam/simple-gurobi-1pct/win9/resultados/caso14b_estructurado.csv,/clusteruy/home/mathiasr/generator-aware-row-scaling/results-revision/r3-hyperparam/simple-gurobi-1pct/win9/resultados/caso14b_estructurado_postprocesado.csv,/clusteruy/home/mathiasr/generator-aware-row-scaling/results-revision/r3-hyperparam/simple-gurobi-1pct/win9/logs/caso14b_estructurado.log
caso14c.txt,base,OK,0,0.946884093,0.396664464439676,-378943245.69797087,-402941000.0,OPTIMAL,-380446378.89404905,1.0,0.0,0.14,14400.0,10800.0,35590.0,10715.0,8626.0,28445.0,25.59027777777778,20.12962962962963,20.075864006743465,3,Model contains large bounds | Model contains large matrix coefficients | Model contains large rhs,0.002,1000000000.0,0.005,3000.0,5.0,4000000000.0,1.0,10000000000.0,,,,,,,,,0.0,0.946884093,1.0,1.0,1.0,0.0,0.0,0.0,,,0.0,,,,9663691.090759,,,0.753529,,,,0.753529,1.0,0.425742886271223,,,,,,,,BASE,BASE,,,,,,2.50231148122968e-09,2.8421709430404e-14,8.7793450802565e-08,2.79396772384644e-07,221731.725690491,9.93346781109038,9316962.02039632,109179213.488234,1.18305365504057e-11,0.0,4.76837158203125e-07,0.0,0.0,0.0,0.0,0.0,0.0,0.0,0.0,0.0,0.0,-378943245.697971,2494.55822156952,0.0,109179213.488234,0.0,0.0,0.0,1206.0,0.0,838.0,0.0,0.0,0.0,0.0,-402940815.098295,,,,,,BASE,0.0,0,/clusteruy/home/mathiasr/generator-aware-row-scaling/results-revision/r3-hyperparam/simple-gurobi-1pct/win9/resultados/caso14c_base.csv,/clusteruy/home/mathiasr/generator-aware-row-scaling/results-revision/r3-hyperparam/simple-gurobi-1pct/win9/resultados/caso14c_base_postprocesado.csv,/clusteruy/home/mathiasr/generator-aware-row-scaling/results-revision/r3-hyperparam/simple-gurobi-1pct/win9/logs/caso14c_base.log
caso14c.txt,estructurado,OK,0,1.034456854,0.396664464439298,-378943245.69797087,-401742000.0,OPTIMAL,-380446378.8940476,1.0,0.0,0.14,14400.0,10800.0,35590.0,10715.0,8626.0,28445.0,25.59027777777778,20.12962962962963,20.075864006743465,1,Model contains large bounds,2e-05,30000.0,0.005,3000.0,3.0,60000.0,1.0,10000000000.0,0.0029999999999999996,1.0,2.5e-05,1.0,2122000000000.0,4079000000.0,0.0003571,1.0,0.074407882,1.1088647360000001,0.9153442111564374,0.9153442111564374,0.8539220900970196,0.074407882,0.071929420460875,3.780309398848658e-13,0.0,0.0,1199000.0,0.002975621741148208,0.0029999999999999996,0.0019222431668237511,854391.0,,0.08841249083562075,1.0,,,,1.0,0.753529,0.428940005300063,,,,,,,,OK,REVISAR,1.1250376701355e-06,0.0,1.1920928955078125e-07,102380662.183224,0.0,7.98075980192564e-09,9.31322574615479e-10,2.38423235714436e-07,2.83122062683105e-07,275431.271203887,11.546859167955,13944086.7264937,102380662.183224,2.18278728425503e-11,0.0,1.1250376701355e-06,0.0,0.0,0.0,0.0,0.0,1.0,0.0,0.0,0.0,0.0,-378943245.697971,2494.55822156952,0.0,102380662.183224,0.0,0.0,0.0,1193.0,0.0,841.0,0.0,0.0,0.0,0.0,-401742387.998812,-378943245.697971,-1.1920928955078125e-07,3.145834921300976e-16,igual,1.430511474609375e-06,DIFIERE,12440000.0,1454,/clusteruy/home/mathiasr/generator-aware-row-scaling/results-revision/r3-hyperparam/simple-gurobi-1pct/win9/resultados/caso14c_estructurado.csv,/clusteruy/home/mathiasr/generator-aware-row-scaling/results-revision/r3-hyperparam/simple-gurobi-1pct/win9/resultados/caso14c_estructurado_postprocesado.csv,/clusteruy/home/mathiasr/generator-aware-row-scaling/results-revision/r3-hyperparam/simple-gurobi-1pct/win9/logs/caso14c_estructurado.log
caso14d.txt,base,OK,0,0.994941671,0.386894183447664,-282598220.2451004,-294120000.0,OPTIMAL,-283691576.3217553,1.0,8134.0,0.14,14400.0,10800.0,35590.0,10570.0,8270.0,27788.0,26.59722222222222,23.425925925925927,21.921888170834503,3,Model contains large bounds | Model contains large matrix coefficients | Model contains large rhs,0.002,1000000000.0,0.003,2000.0,5.0,4000000000.0,1.0,10000000000.0,,,,,,,,,0.0,0.994941671,1.0,1.0,1.0,0.0,0.0,0.0,,,0.0,,,,20032724.822681,,,0.903532,,,,0.903532,1.0,0.308724391549353,,,,,,,,BASE,BASE,,,,,,1.95461801072111e-09,2.1316282072803e-14,7.82310962677002e-08,2.79396772384644e-07,1159210.42498936,14.4670631132697,10634491.3048095,737211018.138083,4.41580141341547e-08,0.0,2.84984707832336e-07,0.0,0.0,0.0,0.0,0.0,0.0,0.0,0.0,0.0,0.0,-282598220.2451,1459.18644108202,0.0,737211018.138083,0.0,0.0,0.0,764.0,0.0,977.0,0.0,0.0,0.0,0.0,-294119627.302742,,,,,,BASE,0.0,0,/clusteruy/home/mathiasr/generator-aware-row-scaling/results-revision/r3-hyperparam/simple-gurobi-1pct/win9/resultados/caso14d_base.csv,/clusteruy/home/mathiasr/generator-aware-row-scaling/results-revision/r3-hyperparam/simple-gurobi-1pct/win9/resultados/caso14d_base_postprocesado.csv,/clusteruy/home/mathiasr/generator-aware-row-scaling/results-revision/r3-hyperparam/simple-gurobi-1pct/win9/logs/caso14d_base.log
caso14d.txt,estructurado,OK,0,1.122816499,0.386894183447621,-282598220.24510074,-294784000.0,OPTIMAL,-283691576.3217555,1.0,7425.0,0.15,14400.0,10800.0,35590.0,10570.0,8270.0,27788.0,26.59722222222222,23.425925925925927,21.921888170834503,1,Model contains large bounds,2e-05,30000.0,0.003,2000.0,3.0,60000.0,1.0,10000000000.0,0.0029999999999999996,1.0,2.5e-05,1.0,2122000000000.0,4079000000.0,0.0003571,1.0,0.074476884,1.197293383,0.8861124430270774,0.8861124430270774,0.830992374239155,0.074476884,0.0663304146904952,4.3021142204224816e-14,-3.5762786865234375e-07,-1.2654993663518807e-15,-664000.0,-0.0022575819393444853,0.0029999999999999996,0.0019222431668237511,2243473.0,,0.11199040668995491,1.0,,,,1.0,0.903532,0.283729398399315,,,,,,,,OK,REVISAR,9.5367431640625e-07,0.0,2.384185791015625e-07,736912342.063245,0.0,8.68308191290419e-09,3.72529029846191e-09,3.04612331092359e-07,3.01748514175415e-07,1331587.80498488,15.3780777070042,10772304.4170696,736912342.063245,2.38418579101562e-07,0.0,9.5367431640625e-07,0.0,0.0,0.0,0.0,0.0,0.0,0.0,0.0,0.0,0.0,-282598220.245101,1459.18644108202,0.0,736912342.063245,0.0,0.0,0.0,770.0,0.0,980.0,0.0,0.0,0.0,0.0,-294783834.119582,-282598220.245101,-5.960464477539062e-07,2.109165610586468e-15,igual,-2.384185791015625e-07,DIFIERE,3690000.0,1307,/clusteruy/home/mathiasr/generator-aware-row-scaling/results-revision/r3-hyperparam/simple-gurobi-1pct/win9/resultados/caso14d_estructurado.csv,/clusteruy/home/mathiasr/generator-aware-row-scaling/results-revision/r3-hyperparam/simple-gurobi-1pct/win9/resultados/caso14d_estructurado_postprocesado.csv,/clusteruy/home/mathiasr/generator-aware-row-scaling/results-revision/r3-hyperparam/simple-gurobi-1pct/win9/logs/caso14d_estructurado.log
caso14e.txt,base,OK,0,0.97412184,0.392698030626171,-289877098.174441,-301361000.0,OPTIMAL,-291015439.8302083,1.0,8050.0,0.14,14400.0,10800.0,35590.0,10570.0,8270.0,27788.0,26.59722222222222,23.425925925925927,21.921888170834503,3,Model contains large bounds | Model contains large matrix coefficients | Model contains large rhs,0.002,1000000000.0,0.003,2000.0,5.0,4000000000.0,1.0,10000000000.0,,,,,,,,,0.0,0.97412184,1.0,1.0,1.0,0.0,0.0,0.0,,,0.0,,,,14185500.706728,,,0.875128,,,,0.875128,1.0,0.344411180064032,,,,,,,,BASE,BASE,,,,,,1.95271621448326e-09,2.1316282072803e-14,7.07805156707764e-08,3.05473804473877e-07,1165573.16811201,14.2051725801624,11064481.2177202,737211018.138083,7.27595761418343e-12,0.0,3.05473804473877e-07,0.0,0.0,0.0,0.0,0.0,0.0,0.0,0.0,0.0,0.0,-289877098.174441,1456.86289579367,0.0,737211018.138083,0.0,0.0,0.0,760.0,0.0,979.0,0.0,0.0,0.0,0.0,-301361437.887974,,,,,,BASE,0.0,0,/clusteruy/home/mathiasr/generator-aware-row-scaling/results-revision/r3-hyperparam/simple-gurobi-1pct/win9/resultados/caso14e_base.csv,/clusteruy/home/mathiasr/generator-aware-row-scaling/results-revision/r3-hyperparam/simple-gurobi-1pct/win9/resultados/caso14e_base_postprocesado.csv,/clusteruy/home/mathiasr/generator-aware-row-scaling/results-revision/r3-hyperparam/simple-gurobi-1pct/win9/logs/caso14e_base.log
caso14e.txt,estructurado,OK,0,1.099831458,0.392698030626067,-289877098.17444146,-301896000.0,OPTIMAL,-291015439.8302085,1.0,7613.0,0.15,14400.0,10800.0,35590.0,10570.0,8270.0,27788.0,26.59722222222222,23.425925925925927,21.921888170834503,1,Model contains large bounds,2e-05,30000.0,0.003,2000.0,3.0,60000.0,1.0,10000000000.0,0.0029999999999999996,1.0,2.5e-05,1.0,2122000000000.0,4079000000.0,0.0003571,1.0,0.075758522,1.1755899799999998,0.8857010162006114,0.8857010162006114,0.8286238030031526,0.075758522,0.06888193772686214,1.0397238625614591e-13,-4.76837158203125e-07,-1.6449631971828835e-15,-535000.0,-0.0017752794820829504,0.0029999999999999996,0.0019222431668237511,1658193.0,,0.11689351220528581,1.0,,,,1.0,0.875128,0.322709475683131,,,,,,,,OK,REVISAR,9.5367431640625e-07,0.0,5.364418029785156e-07,736912342.063245,0.0,8.6097796292004e-09,3.72529029846191e-09,2.49594449996948e-07,3.01748514175415e-07,1274773.53647819,15.3431932994022,11067775.4860056,736912342.063245,2.38418579101562e-07,0.0,9.5367431640625e-07,0.0,0.0,0.0,0.0,0.0,0.0,0.0,0.0,0.0,0.0,-289877098.174442,1456.86289579367,0.0,736912342.063245,0.0,0.0,0.0,771.0,0.0,979.0,0.0,0.0,0.0,0.0,-301895780.189807,-289877098.174442,-1.0132789611816406e-06,3.4955467940136272e-15,igual,-1.7881393432617188e-07,DIFIERE,1980000.0,1236,/clusteruy/home/mathiasr/generator-aware-row-scaling/results-revision/r3-hyperparam/simple-gurobi-1pct/win9/resultados/caso14e_estructurado.csv,/clusteruy/home/mathiasr/generator-aware-row-scaling/results-revision/r3-hyperparam/simple-gurobi-1pct/win9/resultados/caso14e_estructurado_postprocesado.csv,/clusteruy/home/mathiasr/generator-aware-row-scaling/results-revision/r3-hyperparam/simple-gurobi-1pct/win9/logs/caso14e_estructurado.log
caso14f.txt,base,OK,0,0.998627271,0.387375321307235,-286203893.463808,-297699000.0,OPTIMAL,-287312576.71570724,1.0,8427.0,0.14,14400.0,10800.0,35590.0,10570.0,8270.0,27788.0,26.59722222222222,23.425925925925927,21.921888170834503,3,Model contains large bounds | Model contains large matrix coefficients | Model contains large rhs,0.002,1000000000.0,0.005,2000.0,5.0,4000000000.0,1.0,10000000000.0,,,,,,,,,0.0,0.998627271,1.0,1.0,1.0,0.0,0.0,0.0,,,0.0,,,,20032718.065982,,,0.874374,,,,0.874374,1.0,0.320249681236796,,,,,,,,BASE,BASE,,,,,,2.07241494467984e-09,2.1316282072803e-14,8.14953818917275e-08,2.79396772384644e-07,1147734.56515091,14.4362438401797,10634498.07244,737211018.138083,4.41580141341547e-08,0.0,2.79396772384644e-07,0.0,0.0,0.0,0.0,0.0,0.0,0.0,0.0,0.0,0.0,-286203893.463808,1456.86289579367,0.0,737211018.138083,0.0,0.0,0.0,761.0,0.0,977.0,0.0,0.0,0.0,0.0,-297698701.404692,,,,,,BASE,0.0,0,/clusteruy/home/mathiasr/generator-aware-row-scaling/results-revision/r3-hyperparam/simple-gurobi-1pct/win9/resultados/caso14f_base.csv,/clusteruy/home/mathiasr/generator-aware-row-scaling/results-revision/r3-hyperparam/simple-gurobi-1pct/win9/resultados/caso14f_base_postprocesado.csv,/clusteruy/home/mathiasr/generator-aware-row-scaling/results-revision/r3-hyperparam/simple-gurobi-1pct/win9/logs/caso14f_base.log
caso14f.txt,estructurado,OK,0,1.126960493,0.387375321671688,-286203893.4638084,-298389000.0,OPTIMAL,-287312576.71675074,1.0,7685.0,0.15,14400.0,10800.0,35590.0,10570.0,8270.0,27788.0,26.59722222222222,23.425925925925927,21.921888170834503,1,Model contains large bounds,2e-05,30000.0,0.005,2000.0,3.0,60000.0,1.0,10000000000.0,0.0029999999999999996,1.0,2.5e-05,1.0,2122000000000.0,4079000000.0,0.0003571,1.0,0.074956347,1.20191684,0.8861244712683998,0.8861244712683998,0.8308622009156641,0.074956347,0.06651195624476963,-3.6445296780485137e-10,-4.172325134277344e-07,-1.4578156445677272e-15,-690000.0,-0.00231777735229208,0.0029999999999999996,0.0019222431668237511,2243473.0,,0.11199044446243624,1.0,,,,1.0,0.874374,0.292431971087742,,,,,,,,OK,REVISAR,9.5367431640625e-07,0.0,4.172325134277344e-07,736912342.063245,0.0,8.60764625691178e-09,3.72529029846191e-09,2.91550531983377e-07,3.01748514175415e-07,1331563.06656398,15.3780777070042,10772309.8622251,736912342.063245,2.38418579101562e-07,0.0,9.5367431640625e-07,0.0,0.0,0.0,0.0,0.0,0.0,0.0,0.0,0.0,0.0,-286203893.463808,1456.86289579367,0.0,736912342.063245,0.0,0.0,0.0,767.0,0.0,980.0,0.0,0.0,0.0,0.0,-298389185.123585,-286203893.463808,0.0,0.0,igual,-0.0010434985160827637,DIFIERE,3690000.0,1311,/clusteruy/home/mathiasr/generator-aware-row-scaling/results-revision/r3-hyperparam/simple-gurobi-1pct/win9/resultados/caso14f_estructurado.csv,/clusteruy/home/mathiasr/generator-aware-row-scaling/results-revision/r3-hyperparam/simple-gurobi-1pct/win9/resultados/caso14f_estructurado_postprocesado.csv,/clusteruy/home/mathiasr/generator-aware-row-scaling/results-revision/r3-hyperparam/simple-gurobi-1pct/win9/logs/caso14f_estructurado.log
caso19a.txt,base,OK,0,1.298321643,0.547816651894145,-303762044.11771405,-303738000.0,OPTIMAL,-305426103.1775249,1.0,0.0,0.27,14400.0,10800.0,35590.0,11777.0,9219.0,31586.0,18.21527777777778,14.63888888888889,11.250351222253443,3,Model contains large bounds | Model contains large matrix coefficients | Model contains large rhs,0.002,1000000000.0,0.003,3000.0,5.0,6000000000.0,1.0,10000000000.0,,,,,,,,,0.0,1.298321643,1.0,1.0,1.0,0.0,0.0,0.0,,,0.0,,,,66352595.04794,,,1.037203,,,,1.037203,1.0,0.352066050928189,,,,,,,,BASE,BASE,,,,,,4.09110754746539e-09,4.65661287307739e-10,1.22012570500374e-07,3.20374965667725e-07,252138.890345441,2.06821353767633,8780667.10251922,56076943.5565542,2.8421709430404e-14,0.0,4.73111867904663e-07,0.0,0.0,0.0,0.0,0.0,0.0,0.0,0.0,0.0,0.0,-303762044.117714,3193.01443670873,0.0,56076943.5565542,0.0,0.0,0.0,1254.0,0.0,1010.0,0.0,0.0,0.0,0.0,-303737711.682554,,,,,,BASE,0.0,0,/clusteruy/home/mathiasr/generator-aware-row-scaling/results-revision/r3-hyperparam/simple-gurobi-1pct/win9/resultados/caso19a_base.csv,/clusteruy/home/mathiasr/generator-aware-row-scaling/results-revision/r3-hyperparam/simple-gurobi-1pct/win9/resultados/caso19a_base_postprocesado.csv,/clusteruy/home/mathiasr/generator-aware-row-scaling/results-revision/r3-hyperparam/simple-gurobi-1pct/win9/logs/caso19a_base.log
caso19a.txt,estructurado,OK,0,1.444620715,0.547816651894439,-303762044.11771417,-303738000.0,OPTIMAL,-305426103.17752594,1.0,0.0,0.28,14400.0,10800.0,35590.0,11778.0,9220.0,31586.0,18.208333333333332,14.62962962962963,11.250351222253443,1,Model contains large bounds,1e-05,40000.0,0.003,3000.0,2.0,80000.0,1.0,10000000000.0,0.007999999999999998,1.0,3.3333333333333335e-05,1.0,2503000000000.0,6131000000.0,0.0002581,1.0,0.074903678,1.5195243930000002,0.8987283856025835,0.8987283856025835,0.8544263250928936,0.074903678,0.05185006501862324,-2.9398705692074145e-13,-1.1920928955078125e-07,-3.9244300550132325e-16,0.0,0.0,0.007999999999999998,0.002449460647223332,844285.0,,0.01272421974438228,1.0,,,,1.0,1.037203,0.365340434328375,,,,,,,,OK,REVISAR,1.01421028375626e-06,0.0,1.7881393432617188e-07,56076943.5565542,0.0,1.06612674774289e-08,1.68336555361738e-08,2.68230214715004e-07,2.7194619178772e-07,252138.89034545,2.06821353767604,8780667.10251909,56076943.5565542,7.27595761418343e-12,0.0,1.01421028375626e-06,0.0,0.0,0.0,0.0,0.0,1.0,0.0,0.0,0.0,0.0,-303762044.117714,3193.01443670873,0.0,56076943.5565542,0.0,0.0,0.0,1254.0,0.0,1028.0,0.0,0.0,0.0,0.0,-303737711.682555,-303762044.117714,5.960464477539063e-08,1.9622150275066162e-16,igual,-1.0132789611816406e-06,OK,0.0,0,/clusteruy/home/mathiasr/generator-aware-row-scaling/results-revision/r3-hyperparam/simple-gurobi-1pct/win9/resultados/caso19a_estructurado.csv,/clusteruy/home/mathiasr/generator-aware-row-scaling/results-revision/r3-hyperparam/simple-gurobi-1pct/win9/resultados/caso19a_estructurado_postprocesado.csv,/clusteruy/home/mathiasr/generator-aware-row-scaling/results-revision/r3-hyperparam/simple-gurobi-1pct/win9/logs/caso19a_estructurado.log
caso19b.txt,base,OK,0,2.425822073,0.022382519224966,-319073196.7095493,-319107000.0,OPTIMAL,-319144613.32914454,1.0,11569.0,0.27,14400.0,10800.0,35590.0,11777.0,9219.0,31586.0,18.21527777777778,14.63888888888889,11.250351222253443,3,Model contains large bounds | Model contains large matrix coefficients | Model contains large rhs,0.002,1000000000.0,0.003,3000.0,5.0,6000000000.0,1.0,10000000000.0,,,,,,,,,0.0,2.425822073,1.0,1.0,1.0,0.0,0.0,0.0,,,0.0,,,,54822071.927946,,,2.443596,,,,2.443596,1.0,0.177446169229724,,,,,,,,BASE,BASE,,,,,,4.325605157499e-09,4.65661287307739e-10,1.35991722345353e-07,2.75671482086182e-07,246114.531668259,2.02854556585688,8868213.04347542,46788828.007594,2.8421709430404e-14,0.0,4.73111867904663e-07,0.0,0.0,0.0,0.0,0.0,0.0,0.0,0.0,0.0,0.0,-319073196.709549,3162.97972610538,0.0,46788828.007594,0.0,0.0,0.0,1243.0,0.0,1008.0,0.0,0.0,0.0,0.0,-319107007.665025,,,,,,BASE,0.0,0,/clusteruy/home/mathiasr/generator-aware-row-scaling/results-revision/r3-hyperparam/simple-gurobi-1pct/win9/resultados/caso19b_base.csv,/clusteruy/home/mathiasr/generator-aware-row-scaling/results-revision/r3-hyperparam/simple-gurobi-1pct/win9/resultados/caso19b_base_postprocesado.csv,/clusteruy/home/mathiasr/generator-aware-row-scaling/results-revision/r3-hyperparam/simple-gurobi-1pct/win9/logs/caso19b_base.log
caso19b.txt,estructurado,OK,0,2.771245879,0.022382519224929,-319073196.7095494,-319107000.0,OPTIMAL,-319144613.32914454,1.0,11663.0,0.28,14400.0,10800.0,35590.0,11778.0,9220.0,31586.0,18.208333333333332,14.62962962962963,11.250351222253443,1,Model contains large bounds,1e-05,40000.0,0.003,3000.0,2.0,80000.0,1.0,10000000000.0,0.007999999999999998,1.0,3.3333333333333335e-05,1.0,2503000000000.0,6131000000.0,0.0002581,1.0,0.07476122,2.846007099,0.8753543275905039,0.8753543275905039,0.8523598109970842,0.07476122,0.026977476291990907,3.7001651742585295e-14,-1.1920928955078125e-07,-3.7361110485032954e-16,0.0,0.0,0.007999999999999998,0.002449460647223332,811050.0,,0.014794223776620171,3.0,,,,3.0,0.8145319999999999,0.181772666595609,,,,,,,,OK,REVISAR,1.09244138002396e-06,0.0,4.172325134277344e-07,46788828.0075937,0.0,1.08852747648145e-08,1.67638063430786e-08,2.69673764705659e-07,2.66358256340027e-07,246114.531668262,2.02854556585689,8868213.0434753,46788828.0075937,7.27595761418343e-12,0.0,1.09244138002396e-06,0.0,0.0,0.0,0.0,0.0,2.0,0.0,0.0,0.0,0.0,-319073196.709549,3162.9797261054,0.0,46788828.0075937,0.0,0.0,0.0,1243.0,0.0,1025.0,0.0,0.0,0.0,0.0,-319107007.665025,-319073196.709549,2.980232238769531e-07,9.340277621258239e-16,igual,0.0,OK,0.0,0,/clusteruy/home/mathiasr/generator-aware-row-scaling/results-revision/r3-hyperparam/simple-gurobi-1pct/win9/resultados/caso19b_estructurado.csv,/clusteruy/home/mathiasr/generator-aware-row-scaling/results-revision/r3-hyperparam/simple-gurobi-1pct/win9/resultados/caso19b_estructurado_postprocesado.csv,/clusteruy/home/mathiasr/generator-aware-row-scaling/results-revision/r3-hyperparam/simple-gurobi-1pct/win9/logs/caso19b_estructurado.log
caso19c.txt,base,OK,0,1.254763698,0.785250414348796,-311371224.8478069,-311347000.0,OPTIMAL,-313816268.6810872,1.0,0.0,0.27,14400.0,10800.0,35590.0,11777.0,9219.0,31586.0,18.21527777777778,14.63888888888889,11.250351222253443,3,Model contains large bounds | Model contains large matrix coefficients | Model contains large rhs,0.002,1000000000.0,0.005,3000.0,5.0,6000000000.0,1.0,10000000000.0,,,,,,,,,0.0,1.254763698,1.0,1.0,1.0,0.0,0.0,0.0,,,0.0,,,,66352595.04794,,,1.03705,,,,1.03705,1.0,0.355426522521741,,,,,,,,BASE,BASE,,,,,,4.11270905298799e-09,4.65661287307739e-10,1.22934579849243e-07,3.20374965667725e-07,252138.890345441,2.06821353767633,8780667.10251922,56076943.5565542,2.8421709430404e-14,0.0,4.73111867904663e-07,0.0,0.0,0.0,0.0,0.0,0.0,0.0,0.0,0.0,0.0,-311371224.847807,3193.01443670873,0.0,56076943.5565542,0.0,0.0,0.0,1254.0,0.0,1010.0,0.0,0.0,0.0,0.0,-311346892.412646,,,,,,BASE,0.0,0,/clusteruy/home/mathiasr/generator-aware-row-scaling/results-revision/r3-hyperparam/simple-gurobi-1pct/win9/resultados/caso19c_base.csv,/clusteruy/home/mathiasr/generator-aware-row-scaling/results-revision/r3-hyperparam/simple-gurobi-1pct/win9/resultados/caso19c_base_postprocesado.csv,/clusteruy/home/mathiasr/generator-aware-row-scaling/results-revision/r3-hyperparam/simple-gurobi-1pct/win9/logs/caso19c_base.log
caso19c.txt,estructurado,OK,0,1.424330474,0.785250414349255,-311371224.84780693,-311347000.0,OPTIMAL,-313816268.6810887,1.0,0.0,0.28,14400.0,10800.0,35590.0,11778.0,9220.0,31586.0,18.208333333333332,14.62962962962963,11.250351222253443,1,Model contains large bounds,1e-05,40000.0,0.005,3000.0,2.0,80000.0,1.0,10000000000.0,0.007999999999999998,1.0,3.3333333333333335e-05,1.0,2503000000000.0,6131000000.0,0.0002581,1.0,0.074604692,1.498935166,0.8809498363650121,0.8809498363650121,0.8371033827623202,0.074604692,0.052378779617404995,-4.589661983800397e-13,-5.960464477539063e-08,-1.9142631052218905e-16,0.0,0.0,0.007999999999999998,0.002449460647223332,844285.0,,0.01272421974438228,1.0,,,,1.0,1.03705,0.370013290513813,,,,,,,,OK,REVISAR,1.01421028375626e-06,0.0,5.960464477539063e-08,56076943.5565542,0.0,1.06667803440119e-08,1.81840732693669e-08,2.69152224063873e-07,2.7194619178772e-07,252138.89034545,2.06821353767604,8780667.10251909,56076943.5565542,7.27595761418343e-12,0.0,1.01421028375626e-06,0.0,0.0,0.0,0.0,0.0,1.0,0.0,0.0,0.0,0.0,-311371224.847807,3193.01443670873,0.0,56076943.5565542,0.0,0.0,0.0,1254.0,0.0,1028.0,0.0,0.0,0.0,0.0,-311346892.412648,-311371224.847807,-1.1920928955078125e-07,3.828526210443781e-16,igual,-1.4901161193847656e-06,OK,0.0,0,/clusteruy/home/mathiasr/generator-aware-row-scaling/results-revision/r3-hyperparam/simple-gurobi-1pct/win9/resultados/caso19c_estructurado.csv,/clusteruy/home/mathiasr/generator-aware-row-scaling/results-revision/r3-hyperparam/simple-gurobi-1pct/win9/resultados/caso19c_estructurado_postprocesado.csv,/clusteruy/home/mathiasr/generator-aware-row-scaling/results-revision/r3-hyperparam/simple-gurobi-1pct/win9/logs/caso19c_estructurado.log
caso19d.txt,base,OK,0,2.286231398,0.296077547692214,-258788374.4116029,-259764000.0,OPTIMAL,-259554588.68427333,1.0,10457.0,0.27,14400.0,10800.0,35590.0,11852.0,9108.0,31717.0,17.694444444444443,15.666666666666666,10.88227030064625,3,Model contains large bounds | Model contains large matrix coefficients | Model contains large rhs,0.002,1000000000.0,0.003,2000.0,5.0,6000000000.0,1.0,10000000000.0,,,,,,,,,0.0,2.286231398,1.0,1.0,1.0,0.0,0.0,0.0,,,0.0,,,,31757583.661656,,,2.30986,,,,2.30986,1.0,0.196532379016051,,,,,,,,BASE,BASE,,,,,,2.94948638842227e-09,7.27595761418343e-12,9.68622043728829e-08,3.01748514175415e-07,576297.336216191,6.75920158848147,14690370.6505861,337152584.41987,7.27595761418343e-12,0.0,4.60073351860046e-07,0.0,0.0,0.0,0.0,0.0,0.0,0.0,0.0,0.0,0.0,-258788374.411603,2906.06118810658,0.0,337152584.41987,0.0,0.0,0.0,1330.0,0.0,1038.0,0.0,0.0,0.0,0.0,-259763643.096717,,,,,,BASE,0.0,0,/clusteruy/home/mathiasr/generator-aware-row-scaling/results-revision/r3-hyperparam/simple-gurobi-1pct/win9/resultados/caso19d_base.csv,/clusteruy/home/mathiasr/generator-aware-row-scaling/results-revision/r3-hyperparam/simple-gurobi-1pct/win9/resultados/caso19d_base_postprocesado.csv,/clusteruy/home/mathiasr/generator-aware-row-scaling/results-revision/r3-hyperparam/simple-gurobi-1pct/win9/logs/caso19d_base.log
caso19d.txt,estructurado,OK,0,2.647225525,0.296077547692225,-258788374.41160297,-259834000.0,OPTIMAL,-259554588.68427342,1.0,12290.0,0.28,14400.0,10800.0,35590.0,11853.0,9109.0,31717.0,17.6875,15.657407407407407,10.88227030064625,1,Model contains large bounds,1e-05,40000.0,0.003,2000.0,2.0,80000.0,1.0,10000000000.0,0.007999999999999998,1.0,3.3333333333333335e-05,1.0,2503000000000.0,6131000000.0,0.0002581,1.0,0.074492173,2.721717698,0.8636330287726429,0.8636330287726429,0.8399957863668196,0.074492173,0.02813971544793109,-1.099120794378905e-14,-5.960464477539063e-08,-2.303219567374748e-16,-70000.0,-0.00026947536995118647,0.007999999999999998,0.002449460647223332,3011407.0,,0.09482481513969726,3.0,,,,3.0,0.7699533333333334,0.18542448073013,,,,,,,,OK,REVISAR,7.79479742050171e-05,0.0,2.9802322387695312e-08,337152584.41987,0.0,1.50862174556489e-08,1.86264514923096e-09,2.38185748457909e-07,7.79479742050171e-05,601952.375765554,6.77903914399758,14844391.1709668,337152584.41987,2.38418579101562e-07,0.0,7.79479742050171e-05,0.0,0.0,0.0,0.0,0.0,3.0,0.0,0.0,0.0,0.0,-258788374.411603,2906.06118810659,0.0,337152584.41987,0.0,0.0,0.0,1341.0,0.0,1040.0,0.0,0.0,0.0,0.0,-259834233.317859,-258788374.411603,-8.940696716308594e-08,3.4548293510621214e-16,igual,-8.940696716308594e-08,DIFIERE,329.679,55,/clusteruy/home/mathiasr/generator-aware-row-scaling/results-revision/r3-hyperparam/simple-gurobi-1pct/win9/resultados/caso19d_estructurado.csv,/clusteruy/home/mathiasr/generator-aware-row-scaling/results-revision/r3-hyperparam/simple-gurobi-1pct/win9/resultados/caso19d_estructurado_postprocesado.csv,/clusteruy/home/mathiasr/generator-aware-row-scaling/results-revision/r3-hyperparam/simple-gurobi-1pct/win9/logs/caso19d_estructurado.log
caso19e.txt,base,OK,0,2.386875169,0.321583866397649,-272848248.7308137,-273844000.0,OPTIMAL,-273725684.6784805,1.0,11751.0,0.27,14400.0,10800.0,35590.0,11852.0,9108.0,31717.0,17.694444444444443,15.666666666666666,10.88227030064625,3,Model contains large bounds | Model contains large matrix coefficients | Model contains large rhs,0.002,1000000000.0,0.003,2000.0,5.0,6000000000.0,1.0,10000000000.0,,,,,,,,,0.0,2.386875169,1.0,1.0,1.0,0.0,0.0,0.0,,,0.0,,,,48130163.647008,,,2.321202,,,,2.321202,1.0,0.217161715541816,,,,,,,,BASE,BASE,,,,,,3.03769109689528e-09,7.27595761418343e-12,1.01053155958653e-07,2.62632966041565e-07,480772.733279165,6.59871545960573,11977275.715916,337152584.41987,7.27595761418343e-12,0.0,4.69852238893509e-07,0.0,0.0,0.0,0.0,0.0,0.0,0.0,0.0,0.0,0.0,-272848248.730814,3162.57385163778,0.0,337152584.41987,0.0,0.0,0.0,1424.0,0.0,1038.0,0.0,0.0,0.0,0.0,-273844059.924437,,,,,,BASE,0.0,0,/clusteruy/home/mathiasr/generator-aware-row-scaling/results-revision/r3-hyperparam/simple-gurobi-1pct/win9/resultados/caso19e_base.csv,/clusteruy/home/mathiasr/generator-aware-row-scaling/results-revision/r3-hyperparam/simple-gurobi-1pct/win9/resultados/caso19e_base_postprocesado.csv,/clusteruy/home/mathiasr/generator-aware-row-scaling/results-revision/r3-hyperparam/simple-gurobi-1pct/win9/logs/caso19e_base.log
caso19e.txt,estructurado,OK,0,2.250134262,0.321583866397627,-272848248.73081374,-273900000.0,OPTIMAL,-273725684.6784805,1.0,9972.0,0.28,14400.0,10800.0,35590.0,11853.0,9109.0,31717.0,17.6875,15.657407407407407,10.88227030064625,1,Model contains large bounds,1e-05,40000.0,0.003,2000.0,2.0,80000.0,1.0,10000000000.0,0.007999999999999998,1.0,3.3333333333333335e-05,1.0,2503000000000.0,6131000000.0,0.0002581,1.0,0.07448087,2.324615132,1.0607701101704303,1.0607701101704303,1.026782944042197,0.07448087,0.03310063370787428,2.2037927038809357e-14,-5.960464477539063e-08,-2.1845346287780395e-16,-56000.0,-0.00020449599041790216,0.007999999999999998,0.002449460647223332,1795127.0,,0.03729733838358959,2.0,,,,2.0,1.160601,0.237687073653156,,,,,,,,OK,REVISAR,8.32695513963699e-05,0.0,2.384185791015625e-07,337152584.41987,0.0,1.48934106756122e-08,7.37782102078051e-10,2.31899321079254e-07,8.32695513963699e-05,503938.423003268,6.86879743933607,12323819.3729832,337152584.41987,2.38418579101562e-07,0.0,8.32695513963699e-05,0.0,0.0,0.0,0.0,0.0,4.0,0.0,0.0,0.0,0.0,-272848248.730814,3162.57385163778,0.0,337152584.41987,0.0,0.0,0.0,1428.0,0.0,1040.0,0.0,0.0,0.0,0.0,-273900490.83839,-272848248.730814,-2.980232238769531e-07,1.0922673143890197e-15,igual,0.0,DIFIERE,112.551,22,/clusteruy/home/mathiasr/generator-aware-row-scaling/results-revision/r3-hyperparam/simple-gurobi-1pct/win9/resultados/caso19e_estructurado.csv,/clusteruy/home/mathiasr/generator-aware-row-scaling/results-revision/r3-hyperparam/simple-gurobi-1pct/win9/resultados/caso19e_estructurado_postprocesado.csv,/clusteruy/home/mathiasr/generator-aware-row-scaling/results-revision/r3-hyperparam/simple-gurobi-1pct/win9/logs/caso19e_estructurado.log
caso19f.txt,base,OK,0,2.262885646,0.298030114873019,-265741688.41107273,-266797000.0,OPTIMAL,-266533678.67030975,1.0,10824.0,0.27,14400.0,10800.0,35590.0,11852.0,9108.0,31717.0,17.694444444444443,15.666666666666666,10.88227030064625,3,Model contains large bounds | Model contains large matrix coefficients | Model contains large rhs,0.002,1000000000.0,0.005,2000.0,5.0,6000000000.0,1.0,10000000000.0,,,,,,,,,0.0,2.262885646,1.0,1.0,1.0,0.0,0.0,0.0,,,0.0,,,,31757583.661656,,,2.169272,,,,2.169272,1.0,0.219175757936575,,,,,,,,BASE,BASE,,,,,,2.87838951991694e-09,4.06530364926966e-12,9.43851773627103e-08,3.05473804473877e-07,591162.606603637,6.8468256881397,14844391.1709668,337152584.41987,7.27595761418343e-12,0.0,4.76837158203125e-07,0.0,0.0,0.0,0.0,0.0,0.0,0.0,0.0,0.0,0.0,-265741688.411073,2906.06118810658,0.0,337152584.41987,0.0,0.0,0.0,1366.0,0.0,1038.0,0.0,0.0,0.0,0.0,-266796872.944677,,,,,,BASE,0.0,0,/clusteruy/home/mathiasr/generator-aware-row-scaling/results-revision/r3-hyperparam/simple-gurobi-1pct/win9/resultados/caso19f_base.csv,/clusteruy/home/mathiasr/generator-aware-row-scaling/results-revision/r3-hyperparam/simple-gurobi-1pct/win9/resultados/caso19f_base_postprocesado.csv,/clusteruy/home/mathiasr/generator-aware-row-scaling/results-revision/r3-hyperparam/simple-gurobi-1pct/win9/logs/caso19f_base.log
caso19f.txt,estructurado,OK,0,2.643588191,0.298030114873042,-265741688.4110728,-266808000.0,OPTIMAL,-266533678.67030987,1.0,11637.0,0.28,14400.0,10800.0,35590.0,11853.0,9109.0,31717.0,17.6875,15.657407407407407,10.88227030064625,1,Model contains large bounds,1e-05,40000.0,0.005,2000.0,2.0,80000.0,1.0,10000000000.0,0.007999999999999998,1.0,3.3333333333333335e-05,1.0,2503000000000.0,6131000000.0,0.0002581,1.0,0.074396872,2.717985063,0.855990223327488,0.855990223327488,0.8325600007169723,0.074396872,0.02814238324005284,-2.298161660974074e-14,-5.960464477539063e-08,-2.242954243716134e-16,-11000.0,-4.122984891134458e-05,0.007999999999999998,0.002449460647223332,3011407.0,,0.09482481513969726,3.0,,,,3.0,0.7230906666666667,0.199535273124103,,,,,,,,OK,REVISAR,5.97834587097168e-05,0.0,2.086162567138672e-07,337152584.41987,0.0,1.35623020827485e-08,1.86264514923096e-09,2.34702602028847e-07,5.97834587097168e-05,593898.885290704,6.84228774141348,14844391.170967,337152584.41987,2.38418579101562e-07,0.0,5.97834587097168e-05,0.0,0.0,0.0,0.0,0.0,4.0,0.0,0.0,0.0,0.0,-265741688.411073,2906.06118810659,0.0,337152584.41987,0.0,0.0,0.0,1366.0,0.0,1041.0,0.0,0.0,0.0,0.0,-266808173.563561,-265741688.411073,-2.682209014892578e-07,1.0093294096722605e-15,igual,-1.1920928955078125e-07,DIFIERE,124.77999999999997,23,/clusteruy/home/mathiasr/generator-aware-row-scaling/results-revision/r3-hyperparam/simple-gurobi-1pct/win9/resultados/caso19f_estructurado.csv,/clusteruy/home/mathiasr/generator-aware-row-scaling/results-revision/r3-hyperparam/simple-gurobi-1pct/win9/resultados/caso19f_estructurado_postprocesado.csv,/clusteruy/home/mathiasr/generator-aware-row-scaling/results-revision/r3-hyperparam/simple-gurobi-1pct/win9/logs/caso19f_estructurado.log
caso20a.txt,base,OK,0,3.302855989,0.002888429087177,-292279307.31568736,-290344000.0,OPTIMAL,-292287749.59621567,1.0,14213.0,0.26,14400.0,10800.0,35590.0,11760.0,9216.0,31581.0,18.333333333333332,14.666666666666666,11.26440011239112,4,Model contains large bounds | Model contains large matrix coefficients | Model contains large rhs | max constraint violation (7.7253e-06) exceeds tolerance,0.003,2000000000.0,0.003,3000.0,5.0,7000000000.0,1.0,10000000000.0,,,,,,,,,0.0,3.302855989,1.0,1.0,1.0,0.0,0.0,0.0,,,0.0,,,,64433028.712273,,,3.13227,,,,3.13227,1.0,0.88978471207266,,,,,,,,BASE,BASE,,,,,,4.93725494109532e-09,4.65661287307739e-10,1.30385160446167e-07,7.72527945391843e-06,635951.063794986,1.57347431073174,27594556.2385845,96056487.0802706,9.09494701772928e-13,0.0,7.72527945391843e-06,0.0,0.0,0.0,0.0,0.0,1.0,0.0,0.0,0.0,0.0,-292279307.315687,1030.0382184037,0.0,96056487.0802706,0.0,0.0,0.0,659.0,0.0,997.0,0.0,0.0,0.0,0.0,-290343805.913149,,,,,,BASE,0.0,0,/clusteruy/home/mathiasr/generator-aware-row-scaling/results-revision/r3-hyperparam/simple-gurobi-1pct/win9/resultados/caso20a_base.csv,/clusteruy/home/mathiasr/generator-aware-row-scaling/results-revision/r3-hyperparam/simple-gurobi-1pct/win9/resultados/caso20a_base_postprocesado.csv,/clusteruy/home/mathiasr/generator-aware-row-scaling/results-revision/r3-hyperparam/simple-gurobi-1pct/win9/logs/caso20a_base.log
caso20a.txt,estructurado,OK,0,1.355236253,0.639404953698559,-292258084.33065075,-291677000.0,OPTIMAL,-294126796.99944544,1.0,0.0,0.28,14400.0,10800.0,35590.0,11760.0,9216.0,31581.0,18.333333333333332,14.666666666666666,11.26440011239112,1,Model contains large bounds,1e-05,40000.0,0.003,3000.0,3.0,80000.0,1.0,10000000000.0,0.005999999999999999,1.0,1.904761904761905e-05,1.0,2692000000000.0,6928000000.0,0.0002368,1.0,0.075515736,1.430751989,2.4371071698301154,2.4371071698301154,2.308475552991176,0.075515736,0.055721455084185974,-0.636516524611382,21222.985036611557,7.261199991037637e-05,-1333000.0,-0.004591105722866668,0.005999999999999999,0.002573551263001486,506708.0,,0.007864103397385134,1.0,,,,1.0,3.13227,0.365972793300084,,,,,,,,OK,REVISAR,6.22365041635931e-05,0.0,2.384185791015625e-07,97200947.1875838,0.0,2.32739912009223e-08,2.60770320892334e-08,4.35709953308107e-07,2.83122062683105e-07,626261.598033473,1.93172533048484,26286033.5081391,97200947.1875838,7.27595761418343e-12,0.0,6.22365041635931e-05,0.0,0.0,0.0,0.0,0.0,14.0,0.0,0.0,0.0,0.0,-292258084.330651,2206.0631954258,0.0,97200947.1875838,0.0,0.0,0.0,886.0,0.0,1015.0,0.0,0.0,0.0,0.0,-291677373.144263,-292258084.330651,21222.98503637314,7.261199990956064e-05,empeora,-1839047.403229773,DIFIERE,26000000.0,6821,/clusteruy/home/mathiasr/generator-aware-row-scaling/results-revision/r3-hyperparam/simple-gurobi-1pct/win9/resultados/caso20a_estructurado.csv,/clusteruy/home/mathiasr/generator-aware-row-scaling/results-revision/r3-hyperparam/simple-gurobi-1pct/win9/resultados/caso20a_estructurado_postprocesado.csv,/clusteruy/home/mathiasr/generator-aware-row-scaling/results-revision/r3-hyperparam/simple-gurobi-1pct/win9/logs/caso20a_estructurado.log
caso20b.txt,base,OK,0,2.420893015,0.017965340342671,-308781419.4503931,-308257000.0,OPTIMAL,-308836893.0833123,1.0,11772.0,0.26,14400.0,10800.0,35590.0,11760.0,9216.0,31581.0,18.333333333333332,14.666666666666666,11.26440011239112,4,Model contains large bounds | Model contains large matrix coefficients | Model contains large rhs | max constraint violation (5.4819e-06) exceeds tolerance,0.003,2000000000.0,0.003,3000.0,5.0,7000000000.0,1.0,10000000000.0,,,,,,,,,0.0,2.420893015,1.0,1.0,1.0,0.0,0.0,0.0,,,0.0,,,,53880402.128298,,,2.745782,,,,2.745782,1.0,0.165870131017541,,,,,,,,BASE,BASE,,,,,,4.48899482500895e-09,4.65661287307739e-10,1.22948549687863e-07,5.48187272286782e-06,608015.857175695,1.93346847355904,25752733.9478822,65579904.7266718,6.91441499611756e-08,0.0,5.48187272286782e-06,0.0,0.0,0.0,0.0,0.0,1.0,0.0,0.0,0.0,0.0,-308781419.450393,2422.27143287331,0.0,65579904.7266718,0.0,0.0,0.0,876.0,0.0,991.0,0.0,0.0,0.0,0.0,-308257219.641707,,,,,,BASE,0.0,0,/clusteruy/home/mathiasr/generator-aware-row-scaling/results-revision/r3-hyperparam/simple-gurobi-1pct/win9/resultados/caso20b_base.csv,/clusteruy/home/mathiasr/generator-aware-row-scaling/results-revision/r3-hyperparam/simple-gurobi-1pct/win9/resultados/caso20b_base_postprocesado.csv,/clusteruy/home/mathiasr/generator-aware-row-scaling/results-revision/r3-hyperparam/simple-gurobi-1pct/win9/logs/caso20b_base.log
caso20b.txt,estructurado,OK,0,2.691528189,0.017965340276352,-308781419.45059776,-308257000.0,OPTIMAL,-308836893.0833122,1.0,10993.0,0.28,14400.0,10800.0,35590.0,11760.0,9216.0,31581.0,18.333333333333332,14.666666666666666,11.26440011239112,1,Model contains large bounds,1e-05,40000.0,0.003,3000.0,3.0,80000.0,1.0,10000000000.0,0.005999999999999999,1.0,1.904761904761905e-05,1.0,2692000000000.0,6928000000.0,0.0002368,1.0,0.074652882,2.766181071,0.8994492515047554,0.8994492515047554,0.8751751793763901,0.074652882,0.027736243783401074,6.631899890363613e-11,-0.0002046823501586914,-6.62871329897408e-13,0.0,0.0,0.005999999999999999,0.002573551263001486,504605.0,,0.009365279026657103,3.0,,,,3.0,0.9152606666666667,0.171040568726933,,,,,,,,OK,REVISAR,3.85373132303357e-05,0.0,2.384185791015625e-07,65579904.7266716,0.0,2.08959171597779e-08,2.98023223876953e-08,4.49889339506627e-07,3.20374965667725e-07,608015.857119693,1.93346847355904,25752733.9387225,65579904.7266716,7.27595761418343e-12,0.0,3.85373132303357e-05,0.0,0.0,0.0,0.0,0.0,12.0,0.0,0.0,0.0,0.0,-308781419.450598,2422.27143287331,0.0,65579904.7266716,0.0,0.0,0.0,876.0,0.0,1008.0,0.0,0.0,0.0,0.0,-308257219.624057,-308781419.450598,-0.00020492076873779297,6.636434572473176e-13,igual,5.960464477539063e-08,OK,0.0,0,/clusteruy/home/mathiasr/generator-aware-row-scaling/results-revision/r3-hyperparam/simple-gurobi-1pct/win9/resultados/caso20b_estructurado.csv,/clusteruy/home/mathiasr/generator-aware-row-scaling/results-revision/r3-hyperparam/simple-gurobi-1pct/win9/resultados/caso20b_estructurado_postprocesado.csv,/clusteruy/home/mathiasr/generator-aware-row-scaling/results-revision/r3-hyperparam/simple-gurobi-1pct/win9/logs/caso20b_estructurado.log
caso20c.txt,base,OK,0,1.74349741,0.913844808550877,-300460901.5839195,-299871000.0,OPTIMAL,-303206647.93476933,1.0,0.0,0.27,14400.0,10800.0,35590.0,11760.0,9216.0,31581.0,18.333333333333332,14.666666666666666,11.26440011239112,4,Model contains large bounds | Model contains large matrix coefficients | Model contains large rhs | max constraint violation (9.0047e-06) exceeds tolerance,0.003,2000000000.0,0.005,3000.0,5.0,7000000000.0,1.0,10000000000.0,,,,,,,,,0.0,1.74349741,1.0,1.0,1.0,0.0,0.0,0.0,,,0.0,,,,53667222.256838,,,1.032992,,,,1.032992,1.0,0.247041623646956,,,,,,,,BASE,BASE,,,,,,4.92982973166346e-09,4.65661287307739e-10,1.23418867588044e-07,9.00470605635917e-06,622556.717804982,1.93295198672224,26286033.5081392,79954797.2495837,2.27373675443232e-13,0.0,9.00470605635917e-06,0.0,0.0,0.0,0.0,0.0,2.0,0.0,0.0,0.0,0.0,-300460901.58392,2206.06319542581,0.0,79954797.2495837,0.0,0.0,0.0,885.0,0.0,999.0,0.0,0.0,0.0,0.0,-299870990.526426,,,,,,BASE,0.0,0,/clusteruy/home/mathiasr/generator-aware-row-scaling/results-revision/r3-hyperparam/simple-gurobi-1pct/win9/resultados/caso20c_base.csv,/clusteruy/home/mathiasr/generator-aware-row-scaling/results-revision/r3-hyperparam/simple-gurobi-1pct/win9/resultados/caso20c_base_postprocesado.csv,/clusteruy/home/mathiasr/generator-aware-row-scaling/results-revision/r3-hyperparam/simple-gurobi-1pct/win9/logs/caso20c_base.log
caso20c.txt,estructurado,OK,0,1.319788316,0.913844808436512,-300460901.5842587,-299893000.0,OPTIMAL,-303206647.93476796,1.0,0.0,0.28,14400.0,10800.0,35590.0,11760.0,9216.0,31581.0,18.333333333333332,14.666666666666666,11.26440011239112,1,Model contains large bounds,1e-05,40000.0,0.005,3000.0,3.0,80000.0,1.0,10000000000.0,0.005999999999999999,1.0,1.904761904761905e-05,1.0,2692000000000.0,6928000000.0,0.0002368,1.0,0.075389777,1.395178093,1.321043222510238,1.321043222510238,1.2496593938419875,0.075389777,0.05712262798968438,1.1436507296735954e-10,-0.00033915042877197266,-1.12876726051242e-12,-22000.0,-7.336488023183302e-05,0.005999999999999999,0.002573551263001486,506708.0,,0.00944166622924923,1.0,,,,1.0,1.032992,0.364127733282812,,,,,,,,OK,REVISAR,6.22367369942367e-05,0.0,2.980232238769531e-07,79954797.2495837,0.0,2.32654336748457e-08,2.60770320892334e-08,4.35709953308107e-07,2.83122062683105e-07,624386.490513913,1.93295198672224,26286033.5081391,79954797.2495837,7.27595761418343e-12,0.0,6.22367369942367e-05,0.0,0.0,0.0,0.0,0.0,14.0,0.0,0.0,0.0,0.0,-300460901.584259,2206.0631954258,0.0,79954797.2495837,0.0,0.0,0.0,888.0,0.0,1015.0,0.0,0.0,0.0,0.0,-299892763.406625,-300460901.584259,-0.0003394484519958496,1.129759147384575e-12,igual,1.3709068298339844e-06,DIFIERE,32.249000000000024,8,/clusteruy/home/mathiasr/generator-aware-row-scaling/results-revision/r3-hyperparam/simple-gurobi-1pct/win9/resultados/caso20c_estructurado.csv,/clusteruy/home/mathiasr/generator-aware-row-scaling/results-revision/r3-hyperparam/simple-gurobi-1pct/win9/resultados/caso20c_estructurado_postprocesado.csv,/clusteruy/home/mathiasr/generator-aware-row-scaling/results-revision/r3-hyperparam/simple-gurobi-1pct/win9/logs/caso20c_estructurado.log
caso20d.txt,base,OK,0,2.661557516,0.910995546010045,-251730347.17625654,-252291000.0,OPTIMAL,-254023599.42698786,1.0,10582.0,0.27,14400.0,10800.0,35590.0,11904.0,9163.0,31849.0,17.333333333333332,15.157407407407407,10.51137960101152,4,Model contains large bounds | Model contains large matrix coefficients | Model contains large rhs | max constraint violation (1.3025e-06) exceeds tolerance,0.003,2000000000.0,0.003,2000.0,5.0,7000000000.0,1.0,10000000000.0,,,,,,,,,0.0,2.661557516,1.0,1.0,1.0,0.0,0.0,0.0,,,0.0,,,,32183047.58061,,,2.317174,,,,2.317174,1.0,0.195937085704127,,,,,,,,BASE,BASE,,,,,,3.14427031785661e-09,1.45519152283669e-11,9.40682366490365e-08,2.49594449996948e-07,215635.322346077,4.62411202328103,12403500.8640162,21997495.2435326,7.27595761418343e-12,0.0,1.30245462059975e-06,0.0,0.0,0.0,0.0,0.0,2.0,0.0,0.0,0.0,0.0,-251730347.176257,1883.41397954262,0.0,21997495.2435326,0.0,0.0,0.0,1534.0,0.0,1072.0,0.0,0.0,0.0,0.0,-252290860.059902,,,,,,BASE,0.0,0,/clusteruy/home/mathiasr/generator-aware-row-scaling/results-revision/r3-hyperparam/simple-gurobi-1pct/win9/resultados/caso20d_base.csv,/clusteruy/home/mathiasr/generator-aware-row-scaling/results-revision/r3-hyperparam/simple-gurobi-1pct/win9/resultados/caso20d_base_postprocesado.csv,/clusteruy/home/mathiasr/generator-aware-row-scaling/results-revision/r3-hyperparam/simple-gurobi-1pct/win9/logs/caso20d_base.log
caso20d.txt,estructurado,OK,0,2.839737783,0.910995546010188,-251730347.17625612,-252291000.0,OPTIMAL,-254023599.4269878,1.0,11122.0,0.28,14400.0,10800.0,35590.0,11904.0,9163.0,31849.0,17.333333333333332,15.157407407407407,10.51137960101152,1,Model contains large bounds,1e-05,40000.0,0.003,2000.0,3.0,80000.0,1.0,10000000000.0,0.005999999999999999,1.0,1.904761904761905e-05,1.0,2692000000000.0,6928000000.0,0.0002368,1.0,0.074350095,2.914087878,0.9372546760948597,0.9372546760948597,0.9133415419944998,0.074350095,0.026182028300322124,-1.4299672557172016e-13,4.172325134277344e-07,1.6574581416502657e-15,0.0,0.0,0.005999999999999999,0.002573551263001486,3118648.0,,0.09690343937094875,3.0,,,,3.0,0.7723913333333333,0.193793007068548,,,,,,,,REVISAR,REVISAR,0.000142483040690422,0.0,1.1920928955078125e-07,21997495.2435304,0.0,2.99963110859419e-08,1.86264514923096e-08,3.57276294380429e-07,0.000142483040690422,215635.32234607,4.62411202328103,12403500.8640144,21997495.2435304,2.18278728425503e-11,0.0,0.000142483040690422,0.0,0.0,0.0,0.0,0.0,27.0,0.0,0.0,0.0,0.0,-251730347.176256,1883.41397954262,0.0,21997495.2435304,0.0,0.0,0.0,1534.0,0.0,1099.0,0.0,0.0,0.0,0.0,-252290860.059902,-251730347.176256,5.364418029785156e-07,2.1310176106931986e-15,igual,5.960464477539063e-08,OK,0.0,0,/clusteruy/home/mathiasr/generator-aware-row-scaling/results-revision/r3-hyperparam/simple-gurobi-1pct/win9/resultados/caso20d_estructurado.csv,/clusteruy/home/mathiasr/generator-aware-row-scaling/results-revision/r3-hyperparam/simple-gurobi-1pct/win9/resultados/caso20d_estructurado_postprocesado.csv,/clusteruy/home/mathiasr/generator-aware-row-scaling/results-revision/r3-hyperparam/simple-gurobi-1pct/win9/logs/caso20d_estructurado.log
caso20e.txt,base,OK,0,2.757434474,0.237282327530905,-268930662.54196906,-269501000.0,OPTIMAL,-269568787.4774929,1.0,11513.0,0.27,14400.0,10800.0,35590.0,11904.0,9163.0,31849.0,17.333333333333332,15.157407407407407,10.51137960101152,5,Model contains large bounds | Model contains large matrix coefficients | Model contains large rhs | max constraint violation (2.3665e-06) exceeds tolerance | switch to quad precision,0.003,2000000000.0,0.003,2000.0,5.0,7000000000.0,1.0,10000000000.0,,,,,,,,,0.0,2.757434474,1.0,1.0,1.0,0.0,0.0,0.0,,,0.0,,,,68337127.790903,,,2.508165,,,,2.508165,1.0,0.181066740671467,,,,,,,,BASE,BASE,,,,,,3.4307899606342e-09,1.67335478806761e-11,9.31322574615479e-08,3.48314642906189e-07,208286.997663123,4.76334093602788,11903364.2335583,21979479.4492801,7.27595761418343e-12,0.0,2.36649066209793e-06,0.0,0.0,0.0,0.0,0.0,3.0,0.0,0.0,0.0,0.0,-268930662.541969,2060.81561026878,0.0,21979479.4492801,0.0,0.0,0.0,1572.0,0.0,1064.0,0.0,0.0,0.0,0.0,-269500957.398539,,,,,,BASE,0.0,0,/clusteruy/home/mathiasr/generator-aware-row-scaling/results-revision/r3-hyperparam/simple-gurobi-1pct/win9/resultados/caso20e_base.csv,/clusteruy/home/mathiasr/generator-aware-row-scaling/results-revision/r3-hyperparam/simple-gurobi-1pct/win9/resultados/caso20e_base_postprocesado.csv,/clusteruy/home/mathiasr/generator-aware-row-scaling/results-revision/r3-hyperparam/simple-gurobi-1pct/win9/logs/caso20e_base.log
caso20e.txt,estructurado,OK,0,2.495034609,0.237282327530972,-268930662.54196894,-269501000.0,OPTIMAL,-269568787.477493,1.0,9913.0,0.28,14400.0,10800.0,35590.0,11904.0,9163.0,31849.0,17.333333333333332,15.157407407407407,10.51137960101152,1,Model contains large bounds,1e-05,40000.0,0.003,2000.0,3.0,80000.0,1.0,10000000000.0,0.005999999999999999,1.0,1.904761904761905e-05,1.0,2692000000000.0,6928000000.0,0.0002368,1.0,0.074653903,2.5696885120000004,1.105168827740297,1.105168827740297,1.0730617587008147,0.074653903,0.029920988963724627,-6.70019595361282e-14,1.1920928955078125e-07,4.4327146790923317e-16,0.0,0.0,0.005999999999999999,0.002573551263001486,5149743.0,,0.07535790816021874,2.0,,,,2.0,1.2540825,0.214543081639998,,,,,,,,OK,REVISAR,6.59376382827759e-06,0.0,5.960464477539063e-08,21979479.4492752,0.0,1.53918700308369e-08,2.04890966415405e-08,3.38081736117602e-07,3.27825546264648e-07,208286.997663087,4.76334093602793,11903364.2335542,21979479.4492752,2.18278728425503e-11,0.0,6.59376382827759e-06,0.0,0.0,0.0,0.0,0.0,18.0,0.0,0.0,0.0,0.0,-268930662.541969,2060.81561026879,0.0,21979479.4492752,0.0,0.0,0.0,1572.0,0.0,1082.0,0.0,0.0,0.0,0.0,-269500957.398539,-268930662.541969,5.960464477539063e-08,2.2163573395461658e-16,igual,-5.960464477539063e-08,OK,0.0,0,/clusteruy/home/mathiasr/generator-aware-row-scaling/results-revision/r3-hyperparam/simple-gurobi-1pct/win9/resultados/caso20e_estructurado.csv,/clusteruy/home/mathiasr/generator-aware-row-scaling/results-revision/r3-hyperparam/simple-gurobi-1pct/win9/resultados/caso20e_estructurado_postprocesado.csv,/clusteruy/home/mathiasr/generator-aware-row-scaling/results-revision/r3-hyperparam/simple-gurobi-1pct/win9/logs/caso20e_estructurado.log
caso20f.txt,base,OK,0,3.549166444,0.095311141415576,-261315135.66646296,-261471000.0,OPTIMAL,-261564198.10495833,1.0,11403.0,0.27,14400.0,10800.0,35590.0,11904.0,9163.0,31849.0,17.333333333333332,15.157407407407407,10.51137960101152,3,Model contains large bounds | Model contains large matrix coefficients | Model contains large rhs,0.003,2000000000.0,0.005,2000.0,5.0,7000000000.0,1.0,10000000000.0,,,,,,,,,0.0,3.549166444,1.0,1.0,1.0,0.0,0.0,0.0,,,0.0,,,,56674456.295359,,,3.640973,,,,3.640973,1.0,0.86359897390112,,,,,,,,BASE,BASE,,,,,,2.54246215537397e-09,1.83532078423807e-12,8.19563865661621e-08,2.79396772384644e-07,1086067.72349227,6.57706975762921,54065959.844933,780153252.689257,9.5367431640625e-07,0.0,5.00120222568512e-07,0.0,0.0,0.0,0.0,0.0,0.0,0.0,0.0,0.0,0.0,-261315135.666463,1212.24447662869,0.0,780153252.689257,0.0,0.0,0.0,982.0,0.0,1030.0,0.0,0.0,0.0,0.0,-261471433.519078,,,,,,BASE,0.0,0,/clusteruy/home/mathiasr/generator-aware-row-scaling/results-revision/r3-hyperparam/simple-gurobi-1pct/win9/resultados/caso20f_base.csv,/clusteruy/home/mathiasr/generator-aware-row-scaling/results-revision/r3-hyperparam/simple-gurobi-1pct/win9/resultados/caso20f_base_postprocesado.csv,/clusteruy/home/mathiasr/generator-aware-row-scaling/results-revision/r3-hyperparam/simple-gurobi-1pct/win9/logs/caso20f_base.log
caso20f.txt,estructurado,OK,0,2.638279334,0.494186498077623,-260277966.63457465,-260855000.0,OPTIMAL,-261564225.2031537,1.0,10842.0,0.28,14400.0,10800.0,35590.0,11904.0,9163.0,31849.0,17.333333333333332,15.157407407407407,10.51137960101152,1,Model contains large bounds,1e-05,40000.0,0.005,2000.0,3.0,80000.0,1.0,10000000000.0,0.005999999999999999,1.0,1.904761904761905e-05,1.0,2692000000000.0,6928000000.0,0.0002368,1.0,0.074778301,2.7130576349999997,1.3452580241452174,1.3452580241452174,1.3081795234327929,0.074778301,0.028343587442132466,-0.398875356662047,1037169.0318883061,0.003969035430125741,616000.0,0.002355901801729446,0.005999999999999999,0.002573551263001486,4453850.0,,0.07858655011684197,2.0,,,,2.0,1.8204865,0.205625385691471,,,,,,,,REVISAR,REVISAR,0.000108223408460617,0.0,3.5762786865234375e-07,21997495.2435285,0.0,2.5960268411957e-08,2.05705873668182e-08,4.15015965700152e-07,0.000108223408460617,214549.733738997,4.88316556267965,12367389.4814494,21997495.2435285,2.18278728425503e-11,0.0,0.000108223408460617,0.0,0.0,0.0,0.0,0.0,30.0,0.0,0.0,0.0,0.0,-260277966.634575,1883.41397954262,0.0,21997495.2435285,0.0,0.0,0.0,1553.0,0.0,1098.0,0.0,0.0,0.0,0.0,-260855138.498643,-260277966.634575,1037169.0318879485,0.003969035430124372,empeora,-27.098195374011993,DIFIERE,392360000.0,7467,/clusteruy/home/mathiasr/generator-aware-row-scaling/results-revision/r3-hyperparam/simple-gurobi-1pct/win9/resultados/caso20f_estructurado.csv,/clusteruy/home/mathiasr/generator-aware-row-scaling/results-revision/r3-hyperparam/simple-gurobi-1pct/win9/resultados/caso20f_estructurado_postprocesado.csv,/clusteruy/home/mathiasr/generator-aware-row-scaling/results-revision/r3-hyperparam/simple-gurobi-1pct/win9/logs/caso20f_estructurado.log
caso21a.txt,base,OK,0,1.238171526,0.814854954418154,-266485311.23951352,-266072000.0,OPTIMAL,-268656780.0009453,1.0,0.0,0.24,14400.0,10800.0,35590.0,10779.0,8749.0,28573.0,25.145833333333332,18.99074074074074,19.71621241921888,3,Model contains large bounds | Model contains large matrix coefficients | Model contains large rhs,0.003,2000000000.0,0.003,3000.0,5.0,7000000000.0,1.0,10000000000.0,,,,,,,,,0.0,1.238171526,1.0,1.0,1.0,0.0,0.0,0.0,,,0.0,,,,24527545.230028,,,0.946218,,,,0.946218,1.0,0.368496898214336,,,,,,,,BASE,BASE,,,,,,5.16025072670483e-09,2.02435165852498e-11,1.63912773132324e-07,8.60076397657394e-07,841700.76141686,1.18471601392856,33632539.7291445,342283619.090586,1.13686837721616e-13,0.0,8.68458300828934e-07,0.0,0.0,0.0,0.0,0.0,0.0,0.0,0.0,0.0,0.0,-266485311.239514,1675.97392683924,0.0,342283619.090586,0.0,0.0,0.0,590.0,0.0,877.0,0.0,0.0,0.0,0.0,-266072051.035228,,,,,,BASE,0.0,0,/clusteruy/home/mathiasr/generator-aware-row-scaling/results-revision/r3-hyperparam/simple-gurobi-1pct/win9/resultados/caso21a_base.csv,/clusteruy/home/mathiasr/generator-aware-row-scaling/results-revision/r3-hyperparam/simple-gurobi-1pct/win9/resultados/caso21a_base_postprocesado.csv,/clusteruy/home/mathiasr/generator-aware-row-scaling/results-revision/r3-hyperparam/simple-gurobi-1pct/win9/logs/caso21a_base.log
caso21a.txt,estructurado,OK,0,1.300338126,0.814801875509929,-266485451.5438053,-266025000.0,OPTIMAL,-268656780.0009453,1.0,0.0,0.25,14400.0,10800.0,35590.0,10780.0,8750.0,28463.0,25.13888888888889,18.98148148148148,20.025288002247823,1,Model contains large bounds,1e-05,40000.0,0.003,3000.0,0.4,90000.0,1.0,10000000000.0,0.005999999999999999,1.0,0.0001607142857142857,1.0,2802000000000.0,7345000000.0,0.0002279,1.0,0.074546915,1.374885041,0.952191973182212,0.952191973182212,0.9005636755633302,0.074546915,0.0573288697066166,5.3078908225034915e-05,-140.30429178476334,-5.264991572412022e-07,47000.0,0.00017664391593252954,0.005999999999999999,0.0026213418986438257,201206.0,,0.008203266903109093,1.0,,,,1.0,0.946218,0.369923404636757,,,,,,,,OK,REVISAR,1.77090987563133e-06,0.0,2.980232238769531e-07,332656826.244814,0.0,1.35809282777186e-08,1.86264514923096e-08,4.07001934945584e-07,1.42259523272514e-06,853922.84263375,1.10638048926367,33475216.817362,332656826.244814,1.81898940354586e-12,0.0,1.77090987563133e-06,0.0,0.0,0.0,0.0,0.0,11.0,0.0,0.0,0.0,0.0,-266485451.543805,1675.97392683924,0.0,332656826.244814,0.0,0.0,0.0,567.0,0.0,889.0,0.0,0.0,0.0,0.0,-266025076.031262,-266485451.543805,-140.3042914867401,5.264991561228546e-07,igual,0.0,DIFIERE,2380000.0,2049,/clusteruy/home/mathiasr/generator-aware-row-scaling/results-revision/r3-hyperparam/simple-gurobi-1pct/win9/resultados/caso21a_estructurado.csv,/clusteruy/home/mathiasr/generator-aware-row-scaling/results-revision/r3-hyperparam/simple-gurobi-1pct/win9/resultados/caso21a_estructurado_postprocesado.csv,/clusteruy/home/mathiasr/generator-aware-row-scaling/results-revision/r3-hyperparam/simple-gurobi-1pct/win9/logs/caso21a_estructurado.log
caso21b.txt,base,OK,0,1.833833351,0.012162693454312,-282321296.448361,-281239000.0,OPTIMAL,-282355634.32220423,1.0,9711.0,0.24,14400.0,10800.0,35590.0,10779.0,8749.0,28573.0,25.145833333333332,18.99074074074074,19.71621241921888,4,Model contains large bounds | Model contains large matrix coefficients | Model contains large rhs | max constraint violation (1.1071e-06) exceeds tolerance,0.003,2000000000.0,0.003,3000.0,5.0,7000000000.0,1.0,10000000000.0,,,,,,,,,0.0,1.833833351,1.0,1.0,1.0,0.0,0.0,0.0,,,0.0,,,,35406535.989988,,,1.857068,,,,1.857068,1.0,0.220554463914018,,,,,,,,BASE,BASE,,,,,,5.12306667058057e-09,2.3283064365387e-10,1.4098477549851e-07,1.10710971057415e-06,496237.945809782,1.15043943365263,23093489.3975513,59686593.3628225,1.4210854715202e-14,0.0,1.10710971057415e-06,0.0,0.0,0.0,0.0,0.0,1.0,0.0,0.0,0.0,0.0,-282321296.448361,2278.67993514489,0.0,59686593.3628225,0.0,0.0,0.0,761.0,0.0,890.0,0.0,0.0,0.0,0.0,-281239008.536479,,,,,,BASE,0.0,0,/clusteruy/home/mathiasr/generator-aware-row-scaling/results-revision/r3-hyperparam/simple-gurobi-1pct/win9/resultados/caso21b_base.csv,/clusteruy/home/mathiasr/generator-aware-row-scaling/results-revision/r3-hyperparam/simple-gurobi-1pct/win9/resultados/caso21b_base_postprocesado.csv,/clusteruy/home/mathiasr/generator-aware-row-scaling/results-revision/r3-hyperparam/simple-gurobi-1pct/win9/logs/caso21b_base.log
caso21b.txt,estructurado,OK,0,1.855052909,0.012141313231547,-282321356.8020369,-281238000.0,OPTIMAL,-282355634.3222858,1.0,9144.0,0.25,14400.0,10800.0,35590.0,10780.0,8750.0,28463.0,25.13888888888889,18.98148148148148,20.025288002247823,1,Model contains large bounds,1e-05,40000.0,0.003,3000.0,0.4,90000.0,1.0,10000000000.0,0.005999999999999999,1.0,0.0001607142857142857,1.0,2802000000000.0,7345000000.0,0.0002279,1.0,0.074088468,1.929141377,0.9885612114365844,0.9885612114365844,0.9505956239722496,0.074088468,0.03993873578513658,2.1380222765000553e-05,-60.3536759018898,-2.1377656117744916e-07,1000.0,3.555694622723022e-06,0.005999999999999999,0.0026213418986438257,361110.0,,0.010198964397480512,2.0,,,,2.0,0.928534,0.217675031439439,,,,,,,,OK,REVISAR,1.44541263580322e-06,0.0,1.1920928955078125e-07,59688738.4205718,0.0,1.34467813311972e-08,2.60770320892334e-08,4.15426329709596e-07,1.41840428113937e-06,496313.437531727,1.13850798572625,23094584.3448032,59688738.4205718,3.63797880709171e-12,0.0,1.44541263580322e-06,0.0,0.0,0.0,0.0,0.0,5.0,0.0,0.0,0.0,0.0,-282321356.802037,2278.67993514489,0.0,59688738.4205718,0.0,0.0,0.0,756.0,0.0,894.0,0.0,0.0,0.0,0.0,-281238263.14737,-282321356.802037,-60.35367602109909,2.1377656159969606e-07,igual,-8.153915405273438e-05,DIFIERE,20000.0,1239,/clusteruy/home/mathiasr/generator-aware-row-scaling/results-revision/r3-hyperparam/simple-gurobi-1pct/win9/resultados/caso21b_estructurado.csv,/clusteruy/home/mathiasr/generator-aware-row-scaling/results-revision/r3-hyperparam/simple-gurobi-1pct/win9/resultados/caso21b_estructurado_postprocesado.csv,/clusteruy/home/mathiasr/generator-aware-row-scaling/results-revision/r3-hyperparam/simple-gurobi-1pct/win9/logs/caso21b_estructurado.log
caso21c.txt,base,OK,0,1.95171198,0.01031810219823,-274303163.31282234,-274080000.0,OPTIMAL,-274331466.19354594,1.0,9464.0,0.24,14400.0,10800.0,35590.0,10779.0,8749.0,28573.0,25.145833333333332,18.99074074074074,19.71621241921888,3,Model contains large bounds | Model contains large matrix coefficients | Model contains large rhs,0.003,2000000000.0,0.005,3000.0,5.0,7000000000.0,1.0,10000000000.0,,,,,,,,,0.0,1.95171198,1.0,1.0,1.0,0.0,0.0,0.0,,,0.0,,,,41561833.913344,,,1.837523,,,,1.837523,1.0,0.2179746574246,,,,,,,,BASE,BASE,,,,,,5.02377730648338e-09,1.94744442794095e-11,1.55065208673477e-07,9.11997631192207e-07,853311.223762182,1.02136748574719,33643674.142269,332662562.905521,3.63797880709171e-12,0.0,9.11997631192207e-07,0.0,0.0,0.0,0.0,0.0,0.0,0.0,0.0,0.0,0.0,-274303163.312822,2282.2610760142,0.0,332662562.905521,0.0,0.0,0.0,584.0,0.0,878.0,0.0,0.0,0.0,0.0,-274079917.229095,,,,,,BASE,0.0,0,/clusteruy/home/mathiasr/generator-aware-row-scaling/results-revision/r3-hyperparam/simple-gurobi-1pct/win9/resultados/caso21c_base.csv,/clusteruy/home/mathiasr/generator-aware-row-scaling/results-revision/r3-hyperparam/simple-gurobi-1pct/win9/resultados/caso21c_base_postprocesado.csv,/clusteruy/home/mathiasr/generator-aware-row-scaling/results-revision/r3-hyperparam/simple-gurobi-1pct/win9/logs/caso21c_base.log
caso21c.txt,estructurado,OK,0,1.981379731,0.010316615753247,-274303167.3897673,-274076000.0,OPTIMAL,-274331466.1935459,1.0,9277.0,0.26,14400.0,10800.0,35590.0,10780.0,8750.0,28463.0,25.13888888888889,18.98148148148148,20.025288002247823,1,Model contains large bounds,1e-05,40000.0,0.005,3000.0,0.4,90000.0,1.0,10000000000.0,0.005999999999999999,1.0,0.0001607142857142857,1.0,2802000000000.0,7345000000.0,0.0002279,1.0,0.074568795,2.055948526,0.9850267212610342,0.9850267212610342,0.9493000215317648,0.074568795,0.037634782385890866,1.486444982998561e-06,-4.076944947242737,-1.4862916263905001e-08,4000.0,1.4594279042615294e-05,0.005999999999999999,0.0026213418986438257,300285.0,,0.007225018044826683,2.0,,,,2.0,0.9187615,0.206330298555427,,,,,,,,OK,REVISAR,1.42352655529976e-06,0.0,2.980232238769531e-07,332662496.645283,0.0,1.31415263332216e-08,2.05123797059056e-08,3.90985514968635e-07,9.11764800548553e-07,853311.089440149,1.01373605402093,33643674.1422687,332662496.645283,3.63797880709171e-12,0.0,1.42352655529976e-06,0.0,0.0,0.0,0.0,0.0,6.0,0.0,0.0,0.0,0.0,-274303167.389767,2282.26107601421,0.0,332662496.645283,0.0,0.0,0.0,576.0,0.0,884.0,0.0,0.0,0.0,0.0,-274076401.297779,-274303167.389767,-4.076944649219513,1.4862915177431115e-08,igual,5.960464477539063e-08,DIFIERE,10000.0,100,/clusteruy/home/mathiasr/generator-aware-row-scaling/results-revision/r3-hyperparam/simple-gurobi-1pct/win9/resultados/caso21c_estructurado.csv,/clusteruy/home/mathiasr/generator-aware-row-scaling/results-revision/r3-hyperparam/simple-gurobi-1pct/win9/resultados/caso21c_estructurado_postprocesado.csv,/clusteruy/home/mathiasr/generator-aware-row-scaling/results-revision/r3-hyperparam/simple-gurobi-1pct/win9/logs/caso21c_estructurado.log
caso21d.txt,base,OK,0,2.037189395,0.745710703418063,-233591399.6274703,-235780000.0,OPTIMAL,-235333315.69675642,1.0,11099.0,0.24,14400.0,10800.0,35590.0,10976.0,8743.0,28973.0,23.77777777777778,19.046296296296298,18.592301208204553,3,Model contains large bounds | Model contains large matrix coefficients | Model contains large rhs,0.003,2000000000.0,0.003,2000.0,5.0,7000000000.0,1.0,10000000000.0,,,,,,,,,0.0,2.037189395,1.0,1.0,1.0,0.0,0.0,0.0,,,0.0,,,,49149235.108566,,,2.019002,,,,2.019002,1.0,0.217984925162347,,,,,,,,BASE,BASE,,,,,,2.79846393379593e-09,3.5527136788005e-14,9.26665961742401e-08,2.38418579101562e-07,2038440.75060072,4.84145415513005,49985352.7568097,728477866.313913,3.63797880709171e-12,0.0,4.76837158203125e-07,0.0,0.0,0.0,0.0,0.0,0.0,0.0,0.0,0.0,0.0,-233591399.62747,2629.63174033773,0.0,728477866.313913,0.0,0.0,0.0,828.0,0.0,999.0,0.0,0.0,0.0,0.0,-235779556.499955,,,,,,BASE,0.0,0,/clusteruy/home/mathiasr/generator-aware-row-scaling/results-revision/r3-hyperparam/simple-gurobi-1pct/win9/resultados/caso21d_base.csv,/clusteruy/home/mathiasr/generator-aware-row-scaling/results-revision/r3-hyperparam/simple-gurobi-1pct/win9/resultados/caso21d_base_postprocesado.csv,/clusteruy/home/mathiasr/generator-aware-row-scaling/results-revision/r3-hyperparam/simple-gurobi-1pct/win9/logs/caso21d_base.log
caso21d.txt,estructurado,OK,0,2.019082154,0.882991881943649,-233273755.23799378,-235871000.0,OPTIMAL,-235333543.55945036,1.0,9929.0,0.26,14400.0,10800.0,35590.0,10977.0,8744.0,28863.0,23.770833333333332,19.037037037037038,18.901376791233492,1,Model contains large bounds,1e-05,40000.0,0.003,2000.0,0.4,90000.0,1.0,10000000000.0,0.005999999999999999,1.0,0.0001607142857142857,1.0,2802000000000.0,7345000000.0,0.0002279,1.0,0.074595316,2.09367747,1.0089680555910654,1.0089680555910654,0.9730196862652394,0.074595316,0.036945161370585816,-0.13728117852558597,317644.3894765377,0.0013598291289110575,-91000.0,-0.00038595300704046144,0.005999999999999999,0.0026213418986438257,3633955.0,,0.07393716284643978,2.0,,,,2.0,1.009501,0.206681555574627,,,,,,,,OK,REVISAR,2.14576721191406e-06,0.0,2.086162567138672e-07,825438361.04574,0.0,1.24613787711498e-08,7.47386366128888e-09,2.39117071032524e-07,1.43051147460938e-06,2260069.00421279,6.48921335732264,52093069.9546386,825438361.04574,7.27595761418343e-12,0.0,2.14576721191406e-06,0.0,0.0,0.0,0.0,0.0,4.0,0.0,0.0,0.0,0.0,-233273755.237994,2629.63174033773,0.0,825438361.04574,0.0,0.0,0.0,738.0,0.0,1003.0,0.0,0.0,0.0,0.0,-235871053.559304,-233273755.237994,317644.3894763291,0.0013598291289101646,empeora,-227.8626939356327,DIFIERE,38270000.0,4510,/clusteruy/home/mathiasr/generator-aware-row-scaling/results-revision/r3-hyperparam/simple-gurobi-1pct/win9/resultados/caso21d_estructurado.csv,/clusteruy/home/mathiasr/generator-aware-row-scaling/results-revision/r3-hyperparam/simple-gurobi-1pct/win9/resultados/caso21d_estructurado_postprocesado.csv,/clusteruy/home/mathiasr/generator-aware-row-scaling/results-revision/r3-hyperparam/simple-gurobi-1pct/win9/logs/caso21d_estructurado.log
caso21e.txt,base,OK,0,2.562715154,0.715311886323157,-248695493.7626289,-248869000.0,OPTIMAL,-250474442.19026306,1.0,12773.0,0.24,14400.0,10800.0,35590.0,10976.0,8743.0,28973.0,23.77777777777778,19.046296296296298,18.592301208204553,4,Model contains large bounds | Model contains large matrix coefficients | Model contains large rhs | switch to quad precision,0.003,2000000000.0,0.003,2000.0,5.0,7000000000.0,1.0,10000000000.0,,,,,,,,,0.0,2.562715154,1.0,1.0,1.0,0.0,0.0,0.0,,,0.0,,,,45770765.650002,,,2.489145,,,,2.489145,1.0,0.196990643889429,,,,,,,,BASE,BASE,,,,,,3.62481460179681e-09,7.27595761418343e-12,1.08033418655396e-07,9.76026058197021e-07,191809.064622751,3.52784327981809,7722051.58387722,20695007.4692607,7.27595761418343e-12,0.0,9.76026058197021e-07,0.0,0.0,0.0,0.0,0.0,0.0,0.0,0.0,0.0,0.0,-248695493.762629,2143.31281028481,0.0,20695007.4692607,0.0,0.0,0.0,1328.0,0.0,1004.0,0.0,0.0,0.0,0.0,-248869335.305127,,,,,,BASE,0.0,0,/clusteruy/home/mathiasr/generator-aware-row-scaling/results-revision/r3-hyperparam/simple-gurobi-1pct/win9/resultados/caso21e_base.csv,/clusteruy/home/mathiasr/generator-aware-row-scaling/results-revision/r3-hyperparam/simple-gurobi-1pct/win9/resultados/caso21e_base_postprocesado.csv,/clusteruy/home/mathiasr/generator-aware-row-scaling/results-revision/r3-hyperparam/simple-gurobi-1pct/win9/logs/caso21e_base.log
caso21e.txt,estructurado,OK,0,2.12212668,0.898345370525658,-248244613.73593348,-248408000.0,OPTIMAL,-250474707.73100954,1.0,10649.0,0.26,14400.0,10800.0,35590.0,10977.0,8744.0,28863.0,23.770833333333332,19.037037037037038,18.901376791233492,1,Model contains large bounds,1e-05,40000.0,0.003,2000.0,0.4,90000.0,1.0,10000000000.0,0.005999999999999999,1.0,0.0001607142857142857,1.0,2802000000000.0,7345000000.0,0.0002279,1.0,0.075936965,2.198063645,1.2076164812177943,1.2076164812177943,1.1658967017763493,0.075936965,0.03578342693472003,-0.18303348420250098,450880.0266954303,0.0018129802831320272,461000.0,0.0018523801678794868,0.005999999999999999,0.0026213418986438257,22358085.0,,0.48847959352410397,2.0,,,,2.0,1.2445725,0.223207916758633,,,,,,,,OK,REVISAR,1.90781429409981e-06,0.0,4.76837158203125e-07,21062921.6576592,0.0,1.3392901958919e-08,2.42143869400024e-08,3.52999195456505e-07,9.5367431640625e-07,196714.819442381,3.56453365489567,7861617.14570598,21062921.6576592,7.27595761418343e-12,0.0,1.90781429409981e-06,0.0,0.0,0.0,0.0,0.0,10.0,0.0,0.0,0.0,0.0,-248244613.735933,2155.48868924047,0.0,21062921.6576592,0.0,0.0,0.0,1322.0,0.0,1015.0,0.0,0.0,0.0,0.0,-248408126.046223,-248244613.735933,450880.0266959071,0.0018129802831339445,empeora,-265.5407464802265,DIFIERE,5280000.0,4020,/clusteruy/home/mathiasr/generator-aware-row-scaling/results-revision/r3-hyperparam/simple-gurobi-1pct/win9/resultados/caso21e_estructurado.csv,/clusteruy/home/mathiasr/generator-aware-row-scaling/results-revision/r3-hyperparam/simple-gurobi-1pct/win9/resultados/caso21e_estructurado_postprocesado.csv,/clusteruy/home/mathiasr/generator-aware-row-scaling/results-revision/r3-hyperparam/simple-gurobi-1pct/win9/logs/caso21e_estructurado.log
caso21f.txt,base,OK,0,1.927961394,0.728324794070693,-240685648.69087347,-241267000.0,OPTIMAL,-242438621.946059,1.0,11614.0,0.24,14400.0,10800.0,35590.0,10976.0,8743.0,28973.0,23.77777777777778,19.046296296296298,18.592301208204553,3,Model contains large bounds | Model contains large matrix coefficients | Model contains large rhs,0.003,2000000000.0,0.005,2000.0,5.0,7000000000.0,1.0,10000000000.0,,,,,,,,,0.0,1.927961394,1.0,1.0,1.0,0.0,0.0,0.0,,,0.0,,,,45721437.345993,,,1.847072,,,,1.847072,1.0,0.235954822807784,,,,,,,,BASE,BASE,,,,,,3.08266538655713e-09,2.63256083599112e-13,9.82591882348062e-08,8.43778252601624e-07,1071823.02918,3.77887650146006,30985531.17902,395824676.960353,3.63797880709171e-12,0.0,8.43778252601624e-07,0.0,0.0,0.0,0.0,0.0,0.0,0.0,0.0,0.0,0.0,-240685648.690873,2285.12598870966,0.0,395824676.960353,0.0,0.0,0.0,864.0,0.0,999.0,0.0,0.0,0.0,0.0,-241267062.795347,,,,,,BASE,0.0,0,/clusteruy/home/mathiasr/generator-aware-row-scaling/results-revision/r3-hyperparam/simple-gurobi-1pct/win9/resultados/caso21f_base.csv,/clusteruy/home/mathiasr/generator-aware-row-scaling/results-revision/r3-hyperparam/simple-gurobi-1pct/win9/resultados/caso21f_base_postprocesado.csv,/clusteruy/home/mathiasr/generator-aware-row-scaling/results-revision/r3-hyperparam/simple-gurobi-1pct/win9/logs/caso21f_base.log
caso21f.txt,estructurado,OK,0,1.861966372,0.855310774469482,-240382932.98021504,-241469000.0,OPTIMAL,-242438954.10598058,1.0,9929.0,0.25,14400.0,10800.0,35590.0,10977.0,8744.0,28863.0,23.770833333333332,19.037037037037038,18.901376791233492,1,Model contains large bounds,1e-05,40000.0,0.005,2000.0,0.4,90000.0,1.0,10000000000.0,0.005999999999999999,1.0,0.0001607142857142857,1.0,2802000000000.0,7345000000.0,0.0002279,1.0,0.074025039,1.9359914109999998,1.0354437238998644,1.0354437238998644,0.9958522455449056,0.074025039,0.03975637804913053,-0.12698598039878906,302715.71065843105,0.0012577223125057463,-202000.0,-0.0008372467017868171,0.005999999999999999,0.0026213418986438257,5531340.0,,0.12097913628878432,2.0,,,,2.0,0.923536,0.23833400603292,,,,,,,,OK,REVISAR,1.90781429409981e-06,0.0,2.9802322387695312e-08,825438361.04574,0.0,1.28486021230678e-08,8.85775079950675e-09,2.90826428681612e-07,1.64091761689633e-06,1476498.70110135,6.16326038324963,37907179.8497771,825438361.04574,7.27595761418343e-12,0.0,1.90781429409981e-06,0.0,0.0,0.0,0.0,0.0,6.0,0.0,0.0,0.0,0.0,-240382932.980215,2372.50582592093,0.0,825438361.04574,0.0,0.0,0.0,800.0,0.0,1005.0,0.0,0.0,0.0,0.0,-241469410.609606,-240382932.980215,302715.71065846086,0.00125772231250587,empeora,-332.1599215865135,DIFIERE,40450000.0,4956,/clusteruy/home/mathiasr/generator-aware-row-scaling/results-revision/r3-hyperparam/simple-gurobi-1pct/win9/resultados/caso21f_estructurado.csv,/clusteruy/home/mathiasr/generator-aware-row-scaling/results-revision/r3-hyperparam/simple-gurobi-1pct/win9/resultados/caso21f_estructurado_postprocesado.csv,/clusteruy/home/mathiasr/generator-aware-row-scaling/results-revision/r3-hyperparam/simple-gurobi-1pct/win9/logs/caso21f_estructurado.log
caso22a.txt,base,OK,0,1.542887048,0.003394296940838,-246385419.4709319,-249650000.0,OPTIMAL,-246393782.52368766,1.0,7447.0,0.24,14400.0,10800.0,35590.0,10764.0,8807.0,28458.0,25.25,18.453703703703702,20.039336892385503,3,Model contains large bounds | Model contains large matrix coefficients | Model contains large rhs,0.003,2000000000.0,0.003,3000.0,5.0,7000000000.0,1.0,10000000000.0,,,,,,,,,0.0,1.542887048,1.0,1.0,1.0,0.0,0.0,0.0,,,0.0,,,,4903422.063974,,,1.461141,,,,1.461141,1.0,0.253054760642354,,,,,,,,BASE,BASE,,,,,,3.43204215781044e-09,7.27595761418343e-12,1.00587494671345e-07,3.25962901115417e-07,1762108.97866089,1.02419940345873,58181707.9866861,728300247.963712,9.09494701772928e-13,0.0,4.76837158203125e-07,0.0,0.0,0.0,0.0,0.0,0.0,0.0,0.0,0.0,0.0,-246385419.470932,625.40849131054,0.0,728300247.963712,0.0,0.0,0.0,437.0,0.0,819.0,0.0,0.0,0.0,0.0,-249649972.531488,,,,,,BASE,0.0,0,/clusteruy/home/mathiasr/generator-aware-row-scaling/results-revision/r3-hyperparam/simple-gurobi-1pct/win9/resultados/caso22a_base.csv,/clusteruy/home/mathiasr/generator-aware-row-scaling/results-revision/r3-hyperparam/simple-gurobi-1pct/win9/resultados/caso22a_base_postprocesado.csv,/clusteruy/home/mathiasr/generator-aware-row-scaling/results-revision/r3-hyperparam/simple-gurobi-1pct/win9/logs/caso22a_base.log
caso22a.txt,estructurado,OK,0,1.63091648,0.003394471756499,-246385419.47093198,-249945000.0,OPTIMAL,-246393782.95440805,1.0,8806.0,0.25,14400.0,10800.0,35590.0,10766.0,8809.0,28461.0,25.23611111111111,18.435185185185187,20.030907558302893,1,Model contains large bounds,1e-05,40000.0,0.003,3000.0,0.4,80000.0,1.0,10000000000.0,0.005999999999999999,1.0,0.00014285714285714287,1.0,2757000000000.0,7181000000.0,0.0002312,1.0,0.074167553,1.7050840329999999,0.9460245616010944,0.9460245616010944,0.9048744918954972,0.074167553,0.04547599702959651,-1.7481566100003426e-07,-8.940696716308594e-08,-3.628744239617394e-16,-295000.0,-0.0011816543160424594,0.005999999999999999,0.0026046427276024665,66684.0,,0.013599481980132803,2.0,,,,2.0,0.7305705,0.243096186867569,,,,,,,,OK,REVISAR,1.3731187209487e-06,0.0,2.9802322387695312e-08,728300247.963713,0.0,1.23261046385708e-08,5.58793544769287e-09,3.67434695363045e-07,3.07336449623108e-07,1819663.84201937,0.951349760756835,59485563.6685001,728300247.963713,1.81898940354586e-12,0.0,1.3731187209487e-06,0.0,0.0,0.0,0.0,0.0,7.0,0.0,0.0,0.0,0.0,-246385419.470932,625.408491310536,0.0,728300247.963713,0.0,0.0,0.0,432.0,0.0,826.0,0.0,0.0,0.0,0.0,-249944756.231325,-246385419.470932,-1.1920928955078125e-07,4.838325652823192e-16,igual,-0.43072038888931274,DIFIERE,168.101,130,/clusteruy/home/mathiasr/generator-aware-row-scaling/results-revision/r3-hyperparam/simple-gurobi-1pct/win9/resultados/caso22a_estructurado.csv,/clusteruy/home/mathiasr/generator-aware-row-scaling/results-revision/r3-hyperparam/simple-gurobi-1pct/win9/resultados/caso22a_estructurado_postprocesado.csv,/clusteruy/home/mathiasr/generator-aware-row-scaling/results-revision/r3-hyperparam/simple-gurobi-1pct/win9/logs/caso22a_estructurado.log
caso22b.txt,base,OK,0,1.748455954,0.013771717815875,-261568875.85087782,-260885000.0,OPTIMAL,-261604898.37835416,1.0,9249.0,0.24,14400.0,10800.0,35590.0,10764.0,8807.0,28458.0,25.25,18.453703703703702,20.039336892385503,3,Model contains large bounds | Model contains large matrix coefficients | Model contains large rhs,0.003,2000000000.0,0.003,3000.0,5.0,7000000000.0,1.0,10000000000.0,,,,,,,,,0.0,1.748455954,1.0,1.0,1.0,0.0,0.0,0.0,,,0.0,,,,52389723.34869,,,1.693245,,,,1.693245,1.0,0.236715629313588,,,,,,,,BASE,BASE,,,,,,4.93894971748792e-09,1.86264514923096e-09,1.49011611938477e-07,2.49594449996948e-07,376599.17346131,1.30322541095441,17707502.0332217,51014515.480327,2.75407116567498e-08,0.0,4.76720742881298e-07,8.6003005416305e-10,0.0,0.0,0.0,0.0,0.0,0.0,0.0,0.0,0.0,-261568875.850878,2821.54337784801,0.0,51014515.480327,8.6003005416305e-10,0.0,0.0,895.0,0.0,855.0,0.0,0.0,0.0,0.0,-260885016.881485,,,,,,BASE,0.0,0,/clusteruy/home/mathiasr/generator-aware-row-scaling/results-revision/r3-hyperparam/simple-gurobi-1pct/win9/resultados/caso22b_base.csv,/clusteruy/home/mathiasr/generator-aware-row-scaling/results-revision/r3-hyperparam/simple-gurobi-1pct/win9/resultados/caso22b_base_postprocesado.csv,/clusteruy/home/mathiasr/generator-aware-row-scaling/results-revision/r3-hyperparam/simple-gurobi-1pct/win9/logs/caso22b_base.log
caso22b.txt,estructurado,OK,0,1.823728197,0.013780471287546,-261568875.8508779,-260885000.0,OPTIMAL,-261604921.2747117,1.0,9852.0,0.25,14400.0,10800.0,35590.0,10766.0,8809.0,28461.0,25.23611111111111,18.435185185185187,20.030907558302893,1,Model contains large bounds,1e-05,40000.0,0.003,3000.0,0.4,80000.0,1.0,10000000000.0,0.005999999999999999,1.0,0.00014285714285714287,1.0,2757000000000.0,7181000000.0,0.0002312,1.0,0.074274994,1.8980031910000001,0.9587261725054086,0.9587261725054086,0.9212081214040487,0.074274994,0.04072700862013376,-8.753471670999366e-06,-8.940696716308594e-08,-3.4181041942489156e-16,0.0,0.0,0.005999999999999999,0.0026046427276024665,655824.0,,0.012518180247584734,2.0,,,,2.0,0.8466225,0.221267087101634,,,,,,,,OK,REVISAR,1.59221235662699e-06,0.0,8.940696716308594e-08,51014515.480323,0.0,1.35581103272021e-08,2.71438693744128e-08,3.96486429963261e-07,3.01748514175415e-07,376599.173461288,1.30322541095441,17707502.0332216,51014515.480323,2.18278728425503e-11,0.0,1.59221235662699e-06,0.0,0.0,0.0,0.0,0.0,10.0,0.0,0.0,0.0,0.0,-261568875.850878,2821.54337784803,0.0,51014515.480323,0.0,0.0,0.0,895.0,0.0,865.0,0.0,0.0,0.0,0.0,-260885016.881492,-261568875.850878,-1.7881393432617188e-07,6.836208388497831e-16,igual,-22.896357536315918,OK,0.0,0,/clusteruy/home/mathiasr/generator-aware-row-scaling/results-revision/r3-hyperparam/simple-gurobi-1pct/win9/resultados/caso22b_estructurado.csv,/clusteruy/home/mathiasr/generator-aware-row-scaling/results-revision/r3-hyperparam/simple-gurobi-1pct/win9/resultados/caso22b_estructurado_postprocesado.csv,/clusteruy/home/mathiasr/generator-aware-row-scaling/results-revision/r3-hyperparam/simple-gurobi-1pct/win9/logs/caso22b_estructurado.log
caso22c.txt,base,OK,0,1.567350399,0.007181716046247,-253692992.44366586,-255889000.0,OPTIMAL,-253711211.9540124,1.0,8581.0,0.24,14400.0,10800.0,35590.0,10764.0,8807.0,28458.0,25.25,18.453703703703702,20.039336892385503,3,Model contains large bounds | Model contains large matrix coefficients | Model contains large rhs,0.003,2000000000.0,0.005,3000.0,5.0,7000000000.0,1.0,10000000000.0,,,,,,,,,0.0,1.567350399,1.0,1.0,1.0,0.0,0.0,0.0,,,0.0,,,,5527626.912179,,,1.486442,,,,1.486442,1.0,0.25611259839752,,,,,,,,BASE,BASE,,,,,,3.7472252045185e-09,1.05144434825452e-11,1.1012889444828e-07,3.18512320518494e-07,1463132.65662617,0.849955649838348,53937205.2575958,358410484.219325,1.81898940354586e-12,0.0,4.76837158203125e-07,0.0,0.0,0.0,0.0,0.0,0.0,0.0,0.0,0.0,0.0,-253692992.443666,1232.24366337069,0.0,358410484.219325,0.0,0.0,0.0,394.0,0.0,819.0,0.0,0.0,0.0,0.0,-255888691.116907,,,,,,BASE,0.0,0,/clusteruy/home/mathiasr/generator-aware-row-scaling/results-revision/r3-hyperparam/simple-gurobi-1pct/win9/resultados/caso22c_base.csv,/clusteruy/home/mathiasr/generator-aware-row-scaling/results-revision/r3-hyperparam/simple-gurobi-1pct/win9/resultados/caso22c_base_postprocesado.csv,/clusteruy/home/mathiasr/generator-aware-row-scaling/results-revision/r3-hyperparam/simple-gurobi-1pct/win9/logs/caso22c_base.log
caso22c.txt,estructurado,OK,0,1.637481218,0.007181987297433,-253692992.44366598,-256300000.0,OPTIMAL,-253711212.64215776,1.0,8909.0,0.25,14400.0,10800.0,35590.0,10766.0,8809.0,28461.0,25.23611111111111,18.435185185185187,20.030907558302893,1,Model contains large bounds,1e-05,40000.0,0.005,3000.0,0.4,80000.0,1.0,10000000000.0,0.005999999999999999,1.0,0.00014285714285714287,1.0,2757000000000.0,7181000000.0,0.0002312,1.0,0.074539088,1.712020306,0.9571715276919897,0.9571715276919897,0.9154975519314896,0.074539088,0.04552057585798826,-2.7125118600042353e-07,-1.1920928955078125e-07,-4.698958706053043e-16,-411000.0,-0.0016061651731805588,0.005999999999999999,0.0026046427276024665,304355.0,,0.05506069871130698,2.0,,,,2.0,0.743221,0.238265459031093,,,,,,,,OK,REVISAR,1.3731187209487e-06,0.0,2.9802322387695312e-08,358616693.777369,0.0,1.27342800355948e-08,7.45058059692383e-09,3.76488314941525e-07,2.88709998130798e-07,1543980.20160244,0.860007812720635,56494309.4486405,358616693.777369,3.63797880709171e-12,0.0,1.3731187209487e-06,0.0,0.0,0.0,0.0,0.0,8.0,0.0,0.0,0.0,0.0,-253692992.443666,1232.24366337069,0.0,358616693.777369,0.0,0.0,0.0,394.0,0.0,827.0,0.0,0.0,0.0,0.0,-256299749.256779,-253692992.443666,-1.4901161193847656e-07,5.873698382566304e-16,igual,-0.6881453692913055,DIFIERE,168.101,112,/clusteruy/home/mathiasr/generator-aware-row-scaling/results-revision/r3-hyperparam/simple-gurobi-1pct/win9/resultados/caso22c_estructurado.csv,/clusteruy/home/mathiasr/generator-aware-row-scaling/results-revision/r3-hyperparam/simple-gurobi-1pct/win9/resultados/caso22c_estructurado_postprocesado.csv,/clusteruy/home/mathiasr/generator-aware-row-scaling/results-revision/r3-hyperparam/simple-gurobi-1pct/win9/logs/caso22c_estructurado.log
caso22d.txt,base,OK,0,1.807480934,0.070686577576253,-219108270.10286283,-225543000.0,OPTIMAL,-219263150.24018508,1.0,8698.0,0.24,14400.0,10800.0,35590.0,10978.0,8780.0,28879.0,23.76388888888889,18.703703703703702,18.85642034279292,3,Model contains large bounds | Model contains large matrix coefficients | Model contains large rhs,0.003,2000000000.0,0.003,2000.0,5.0,7000000000.0,1.0,10000000000.0,,,,,,,,,0.0,1.807480934,1.0,1.0,1.0,0.0,0.0,0.0,,,0.0,,,,2335909.936031,,,1.920151,,,,1.920151,1.0,0.218172338857228,,,,,,,,BASE,BASE,,,,,,2.3240399058296e-09,4.2632564145606e-14,7.91683851275594e-08,2.3283064365387e-07,3946978.10955268,6.62763428622632,93281855.1556295,804752059.58072,7.27595761418343e-12,0.0,4.76837158203125e-07,0.0,0.0,0.0,0.0,0.0,0.0,0.0,0.0,0.0,0.0,-219108270.102863,2518.28590663905,0.0,804752059.58072,0.0,0.0,0.0,565.0,0.0,968.0,0.0,0.0,0.0,0.0,-225543356.554112,,,,,,BASE,0.0,0,/clusteruy/home/mathiasr/generator-aware-row-scaling/results-revision/r3-hyperparam/simple-gurobi-1pct/win9/resultados/caso22d_base.csv,/clusteruy/home/mathiasr/generator-aware-row-scaling/results-revision/r3-hyperparam/simple-gurobi-1pct/win9/resultados/caso22d_base_postprocesado.csv,/clusteruy/home/mathiasr/generator-aware-row-scaling/results-revision/r3-hyperparam/simple-gurobi-1pct/win9/logs/caso22d_base.log
caso22d.txt,estructurado,OK,0,1.917527309,0.070694929043035,-219108270.10286295,-225538000.0,OPTIMAL,-219263168.5389396,1.0,9860.0,0.25,14400.0,10800.0,35590.0,10980.0,8782.0,28882.0,23.75,18.685185185185187,18.847991008710313,1,Model contains large bounds,1e-05,40000.0,0.003,2000.0,0.4,80000.0,1.0,10000000000.0,0.005999999999999999,1.0,0.00014285714285714287,1.0,2757000000000.0,7181000000.0,0.0002312,1.0,0.074323665,1.991850974,0.9426102697554853,0.9426102697554853,0.907437834252353,0.074323665,0.03876015984291778,-8.351466781991723e-06,-1.1920928955078125e-07,-5.440656780997683e-16,5000.0,2.216872170716892e-05,0.005999999999999999,0.0026046427276024665,25238.0,,0.010804354915704705,2.0,,,,2.0,0.9600755,0.212281548472443,,,,,,,,OK,REVISAR,2.12946906685829e-06,0.0,5.960464477539063e-08,804752059.58072,0.0,1.11708572541523e-08,3.72529029846191e-09,2.38448556046933e-07,2.83122062683105e-07,3978408.1993668,6.52970101443268,93308889.948952,804752059.58072,7.27595761418343e-12,0.0,2.12946906685829e-06,0.0,0.0,0.0,0.0,0.0,6.0,0.0,0.0,0.0,0.0,-219108270.102863,2518.28590663905,0.0,804752059.58072,0.0,0.0,0.0,565.0,0.0,974.0,0.0,0.0,0.0,0.0,-225537605.670149,-219108270.102863,-1.7881393432617188e-07,8.160985171496524e-16,igual,-18.298754513263702,DIFIERE,48.4743,28,/clusteruy/home/mathiasr/generator-aware-row-scaling/results-revision/r3-hyperparam/simple-gurobi-1pct/win9/resultados/caso22d_estructurado.csv,/clusteruy/home/mathiasr/generator-aware-row-scaling/results-revision/r3-hyperparam/simple-gurobi-1pct/win9/resultados/caso22d_estructurado_postprocesado.csv,/clusteruy/home/mathiasr/generator-aware-row-scaling/results-revision/r3-hyperparam/simple-gurobi-1pct/win9/logs/caso22d_estructurado.log
caso22e.txt,base,OK,0,2.277041437,0.08656537794825,-233659855.13775566,-233683000.0,OPTIMAL,-233862123.674469,1.0,11132.0,0.24,14400.0,10800.0,35590.0,10978.0,8780.0,28879.0,23.76388888888889,18.703703703703702,18.85642034279292,3,Model contains large bounds | Model contains large matrix coefficients | Model contains large rhs,0.003,2000000000.0,0.003,2000.0,5.0,7000000000.0,1.0,10000000000.0,,,,,,,,,0.0,2.277041437,1.0,1.0,1.0,0.0,0.0,0.0,,,0.0,,,,72028073.46674,,,2.103052,,,,2.103052,1.0,0.227538022913205,,,,,,,,BASE,BASE,,,,,,3.68983037533359e-09,1.94772420414324e-11,1.06180086731911e-07,2.98023223876953e-07,263324.690614421,8.78804419967426,12164149.3179782,35648282.2667243,7.27595761418343e-12,0.0,4.80824382975698e-07,0.0,0.0,0.0,0.0,0.0,0.0,0.0,0.0,0.0,0.0,-233659855.137756,1965.24931447658,0.0,35648282.2667243,0.0,0.0,0.0,1353.0,0.0,983.0,0.0,0.0,0.0,0.0,-233683116.013949,,,,,,BASE,0.0,0,/clusteruy/home/mathiasr/generator-aware-row-scaling/results-revision/r3-hyperparam/simple-gurobi-1pct/win9/resultados/caso22e_base.csv,/clusteruy/home/mathiasr/generator-aware-row-scaling/results-revision/r3-hyperparam/simple-gurobi-1pct/win9/resultados/caso22e_base_postprocesado.csv,/clusteruy/home/mathiasr/generator-aware-row-scaling/results-revision/r3-hyperparam/simple-gurobi-1pct/win9/logs/caso22e_base.log
caso22e.txt,estructurado,OK,0,2.093226641,0.125313286531443,-233569457.49658766,-233704000.0,OPTIMAL,-233862151.0601103,1.0,10090.0,0.25,14400.0,10800.0,35590.0,10980.0,8782.0,28882.0,23.75,18.685185185185187,18.847991008710313,1,Model contains large bounds,1e-05,40000.0,0.003,2000.0,0.4,80000.0,1.0,10000000000.0,0.005999999999999999,1.0,0.00014285714285714287,1.0,2757000000000.0,7181000000.0,0.0002312,1.0,0.073987331,2.1672139720000003,1.087814091603662,1.087814091603662,1.0506767981468141,0.073987331,0.035346067908181185,-0.03874790858319299,90397.64116799831,0.0003868770744324215,-21000.0,-8.98653303834682e-05,0.005999999999999999,0.0026046427276024665,14386992.0,,0.1997414522914236,2.0,,,,2.0,1.051526,0.226394059020965,,,,,,,,OK,REVISAR,4.58043068647385e-05,0.0,3.2782554626464844e-07,27040974.2716154,0.0,1.58711850998834e-08,2.05123797059056e-08,3.39972320944072e-07,4.58043068647385e-05,229212.752628219,2.57194598431119,10419383.8266411,27040974.2716154,2.18278728425503e-11,0.0,4.58043068647385e-05,0.0,0.0,0.0,0.0,0.0,8.0,0.0,0.0,0.0,0.0,-233569457.496588,1903.76522316497,0.0,27040974.2716154,0.0,0.0,0.0,1178.0,0.0,991.0,0.0,0.0,0.0,0.0,-233703584.513669,-233569457.496588,90397.64116767049,0.00038687707443101847,empeora,-27.385641306638718,DIFIERE,14760000.0,5101,/clusteruy/home/mathiasr/generator-aware-row-scaling/results-revision/r3-hyperparam/simple-gurobi-1pct/win9/resultados/caso22e_estructurado.csv,/clusteruy/home/mathiasr/generator-aware-row-scaling/results-revision/r3-hyperparam/simple-gurobi-1pct/win9/resultados/caso22e_estructurado_postprocesado.csv,/clusteruy/home/mathiasr/generator-aware-row-scaling/results-revision/r3-hyperparam/simple-gurobi-1pct/win9/logs/caso22e_estructurado.log
caso22f.txt,base,OK,0,1.883586528,0.082210130581498,-225694759.27079642,-226056000.0,OPTIMAL,-225880303.22710854,1.0,10634.0,0.24,14400.0,10800.0,35590.0,10978.0,8780.0,28879.0,23.76388888888889,18.703703703703702,18.85642034279292,3,Model contains large bounds | Model contains large matrix coefficients | Model contains large rhs,0.003,2000000000.0,0.005,2000.0,5.0,7000000000.0,1.0,10000000000.0,,,,,,,,,0.0,1.883586528,1.0,1.0,1.0,0.0,0.0,0.0,,,0.0,,,,5425426.459036,,,1.725199,,,,1.725199,1.0,0.243354748194538,,,,,,,,BASE,BASE,,,,,,2.70737130422793e-09,3.72804079273861e-12,8.5681676864624e-08,2.30967998504639e-07,1064321.79707436,7.13350101324293,38629729.6386024,363655030.165253,7.27595761418343e-12,0.0,4.76837158203125e-07,0.0,0.0,0.0,0.0,0.0,0.0,0.0,0.0,0.0,0.0,-225694759.270796,2102.30760135877,0.0,363655030.165253,0.0,0.0,0.0,1016.0,0.0,965.0,0.0,0.0,0.0,0.0,-226055855.338996,,,,,,BASE,0.0,0,/clusteruy/home/mathiasr/generator-aware-row-scaling/results-revision/r3-hyperparam/simple-gurobi-1pct/win9/resultados/caso22f_base.csv,/clusteruy/home/mathiasr/generator-aware-row-scaling/results-revision/r3-hyperparam/simple-gurobi-1pct/win9/resultados/caso22f_base_postprocesado.csv,/clusteruy/home/mathiasr/generator-aware-row-scaling/results-revision/r3-hyperparam/simple-gurobi-1pct/win9/logs/caso22f_base.log
caso22f.txt,estructurado,OK,0,1.84603506,0.082221760744691,-225694759.27079654,-226195000.0,OPTIMAL,-225880329.47577748,1.0,9026.0,0.25,14400.0,10800.0,35590.0,10980.0,8782.0,28882.0,23.75,18.685185185185187,18.847991008710313,1,Model contains large bounds,1e-05,40000.0,0.005,2000.0,0.4,80000.0,1.0,10000000000.0,0.005999999999999999,1.0,0.00014285714285714287,1.0,2757000000000.0,7181000000.0,0.0002312,1.0,0.0745167,1.92055176,1.0203416873350173,1.0203416873350173,0.9807528061623291,0.0745167,0.04036580973711301,-1.1630163192999365e-05,-1.1920928955078125e-07,-5.281881153817569e-16,-139000.0,-0.0006148918851965885,0.005999999999999999,0.0026046427276024665,39067.0,,0.007200724273929518,2.0,,,,2.0,0.8625995,0.242204553757395,,,,,,,,OK,REVISAR,1.90793070942163e-06,0.0,4.76837158203125e-07,363655030.165253,0.0,1.14689971746434e-08,3.72529029846191e-09,2.38447682932019e-07,2.16066837310791e-07,1126902.73997995,7.1335010132426,40460248.2757753,363655030.165253,7.27595761418343e-12,0.0,1.90793070942163e-06,0.0,0.0,0.0,0.0,0.0,9.0,0.0,0.0,0.0,0.0,-225694759.270797,2102.30760135877,0.0,363655030.165253,0.0,0.0,0.0,1019.0,0.0,974.0,0.0,0.0,0.0,0.0,-226194542.485347,-225694759.270797,-5.960464477539062e-07,2.640940576908784e-15,igual,-26.2486689388752,DIFIERE,185.32100000000003,52,/clusteruy/home/mathiasr/generator-aware-row-scaling/results-revision/r3-hyperparam/simple-gurobi-1pct/win9/resultados/caso22f_estructurado.csv,/clusteruy/home/mathiasr/generator-aware-row-scaling/results-revision/r3-hyperparam/simple-gurobi-1pct/win9/resultados/caso22f_estructurado_postprocesado.csv,/clusteruy/home/mathiasr/generator-aware-row-scaling/results-revision/r3-hyperparam/simple-gurobi-1pct/win9/logs/caso22f_estructurado.log
caso23a.txt,base,OK,0,15.230293308,0.656937557143203,-270490298.5347172,-281281000.0,OPTIMAL,-272267250.89422053,1459.0,134262.0,0.24,14400.0,10800.0,35590.0,10600.0,8574.0,28687.0,26.38888888888889,20.61111111111111,19.3958977240798,3,Model contains large bounds | Model contains large matrix coefficients | Model contains large rhs,0.003,2000000000.0,0.003,3000.0,5.0,7000000000.0,1.0,10000000000.0,,,,,,,,,0.0,15.230293308,1.0,1.0,1.0,0.0,0.0,0.0,,,0.0,,,,48415407.215673,,,15.048324,,0.236607,4.442011,15.048324,1.0,0.245143381061647,,,,,,,,BASE,BASE,,,,,,4.05068893950565e-09,4.9737991503207e-14,1.15613220259548e-07,9.5367431640625e-07,1865074.4712511,1.11495203067103,59867112.371435,847797565.502791,1.81898940354586e-12,0.0,9.5367431640625e-07,0.0,0.0,0.0,0.0,0.0,0.0,0.0,0.0,0.0,0.0,-270490298.534717,156.077361823164,0.0,847797565.502791,0.0,0.0,0.0,200.0,0.0,842.0,0.0,0.0,0.0,0.0,-281280701.319707,,,,,,BASE,0.0,0,/clusteruy/home/mathiasr/generator-aware-row-scaling/results-revision/r3-hyperparam/simple-gurobi-1pct/win9/resultados/caso23a_base.csv,/clusteruy/home/mathiasr/generator-aware-row-scaling/results-revision/r3-hyperparam/simple-gurobi-1pct/win9/resultados/caso23a_base_postprocesado.csv,/clusteruy/home/mathiasr/generator-aware-row-scaling/results-revision/r3-hyperparam/simple-gurobi-1pct/win9/logs/caso23a_base.log
caso23a.txt,estructurado,OK,0,1.767326207,0.004258392001044,-272260322.5243109,-275276000.0,OPTIMAL,-272271916.4361073,1.0,8969.0,0.25,14400.0,10800.0,35590.0,10602.0,8575.0,28627.0,26.375,20.60185185185185,19.564484405731946,1,Model contains large bounds,1e-05,40000.0,0.003,3000.0,0.5,80000.0,1.0,10000000000.0,0.005999999999999999,1.0,0.00011428571428571428,1.0,2704000000000.0,6979000000.0,0.0002356,1.0,0.074710337,1.842036544,8.617703538642768,8.617703538642768,8.268181951986291,0.074710337,0.04227308841123296,0.652679165142159,-1770023.9895936847,-0.006543761455335536,6005000.0,0.021348758003562274,0.005999999999999999,0.002580991124260355,655663.0,,0.013542445219540553,2.0,,,,2.0,7.524162,0.218489265254443,,,,,,,,OK,REVISAR,1.45216472446918e-06,0.0,1.1920928955078125e-07,741253140.813456,0.0,6.37653892685421e-09,4.65661287307739e-10,1.78839545696974e-07,1.45216472446918e-06,2188510.84186854,1.17601970933375,55317142.293496,741253140.813456,1.81898940354586e-12,0.0,1.45216472446918e-06,0.0,0.0,0.0,0.0,0.0,8.0,0.0,0.0,0.0,0.0,-272260322.524311,211.296622941591,0.0,741253140.813456,0.0,0.0,0.0,419.0,0.0,864.0,0.0,0.0,0.0,0.0,-275276400.35294,-272260322.524311,-1770023.9895938039,0.006543761455335977,mejora,-4665.541886746883,DIFIERE,91600000.0,4742,/clusteruy/home/mathiasr/generator-aware-row-scaling/results-revision/r3-hyperparam/simple-gurobi-1pct/win9/resultados/caso23a_estructurado.csv,/clusteruy/home/mathiasr/generator-aware-row-scaling/results-revision/r3-hyperparam/simple-gurobi-1pct/win9/resultados/caso23a_estructurado_postprocesado.csv,/clusteruy/home/mathiasr/generator-aware-row-scaling/results-revision/r3-hyperparam/simple-gurobi-1pct/win9/logs/caso23a_estructurado.log
caso23b.txt,base,OK,0,15.231859868,0.999799350684123,-283423031.8499166,-292182000.0,OPTIMAL,-286256693.4820413,376.0,74268.0,0.24,14400.0,10800.0,35590.0,10600.0,8574.0,28687.0,26.38888888888889,20.61111111111111,19.3958977240798,4,Model contains large bounds | Model contains large matrix coefficients | Model contains large rhs | max constraint violation (1.0621e-06) exceeds tolerance,0.003,2000000000.0,0.003,3000.0,5.0,7000000000.0,1.0,10000000000.0,,,,,,,,,0.0,15.231859868,1.0,1.0,1.0,0.0,0.0,0.0,,,0.0,,,,39559872.726629,,,14.96846,,0.187403,6.171872,14.96846,1.0,0.2000821504557,,,,,,,,BASE,BASE,,,,,,4.73470612508728e-09,3.63798990932196e-12,1.26659870147705e-07,1.06205698102713e-06,890266.001453058,1.44506809000015,38545910.5649922,129268640.02468,4.76837158203125e-07,0.0,1.06205698102713e-06,0.0,0.0,0.0,0.0,0.0,1.0,0.0,0.0,0.0,0.0,-283423031.849917,1159.30819422664,0.0,129268640.02468,0.0,0.0,0.0,412.0,0.0,860.0,0.0,0.0,0.0,0.0,-292182319.356851,,,,,,BASE,0.0,0,/clusteruy/home/mathiasr/generator-aware-row-scaling/results-revision/r3-hyperparam/simple-gurobi-1pct/win9/resultados/caso23b_base.csv,/clusteruy/home/mathiasr/generator-aware-row-scaling/results-revision/r3-hyperparam/simple-gurobi-1pct/win9/resultados/caso23b_base_postprocesado.csv,/clusteruy/home/mathiasr/generator-aware-row-scaling/results-revision/r3-hyperparam/simple-gurobi-1pct/win9/logs/caso23b_base.log
caso23b.txt,estructurado,OK,0,1.716305226,0.011444789243097,-286234254.08933157,-284855000.0,OPTIMAL,-286267012.99645364,1.0,9771.0,0.25,14400.0,10800.0,35590.0,10602.0,8575.0,28627.0,26.375,20.60185185185185,19.564484405731946,1,Model contains large bounds,1e-05,40000.0,0.003,3000.0,0.5,80000.0,1.0,10000000000.0,0.005999999999999999,1.0,0.00011428571428571428,1.0,2704000000000.0,6979000000.0,0.0002356,1.0,0.075447691,1.791752917,8.87479664878676,8.87479664878676,8.501093941849573,0.075447691,0.04395936681719339,0.988354561441026,-2811222.23941499,-0.009918820714978592,7327000.0,0.025076835670917442,0.005999999999999999,0.002580991124260355,869224.0,,0.02197236593774221,2.0,,,,2.0,7.48423,0.232224204838025,,,,,,,,OK,REVISAR,1.0371208190918e-05,0.0,4.172325134277344e-07,63283301.098254,0.0,8.03373566860317e-09,1.11758708953857e-08,2.16076150536537e-07,1.5853438526392e-06,554369.933546576,1.03037752882002,24588527.8530199,63283301.098254,1.48582739518926e-08,0.0,1.0371208190918e-05,4.99971681170993e-10,0.0,0.0,0.0,0.0,5.0,0.0,0.0,0.0,0.0,-286234254.089332,1635.09707373366,0.0,63283301.098254,4.99971681170993e-10,0.0,0.0,713.0,0.0,895.0,0.0,0.0,0.0,0.0,-284854642.424204,-286234254.089332,-2811222.239415407,0.009918820714980065,mejora,-10319.514412343502,DIFIERE,129870000.0,5451,/clusteruy/home/mathiasr/generator-aware-row-scaling/results-revision/r3-hyperparam/simple-gurobi-1pct/win9/resultados/caso23b_estructurado.csv,/clusteruy/home/mathiasr/generator-aware-row-scaling/results-revision/r3-hyperparam/simple-gurobi-1pct/win9/resultados/caso23b_estructurado_postprocesado.csv,/clusteruy/home/mathiasr/generator-aware-row-scaling/results-revision/r3-hyperparam/simple-gurobi-1pct/win9/logs/caso23b_estructurado.log
caso23c.txt,base,OK,0,3.667697095,0.075571710440322,-278650138.4514306,-286501000.0,OPTIMAL,-278860719.1272027,1.0,12740.0,0.24,14400.0,10800.0,35590.0,10600.0,8574.0,28687.0,26.38888888888889,20.61111111111111,19.3958977240798,3,Model contains large bounds | Model contains large matrix coefficients | Model contains large rhs,0.003,2000000000.0,0.005,3000.0,5.0,7000000000.0,1.0,10000000000.0,,,,,,,,,0.0,3.667697095,1.0,1.0,1.0,0.0,0.0,0.0,,,0.0,,,,39301875.561021,,,2.828869,,0.209412,2.821174,2.828869,1.0,0.264562252559059,,,,,,,,BASE,BASE,,,,,,4.87262615314219e-09,3.60254048814565e-12,1.37854367494584e-07,9.8859891295433e-07,1583106.0077015,1.16562923665317,53818426.352188,846389435.945564,1.81898940354586e-12,0.0,9.8859891295433e-07,0.0,0.0,0.0,0.0,0.0,0.0,0.0,0.0,0.0,0.0,-278650138.451431,156.077361823164,0.0,846389435.945564,0.0,0.0,0.0,210.0,0.0,857.0,0.0,0.0,0.0,0.0,-286501423.970895,,,,,,BASE,0.0,0,/clusteruy/home/mathiasr/generator-aware-row-scaling/results-revision/r3-hyperparam/simple-gurobi-1pct/win9/resultados/caso23c_base.csv,/clusteruy/home/mathiasr/generator-aware-row-scaling/results-revision/r3-hyperparam/simple-gurobi-1pct/win9/resultados/caso23c_base_postprocesado.csv,/clusteruy/home/mathiasr/generator-aware-row-scaling/results-revision/r3-hyperparam/simple-gurobi-1pct/win9/logs/caso23c_base.log
caso23c.txt,estructurado,OK,0,1.876589904,0.010395483593759,-278840152.2214041,-276544000.0,OPTIMAL,-278869139.00368106,1.0,9444.0,0.24,14400.0,10800.0,35590.0,10602.0,8575.0,28627.0,26.375,20.60185185185185,19.564484405731946,1,Model contains large bounds,1e-05,40000.0,0.005,3000.0,0.5,80000.0,1.0,10000000000.0,0.005999999999999999,1.0,0.00011428571428571428,1.0,2704000000000.0,6979000000.0,0.0002356,1.0,0.074651976,1.95124188,1.9544478456279704,1.9544478456279704,1.8796732135536163,0.074651976,0.03978065524112507,0.065176226846563,-190013.76997345686,-0.0006819080407762895,9957000.0,0.0347538053968398,0.005999999999999999,0.002580991124260355,120496.0,,0.0030659096615609383,2.0,,,,2.0,1.4144345,0.202088355499441,,,,,,,,OK,REVISAR,1.76246976479888e-06,0.0,5.960464477539063e-08,218298682.905689,0.0,7.62988016900763e-09,3.72529029846191e-09,2.34257604461164e-07,1.76246976479888e-06,979439.191435382,1.06932982938104,42356061.2729779,218298682.905689,9.09494701772928e-13,0.0,1.76246976479888e-06,0.0,0.0,0.0,0.0,0.0,7.0,0.0,0.0,0.0,0.0,-278840152.221404,642.805338147198,0.0,218298682.905689,0.0,0.0,0.0,465.0,0.0,863.0,0.0,0.0,0.0,0.0,-276543914.644044,-278840152.221404,-190013.76997339725,0.0006819080407760756,mejora,-8419.876478374004,DIFIERE,90150000.0,4870,/clusteruy/home/mathiasr/generator-aware-row-scaling/results-revision/r3-hyperparam/simple-gurobi-1pct/win9/resultados/caso23c_estructurado.csv,/clusteruy/home/mathiasr/generator-aware-row-scaling/results-revision/r3-hyperparam/simple-gurobi-1pct/win9/resultados/caso23c_estructurado_postprocesado.csv,/clusteruy/home/mathiasr/generator-aware-row-scaling/results-revision/r3-hyperparam/simple-gurobi-1pct/win9/logs/caso23c_estructurado.log
caso23d.txt,base,OK,0,3.223720638,0.008269883131931,-235048976.4095649,-238146000.0,OPTIMAL,-235068414.68521678,1.0,10090.0,0.24,14400.0,10800.0,35590.0,10758.0,8490.0,28989.0,25.291666666666668,21.38888888888889,18.547344759763977,3,Model contains large bounds | Model contains large matrix coefficients | Model contains large rhs,0.003,2000000000.0,0.003,2000.0,5.0,7000000000.0,1.0,10000000000.0,,,,,,,,,0.0,3.223720638,1.0,1.0,1.0,0.0,0.0,0.0,,,0.0,,,,88581418.019274,,,2.525244,,,,2.525244,1.0,0.808587480644673,,,,,,,,BASE,BASE,,,,,,3.03354143921487e-09,3.56437102055906e-14,9.68575477600098e-08,9.5367431640625e-07,2981745.25411299,6.20106966967176,93020880.3364086,821425204.236166,8.19943551277902e-07,0.0,9.5367431640625e-07,0.0,0.0,0.0,0.0,0.0,0.0,0.0,0.0,0.0,0.0,-235048976.409565,1362.2837124673,0.0,821425204.236166,0.0,0.0,0.0,248.0,0.0,990.0,0.0,0.0,0.0,0.0,-238145644.172927,,,,,,BASE,0.0,0,/clusteruy/home/mathiasr/generator-aware-row-scaling/results-revision/r3-hyperparam/simple-gurobi-1pct/win9/resultados/caso23d_base.csv,/clusteruy/home/mathiasr/generator-aware-row-scaling/results-revision/r3-hyperparam/simple-gurobi-1pct/win9/resultados/caso23d_base_postprocesado.csv,/clusteruy/home/mathiasr/generator-aware-row-scaling/results-revision/r3-hyperparam/simple-gurobi-1pct/win9/logs/caso23d_base.log
caso23d.txt,estructurado,OK,0,1.82617108,0.266380117078965,-234489192.81075335,-238574000.0,OPTIMAL,-235113825.39710015,1.0,8555.0,0.25,14400.0,10800.0,35590.0,10760.0,8491.0,28919.0,25.27777777777778,21.37962962962963,18.744029221691488,1,Model contains large bounds,1e-05,40000.0,0.003,2000.0,0.5,80000.0,1.0,10000000000.0,0.005999999999999999,1.0,0.00011428571428571428,1.0,2704000000000.0,6979000000.0,0.0002356,1.0,0.074970358,1.901141438,1.765289502887101,1.765289502887101,1.6956763834422297,0.074970358,0.041053304819611974,-0.258110233947034,559783.5988115668,0.002381561525442097,-428000.0,-0.0017972168333711253,0.005999999999999999,0.002580991124260355,8960570.0,,0.10115631698343679,2.0,,,,2.0,1.262622,0.189684293113666,,,,,,,,OK,REVISAR,1.43051147460938e-06,0.0,3.5762786865234375e-07,823064786.794655,0.0,4.50613224890313e-09,4.65661287307739e-10,1.34609581436962e-07,1.12364068627357e-06,3274686.22161328,6.50212292616809,96116116.1065593,823064786.794655,3.63797880709171e-12,0.0,1.43051147460938e-06,0.0,0.0,0.0,0.0,0.0,4.0,0.0,0.0,0.0,0.0,-234489192.810753,1653.22519468926,0.0,823064786.794655,0.0,0.0,0.0,380.0,0.0,1002.0,0.0,0.0,0.0,0.0,-238574365.010024,-234489192.810753,559783.5988119245,0.0023815615254436182,empeora,-45410.71188336611,DIFIERE,18930000.0,5568,/clusteruy/home/mathiasr/generator-aware-row-scaling/results-revision/r3-hyperparam/simple-gurobi-1pct/win9/resultados/caso23d_estructurado.csv,/clusteruy/home/mathiasr/generator-aware-row-scaling/results-revision/r3-hyperparam/simple-gurobi-1pct/win9/resultados/caso23d_estructurado_postprocesado.csv,/clusteruy/home/mathiasr/generator-aware-row-scaling/results-revision/r3-hyperparam/simple-gurobi-1pct/win9/logs/caso23d_estructurado.log
caso23e.txt,base,OK,0,5.949548369,0.0,-143397170.90791044,-139821000.0,OPTIMAL,-143397170.90791044,1.0,13256.0,0.24,14400.0,10800.0,35590.0,10758.0,8490.0,28989.0,25.291666666666668,21.38888888888889,18.547344759763977,3,Model contains large bounds | Model contains large matrix coefficients | Model contains large rhs,0.003,2000000000.0,0.003,2000.0,5.0,7000000000.0,1.0,10000000000.0,,,,,,,,,0.0,5.949548369,1.0,1.0,1.0,0.0,0.0,0.0,,,0.0,,,,26118821.809039,,,4.588582,,0.736322,5.632986,4.588582,1.0,0.737088735299261,,,,,,,,BASE,BASE,,,,,,1.46387383864531e-10,0.0,1.86264514923096e-09,1.19209289550781e-07,184018.899024679,1.43305104887514,8210052.67386247,12417211.7699241,1.11022302462516e-16,0.0,1.19209289550781e-07,0.0,0.0,0.0,0.0,0.0,0.0,0.0,0.0,0.0,0.0,-143397170.90791,423.484792815427,0.0,12417211.7699241,0.0,0.0,0.0,116.0,0.0,722.0,0.0,0.0,0.0,0.0,-139820878.089498,,,,,,BASE,0.0,0,/clusteruy/home/mathiasr/generator-aware-row-scaling/results-revision/r3-hyperparam/simple-gurobi-1pct/win9/resultados/caso23e_base.csv,/clusteruy/home/mathiasr/generator-aware-row-scaling/results-revision/r3-hyperparam/simple-gurobi-1pct/win9/resultados/caso23e_base_postprocesado.csv,/clusteruy/home/mathiasr/generator-aware-row-scaling/results-revision/r3-hyperparam/simple-gurobi-1pct/win9/logs/caso23e_base.log
caso23e.txt,estructurado,OK,0,1.990417615,0.243717447388077,-248438371.81262264,-248973000.0,OPTIMAL,-249043859.47073686,1.0,9806.0,0.25,14400.0,10800.0,35590.0,10760.0,8491.0,28919.0,25.27777777777778,21.37962962962963,18.744029221691488,1,Model contains large bounds,1e-05,40000.0,0.003,2000.0,0.5,80000.0,1.0,10000000000.0,0.005999999999999999,1.0,0.00011428571428571428,1.0,2704000000000.0,6979000000.0,0.0002356,1.0,0.074980128,2.065397743,2.9890955165205373,2.9890955165205373,2.880582391049897,0.074980128,0.037670550860754916,-0.243717447388077,-105041200.9047122,-0.7325193393959605,-109152000.0,-0.7806552663762955,0.005999999999999999,0.002580991124260355,1600736.0,,0.061286684816924994,2.0,,,,2.0,2.294291,0.237991883572787,,,,,,,,OK,REVISAR,1.69407576322556e-06,0.0,3.5762786865234375e-07,17620886.0284494,0.0,6.27988306339237e-09,2.106935426127e-09,1.69996637851e-07,1.69407576322556e-06,152176.118083307,2.99570806501563,7681991.90706936,17620886.0284494,1.45519152283669e-11,0.0,1.69407576322556e-06,0.0,0.0,0.0,0.0,0.0,2.0,0.0,0.0,0.0,0.0,-248438371.812623,1371.79354641122,0.0,17620886.0284494,0.0,0.0,0.0,1181.0,0.0,1014.0,0.0,0.0,0.0,0.0,-248973053.157623,-248438371.812623,-105041200.90471256,0.732519339395963,mejora,-105646688.56282642,DIFIERE,830724000.0,5581,/clusteruy/home/mathiasr/generator-aware-row-scaling/results-revision/r3-hyperparam/simple-gurobi-1pct/win9/resultados/caso23e_estructurado.csv,/clusteruy/home/mathiasr/generator-aware-row-scaling/results-revision/r3-hyperparam/simple-gurobi-1pct/win9/resultados/caso23e_estructurado_postprocesado.csv,/clusteruy/home/mathiasr/generator-aware-row-scaling/results-revision/r3-hyperparam/simple-gurobi-1pct/win9/logs/caso23e_estructurado.log
caso23f.txt,base,OK,0,18.902547421,0.032526151210894,-241229114.61744857,-240523000.0,OPTIMAL,-241307577.16403374,2666.0,197526.0,0.24,14400.0,10800.0,35590.0,10758.0,8490.0,28989.0,25.291666666666668,21.38888888888889,18.547344759763977,3,Model contains large bounds | Model contains large matrix coefficients | Model contains large rhs,0.003,2000000000.0,0.005,2000.0,5.0,7000000000.0,1.0,10000000000.0,,,,,,,,,0.0,18.902547421,1.0,1.0,1.0,0.0,0.0,0.0,,,0.0,,,,75801998.939723,,,20.051801,,0.815584,4.574637,20.051801,1.0,0.408739991193266,,,,,,,,BASE,BASE,,,,,,3.33740056008395e-09,3.19010373672749e-12,1.11763292807154e-07,7.70203769207001e-07,658801.72491595,2.90617261166826,34712164.4134234,54953692.6385532,1.81898940354586e-12,0.0,7.70203769207001e-07,0.0,0.0,0.0,0.0,0.0,0.0,0.0,0.0,0.0,0.0,-241229114.617449,839.54002786216,0.0,54953692.6385532,0.0,0.0,0.0,584.0,0.0,989.0,0.0,0.0,0.0,0.0,-240522597.473187,,,,,,BASE,0.0,0,/clusteruy/home/mathiasr/generator-aware-row-scaling/results-revision/r3-hyperparam/simple-gurobi-1pct/win9/resultados/caso23f_base.csv,/clusteruy/home/mathiasr/generator-aware-row-scaling/results-revision/r3-hyperparam/simple-gurobi-1pct/win9/resultados/caso23f_base_postprocesado.csv,/clusteruy/home/mathiasr/generator-aware-row-scaling/results-revision/r3-hyperparam/simple-gurobi-1pct/win9/logs/caso23f_base.log
caso23f.txt,estructurado,OK,0,1.802557942,0.214934622829936,-240838018.7827707,-240544000.0,OPTIMAL,-241355663.07007253,1.0,9170.0,0.25,14400.0,10800.0,35590.0,10760.0,8491.0,28919.0,25.27777777777778,21.37962962962963,18.744029221691488,1,Model contains large bounds,1e-05,40000.0,0.005,2000.0,0.5,80000.0,1.0,10000000000.0,0.005999999999999999,1.0,0.00011428571428571428,1.0,2704000000000.0,6979000000.0,0.0002356,1.0,0.074766227,1.877324169,10.48651307154486,10.48651307154486,10.068877678738286,0.074766227,0.041477849481523076,-0.182408471619042,391095.83467787504,0.0016212629860126607,-21000.0,-8.730973753029855e-05,0.005999999999999999,0.002580991124260355,8480582.0,,0.11187807866048065,2.0,,,,2.0,10.0259005,0.249564987435413,,,,,,,,OK,REVISAR,9.54081770032644e-07,0.0,2.980232238769531e-07,278490359.977838,0.0,6.05443307886892e-09,4.6857167035337e-10,1.54604203999043e-07,9.54081770032644e-07,713615.401033073,3.136921893161,36109753.2095967,278490359.977838,3.63797880709171e-12,0.0,9.54081770032644e-07,0.0,0.0,0.0,0.0,0.0,0.0,0.0,0.0,0.0,0.0,-240838018.782771,1084.12106960749,0.0,278490359.977838,0.0,0.0,0.0,664.0,0.0,997.0,0.0,0.0,0.0,0.0,-240543629.506836,-240838018.782771,391095.834677577,0.0016212629860114253,empeora,-48085.90603879094,DIFIERE,17190000.0,5232,/clusteruy/home/mathiasr/generator-aware-row-scaling/results-revision/r3-hyperparam/simple-gurobi-1pct/win9/resultados/caso23f_estructurado.csv,/clusteruy/home/mathiasr/generator-aware-row-scaling/results-revision/r3-hyperparam/simple-gurobi-1pct/win9/resultados/caso23f_estructurado_postprocesado.csv,/clusteruy/home/mathiasr/generator-aware-row-scaling/results-revision/r3-hyperparam/simple-gurobi-1pct/win9/logs/caso23f_estructurado.log
caso24a.txt,base,OK,0,1.71393445,0.062408037464402,-334316196.4912037,-341943000.0,OPTIMAL,-334524836.6683595,1.0,9288.0,0.23,14400.0,10800.0,35590.0,10839.0,8720.0,28750.0,24.729166666666668,19.25925925925926,19.21888170834504,3,Model contains large bounds | Model contains large matrix coefficients | Model contains large rhs,0.003,2000000000.0,0.003,3000.0,5.0,7000000000.0,1.0,10000000000.0,,,,,,,,,0.0,1.71393445,1.0,1.0,1.0,0.0,0.0,0.0,,,0.0,,,,50030709.292895,,,1.842305,,,,1.842305,1.0,0.208995877140509,,,,,,,,BASE,BASE,,,,,,2.92963483323429e-09,2.89324120217306e-14,9.31322574615479e-08,6.58677890896797e-07,3662375.7181042,4.29803509618319,100324567.055301,821918990.545476,1.4210854715202e-14,0.0,8.7847001850605e-07,0.0,0.0,0.0,0.0,0.0,0.0,0.0,0.0,0.0,0.0,-334316196.491204,2250.1069063992,0.0,821918990.545476,0.0,0.0,0.0,427.0,0.0,942.0,0.0,0.0,0.0,0.0,-341943491.344136,,,,,,BASE,0.0,0,/clusteruy/home/mathiasr/generator-aware-row-scaling/results-revision/r3-hyperparam/simple-gurobi-1pct/win9/resultados/caso24a_base.csv,/clusteruy/home/mathiasr/generator-aware-row-scaling/results-revision/r3-hyperparam/simple-gurobi-1pct/win9/resultados/caso24a_base_postprocesado.csv,/clusteruy/home/mathiasr/generator-aware-row-scaling/results-revision/r3-hyperparam/simple-gurobi-1pct/win9/logs/caso24a_base.log
caso24a.txt,estructurado,OK,0,1.769479693,0.291544556141227,-333552929.48517007,-340334000.0,OPTIMAL,-334525384.89293367,1.0,8945.0,0.24,14400.0,10800.0,35590.0,10909.0,8760.0,28826.0,24.243055555555557,18.88888888888889,19.005338578252317,1,Model contains large bounds,1e-05,40000.0,0.003,3000.0,0.4,80000.0,1.0,10000000000.0,0.005999999999999999,1.0,0.00014285714285714287,1.0,2611000000000.0,6600000000.0,0.0002448,1.0,0.075187407,1.8446671000000001,0.968609279202392,0.968609279202392,0.9291294076855384,0.075187407,0.04249125169248269,-0.229136518676825,763267.006033659,0.002283069184336516,1609000.0,0.004705462606340823,0.005999999999999999,0.0025277671390271927,4025056.0,,0.08045170769888745,2.0,,,,2.0,0.9211525,0.200975934978144,,,,,,,,OK,REVISAR,1.0092044249177e-06,0.0,5.960464477539063e-08,804005360.513789,0.0,8.46797173316745e-09,4.65661287307739e-10,2.01169168576598e-07,1.0092044249177e-06,3549480.42830322,4.5652689939638,100212248.080371,804005360.513789,3.63797880709171e-12,0.0,1.0092044249177e-06,0.0,0.0,0.0,0.0,0.0,1.0,0.0,0.0,0.0,0.0,-333552929.48517,1764.28836979029,0.0,804005360.513789,0.0,0.0,0.0,421.0,0.0,943.0,0.0,0.0,0.0,0.0,-340334304.165084,-333552929.48517,763267.0060337186,0.0022830691843366943,empeora,-548.2245741486549,DIFIERE,6240000.0,4244,/clusteruy/home/mathiasr/generator-aware-row-scaling/results-revision/r3-hyperparam/simple-gurobi-1pct/win9/resultados/caso24a_estructurado.csv,/clusteruy/home/mathiasr/generator-aware-row-scaling/results-revision/r3-hyperparam/simple-gurobi-1pct/win9/resultados/caso24a_estructurado_postprocesado.csv,/clusteruy/home/mathiasr/generator-aware-row-scaling/results-revision/r3-hyperparam/simple-gurobi-1pct/win9/logs/caso24a_estructurado.log
caso24b.txt,base,OK,0,1.980098128,0.071696760862945,-346968974.54396605,-346576000.0,OPTIMAL,-347217740.05991346,1.0,12051.0,0.24,14400.0,10800.0,35590.0,10839.0,8720.0,28750.0,24.729166666666668,19.25925925925926,19.21888170834504,3,Model contains large bounds | Model contains large matrix coefficients | Model contains large rhs,0.003,2000000000.0,0.003,3000.0,5.0,7000000000.0,1.0,10000000000.0,,,,,,,,,0.0,1.980098128,1.0,1.0,1.0,0.0,0.0,0.0,,,0.0,,,,39679523.293672,,,2.066247,,,,2.066247,1.0,0.204052236484175,,,,,,,,BASE,BASE,,,,,,3.5035166343838e-09,1.02131636481317e-11,1.00582838058472e-07,8.15838575363159e-07,485460.609774335,1.85730879761948,21359327.5557661,245868529.256225,9.09494701772928e-13,0.0,8.15838575363159e-07,0.0,0.0,0.0,0.0,0.0,0.0,0.0,0.0,0.0,0.0,-346968974.543966,2313.19661338445,0.0,245868529.256225,0.0,0.0,0.0,983.0,0.0,957.0,0.0,0.0,0.0,0.0,-346575547.160118,,,,,,BASE,0.0,0,/clusteruy/home/mathiasr/generator-aware-row-scaling/results-revision/r3-hyperparam/simple-gurobi-1pct/win9/resultados/caso24b_base.csv,/clusteruy/home/mathiasr/generator-aware-row-scaling/results-revision/r3-hyperparam/simple-gurobi-1pct/win9/resultados/caso24b_base_postprocesado.csv,/clusteruy/home/mathiasr/generator-aware-row-scaling/results-revision/r3-hyperparam/simple-gurobi-1pct/win9/logs/caso24b_base.log
caso24b.txt,estructurado,OK,0,1.935406855,0.3237797902643,-346097837.5158404,-345692000.0,OPTIMAL,-347218432.3682585,1.0,9875.0,0.24,14400.0,10800.0,35590.0,10909.0,8760.0,28826.0,24.243055555555557,18.88888888888889,19.005338578252317,1,Model contains large bounds,1e-05,40000.0,0.003,3000.0,0.4,80000.0,1.0,10000000000.0,0.005999999999999999,1.0,0.00014285714285714287,1.0,2611000000000.0,6600000000.0,0.0002448,1.0,0.075276213,2.010683068,1.0230914098937611,1.0230914098937611,0.9847887812421764,0.075276213,0.03889425771409701,-0.25208302940135496,871137.0281256437,0.002510705832619792,884000.0,0.00255066709754859,0.005999999999999999,0.0025277671390271927,17755323.0,,0.4474681529964746,2.0,,,,2.0,1.0331235,0.208160042461314,,,,,,,,OK,REVISAR,6.80461525917053e-05,0.0,4.172325134277344e-07,245633443.645216,0.0,1.45120326027827e-08,1.30617991089817e-08,2.30967998504639e-07,6.80461525917053e-05,491522.269990907,1.94592890568709,21715852.7249158,245633443.645216,1.19209289550781e-07,0.0,6.80461525917053e-05,0.0,0.0,0.0,0.0,0.0,2.0,0.0,0.0,0.0,0.0,-346097837.51584,2322.36824479641,0.0,245633443.645216,0.0,0.0,0.0,975.0,0.0,959.0,0.0,0.0,0.0,0.0,-345692040.310221,-346097837.51584,871137.028126061,0.0025107058326209945,empeora,-692.3083450198174,DIFIERE,4295000.0,3951,/clusteruy/home/mathiasr/generator-aware-row-scaling/results-revision/r3-hyperparam/simple-gurobi-1pct/win9/resultados/caso24b_estructurado.csv,/clusteruy/home/mathiasr/generator-aware-row-scaling/results-revision/r3-hyperparam/simple-gurobi-1pct/win9/resultados/caso24b_estructurado_postprocesado.csv,/clusteruy/home/mathiasr/generator-aware-row-scaling/results-revision/r3-hyperparam/simple-gurobi-1pct/win9/logs/caso24b_estructurado.log
caso24c.txt,base,OK,0,1.666208511,0.066312883142596,-340016341.46880674,-340357000.0,OPTIMAL,-340241816.1079907,1.0,10957.0,0.24,14400.0,10800.0,35590.0,10839.0,8720.0,28750.0,24.729166666666668,19.25925925925926,19.21888170834504,3,Model contains large bounds | Model contains large matrix coefficients | Model contains large rhs,0.003,2000000000.0,0.005,3000.0,5.0,7000000000.0,1.0,10000000000.0,,,,,,,,,0.0,1.666208511,1.0,1.0,1.0,0.0,0.0,0.0,,,0.0,,,,45526218.78861,,,1.662171,,,,1.662171,1.0,0.233887891883673,,,,,,,,BASE,BASE,,,,,,3.01882981961183e-09,6.8837158195832e-12,9.68761742115025e-08,4.8615038394928e-07,1510656.67200517,1.96190877781013,57150683.3239823,368806293.89954,1.81898940354586e-12,0.0,8.7847001850605e-07,0.0,0.0,0.0,0.0,0.0,0.0,0.0,0.0,0.0,0.0,-340016341.468807,1874.07001850912,0.0,368806293.89954,0.0,0.0,0.0,512.0,0.0,942.0,0.0,0.0,0.0,0.0,-340356823.232696,,,,,,BASE,0.0,0,/clusteruy/home/mathiasr/generator-aware-row-scaling/results-revision/r3-hyperparam/simple-gurobi-1pct/win9/resultados/caso24c_base.csv,/clusteruy/home/mathiasr/generator-aware-row-scaling/results-revision/r3-hyperparam/simple-gurobi-1pct/win9/resultados/caso24c_base_postprocesado.csv,/clusteruy/home/mathiasr/generator-aware-row-scaling/results-revision/r3-hyperparam/simple-gurobi-1pct/win9/logs/caso24c_base.log
caso24c.txt,estructurado,OK,0,1.791174094,0.289882483760518,-339259161.29782116,-339866000.0,OPTIMAL,-340242614.1809764,1.0,8993.0,0.24,14400.0,10800.0,35590.0,10909.0,8760.0,28826.0,24.243055555555557,18.88888888888889,19.005338578252317,1,Model contains large bounds,1e-05,40000.0,0.005,3000.0,0.4,80000.0,1.0,10000000000.0,0.005999999999999999,1.0,0.00014285714285714287,1.0,2611000000000.0,6600000000.0,0.0002448,1.0,0.075367396,1.8665414900000001,0.9302325868721503,0.9302325868721503,0.8926715639200712,0.075367396,0.042077091362845494,-0.22356960061792203,757180.1709855795,0.0022268934713981785,491000.0,0.0014426029139991245,0.005999999999999999,0.0025277671390271927,3285508.0,,0.07216738150944323,2.0,,,,2.0,0.8310855,0.240707016370829,,,,,,,,OK,REVISAR,1.0092044249177e-06,0.0,1.7881393432617188e-07,368583613.655891,0.0,9.47162840762729e-09,3.72529029846191e-09,2.12927116081119e-07,1.0092044249177e-06,1614706.70420665,1.72288499838386,59086213.197764,368583613.655891,3.63797880709171e-12,0.0,1.0092044249177e-06,0.0,0.0,0.0,0.0,0.0,1.0,0.0,0.0,0.0,0.0,-339259161.297821,1884.6312910441,0.0,368583613.655891,0.0,0.0,0.0,445.0,0.0,943.0,0.0,0.0,0.0,0.0,-339866035.028958,-339259161.297821,757180.1709857583,0.0022268934713987045,empeora,-798.0729857087135,DIFIERE,4520000.0,4247,/clusteruy/home/mathiasr/generator-aware-row-scaling/results-revision/r3-hyperparam/simple-gurobi-1pct/win9/resultados/caso24c_estructurado.csv,/clusteruy/home/mathiasr/generator-aware-row-scaling/results-revision/r3-hyperparam/simple-gurobi-1pct/win9/resultados/caso24c_estructurado_postprocesado.csv,/clusteruy/home/mathiasr/generator-aware-row-scaling/results-revision/r3-hyperparam/simple-gurobi-1pct/win9/logs/caso24c_estructurado.log
caso24d.txt,base,OK,0,2.527497576,0.093187173173935,-274470891.44269496,-276523000.0,OPTIMAL,-274726663.1076157,1.0,10076.0,0.24,14400.0,10800.0,35590.0,10829.0,8518.0,28676.0,24.79861111111111,21.12962962962963,19.42680528238269,3,Model contains large bounds | Model contains large matrix coefficients | Model contains large rhs,0.003,2000000000.0,0.003,2000.0,5.0,7000000000.0,1.0,10000000000.0,,,,,,,,,0.0,2.527497576,1.0,1.0,1.0,0.0,0.0,0.0,,,0.0,,,,61120243.365591,,,2.411799,,0.02704,2.087984,2.411799,1.0,0.178691254791012,,,,,,,,BASE,BASE,,,,,,2.48797311946502e-09,5.19584375524573e-14,7.82310962677002e-08,9.40868631005287e-07,1839465.3013228,5.93531743984861,43086656.9719411,867620534.312284,1.19209289550781e-07,0.0,9.40868631005287e-07,0.0,0.0,0.0,0.0,0.0,0.0,0.0,0.0,0.0,0.0,-274470891.442695,649.240332676447,0.0,867620534.312284,0.0,0.0,0.0,260.0,0.0,1028.0,0.0,0.0,0.0,0.0,-276523442.559271,,,,,,BASE,0.0,0,/clusteruy/home/mathiasr/generator-aware-row-scaling/results-revision/r3-hyperparam/simple-gurobi-1pct/win9/resultados/caso24d_base.csv,/clusteruy/home/mathiasr/generator-aware-row-scaling/results-revision/r3-hyperparam/simple-gurobi-1pct/win9/resultados/caso24d_base_postprocesado.csv,/clusteruy/home/mathiasr/generator-aware-row-scaling/results-revision/r3-hyperparam/simple-gurobi-1pct/win9/logs/caso24d_base.log
caso24d.txt,estructurado,OK,0,2.647011289,0.098959976403156,-274471038.3699508,-276446000.0,OPTIMAL,-274742654.8447552,1.0,10145.0,0.24,14400.0,10800.0,35590.0,10899.0,8558.0,28752.0,24.3125,20.75925925925926,19.213262152289968,1,Model contains large bounds,1e-05,40000.0,0.003,2000.0,0.4,80000.0,1.0,10000000000.0,0.005999999999999999,1.0,0.00014285714285714287,1.0,2611000000000.0,6600000000.0,0.0002448,1.0,0.074894628,2.721905917,0.9548495643004415,0.9548495643004415,0.9285763920840178,0.074894628,0.02829403422313852,-0.005772803229220996,-146.9272558093071,-5.353108850159548e-07,77000.0,0.00027845784979911256,0.005999999999999999,0.0025277671390271927,3229027.0,,0.05283072877648018,2.0,,0.0,2.0,2.0,1.2058995,0.162243556188456,,,,,,,,OK,REVISAR,2.00597569346428e-05,0.0,2.384185791015625e-07,870558981.285691,0.0,9.41212826822775e-09,4.65661287307739e-10,1.643986615818e-07,2.00597569346428e-05,1703879.27503348,5.93919319751325,42764891.5075001,870558981.285691,7.27595761418343e-12,0.0,2.00597569346428e-05,0.0,5.42206635145703e-09,0.0,0.0,0.0,3.0,0.0,0.0,0.0,0.0,-274471038.369951,632.008782750963,0.0,870558981.285691,0.0,5.42206635145703e-09,0.0,255.0,0.0,1031.0,0.0,0.0,0.0,0.0,-276446141.85209,-274471038.369951,-146.92725604772568,5.353108858846028e-07,igual,-15991.737139463425,DIFIERE,3665000.0,989,/clusteruy/home/mathiasr/generator-aware-row-scaling/results-revision/r3-hyperparam/simple-gurobi-1pct/win9/resultados/caso24d_estructurado.csv,/clusteruy/home/mathiasr/generator-aware-row-scaling/results-revision/r3-hyperparam/simple-gurobi-1pct/win9/resultados/caso24d_estructurado_postprocesado.csv,/clusteruy/home/mathiasr/generator-aware-row-scaling/results-revision/r3-hyperparam/simple-gurobi-1pct/win9/logs/caso24d_estructurado.log
caso24e.txt,base,OK,0,44.564999103,0.911734918281015,-285849385.6495546,-290739000.0,OPTIMAL,-288455574.31221336,9565.0,377584.0,0.24,14400.0,10800.0,35590.0,10829.0,8518.0,28676.0,24.79861111111111,21.12962962962963,19.42680528238269,3,Model contains large bounds | Model contains large matrix coefficients | Model contains large rhs,0.003,2000000000.0,0.003,2000.0,5.0,7000000000.0,1.0,10000000000.0,,,,,,,,,0.0,44.564999103,1.0,1.0,1.0,0.0,0.0,0.0,,,0.0,,,,50768345.371028,,,49.533366,,0.025427,5.049085,49.533366,1.0,0.029503639260172,,,,,,,,BASE,BASE,,,,,,2.2680922886384e-09,5.08593167580783e-14,7.45058059692383e-08,4.76837158203125e-07,712155.300186298,5.46026531776847,28393035.668929,837170322.395394,3.63797880709171e-12,0.0,4.76837158203125e-07,0.0,0.0,0.0,0.0,0.0,0.0,0.0,0.0,0.0,0.0,-285849385.649555,802.378784433611,0.0,837170322.395394,0.0,0.0,0.0,341.0,0.0,1028.0,0.0,0.0,0.0,0.0,-290738833.138619,,,,,,BASE,0.0,0,/clusteruy/home/mathiasr/generator-aware-row-scaling/results-revision/r3-hyperparam/simple-gurobi-1pct/win9/resultados/caso24e_base.csv,/clusteruy/home/mathiasr/generator-aware-row-scaling/results-revision/r3-hyperparam/simple-gurobi-1pct/win9/resultados/caso24e_base_postprocesado.csv,/clusteruy/home/mathiasr/generator-aware-row-scaling/results-revision/r3-hyperparam/simple-gurobi-1pct/win9/logs/caso24e_base.log
caso24e.txt,estructurado,OK,0,3.09838427,0.384310829518708,-287554216.8168409,-288851000.0,OPTIMAL,-288659318.8128057,1.0,10595.0,0.24,14400.0,10800.0,35590.0,10899.0,8558.0,28752.0,24.3125,20.75925925925926,19.213262152289968,1,Model contains large bounds,1e-05,40000.0,0.003,2000.0,0.4,80000.0,1.0,10000000000.0,0.005999999999999999,1.0,0.00014285714285714287,1.0,2611000000000.0,6600000000.0,0.0002448,1.0,0.074820911,3.173205181,14.383302786067913,14.383302786067913,14.044159315583821,0.074820911,0.024148363947122675,0.5274240887623071,-1704831.1672862768,-0.005964088967384958,1888000.0,0.006493796841840964,0.005999999999999999,0.0025277671390271927,3899489.0,,0.07680945619758811,3.0,,,,3.0,16.511122,0.20398397908977,,,,,,,,OK,REVISAR,2.27577984333038e-05,0.0,1.1920928955078125e-07,100795265.744025,0.0,1.03064940076624e-08,4.65661287307739e-10,1.84925738722087e-07,2.27577984333038e-05,253318.094272856,2.75316786730729,6480969.92119206,100795265.744025,7.27595761418343e-12,0.0,2.27577984333038e-05,0.0,0.0,0.0,0.0,0.0,3.0,0.0,0.0,0.0,0.0,-287554216.816841,839.899094755245,0.0,100795265.744025,0.0,0.0,0.0,1053.0,0.0,1031.0,0.0,0.0,0.0,0.0,-288851233.587919,-287554216.816841,-1704831.167286396,0.005964088967385375,mejora,-203744.50059235096,DIFIERE,343401000.0,6221,/clusteruy/home/mathiasr/generator-aware-row-scaling/results-revision/r3-hyperparam/simple-gurobi-1pct/win9/resultados/caso24e_estructurado.csv,/clusteruy/home/mathiasr/generator-aware-row-scaling/results-revision/r3-hyperparam/simple-gurobi-1pct/win9/resultados/caso24e_estructurado_postprocesado.csv,/clusteruy/home/mathiasr/generator-aware-row-scaling/results-revision/r3-hyperparam/simple-gurobi-1pct/win9/logs/caso24e_estructurado.log
caso24f.txt,base,OK,0,2.279573824,0.170459227259014,-280657877.5928786,-283028000.0,OPTIMAL,-281136284.84226495,1.0,12084.0,0.24,14400.0,10800.0,35590.0,10829.0,8518.0,28676.0,24.79861111111111,21.12962962962963,19.42680528238269,3,Model contains large bounds | Model contains large matrix coefficients | Model contains large rhs,0.003,2000000000.0,0.005,2000.0,5.0,7000000000.0,1.0,10000000000.0,,,,,,,,,0.0,2.279573824,1.0,1.0,1.0,0.0,0.0,0.0,,,0.0,,,,211014920912586.34,,,2.264107,,0.026567,1.94914,2.264107,1.0,0.19448541195701,,,,,,,,BASE,BASE,,,,,,2.36152699057518e-09,5.6843418860808e-14,7.45058059692383e-08,4.64729964733124e-07,1240197.95737535,4.62622973124817,25047219.391903,841182846.583398,1.19209289550781e-07,0.0,4.76837158203125e-07,0.0,0.0,0.0,0.0,0.0,0.0,0.0,0.0,0.0,0.0,-280657877.592879,800.433286861378,0.0,841182846.583398,0.0,0.0,0.0,347.0,0.0,1028.0,0.0,0.0,0.0,0.0,-283028330.477934,,,,,,BASE,0.0,0,/clusteruy/home/mathiasr/generator-aware-row-scaling/results-revision/r3-hyperparam/simple-gurobi-1pct/win9/resultados/caso24f_base.csv,/clusteruy/home/mathiasr/generator-aware-row-scaling/results-revision/r3-hyperparam/simple-gurobi-1pct/win9/resultados/caso24f_base_postprocesado.csv,/clusteruy/home/mathiasr/generator-aware-row-scaling/results-revision/r3-hyperparam/simple-gurobi-1pct/win9/logs/caso24f_base.log
caso24f.txt,estructurado,OK,0,2.613300773,0.173493922959997,-280643449.4634485,-283406000.0,OPTIMAL,-281130348.7934529,1.0,11461.0,0.24,14400.0,10800.0,35590.0,10899.0,8558.0,28752.0,24.3125,20.75925925925926,19.213262152289968,1,Model contains large bounds,1e-05,40000.0,0.005,2000.0,0.4,80000.0,1.0,10000000000.0,0.005999999999999999,1.0,0.00014285714285714287,1.0,2611000000000.0,6600000000.0,0.0002448,1.0,0.074648857,2.6879496300000003,0.872296770257757,0.872296770257757,0.8480716299732148,0.074648857,0.028564969547804894,-0.003034695700982998,14428.129430055618,5.14082467729091e-05,-378000.0,-0.0013355569060304988,0.005999999999999999,0.0025277671390271927,2161921.0,,1.024534658805281e-08,2.0,,0.0,2.0,2.0,1.1320535,0.175853665741439,,,,,,,,OK,REVISAR,1.52587890625e-05,0.0,5.364418029785156e-07,858096131.78322,0.0,9.61409446399312e-09,4.65661287307739e-10,1.39698386192322e-07,9.5367431640625e-07,1366632.2764594,4.59147777640998,24866960.5151135,858096131.78322,7.27595761418343e-12,0.0,1.52587890625e-05,0.0,0.0,0.0,0.0,0.0,3.0,0.0,0.0,0.0,0.0,-280643449.463448,800.433286861378,0.0,858096131.78322,0.0,0.0,0.0,345.0,0.0,1030.0,0.0,0.0,0.0,0.0,-283405978.852304,-280643449.463448,14428.12943059206,5.1408246774820474e-05,empeora,5936.048812031746,DIFIERE,7070000.0,3045,/clusteruy/home/mathiasr/generator-aware-row-scaling/results-revision/r3-hyperparam/simple-gurobi-1pct/win9/resultados/caso24f_estructurado.csv,/clusteruy/home/mathiasr/generator-aware-row-scaling/results-revision/r3-hyperparam/simple-gurobi-1pct/win9/resultados/caso24f_estructurado_postprocesado.csv,/clusteruy/home/mathiasr/generator-aware-row-scaling/results-revision/r3-hyperparam/simple-gurobi-1pct/win9/logs/caso24f_estructurado.log
caso25a.txt,base,OK,0,1.236091984,0.001870520412928,-139460724.3736928,-244628000.0,OPTIMAL,-139463333.01501024,1.0,6246.0,0.22,14400.0,10800.0,35590.0,10171.0,8721.0,27486.0,29.368055555555557,19.25,22.770441135150325,3,Model contains large bounds | Model contains large matrix coefficients | Model contains large rhs,0.002,2000000000.0,0.003,3000.0,5.0,5000000000.0,1.0,10000000000.0,,,,,,,,,0.0,1.236091984,1.0,1.0,1.0,0.0,0.0,0.0,,,0.0,,,,1756343.563801,,,1.131156,,,,1.131156,1.0,0.331070912002533,,,,,,,,BASE,BASE,,,,,,2.12791485289585e-09,3.5527136788005e-15,5.21540641784668e-08,2.03028321266174e-07,10327782.4253242,65.7305293656157,742040731.67964,825604030.803104,9.09494701772928e-13,0.0,5.68805262446404e-07,0.0,0.0,0.0,0.0,0.0,0.0,0.0,0.0,0.0,0.0,-139460724.373693,1089.16775855804,0.0,825604030.803104,0.0,0.0,0.0,540.0,0.0,770.0,0.0,0.0,0.0,0.0,-244627844.51259,,,,,,BASE,0.0,0,/clusteruy/home/mathiasr/generator-aware-row-scaling/results-revision/r3-hyperparam/simple-gurobi-1pct/win9/resultados/caso25a_base.csv,/clusteruy/home/mathiasr/generator-aware-row-scaling/results-revision/r3-hyperparam/simple-gurobi-1pct/win9/resultados/caso25a_base_postprocesado.csv,/clusteruy/home/mathiasr/generator-aware-row-scaling/results-revision/r3-hyperparam/simple-gurobi-1pct/win9/logs/caso25a_base.log
caso25a.txt,estructurado,OK,0,1.199600415,0.001870363750716,-139460724.6190657,-234699000.0,OPTIMAL,-139463333.04190546,1.0,6118.0,0.23,14400.0,10800.0,35590.0,10174.0,8724.0,27480.0,29.34722222222222,19.22222222222222,22.787299803315538,1,Model contains large bounds,1e-05,40000.0,0.003,3000.0,0.1,70000.0,1.0,10000000000.0,0.003999999999999999,1.0,0.0007,1.0,2341000000000.0,5345000000.0,0.0002863,1.0,0.07550141,1.275101825,1.030419770236575,1.030419770236575,0.9694064895562361,0.07550141,0.06293879950016523,1.5666221199993335e-07,-0.24537289142608643,-1.759440821263742e-09,9929000.0,0.04058815834655068,0.003999999999999999,0.002283212302434857,44044.0,,0.025077098187260102,1.0,,,,1.0,1.131156,0.335689729237721,,,,,,,,OK,REVISAR,1.51805579662323e-06,0.0,2.980232238769531e-07,822562469.122002,0.0,6.75361334148658e-09,1.16415321826935e-10,2.235546708107e-07,9.5367431640625e-07,9793482.79501028,31.7806810990282,733030612.696828,822562469.122002,3.63797880709171e-12,0.0,1.51805579662323e-06,0.0,0.0,0.0,0.0,0.0,1.0,0.0,0.0,0.0,0.0,-139460724.619066,1089.16775855804,0.0,822562469.122002,0.0,0.0,0.0,492.0,0.0,771.0,0.0,0.0,0.0,0.0,-234699485.979473,-139460724.619066,-0.2453731894493103,1.7594429582325926e-09,igual,-0.026895225048065186,DIFIERE,49150000.0,1581,/clusteruy/home/mathiasr/generator-aware-row-scaling/results-revision/r3-hyperparam/simple-gurobi-1pct/win9/resultados/caso25a_estructurado.csv,/clusteruy/home/mathiasr/generator-aware-row-scaling/results-revision/r3-hyperparam/simple-gurobi-1pct/win9/resultados/caso25a_estructurado_postprocesado.csv,/clusteruy/home/mathiasr/generator-aware-row-scaling/results-revision/r3-hyperparam/simple-gurobi-1pct/win9/logs/caso25a_estructurado.log
caso25b.txt,base,OK,0,1.46095701,0.011564081514211,-149554210.87535864,-149677000.0,OPTIMAL,-149571505.4462122,1.0,9364.0,0.22,14400.0,10800.0,35590.0,10171.0,8721.0,27486.0,29.368055555555557,19.25,22.770441135150325,4,Model contains large bounds | Model contains large matrix coefficients | Model contains large rhs | max constraint violation (1.1425e-06) exceeds tolerance,0.002,2000000000.0,0.003,3000.0,5.0,5000000000.0,1.0,10000000000.0,,,,,,,,,0.0,1.46095701,1.0,1.0,1.0,0.0,0.0,0.0,,,0.0,,,,6327452.347135,,,1.544217,,,,1.544217,1.0,0.289228197177774,,,,,,,,BASE,BASE,,,,,,5.96149710442172e-09,4.20259311795218e-09,2.37773056142033e-07,1.14249996840954e-06,158409.396661758,0.991789594216931,4901720.45914866,29065698.7133335,1.92254110831886e-08,0.0,1.14249996840954e-06,8.27147844102647e-10,0.0,0.0,0.0,0.0,2.0,0.0,0.0,0.0,0.0,-149554210.875359,1500.33672246952,0.0,29065698.7133335,8.27147844102647e-10,0.0,0.0,883.0,0.0,776.0,0.0,0.0,0.0,0.0,-149677225.950998,,,,,,BASE,0.0,0,/clusteruy/home/mathiasr/generator-aware-row-scaling/results-revision/r3-hyperparam/simple-gurobi-1pct/win9/resultados/caso25b_base.csv,/clusteruy/home/mathiasr/generator-aware-row-scaling/results-revision/r3-hyperparam/simple-gurobi-1pct/win9/resultados/caso25b_base_postprocesado.csv,/clusteruy/home/mathiasr/generator-aware-row-scaling/results-revision/r3-hyperparam/simple-gurobi-1pct/win9/logs/caso25b_base.log
caso25b.txt,estructurado,OK,0,1.559073381,0.011572649092917,-149554210.87535867,-149677000.0,OPTIMAL,-149571518.25938696,1.0,9955.0,0.23,14400.0,10800.0,35590.0,10174.0,8724.0,27480.0,29.34722222222222,19.22222222222222,22.787299803315538,1,Model contains large bounds,1e-05,40000.0,0.003,3000.0,0.1,70000.0,1.0,10000000000.0,0.003999999999999999,1.0,0.0007,1.0,2341000000000.0,5345000000.0,0.0002863,1.0,0.075019344,1.634092725,0.937067509332327,0.937067509332327,0.8940478025810928,0.075019344,0.04811790446443393,-8.567578705999043e-06,-2.9802322387695312e-08,-1.9927437825560887e-16,0.0,0.0,0.003999999999999999,0.002283212302434857,906431.0,,0.14325370627412498,2.0,,,,2.0,0.7721085,0.288006775617171,,,,,,,,OK,REVISAR,3.09944152832031e-06,0.0,3.2782554626464844e-07,29065698.7133332,0.0,8.97019812616011e-09,1.11758708953857e-08,2.64342525042594e-07,1.2771924957633e-06,158409.396661768,0.991789594216931,4901720.45914865,29065698.7133332,3.63797880709171e-12,0.0,3.09944152832031e-06,0.0,0.0,0.0,0.0,0.0,10.0,0.0,0.0,0.0,0.0,-149554210.875359,1500.33672246952,0.0,29065698.7133332,0.0,0.0,0.0,883.0,0.0,784.0,0.0,0.0,0.0,0.0,-149677225.950998,-149554210.875359,-3.5762786865234375e-07,2.3912925390673067e-15,igual,-12.81317475438118,OK,0.0,0,/clusteruy/home/mathiasr/generator-aware-row-scaling/results-revision/r3-hyperparam/simple-gurobi-1pct/win9/resultados/caso25b_estructurado.csv,/clusteruy/home/mathiasr/generator-aware-row-scaling/results-revision/r3-hyperparam/simple-gurobi-1pct/win9/resultados/caso25b_estructurado_postprocesado.csv,/clusteruy/home/mathiasr/generator-aware-row-scaling/results-revision/r3-hyperparam/simple-gurobi-1pct/win9/logs/caso25b_estructurado.log
caso25c.txt,base,OK,0,1.509908394,0.00935351464431,-143316649.16058,-143241000.0,OPTIMAL,-143330054.30434698,1.0,9437.0,0.22,14400.0,10800.0,35590.0,10171.0,8721.0,27486.0,29.368055555555557,19.25,22.770441135150325,3,Model contains large bounds | Model contains large matrix coefficients | Model contains large rhs,0.002,2000000000.0,0.005,3000.0,5.0,5000000000.0,1.0,10000000000.0,,,,,,,,,0.0,1.509908394,1.0,1.0,1.0,0.0,0.0,0.0,,,0.0,,,,4660501.609041,,,1.445026,,,,1.445026,1.0,0.296252844754881,,,,,,,,BASE,BASE,,,,,,5.62589701631772e-09,3.72529029846191e-09,2.08653509616853e-07,9.66945663094521e-07,266559.389246879,0.494849860718404,8793821.70725766,63084088.496065,4.61635839769169e-08,0.0,9.66945663094521e-07,1.98612704806858e-09,0.0,0.0,0.0,0.0,0.0,0.0,0.0,0.0,0.0,-143316649.16058,761.441224292819,0.0,63084088.496065,1.98612704806858e-09,0.0,0.0,675.0,0.0,740.0,0.0,0.0,0.0,0.0,-143240630.458259,,,,,,BASE,0.0,0,/clusteruy/home/mathiasr/generator-aware-row-scaling/results-revision/r3-hyperparam/simple-gurobi-1pct/win9/resultados/caso25c_base.csv,/clusteruy/home/mathiasr/generator-aware-row-scaling/results-revision/r3-hyperparam/simple-gurobi-1pct/win9/resultados/caso25c_base_postprocesado.csv,/clusteruy/home/mathiasr/generator-aware-row-scaling/results-revision/r3-hyperparam/simple-gurobi-1pct/win9/logs/caso25c_base.log
caso25c.txt,estructurado,OK,0,1.435867268,0.009246892783879,-143316802.0188987,-143238000.0,OPTIMAL,-143330054.36992267,1.0,9547.0,0.23,14400.0,10800.0,35590.0,10174.0,8724.0,27480.0,29.34722222222222,19.22222222222222,22.787299803315538,1,Model contains large bounds,1e-05,40000.0,0.005,3000.0,0.1,70000.0,1.0,10000000000.0,0.003999999999999999,1.0,0.0007,1.0,2341000000000.0,5345000000.0,0.0002863,1.0,0.074594816,1.510462084,1.0515654389859663,1.0515654389859663,0.9996334300570235,0.074594816,0.05195105262334039,0.0001066218604310002,-152.8583186864853,-1.0665775370955976e-06,3000.0,2.0943724213039564e-05,0.003999999999999999,0.002283212302434857,869457.0,,0.18655867392327966,1.0,,,,1.0,1.445026,0.276894518366814,,,,,,,,OK,REVISAR,1.60560011863708e-06,0.0,2.980232238769531e-07,57392119.6533614,0.0,9.30155013183864e-09,1.11758708953857e-08,2.89409945253283e-07,1.60560011863708e-06,263403.254157192,0.487599304235636,8964753.1081378,57392119.6533614,3.63797880709171e-12,0.0,1.60560011863708e-06,0.0,0.0,0.0,0.0,0.0,6.0,0.0,0.0,0.0,0.0,-143316802.018899,761.441224292816,0.0,57392119.6533614,0.0,0.0,0.0,669.0,0.0,746.0,0.0,0.0,0.0,0.0,-143237601.188225,-143316802.018899,-152.85831898450851,1.0665775391750716e-06,mejora,-0.06557568907737732,DIFIERE,40000.0,2165,/clusteruy/home/mathiasr/generator-aware-row-scaling/results-revision/r3-hyperparam/simple-gurobi-1pct/win9/resultados/caso25c_estructurado.csv,/clusteruy/home/mathiasr/generator-aware-row-scaling/results-revision/r3-hyperparam/simple-gurobi-1pct/win9/resultados/caso25c_estructurado_postprocesado.csv,/clusteruy/home/mathiasr/generator-aware-row-scaling/results-revision/r3-hyperparam/simple-gurobi-1pct/win9/logs/caso25c_estructurado.log
caso25d.txt,base,OK,0,1.32966307,0.086462148682704,-138105887.39056706,-178278000.0,OPTIMAL,-138225296.70826226,1.0,6155.0,0.22,14400.0,10800.0,35590.0,10648.0,8683.0,28440.0,26.055555555555557,19.60185185185185,20.089912896881145,3,Model contains large bounds | Model contains large matrix coefficients | Model contains large rhs,0.002,2000000000.0,0.003,2000.0,5.0,5000000000.0,1.0,10000000000.0,,,,,,,,,0.0,1.32966307,1.0,1.0,1.0,0.0,0.0,0.0,,,0.0,,,,90655854.646111,,,1.301861,,,,1.301861,1.0,0.319144982036347,,,,,,,,BASE,BASE,,,,,,1.33084665430745e-09,2.8421709430404e-14,3.8193538784981e-08,7.08736479282379e-07,11583181.7666237,58.2733036107,741600937.715295,851981428.651231,3.63797880709171e-12,0.0,7.85104930400848e-07,0.0,0.0,0.0,0.0,0.0,0.0,0.0,0.0,0.0,0.0,-138105887.390567,2024.46674712774,0.0,851981428.651231,0.0,0.0,0.0,408.0,0.0,849.0,0.0,0.0,0.0,0.0,-178277802.399137,,,,,,BASE,0.0,0,/clusteruy/home/mathiasr/generator-aware-row-scaling/results-revision/r3-hyperparam/simple-gurobi-1pct/win9/resultados/caso25d_base.csv,/clusteruy/home/mathiasr/generator-aware-row-scaling/results-revision/r3-hyperparam/simple-gurobi-1pct/win9/resultados/caso25d_base_postprocesado.csv,/clusteruy/home/mathiasr/generator-aware-row-scaling/results-revision/r3-hyperparam/simple-gurobi-1pct/win9/logs/caso25d_base.log
caso25d.txt,estructurado,OK,0,1.274437042,0.086421199340589,-138105944.11316127,-177934000.0,OPTIMAL,-138225296.9264245,1.0,6267.0,0.23,14400.0,10800.0,35590.0,10651.0,8686.0,28436.0,26.03472222222222,19.574074074074073,20.10115200899129,1,Model contains large bounds,1e-05,40000.0,0.003,2000.0,0.1,70000.0,1.0,10000000000.0,0.003999999999999999,1.0,0.0007,1.0,2341000000000.0,5345000000.0,0.0002863,1.0,0.074423942,1.3488609839999999,1.0433336651242755,1.0433336651242755,0.9857673146249148,0.074423942,0.05839750379760227,4.0949342114987575e-05,-56.72259420156479,-4.107181473093309e-07,344000.0,0.001929570670525808,0.003999999999999999,0.002283212302434857,5240001.0,,0.05780102146138433,1.0,,,,1.0,1.301861,0.309855801956575,,,,,,,,OK,REVISAR,2.85771675407887e-05,0.0,2.682209014892578e-07,851938159.874579,0.0,9.66164667179783e-09,3.63797880709171e-12,2.37952917814255e-07,2.85771675407887e-05,11444008.4407466,58.0527103597436,739695669.915025,851938159.874579,1.81898940354586e-11,0.0,2.85771675407887e-05,0.0,0.0,0.0,0.0,0.0,3.0,0.0,0.0,0.0,0.0,-138105944.113161,2024.46674712775,0.0,851938159.874579,0.0,0.0,0.0,405.0,0.0,852.0,0.0,0.0,0.0,0.0,-177934372.203531,-138105944.113161,-56.72259393334389,4.107181453671914e-07,igual,-0.21816223859786987,DIFIERE,6950000.0,1165,/clusteruy/home/mathiasr/generator-aware-row-scaling/results-revision/r3-hyperparam/simple-gurobi-1pct/win9/resultados/caso25d_estructurado.csv,/clusteruy/home/mathiasr/generator-aware-row-scaling/results-revision/r3-hyperparam/simple-gurobi-1pct/win9/resultados/caso25d_estructurado_postprocesado.csv,/clusteruy/home/mathiasr/generator-aware-row-scaling/results-revision/r3-hyperparam/simple-gurobi-1pct/win9/logs/caso25d_estructurado.log
caso25e.txt,base,OK,0,1.660770789,0.2238420316427,-147421613.22896266,-147696000.0,OPTIMAL,-147751604.7630948,1.0,10889.0,0.22,14400.0,10800.0,35590.0,10648.0,8683.0,28440.0,26.055555555555557,19.60185185185185,20.089912896881145,4,Model contains large bounds | Model contains large matrix coefficients | Model contains large rhs | max constraint violation (1.0307e-06) exceeds tolerance,0.002,2000000000.0,0.003,2000.0,5.0,5000000000.0,1.0,10000000000.0,,,,,,,,,0.0,1.660770789,1.0,1.0,1.0,0.0,0.0,0.0,,,0.0,,,,3063119.950147,,,1.733846,,,,1.733846,1.0,0.286328941366261,,,,,,,,BASE,BASE,,,,,,5.86652591231583e-09,1.11758708953857e-08,2.00253693947162e-07,1.03074125945568e-06,194369.304334368,0.665614105561897,4071432.85865246,37718768.5281033,3.63797880709171e-12,0.0,1.03074125945568e-06,0.0,0.0,0.0,0.0,0.0,2.0,0.0,0.0,0.0,0.0,-147421613.228963,1261.63094183805,0.0,37718768.5281033,0.0,0.0,0.0,653.0,0.0,855.0,0.0,0.0,0.0,0.0,-147696186.324788,,,,,,BASE,0.0,0,/clusteruy/home/mathiasr/generator-aware-row-scaling/results-revision/r3-hyperparam/simple-gurobi-1pct/win9/resultados/caso25e_base.csv,/clusteruy/home/mathiasr/generator-aware-row-scaling/results-revision/r3-hyperparam/simple-gurobi-1pct/win9/resultados/caso25e_base_postprocesado.csv,/clusteruy/home/mathiasr/generator-aware-row-scaling/results-revision/r3-hyperparam/simple-gurobi-1pct/win9/logs/caso25e_base.log
caso25e.txt,estructurado,OK,0,1.829184885,0.223858404622538,-147421613.22896266,-147696000.0,OPTIMAL,-147751628.90040582,1.0,9795.0,0.23,14400.0,10800.0,35590.0,10651.0,8686.0,28436.0,26.03472222222222,19.574074074074073,20.10115200899129,1,Model contains large bounds,1e-05,40000.0,0.003,2000.0,0.1,70000.0,1.0,10000000000.0,0.003999999999999999,1.0,0.0007,1.0,2341000000000.0,5345000000.0,0.0002863,1.0,0.075103166,1.904288051,0.9079294294518512,0.9079294294518512,0.8721216247341774,0.075103166,0.041058269514401766,-1.637297983800301e-05,0.0,0.0,0.0,0.0,0.003999999999999999,0.002283212302434857,204700.0,,0.06682728829805584,2.0,,,,2.0,0.866923,0.286868176797131,,,,,,,,OK,REVISAR,1.9073486328125e-06,0.0,3.2782554626464844e-07,37718768.5281043,0.0,9.24414204819745e-09,2.3283064365387e-08,2.52416357398034e-07,1.65810342878103e-06,194369.304334371,0.665614105561925,4071432.85865269,37718768.5281043,1.81898940354586e-11,0.0,1.9073486328125e-06,0.0,0.0,0.0,0.0,0.0,6.0,0.0,0.0,0.0,0.0,-147421613.228963,1261.63094183805,0.0,37718768.5281043,0.0,0.0,0.0,653.0,0.0,859.0,0.0,0.0,0.0,0.0,-147696186.324788,-147421613.228963,-3.2782554626464844e-07,2.2237278448140287e-15,igual,-24.13731101155281,OK,0.0,0,/clusteruy/home/mathiasr/generator-aware-row-scaling/results-revision/r3-hyperparam/simple-gurobi-1pct/win9/resultados/caso25e_estructurado.csv,/clusteruy/home/mathiasr/generator-aware-row-scaling/results-revision/r3-hyperparam/simple-gurobi-1pct/win9/resultados/caso25e_estructurado_postprocesado.csv,/clusteruy/home/mathiasr/generator-aware-row-scaling/results-revision/r3-hyperparam/simple-gurobi-1pct/win9/logs/caso25e_estructurado.log
caso25f.txt,base,OK,0,1.386766518,0.227656313703166,-141488236.11141825,-141598000.0,OPTIMAL,-141810343.01407313,1.0,9765.0,0.22,14400.0,10800.0,35590.0,10648.0,8683.0,28440.0,26.055555555555557,19.60185185185185,20.089912896881145,4,Model contains large bounds | Model contains large matrix coefficients | Model contains large rhs | max constraint violation (1.1008e-06) exceeds tolerance,0.002,2000000000.0,0.005,2000.0,5.0,5000000000.0,1.0,10000000000.0,,,,,,,,,0.0,1.386766518,1.0,1.0,1.0,0.0,0.0,0.0,,,0.0,,,,5305064.124354,,,1.474568,,,,1.474568,1.0,0.30824356366531,,,,,,,,BASE,BASE,,,,,,5.48176411440508e-09,5.83240762352926e-09,1.76749890670181e-07,1.1008232831955e-06,336719.571341557,0.690854496120282,8359171.76690216,55441799.5647865,3.63797880709171e-12,0.0,1.1008232831955e-06,0.0,0.0,0.0,0.0,0.0,1.0,0.0,0.0,0.0,0.0,-141488236.111418,1531.71479489917,0.0,55441799.5647865,0.0,0.0,0.0,421.0,0.0,847.0,0.0,0.0,0.0,0.0,-141598431.211856,,,,,,BASE,0.0,0,/clusteruy/home/mathiasr/generator-aware-row-scaling/results-revision/r3-hyperparam/simple-gurobi-1pct/win9/resultados/caso25f_base.csv,/clusteruy/home/mathiasr/generator-aware-row-scaling/results-revision/r3-hyperparam/simple-gurobi-1pct/win9/resultados/caso25f_base_postprocesado.csv,/clusteruy/home/mathiasr/generator-aware-row-scaling/results-revision/r3-hyperparam/simple-gurobi-1pct/win9/logs/caso25f_base.log
caso25f.txt,estructurado,OK,0,1.561938363,0.227694138826996,-141488186.6032448,-141585000.0,OPTIMAL,-141810346.911273,1.0,9203.0,0.23,14400.0,10800.0,35590.0,10651.0,8686.0,28436.0,26.03472222222222,19.574074074074073,20.10115200899129,1,Model contains large bounds,1e-05,40000.0,0.005,2000.0,0.1,70000.0,1.0,10000000000.0,0.003999999999999999,1.0,0.0007,1.0,2341000000000.0,5345000000.0,0.0002863,1.0,0.075034692,1.6369730550000001,0.8878497070373832,0.8878497070373832,0.84715292885502,0.075034692,0.04803947055623987,-3.7825123829993146e-05,49.50817343592644,3.4991017484266367e-07,13000.0,9.180920634472238e-05,0.003999999999999999,0.002283212302434857,6086316.0,,1.147265302988422,2.0,,,,2.0,0.737284,0.283131977488451,,,,,,,,OK,REVISAR,1.26846134662628e-06,0.0,1.7881393432617188e-07,55755081.0623263,0.0,1.0697993673645e-08,2.23517417907715e-08,3.1782896257937e-07,1.19605101644993e-06,340400.986842123,0.694305857352886,8854863.94366507,55755081.0623263,3.63797880709171e-12,0.0,1.26846134662628e-06,0.0,0.0,0.0,0.0,0.0,8.0,0.0,0.0,0.0,0.0,-141488186.603245,1535.20124739136,0.0,55755081.0623263,0.0,0.0,0.0,414.0,0.0,854.0,0.0,0.0,0.0,0.0,-141584654.102861,-141488186.603245,49.5081732571125,3.499101735788559e-07,igual,-3.897199869155884,DIFIERE,1700000.0,3148,/clusteruy/home/mathiasr/generator-aware-row-scaling/results-revision/r3-hyperparam/simple-gurobi-1pct/win9/resultados/caso25f_estructurado.csv,/clusteruy/home/mathiasr/generator-aware-row-scaling/results-revision/r3-hyperparam/simple-gurobi-1pct/win9/resultados/caso25f_estructurado_postprocesado.csv,/clusteruy/home/mathiasr/generator-aware-row-scaling/results-revision/r3-hyperparam/simple-gurobi-1pct/win9/logs/caso25f_estructurado.log
caso26a.txt,base,OK,0,1.111989039,0.231839873134088,-350843108.5396833,-384914000.0,OPTIMAL,-351656502.7574214,1.0,7239.0,0.23,14400.0,10800.0,35590.0,10619.0,8516.0,28484.0,26.256944444444443,21.14814814814815,19.96628266366957,3,Model contains large bounds | Model contains large matrix coefficients | Model contains large rhs,0.002,2000000000.0,0.003,3000.0,5.0,5000000000.0,1.0,10000000000.0,,,,,,,,,0.0,1.111989039,1.0,1.0,1.0,0.0,0.0,0.0,,,0.0,,,,91831726.676301,,,1.113126,,,,1.113126,1.0,0.256870201974397,,,,,,,,BASE,BASE,,,,,,1.39809928386274e-09,2.8421709430404e-14,5.21540641784668e-08,2.27242708206177e-07,7218939.94990292,19.6989602005666,138238701.743436,846985521.78448,2.27373675443232e-13,0.0,2.38418579101562e-07,0.0,0.0,0.0,0.0,0.0,0.0,0.0,0.0,0.0,0.0,-350843108.539683,1000.1662133521,0.0,846985521.78448,0.0,0.0,0.0,419.0,0.0,876.0,0.0,0.0,0.0,0.0,-384913732.257974,,,,,,BASE,0.0,0,/clusteruy/home/mathiasr/generator-aware-row-scaling/results-revision/r3-hyperparam/simple-gurobi-1pct/win9/resultados/caso26a_base.csv,/clusteruy/home/mathiasr/generator-aware-row-scaling/results-revision/r3-hyperparam/simple-gurobi-1pct/win9/resultados/caso26a_base_postprocesado.csv,/clusteruy/home/mathiasr/generator-aware-row-scaling/results-revision/r3-hyperparam/simple-gurobi-1pct/win9/logs/caso26a_base.log
caso26a.txt,estructurado,OK,0,1.227109415,0.283693480868604,-350661782.44184196,-385042000.0,OPTIMAL,-351656587.0585271,1.0,7846.0,0.23,14400.0,10800.0,35590.0,10624.0,8520.0,28440.0,26.22222222222222,21.11111111111111,20.089912896881145,1,Model contains large bounds,1e-05,40000.0,0.003,3000.0,0.2,70000.0,1.0,10000000000.0,0.003999999999999999,1.0,0.00035,1.0,2305000000000.0,5156000000.0,0.0002945,1.0,0.075115178,1.302224593,0.9061857283525121,0.9061857283525121,0.8539149429195275,0.075115178,0.06121310543444898,-0.05185360773451603,181326.09784132242,0.0005168295840156511,-128000.0,-0.0003325418145351949,0.003999999999999999,0.002236876355748373,6839464.0,,0.07447822498327324,1.0,,,,1.0,1.113126,0.265233161564777,,,,,,,,OK,REVISAR,2.60851811617613e-06,0.0,5.960464477539063e-08,846985521.78448,0.0,5.21056523028969e-09,9.09494701772928e-13,1.30537664517761e-07,2.64146365225315e-07,7220523.25013923,18.5518445364513,137351542.077723,846985521.78448,8.64552873736102e-12,0.0,2.60851811617613e-06,0.0,0.0,0.0,0.0,0.0,4.0,0.0,0.0,0.0,0.0,-350661782.441842,1204.98093077339,0.0,846985521.78448,0.0,0.0,0.0,391.0,0.0,880.0,0.0,0.0,0.0,0.0,-385041628.831441,-350661782.441842,181326.09784126282,0.0005168295840154812,empeora,-84.30110573768616,DIFIERE,2150000.0,1316,/clusteruy/home/mathiasr/generator-aware-row-scaling/results-revision/r3-hyperparam/simple-gurobi-1pct/win9/resultados/caso26a_estructurado.csv,/clusteruy/home/mathiasr/generator-aware-row-scaling/results-revision/r3-hyperparam/simple-gurobi-1pct/win9/resultados/caso26a_estructurado_postprocesado.csv,/clusteruy/home/mathiasr/generator-aware-row-scaling/results-revision/r3-hyperparam/simple-gurobi-1pct/win9/logs/caso26a_estructurado.log
caso26b.txt,base,OK,0,1.801448042,0.529734995251309,-358865546.9088786,-360229000.0,OPTIMAL,-360766583.29675496,1.0,9778.0,0.23,14400.0,10800.0,35590.0,10619.0,8516.0,28484.0,26.256944444444443,21.14814814814815,19.96628266366957,4,Model contains large bounds | Model contains large matrix coefficients | Model contains large rhs | max constraint violation (1.3318e-06) exceeds tolerance,0.002,2000000000.0,0.003,3000.0,5.0,5000000000.0,1.0,10000000000.0,,,,,,,,,0.0,1.801448042,1.0,1.0,1.0,0.0,0.0,0.0,,,0.0,,,,57795138.976522,,,1.761604,,,,1.761604,1.0,0.235763589271711,,,,,,,,BASE,BASE,,,,,,3.19080536904353e-09,1.65799596274493e-12,9.32550756260754e-08,1.33179128170013e-06,166474.006780058,0.986993372569187,6618251.63806579,28461939.2425969,9.09494701772928e-13,0.0,1.33179128170013e-06,0.0,0.0,0.0,0.0,0.0,1.0,0.0,0.0,0.0,0.0,-358865546.908879,1068.93072136719,0.0,28461939.2425969,0.0,0.0,0.0,432.0,0.0,1008.0,0.0,0.0,0.0,0.0,-360229132.638652,,,,,,BASE,0.0,0,/clusteruy/home/mathiasr/generator-aware-row-scaling/results-revision/r3-hyperparam/simple-gurobi-1pct/win9/resultados/caso26b_base.csv,/clusteruy/home/mathiasr/generator-aware-row-scaling/results-revision/r3-hyperparam/simple-gurobi-1pct/win9/resultados/caso26b_base_postprocesado.csv,/clusteruy/home/mathiasr/generator-aware-row-scaling/results-revision/r3-hyperparam/simple-gurobi-1pct/win9/logs/caso26b_base.log
caso26b.txt,estructurado,OK,0,2.05371075,0.529701125282435,-358865717.0911788,-360225000.0,OPTIMAL,-360766632.8328636,1.0,10206.0,0.23,14400.0,10800.0,35590.0,10624.0,8520.0,28440.0,26.22222222222222,21.11111111111111,20.089912896881145,1,Model contains large bounds,1e-05,40000.0,0.003,3000.0,0.2,70000.0,1.0,10000000000.0,0.003999999999999999,1.0,0.00035,1.0,2305000000000.0,5156000000.0,0.0002945,1.0,0.074777479,2.1284882290000002,0.8771673625411953,0.8771673625411953,0.8463509534400154,0.074777479,0.036410910835423145,3.386996887400073e-05,-170.18230015039444,-4.742230108637492e-07,4000.0,1.1104047702988933e-05,0.003999999999999999,0.002236876355748373,1624895.0,,0.028114734712552172,2.0,,,,2.0,0.880802,0.216799770349474,,,,,,,,OK,REVISAR,9.53965354710817e-07,0.0,2.384185791015625e-07,28473558.3223642,0.0,5.82290438205757e-09,4.65661287307739e-10,1.45286321640015e-07,9.5367431640625e-07,166659.734566842,0.981615567343312,6614247.65022208,28473558.3223642,7.27595761418343e-12,0.0,9.53965354710817e-07,0.0,0.0,0.0,0.0,0.0,0.0,0.0,0.0,0.0,0.0,-358865717.091179,1068.93072136719,0.0,28473558.3223642,0.0,0.0,0.0,425.0,0.0,1007.0,0.0,0.0,0.0,0.0,-360224778.277342,-358865717.091179,-170.18230038881302,4.742230115281166e-07,igual,-49.536108672618866,DIFIERE,60000.0,2590,/clusteruy/home/mathiasr/generator-aware-row-scaling/results-revision/r3-hyperparam/simple-gurobi-1pct/win9/resultados/caso26b_estructurado.csv,/clusteruy/home/mathiasr/generator-aware-row-scaling/results-revision/r3-hyperparam/simple-gurobi-1pct/win9/resultados/caso26b_estructurado_postprocesado.csv,/clusteruy/home/mathiasr/generator-aware-row-scaling/results-revision/r3-hyperparam/simple-gurobi-1pct/win9/logs/caso26b_estructurado.log
caso26c.txt,base,OK,0,1.550719014,0.314882317654592,-354285477.68811595,-355392000.0,OPTIMAL,-355401060.01137394,1.0,9122.0,0.23,14400.0,10800.0,35590.0,10619.0,8516.0,28484.0,26.256944444444443,21.14814814814815,19.96628266366957,4,Model contains large bounds | Model contains large matrix coefficients | Model contains large rhs | max constraint violation (1.3632e-06) exceeds tolerance,0.002,2000000000.0,0.005,3000.0,5.0,5000000000.0,1.0,10000000000.0,,,,,,,,,0.0,1.550719014,1.0,1.0,1.0,0.0,0.0,0.0,,,0.0,,,,4762776.555239,,,1.499751,,,,1.499751,1.0,0.242251700390181,,,,,,,,BASE,BASE,,,,,,4.44683037104633e-09,7.27595761418343e-12,1.1922384146601e-07,1.36322341859341e-06,743470.553103071,2.52019551574433,31708985.9904542,357298132.594029,2.27373675443232e-13,0.0,1.36322341859341e-06,0.0,0.0,0.0,0.0,0.0,1.0,0.0,0.0,0.0,0.0,-354285477.688116,1030.72821691436,0.0,357298132.594029,0.0,0.0,0.0,520.0,0.0,869.0,0.0,0.0,0.0,0.0,-355391782.294923,,,,,,BASE,0.0,0,/clusteruy/home/mathiasr/generator-aware-row-scaling/results-revision/r3-hyperparam/simple-gurobi-1pct/win9/resultados/caso26c_base.csv,/clusteruy/home/mathiasr/generator-aware-row-scaling/results-revision/r3-hyperparam/simple-gurobi-1pct/win9/resultados/caso26c_base_postprocesado.csv,/clusteruy/home/mathiasr/generator-aware-row-scaling/results-revision/r3-hyperparam/simple-gurobi-1pct/win9/logs/caso26c_base.log
caso26c.txt,estructurado,OK,0,1.583693141,0.314901009748819,-354285477.68811595,-355553000.0,OPTIMAL,-355401126.23474926,1.0,9084.0,0.23,14400.0,10800.0,35590.0,10624.0,8520.0,28440.0,26.22222222222222,21.11111111111111,20.089912896881145,1,Model contains large bounds,1e-05,40000.0,0.005,3000.0,0.2,70000.0,1.0,10000000000.0,0.003999999999999999,1.0,0.00035,1.0,2305000000000.0,5156000000.0,0.0002945,1.0,0.075295969,1.6589891099999998,0.9791789670951161,0.9791789670951161,0.9347373075884748,0.075295969,0.047544544489506006,-1.869209422700191e-05,0.0,0.0,-161000.0,-0.0004530208896092202,0.003999999999999999,0.002236876355748373,825282.0,,0.17327749694496986,1.0,,,,1.0,1.499751,0.245614158697857,,,,,,,,OK,REVISAR,1.78813934326172e-06,0.0,5.960464477539063e-08,357298132.594029,0.0,7.91909531358918e-09,7.45058059692383e-09,1.84415839612484e-07,1.65798701345921e-06,771460.737835289,2.61927120154824,31928831.0539313,357298132.594029,7.27595761418343e-12,0.0,1.78813934326172e-06,0.0,0.0,0.0,0.0,0.0,8.0,0.0,0.0,0.0,0.0,-354285477.688116,1030.72821691436,0.0,357298132.594029,0.0,0.0,0.0,528.0,0.0,876.0,0.0,0.0,0.0,0.0,-355552969.783763,-354285477.688116,-5.960464477539063e-08,1.6823902905741367e-16,igual,-66.22337532043457,DIFIERE,175.175,91,/clusteruy/home/mathiasr/generator-aware-row-scaling/results-revision/r3-hyperparam/simple-gurobi-1pct/win9/resultados/caso26c_estructurado.csv,/clusteruy/home/mathiasr/generator-aware-row-scaling/results-revision/r3-hyperparam/simple-gurobi-1pct/win9/resultados/caso26c_estructurado_postprocesado.csv,/clusteruy/home/mathiasr/generator-aware-row-scaling/results-revision/r3-hyperparam/simple-gurobi-1pct/win9/logs/caso26c_estructurado.log
caso26d.txt,base,OK,0,1.451706976,0.482848389190604,-241329021.50185728,-245870000.0,OPTIMAL,-242494274.79482844,1.0,8314.0,0.23,14400.0,10800.0,35590.0,10719.0,8324.0,28621.0,25.5625,22.925925925925927,19.581343073897163,3,Model contains large bounds | Model contains large matrix coefficients | Model contains large rhs,0.002,2000000000.0,0.003,2000.0,5.0,5000000000.0,1.0,10000000000.0,,,,,,,,,0.0,1.451706976,1.0,1.0,1.0,0.0,0.0,0.0,,,0.0,,,,86198069.215011,,,1.51424,,,,1.51424,1.0,0.251245313943374,,,,,,,,BASE,BASE,,,,,,1.8102228175579e-09,5.6843418860808e-14,5.40167093276978e-08,9.5367431640625e-07,3168101.22354947,6.53468493222471,86565199.813064,827078911.739007,5.6843418860808e-14,0.0,9.5367431640625e-07,0.0,0.0,0.0,0.0,0.0,0.0,0.0,0.0,0.0,0.0,-241329021.501857,1007.31377870133,0.0,827078911.739007,0.0,0.0,0.0,191.0,0.0,1020.0,0.0,0.0,0.0,0.0,-245870419.51055,,,,,,BASE,0.0,0,/clusteruy/home/mathiasr/generator-aware-row-scaling/results-revision/r3-hyperparam/simple-gurobi-1pct/win9/resultados/caso26d_base.csv,/clusteruy/home/mathiasr/generator-aware-row-scaling/results-revision/r3-hyperparam/simple-gurobi-1pct/win9/resultados/caso26d_base_postprocesado.csv,/clusteruy/home/mathiasr/generator-aware-row-scaling/results-revision/r3-hyperparam/simple-gurobi-1pct/win9/logs/caso26d_base.log
caso26d.txt,estructurado,OK,0,1.584117334,0.482771903913301,-241329510.5734607,-245861000.0,OPTIMAL,-242494581.64636084,1.0,8170.0,0.24,14400.0,10800.0,35590.0,10724.0,8328.0,28571.0,25.52777777777778,22.88888888888889,19.721831975273954,1,Model contains large bounds,1e-05,40000.0,0.003,2000.0,0.2,70000.0,1.0,10000000000.0,0.003999999999999999,1.0,0.00035,1.0,2305000000000.0,5156000000.0,0.0002945,1.0,0.075044809,1.659162143,0.9164137938787305,0.9164137938787305,0.8749638979678672,0.075044809,0.047373264207965546,7.64852773030289e-05,-489.07160341739655,-2.026576001401608e-06,9000.0,3.660470980599504e-05,0.003999999999999999,0.002236876355748373,6377832.0,,0.07399042760564908,2.0,,,,2.0,0.75712,0.229994421153362,,,,,,,,OK,REVISAR,9.5367431640625e-07,0.0,6.854534149169922e-07,827078915.592653,0.0,5.12092636740343e-09,1.81898940354586e-12,1.36913731694222e-07,9.5367431640625e-07,3168320.33945775,6.53468478338231,86579345.3019311,827078915.592653,2.38418579101562e-07,0.0,9.5367431640625e-07,0.0,0.0,0.0,0.0,0.0,0.0,0.0,0.0,0.0,0.0,-241329510.57346,1007.560246472,0.0,827078915.592653,0.0,0.0,0.0,191.0,0.0,1020.0,0.0,0.0,0.0,0.0,-245861360.25317,-241329510.57346,-489.07160273194313,2.02657599856128e-06,mejora,-306.8515323996544,DIFIERE,90000.0,1637,/clusteruy/home/mathiasr/generator-aware-row-scaling/results-revision/r3-hyperparam/simple-gurobi-1pct/win9/resultados/caso26d_estructurado.csv,/clusteruy/home/mathiasr/generator-aware-row-scaling/results-revision/r3-hyperparam/simple-gurobi-1pct/win9/resultados/caso26d_estructurado_postprocesado.csv,/clusteruy/home/mathiasr/generator-aware-row-scaling/results-revision/r3-hyperparam/simple-gurobi-1pct/win9/logs/caso26d_estructurado.log
caso26e.txt,base,OK,0,1.683381726,0.467901613853738,-250767104.02773502,-251635000.0,OPTIMAL,-251940447.35449508,1.0,9249.0,0.23,14400.0,10800.0,35590.0,10719.0,8324.0,28621.0,25.5625,22.925925925925927,19.581343073897163,4,Model contains large bounds | Model contains large matrix coefficients | Model contains large rhs | max constraint violation (1.1921e-06) exceeds tolerance,0.002,2000000000.0,0.003,2000.0,5.0,5000000000.0,1.0,10000000000.0,,,,,,,,,0.0,1.683381726,1.0,1.0,1.0,0.0,0.0,0.0,,,0.0,,,,57581100.436449,,,1.675621,,,,1.675621,1.0,0.267601455439964,,,,,,,,BASE,BASE,,,,,,2.34971424719405e-09,1.13686837721616e-13,6.5206550061703e-08,1.19209289550781e-06,279280.057616488,2.78487587153525,13451702.4242271,33562312.3367876,1.13686837721616e-13,0.0,1.19209289550781e-06,0.0,0.0,0.0,0.0,0.0,1.0,0.0,0.0,0.0,0.0,-250767104.027735,648.703172386085,0.0,33562312.3367876,0.0,0.0,0.0,734.0,0.0,1017.0,0.0,0.0,0.0,0.0,-251635253.874135,,,,,,BASE,0.0,0,/clusteruy/home/mathiasr/generator-aware-row-scaling/results-revision/r3-hyperparam/simple-gurobi-1pct/win9/resultados/caso26e_base.csv,/clusteruy/home/mathiasr/generator-aware-row-scaling/results-revision/r3-hyperparam/simple-gurobi-1pct/win9/resultados/caso26e_base_postprocesado.csv,/clusteruy/home/mathiasr/generator-aware-row-scaling/results-revision/r3-hyperparam/simple-gurobi-1pct/win9/logs/caso26e_base.log
caso26e.txt,estructurado,OK,0,1.858753687,0.46776882567507,-250767694.38771096,-251604000.0,OPTIMAL,-251940707.4869208,1.0,9957.0,0.24,14400.0,10800.0,35590.0,10724.0,8328.0,28571.0,25.52777777777778,22.88888888888889,19.721831975273954,1,Model contains large bounds,1e-05,40000.0,0.003,2000.0,0.2,70000.0,1.0,10000000000.0,0.003999999999999999,1.0,0.00035,1.0,2305000000000.0,5156000000.0,0.0002945,1.0,0.074609294,1.9333629810000001,0.9056507797528311,0.9056507797528311,0.8707013336571172,0.074609294,0.04013941950556034,0.00013278817866801962,-590.3599759340286,-2.3542161888536e-06,31000.0,0.00012319430921771613,0.003999999999999999,0.002236876355748373,6471528.0,,0.11238979371612538,2.0,,,,2.0,0.8378105,0.257019127096473,,,,,,,,OK,REVISAR,3.04412096738815e-05,0.0,2.9802322387695312e-08,33562312.3367878,0.0,7.68016499271546e-09,1.74622982740402e-10,1.30385160446167e-07,3.04412096738815e-05,279785.572549392,2.80395729151013,13451710.3512951,33562312.3367878,2.38418579101562e-07,0.0,3.04412096738815e-05,0.0,0.0,0.0,0.0,0.0,2.0,0.0,0.0,0.0,0.0,-250767694.387711,648.703172386078,0.0,33562312.3367878,0.0,0.0,0.0,731.0,0.0,1017.0,0.0,0.0,0.0,0.0,-251603504.444636,-250767694.387711,-590.359975963831,2.3542161889724448e-06,mejora,-260.13242572546005,DIFIERE,2450000.0,1388,/clusteruy/home/mathiasr/generator-aware-row-scaling/results-revision/r3-hyperparam/simple-gurobi-1pct/win9/resultados/caso26e_estructurado.csv,/clusteruy/home/mathiasr/generator-aware-row-scaling/results-revision/r3-hyperparam/simple-gurobi-1pct/win9/resultados/caso26e_estructurado_postprocesado.csv,/clusteruy/home/mathiasr/generator-aware-row-scaling/results-revision/r3-hyperparam/simple-gurobi-1pct/win9/logs/caso26e_estructurado.log
caso26f.txt,base,OK,0,1.512535397,0.499615181719603,-245413724.12986693,-246399000.0,OPTIMAL,-246639848.3536432,1.0,8620.0,0.23,14400.0,10800.0,35590.0,10719.0,8324.0,28621.0,25.5625,22.925925925925927,19.581343073897163,3,Model contains large bounds | Model contains large matrix coefficients | Model contains large rhs,0.002,2000000000.0,0.005,2000.0,5.0,5000000000.0,1.0,10000000000.0,,,,,,,,,0.0,1.512535397,1.0,1.0,1.0,0.0,0.0,0.0,,,0.0,,,,47314555.046366,,,1.518167,,,,1.518167,1.0,0.264299916524606,,,,,,,,BASE,BASE,,,,,,1.93053249282289e-09,9.09494701772928e-13,5.40167093276978e-08,4.58676367998123e-07,620684.731780145,3.26932968583652,27414465.5468269,323307739.2142,5.6843418860808e-14,0.0,4.58676367998123e-07,0.0,0.0,0.0,0.0,0.0,0.0,0.0,0.0,0.0,0.0,-245413724.129867,977.244710680403,0.0,323307739.2142,0.0,0.0,0.0,393.0,0.0,1017.0,0.0,0.0,0.0,0.0,-246398921.492227,,,,,,BASE,0.0,0,/clusteruy/home/mathiasr/generator-aware-row-scaling/results-revision/r3-hyperparam/simple-gurobi-1pct/win9/resultados/caso26f_base.csv,/clusteruy/home/mathiasr/generator-aware-row-scaling/results-revision/r3-hyperparam/simple-gurobi-1pct/win9/resultados/caso26f_base_postprocesado.csv,/clusteruy/home/mathiasr/generator-aware-row-scaling/results-revision/r3-hyperparam/simple-gurobi-1pct/win9/logs/caso26f_base.log
caso26f.txt,estructurado,OK,0,1.541635928,0.499565043796276,-245414088.3404473,-246390000.0,OPTIMAL,-246640091.3383475,1.0,8334.0,0.24,14400.0,10800.0,35590.0,10724.0,8328.0,28571.0,25.52777777777778,22.88888888888889,19.721831975273954,1,Model contains large bounds,1e-05,40000.0,0.005,2000.0,0.2,70000.0,1.0,10000000000.0,0.003999999999999999,1.0,0.00035,1.0,2305000000000.0,5156000000.0,0.0002945,1.0,0.07490162,1.6165375480000002,0.981123603523075,0.981123603523075,0.9356636342108645,0.07490162,0.04858580332723019,5.01379233270316e-05,-364.2105803787708,-1.4840676969884517e-06,9000.0,3.65261222651066e-05,0.003999999999999999,0.002236876355748373,3441485.0,,0.07273628583482418,1.0,,,,1.0,1.518167,0.273558663828256,,,,,,,,OK,REVISAR,3.45706939697266e-06,0.0,2.980232238769531e-07,323302053.195074,0.0,5.07780347126973e-09,2.3283064365387e-10,1.24801881611347e-07,9.5367431640625e-07,620946.761798715,3.26932985662979,27430021.2356775,323302053.195074,2.38418579101562e-07,0.0,3.45706939697266e-06,0.0,0.0,0.0,0.0,0.0,1.0,0.0,0.0,0.0,0.0,-245414088.340447,977.491178451066,0.0,323302053.195074,0.0,0.0,0.0,393.0,0.0,1018.0,0.0,0.0,0.0,0.0,-246389829.782548,-245414088.340447,-364.2105800807476,1.484067695774081e-06,mejora,-242.98470428586006,DIFIERE,90000.0,1637,/clusteruy/home/mathiasr/generator-aware-row-scaling/results-revision/r3-hyperparam/simple-gurobi-1pct/win9/resultados/caso26f_estructurado.csv,/clusteruy/home/mathiasr/generator-aware-row-scaling/results-revision/r3-hyperparam/simple-gurobi-1pct/win9/resultados/caso26f_estructurado_postprocesado.csv,/clusteruy/home/mathiasr/generator-aware-row-scaling/results-revision/r3-hyperparam/simple-gurobi-1pct/win9/logs/caso26f_estructurado.log
caso27a.txt,base,OK,0,1.293281523,0.008278325035672,-169212540.10279554,-255431000.0,OPTIMAL,-169226548.06686637,1.0,5824.0,0.23,14400.0,10800.0,35590.0,10307.0,8797.0,27419.0,28.42361111111111,18.546296296296298,22.958696262995222,3,Model contains large bounds | Model contains large matrix coefficients | Model contains large rhs,0.002,2000000000.0,0.003,3000.0,5.0,5000000000.0,1.0,10000000000.0,,,,,,,,,0.0,1.293281523,1.0,1.0,1.0,0.0,0.0,0.0,,,0.0,,,,2867829.427652,,,1.195093,,,,1.195093,1.0,0.304983971034629,,,,,,,,BASE,BASE,,,,,,2.59276622021338e-09,1.4210854715202e-14,6.63204991724344e-08,2.51457095146179e-07,7957895.2890741,15.5112875485452,632514126.219022,790426023.565737,4.54747350886464e-13,0.0,4.76604327559471e-07,0.0,0.0,0.0,0.0,0.0,0.0,0.0,0.0,0.0,0.0,-169212540.102796,1063.15712201018,0.0,790426023.565737,0.0,0.0,0.0,603.0,0.0,813.0,0.0,0.0,0.0,0.0,-255431197.284909,,,,,,BASE,0.0,0,/clusteruy/home/mathiasr/generator-aware-row-scaling/results-revision/r3-hyperparam/simple-gurobi-1pct/win9/resultados/caso27a_base.csv,/clusteruy/home/mathiasr/generator-aware-row-scaling/results-revision/r3-hyperparam/simple-gurobi-1pct/win9/resultados/caso27a_base_postprocesado.csv,/clusteruy/home/mathiasr/generator-aware-row-scaling/results-revision/r3-hyperparam/simple-gurobi-1pct/win9/logs/caso27a_base.log
caso27a.txt,estructurado,OK,0,1.505308191,0.00452160531223,-169218933.02404517,-242931000.0,OPTIMAL,-169226584.43631008,1.0,8406.0,0.24,14400.0,10800.0,35590.0,10317.0,8807.0,27442.0,28.354166666666668,18.453703703703702,22.8940713683619,1,Model contains large bounds,1e-05,40000.0,0.003,3000.0,0.2,70000.0,1.0,10000000000.0,0.003999999999999999,1.0,0.00035,1.0,2234000000000.0,4763000000.0,0.0003138,1.0,0.075177359,1.58048555,0.8591473365602647,0.8591473365602647,0.8182811434119092,0.075177359,0.04994150662932253,0.0037567197234419994,-6392.921249628067,-3.7780422454177496e-05,12500000.0,0.04893689489529462,0.003999999999999999,0.0021320501342882723,47240.0,,0.01647238833122553,1.0,,,,1.0,1.195093,0.277466433867007,,,,,,,,OK,REVISAR,1.29651743918657e-06,0.0,1.7881393432617188e-07,791749102.052387,0.0,7.97776020391859e-09,4.64797267341054e-10,2.38418579101562e-07,2.47731804847717e-07,7090224.71465861,14.2185161861226,154521677.922133,791749102.052387,3.63797880709171e-12,0.0,1.29651743918657e-06,0.0,0.0,0.0,0.0,0.0,3.0,0.0,0.0,0.0,0.0,-169218933.024045,520.540913365658,0.0,791749102.052387,0.0,0.0,0.0,729.0,0.0,821.0,0.0,0.0,0.0,0.0,-242930713.279707,-169218933.024045,-6392.921249449253,3.778042245312076e-05,mejora,-36.36944371461868,DIFIERE,95240000.0,4139,/clusteruy/home/mathiasr/generator-aware-row-scaling/results-revision/r3-hyperparam/simple-gurobi-1pct/win9/resultados/caso27a_estructurado.csv,/clusteruy/home/mathiasr/generator-aware-row-scaling/results-revision/r3-hyperparam/simple-gurobi-1pct/win9/resultados/caso27a_estructurado_postprocesado.csv,/clusteruy/home/mathiasr/generator-aware-row-scaling/results-revision/r3-hyperparam/simple-gurobi-1pct/win9/logs/caso27a_estructurado.log
caso27b.txt,base,OK,0,1.626032551,0.010741790474583,-177670093.3407692,-177721000.0,OPTIMAL,-177689178.28993186,1.0,10440.0,0.23,14400.0,10800.0,35590.0,10307.0,8797.0,27419.0,28.42361111111111,18.546296296296298,22.958696262995222,3,Model contains large bounds | Model contains large matrix coefficients | Model contains large rhs,0.002,2000000000.0,0.003,3000.0,5.0,5000000000.0,1.0,10000000000.0,,,,,,,,,0.0,1.626032551,1.0,1.0,1.0,0.0,0.0,0.0,,,0.0,,,,26352893.135122,,,1.667031,,,,1.667031,1.0,0.281546221518634,,,,,,,,BASE,BASE,,,,,,5.14991779316102e-09,3.61469574272624e-09,1.76745525095612e-07,2.81259417533875e-07,127433.280847482,1.08921955607754,4342774.23440271,18150428.9094371,1.81898940354586e-12,0.0,4.76837158203125e-07,0.0,0.0,0.0,0.0,0.0,0.0,0.0,0.0,0.0,0.0,-177670093.340769,1199.15184230832,0.0,18150428.9094371,0.0,0.0,0.0,946.0,0.0,835.0,0.0,0.0,0.0,0.0,-177721394.846412,,,,,,BASE,0.0,0,/clusteruy/home/mathiasr/generator-aware-row-scaling/results-revision/r3-hyperparam/simple-gurobi-1pct/win9/resultados/caso27b_base.csv,/clusteruy/home/mathiasr/generator-aware-row-scaling/results-revision/r3-hyperparam/simple-gurobi-1pct/win9/resultados/caso27b_base_postprocesado.csv,/clusteruy/home/mathiasr/generator-aware-row-scaling/results-revision/r3-hyperparam/simple-gurobi-1pct/win9/logs/caso27b_base.log
caso27b.txt,estructurado,OK,0,1.956443756,0.010767478404208,-177670093.340769,-177721000.0,OPTIMAL,-177689223.9297002,1.0,11046.0,0.25,14400.0,10800.0,35590.0,10317.0,8807.0,27442.0,28.354166666666668,18.453703703703702,22.8940713683619,1,Model contains large bounds,1e-05,40000.0,0.003,3000.0,0.2,70000.0,1.0,10000000000.0,0.003999999999999999,1.0,0.00035,1.0,2234000000000.0,4763000000.0,0.0003138,1.0,0.074611648,2.031055404,0.8311164305200706,0.8311164305200706,0.8005850297326503,0.074611648,0.03813636235193668,-2.568792962499844e-05,2.086162567138672e-07,1.1741776727372096e-15,0.0,0.0,0.003999999999999999,0.0021320501342882723,563287.0,,0.021374768876866707,2.0,,,,2.0,0.8335155,0.25474973200907,,,,,,,,OK,REVISAR,1.0286457836628e-06,0.0,0.0,18150428.909437,0.0,1.05824179739351e-08,9.31322574615479e-09,3.17648518830539e-07,2.98023223876953e-07,127433.280847486,1.08921955607759,4342774.23440269,18150428.909437,3.63797880709171e-12,0.0,1.0286457836628e-06,0.0,0.0,0.0,0.0,0.0,1.0,0.0,0.0,0.0,0.0,-177670093.340769,1199.15184230832,0.0,18150428.909437,0.0,0.0,0.0,946.0,0.0,836.0,0.0,0.0,0.0,0.0,-177721394.846412,-177670093.340769,2.086162567138672e-07,1.1741776727372096e-15,igual,-45.639768332242966,OK,0.0,0,/clusteruy/home/mathiasr/generator-aware-row-scaling/results-revision/r3-hyperparam/simple-gurobi-1pct/win9/resultados/caso27b_estructurado.csv,/clusteruy/home/mathiasr/generator-aware-row-scaling/results-revision/r3-hyperparam/simple-gurobi-1pct/win9/resultados/caso27b_estructurado_postprocesado.csv,/clusteruy/home/mathiasr/generator-aware-row-scaling/results-revision/r3-hyperparam/simple-gurobi-1pct/win9/logs/caso27b_estructurado.log
caso27c.txt,base,OK,0,1.516048741,0.011923826012412,-172505861.75384098,-172433000.0,OPTIMAL,-172526431.05265772,1.0,11204.0,0.23,14400.0,10800.0,35590.0,10307.0,8797.0,27419.0,28.42361111111111,18.546296296296298,22.958696262995222,3,Model contains large bounds | Model contains large matrix coefficients | Model contains large rhs,0.002,2000000000.0,0.005,3000.0,5.0,5000000000.0,1.0,10000000000.0,,,,,,,,,0.0,1.516048741,1.0,1.0,1.0,0.0,0.0,0.0,,,0.0,,,,4772472.732358,,,1.550538,,,,1.550538,1.0,0.278375239613891,,,,,,,,BASE,BASE,,,,,,5.44643267874044e-09,1.86264514923096e-09,1.80446077138186e-07,2.55182385444641e-07,257827.731888316,0.821262861395095,6174937.77874848,194957055.602116,4.54747350886464e-13,0.0,7.54545908421278e-07,0.0,0.0,0.0,0.0,0.0,0.0,0.0,0.0,0.0,0.0,-172505861.753841,1063.15712201017,0.0,194957055.602116,0.0,0.0,0.0,736.0,0.0,799.0,0.0,0.0,0.0,0.0,-172432550.406037,,,,,,BASE,0.0,0,/clusteruy/home/mathiasr/generator-aware-row-scaling/results-revision/r3-hyperparam/simple-gurobi-1pct/win9/resultados/caso27c_base.csv,/clusteruy/home/mathiasr/generator-aware-row-scaling/results-revision/r3-hyperparam/simple-gurobi-1pct/win9/resultados/caso27c_base_postprocesado.csv,/clusteruy/home/mathiasr/generator-aware-row-scaling/results-revision/r3-hyperparam/simple-gurobi-1pct/win9/logs/caso27c_base.log
caso27c.txt,estructurado,OK,0,1.637077554,0.011954795760119,-172505861.75384098,-172494000.0,OPTIMAL,-172526484.4772879,1.0,9860.0,0.24,14400.0,10800.0,35590.0,10317.0,8807.0,27442.0,28.354166666666668,18.453703703703702,22.8940713683619,1,Model contains large bounds,1e-05,40000.0,0.005,3000.0,0.2,70000.0,1.0,10000000000.0,0.003999999999999999,1.0,0.00035,1.0,2234000000000.0,4763000000.0,0.0003138,1.0,0.075270302,1.712347856,0.9260702019252046,0.9260702019252046,0.8853625948067879,0.075270302,0.04597845826917984,-3.096974770699923e-05,0.0,0.0,-61000.0,-0.0003537605910701548,0.003999999999999999,0.0021320501342882723,70601.0,,0.014793379440665177,2.0,,,,2.0,0.775269,0.264533785135533,,,,,,,,OK,REVISAR,1.28839747048914e-06,0.0,2.9802322387695312e-08,194957055.602116,0.0,1.03427853561328e-08,1.11758708953857e-08,3.23651329381391e-07,2.47731804847717e-07,267368.26000198,0.821262861395095,6174937.77874849,194957055.602116,7.27595761418343e-12,0.0,1.28839747048914e-06,0.0,0.0,0.0,0.0,0.0,2.0,0.0,0.0,0.0,0.0,-172505861.753841,1063.15712201018,0.0,194957055.602116,0.0,0.0,0.0,737.0,0.0,801.0,0.0,0.0,0.0,0.0,-172494177.647019,-172505861.753841,-2.9802322387695312e-08,1.7276121567522177e-16,igual,-53.4246301651001,DIFIERE,253.43,10,/clusteruy/home/mathiasr/generator-aware-row-scaling/results-revision/r3-hyperparam/simple-gurobi-1pct/win9/resultados/caso27c_estructurado.csv,/clusteruy/home/mathiasr/generator-aware-row-scaling/results-revision/r3-hyperparam/simple-gurobi-1pct/win9/resultados/caso27c_estructurado_postprocesado.csv,/clusteruy/home/mathiasr/generator-aware-row-scaling/results-revision/r3-hyperparam/simple-gurobi-1pct/win9/logs/caso27c_estructurado.log
caso27d.txt,base,OK,0,23.448905454,0.667123672093504,-151387103.3248595,-185300000.0,OPTIMAL,-152397042.5276363,7598.0,433132.0,0.23,14400.0,10800.0,35590.0,10692.0,8693.0,28157.0,25.75,19.50925925925926,20.885080078673784,3,Model contains large bounds | Model contains large matrix coefficients | Model contains large rhs,0.002,2000000000.0,0.003,2000.0,5.0,5000000000.0,1.0,10000000000.0,,,,,,,,,0.0,23.448905454,1.0,1.0,1.0,0.0,0.0,0.0,,,0.0,,,,44893995.196752,,,27.367056,,0.044444,2.458877,27.367056,1.0,0.052765351740516,,,,,,,,BASE,BASE,,,,,,1.30212413267747e-09,1.4210854715202e-14,4.09781932830811e-08,1.67638063430786e-07,8659941.13431643,33.6492079374158,713649437.899626,820366517.625379,2.04636307898909e-12,0.0,9.5367431640625e-07,0.0,0.0,0.0,0.0,0.0,0.0,0.0,0.0,0.0,0.0,-151387103.32486,594.942834490692,0.0,820366517.625379,0.0,0.0,0.0,311.0,0.0,867.0,0.0,0.0,0.0,0.0,-185299842.997389,,,,,,BASE,0.0,0,/clusteruy/home/mathiasr/generator-aware-row-scaling/results-revision/r3-hyperparam/simple-gurobi-1pct/win9/resultados/caso27d_base.csv,/clusteruy/home/mathiasr/generator-aware-row-scaling/results-revision/r3-hyperparam/simple-gurobi-1pct/win9/resultados/caso27d_base_postprocesado.csv,/clusteruy/home/mathiasr/generator-aware-row-scaling/results-revision/r3-hyperparam/simple-gurobi-1pct/win9/logs/caso27d_base.log
caso27d.txt,estructurado,OK,0,1.668266704,0.362036764244661,-152018732.8517905,-188047000.0,OPTIMAL,-152569096.55325285,1.0,8463.0,0.25,14400.0,10800.0,35590.0,10702.0,8703.0,28180.0,25.680555555555557,19.416666666666668,20.820455184040462,1,Model contains large bounds,1e-05,40000.0,0.003,2000.0,0.2,70000.0,1.0,10000000000.0,0.003999999999999999,1.0,0.00035,1.0,2234000000000.0,4763000000.0,0.0003138,1.0,0.077546375,1.7458130790000002,14.05584934218048,14.05584934218048,13.43150978536116,0.077546375,0.04648320008669309,0.30508690784884296,-631629.5269309878,-0.004172280947707829,-2747000.0,-0.014824608742579602,0.003999999999999999,0.0021320501342882723,2087617.0,,0.04650102961099429,2.0,,0.0,1.0,2.0,13.683528,0.258321544266085,,,,,,,,OK,REVISAR,1.23588833957911e-05,0.0,5.066394805908203e-07,822822169.942888,0.0,1.52459775560712e-08,4.07453626394272e-10,4.76837158203125e-07,8.99960286915302e-06,8866126.08873355,51.7005960218647,718443341.512153,822822169.942888,7.27595761418343e-12,0.0,1.23588833957911e-05,0.0,1.16551746032201e-09,0.0,0.0,0.0,20.0,0.0,0.0,0.0,0.0,-152018732.851791,852.215411567755,0.0,822822169.942888,0.0,1.16551746032201e-09,0.0,344.0,0.0,892.0,0.0,0.0,0.0,0.0,-188046782.30267,-152018732.851791,-631629.5269314945,0.004172280947711176,mejora,-172054.0256165564,DIFIERE,22528000.0,3162,/clusteruy/home/mathiasr/generator-aware-row-scaling/results-revision/r3-hyperparam/simple-gurobi-1pct/win9/resultados/caso27d_estructurado.csv,/clusteruy/home/mathiasr/generator-aware-row-scaling/results-revision/r3-hyperparam/simple-gurobi-1pct/win9/resultados/caso27d_estructurado_postprocesado.csv,/clusteruy/home/mathiasr/generator-aware-row-scaling/results-revision/r3-hyperparam/simple-gurobi-1pct/win9/logs/caso27d_estructurado.log
caso27e.txt,base,OK,0,35.001207661,0.956440865741082,-158688749.96416184,-158511000.0,OPTIMAL,-160206514.01815277,7318.0,279176.0,0.23,14400.0,10800.0,35590.0,10692.0,8693.0,28157.0,25.75,19.50925925925926,20.885080078673784,3,Model contains large bounds | Model contains large matrix coefficients | Model contains large rhs,0.002,2000000000.0,0.003,2000.0,5.0,5000000000.0,1.0,10000000000.0,,,,,,,,,0.0,35.001207661,1.0,1.0,1.0,0.0,0.0,0.0,,,0.0,,,,38635251.514259,,,42.065831,,0.042843,4.037848,42.065831,1.0,0.051396941830634,,,,,,,,BASE,BASE,,,,,,3.36312594444147e-09,5.58793544769287e-09,1.02454796433449e-07,2.25380063056946e-07,127382.499992469,0.89988890196361,5383215.08923952,20771087.4182808,7.27595761418343e-12,0.0,4.57512214779854e-07,0.0,0.0,0.0,0.0,0.0,0.0,0.0,0.0,0.0,0.0,-158688749.964162,877.561120961996,0.0,20771087.4182808,0.0,0.0,0.0,244.0,0.0,876.0,0.0,0.0,0.0,0.0,-158511475.815752,,,,,,BASE,0.0,0,/clusteruy/home/mathiasr/generator-aware-row-scaling/results-revision/r3-hyperparam/simple-gurobi-1pct/win9/resultados/caso27e_base.csv,/clusteruy/home/mathiasr/generator-aware-row-scaling/results-revision/r3-hyperparam/simple-gurobi-1pct/win9/resultados/caso27e_base_postprocesado.csv,/clusteruy/home/mathiasr/generator-aware-row-scaling/results-revision/r3-hyperparam/simple-gurobi-1pct/win9/logs/caso27e_base.log
caso27e.txt,estructurado,OK,0,2.361304329,0.236545561507896,-160095223.30272722,-160563000.0,OPTIMAL,-160473921.44763598,1.0,10289.0,0.25,14400.0,10800.0,35590.0,10702.0,8703.0,28180.0,25.680555555555557,19.416666666666668,20.820455184040462,1,Model contains large bounds,1e-05,40000.0,0.003,2000.0,0.2,70000.0,1.0,10000000000.0,0.003999999999999999,1.0,0.00035,1.0,2234000000000.0,4763000000.0,0.0003138,1.0,0.075420935,2.436725264,14.82282788844199,14.82282788844199,14.36403528050752,0.075420935,0.03194037044430455,0.719895304233186,-1406473.3385653794,-0.008863094194661036,-2052000.0,-0.012945473815697333,0.003999999999999999,0.0021320501342882723,59932.0,,0.0015512258274772992,2.0,,0.0,2.0,2.0,21.0329155,0.239890352649441,,,,,,,,OK,REVISAR,1.12003181129694e-06,0.0,2.086162567138672e-07,38310217.4816505,0.0,1.04006300875205e-08,2.04890966415405e-08,2.74277990683913e-07,2.64495611190796e-07,185343.754318511,1.03712740732078,4862050.68048269,38310217.4816505,7.27595761418343e-12,0.0,1.12003181129694e-06,0.0,0.0,0.0,0.0,0.0,2.0,0.0,0.0,0.0,0.0,-160095223.302727,857.393567250452,0.0,38310217.4816505,0.0,0.0,0.0,882.0,0.0,878.0,0.0,0.0,0.0,0.0,-160563387.478098,-160095223.302727,-1406473.3385651708,0.00886309419465972,mejora,-267407.4294832051,DIFIERE,155462000.0,4487,/clusteruy/home/mathiasr/generator-aware-row-scaling/results-revision/r3-hyperparam/simple-gurobi-1pct/win9/resultados/caso27e_estructurado.csv,/clusteruy/home/mathiasr/generator-aware-row-scaling/results-revision/r3-hyperparam/simple-gurobi-1pct/win9/resultados/caso27e_estructurado_postprocesado.csv,/clusteruy/home/mathiasr/generator-aware-row-scaling/results-revision/r3-hyperparam/simple-gurobi-1pct/win9/logs/caso27e_estructurado.log
caso27f.txt,base,OK,0,39.761495686,0.925528273484756,-153753877.2055723,-153417000.0,OPTIMAL,-155176912.8106889,10970.0,445898.0,0.23,14400.0,10800.0,35590.0,10692.0,8693.0,28157.0,25.75,19.50925925925926,20.885080078673784,3,Model contains large bounds | Model contains large matrix coefficients | Model contains large rhs,0.002,2000000000.0,0.005,2000.0,5.0,5000000000.0,1.0,10000000000.0,,,,,,,,,0.0,39.761495686,1.0,1.0,1.0,0.0,0.0,0.0,,,0.0,,,,67232637.25004,,,46.173747,,0.043413,4.247949,46.173747,1.0,0.045714854934825,,,,,,,,BASE,BASE,,,,,,3.69246650150816e-09,3.72529029846191e-09,1.16885639727116e-07,2.03028321266174e-07,177900.844590237,0.97001896044544,6705982.21766791,33188476.8391278,1.81898940354586e-12,0.0,6.9162342697382e-07,0.0,0.0,0.0,0.0,0.0,0.0,0.0,0.0,0.0,0.0,-153753877.205572,616.200526240704,0.0,33188476.8391278,0.0,0.0,0.0,120.0,0.0,864.0,0.0,0.0,0.0,0.0,-153417091.290649,,,,,,BASE,0.0,0,/clusteruy/home/mathiasr/generator-aware-row-scaling/results-revision/r3-hyperparam/simple-gurobi-1pct/win9/resultados/caso27f_base.csv,/clusteruy/home/mathiasr/generator-aware-row-scaling/results-revision/r3-hyperparam/simple-gurobi-1pct/win9/resultados/caso27f_base_postprocesado.csv,/clusteruy/home/mathiasr/generator-aware-row-scaling/results-revision/r3-hyperparam/simple-gurobi-1pct/win9/logs/caso27f_base.log
caso27f.txt,estructurado,OK,0,2.154135832,0.35302375974168,-154862545.84341168,-154638000.0,OPTIMAL,-155409247.42517978,1.0,10474.0,0.24,14400.0,10800.0,35590.0,10702.0,8703.0,28180.0,25.680555555555557,19.416666666666668,20.820455184040462,1,Model contains large bounds,1e-05,40000.0,0.005,2000.0,0.2,70000.0,1.0,10000000000.0,0.003999999999999999,1.0,0.00035,1.0,2234000000000.0,4763000000.0,0.0003138,1.0,0.075894362,2.2300301940000002,18.458211917436785,18.458211917436785,17.83002570681785,0.075894362,0.03523192960842035,0.572504513743076,-1108668.637839377,-0.007210671093237296,-1221000.0,-0.007958700795870079,0.003999999999999999,0.0021320501342882723,3247466.0,,0.04830192794494415,2.0,,0.0,2.0,2.0,23.0868735,0.240302952635946,,,,,,,,OK,REVISAR,1.23594654724002e-05,0.0,3.2782554626464844e-07,31481812.1152539,0.0,1.5181427768321e-08,2.60770320892334e-08,2.48238211497665e-07,8.99960286915302e-06,156432.604491937,1.06895862329154,6030692.46499807,31481812.1152539,1.18376419777633e-11,0.0,1.23594654724002e-05,0.0,1.16551746032201e-09,0.0,0.0,0.0,16.0,0.0,0.0,0.0,0.0,-154862545.843412,852.215411567755,0.0,31481812.1152539,0.0,1.16551746032201e-09,0.0,158.0,0.0,880.0,0.0,0.0,0.0,0.0,-154638333.872202,-154862545.843412,-1108668.6378397048,0.0072106710932394276,mejora,-232334.61449086666,DIFIERE,20957000.0,3705,/clusteruy/home/mathiasr/generator-aware-row-scaling/results-revision/r3-hyperparam/simple-gurobi-1pct/win9/resultados/caso27f_estructurado.csv,/clusteruy/home/mathiasr/generator-aware-row-scaling/results-revision/r3-hyperparam/simple-gurobi-1pct/win9/resultados/caso27f_estructurado_postprocesado.csv,/clusteruy/home/mathiasr/generator-aware-row-scaling/results-revision/r3-hyperparam/simple-gurobi-1pct/win9/logs/caso27f_estructurado.log
caso28a.txt,base,OK,0,1.292805176,0.000343985801792,-62653789.00368686,-127572000.0,OPTIMAL,-62654004.52382532,1.0,5196.0,0.24,14400.0,10800.0,35590.0,9777.0,8639.0,26797.0,32.104166666666664,20.00925925925926,24.706378196122508,3,Model contains large bounds | Model contains large matrix coefficients | Model contains large rhs,0.002,2000000000.0,0.003,3000.0,5.0,5000000000.0,1.0,10000000000.0,,,,,,,,,0.0,1.292805176,1.0,1.0,1.0,0.0,0.0,0.0,,,0.0,,,,1184512.123258,,,1.218634,,,,1.218634,1.0,0.405182932192085,,,,,,,,BASE,BASE,,,,,,4.44785931073823e-09,8.90398865749343e-15,1.19551996249357e-07,9.5367431640625e-07,6782871.68265154,1.57529469429915,19428838.5757221,774398723.210963,1.55261140312659e-07,0.0,9.5367431640625e-07,4.63522237141927e-09,0.0,0.0,0.0,0.0,0.0,0.0,0.0,0.0,0.0,-62653789.0036869,194.964699144745,0.0,774398723.210963,4.63522237141927e-09,0.0,0.0,680.0,0.0,694.0,0.0,0.0,0.0,0.0,-127572263.571476,,,,,,BASE,0.0,0,/clusteruy/home/mathiasr/generator-aware-row-scaling/results-revision/r3-hyperparam/simple-gurobi-1pct/win9/resultados/caso28a_base.csv,/clusteruy/home/mathiasr/generator-aware-row-scaling/results-revision/r3-hyperparam/simple-gurobi-1pct/win9/resultados/caso28a_base_postprocesado.csv,/clusteruy/home/mathiasr/generator-aware-row-scaling/results-revision/r3-hyperparam/simple-gurobi-1pct/win9/logs/caso28a_base.log
caso28a.txt,estructurado,OK,0,1.578131383,0.000244579549786,-62653851.28531795,-111280000.0,OPTIMAL,-62654004.52382535,1.0,7404.0,0.25,14400.0,10800.0,35590.0,9780.0,8642.0,26795.0,32.083333333333336,19.98148148148148,24.711997752177577,1,Model contains large bounds,1e-05,40000.0,0.003,3000.0,0.1,70000.0,1.0,10000000000.0,0.003999999999999999,1.0,0.0007,1.0,2215000000000.0,4650000000.0,0.00032,1.0,0.075330173,1.653461556,0.8191999664453792,0.8191999664453792,0.7818779767263,0.075330173,0.04773377794236539,9.940625200599996e-05,-62.28163108974695,-9.94060089264226e-07,16292000.0,0.12770827454300318,0.003999999999999999,0.0020993227990970652,417067.0,,0.3521002375668874,1.0,,,,1.0,1.218634,0.36819887521543,,,,,,,,OK,REVISAR,1.14116119220853e-06,0.0,5.21540641784668e-08,786016296.479933,0.0,6.99510751708398e-09,1.16415321826935e-10,2.38418579101562e-07,1.14116119220853e-06,5249544.73371301,1.57042139367698,20788746.6808395,786016296.479933,1.13686837721616e-13,0.0,1.14116119220853e-06,0.0,0.0,0.0,0.0,0.0,1.0,0.0,0.0,0.0,0.0,-62653851.2853179,195.864045006288,0.0,786016296.479933,0.0,0.0,0.0,536.0,0.0,717.0,0.0,0.0,0.0,0.0,-111280123.717202,-62653851.2853179,-62.28163103759289,9.940600884318093e-07,igual,-2.9802322387695312e-08,DIFIERE,316090000.0,4729,/clusteruy/home/mathiasr/generator-aware-row-scaling/results-revision/r3-hyperparam/simple-gurobi-1pct/win9/resultados/caso28a_estructurado.csv,/clusteruy/home/mathiasr/generator-aware-row-scaling/results-revision/r3-hyperparam/simple-gurobi-1pct/win9/resultados/caso28a_estructurado_postprocesado.csv,/clusteruy/home/mathiasr/generator-aware-row-scaling/results-revision/r3-hyperparam/simple-gurobi-1pct/win9/logs/caso28a_estructurado.log
caso28b.txt,base,OK,0,1.692974297,0.005948957582861,-71176867.83815348,-71565900.0,OPTIMAL,-71181102.11982998,1.0,8008.0,0.24,14400.0,10800.0,35590.0,9777.0,8639.0,26797.0,32.104166666666664,20.00925925925926,24.706378196122508,3,Model contains large bounds | Model contains large matrix coefficients | Model contains large rhs,0.002,2000000000.0,0.003,3000.0,5.0,5000000000.0,1.0,10000000000.0,,,,,,,,,0.0,1.692974297,1.0,1.0,1.0,0.0,0.0,0.0,,,0.0,,,,5725004.616546,,,1.884472,,,,1.884472,1.0,0.426484470374961,,,,,,,,BASE,BASE,,,,,,7.06027694815167e-09,3.72529029846191e-09,2.39141809288413e-07,9.58621967583895e-07,115620.569193757,0.696263562499368,2144109.46822558,17404617.2327536,4.21253621617632e-08,0.0,9.58621967583895e-07,1.25762583414714e-09,0.0,0.0,0.0,0.0,0.0,0.0,0.0,0.0,0.0,-71176867.8381535,101.492704653754,0.0,17404617.2327536,1.25762583414714e-09,0.0,0.0,1001.0,0.0,724.0,0.0,0.0,0.0,0.0,-71565876.0318756,,,,,,BASE,0.0,0,/clusteruy/home/mathiasr/generator-aware-row-scaling/results-revision/r3-hyperparam/simple-gurobi-1pct/win9/resultados/caso28b_base.csv,/clusteruy/home/mathiasr/generator-aware-row-scaling/results-revision/r3-hyperparam/simple-gurobi-1pct/win9/resultados/caso28b_base_postprocesado.csv,/clusteruy/home/mathiasr/generator-aware-row-scaling/results-revision/r3-hyperparam/simple-gurobi-1pct/win9/logs/caso28b_base.log
caso28b.txt,estructurado,OK,0,1.873717969,0.005951900706945,-71176867.83815348,-71565900.0,OPTIMAL,-71181104.21465352,1.0,8744.0,0.26,14400.0,10800.0,35590.0,9780.0,8642.0,26795.0,32.083333333333336,19.98148148148148,24.711997752177577,1,Model contains large bounds,1e-05,40000.0,0.003,3000.0,0.1,70000.0,1.0,10000000000.0,0.003999999999999999,1.0,0.0007,1.0,2215000000000.0,4650000000.0,0.00032,1.0,0.074508561,1.9482265300000001,0.9035374186562011,0.9035374186562011,0.8689822620370536,0.074508561,0.03976508857401047,-2.943124084000062e-06,0.0,0.0,0.0,0.0,0.003999999999999999,0.0020993227990970652,202128.0,,0.03530617240304472,2.0,,,,2.0,0.942236,0.404983481404417,,,,,,,,OK,REVISAR,1.9073486328125e-06,0.0,1.4901161193847656e-08,17404617.2327503,0.0,9.8275770398888e-09,1.30385160446167e-08,2.95216595986858e-07,1.26787927001715e-06,115620.56919373,0.696263562499368,2144109.46822568,17404617.2327503,9.09494701772928e-13,0.0,1.9073486328125e-06,0.0,0.0,0.0,0.0,0.0,7.0,0.0,0.0,0.0,0.0,-71176867.8381535,101.492704653754,0.0,17404617.2327503,0.0,0.0,0.0,1001.0,0.0,731.0,0.0,0.0,0.0,0.0,-71565876.0318691,-71176867.8381535,-1.4901161193847656e-08,2.0935398882303828e-16,igual,-2.0948235392570496,DIFIERE,9.999999999732445e-07,13,/clusteruy/home/mathiasr/generator-aware-row-scaling/results-revision/r3-hyperparam/simple-gurobi-1pct/win9/resultados/caso28b_estructurado.csv,/clusteruy/home/mathiasr/generator-aware-row-scaling/results-revision/r3-hyperparam/simple-gurobi-1pct/win9/resultados/caso28b_estructurado_postprocesado.csv,/clusteruy/home/mathiasr/generator-aware-row-scaling/results-revision/r3-hyperparam/simple-gurobi-1pct/win9/logs/caso28b_estructurado.log
caso28c.txt,base,OK,0,1.377995855,0.00043122922791,-66165267.40398071,-66468300.0,OPTIMAL,-66165552.72795248,1.0,7260.0,0.24,14400.0,10800.0,35590.0,9777.0,8639.0,26797.0,32.104166666666664,20.00925925925926,24.706378196122508,3,Model contains large bounds | Model contains large matrix coefficients | Model contains large rhs,0.002,2000000000.0,0.005,3000.0,5.0,5000000000.0,1.0,10000000000.0,,,,,,,,,0.0,1.377995855,1.0,1.0,1.0,0.0,0.0,0.0,,,0.0,,,,2606074.454049,,,1.312661,,,,1.312661,1.0,0.443756770938415,,,,,,,,BASE,BASE,,,,,,7.33168025327313e-09,9.31322574615479e-09,2.58230575127527e-07,9.93954017758369e-07,112477.745225886,0.3008039225,2141776.08285285,19558975.8345712,0.0,0.0,9.93954017758369e-07,0.0,0.0,0.0,0.0,0.0,0.0,0.0,0.0,0.0,0.0,-66165267.4039807,39.8601711346996,0.0,19558975.8345712,0.0,0.0,0.0,892.0,0.0,678.0,0.0,0.0,0.0,0.0,-66468329.0734473,,,,,,BASE,0.0,0,/clusteruy/home/mathiasr/generator-aware-row-scaling/results-revision/r3-hyperparam/simple-gurobi-1pct/win9/resultados/caso28c_base.csv,/clusteruy/home/mathiasr/generator-aware-row-scaling/results-revision/r3-hyperparam/simple-gurobi-1pct/win9/resultados/caso28c_base_postprocesado.csv,/clusteruy/home/mathiasr/generator-aware-row-scaling/results-revision/r3-hyperparam/simple-gurobi-1pct/win9/logs/caso28c_base.log
caso28c.txt,estructurado,OK,0,1.908695935,0.000438746970522,-66165262.43066014,-66596100.0,OPTIMAL,-66165552.728744596,1.0,9769.0,0.25,14400.0,10800.0,35590.0,9780.0,8642.0,26795.0,32.083333333333336,19.98148148148148,24.711997752177577,1,Model contains large bounds,1e-05,40000.0,0.005,3000.0,0.1,70000.0,1.0,10000000000.0,0.003999999999999999,1.0,0.0007,1.0,2215000000000.0,4650000000.0,0.00032,1.0,0.074845123,1.983541058,0.7219567191041354,0.7219567191041354,0.6947150649805204,0.074845123,0.039212701000487016,-7.517742612000013e-06,4.9733205661177635,7.516512456229495e-08,-127800.0,-0.0019227210565036265,0.003999999999999999,0.0020993227990970652,2445182374293.0,,938262.6695465182,2.0,,,,2.0,0.6563305,0.377146329053076,,,,,,,,OK,REVISAR,1.29651743918657e-06,0.0,4.470348358154297e-08,19942266.2731782,0.0,9.5509758338755e-09,1.11758708953857e-08,3.10123214148916e-07,1.29651743918657e-06,143034.774841529,0.3008039225,2428387.48615688,19942266.2731782,9.5367431640625e-07,0.0,1.29651743918657e-06,0.0,0.0,0.0,0.0,0.0,5.0,0.0,0.0,0.0,0.0,-66165262.4306601,40.5300899772992,0.0,19942266.2731782,0.0,0.0,0.0,847.0,0.0,678.0,0.0,0.0,0.0,0.0,-66596123.0341508,-66165262.4306601,4.973320610821247,7.516512523792863e-08,igual,-0.0007921159267425537,DIFIERE,4840000.0,4234,/clusteruy/home/mathiasr/generator-aware-row-scaling/results-revision/r3-hyperparam/simple-gurobi-1pct/win9/resultados/caso28c_estructurado.csv,/clusteruy/home/mathiasr/generator-aware-row-scaling/results-revision/r3-hyperparam/simple-gurobi-1pct/win9/resultados/caso28c_estructurado_postprocesado.csv,/clusteruy/home/mathiasr/generator-aware-row-scaling/results-revision/r3-hyperparam/simple-gurobi-1pct/win9/logs/caso28c_estructurado.log
caso28d.txt,base,OK,0,1.304032932,0.00263791990637,-81771740.48732784,-90948700.0,OPTIMAL,-81773897.56034794,1.0,6773.0,0.24,14400.0,10800.0,35590.0,10414.0,8639.0,28073.0,27.680555555555557,20.00925925925926,21.121101432986794,4,Model contains large bounds | Model contains large matrix coefficients | Model contains large rhs | max constraint violation (1.0020e-06) exceeds tolerance,0.002,2000000000.0,0.003,2000.0,5.0,5000000000.0,1.0,10000000000.0,,,,,,,,,0.0,1.304032932,1.0,1.0,1.0,0.0,0.0,0.0,,,0.0,,,,2743820.749568,,,1.288723,,,,1.288723,1.0,0.350162412005584,,,,,,,,BASE,BASE,,,,,,6.29279459886432e-09,1.24069629237055e-08,2.00012000277639e-07,1.00198667496443e-06,3142735.62808821,0.393100752882619,17583117.2403721,748282489.133422,1.4210854715202e-14,0.0,1.00198667496443e-06,0.0,0.0,0.0,0.0,0.0,1.0,0.0,0.0,0.0,0.0,-81771740.4873278,137.338584422289,0.0,748282489.133422,0.0,0.0,0.0,486.0,0.0,735.0,0.0,0.0,0.0,0.0,-90948670.5615712,,,,,,BASE,0.0,0,/clusteruy/home/mathiasr/generator-aware-row-scaling/results-revision/r3-hyperparam/simple-gurobi-1pct/win9/resultados/caso28d_base.csv,/clusteruy/home/mathiasr/generator-aware-row-scaling/results-revision/r3-hyperparam/simple-gurobi-1pct/win9/resultados/caso28d_base_postprocesado.csv,/clusteruy/home/mathiasr/generator-aware-row-scaling/results-revision/r3-hyperparam/simple-gurobi-1pct/win9/logs/caso28d_base.log
caso28d.txt,estructurado,OK,0,2.017196677,0.00263792604675,-81771740.48732787,-90597700.0,OPTIMAL,-81773897.56536907,1.0,9308.0,0.26,14400.0,10800.0,35590.0,10417.0,8642.0,28069.0,27.65972222222222,19.98148148148148,21.132340545096937,1,Model contains large bounds,1e-05,40000.0,0.003,2000.0,0.1,70000.0,1.0,10000000000.0,0.003999999999999999,1.0,0.0007,1.0,2215000000000.0,4650000000.0,0.00032,1.0,0.074657112,2.091853789,0.64645800127897,0.64645800127897,0.6233862705210321,0.074657112,0.037010328666132346,-6.1403800000366104e-09,-2.9802322387695312e-08,-3.644574789540376e-16,351000.0,0.0038593184949317584,0.003999999999999999,0.0020993227990970652,73257.0,,0.026698901526834042,2.0,,,,2.0,0.6443615,0.274594085723438,,,,,,,,OK,REVISAR,1.9073486328125e-06,0.0,2.9802322387695312e-08,747609786.864074,0.0,8.53208440408149e-09,1.49011611938477e-08,2.48100841417909e-07,1.2923264876008e-06,2993001.77012247,0.408447437574822,17583117.2403724,747609786.864074,1.81898940354586e-12,0.0,1.9073486328125e-06,0.0,0.0,0.0,0.0,0.0,5.0,0.0,0.0,0.0,0.0,-81771740.4873279,137.033306136529,0.0,747609786.864074,0.0,0.0,0.0,492.0,0.0,739.0,0.0,0.0,0.0,0.0,-90597664.3865274,-81771740.4873279,-5.960464477539063e-08,7.289149579080752e-16,igual,-0.005021125078201294,DIFIERE,10350000.0,409,/clusteruy/home/mathiasr/generator-aware-row-scaling/results-revision/r3-hyperparam/simple-gurobi-1pct/win9/resultados/caso28d_estructurado.csv,/clusteruy/home/mathiasr/generator-aware-row-scaling/results-revision/r3-hyperparam/simple-gurobi-1pct/win9/resultados/caso28d_estructurado_postprocesado.csv,/clusteruy/home/mathiasr/generator-aware-row-scaling/results-revision/r3-hyperparam/simple-gurobi-1pct/win9/logs/caso28d_estructurado.log
caso28e.txt,base,OK,0,1.617864948,0.014078180522183,-89502243.00293756,-89110900.0,OPTIMAL,-89514843.29027891,1.0,9382.0,0.24,14400.0,10800.0,35590.0,10414.0,8639.0,28073.0,27.680555555555557,20.00925925925926,21.121101432986794,4,Model contains large bounds | Model contains large matrix coefficients | Model contains large rhs | max constraint violation (1.2569e-06) exceeds tolerance,0.002,2000000000.0,0.003,2000.0,5.0,5000000000.0,1.0,10000000000.0,,,,,,,,,0.0,1.617864948,1.0,1.0,1.0,0.0,0.0,0.0,,,0.0,,,,31525234.562037,,,1.731407,,,,1.731407,1.0,0.370604866079535,,,,,,,,BASE,BASE,,,,,,7.87670819555948e-09,2.42143869400024e-08,2.64528207480908e-07,1.25693622976542e-06,259212.029425374,0.346202825175533,9080139.84307662,46860661.4941186,8.64923339856439e-08,0.0,1.25693622976542e-06,2.58217349582248e-09,0.0,0.0,0.0,0.0,1.0,0.0,0.0,0.0,0.0,-89502243.0029375,732.891213803347,0.0,46860661.4941186,2.58217349582248e-09,0.0,0.0,563.0,0.0,761.0,0.0,0.0,0.0,0.0,-89110894.4261026,,,,,,BASE,0.0,0,/clusteruy/home/mathiasr/generator-aware-row-scaling/results-revision/r3-hyperparam/simple-gurobi-1pct/win9/resultados/caso28e_base.csv,/clusteruy/home/mathiasr/generator-aware-row-scaling/results-revision/r3-hyperparam/simple-gurobi-1pct/win9/resultados/caso28e_base_postprocesado.csv,/clusteruy/home/mathiasr/generator-aware-row-scaling/results-revision/r3-hyperparam/simple-gurobi-1pct/win9/logs/caso28e_base.log
caso28e.txt,estructurado,OK,0,2.254058883,0.014103103986986,-89502243.00293761,-89110900.0,OPTIMAL,-89514865.597339,1.0,9211.0,0.25,14400.0,10800.0,35590.0,10417.0,8642.0,28069.0,27.65972222222222,19.98148148148148,21.132340545096937,1,Model contains large bounds,1e-05,40000.0,0.003,2000.0,0.1,70000.0,1.0,10000000000.0,0.003999999999999999,1.0,0.0007,1.0,2215000000000.0,4650000000.0,0.00032,1.0,0.075015897,2.32907478,0.7177562929708079,0.7177562929708079,0.6946384727071752,0.075015897,0.033280362623073496,-2.492346480299952e-05,-5.960464477539063e-08,-6.659569947697773e-16,0.0,0.0,0.003999999999999999,0.0020993227990970652,1609564.0,,0.051056368726856455,2.0,,,,2.0,0.8657035,0.347913993870829,,,,,,,,OK,REVISAR,3.09944152832031e-06,0.0,1.4901161193847656e-08,46860661.494116,0.0,1.07733853481962e-08,3.54280928149814e-08,3.27604357153178e-07,1.24180223792791e-06,259212.029425364,0.34620282517553,9080139.84307586,46860661.494116,1.81898940354586e-12,0.0,3.09944152832031e-06,0.0,0.0,0.0,0.0,0.0,6.0,0.0,0.0,0.0,0.0,-89502243.0029376,732.891213803347,0.0,46860661.494116,0.0,0.0,0.0,563.0,0.0,766.0,0.0,0.0,0.0,0.0,-89110894.4261034,-89502243.0029376,-4.470348358154297e-08,4.99467746077333e-16,igual,-22.307060092687607,DIFIERE,9.999999999732445e-07,13,/clusteruy/home/mathiasr/generator-aware-row-scaling/results-revision/r3-hyperparam/simple-gurobi-1pct/win9/resultados/caso28e_estructurado.csv,/clusteruy/home/mathiasr/generator-aware-row-scaling/results-revision/r3-hyperparam/simple-gurobi-1pct/win9/resultados/caso28e_estructurado_postprocesado.csv,/clusteruy/home/mathiasr/generator-aware-row-scaling/results-revision/r3-hyperparam/simple-gurobi-1pct/win9/logs/caso28e_estructurado.log
caso28f.txt,base,OK,0,1.469326697,0.003811560958317,-85249437.2007826,-84726700.0,OPTIMAL,-85252686.53504813,1.0,7649.0,0.24,14400.0,10800.0,35590.0,10414.0,8639.0,28073.0,27.680555555555557,20.00925925925926,21.121101432986794,4,Model contains large bounds | Model contains large matrix coefficients | Model contains large rhs | max constraint violation (1.1234e-06) exceeds tolerance,0.002,2000000000.0,0.005,2000.0,5.0,5000000000.0,1.0,10000000000.0,,,,,,,,,0.0,1.469326697,1.0,1.0,1.0,0.0,0.0,0.0,,,0.0,,,,4223881.737413,,,1.51631,,,,1.51631,1.0,0.360940732944465,,,,,,,,BASE,BASE,,,,,,7.71746904451972e-09,2.23517417907715e-08,2.71480530500412e-07,1.12340785562992e-06,369261.0556833,0.214266991990676,10167072.9241465,323350360.590815,1.4210854715202e-14,0.0,1.12340785562992e-06,0.0,0.0,0.0,0.0,0.0,2.0,0.0,0.0,0.0,0.0,-85249437.2007826,31.4861856021882,0.0,323350360.590815,0.0,0.0,0.0,441.0,0.0,729.0,0.0,0.0,0.0,0.0,-84726714.4096779,,,,,,BASE,0.0,0,/clusteruy/home/mathiasr/generator-aware-row-scaling/results-revision/r3-hyperparam/simple-gurobi-1pct/win9/resultados/caso28f_base.csv,/clusteruy/home/mathiasr/generator-aware-row-scaling/results-revision/r3-hyperparam/simple-gurobi-1pct/win9/resultados/caso28f_base_postprocesado.csv,/clusteruy/home/mathiasr/generator-aware-row-scaling/results-revision/r3-hyperparam/simple-gurobi-1pct/win9/logs/caso28f_base.log
caso28f.txt,estructurado,OK,0,1.918072617,0.003811590619567,-85249437.20078266,-84703800.0,OPTIMAL,-85252686.56033424,1.0,8998.0,0.25,14400.0,10800.0,35590.0,10417.0,8642.0,28069.0,27.65972222222222,19.98148148148148,21.132340545096937,1,Model contains large bounds,1e-05,40000.0,0.005,2000.0,0.1,70000.0,1.0,10000000000.0,0.003999999999999999,1.0,0.0007,1.0,2215000000000.0,4650000000.0,0.00032,1.0,0.075214401,1.993287018,0.7660433103404239,0.7660433103404239,0.7371375440323066,0.075214401,0.039213531507290164,-2.9661249999982792e-08,-5.960464477539063e-08,-6.991793345803278e-16,22900.0,0.00027028079696246875,0.003999999999999999,0.0020993227990970652,100101.0,,0.023698816923152975,2.0,,,,2.0,0.758155,0.331187541611958,,,,,,,,OK,REVISAR,1.9073486328125e-06,0.0,4.470348358154297e-08,323350360.590814,0.0,1.07696569059108e-08,3.47266905009741e-08,3.14561184495688e-07,1.77952460944653e-06,364923.627585304,0.211417769614529,10402273.7096021,323350360.590814,1.81898940354586e-12,0.0,1.9073486328125e-06,0.0,0.0,0.0,0.0,0.0,9.0,0.0,0.0,0.0,0.0,-85249437.2007827,31.4861856021884,0.0,323350360.590814,0.0,0.0,0.0,439.0,0.0,736.0,0.0,0.0,0.0,0.0,-84703817.6960699,-85249437.2007827,-1.043081283569336e-07,1.2235638355155739e-15,igual,-0.025286108255386353,DIFIERE,192.884,28,/clusteruy/home/mathiasr/generator-aware-row-scaling/results-revision/r3-hyperparam/simple-gurobi-1pct/win9/resultados/caso28f_estructurado.csv,/clusteruy/home/mathiasr/generator-aware-row-scaling/results-revision/r3-hyperparam/simple-gurobi-1pct/win9/resultados/caso28f_estructurado_postprocesado.csv,/clusteruy/home/mathiasr/generator-aware-row-scaling/results-revision/r3-hyperparam/simple-gurobi-1pct/win9/logs/caso28f_estructurado.log
caso29a.txt,base,OK,0,1.18605591,0.930357664898713,-264146816.09513488,-262594000.0,OPTIMAL,-266604326.24526188,1.0,0.0,0.25,14400.0,10800.0,35590.0,10592.0,8571.0,28581.0,26.444444444444443,20.63888888888889,19.693734194998594,4,Model contains large bounds | Model contains large matrix coefficients | Model contains large rhs | max constraint violation (1.0713e-06) exceeds tolerance,0.002,2000000000.0,0.003,3000.0,5.0,5000000000.0,1.0,10000000000.0,,,,,,,,,0.0,1.18605591,1.0,1.0,1.0,0.0,0.0,0.0,,,0.0,,,,48356014.829044,,,0.948983,,,,0.948983,1.0,0.378456855487675,,,,,,,,BASE,BASE,,,,,,4.16751162708757e-09,1.49767150070523e-11,1.13621354103088e-07,1.07125379145145e-06,910665.294998157,0.991674042822857,31374805.7229715,315523078.567416,2.43716158365714e-12,0.0,1.07125379145145e-06,0.0,0.0,0.0,0.0,0.0,1.0,0.0,0.0,0.0,0.0,-264146816.095135,1569.70795616959,0.0,315523078.567416,0.0,0.0,0.0,453.0,0.0,891.0,0.0,0.0,0.0,0.0,-262594378.416153,,,,,,BASE,0.0,0,/clusteruy/home/mathiasr/generator-aware-row-scaling/results-revision/r3-hyperparam/simple-gurobi-1pct/win9/resultados/caso29a_base.csv,/clusteruy/home/mathiasr/generator-aware-row-scaling/results-revision/r3-hyperparam/simple-gurobi-1pct/win9/resultados/caso29a_base_postprocesado.csv,/clusteruy/home/mathiasr/generator-aware-row-scaling/results-revision/r3-hyperparam/simple-gurobi-1pct/win9/logs/caso29a_base.log
caso29a.txt,estructurado,OK,0,1.214426234,0.930357664898679,-264146816.0951349,-262726000.0,OPTIMAL,-266604326.24526182,1.0,0.0,0.26,14400.0,10800.0,35590.0,10597.0,8575.0,28587.0,26.40972222222222,20.60185185185185,19.67687552683338,1,Model contains large bounds,1e-05,40000.0,0.003,3000.0,0.1,70000.0,1.0,10000000000.0,0.003999999999999999,1.0,0.0007,1.0,2197000000000.0,4546000000.0,0.0003261,1.0,0.075201882,1.289628116,0.9766389071598399,0.9766389071598399,0.9196883157904104,0.075201882,0.06192379569428833,3.397282455352979e-14,-2.9802322387695312e-08,-1.1282484047417681e-16,-132000.0,-0.0005026771365682385,0.003999999999999999,0.0020691852526172052,982472.0,,0.02031747246900709,1.0,,,,1.0,0.948983,0.370478337957468,,,,,,,,OK,REVISAR,1.29686668515205e-06,0.0,8.940696716308594e-08,315523078.567416,0.0,7.61463226536751e-09,9.31322574615479e-09,2.34693288803101e-07,1.29686668515205e-06,926964.578657073,1.00840863092732,31374805.7229722,315523078.567416,7.27595761418343e-12,0.0,1.29686668515205e-06,0.0,0.0,0.0,0.0,0.0,1.0,0.0,0.0,0.0,0.0,-264146816.095135,1569.70795616959,0.0,315523078.567416,0.0,0.0,0.0,461.0,0.0,891.0,0.0,0.0,0.0,0.0,-262726405.457682,-264146816.095135,-1.1920928955078125e-07,4.512993618967073e-16,igual,5.960464477539063e-08,DIFIERE,348.67199999999997,57,/clusteruy/home/mathiasr/generator-aware-row-scaling/results-revision/r3-hyperparam/simple-gurobi-1pct/win9/resultados/caso29a_estructurado.csv,/clusteruy/home/mathiasr/generator-aware-row-scaling/results-revision/r3-hyperparam/simple-gurobi-1pct/win9/resultados/caso29a_estructurado_postprocesado.csv,/clusteruy/home/mathiasr/generator-aware-row-scaling/results-revision/r3-hyperparam/simple-gurobi-1pct/win9/logs/caso29a_estructurado.log
caso29b.txt,base,OK,0,1.920573904,0.015976372007372,-270632504.21109843,-268865000.0,OPTIMAL,-270675741.46674407,1.0,11390.0,0.24,14400.0,10800.0,35590.0,10592.0,8571.0,28581.0,26.444444444444443,20.63888888888889,19.693734194998594,4,Model contains large bounds | Model contains large matrix coefficients | Model contains large rhs | max constraint violation (1.0768e-06) exceeds tolerance,0.002,2000000000.0,0.003,3000.0,5.0,5000000000.0,1.0,10000000000.0,,,,,,,,,0.0,1.920573904,1.0,1.0,1.0,0.0,0.0,0.0,,,0.0,,,,46671701.517267,,,1.949674,,,,1.949674,1.0,0.254024987011584,,,,,,,,BASE,BASE,,,,,,4.72369102562635e-09,1.39698386192322e-09,1.22704077512026e-07,1.07684172689915e-06,488653.238185272,1.07824736387234,23032297.7355301,54991833.4365219,5.24789118620662e-08,0.0,1.07684172689915e-06,1.45631000449777e-09,0.0,0.0,0.0,0.0,1.0,0.0,0.0,0.0,0.0,-270632504.211098,3315.26932891649,0.0,54991833.4365219,1.45631000449777e-09,0.0,0.0,521.0,0.0,906.0,0.0,0.0,0.0,0.0,-268864553.466215,,,,,,BASE,0.0,0,/clusteruy/home/mathiasr/generator-aware-row-scaling/results-revision/r3-hyperparam/simple-gurobi-1pct/win9/resultados/caso29b_base.csv,/clusteruy/home/mathiasr/generator-aware-row-scaling/results-revision/r3-hyperparam/simple-gurobi-1pct/win9/resultados/caso29b_base_postprocesado.csv,/clusteruy/home/mathiasr/generator-aware-row-scaling/results-revision/r3-hyperparam/simple-gurobi-1pct/win9/logs/caso29b_base.log
caso29b.txt,estructurado,OK,0,1.914928693,0.016029287586933,-270632504.21109855,-268865000.0,OPTIMAL,-270675884.67350227,1.0,9736.0,0.26,14400.0,10800.0,35590.0,10597.0,8575.0,28587.0,26.40972222222222,20.60185185185185,19.67687552683338,1,Model contains large bounds,1e-05,40000.0,0.003,3000.0,0.1,70000.0,1.0,10000000000.0,0.003999999999999999,1.0,0.0007,1.0,2197000000000.0,4546000000.0,0.0003261,1.0,0.07530918,1.990237873,1.0029480006334628,1.0029480006334628,0.9649971644369366,0.07530918,0.03932740695530432,-5.291557956099702e-05,-1.1920928955078125e-07,-4.4048400578592647e-16,0.0,0.0,0.003999999999999999,0.0020691852526172052,1420199.0,,0.030429552680323275,2.0,,,,2.0,0.974837,0.252404524264895,,,,,,,,OK,REVISAR,1.38184987008572e-06,0.0,4.76837158203125e-07,54991833.4365228,0.0,8.02289573007141e-09,1.77067704498766e-08,2.38418579101562e-07,1.38184987008572e-06,488653.238185285,1.07824736387232,23032297.7355304,54991833.4365228,7.27595761418343e-12,0.0,1.38184987008572e-06,0.0,0.0,0.0,0.0,0.0,2.0,0.0,0.0,0.0,0.0,-270632504.211099,3315.26932891648,0.0,54991833.4365228,0.0,0.0,0.0,521.0,0.0,907.0,0.0,0.0,0.0,0.0,-268864553.46621,-270632504.211099,-5.960464477539062e-07,2.2024200289296325e-15,igual,-143.20675820112228,OK,0.0,0,/clusteruy/home/mathiasr/generator-aware-row-scaling/results-revision/r3-hyperparam/simple-gurobi-1pct/win9/resultados/caso29b_estructurado.csv,/clusteruy/home/mathiasr/generator-aware-row-scaling/results-revision/r3-hyperparam/simple-gurobi-1pct/win9/resultados/caso29b_estructurado_postprocesado.csv,/clusteruy/home/mathiasr/generator-aware-row-scaling/results-revision/r3-hyperparam/simple-gurobi-1pct/win9/logs/caso29b_estructurado.log
caso29c.txt,base,OK,0,2.055594039,0.010480164211841,-267263973.63750166,-266015000.0,OPTIMAL,-267291983.34081796,1.0,9303.0,0.25,14400.0,10800.0,35590.0,10592.0,8571.0,28581.0,26.444444444444443,20.63888888888889,19.693734194998594,4,Model contains large bounds | Model contains large matrix coefficients | Model contains large rhs | max constraint violation (1.0713e-06) exceeds tolerance,0.002,2000000000.0,0.005,3000.0,5.0,5000000000.0,1.0,10000000000.0,,,,,,,,,0.0,2.055594039,1.0,1.0,1.0,0.0,0.0,0.0,,,0.0,,,,43650434.355476,,,2.153757,,,,2.153757,1.0,0.220387164003912,,,,,,,,BASE,BASE,,,,,,4.35932095693363e-09,2.28833198917533e-11,1.22934579849243e-07,1.07125379145145e-06,870552.588641862,0.835027145055502,30712745.8929204,315575208.602869,3.63797880709171e-12,0.0,1.07125379145145e-06,0.0,0.0,0.0,0.0,0.0,1.0,0.0,0.0,0.0,0.0,-267263973.637502,2880.68076253895,0.0,315575208.602869,0.0,0.0,0.0,408.0,0.0,894.0,0.0,0.0,0.0,0.0,-266015302.879248,,,,,,BASE,0.0,0,/clusteruy/home/mathiasr/generator-aware-row-scaling/results-revision/r3-hyperparam/simple-gurobi-1pct/win9/resultados/caso29c_base.csv,/clusteruy/home/mathiasr/generator-aware-row-scaling/results-revision/r3-hyperparam/simple-gurobi-1pct/win9/resultados/caso29c_base_postprocesado.csv,/clusteruy/home/mathiasr/generator-aware-row-scaling/results-revision/r3-hyperparam/simple-gurobi-1pct/win9/logs/caso29c_base.log
caso29c.txt,estructurado,OK,0,2.054936976,0.010529903968332,-267263973.63750166,-266158000.0,OPTIMAL,-267292116.27726763,1.0,9328.0,0.26,14400.0,10800.0,35590.0,10597.0,8575.0,28587.0,26.40972222222222,20.60185185185185,19.67687552683338,1,Model contains large bounds,1e-05,40000.0,0.005,3000.0,0.1,70000.0,1.0,10000000000.0,0.003999999999999999,1.0,0.0007,1.0,2197000000000.0,4546000000.0,0.0003261,1.0,0.076001484,2.13093846,1.000319748492374,1.000319748492374,0.964642610561358,0.076001484,0.03698482478423221,-4.9739756491000084e-05,0.0,0.0,-143000.0,-0.0005375636712215477,0.003999999999999999,0.0020691852526172052,1357558.0,,0.0311006756300397,2.0,,,,2.0,1.0768785,0.232688001753463,,,,,,,,OK,REVISAR,1.29686668515205e-06,0.0,3.5762786865234375e-07,315575208.602869,0.0,7.62676285428127e-09,9.33650881051983e-09,2.38418579101562e-07,1.29686668515205e-06,892760.687814421,0.860015144125813,30927697.3018314,315575208.602869,1.00044417195022e-09,0.0,1.29686668515205e-06,0.0,0.0,0.0,0.0,0.0,1.0,0.0,0.0,0.0,0.0,-267263973.637502,2880.68076253896,0.0,315575208.602869,0.0,0.0,0.0,411.0,0.0,894.0,0.0,0.0,0.0,0.0,-266158161.840693,-267263973.637502,-3.5762786865234375e-07,1.3381072794248185e-15,igual,-132.9364496767521,DIFIERE,170.438,37,/clusteruy/home/mathiasr/generator-aware-row-scaling/results-revision/r3-hyperparam/simple-gurobi-1pct/win9/resultados/caso29c_estructurado.csv,/clusteruy/home/mathiasr/generator-aware-row-scaling/results-revision/r3-hyperparam/simple-gurobi-1pct/win9/resultados/caso29c_estructurado_postprocesado.csv,/clusteruy/home/mathiasr/generator-aware-row-scaling/results-revision/r3-hyperparam/simple-gurobi-1pct/win9/logs/caso29c_estructurado.log
caso29d.txt,base,OK,0,2.058562155,0.203958977853959,-222374008.99538788,-221262000.0,OPTIMAL,-222827560.75114775,1.0,8799.0,0.25,14400.0,10800.0,35590.0,10724.0,8463.0,28812.0,25.52777777777778,21.63888888888889,19.04467547063782,3,Model contains large bounds | Model contains large matrix coefficients | Model contains large rhs,0.002,2000000000.0,0.003,2000.0,5.0,5000000000.0,1.0,10000000000.0,,,,,,,,,0.0,2.058562155,1.0,1.0,1.0,0.0,0.0,0.0,,,0.0,,,,31306763.498441,,,2.228934,,,,2.228934,1.0,0.220150672039544,,,,,,,,BASE,BASE,,,,,,2.54528686146234e-09,9.09494701772928e-13,8.5681676864624e-08,5.62751665711403e-07,1502181.34987093,4.69791627959738,59286065.204519,715022907.150525,3.63797880709171e-12,0.0,5.62751665711403e-07,0.0,0.0,0.0,0.0,0.0,0.0,0.0,0.0,0.0,0.0,-222374008.995388,1841.41589899601,0.0,715022907.150525,0.0,0.0,0.0,222.0,0.0,1018.0,0.0,0.0,0.0,0.0,-221262420.475521,,,,,,BASE,0.0,0,/clusteruy/home/mathiasr/generator-aware-row-scaling/results-revision/r3-hyperparam/simple-gurobi-1pct/win9/resultados/caso29d_base.csv,/clusteruy/home/mathiasr/generator-aware-row-scaling/results-revision/r3-hyperparam/simple-gurobi-1pct/win9/resultados/caso29d_base_postprocesado.csv,/clusteruy/home/mathiasr/generator-aware-row-scaling/results-revision/r3-hyperparam/simple-gurobi-1pct/win9/logs/caso29d_base.log
caso29d.txt,estructurado,OK,0,1.88738829,0.205858208528147,-222373960.8881548,-221296000.0,OPTIMAL,-222831735.94027224,1.0,8601.0,0.26,14400.0,10800.0,35590.0,10729.0,8467.0,28818.0,25.493055555555557,21.60185185185185,19.027816802472604,1,Model contains large bounds,1e-05,40000.0,0.003,2000.0,0.1,70000.0,1.0,10000000000.0,0.003999999999999999,1.0,0.0007,1.0,2197000000000.0,4546000000.0,0.0003261,1.0,0.075352737,1.962741027,1.0906935080115392,1.0906935080115392,1.0488200565850812,0.075352737,0.03992434275408162,-0.0018992306741880127,48.107233077287674,2.1633478343364055e-07,-34000.0,-0.0001536639820665094,0.003999999999999999,0.0020691852526172052,2877078.0,,0.09189956669086127,2.0,,,,2.0,1.114467,0.226640551990948,,,,,,,,OK,REVISAR,1.90758146345615e-06,0.0,2.086162567138672e-07,715022907.150524,0.0,5.24046458244416e-09,4.58703652839172e-10,1.63912773132324e-07,1.3441895134747e-06,1512690.98839916,4.75390170216487,59714226.1045963,715022907.150524,7.27595761418343e-12,0.0,1.90758146345615e-06,0.0,0.0,0.0,0.0,0.0,3.0,0.0,0.0,0.0,0.0,-222373960.888155,1841.415898996,0.0,715022907.150524,0.0,0.0,0.0,220.0,0.0,1021.0,0.0,0.0,0.0,0.0,-221296439.408966,-222373960.888155,48.10723286867142,2.1633478249550817e-07,igual,-4175.189124494791,DIFIERE,20000.0,660,/clusteruy/home/mathiasr/generator-aware-row-scaling/results-revision/r3-hyperparam/simple-gurobi-1pct/win9/resultados/caso29d_estructurado.csv,/clusteruy/home/mathiasr/generator-aware-row-scaling/results-revision/r3-hyperparam/simple-gurobi-1pct/win9/resultados/caso29d_estructurado_postprocesado.csv,/clusteruy/home/mathiasr/generator-aware-row-scaling/results-revision/r3-hyperparam/simple-gurobi-1pct/win9/logs/caso29d_estructurado.log
caso29e.txt,base,OK,0,2.379619908,0.271885799082891,-228036323.06924137,-228467000.0,OPTIMAL,-228656321.44841743,1.0,12312.0,0.25,14400.0,10800.0,35590.0,10724.0,8463.0,28812.0,25.52777777777778,21.63888888888889,19.04467547063782,4,Model contains large bounds | Model contains large matrix coefficients | Model contains large rhs | max constraint violation (1.2778e-06) exceeds tolerance,0.002,2000000000.0,0.003,2000.0,5.0,5000000000.0,1.0,10000000000.0,,,,,,,,,0.0,2.379619908,1.0,1.0,1.0,0.0,0.0,0.0,,,0.0,,,,68078871.580807,,,2.459471,,,,2.459471,1.0,0.243440109495772,,,,,,,,BASE,BASE,,,,,,3.04278597057621e-09,3.67421648661547e-12,9.68668609857561e-08,1.27777457237244e-06,155395.204368405,2.92976669475145,6991896.40765761,16815201.8979507,7.27595761418343e-12,0.0,1.27777457237244e-06,0.0,0.0,0.0,0.0,0.0,1.0,0.0,0.0,0.0,0.0,-228036323.069241,1486.46586758484,0.0,16815201.8979507,0.0,0.0,0.0,910.0,0.0,1047.0,0.0,0.0,0.0,0.0,-228467082.186019,,,,,,BASE,0.0,0,/clusteruy/home/mathiasr/generator-aware-row-scaling/results-revision/r3-hyperparam/simple-gurobi-1pct/win9/resultados/caso29e_base.csv,/clusteruy/home/mathiasr/generator-aware-row-scaling/results-revision/r3-hyperparam/simple-gurobi-1pct/win9/resultados/caso29e_base_postprocesado.csv,/clusteruy/home/mathiasr/generator-aware-row-scaling/results-revision/r3-hyperparam/simple-gurobi-1pct/win9/logs/caso29e_base.log
caso29e.txt,estructurado,OK,0,2.303524214,0.273627014918967,-228036323.06924134,-228467000.0,OPTIMAL,-228660292.05298668,1.0,10715.0,0.26,14400.0,10800.0,35590.0,10729.0,8467.0,28818.0,25.493055555555557,21.60185185185185,19.027816802472604,1,Model contains large bounds,1e-05,40000.0,0.003,2000.0,0.1,70000.0,1.0,10000000000.0,0.003999999999999999,1.0,0.0007,1.0,2197000000000.0,4546000000.0,0.0003261,1.0,0.075426704,2.3789509179999997,1.0330344667260356,1.0330344667260356,1.0002812121910287,0.075426704,0.03274404650994479,-0.0017412158360760044,2.9802322387695312e-08,1.3069111967151864e-16,0.0,0.0,0.003999999999999999,0.0020691852526172052,468013.0,,0.006874570467057266,2.0,,,,2.0,1.2297355,0.263518572669028,,,,,,,,OK,REVISAR,1.15483999252319e-06,0.0,3.5762786865234375e-07,16815201.8979465,0.0,6.42342458288544e-09,1.86264514923096e-09,1.89413549378514e-07,1.15483999252319e-06,155395.204368361,2.92976669475145,6991896.40765413,16815201.8979465,7.27595761418343e-12,0.0,1.15483999252319e-06,0.0,0.0,0.0,0.0,0.0,1.0,0.0,0.0,0.0,0.0,-228036323.069241,1486.46586758483,0.0,16815201.8979465,0.0,0.0,0.0,910.0,0.0,1047.0,0.0,0.0,0.0,0.0,-228467082.186021,-228036323.069241,3.8743019104003906e-07,1.6989845557297423e-15,igual,-3970.6045692563057,OK,0.0,0,/clusteruy/home/mathiasr/generator-aware-row-scaling/results-revision/r3-hyperparam/simple-gurobi-1pct/win9/resultados/caso29e_estructurado.csv,/clusteruy/home/mathiasr/generator-aware-row-scaling/results-revision/r3-hyperparam/simple-gurobi-1pct/win9/resultados/caso29e_estructurado_postprocesado.csv,/clusteruy/home/mathiasr/generator-aware-row-scaling/results-revision/r3-hyperparam/simple-gurobi-1pct/win9/logs/caso29e_estructurado.log
caso29f.txt,base,OK,0,1.811460739,0.211219353089281,-224805433.95172235,-224056000.0,OPTIMAL,-225280266.53502473,1.0,9903.0,0.25,14400.0,10800.0,35590.0,10724.0,8463.0,28812.0,25.52777777777778,21.63888888888889,19.04467547063782,3,Model contains large bounds | Model contains large matrix coefficients | Model contains large rhs,0.002,2000000000.0,0.005,2000.0,5.0,5000000000.0,1.0,10000000000.0,,,,,,,,,0.0,1.811460739,1.0,1.0,1.0,0.0,0.0,0.0,,,0.0,,,,82836502.135567,,,1.722386,,,,1.722386,1.0,0.276199563418296,,,,,,,,BASE,BASE,,,,,,2.68388609363237e-09,9.09494701772928e-13,8.5681676864624e-08,7.36210495233536e-07,841299.029164685,2.88337957361394,36432235.9641117,321957215.599583,7.27595761418343e-12,0.0,7.36210495233536e-07,0.0,0.0,0.0,0.0,0.0,0.0,0.0,0.0,0.0,0.0,-224805433.951722,2048.62023205329,0.0,321957215.599583,0.0,0.0,0.0,254.0,0.0,1018.0,0.0,0.0,0.0,0.0,-224055934.358469,,,,,,BASE,0.0,0,/clusteruy/home/mathiasr/generator-aware-row-scaling/results-revision/r3-hyperparam/simple-gurobi-1pct/win9/resultados/caso29f_base.csv,/clusteruy/home/mathiasr/generator-aware-row-scaling/results-revision/r3-hyperparam/simple-gurobi-1pct/win9/resultados/caso29f_base_postprocesado.csv,/clusteruy/home/mathiasr/generator-aware-row-scaling/results-revision/r3-hyperparam/simple-gurobi-1pct/win9/logs/caso29f_base.log
caso29f.txt,estructurado,OK,0,1.742937492,0.213108512566515,-224805363.85044298,-224247000.0,OPTIMAL,-225284443.2175144,1.0,8862.0,0.26,14400.0,10800.0,35590.0,10729.0,8467.0,28818.0,25.493055555555557,21.60185185185185,19.027816802472604,1,Model contains large bounds,1e-05,40000.0,0.005,2000.0,0.1,70000.0,1.0,10000000000.0,0.003999999999999999,1.0,0.0007,1.0,2197000000000.0,4546000000.0,0.0003261,1.0,0.074745487,1.817682979,1.039314804641313,1.039314804641313,0.9965768288134473,0.074745487,0.04288477776344718,-0.0018891594772340037,70.10127937793732,3.1183089370069135e-07,-191000.0,-0.0008524654550648052,0.003999999999999999,0.0020691852526172052,8174488.0,,0.09868219672798292,2.0,,,,2.0,0.861193,0.271371739493159,,,,,,,,OK,REVISAR,1.3441895134747e-06,0.0,2.9802322387695312e-08,321958036.363785,0.0,6.02601405262924e-09,4.65661287307739e-10,1.70441344380379e-07,1.3441895134747e-06,914184.401591168,2.93396881476209,36886645.8902615,321958036.363785,7.27595761418343e-12,0.0,1.3441895134747e-06,0.0,0.0,0.0,0.0,0.0,3.0,0.0,0.0,0.0,0.0,-224805363.850443,2048.62023205328,0.0,321958036.363785,0.0,0.0,0.0,259.0,0.0,1021.0,0.0,0.0,0.0,0.0,-224246744.190544,-224805363.850443,70.101279348135,3.118308935681219e-07,igual,-4176.6824896633625,DIFIERE,20000.0,915,/clusteruy/home/mathiasr/generator-aware-row-scaling/results-revision/r3-hyperparam/simple-gurobi-1pct/win9/resultados/caso29f_estructurado.csv,/clusteruy/home/mathiasr/generator-aware-row-scaling/results-revision/r3-hyperparam/simple-gurobi-1pct/win9/resultados/caso29f_estructurado_postprocesado.csv,/clusteruy/home/mathiasr/generator-aware-row-scaling/results-revision/r3-hyperparam/simple-gurobi-1pct/win9/logs/caso29f_estructurado.log
caso30a.txt,base,OK,0,1.115576936,0.955204647338125,-222103995.5848166,-221660000.0,OPTIMAL,-224225543.27256644,1.0,0.0,0.24,14400.0,10800.0,35590.0,10645.0,8790.0,28095.0,26.07638888888889,18.61111111111111,21.059286316381005,4,Model contains large bounds | Model contains large matrix coefficients | Model contains large rhs | max constraint violation (9.6373e-06) exceeds tolerance,0.002,2000000000.0,0.003,3000.0,5.0,4000000000.0,1.0,10000000000.0,,,,,,,,,0.0,1.115576936,1.0,1.0,1.0,0.0,0.0,0.0,,,0.0,,,,28196033.448587,,,0.930288,,,,0.930288,1.0,0.381518537219728,,,,,,,,BASE,BASE,,,,,,4.11842326737033e-09,1.34499855697356e-11,1.12464185804129e-07,9.64105129241943e-06,774163.068228214,0.871517974907071,24997680.9485849,332648652.623701,1.13686837721616e-13,0.0,9.64105129241943e-06,2.26234407414777e-07,0.0,0.0,0.0,0.0,1.0,0.0,0.0,0.0,0.0,-222103995.584817,483.374606302161,0.0,332648652.623701,0.0,0.0,0.0,507.0,0.0,882.0,0.0,0.0,0.0,0.0,-221660233.977978,,,,,,BASE,0.0,0,/clusteruy/home/mathiasr/generator-aware-row-scaling/results-revision/r3-hyperparam/simple-gurobi-1pct/win9/resultados/caso30a_base.csv,/clusteruy/home/mathiasr/generator-aware-row-scaling/results-revision/r3-hyperparam/simple-gurobi-1pct/win9/resultados/caso30a_base_postprocesado.csv,/clusteruy/home/mathiasr/generator-aware-row-scaling/results-revision/r3-hyperparam/simple-gurobi-1pct/win9/logs/caso30a_base.log
caso30a.txt,estructurado,OK,0,1.339654025,0.955204647335554,-222103995.58482173,-221741000.0,OPTIMAL,-224225543.2725659,1.0,0.0,0.26,14400.0,10800.0,35590.0,10648.0,8793.0,28097.0,26.055555555555557,18.583333333333332,21.053666760325935,2,Model contains large bounds | max constraint violation (1.2600e-06) exceeds tolerance,2e-05,40000.0,0.003,3000.0,0.7,60000.0,1.0,10000000000.0,0.0019999999999999996,1.0,0.00010714285714285715,1.0,2132000000000.0,4150000000.0,0.0003518,1.0,0.075245225,1.41489925,0.8327351056180345,0.8327351056180345,0.7884497330817019,0.075245225,0.05616765492866713,2.5710544804269375e-12,-5.125999450683594e-06,-2.307927616154068e-14,-81000.0,-0.00036542452404583596,0.0019999999999999996,0.001946529080675422,356639.0,,0.012648552167818215,1.0,,,,1.0,0.930288,0.378411493734191,,,,,,,,REVISAR,REVISAR,0.000263693611486815,0.0,2.682209014892578e-07,332648652.623722,0.0,4.72877348697236e-08,3.09850292978807e-08,3.76296811737124e-07,0.00011860579252243,794394.754015159,0.865666418730844,25060457.8548655,332648652.623722,3.63797880709171e-12,0.0,0.000263693611486815,2.21163862627213e-08,0.0,0.0,0.0,0.0,5.0,0.0,0.0,0.0,0.0,-222103995.584822,483.374606302161,0.0,332648652.623722,0.0,0.0,0.0,502.0,0.0,888.0,0.0,0.0,0.0,0.0,-221740732.734298,-222103995.584822,-5.3942203521728516e-06,2.4286912704877108e-14,igual,5.364418029785156e-07,DIFIERE,352.046,87,/clusteruy/home/mathiasr/generator-aware-row-scaling/results-revision/r3-hyperparam/simple-gurobi-1pct/win9/resultados/caso30a_estructurado.csv,/clusteruy/home/mathiasr/generator-aware-row-scaling/results-revision/r3-hyperparam/simple-gurobi-1pct/win9/resultados/caso30a_estructurado_postprocesado.csv,/clusteruy/home/mathiasr/generator-aware-row-scaling/results-revision/r3-hyperparam/simple-gurobi-1pct/win9/logs/caso30a_estructurado.log
caso30b.txt,base,OK,0,1.929350842,0.010293719990179,-227831096.75215548,-226772000.0,OPTIMAL,-227854549.0473057,1.0,10218.0,0.24,14400.0,10800.0,35590.0,10645.0,8790.0,28095.0,26.07638888888889,18.61111111111111,21.059286316381005,3,Model contains large bounds | Model contains large matrix coefficients | Model contains large rhs,0.002,2000000000.0,0.003,3000.0,5.0,4000000000.0,1.0,10000000000.0,,,,,,,,,0.0,1.929350842,1.0,1.0,1.0,0.0,0.0,0.0,,,0.0,,,,27302394.673031,,,2.011556,,,,2.011556,1.0,0.242692057169984,,,,,,,,BASE,BASE,,,,,,3.18187098609219e-09,1.11114895062769e-11,1.08033418655396e-07,2.23517417907715e-07,347457.838794337,1.01401741238555,18326795.9958048,43067140.577363,1.81898940354586e-12,0.0,2.38418579101562e-07,0.0,0.0,0.0,0.0,0.0,0.0,0.0,0.0,0.0,0.0,-227831096.752155,609.79003621943,0.0,43067140.577363,0.0,0.0,0.0,673.0,0.0,905.0,0.0,0.0,0.0,0.0,-226772114.923669,,,,,,BASE,0.0,0,/clusteruy/home/mathiasr/generator-aware-row-scaling/results-revision/r3-hyperparam/simple-gurobi-1pct/win9/resultados/caso30b_base.csv,/clusteruy/home/mathiasr/generator-aware-row-scaling/results-revision/r3-hyperparam/simple-gurobi-1pct/win9/resultados/caso30b_base_postprocesado.csv,/clusteruy/home/mathiasr/generator-aware-row-scaling/results-revision/r3-hyperparam/simple-gurobi-1pct/win9/logs/caso30b_base.log
caso30b.txt,estructurado,OK,0,2.178044156,0.01030359921654,-227831096.75215554,-226772000.0,OPTIMAL,-227854571.55525553,1.0,10146.0,0.26,14400.0,10800.0,35590.0,10648.0,8793.0,28097.0,26.055555555555557,18.583333333333332,21.053666760325935,1,Model contains large bounds,2e-05,40000.0,0.003,3000.0,0.7,60000.0,1.0,10000000000.0,0.0019999999999999996,1.0,0.00010714285714285715,1.0,2132000000000.0,4150000000.0,0.0003518,1.0,0.075266183,2.253310339,0.8858180568493489,0.8858180568493489,0.8562295253374773,0.075266183,0.03455677553306683,-9.87922636100022e-06,-5.960464477539063e-08,-2.616176879499076e-16,0.0,0.0,0.0019999999999999996,0.001946529080675422,954302.0,,0.03495305124069021,2.0,,,,2.0,1.005778,0.246296656860882,,,,,,,,OK,REVISAR,1.13015994429588e-06,0.0,4.470348358154297e-07,43067140.5773637,0.0,1.0289368984671e-08,2.98023223876953e-08,3.38153913617136e-07,2.88709998130798e-07,347457.838794347,1.01401741238555,18326795.9958051,43067140.5773637,3.63797880709171e-12,0.0,1.13015994429588e-06,0.0,0.0,0.0,0.0,0.0,1.0,0.0,0.0,0.0,0.0,-227831096.752156,609.79003621943,0.0,43067140.5773637,0.0,0.0,0.0,673.0,0.0,906.0,0.0,0.0,0.0,0.0,-226772114.923667,-227831096.752156,-5.066394805908203e-07,2.2237503475742147e-15,igual,-22.507949829101562,OK,0.0,0,/clusteruy/home/mathiasr/generator-aware-row-scaling/results-revision/r3-hyperparam/simple-gurobi-1pct/win9/resultados/caso30b_estructurado.csv,/clusteruy/home/mathiasr/generator-aware-row-scaling/results-revision/r3-hyperparam/simple-gurobi-1pct/win9/resultados/caso30b_estructurado_postprocesado.csv,/clusteruy/home/mathiasr/generator-aware-row-scaling/results-revision/r3-hyperparam/simple-gurobi-1pct/win9/logs/caso30b_estructurado.log
caso30c.txt,base,OK,0,1.707745591,0.007220893635899,-224876994.3715557,-224433000.0,OPTIMAL,-224893232.50013086,1.0,8632.0,0.24,14400.0,10800.0,35590.0,10645.0,8790.0,28095.0,26.07638888888889,18.61111111111111,21.059286316381005,4,Model contains large bounds | Model contains large matrix coefficients | Model contains large rhs | max constraint violation (9.6373e-06) exceeds tolerance,0.002,2000000000.0,0.005,3000.0,5.0,4000000000.0,1.0,10000000000.0,,,,,,,,,0.0,1.707745591,1.0,1.0,1.0,0.0,0.0,0.0,,,0.0,,,,28196033.448587,,,1.732751,,,,1.732751,1.0,0.26823757170489,,,,,,,,BASE,BASE,,,,,,4.11842326737033e-09,1.34499855697356e-11,1.12464185804129e-07,9.64105129241943e-06,774163.068228214,0.871517974907071,24997680.9485849,332648652.623701,1.13686837721616e-13,0.0,9.64105129241943e-06,2.26234407414777e-07,0.0,0.0,0.0,0.0,1.0,0.0,0.0,0.0,0.0,-224876994.371556,483.374606302161,0.0,332648652.623701,0.0,0.0,0.0,507.0,0.0,882.0,0.0,0.0,0.0,0.0,-224433232.764718,,,,,,BASE,0.0,0,/clusteruy/home/mathiasr/generator-aware-row-scaling/results-revision/r3-hyperparam/simple-gurobi-1pct/win9/resultados/caso30c_base.csv,/clusteruy/home/mathiasr/generator-aware-row-scaling/results-revision/r3-hyperparam/simple-gurobi-1pct/win9/resultados/caso30c_base_postprocesado.csv,/clusteruy/home/mathiasr/generator-aware-row-scaling/results-revision/r3-hyperparam/simple-gurobi-1pct/win9/logs/caso30c_base.log
caso30c.txt,estructurado,OK,0,2.097678515,0.006591616524165,-224878433.09661746,-224511000.0,OPTIMAL,-224893256.22057274,1.0,10698.0,0.25,14400.0,10800.0,35590.0,10648.0,8793.0,28097.0,26.055555555555557,18.583333333333332,21.053666760325935,2,Model contains large bounds | max constraint violation (1.2600e-06) exceeds tolerance,2e-05,40000.0,0.005,3000.0,0.7,60000.0,1.0,10000000000.0,0.0019999999999999996,1.0,0.00010714285714285715,1.0,2132000000000.0,4150000000.0,0.0003518,1.0,0.074649008,2.1723275230000003,0.8141121619868428,0.8141121619868428,0.7861363320764774,0.074649008,0.03558648642592404,0.0006292771117339998,-1438.7250617742538,-6.397831249012086e-06,-78000.0,-0.00034754247370039163,0.0019999999999999996,0.001946529080675422,366781.0,,0.013008248151953467,2.0,,,,2.0,0.8663755,0.233602262904648,,,,,,,,REVISAR,REVISAR,0.000263693611486815,0.0,4.470348358154297e-07,332648651.922966,0.0,4.7394889304077e-08,3.36207449436174e-08,3.6461278796196e-07,0.00011860579252243,794204.490143855,0.945124318756906,25060457.8548653,332648651.922966,3.63797880709171e-12,0.0,0.000263693611486815,0.0,0.0,0.0,0.0,0.0,7.0,0.0,0.0,0.0,0.0,-224878433.096617,483.374606302161,0.0,332648651.922966,0.0,0.0,0.0,517.0,0.0,889.0,0.0,0.0,0.0,0.0,-224510903.240184,-224878433.096617,-1438.725061327219,6.397831247024177e-06,mejora,-23.72044187784195,DIFIERE,420000.0,1887,/clusteruy/home/mathiasr/generator-aware-row-scaling/results-revision/r3-hyperparam/simple-gurobi-1pct/win9/resultados/caso30c_estructurado.csv,/clusteruy/home/mathiasr/generator-aware-row-scaling/results-revision/r3-hyperparam/simple-gurobi-1pct/win9/resultados/caso30c_estructurado_postprocesado.csv,/clusteruy/home/mathiasr/generator-aware-row-scaling/results-revision/r3-hyperparam/simple-gurobi-1pct/win9/logs/caso30c_estructurado.log
caso30d.txt,base,OK,0,42.17746116,0.440288807337321,-196267168.8641004,-195045000.0,OPTIMAL,-197131311.24108687,10207.0,771585.0,0.24,14400.0,10800.0,35590.0,10872.0,8705.0,28527.0,24.5,19.39814814814815,19.84546220848553,3,Model contains large bounds | Model contains large matrix coefficients | Model contains large rhs,0.002,2000000000.0,0.003,2000.0,5.0,4000000000.0,1.0,10000000000.0,,,,,,,,,0.0,42.17746116,1.0,1.0,1.0,0.0,0.0,0.0,,,0.0,,,,64607398.624148,,,50.336997,,0.03142,3.045925,50.336997,1.0,0.035358082459837,,,,,,,,BASE,BASE,,,,,,2.50899045499075e-09,2.27373675443232e-13,8.37614061310887e-08,2.04890966415405e-07,766685.322329922,3.102621243977,36780253.0597093,144303382.361452,1.81898940354586e-12,0.0,3.27476300299168e-07,0.0,0.0,0.0,0.0,0.0,0.0,0.0,0.0,0.0,0.0,-196267168.8641,664.594413351195,0.0,144303382.361452,0.0,0.0,0.0,164.0,0.0,976.0,0.0,0.0,0.0,0.0,-195045417.905882,,,,,,BASE,0.0,0,/clusteruy/home/mathiasr/generator-aware-row-scaling/results-revision/r3-hyperparam/simple-gurobi-1pct/win9/resultados/caso30d_base.csv,/clusteruy/home/mathiasr/generator-aware-row-scaling/results-revision/r3-hyperparam/simple-gurobi-1pct/win9/resultados/caso30d_base_postprocesado.csv,/clusteruy/home/mathiasr/generator-aware-row-scaling/results-revision/r3-hyperparam/simple-gurobi-1pct/win9/logs/caso30d_base.log
caso30d.txt,estructurado,OK,0,1.803797215,0.15142289579309,-197017800.99399588,-203274000.0,OPTIMAL,-197316131.05348885,1.0,9132.0,0.25,14400.0,10800.0,35590.0,10875.0,8708.0,28529.0,24.479166666666668,19.37037037037037,19.83984265243046,1,Model contains large bounds,2e-05,40000.0,0.003,2000.0,0.7,60000.0,1.0,10000000000.0,0.0019999999999999996,1.0,0.00010714285714285715,1.0,2132000000000.0,4150000000.0,0.0003518,1.0,0.074532207,1.878329422,23.382595786966,23.382595786966,22.45477319686046,0.074532207,0.04131961529833053,0.288865911544231,-750632.1298954785,-0.0038245425062162705,-8229000.0,-0.04219026378528032,0.0019999999999999996,0.001946529080675422,72258.0,,0.0011184167996046272,2.0,,,,2.0,25.1684985,0.249820439345744,,,,,,,,OK,REVISAR,8.41449946165085e-07,0.0,1.1920928955078125e-07,726923648.47162,0.0,8.5462431530451e-09,5.82367647439152e-09,2.3843276721891e-07,2.90572643280029e-07,2274311.20910748,3.15108004782264,17068070.4252944,726923648.47162,7.27595761418343e-12,0.0,8.41449946165085e-07,0.0,0.0,0.0,0.0,0.0,0.0,0.0,0.0,0.0,0.0,-197017800.993996,1351.84130258352,0.0,726923648.47162,0.0,0.0,0.0,536.0,0.0,980.0,0.0,0.0,0.0,0.0,-203273953.697788,-197017800.993996,-750632.1298955977,0.0038245425062168777,mejora,-184819.81240198016,DIFIERE,149630000.0,5497,/clusteruy/home/mathiasr/generator-aware-row-scaling/results-revision/r3-hyperparam/simple-gurobi-1pct/win9/resultados/caso30d_estructurado.csv,/clusteruy/home/mathiasr/generator-aware-row-scaling/results-revision/r3-hyperparam/simple-gurobi-1pct/win9/resultados/caso30d_estructurado_postprocesado.csv,/clusteruy/home/mathiasr/generator-aware-row-scaling/results-revision/r3-hyperparam/simple-gurobi-1pct/win9/logs/caso30d_estructurado.log
caso30e.txt,base,OK,0,3.022713657,0.143297840693682,-202104024.26693505,-202251000.0,OPTIMAL,-202393634.9696646,1.0,10811.0,0.24,14400.0,10800.0,35590.0,10872.0,8705.0,28527.0,24.5,19.39814814814815,19.84546220848553,4,Model contains large bounds | Model contains large matrix coefficients | Model contains large rhs | max constraint violation (1.1921e-06) exceeds tolerance,0.002,2000000000.0,0.003,2000.0,5.0,4000000000.0,1.0,10000000000.0,,,,,,,,,0.0,3.022713657,1.0,1.0,1.0,0.0,0.0,0.0,,,0.0,,,,38180844.986027,,,3.188238,,,,3.188238,1.0,0.871693538987529,,,,,,,,BASE,BASE,,,,,,3.0209708556052e-09,7.27595761418343e-12,1.01050827652216e-07,2.30967998504639e-07,131170.005305467,1.68700167063641,4999569.48261859,19358457.9446187,1.19209289550781e-06,0.0,3.33879142999649e-07,0.0,0.0,0.0,1.0,0.0,0.0,0.0,0.0,0.0,0.0,-202104024.266935,1218.48398489622,0.0,19358457.9446187,0.0,0.0,0.0,873.0,0.0,990.0,0.0,0.0,0.0,0.0,-202250755.181676,,,,,,BASE,0.0,0,/clusteruy/home/mathiasr/generator-aware-row-scaling/results-revision/r3-hyperparam/simple-gurobi-1pct/win9/resultados/caso30e_base.csv,/clusteruy/home/mathiasr/generator-aware-row-scaling/results-revision/r3-hyperparam/simple-gurobi-1pct/win9/resultados/caso30e_base_postprocesado.csv,/clusteruy/home/mathiasr/generator-aware-row-scaling/results-revision/r3-hyperparam/simple-gurobi-1pct/win9/logs/caso30e_base.log
caso30e.txt,estructurado,OK,0,2.888669805,0.138387791805933,-202104024.2669352,-202251000.0,OPTIMAL,-202383711.56326914,1.0,10185.0,0.25,14400.0,10800.0,35590.0,10875.0,8708.0,28529.0,24.479166666666668,19.37037037037037,19.83984265243046,1,Model contains large bounds,2e-05,40000.0,0.003,2000.0,0.7,60000.0,1.0,10000000000.0,0.0019999999999999996,1.0,0.00010714285714285715,1.0,2132000000000.0,4150000000.0,0.0003518,1.0,0.074974511,2.9636443160000003,1.0464033139987075,1.0464033139987075,1.0199313192480957,0.074974511,0.02595468366451111,0.004910048887749013,-1.4901161193847656e-07,-7.373015578436229e-16,0.0,0.0,0.0019999999999999996,0.001946529080675422,4696806.0,,0.12301472117023299,3.0,,0.0,2.0,3.0,1.062746,0.21454744542596,,,,,,,,OK,REVISAR,1.55065936269239e-06,0.0,2.086162567138672e-07,19358457.9446187,0.0,1.00439556534409e-08,2.60828528553247e-08,3.3155083656311e-07,2.75671482086182e-07,131170.005305473,1.68700167063642,4999569.48261802,19358457.9446187,7.27595761418343e-12,0.0,1.55065936269239e-06,0.0,0.0,0.0,0.0,0.0,2.0,0.0,0.0,0.0,0.0,-202104024.266935,1218.48398489622,0.0,19358457.9446187,0.0,0.0,0.0,872.0,0.0,993.0,0.0,0.0,0.0,0.0,-202250755.181676,-202104024.266935,5.960464477539063e-08,2.949206231374491e-16,igual,9923.406395465136,OK,0.0,0,/clusteruy/home/mathiasr/generator-aware-row-scaling/results-revision/r3-hyperparam/simple-gurobi-1pct/win9/resultados/caso30e_estructurado.csv,/clusteruy/home/mathiasr/generator-aware-row-scaling/results-revision/r3-hyperparam/simple-gurobi-1pct/win9/resultados/caso30e_estructurado_postprocesado.csv,/clusteruy/home/mathiasr/generator-aware-row-scaling/results-revision/r3-hyperparam/simple-gurobi-1pct/win9/logs/caso30e_estructurado.log
caso30f.txt,base,OK,0,33.247914494,0.060302873058931,-199250433.85670468,-197824000.0,OPTIMAL,-199370587.59290266,9186.0,383451.0,0.24,14400.0,10800.0,35590.0,10872.0,8705.0,28527.0,24.5,19.39814814814815,19.84546220848553,3,Model contains large bounds | Model contains large matrix coefficients | Model contains large rhs,0.002,2000000000.0,0.005,2000.0,5.0,4000000000.0,1.0,10000000000.0,,,,,,,,,0.0,33.247914494,1.0,1.0,1.0,0.0,0.0,0.0,,,0.0,,,,79015095.683801,,,39.324975,,0.030726,3.164837,39.324975,1.0,0.040343035656331,,,,,,,,BASE,BASE,,,,,,2.97466279226953e-09,4.6493253691436e-12,9.31456452235582e-08,2.01165676116943e-07,770824.004781913,3.4179942714149,37015064.8835475,144267913.46608,1.25055521493778e-12,0.0,3.78582626581192e-07,0.0,0.0,0.0,0.0,0.0,0.0,0.0,0.0,0.0,0.0,-199250433.856705,921.444260842058,0.0,144267913.46608,0.0,0.0,0.0,175.0,0.0,978.0,0.0,0.0,0.0,0.0,-197824259.801658,,,,,,BASE,0.0,0,/clusteruy/home/mathiasr/generator-aware-row-scaling/results-revision/r3-hyperparam/simple-gurobi-1pct/win9/resultados/caso30f_base.csv,/clusteruy/home/mathiasr/generator-aware-row-scaling/results-revision/r3-hyperparam/simple-gurobi-1pct/win9/resultados/caso30f_base_postprocesado.csv,/clusteruy/home/mathiasr/generator-aware-row-scaling/results-revision/r3-hyperparam/simple-gurobi-1pct/win9/logs/caso30f_base.log
caso30f.txt,estructurado,OK,0,2.416521291,0.099148422801215,-199227183.61847627,-198569000.0,OPTIMAL,-199424714.22882527,1.0,9861.0,0.26,14400.0,10800.0,35590.0,10875.0,8708.0,28529.0,24.479166666666668,19.37037037037037,19.83984265243046,1,Model contains large bounds,2e-05,40000.0,0.005,2000.0,0.7,60000.0,1.0,10000000000.0,0.0019999999999999996,1.0,0.00010714285714285715,1.0,2132000000000.0,4150000000.0,0.0003518,1.0,0.074750641,2.491271932,13.758585375526078,13.758585375526078,13.345758873985499,0.074750641,0.03093316052227574,-0.038845549742284,23250.238228410482,0.00011668851996142403,-745000.0,-0.0037659737948883857,0.0019999999999999996,0.001946529080675422,4534294.0,,0.057385161161420735,2.0,,0.0,2.0,2.0,19.6624875,0.227108618700232,,,,,,,,OK,REVISAR,8.34872480481863e-07,0.0,2.682209014892578e-07,152451426.851258,0.0,8.96599246213289e-09,1.58557668328282e-08,2.43084723479115e-07,2.83122062683105e-07,366127.582530087,2.13638185443476,15312437.157325,152451426.851258,7.27595761418343e-12,0.0,8.34872480481863e-07,0.0,0.0,0.0,0.0,0.0,0.0,0.0,0.0,0.0,0.0,-199227183.618476,921.444260842065,0.0,152451426.851258,0.0,0.0,0.0,455.0,0.0,967.0,0.0,0.0,0.0,0.0,-198568569.182626,-199227183.618476,23250.238228678703,0.00011668851996277018,empeora,-54126.63592261076,DIFIERE,142710000.0,4515,/clusteruy/home/mathiasr/generator-aware-row-scaling/results-revision/r3-hyperparam/simple-gurobi-1pct/win9/resultados/caso30f_estructurado.csv,/clusteruy/home/mathiasr/generator-aware-row-scaling/results-revision/r3-hyperparam/simple-gurobi-1pct/win9/resultados/caso30f_estructurado_postprocesado.csv,/clusteruy/home/mathiasr/generator-aware-row-scaling/results-revision/r3-hyperparam/simple-gurobi-1pct/win9/logs/caso30f_estructurado.log
caso31a.txt,base,OK,0,1.236494991,0.00024674334557,-52453301.85961971,-91787300.0,OPTIMAL,-52453431.28465158,1.0,6324.0,0.24,14400.0,10800.0,35590.0,9783.0,8737.0,26455.0,32.0625,19.10185185185185,25.667322281539757,3,Model contains large bounds | Model contains large matrix coefficients | Model contains large rhs,0.002,2000000000.0,0.003,3000.0,5.0,4000000000.0,1.0,10000000000.0,,,,,,,,,0.0,1.236494991,1.0,1.0,1.0,0.0,0.0,0.0,,,0.0,,,,2645847.715555,,,1.217831,,,,1.217831,1.0,0.423866496356527,,,,,,,,BASE,BASE,,,,,,2.84284275294555e-09,5.32907051820075e-15,1.05588987935334e-07,2.38418579101562e-07,4030954.96074597,1.5826216424997,16326456.038311,751737213.997207,1.77635683940025e-15,0.0,5.54719008505344e-07,0.0,0.0,0.0,0.0,0.0,0.0,0.0,0.0,0.0,0.0,-52453301.8596197,187.291146597384,0.0,751737213.997207,0.0,0.0,0.0,614.0,0.0,674.0,0.0,0.0,0.0,0.0,-91787270.4586691,,,,,,BASE,0.0,0,/clusteruy/home/mathiasr/generator-aware-row-scaling/results-revision/r3-hyperparam/simple-gurobi-1pct/win9/resultados/caso31a_base.csv,/clusteruy/home/mathiasr/generator-aware-row-scaling/results-revision/r3-hyperparam/simple-gurobi-1pct/win9/resultados/caso31a_base_postprocesado.csv,/clusteruy/home/mathiasr/generator-aware-row-scaling/results-revision/r3-hyperparam/simple-gurobi-1pct/win9/logs/caso31a_base.log
caso31a.txt,estructurado,OK,0,1.295022848,0.000480732752519,-52453179.125039786,-88742200.0,OPTIMAL,-52453431.28465158,1.0,6244.0,0.26,14400.0,10800.0,35590.0,9786.0,8740.0,26460.0,32.041666666666664,19.074074074074073,25.65327339140208,1,Model contains large bounds,2e-05,40000.0,0.003,3000.0,0.2,60000.0,1.0,10000000000.0,0.0019999999999999996,1.0,0.000375,1.0,2088000000000.0,3867000000.0,0.0003736,1.0,0.075256422,1.37027927,0.954805541006177,0.954805541006177,0.9023671437428956,0.075256422,0.05811204189657665,-0.00023398940694900004,122.73457992076874,2.339882820899286e-06,3045100.0,0.03317561361974914,0.0019999999999999996,0.0018520114942528736,672992.0,,0.2543577984641612,1.0,,,,1.0,1.217831,0.415053117195154,,,,,,,,OK,REVISAR,1.83582305908203e-05,0.0,1.4901161193847656e-08,738815514.075588,0.0,7.48592982747464e-09,2.10711732506735e-09,2.27243290282786e-07,5.51226548850536e-07,3493886.26627028,1.45134113662574,17095981.5922221,738815514.075588,4.54747350886464e-13,0.0,1.83582305908203e-05,0.0,0.0,0.0,0.0,0.0,1.0,0.0,0.0,0.0,0.0,-52453179.1250398,185.838736228874,0.0,738815514.075588,0.0,0.0,0.0,664.0,0.0,686.0,0.0,0.0,0.0,0.0,-88742215.158542,-52453179.1250398,122.73457990586758,2.339882820615202e-06,empeora,0.0,DIFIERE,232740000.0,4003,/clusteruy/home/mathiasr/generator-aware-row-scaling/results-revision/r3-hyperparam/simple-gurobi-1pct/win9/resultados/caso31a_estructurado.csv,/clusteruy/home/mathiasr/generator-aware-row-scaling/results-revision/r3-hyperparam/simple-gurobi-1pct/win9/resultados/caso31a_estructurado_postprocesado.csv,/clusteruy/home/mathiasr/generator-aware-row-scaling/results-revision/r3-hyperparam/simple-gurobi-1pct/win9/logs/caso31a_estructurado.log
caso31b.txt,base,OK,0,1.484496929,0.007285272217267,-58793185.87041138,-59403600.0,OPTIMAL,-58797469.114047244,1.0,7729.0,0.25,14400.0,10800.0,35590.0,9783.0,8737.0,26455.0,32.0625,19.10185185185185,25.667322281539757,3,Model contains large bounds | Model contains large matrix coefficients | Model contains large rhs,0.002,2000000000.0,0.003,3000.0,5.0,4000000000.0,1.0,10000000000.0,,,,,,,,,0.0,1.484496929,1.0,1.0,1.0,0.0,0.0,0.0,,,0.0,,,,6819249.363985,,,1.554233,,,,1.554233,1.0,0.499223057591474,,,,,,,,BASE,BASE,,,,,,3.71766951542469e-09,1.86264514923096e-09,1.29486434161663e-07,5.29049430042505e-07,129699.065366698,1.28816634549883,2921192.98325173,16659491.4681562,1.15578657755577e-11,0.0,5.29049430042505e-07,0.0,0.0,0.0,0.0,0.0,0.0,0.0,0.0,0.0,0.0,-58793185.8704114,68.7182079154172,0.0,16659491.4681562,0.0,0.0,0.0,1169.0,0.0,720.0,0.0,0.0,0.0,0.0,-59403638.8577424,,,,,,BASE,0.0,0,/clusteruy/home/mathiasr/generator-aware-row-scaling/results-revision/r3-hyperparam/simple-gurobi-1pct/win9/resultados/caso31b_base.csv,/clusteruy/home/mathiasr/generator-aware-row-scaling/results-revision/r3-hyperparam/simple-gurobi-1pct/win9/resultados/caso31b_base_postprocesado.csv,/clusteruy/home/mathiasr/generator-aware-row-scaling/results-revision/r3-hyperparam/simple-gurobi-1pct/win9/logs/caso31b_base.log
caso31b.txt,estructurado,OK,0,1.499606295,0.007271300796109,-58793195.27220183,-59403700.0,OPTIMAL,-58797470.302277714,1.0,7853.0,0.26,14400.0,10800.0,35590.0,9786.0,8740.0,26460.0,32.041666666666664,19.074074074074073,25.65327339140208,1,Model contains large bounds,2e-05,40000.0,0.003,3000.0,0.2,60000.0,1.0,10000000000.0,0.0019999999999999996,1.0,0.000375,1.0,2088000000000.0,3867000000.0,0.0003736,1.0,0.074897858,1.574504153,0.9899244448023606,0.9899244448023606,0.9428345591667678,0.074897858,0.049945014401263234,1.3971421157999743e-05,-9.40179044753313,-1.5991292712485468e-07,-100.0,-1.683399659279909e-06,0.0019999999999999996,0.0018520114942528736,170824.0,,0.02505026446197807,2.0,,,,2.0,0.7771165,0.496609028942623,,,,,,,,OK,REVISAR,3.57627868652344e-06,0.0,2.9802322387695312e-08,16659526.9407329,0.0,7.56745300104957e-09,9.31322574615479e-09,2.38418579101562e-07,6.28060661256313e-07,129699.275110477,1.28816634549882,2921176.58039788,16659526.9407329,1.81898940354586e-12,0.0,3.57627868652344e-06,0.0,0.0,0.0,0.0,0.0,1.0,0.0,0.0,0.0,0.0,-58793195.2722018,68.7182079154172,0.0,16659526.9407329,0.0,0.0,0.0,1170.0,0.0,721.0,0.0,0.0,0.0,0.0,-59403651.5735774,-58793195.2722018,-9.401790417730808,1.5991292661795371e-07,igual,-1.1882304698228836,DIFIERE,10000.0,384,/clusteruy/home/mathiasr/generator-aware-row-scaling/results-revision/r3-hyperparam/simple-gurobi-1pct/win9/resultados/caso31b_estructurado.csv,/clusteruy/home/mathiasr/generator-aware-row-scaling/results-revision/r3-hyperparam/simple-gurobi-1pct/win9/resultados/caso31b_estructurado_postprocesado.csv,/clusteruy/home/mathiasr/generator-aware-row-scaling/results-revision/r3-hyperparam/simple-gurobi-1pct/win9/logs/caso31b_estructurado.log
caso31c.txt,base,OK,0,1.455798708,0.000521298267304,-55118409.76644111,-55729000.0,OPTIMAL,-55118697.097756185,1.0,7606.0,0.24,14400.0,10800.0,35590.0,9783.0,8737.0,26455.0,32.0625,19.10185185185185,25.667322281539757,3,Model contains large bounds | Model contains large matrix coefficients | Model contains large rhs,0.002,2000000000.0,0.005,3000.0,5.0,4000000000.0,1.0,10000000000.0,,,,,,,,,0.0,1.455798708,1.0,1.0,1.0,0.0,0.0,0.0,,,0.0,,,,3515741.844249,,,1.685749,,,,1.685749,1.0,0.442960654983707,,,,,,,,BASE,BASE,,,,,,3.72826357718246e-09,3.72529029846191e-09,1.31084816530347e-07,5.85801899433136e-07,138040.414114105,0.719888784374336,3005025.04133699,52168985.0142674,7.105427357601e-15,0.0,5.85801899433136e-07,0.0,0.0,0.0,0.0,0.0,0.0,0.0,0.0,0.0,0.0,-55118409.7664411,35.1312186534374,0.0,52168985.0142674,0.0,0.0,0.0,928.0,0.0,639.0,0.0,0.0,0.0,0.0,-55728988.0932191,,,,,,BASE,0.0,0,/clusteruy/home/mathiasr/generator-aware-row-scaling/results-revision/r3-hyperparam/simple-gurobi-1pct/win9/resultados/caso31c_base.csv,/clusteruy/home/mathiasr/generator-aware-row-scaling/results-revision/r3-hyperparam/simple-gurobi-1pct/win9/resultados/caso31c_base_postprocesado.csv,/clusteruy/home/mathiasr/generator-aware-row-scaling/results-revision/r3-hyperparam/simple-gurobi-1pct/win9/logs/caso31c_base.log
caso31c.txt,estructurado,OK,0,1.64167002,0.000521299181919,-55118409.76644113,-55729000.0,OPTIMAL,-55118697.09826033,1.0,7961.0,0.26,14400.0,10800.0,35590.0,9786.0,8740.0,26460.0,32.041666666666664,19.074074074074073,25.65327339140208,1,Model contains large bounds,2e-05,40000.0,0.005,3000.0,0.2,60000.0,1.0,10000000000.0,0.0019999999999999996,1.0,0.000375,1.0,2088000000000.0,3867000000.0,0.0003736,1.0,0.075447916,1.7171179360000002,0.8867791275130918,0.8867791275130918,0.8478152126179875,0.075447916,0.04595802754563307,-9.146149999470984e-10,-2.2351741790771484e-08,-4.0552225446062057e-16,0.0,0.0,0.0019999999999999996,0.0018520114942528736,136377.0,,0.03879039077430658,2.0,,,,2.0,0.8428745,0.432105444484166,,,,,,,,OK,REVISAR,7.57980160415173e-07,0.0,2.9802322387695312e-08,17547210.4023617,0.0,7.11352007174979e-09,9.31322574615479e-09,2.38418579101562e-07,4.76837158203125e-07,134589.98963881,0.716638892749345,3004748.68338358,17547210.4023617,4.54747350886464e-13,0.0,7.57980160415173e-07,0.0,0.0,0.0,0.0,0.0,0.0,0.0,0.0,0.0,0.0,-55118409.7664411,35.1312186534374,0.0,17547210.4023617,0.0,0.0,0.0,928.0,0.0,639.0,0.0,0.0,0.0,0.0,-55728986.6422675,-55118409.7664411,7.450580596923828e-09,1.3517408482020686e-16,igual,-0.0005041435360908508,DIFIERE,4.9694,16,/clusteruy/home/mathiasr/generator-aware-row-scaling/results-revision/r3-hyperparam/simple-gurobi-1pct/win9/resultados/caso31c_estructurado.csv,/clusteruy/home/mathiasr/generator-aware-row-scaling/results-revision/r3-hyperparam/simple-gurobi-1pct/win9/resultados/caso31c_estructurado_postprocesado.csv,/clusteruy/home/mathiasr/generator-aware-row-scaling/results-revision/r3-hyperparam/simple-gurobi-1pct/win9/logs/caso31c_estructurado.log
caso31d.txt,base,OK,0,1.658783232,0.001357069343309,-73701312.04985857,-75274900.0,OPTIMAL,-73702312.22777002,1.0,8305.0,0.24,14400.0,10800.0,35590.0,10486.0,8737.0,27864.0,27.180555555555557,19.10185185185185,21.708345040741783,3,Model contains large bounds | Model contains large matrix coefficients | Model contains large rhs,0.002,2000000000.0,0.003,2000.0,5.0,4000000000.0,1.0,10000000000.0,,,,,,,,,0.0,1.658783232,1.0,1.0,1.0,0.0,0.0,0.0,,,0.0,,,,5409534.229715,,,1.59291,,,,1.59291,1.0,0.332319278472982,,,,,,,,BASE,BASE,,,,,,4.57364631326613e-09,1.65309756994247e-08,1.26429367810488e-07,6.54254108667374e-07,750683.937083733,0.299292144104007,13916903.3174393,715569488.021642,3.32110286899497e-08,0.0,6.54254108667374e-07,8.60261535644531e-10,0.0,0.0,0.0,0.0,0.0,0.0,0.0,0.0,0.0,-73701312.0498586,104.700465981806,0.0,715569488.021642,8.60261535644531e-10,0.0,0.0,328.0,0.0,702.0,0.0,0.0,0.0,0.0,-75274856.6112335,,,,,,BASE,0.0,0,/clusteruy/home/mathiasr/generator-aware-row-scaling/results-revision/r3-hyperparam/simple-gurobi-1pct/win9/resultados/caso31d_base.csv,/clusteruy/home/mathiasr/generator-aware-row-scaling/results-revision/r3-hyperparam/simple-gurobi-1pct/win9/resultados/caso31d_base_postprocesado.csv,/clusteruy/home/mathiasr/generator-aware-row-scaling/results-revision/r3-hyperparam/simple-gurobi-1pct/win9/logs/caso31d_base.log
caso31d.txt,estructurado,OK,0,2.198975459,0.001357069343229,-73701312.04985861,-75096300.0,OPTIMAL,-73702312.22777,1.0,9160.0,0.26,14400.0,10800.0,35590.0,10489.0,8740.0,27866.0,27.15972222222222,19.074074074074073,21.70272548468671,1,Model contains large bounds,2e-05,40000.0,0.003,2000.0,0.2,60000.0,1.0,10000000000.0,0.0019999999999999996,1.0,0.000375,1.0,2088000000000.0,3867000000.0,0.0003736,1.0,0.074856798,2.273832257,0.7543436763747894,0.7543436763747894,0.7295099393956745,0.074856798,0.034041670494149884,8.000002570118792e-14,-4.470348358154297e-08,-6.065493590032872e-16,178600.0,0.0023726368284780184,0.0019999999999999996,0.0018520114942528736,1324926.0,,0.244924228914585,2.0,,,,2.0,0.796455,0.287645630604194,,,,,,,,OK,REVISAR,6.89411535859108e-07,0.0,1.4901161193847656e-08,714607071.182032,0.0,8.04002408434042e-09,2.98023223876953e-08,2.38418579101562e-07,6.58095814287663e-07,722303.63453567,0.31762547954018,15931672.1159013,714607071.182032,2.64446929172987e-07,0.0,6.89411535859108e-07,6.84993902208389e-09,0.0,0.0,0.0,0.0,0.0,0.0,0.0,0.0,0.0,-73701312.0498586,104.640474462419,0.0,714607071.182032,6.84993902208389e-09,0.0,0.0,320.0,0.0,699.0,0.0,0.0,0.0,0.0,-75096344.7870042,-73701312.0498586,-2.9802322387695312e-08,4.0436623933552485e-16,igual,1.4901161193847656e-08,DIFIERE,7920000.0,2969,/clusteruy/home/mathiasr/generator-aware-row-scaling/results-revision/r3-hyperparam/simple-gurobi-1pct/win9/resultados/caso31d_estructurado.csv,/clusteruy/home/mathiasr/generator-aware-row-scaling/results-revision/r3-hyperparam/simple-gurobi-1pct/win9/resultados/caso31d_estructurado_postprocesado.csv,/clusteruy/home/mathiasr/generator-aware-row-scaling/results-revision/r3-hyperparam/simple-gurobi-1pct/win9/logs/caso31d_estructurado.log
caso31e.txt,base,OK,0,1.897073064,0.013912494435971,-79254736.28198099,-78903300.0,OPTIMAL,-79265762.59275647,1.0,7553.0,0.25,14400.0,10800.0,35590.0,10486.0,8737.0,27864.0,27.180555555555557,19.10185185185185,21.708345040741783,3,Model contains large bounds | Model contains large matrix coefficients | Model contains large rhs,0.002,2000000000.0,0.003,2000.0,5.0,4000000000.0,1.0,10000000000.0,,,,,,,,,0.0,1.897073064,1.0,1.0,1.0,0.0,0.0,0.0,,,0.0,,,,102268329.41755,,,2.223203,,,,2.223203,1.0,0.401461000878001,,,,,,,,BASE,BASE,,,,,,4.53823873941473e-09,1.11758708953857e-08,1.46003440022469e-07,4.05358150601387e-07,184967.658850102,0.411300237750209,6910544.26233737,27938188.115732,6.42828013042163e-11,0.0,4.05358150601387e-07,0.0,0.0,0.0,0.0,0.0,0.0,0.0,0.0,0.0,0.0,-79254736.281981,269.081971444077,0.0,27938188.115732,0.0,0.0,0.0,364.0,0.0,795.0,0.0,0.0,0.0,0.0,-78903286.173643,,,,,,BASE,0.0,0,/clusteruy/home/mathiasr/generator-aware-row-scaling/results-revision/r3-hyperparam/simple-gurobi-1pct/win9/resultados/caso31e_base.csv,/clusteruy/home/mathiasr/generator-aware-row-scaling/results-revision/r3-hyperparam/simple-gurobi-1pct/win9/resultados/caso31e_base_postprocesado.csv,/clusteruy/home/mathiasr/generator-aware-row-scaling/results-revision/r3-hyperparam/simple-gurobi-1pct/win9/logs/caso31e_base.log
caso31e.txt,estructurado,OK,0,1.893059734,0.013940301186296,-79254736.28467502,-78903300.0,OPTIMAL,-79265784.6336175,1.0,8986.0,0.26,14400.0,10800.0,35590.0,10489.0,8740.0,27866.0,27.15972222222222,19.074074074074073,21.70272548468671,1,Model contains large bounds,2e-05,40000.0,0.003,2000.0,0.2,60000.0,1.0,10000000000.0,0.0019999999999999996,1.0,0.000375,1.0,2088000000000.0,3867000000.0,0.0003736,1.0,0.07468399,1.967743724,1.002120022906789,1.002120022906789,0.9640854349384778,0.07468399,0.0394514703676012,-2.780675032500006e-05,-0.0026940256357192993,-3.399198284042239e-11,0.0,0.0,0.0019999999999999996,0.0018520114942528736,2684862.0,,0.026253112916688144,2.0,,,,2.0,1.1116015,0.394282721591727,,,,,,,,OK,REVISAR,8.85222107172012e-07,0.0,1.4901161193847656e-08,27938188.1707357,0.0,8.40869156375848e-09,2.68046278506513e-08,2.3634172976017e-07,6.0349702835083e-07,184967.705504089,0.41130023775021,6910544.26233398,27938188.1707357,1.81898940354586e-12,0.0,8.85222107172012e-07,0.0,0.0,0.0,0.0,0.0,0.0,0.0,0.0,0.0,0.0,-79254736.284675,269.081971444079,0.0,27938188.1707357,0.0,0.0,0.0,364.0,0.0,795.0,0.0,0.0,0.0,0.0,-78903286.0663611,-79254736.284675,-0.0026940107345581055,3.3991794824388353e-11,igual,-22.040861040353775,DIFIERE,0.0010000000000047748,4,/clusteruy/home/mathiasr/generator-aware-row-scaling/results-revision/r3-hyperparam/simple-gurobi-1pct/win9/resultados/caso31e_estructurado.csv,/clusteruy/home/mathiasr/generator-aware-row-scaling/results-revision/r3-hyperparam/simple-gurobi-1pct/win9/resultados/caso31e_estructurado_postprocesado.csv,/clusteruy/home/mathiasr/generator-aware-row-scaling/results-revision/r3-hyperparam/simple-gurobi-1pct/win9/logs/caso31e_estructurado.log
caso31f.txt,base,OK,0,1.553227438,0.001926566605908,-76347260.16239533,-76020200.0,OPTIMAL,-76348731.04321414,1.0,8118.0,0.24,14400.0,10800.0,35590.0,10486.0,8737.0,27864.0,27.180555555555557,19.10185185185185,21.708345040741783,3,Model contains large bounds | Model contains large matrix coefficients | Model contains large rhs,0.002,2000000000.0,0.005,2000.0,5.0,4000000000.0,1.0,10000000000.0,,,,,,,,,0.0,1.553227438,1.0,1.0,1.0,0.0,0.0,0.0,,,0.0,,,,5816694.888648,,,1.491742,,,,1.491742,1.0,0.401151574991348,,,,,,,,BASE,BASE,,,,,,4.79472524405405e-09,2.09722202271221e-08,1.31319975480437e-07,6.54719769954681e-07,349940.83063929,0.260098420687186,12519804.0644976,271668353.824981,2.29929380555561e-08,0.0,6.54719769954681e-07,2.64840087890625e-09,0.0,0.0,0.0,0.0,0.0,0.0,0.0,0.0,0.0,-76347260.1623953,47.4850537843158,0.0,271668353.824981,2.64840087890625e-09,0.0,0.0,317.0,0.0,698.0,0.0,0.0,0.0,0.0,-76020237.4892731,,,,,,BASE,0.0,0,/clusteruy/home/mathiasr/generator-aware-row-scaling/results-revision/r3-hyperparam/simple-gurobi-1pct/win9/resultados/caso31f_base.csv,/clusteruy/home/mathiasr/generator-aware-row-scaling/results-revision/r3-hyperparam/simple-gurobi-1pct/win9/resultados/caso31f_base_postprocesado.csv,/clusteruy/home/mathiasr/generator-aware-row-scaling/results-revision/r3-hyperparam/simple-gurobi-1pct/win9/logs/caso31f_base.log
caso31f.txt,estructurado,OK,0,1.86437422,0.001519921321634,-76347570.6328003,-76017700.0,OPTIMAL,-76348731.0558049,1.0,8972.0,0.26,14400.0,10800.0,35590.0,10489.0,8740.0,27866.0,27.15972222222222,19.074074074074073,21.70272548468671,1,Model contains large bounds,2e-05,40000.0,0.005,2000.0,0.2,60000.0,1.0,10000000000.0,0.0019999999999999996,1.0,0.000375,1.0,2088000000000.0,3867000000.0,0.0003736,1.0,0.074671282,1.939045502,0.8331092660142018,0.8331092660142018,0.8010268126240185,0.074671282,0.040051659800359185,0.0004066452842739999,-310.4704049676657,-4.0665559485340535e-06,2500.0,3.288599609051279e-05,0.0019999999999999996,0.0018520114942528736,540292.0,,0.09288642611364174,2.0,,,,2.0,0.745871,0.342472509247337,,,,,,,,OK,REVISAR,7.32718035578728e-07,0.0,0.0,271668353.824982,0.0,8.11274544022993e-09,2.60770320892334e-08,2.38418579101562e-07,7.32718035578728e-07,349963.598111085,0.260098420687064,12519804.0644972,271668353.824982,1.81898940354586e-12,0.0,7.32718035578728e-07,0.0,0.0,0.0,0.0,0.0,0.0,0.0,0.0,0.0,0.0,-76347570.6328003,27.0128457789912,0.0,271668353.824982,0.0,0.0,0.0,318.0,0.0,698.0,0.0,0.0,0.0,0.0,-76017670.3454985,-76347570.6328003,-310.4704049676657,4.0665559485340535e-06,mejora,-0.012590751051902771,DIFIERE,70000.0,173,/clusteruy/home/mathiasr/generator-aware-row-scaling/results-revision/r3-hyperparam/simple-gurobi-1pct/win9/resultados/caso31f_estructurado.csv,/clusteruy/home/mathiasr/generator-aware-row-scaling/results-revision/r3-hyperparam/simple-gurobi-1pct/win9/resultados/caso31f_estructurado_postprocesado.csv,/clusteruy/home/mathiasr/generator-aware-row-scaling/results-revision/r3-hyperparam/simple-gurobi-1pct/win9/logs/caso31f_estructurado.log
caso32a.txt,base,OK,0,1.337087991,0.000212540641321,-73703380.17287448,-100084000.0,OPTIMAL,-73703536.82251137,1.0,6660.0,0.24,14400.0,10800.0,35590.0,9980.0,8787.0,26789.0,30.694444444444443,18.63888888888889,24.728856420342794,3,Model contains large bounds | Model contains large matrix coefficients | Model contains large rhs,0.002,2000000000.0,0.003,3000.0,5.0,4000000000.0,1.0,10000000000.0,,,,,,,,,0.0,1.337087991,1.0,1.0,1.0,0.0,0.0,0.0,,,0.0,,,,3390486.042894,,,1.277947,,,,1.277947,1.0,0.376796333744422,,,,,,,,BASE,BASE,,,,,,3.90610988689295e-09,1.08031805723385e-11,1.44594814628363e-07,3.53902578353882e-07,2690266.32057725,0.618877563635299,19512823.4018791,773465757.200689,1.4210854715202e-14,0.0,6.34230673313141e-07,0.0,0.0,0.0,0.0,0.0,0.0,0.0,0.0,0.0,0.0,-73703380.1728745,190.047561906009,0.0,773465757.200689,0.0,0.0,0.0,525.0,0.0,684.0,0.0,0.0,0.0,0.0,-100084091.361499,,,,,,BASE,0.0,0,/clusteruy/home/mathiasr/generator-aware-row-scaling/results-revision/r3-hyperparam/simple-gurobi-1pct/win9/resultados/caso32a_base.csv,/clusteruy/home/mathiasr/generator-aware-row-scaling/results-revision/r3-hyperparam/simple-gurobi-1pct/win9/resultados/caso32a_base_postprocesado.csv,/clusteruy/home/mathiasr/generator-aware-row-scaling/results-revision/r3-hyperparam/simple-gurobi-1pct/win9/logs/caso32a_base.log
caso32a.txt,estructurado,OK,0,1.386183242,7.071161977e-05,-73703484.70558351,-89224500.0,OPTIMAL,-73703536.82251137,1.0,6518.0,0.26,14400.0,10800.0,35590.0,9982.0,8789.0,26790.0,30.680555555555557,18.62037037037037,24.726046642315257,1,Model contains large bounds,2e-05,40000.0,0.003,3000.0,0.2,60000.0,1.0,10000000000.0,0.0019999999999999996,1.0,0.000375,1.0,2087000000000.0,3861000000.0,0.0003741,1.0,0.075409413,1.461592655,0.9645824235119415,0.9645824235119415,0.9148157569251057,0.075409413,0.05440075360541691,0.00014182902155099997,-104.53270903229713,-1.418289212612924e-06,10859500.0,0.10850385676032133,0.0019999999999999996,0.0018500239578342118,103065.0,,0.030398296496754584,1.0,,,,1.0,1.277947,0.369680404281849,,,,,,,,OK,REVISAR,9.73697751760483e-07,0.0,1.4901161193847656e-08,719076764.998427,0.0,9.08954319723129e-09,3.72529029846191e-09,3.24799329973759e-07,1.91852450370789e-07,1804112.8572641,1.07144102110393,18810190.6515637,719076764.998427,5.6843418860808e-14,0.0,9.73697751760483e-07,0.0,0.0,0.0,0.0,0.0,0.0,0.0,0.0,0.0,0.0,-73703484.7055835,182.445549676805,0.0,719076764.998427,0.0,0.0,0.0,707.0,0.0,706.0,0.0,0.0,0.0,0.0,-89224486.4653045,-73703484.7055835,-104.53270901739597,1.4182892124107465e-06,mejora,0.0,DIFIERE,132390000.0,4079,/clusteruy/home/mathiasr/generator-aware-row-scaling/results-revision/r3-hyperparam/simple-gurobi-1pct/win9/resultados/caso32a_estructurado.csv,/clusteruy/home/mathiasr/generator-aware-row-scaling/results-revision/r3-hyperparam/simple-gurobi-1pct/win9/resultados/caso32a_estructurado_postprocesado.csv,/clusteruy/home/mathiasr/generator-aware-row-scaling/results-revision/r3-hyperparam/simple-gurobi-1pct/win9/logs/caso32a_estructurado.log
caso32b.txt,base,OK,0,1.526057929,0.007870471061619,-79827171.8343035,-80070000.0,OPTIMAL,-79833454.60876203,1.0,8201.0,0.25,14400.0,10800.0,35590.0,9980.0,8787.0,26789.0,30.694444444444443,18.63888888888889,24.728856420342794,5,Model contains large bounds | Model contains large matrix coefficients | Model contains large rhs | max bound violation (4.4101e-06) exceeds tolerance | max constraint violation (5.7452e-06) exceeds tolerance,0.002,2000000000.0,0.003,3000.0,5.0,4000000000.0,1.0,10000000000.0,,,,,,,,,0.0,1.526057929,1.0,1.0,1.0,0.0,0.0,0.0,,,0.0,,,,104053810.534465,,,1.619875,,,,1.619875,1.0,0.417010403906058,,,,,,,,BASE,BASE,,,,,,4.76750435612699e-09,3.72529029846191e-09,1.38663453981281e-07,5.74519754525937e-06,125214.268020198,0.667653112864388,3117372.78176112,18016506.1608562,4.02978015401345e-08,0.0,5.74519754525937e-06,4.41011934014392e-06,0.0,0.0,0.0,0.0,3.0,1.0,0.0,0.0,0.0,-79827171.8343035,95.0779131052468,0.0,18016506.1608562,0.0,0.0,0.0,911.0,0.0,749.0,0.0,0.0,0.0,0.0,-80069988.0342195,,,,,,BASE,0.0,0,/clusteruy/home/mathiasr/generator-aware-row-scaling/results-revision/r3-hyperparam/simple-gurobi-1pct/win9/resultados/caso32b_base.csv,/clusteruy/home/mathiasr/generator-aware-row-scaling/results-revision/r3-hyperparam/simple-gurobi-1pct/win9/resultados/caso32b_base_postprocesado.csv,/clusteruy/home/mathiasr/generator-aware-row-scaling/results-revision/r3-hyperparam/simple-gurobi-1pct/win9/logs/caso32b_base.log
caso32b.txt,estructurado,OK,0,1.637395111,0.007875171327821,-79827171.83426866,-80070000.0,OPTIMAL,-79833458.36081676,1.0,7989.0,0.26,14400.0,10800.0,35590.0,9982.0,8789.0,26790.0,30.680555555555557,18.62037037037037,24.726046642315257,1,Model contains large bounds,2e-05,40000.0,0.003,3000.0,0.2,60000.0,1.0,10000000000.0,0.0019999999999999996,1.0,0.000375,1.0,2087000000000.0,3861000000.0,0.0003741,1.0,0.075693879,1.71308899,0.9320034723127985,0.9320034723127985,0.8908223320027292,0.075693879,0.0462282307376451,-4.700266201999523e-06,3.483891487121582e-05,4.364292767822293e-13,0.0,0.0,0.0019999999999999996,0.0018500239578342118,1092548.0,,0.010499836521009704,2.0,,,,2.0,0.8099375,0.415730969018534,,,,,,,,OK,REVISAR,8.79517756402493e-07,0.0,4.470348358154297e-08,18016506.1601071,0.0,9.26202139722216e-09,1.86264514923096e-08,3.01127729471773e-07,1.60187482833862e-07,125214.267914653,0.667653112773881,3117372.78176112,18016506.1601071,4.31670774680981e-08,0.0,8.79517756402493e-07,0.0,0.0,0.0,0.0,0.0,0.0,0.0,0.0,0.0,0.0,-79827171.8342687,95.0779131052468,0.0,18016506.1601071,0.0,0.0,0.0,911.0,0.0,749.0,0.0,0.0,0.0,0.0,-80069988.0355799,-79827171.8342687,3.479421138763428e-05,4.358692734330648e-13,igual,-3.752054736018181,DIFIERE,0.00010000000000331966,4,/clusteruy/home/mathiasr/generator-aware-row-scaling/results-revision/r3-hyperparam/simple-gurobi-1pct/win9/resultados/caso32b_estructurado.csv,/clusteruy/home/mathiasr/generator-aware-row-scaling/results-revision/r3-hyperparam/simple-gurobi-1pct/win9/resultados/caso32b_estructurado_postprocesado.csv,/clusteruy/home/mathiasr/generator-aware-row-scaling/results-revision/r3-hyperparam/simple-gurobi-1pct/win9/logs/caso32b_estructurado.log
caso32c.txt,base,OK,0,1.414954202,0.000229154973484,-76419891.74282357,-76596000.0,OPTIMAL,-76420066.86280623,1.0,7349.0,0.25,14400.0,10800.0,35590.0,9980.0,8787.0,26789.0,30.694444444444443,18.63888888888889,24.728856420342794,3,Model contains large bounds | Model contains large matrix coefficients | Model contains large rhs,0.002,2000000000.0,0.005,3000.0,5.0,4000000000.0,1.0,10000000000.0,,,,,,,,,0.0,1.414954202,1.0,1.0,1.0,0.0,0.0,0.0,,,0.0,,,,4320121.75099,,,1.465677,,,,1.465677,1.0,0.393084965557166,,,,,,,,BASE,BASE,,,,,,3.93865794806881e-09,3.72529029846191e-09,1.3038981705904e-07,2.90572643280029e-07,153307.829803989,0.396260041624637,3176218.97471115,21455630.1620528,1.71461372745862e-07,0.0,2.90572643280029e-07,4.43630874068649e-09,0.0,0.0,0.0,0.0,0.0,0.0,0.0,0.0,0.0,-76419891.7428236,51.0174167881446,0.0,21455630.1620528,4.43630874068649e-09,0.0,0.0,812.0,0.0,660.0,0.0,0.0,0.0,0.0,-76596034.4160809,,,,,,BASE,0.0,0,/clusteruy/home/mathiasr/generator-aware-row-scaling/results-revision/r3-hyperparam/simple-gurobi-1pct/win9/resultados/caso32c_base.csv,/clusteruy/home/mathiasr/generator-aware-row-scaling/results-revision/r3-hyperparam/simple-gurobi-1pct/win9/resultados/caso32c_base_postprocesado.csv,/clusteruy/home/mathiasr/generator-aware-row-scaling/results-revision/r3-hyperparam/simple-gurobi-1pct/win9/logs/caso32c_base.log
caso32c.txt,estructurado,OK,0,1.524727661,0.00022915970107,-76419891.74282354,-76596900.0,OPTIMAL,-76420066.86641902,1.0,8005.0,0.26,14400.0,10800.0,35590.0,9982.0,8789.0,26790.0,30.680555555555557,18.62037037037037,24.726046642315257,1,Model contains large bounds,2e-05,40000.0,0.005,3000.0,0.2,60000.0,1.0,10000000000.0,0.0019999999999999996,1.0,0.000375,1.0,2087000000000.0,3861000000.0,0.0003741,1.0,0.074478894,1.599206555,0.9280045467739436,0.9280045467739436,0.8847851439678472,0.074478894,0.04884734231892446,-4.727586000002589e-09,2.9802322387695312e-08,3.899812170369109e-16,-900.0,-1.1749960833463888e-05,0.0019999999999999996,0.0018500239578342118,68657.0,,0.01589237617765438,2.0,,,,2.0,0.7328385,0.378399279442438,,,,,,,,OK,REVISAR,7.9319579526782e-07,0.0,4.470348358154297e-08,21455630.1620493,0.0,9.24890279835478e-09,1.86264514923096e-08,2.94654746539891e-07,1.71363353729248e-07,152176.763037425,0.396260041624634,3174137.04734401,21455630.1620493,1.4210854715202e-14,0.0,7.9319579526782e-07,0.0,0.0,0.0,0.0,0.0,0.0,0.0,0.0,0.0,0.0,-76419891.7428235,51.0174167881451,0.0,21455630.1620493,0.0,0.0,0.0,812.0,0.0,660.0,0.0,0.0,0.0,0.0,-76596862.5590359,-76419891.7428235,7.450580596923828e-08,9.749530425922772e-16,igual,-0.0036127865314483643,DIFIERE,1.3879999999999768,21,/clusteruy/home/mathiasr/generator-aware-row-scaling/results-revision/r3-hyperparam/simple-gurobi-1pct/win9/resultados/caso32c_estructurado.csv,/clusteruy/home/mathiasr/generator-aware-row-scaling/results-revision/r3-hyperparam/simple-gurobi-1pct/win9/resultados/caso32c_estructurado_postprocesado.csv,/clusteruy/home/mathiasr/generator-aware-row-scaling/results-revision/r3-hyperparam/simple-gurobi-1pct/win9/logs/caso32c_estructurado.log
caso32d.txt,base,OK,0,3.854139715,0.007569003541945,-89517264.07405321,-89105800.0,OPTIMAL,-89524039.63894163,1.0,9863.0,0.25,14400.0,10800.0,35590.0,10610.0,8787.0,28048.0,26.319444444444443,18.63888888888889,21.19134588367519,3,Model contains large bounds | Model contains large matrix coefficients | Model contains large rhs,0.002,2000000000.0,0.003,2000.0,5.0,4000000000.0,1.0,10000000000.0,,,,,,,,,0.0,3.854139715,1.0,1.0,1.0,0.0,0.0,0.0,,,0.0,,,,15568514.255451,,,1.743668,,,,1.743668,1.0,0.12521336483075,,,,,,,,BASE,BASE,,,,,,4.9395488334525e-09,1.30385160446167e-08,1.46691454574466e-07,3.5017728805542e-07,403789.002139699,0.558315549348121,16079856.9099343,322902831.960894,1.4210854715202e-14,0.0,8.68465576786548e-07,0.0,0.0,0.0,0.0,0.0,0.0,0.0,0.0,0.0,0.0,-89517264.0740532,159.622675253704,0.0,322902831.960894,0.0,0.0,0.0,407.0,0.0,797.0,0.0,0.0,0.0,0.0,-89105823.9277884,,,,,,BASE,0.0,0,/clusteruy/home/mathiasr/generator-aware-row-scaling/results-revision/r3-hyperparam/simple-gurobi-1pct/win9/resultados/caso32d_base.csv,/clusteruy/home/mathiasr/generator-aware-row-scaling/results-revision/r3-hyperparam/simple-gurobi-1pct/win9/resultados/caso32d_base_postprocesado.csv,/clusteruy/home/mathiasr/generator-aware-row-scaling/results-revision/r3-hyperparam/simple-gurobi-1pct/win9/logs/caso32d_base.log
caso32d.txt,estructurado,OK,0,3.828032317,0.008289008246653,-89516628.12146118,-89119100.0,OPTIMAL,-89524048.1621483,1.0,9589.0,0.26,14400.0,10800.0,35590.0,10612.0,8789.0,28049.0,26.305555555555557,18.62037037037037,21.188536105647653,1,Model contains large bounds,2e-05,40000.0,0.003,2000.0,0.2,60000.0,1.0,10000000000.0,0.0019999999999999996,1.0,0.000375,1.0,2087000000000.0,3861000000.0,0.0003741,1.0,0.074415566,3.902447883,1.0068200568433185,1.0068200568433185,0.9876210600504258,0.074415566,0.019439638915671152,-0.0007200047047080009,635.9525920301676,7.104245182293277e-06,-13300.0,-0.00014926076641475638,0.0019999999999999996,0.0018500239578342118,398853.0,,0.025619207681320633,2.0,,,,2.0,0.871834,0.132665200307979,,,,,,,,OK,REVISAR,7.27188307791948e-07,0.0,1.4901161193847656e-08,322901826.024164,0.0,9.05131707537907e-09,3.72529029846191e-08,2.67901632469147e-07,2.42143869400024e-07,406884.54196322,0.44144466683878,16470904.172498,322901826.024164,1.5857083203637e-07,0.0,7.27188307791948e-07,4.10278511664285e-09,0.0,0.0,0.0,0.0,0.0,0.0,0.0,0.0,0.0,-89516628.1214612,340.502607502451,0.0,322901826.024164,4.10278511664285e-09,0.0,0.0,362.0,0.0,797.0,0.0,0.0,0.0,0.0,-89119115.950305,-89516628.1214612,635.9525920152664,7.1042451821268155e-06,empeora,-8.523206666111946,DIFIERE,200000.0,1637,/clusteruy/home/mathiasr/generator-aware-row-scaling/results-revision/r3-hyperparam/simple-gurobi-1pct/win9/resultados/caso32d_estructurado.csv,/clusteruy/home/mathiasr/generator-aware-row-scaling/results-revision/r3-hyperparam/simple-gurobi-1pct/win9/resultados/caso32d_estructurado_postprocesado.csv,/clusteruy/home/mathiasr/generator-aware-row-scaling/results-revision/r3-hyperparam/simple-gurobi-1pct/win9/logs/caso32d_estructurado.log
caso32e.txt,base,OK,0,4.077187443,0.011737362422733,-94862090.03659329,-94260100.0,OPTIMAL,-94873224.34390266,1.0,10417.0,0.25,14400.0,10800.0,35590.0,10610.0,8787.0,28048.0,26.319444444444443,18.63888888888889,21.19134588367519,3,Model contains large bounds | Model contains large matrix coefficients | Model contains large rhs,0.002,2000000000.0,0.003,2000.0,5.0,4000000000.0,1.0,10000000000.0,,,,,,,,,0.0,4.077187443,1.0,1.0,1.0,0.0,0.0,0.0,,,0.0,,,,59866398.447474,,,2.11075,,,,2.11075,1.0,0.389385144124592,,,,,,,,BASE,BASE,,,,,,4.09697369209833e-09,7.45058059692383e-09,1.29933468997479e-07,2.57045030593872e-07,247353.242572268,0.285929432272612,13185943.3790485,25742037.3246099,1.81898940354586e-12,0.0,2.57045030593872e-07,0.0,0.0,0.0,0.0,0.0,0.0,0.0,0.0,0.0,0.0,-94862090.0365933,345.14055448319,0.0,25742037.3246099,0.0,0.0,0.0,274.0,0.0,866.0,0.0,0.0,0.0,0.0,-94260070.2925961,,,,,,BASE,0.0,0,/clusteruy/home/mathiasr/generator-aware-row-scaling/results-revision/r3-hyperparam/simple-gurobi-1pct/win9/resultados/caso32e_base.csv,/clusteruy/home/mathiasr/generator-aware-row-scaling/results-revision/r3-hyperparam/simple-gurobi-1pct/win9/resultados/caso32e_base_postprocesado.csv,/clusteruy/home/mathiasr/generator-aware-row-scaling/results-revision/r3-hyperparam/simple-gurobi-1pct/win9/logs/caso32e_base.log
caso32e.txt,estructurado,OK,0,4.02839192,0.018424973624811,-94855813.16758773,-94353200.0,OPTIMAL,-94873290.32614546,1.0,9379.0,0.26,14400.0,10800.0,35590.0,10612.0,8789.0,28049.0,26.305555555555557,18.62037037037037,21.188536105647653,1,Model contains large bounds,2e-05,40000.0,0.003,2000.0,0.2,60000.0,1.0,10000000000.0,0.0019999999999999996,1.0,0.000375,1.0,2087000000000.0,3861000000.0,0.0003741,1.0,0.074622956,4.103014876,1.0121129036024876,1.0121129036024876,0.9937052548478257,0.074622956,0.018524254214073593,-0.006687611202077998,6276.869005560875,6.616836086090405e-05,-93100.0,-0.0009876925655712225,0.0019999999999999996,0.0018500239578342118,2846565.0,,0.04754862617128269,2.0,,,,2.0,1.055375,0.167020250323368,,,,,,,,OK,REVISAR,3.6582350730896e-05,0.0,2.9802322387695312e-08,30606190.1585814,0.0,1.26309218696234e-08,2.98023223876953e-08,3.01300315186382e-07,7.73370265960693e-06,286068.636606521,0.529570578780421,14185938.9147679,30606190.1585814,9.09494701772928e-13,0.0,3.6582350730896e-05,0.0,0.0,0.0,0.0,0.0,3.0,0.0,0.0,0.0,0.0,-94855813.1675877,776.856119273471,0.0,30606190.1585814,0.0,0.0,0.0,412.0,0.0,849.0,0.0,0.0,0.0,0.0,-94353155.1628153,-94855813.1675877,6276.869005590677,6.616836086121821e-05,empeora,-65.98224279284477,DIFIERE,48060000.0,4938,/clusteruy/home/mathiasr/generator-aware-row-scaling/results-revision/r3-hyperparam/simple-gurobi-1pct/win9/resultados/caso32e_estructurado.csv,/clusteruy/home/mathiasr/generator-aware-row-scaling/results-revision/r3-hyperparam/simple-gurobi-1pct/win9/resultados/caso32e_estructurado_postprocesado.csv,/clusteruy/home/mathiasr/generator-aware-row-scaling/results-revision/r3-hyperparam/simple-gurobi-1pct/win9/logs/caso32e_estructurado.log
caso32f.txt,base,OK,0,3.666583052,0.011818397532784,-92143869.7858279,-91708000.0,OPTIMAL,-92154759.71466129,1.0,8892.0,0.25,14400.0,10800.0,35590.0,10610.0,8787.0,28048.0,26.319444444444443,18.63888888888889,21.19134588367519,3,Model contains large bounds | Model contains large matrix coefficients | Model contains large rhs,0.002,2000000000.0,0.005,2000.0,5.0,4000000000.0,1.0,10000000000.0,,,,,,,,,0.0,3.666583052,1.0,1.0,1.0,0.0,0.0,0.0,,,0.0,,,,37933478.170321,,,1.665811,,,,1.665811,1.0,0.143504257282385,,,,,,,,BASE,BASE,,,,,,5.04455717999876e-09,2.23517417907715e-08,1.52154825627804e-07,3.05473804473877e-07,387186.501449465,0.447293817991526,16470904.1724979,322901826.024164,1.71470319402846e-07,0.0,4.17698174715042e-07,4.43654022216797e-09,0.0,0.0,0.0,0.0,0.0,0.0,0.0,0.0,0.0,-92143869.7858279,340.502607502451,0.0,322901826.024164,4.43654022216797e-09,0.0,0.0,364.0,0.0,797.0,0.0,0.0,0.0,0.0,-91708035.6507548,,,,,,BASE,0.0,0,/clusteruy/home/mathiasr/generator-aware-row-scaling/results-revision/r3-hyperparam/simple-gurobi-1pct/win9/resultados/caso32f_base.csv,/clusteruy/home/mathiasr/generator-aware-row-scaling/results-revision/r3-hyperparam/simple-gurobi-1pct/win9/resultados/caso32f_base_postprocesado.csv,/clusteruy/home/mathiasr/generator-aware-row-scaling/results-revision/r3-hyperparam/simple-gurobi-1pct/win9/logs/caso32f_base.log
caso32f.txt,estructurado,OK,0,1.863819556,0.011831988873479,-92143869.78582798,-91746400.0,OPTIMAL,-92154772.23824863,1.0,9069.0,0.26,14400.0,10800.0,35590.0,10612.0,8789.0,28049.0,26.305555555555557,18.62037037037037,21.188536105647653,1,Model contains large bounds,2e-05,40000.0,0.005,2000.0,0.2,60000.0,1.0,10000000000.0,0.0019999999999999996,1.0,0.000375,1.0,2087000000000.0,3861000000.0,0.0003741,1.0,0.078899134,1.94271869,1.967241431820238,1.967241431820238,1.8873463620201234,0.078899134,0.042331959521514965,-1.3591340695000287e-05,-7.450580596923828e-08,-8.085812560554905e-16,-38400.0,-0.00041872028612552884,0.0019999999999999996,0.0018500239578342118,398853.0,,0.010514538060790349,2.0,,,,2.0,0.8329055,0.340477532781982,,,,,,,,OK,REVISAR,8.05244781076908e-07,0.0,1.4901161193847656e-08,322901826.024164,0.0,9.23443338811089e-09,4.07519110012799e-08,2.6160036213696e-07,3.27825546264648e-07,406884.541963195,0.44144466683883,16470904.1724965,322901826.024164,1.05595475314262e-07,0.0,8.05244781076908e-07,2.7321263244984e-09,0.0,0.0,0.0,0.0,0.0,0.0,0.0,0.0,0.0,-92143869.785828,340.502607502451,0.0,322901826.024164,2.7321263244984e-09,0.0,0.0,362.0,0.0,797.0,0.0,0.0,0.0,0.0,-91746357.6146717,-92143869.785828,-8.940696716308594e-08,9.702975072665885e-16,igual,-12.523587346076965,DIFIERE,123.661,15,/clusteruy/home/mathiasr/generator-aware-row-scaling/results-revision/r3-hyperparam/simple-gurobi-1pct/win9/resultados/caso32f_estructurado.csv,/clusteruy/home/mathiasr/generator-aware-row-scaling/results-revision/r3-hyperparam/simple-gurobi-1pct/win9/resultados/caso32f_estructurado_postprocesado.csv,/clusteruy/home/mathiasr/generator-aware-row-scaling/results-revision/r3-hyperparam/simple-gurobi-1pct/win9/logs/caso32f_estructurado.log
caso33a.txt,base,OK,0,1.208042718,0.000118858831026,-42297752.956182346,-75365200.0,OPTIMAL,-42297803.23079706,1.0,6215.0,0.25,14400.0,10800.0,35590.0,9718.0,8759.0,26243.0,32.513888888888886,18.89814814814815,26.262995223377352,3,Model contains large bounds | Model contains large matrix coefficients | Model contains large rhs,0.002,2000000000.0,0.003,3000.0,5.0,4000000000.0,1.0,10000000000.0,,,,,,,,,0.0,1.208042718,1.0,1.0,1.0,0.0,0.0,0.0,,,0.0,,,,2476727.648993,,,1.202021,,,,1.202021,1.0,0.463735367355635,,,,,,,,BASE,BASE,,,,,,3.23443104847196e-09,5.12706543887015e-12,1.3603363186121e-07,1.00582838058472e-07,3200326.63606209,1.73680254750026,5547899.94206513,747016572.784665,0.0,0.0,5.50586264580488e-07,0.0,0.0,0.0,0.0,0.0,0.0,0.0,0.0,0.0,0.0,-42297752.9561823,187.183122075878,0.0,747016572.784665,0.0,0.0,0.0,625.0,0.0,686.0,0.0,0.0,0.0,0.0,-75365173.7216259,,,,,,BASE,0.0,0,/clusteruy/home/mathiasr/generator-aware-row-scaling/results-revision/r3-hyperparam/simple-gurobi-1pct/win9/resultados/caso33a_base.csv,/clusteruy/home/mathiasr/generator-aware-row-scaling/results-revision/r3-hyperparam/simple-gurobi-1pct/win9/resultados/caso33a_base_postprocesado.csv,/clusteruy/home/mathiasr/generator-aware-row-scaling/results-revision/r3-hyperparam/simple-gurobi-1pct/win9/logs/caso33a_base.log
caso33a.txt,estructurado,OK,0,1.40286432,0.000118858830956,-42297752.95618237,-55555800.0,OPTIMAL,-42297803.23079705,1.0,5856.0,0.26,14400.0,10800.0,35590.0,9719.0,8760.0,26244.0,32.50694444444444,18.88888888888889,26.26018544534982,1,Model contains large bounds,2e-05,40000.0,0.003,3000.0,0.2,60000.0,1.0,10000000000.0,0.0019999999999999996,1.0,0.000375,1.0,2080000000000.0,3817000000.0,0.0003779,1.0,0.076144636,1.479008956,0.8611258414498703,0.8611258414498703,0.816792023536604,0.076144636,0.05427797607683115,6.999999538348511e-14,-2.2351741790771484e-08,-5.284380428890963e-16,19809400.0,0.2628454512162112,0.0019999999999999996,0.001835096153846154,297000.0,,0.11991629363073317,1.0,,,,1.0,1.202021,0.461962639099249,,,,,,,,OK,REVISAR,6.58677890896797e-07,0.0,2.9802322387695312e-08,738745384.991308,0.0,7.94644688352962e-09,2.91038304567337e-11,2.7489266358316e-07,4.4703483581543e-08,1378388.60983376,1.25414370600124,18595438.516941,738745384.991308,5.6843418860808e-14,0.0,6.58677890896797e-07,0.0,0.0,0.0,0.0,0.0,0.0,0.0,0.0,0.0,0.0,-42297752.9561824,181.868789313651,0.0,738745384.991308,0.0,0.0,0.0,430.0,0.0,711.0,0.0,0.0,0.0,0.0,-55555820.6042275,-42297752.9561824,-5.21540641784668e-08,1.2330221000745579e-15,igual,7.450580596923828e-09,DIFIERE,117650000.0,3576,/clusteruy/home/mathiasr/generator-aware-row-scaling/results-revision/r3-hyperparam/simple-gurobi-1pct/win9/resultados/caso33a_estructurado.csv,/clusteruy/home/mathiasr/generator-aware-row-scaling/results-revision/r3-hyperparam/simple-gurobi-1pct/win9/resultados/caso33a_estructurado_postprocesado.csv,/clusteruy/home/mathiasr/generator-aware-row-scaling/results-revision/r3-hyperparam/simple-gurobi-1pct/win9/logs/caso33a_estructurado.log
caso33b.txt,base,OK,0,1.825465729,0.003383147752902,-48642866.57608642,-49154500.0,OPTIMAL,-48644512.23613393,1.0,8636.0,0.25,14400.0,10800.0,35590.0,9718.0,8759.0,26243.0,32.513888888888886,18.89814814814815,26.262995223377352,3,Model contains large bounds | Model contains large matrix coefficients | Model contains large rhs,0.002,2000000000.0,0.003,3000.0,5.0,4000000000.0,1.0,10000000000.0,,,,,,,,,0.0,1.825465729,1.0,1.0,1.0,0.0,0.0,0.0,,,0.0,,,,142203327.968189,,,1.640312,,,,1.640312,1.0,0.785665898982935,,,,,,,,BASE,BASE,,,,,,4.10394034114728e-09,3.89991328120232e-09,1.30268890643492e-07,1.08033418655396e-07,130629.063280116,0.891830724999188,3562818.5565265,17174023.607657,7.105427357601e-15,0.0,3.04542481899261e-07,0.0,0.0,0.0,0.0,0.0,0.0,0.0,0.0,0.0,0.0,-48642866.5760864,6.42691674721164,0.0,17174023.607657,0.0,0.0,0.0,1001.0,0.0,721.0,0.0,0.0,0.0,0.0,-49154524.2493339,,,,,,BASE,0.0,0,/clusteruy/home/mathiasr/generator-aware-row-scaling/results-revision/r3-hyperparam/simple-gurobi-1pct/win9/resultados/caso33b_base.csv,/clusteruy/home/mathiasr/generator-aware-row-scaling/results-revision/r3-hyperparam/simple-gurobi-1pct/win9/resultados/caso33b_base_postprocesado.csv,/clusteruy/home/mathiasr/generator-aware-row-scaling/results-revision/r3-hyperparam/simple-gurobi-1pct/win9/logs/caso33b_base.log
caso33b.txt,estructurado,OK,0,1.619271125,0.003989979672446,-48642597.15176622,-49154700.0,OPTIMAL,-48644537.98150472,1.0,7687.0,0.26,14400.0,10800.0,35590.0,9719.0,8760.0,26244.0,32.50694444444444,18.88888888888889,26.26018544534982,1,Model contains large bounds,2e-05,40000.0,0.003,3000.0,0.2,60000.0,1.0,10000000000.0,0.0019999999999999996,1.0,0.000375,1.0,2080000000000.0,3817000000.0,0.0003779,1.0,0.076484805,1.69575593,1.127337911988025,1.127337911988025,1.0764908420517805,0.076484805,0.04723409429041724,-0.0006068319195440004,269.4243201985955,5.538824891768378e-06,-200.0,-4.068803466620554e-06,0.0019999999999999996,0.001835096153846154,153272.0,,0.0010778369408786766,2.0,,,,2.0,0.820156,0.540440088715266,,,,,,,,OK,REVISAR,2.00401991605759e-05,0.0,1.4901161193847656e-08,17181962.1122294,0.0,1.08357729703326e-08,7.45058059692383e-09,2.6755893486552e-07,2.00401991605759e-05,129790.446057358,1.15635678749895,3561297.31492712,17181962.1122294,4.54747350886464e-13,0.0,2.00401991605759e-05,0.0,0.0,0.0,0.0,0.0,2.0,0.0,0.0,0.0,0.0,-48642597.1517662,53.4237454611575,0.0,17181962.1122294,0.0,0.0,0.0,999.0,0.0,720.0,0.0,0.0,0.0,0.0,-49154661.0657522,-48642597.1517662,269.4243202134967,5.538824892074716e-06,empeora,-25.745370790362358,DIFIERE,860000.0,3975,/clusteruy/home/mathiasr/generator-aware-row-scaling/results-revision/r3-hyperparam/simple-gurobi-1pct/win9/resultados/caso33b_estructurado.csv,/clusteruy/home/mathiasr/generator-aware-row-scaling/results-revision/r3-hyperparam/simple-gurobi-1pct/win9/resultados/caso33b_estructurado_postprocesado.csv,/clusteruy/home/mathiasr/generator-aware-row-scaling/results-revision/r3-hyperparam/simple-gurobi-1pct/win9/logs/caso33b_estructurado.log
caso33c.txt,base,OK,0,1.382335179,0.000187129555829,-45069481.18162223,-45567400.0,OPTIMAL,-45069565.51994218,1.0,7267.0,0.25,14400.0,10800.0,35590.0,9718.0,8759.0,26243.0,32.513888888888886,18.89814814814815,26.262995223377352,3,Model contains large bounds | Model contains large matrix coefficients | Model contains large rhs,0.002,2000000000.0,0.005,3000.0,5.0,4000000000.0,1.0,10000000000.0,,,,,,,,,0.0,1.382335179,1.0,1.0,1.0,0.0,0.0,0.0,,,0.0,,,,3270045.323433,,,1.356234,,,,1.356234,1.0,0.536207648915072,,,,,,,,BASE,BASE,,,,,,4.1236716502925e-09,3.72529029846191e-09,1.34167348733172e-07,1.00582838058472e-07,131323.269274917,0.614834148124422,3592114.23378351,32679808.9208041,5.29257886437661e-09,0.0,2.92668119072914e-07,1.3176032172309e-10,0.0,0.0,0.0,0.0,0.0,0.0,0.0,0.0,0.0,-45069481.1816222,4.82018756041032,0.0,32679808.9208041,1.3176032172309e-10,0.0,0.0,889.0,0.0,680.0,0.0,0.0,0.0,0.0,-45567399.1339757,,,,,,BASE,0.0,0,/clusteruy/home/mathiasr/generator-aware-row-scaling/results-revision/r3-hyperparam/simple-gurobi-1pct/win9/resultados/caso33c_base.csv,/clusteruy/home/mathiasr/generator-aware-row-scaling/results-revision/r3-hyperparam/simple-gurobi-1pct/win9/resultados/caso33c_base_postprocesado.csv,/clusteruy/home/mathiasr/generator-aware-row-scaling/results-revision/r3-hyperparam/simple-gurobi-1pct/win9/logs/caso33c_base.log
caso33c.txt,estructurado,OK,0,1.428173116,0.000187136634177,-45069481.18162227,-45568100.0,OPTIMAL,-45069565.52313239,1.0,7787.0,0.26,14400.0,10800.0,35590.0,9719.0,8760.0,26244.0,32.50694444444444,18.88888888888889,26.26018544534982,1,Model contains large bounds,2e-05,40000.0,0.005,3000.0,0.2,60000.0,1.0,10000000000.0,0.0019999999999999996,1.0,0.000375,1.0,2080000000000.0,3817000000.0,0.0003779,1.0,0.075843734,1.50401685,0.9679044952698858,0.9679044952698858,0.9190955400532913,0.075843734,0.0531054205896423,-7.078347999991659e-09,-3.725290298461914e-08,-8.265660488634509e-16,-700.0,-1.5361859575047074e-05,0.0019999999999999996,0.001835096153846154,102893.0,,0.03146531311436979,1.0,,,,1.0,1.356234,0.513099898792383,,,,,,,,OK,REVISAR,7.23812263458967e-07,0.0,2.9802322387695312e-08,17826989.8514224,0.0,8.36754561632706e-09,7.45058059692383e-09,2.70339369308204e-07,8.7544322013855e-08,128871.3784705,0.597904480124442,3591125.77475937,17826989.8514224,1.13686837721616e-13,0.0,7.23812263458967e-07,0.0,0.0,0.0,0.0,0.0,0.0,0.0,0.0,0.0,0.0,-45069481.1816223,4.82018756041032,0.0,17826989.8514224,0.0,0.0,0.0,888.0,0.0,680.0,0.0,0.0,0.0,0.0,-45568103.7336014,-45069481.1816223,-6.705522537231445e-08,1.4878188879542117e-15,igual,-0.0031902119517326355,DIFIERE,3.0820000000000007,21,/clusteruy/home/mathiasr/generator-aware-row-scaling/results-revision/r3-hyperparam/simple-gurobi-1pct/win9/resultados/caso33c_estructurado.csv,/clusteruy/home/mathiasr/generator-aware-row-scaling/results-revision/r3-hyperparam/simple-gurobi-1pct/win9/resultados/caso33c_estructurado_postprocesado.csv,/clusteruy/home/mathiasr/generator-aware-row-scaling/results-revision/r3-hyperparam/simple-gurobi-1pct/win9/logs/caso33c_estructurado.log
caso33d.txt,base,OK,0,1.526465018,0.001312644718712,-66148196.35185675,-65935900.0,OPTIMAL,-66149064.64266269,1.0,7678.0,0.25,14400.0,10800.0,35590.0,10450.0,8759.0,27697.0,27.430555555555557,18.89814814814815,22.177577971340263,3,Model contains large bounds | Model contains large matrix coefficients | Model contains large rhs,0.002,2000000000.0,0.003,2000.0,5.0,4000000000.0,1.0,10000000000.0,,,,,,,,,0.0,1.526465018,1.0,1.0,1.0,0.0,0.0,0.0,,,0.0,,,,2921278.186877,,,1.489197,,,,1.489197,1.0,0.353350100900379,,,,,,,,BASE,BASE,,,,,,5.19398946793493e-09,2.98023223876953e-08,1.40866031870246e-07,3.35276126861572e-07,157208.175843221,0.231871969719895,3717698.77714233,44001212.3650059,2.92347094717904e-08,0.0,3.35276126861572e-07,7.27806769476997e-10,0.0,0.0,0.0,0.0,0.0,0.0,0.0,0.0,0.0,-66148196.3518568,261.896857448677,0.0,44001212.3650059,7.27806769476997e-10,0.0,0.0,296.0,0.0,721.0,0.0,0.0,0.0,0.0,-65935873.1244794,,,,,,BASE,0.0,0,/clusteruy/home/mathiasr/generator-aware-row-scaling/results-revision/r3-hyperparam/simple-gurobi-1pct/win9/resultados/caso33d_base.csv,/clusteruy/home/mathiasr/generator-aware-row-scaling/results-revision/r3-hyperparam/simple-gurobi-1pct/win9/resultados/caso33d_base_postprocesado.csv,/clusteruy/home/mathiasr/generator-aware-row-scaling/results-revision/r3-hyperparam/simple-gurobi-1pct/win9/logs/caso33d_base.log
caso33d.txt,estructurado,OK,0,2.006933553,0.001313435975907,-66148196.35185681,-65931900.0,OPTIMAL,-66149065.16606511,1.0,9819.0,0.26,14400.0,10800.0,35590.0,10451.0,8760.0,27695.0,27.42361111111111,18.88888888888889,22.183197527395336,1,Model contains large bounds,2e-05,40000.0,0.003,2000.0,0.2,60000.0,1.0,10000000000.0,0.0019999999999999996,1.0,0.000375,1.0,2080000000000.0,3817000000.0,0.0003779,1.0,0.076846531,2.0837800840000003,0.7605956937229998,0.7605956937229998,0.7325461212153517,0.076846531,0.038290520822240694,-7.912571949998757e-07,-5.960464477539063e-08,-9.010773998786068e-16,4000.0,6.066497916916278e-05,0.0019999999999999996,0.001835096153846154,552328.0,,0.1890706617675695,2.0,,,,2.0,0.7445985,0.318510883253292,,,,,,,,OK,REVISAR,9.56002622842789e-07,0.0,1.4901161193847656e-08,44001212.3650084,0.0,9.01579422268586e-09,3.5431003198027e-08,2.5960966013372e-07,2.64495611190796e-07,157238.455386241,0.231424814855192,3717698.77714188,44001212.3650084,1.17298860919768e-07,0.0,9.56002622842789e-07,2.92018995816343e-09,0.0,0.0,0.0,0.0,0.0,0.0,0.0,0.0,0.0,-66148196.3518568,261.896857448679,0.0,44001212.3650084,2.92018995816343e-09,0.0,0.0,293.0,0.0,721.0,0.0,0.0,0.0,0.0,-65931854.6611067,-66148196.3518568,-4.470348358154297e-08,6.758080499089551e-16,igual,-0.5234024226665497,DIFIERE,14.043000000000006,9,/clusteruy/home/mathiasr/generator-aware-row-scaling/results-revision/r3-hyperparam/simple-gurobi-1pct/win9/resultados/caso33d_estructurado.csv,/clusteruy/home/mathiasr/generator-aware-row-scaling/results-revision/r3-hyperparam/simple-gurobi-1pct/win9/resultados/caso33d_estructurado_postprocesado.csv,/clusteruy/home/mathiasr/generator-aware-row-scaling/results-revision/r3-hyperparam/simple-gurobi-1pct/win9/logs/caso33d_estructurado.log
caso33e.txt,base,OK,0,1.64173416,0.011265783210322,-71755756.63058986,-71647800.0,OPTIMAL,-71763840.47857279,1.0,8146.0,0.25,14400.0,10800.0,35590.0,10450.0,8759.0,27697.0,27.430555555555557,18.89814814814815,22.177577971340263,3,Model contains large bounds | Model contains large matrix coefficients | Model contains large rhs,0.002,2000000000.0,0.003,2000.0,5.0,4000000000.0,1.0,10000000000.0,,,,,,,,,0.0,1.64173416,1.0,1.0,1.0,0.0,0.0,0.0,,,0.0,,,,114367110.713078,,,1.68719,,,,1.68719,1.0,0.440781213249279,,,,,,,,BASE,BASE,,,,,,4.62140453643385e-09,1.91215804079543e-08,1.33534194901586e-07,1.60187482833862e-07,119100.39346721,0.276176078539181,3163778.69900733,19529880.6281975,2.27373675443232e-13,0.0,4.76837158203125e-07,0.0,0.0,0.0,0.0,0.0,0.0,0.0,0.0,0.0,0.0,-71755756.6305899,235.787508163152,0.0,19529880.6281975,0.0,0.0,0.0,401.0,0.0,772.0,0.0,0.0,0.0,0.0,-71647794.648992,,,,,,BASE,0.0,0,/clusteruy/home/mathiasr/generator-aware-row-scaling/results-revision/r3-hyperparam/simple-gurobi-1pct/win9/resultados/caso33e_base.csv,/clusteruy/home/mathiasr/generator-aware-row-scaling/results-revision/r3-hyperparam/simple-gurobi-1pct/win9/resultados/caso33e_base_postprocesado.csv,/clusteruy/home/mathiasr/generator-aware-row-scaling/results-revision/r3-hyperparam/simple-gurobi-1pct/win9/logs/caso33e_base.log
caso33e.txt,estructurado,OK,0,1.82164004,0.011307543078228,-71755756.6305899,-71647800.0,OPTIMAL,-71763870.44368201,1.0,8202.0,0.27,14400.0,10800.0,35590.0,10451.0,8760.0,27695.0,27.42361111111111,18.88888888888889,22.183197527395336,1,Model contains large bounds,2e-05,40000.0,0.003,2000.0,0.2,60000.0,1.0,10000000000.0,0.0019999999999999996,1.0,0.000375,1.0,2080000000000.0,3817000000.0,0.0003779,1.0,0.076301151,1.897941191,0.9012396104336837,0.9012396104336837,0.8650079189940506,0.076301151,0.04188596502303496,-4.175986790599939e-05,-4.470348358154297e-08,-6.229950833308563e-16,0.0,0.0,0.0019999999999999996,0.001835096153846154,2248115.0,,0.01965700616185039,2.0,,,,2.0,0.843595,0.428484890925464,,,,,,,,OK,REVISAR,7.17001967132092e-07,0.0,0.0,19529880.6281976,0.0,8.32810182584305e-09,2.60770320892334e-08,2.52390746027231e-07,1.67638063430786e-07,119100.393467219,0.276176078539188,3163778.69900734,19529880.6281976,1.81898940354586e-12,0.0,7.17001967132092e-07,0.0,0.0,0.0,0.0,0.0,0.0,0.0,0.0,0.0,0.0,-71755756.6305899,235.787508163152,0.0,19529880.6281976,0.0,0.0,0.0,401.0,0.0,772.0,0.0,0.0,0.0,0.0,-71647794.6489924,-71755756.6305899,-4.470348358154297e-08,6.229950833308563e-16,igual,-29.96510922908783,OK,0.0,0,/clusteruy/home/mathiasr/generator-aware-row-scaling/results-revision/r3-hyperparam/simple-gurobi-1pct/win9/resultados/caso33e_estructurado.csv,/clusteruy/home/mathiasr/generator-aware-row-scaling/results-revision/r3-hyperparam/simple-gurobi-1pct/win9/resultados/caso33e_estructurado_postprocesado.csv,/clusteruy/home/mathiasr/generator-aware-row-scaling/results-revision/r3-hyperparam/simple-gurobi-1pct/win9/logs/caso33e_estructurado.log
caso33f.txt,base,OK,0,1.567426422,0.001851571181828,-68903725.33907789,-68691400.0,OPTIMAL,-68905001.14059947,1.0,7729.0,0.26,14400.0,10800.0,35590.0,10450.0,8759.0,27697.0,27.430555555555557,18.89814814814815,22.177577971340263,3,Model contains large bounds | Model contains large matrix coefficients | Model contains large rhs,0.002,2000000000.0,0.005,2000.0,5.0,4000000000.0,1.0,10000000000.0,,,,,,,,,0.0,1.567426422,1.0,1.0,1.0,0.0,0.0,0.0,,,0.0,,,,2921278.186877,,,1.560613,,,,1.560613,1.0,0.396273031050771,,,,,,,,BASE,BASE,,,,,,5.1556402404031e-09,2.98023223876953e-08,1.36806629598141e-07,2.64495611190796e-07,157208.175843183,0.231871969719905,3717698.77714201,44001212.3650074,1.01061101294032e-07,0.0,2.64495611190796e-07,2.51594611273872e-09,0.0,0.0,0.0,0.0,0.0,0.0,0.0,0.0,0.0,-68903725.3390779,261.896857448677,0.0,44001212.3650074,2.51594611273872e-09,0.0,0.0,296.0,0.0,721.0,0.0,0.0,0.0,0.0,-68691402.1117009,,,,,,BASE,0.0,0,/clusteruy/home/mathiasr/generator-aware-row-scaling/results-revision/r3-hyperparam/simple-gurobi-1pct/win9/resultados/caso33f_base.csv,/clusteruy/home/mathiasr/generator-aware-row-scaling/results-revision/r3-hyperparam/simple-gurobi-1pct/win9/resultados/caso33f_base_postprocesado.csv,/clusteruy/home/mathiasr/generator-aware-row-scaling/results-revision/r3-hyperparam/simple-gurobi-1pct/win9/logs/caso33f_base.log
caso33f.txt,estructurado,OK,0,1.733421999,0.001852687301871,-68903725.33907795,-68687400.0,OPTIMAL,-68905001.90964782,1.0,8639.0,0.27,14400.0,10800.0,35590.0,10451.0,8760.0,27695.0,27.42361111111111,18.88888888888889,22.183197527395336,1,Model contains large bounds,2e-05,40000.0,0.005,2000.0,0.2,60000.0,1.0,10000000000.0,0.0019999999999999996,1.0,0.000375,1.0,2080000000000.0,3817000000.0,0.0003779,1.0,0.078403193,1.811825192,0.904238219489679,0.904238219489679,0.8651090783596965,0.078403193,0.04523029766855982,-1.1161200430000705e-06,-5.960464477539063e-08,-8.650424121783527e-16,4000.0,5.8231452554468243e-05,0.0019999999999999996,0.001835096153846154,581644.0,,0.19910599497605808,2.0,,,,2.0,0.7803065,0.402942030156885,,,,,,,,OK,REVISAR,9.56002622842789e-07,0.0,4.470348358154297e-08,44001212.3650084,0.0,9.01579422274754e-09,3.5431003198027e-08,2.5960966013372e-07,2.64495611190796e-07,157238.455386241,0.231424814855192,3717698.77714188,44001212.3650084,1.17298860919768e-07,0.0,9.56002622842789e-07,2.92018995816343e-09,0.0,0.0,0.0,0.0,0.0,0.0,0.0,0.0,0.0,-68903725.3390779,261.896857448679,0.0,44001212.3650084,2.92018995816343e-09,0.0,0.0,293.0,0.0,721.0,0.0,0.0,0.0,0.0,-68687383.6483278,-68903725.3390779,-1.4901161193847656e-08,2.1626060304458818e-16,igual,-0.769048348069191,DIFIERE,14.043000000000006,9,/clusteruy/home/mathiasr/generator-aware-row-scaling/results-revision/r3-hyperparam/simple-gurobi-1pct/win9/resultados/caso33f_estructurado.csv,/clusteruy/home/mathiasr/generator-aware-row-scaling/results-revision/r3-hyperparam/simple-gurobi-1pct/win9/resultados/caso33f_estructurado_postprocesado.csv,/clusteruy/home/mathiasr/generator-aware-row-scaling/results-revision/r3-hyperparam/simple-gurobi-1pct/win9/logs/caso33f_estructurado.log
caso34a.txt,base,OK,0,1.208238071,0.63035409299819,-277269868.63548297,-279537000.0,OPTIMAL,-279017650.60107744,1.0,7467.0,0.29,14400.0,10800.0,35590.0,11063.0,9033.0,30173.0,23.17361111111111,16.36111111111111,15.220567575161562,3,Model contains large bounds | Model contains large matrix coefficients | Model contains large rhs,0.002,1000000000.0,0.003,3000.0,5.0,4000000000.0,1.0,10000000000.0,,,,,,,,,0.0,1.208238071,1.0,1.0,1.0,0.0,0.0,0.0,,,0.0,,,,1526233.310595,,,1.246433,,,,1.246433,1.0,0.303126297540584,,,,,,,,BASE,BASE,,,,,,1.78939984271056e-09,5.6843418860808e-14,6.33299350738525e-08,1.7508864402771e-07,732034.855802967,1.82244843992337,54521392.9387889,72473844.9231384,7.27595761418343e-12,0.0,8.19563865661621e-07,0.0,0.0,0.0,0.0,0.0,0.0,0.0,0.0,0.0,0.0,-277269868.635483,1648.31657657931,0.0,72473844.9231384,0.0,0.0,0.0,791.0,0.0,721.0,0.0,0.0,0.0,0.0,-279536979.553904,,,,,,BASE,0.0,0,/clusteruy/home/mathiasr/generator-aware-row-scaling/results-revision/r3-hyperparam/simple-gurobi-1pct/win9/resultados/caso34a_base.csv,/clusteruy/home/mathiasr/generator-aware-row-scaling/results-revision/r3-hyperparam/simple-gurobi-1pct/win9/resultados/caso34a_base_postprocesado.csv,/clusteruy/home/mathiasr/generator-aware-row-scaling/results-revision/r3-hyperparam/simple-gurobi-1pct/win9/logs/caso34a_base.log
caso34a.txt,estructurado,OK,0,1.302450847,0.630462816063134,-277269569.0678462,-279537000.0,OPTIMAL,-279017650.60107744,1.0,7838.0,0.3,14400.0,10800.0,35590.0,11065.0,9035.0,30178.0,23.15972222222222,16.34259259259259,15.206518685023884,1,Model contains large bounds,2e-05,40000.0,0.003,3000.0,0.6,60000.0,1.0,10000000000.0,0.003999999999999999,1.0,0.000125,1.0,2086000000000.0,3856000000.0,0.0003745,1.0,0.077878976,1.380329823,0.9276650046203241,0.9276650046203241,0.8753256293296794,0.077878976,0.05979417663198771,-0.00010872306494402739,299.5676367878914,1.080419009328859e-06,0.0,0.0,0.003999999999999999,0.0018485139022051773,40059.0,,0.026246970054914512,1.0,,,,1.0,1.246433,0.297095758793575,,,,,,,,OK,REVISAR,9.5367431640625e-07,0.0,1.7881393432617188e-07,113602062.319505,0.0,7.54889132836024e-09,2.3283064365387e-10,2.38477368839085e-07,2.5331974029541e-07,739682.533093515,1.82182852871244,54571172.2277086,113602062.319505,7.27595761418343e-12,0.0,9.5367431640625e-07,0.0,0.0,0.0,0.0,0.0,0.0,0.0,0.0,0.0,0.0,-277269569.067846,1648.31657657931,0.0,113602062.319505,0.0,0.0,0.0,790.0,0.0,721.0,0.0,0.0,0.0,0.0,-279536805.769765,-277269569.067846,299.5676369667053,1.0804190099737684e-06,empeora,0.0,DIFIERE,100000.0,623,/clusteruy/home/mathiasr/generator-aware-row-scaling/results-revision/r3-hyperparam/simple-gurobi-1pct/win9/resultados/caso34a_estructurado.csv,/clusteruy/home/mathiasr/generator-aware-row-scaling/results-revision/r3-hyperparam/simple-gurobi-1pct/win9/resultados/caso34a_estructurado_postprocesado.csv,/clusteruy/home/mathiasr/generator-aware-row-scaling/results-revision/r3-hyperparam/simple-gurobi-1pct/win9/logs/caso34a_estructurado.log
caso34b.txt,base,OK,0,1.385335521,0.601971652953494,-285147513.9507698,-287694000.0,OPTIMAL,-286864021.153855,1.0,8770.0,0.28,14400.0,10800.0,35590.0,11063.0,9033.0,30173.0,23.17361111111111,16.36111111111111,15.220567575161562,3,Model contains large bounds | Model contains large matrix coefficients | Model contains large rhs,0.002,1000000000.0,0.003,3000.0,5.0,4000000000.0,1.0,10000000000.0,,,,,,,,,0.0,1.385335521,1.0,1.0,1.0,0.0,0.0,0.0,,,0.0,,,,23171005.009995,,,1.422433,,,,1.422433,1.0,0.294921127925145,,,,,,,,BASE,BASE,,,,,,1.40175027253433e-09,5.6843418860808e-14,4.56348061561584e-08,1.9371509552002e-07,333734.667678606,3.340160134196,17316547.1647557,33810470.6577159,7.27595761418343e-12,0.0,4.66126948595047e-07,0.0,0.0,0.0,0.0,0.0,0.0,0.0,0.0,0.0,0.0,-285147513.95077,2011.57407589471,0.0,33810470.6577159,0.0,0.0,0.0,1111.0,0.0,728.0,0.0,0.0,0.0,0.0,-287693757.107642,,,,,,BASE,0.0,0,/clusteruy/home/mathiasr/generator-aware-row-scaling/results-revision/r3-hyperparam/simple-gurobi-1pct/win9/resultados/caso34b_base.csv,/clusteruy/home/mathiasr/generator-aware-row-scaling/results-revision/r3-hyperparam/simple-gurobi-1pct/win9/resultados/caso34b_base_postprocesado.csv,/clusteruy/home/mathiasr/generator-aware-row-scaling/results-revision/r3-hyperparam/simple-gurobi-1pct/win9/logs/caso34b_base.log
caso34b.txt,estructurado,OK,0,1.455398127,0.602071067402253,-285147232.16946435,-287693000.0,OPTIMAL,-286864021.153855,1.0,8956.0,0.29,14400.0,10800.0,35590.0,11065.0,9035.0,30178.0,23.15972222222222,16.34259259259259,15.206518685023884,1,Model contains large bounds,2e-05,40000.0,0.003,3000.0,0.6,60000.0,1.0,10000000000.0,0.003999999999999999,1.0,0.000125,1.0,2086000000000.0,3856000000.0,0.0003745,1.0,0.076093468,1.531491595,0.9518601785310666,0.9518601785310666,0.9045661925425063,0.076093468,0.05228360995410295,-9.941444875904981e-05,281.78130543231964,9.88194852300093e-07,1000.0,3.475915382315933e-06,0.003999999999999999,0.0018485139022051773,177400.0,,0.007656120221089983,1.0,,,,1.0,1.422433,0.284332147033625,,,,,,,,OK,REVISAR,9.5367431640625e-07,0.0,3.5762786865234375e-07,113641998.566876,0.0,7.79886271036247e-09,2.3283064365387e-10,2.38476786762476e-07,2.60770320892334e-07,341205.877276025,3.34016034948057,17580854.0500647,113641998.566876,2.18278728425503e-11,0.0,9.5367431640625e-07,0.0,0.0,0.0,0.0,0.0,0.0,0.0,0.0,0.0,0.0,-285147232.169464,2011.57407589471,0.0,113641998.566876,0.0,0.0,0.0,1110.0,0.0,733.0,0.0,0.0,0.0,0.0,-287693143.78358,-285147232.169464,281.7813057899475,9.881948535542784e-07,igual,0.0,DIFIERE,100000.0,595,/clusteruy/home/mathiasr/generator-aware-row-scaling/results-revision/r3-hyperparam/simple-gurobi-1pct/win9/resultados/caso34b_estructurado.csv,/clusteruy/home/mathiasr/generator-aware-row-scaling/results-revision/r3-hyperparam/simple-gurobi-1pct/win9/resultados/caso34b_estructurado_postprocesado.csv,/clusteruy/home/mathiasr/generator-aware-row-scaling/results-revision/r3-hyperparam/simple-gurobi-1pct/win9/logs/caso34b_estructurado.log
caso34c.txt,base,OK,0,1.195013955,0.626708738160237,-280958204.37233907,-283679000.0,OPTIMAL,-282718993.9897186,1.0,7614.0,0.27,14400.0,10800.0,35590.0,11063.0,9033.0,30173.0,23.17361111111111,16.36111111111111,15.220567575161562,3,Model contains large bounds | Model contains large matrix coefficients | Model contains large rhs,0.002,1000000000.0,0.005,3000.0,5.0,4000000000.0,1.0,10000000000.0,,,,,,,,,0.0,1.195013955,1.0,1.0,1.0,0.0,0.0,0.0,,,0.0,,,,2857132.083426,,,1.275025,,,,1.275025,1.0,0.310166026362002,,,,,,,,BASE,BASE,,,,,,1.76357674643454e-09,7.27595761418343e-12,5.23743801750246e-08,2.01165676116943e-07,486834.110917337,3.89192199784826,36542522.5276291,52639753.9592286,5.12729534890178e-08,0.0,8.19098204374313e-07,1.25762583414714e-09,0.0,0.0,0.0,0.0,0.0,0.0,0.0,0.0,0.0,-280958204.372339,1891.3036356051,0.0,52639753.9592286,1.25762583414714e-09,0.0,0.0,1037.0,0.0,721.0,0.0,0.0,0.0,0.0,-283679436.004408,,,,,,BASE,0.0,0,/clusteruy/home/mathiasr/generator-aware-row-scaling/results-revision/r3-hyperparam/simple-gurobi-1pct/win9/resultados/caso34c_base.csv,/clusteruy/home/mathiasr/generator-aware-row-scaling/results-revision/r3-hyperparam/simple-gurobi-1pct/win9/resultados/caso34c_base_postprocesado.csv,/clusteruy/home/mathiasr/generator-aware-row-scaling/results-revision/r3-hyperparam/simple-gurobi-1pct/win9/logs/caso34c_base.log
caso34c.txt,estructurado,OK,0,1.3352924,0.626857830532027,-280957788.09455824,-283679000.0,OPTIMAL,-282718993.98971856,1.0,7715.0,0.29,14400.0,10800.0,35590.0,11065.0,9035.0,30178.0,23.15972222222222,16.34259259259259,15.206518685023884,1,Model contains large bounds,2e-05,40000.0,0.005,3000.0,0.6,60000.0,1.0,10000000000.0,0.003999999999999999,1.0,0.000125,1.0,2086000000000.0,3856000000.0,0.0003745,1.0,0.075834354,1.4111267539999999,0.8949455227933598,0.8949455227933598,0.8468508952952642,0.075834354,0.056792320543425555,-0.00014909237179006052,416.27778083086014,1.4816359670322678e-06,0.0,0.0,0.003999999999999999,0.0018485139022051773,45827.0,,0.01603951048180056,1.0,,,,1.0,1.275025,0.284113670953811,,,,,,,,OK,REVISAR,9.54139977693558e-07,0.0,2.384185791015625e-07,113602062.319505,0.0,7.70064407834057e-09,2.3283064365387e-10,2.38418579101562e-07,2.7194619178772e-07,494252.664730095,3.89192199784826,36608039.9853549,113602062.319505,7.27595761418343e-12,0.0,9.54139977693558e-07,0.0,0.0,0.0,0.0,0.0,0.0,0.0,0.0,0.0,0.0,-280957788.094558,1891.3036356051,0.0,113602062.319505,0.0,0.0,0.0,1036.0,0.0,730.0,0.0,0.0,0.0,0.0,-283679123.846476,-280957788.094558,416.2777810692787,1.4816359678808588e-06,empeora,5.960464477539063e-08,DIFIERE,100000.0,530,/clusteruy/home/mathiasr/generator-aware-row-scaling/results-revision/r3-hyperparam/simple-gurobi-1pct/win9/resultados/caso34c_estructurado.csv,/clusteruy/home/mathiasr/generator-aware-row-scaling/results-revision/r3-hyperparam/simple-gurobi-1pct/win9/resultados/caso34c_estructurado_postprocesado.csv,/clusteruy/home/mathiasr/generator-aware-row-scaling/results-revision/r3-hyperparam/simple-gurobi-1pct/win9/logs/caso34c_estructurado.log
caso34d.txt,base,OK,0,1.582374807,0.161668402767343,-183004562.27596337,-183126000.0,OPTIMAL,-183300422.82878628,1.0,8900.0,0.28,14400.0,10800.0,35590.0,11333.0,8815.0,30629.0,21.29861111111111,18.37962962962963,13.939308794605227,4,Model contains large bounds | Model contains large matrix coefficients | Model contains large rhs | max constraint violation (1.0231e-06) exceeds tolerance,0.002,1000000000.0,0.003,2000.0,5.0,4000000000.0,1.0,10000000000.0,,,,,,,,,0.0,1.582374807,1.0,1.0,1.0,0.0,0.0,0.0,,,0.0,,,,35846177.422942,,,1.58493,,0.011439,1.262513,1.58493,1.0,0.268571727853665,,,,,,,,BASE,BASE,,,,,,4.97934209483846e-09,5.35510480402884e-10,1.24825164675713e-07,2.42143869400024e-07,720212.251997151,0.410494407226603,41563003.1373023,67408356.8922374,9.5367431640625e-07,0.0,1.0230578482151e-06,2.64215087890625e-10,0.0,1.88737914186277e-15,0.0,0.0,1.0,0.0,0.0,0.0,0.0,-183004562.275963,43.2158192227689,0.0,67408356.8922374,2.64215087890625e-10,0.0,1.88737914186277e-15,217.0,0.0,878.0,0.0,0.0,0.0,0.0,-183126250.330191,,,,,,BASE,0.0,0,/clusteruy/home/mathiasr/generator-aware-row-scaling/results-revision/r3-hyperparam/simple-gurobi-1pct/win9/resultados/caso34d_base.csv,/clusteruy/home/mathiasr/generator-aware-row-scaling/results-revision/r3-hyperparam/simple-gurobi-1pct/win9/resultados/caso34d_base_postprocesado.csv,/clusteruy/home/mathiasr/generator-aware-row-scaling/results-revision/r3-hyperparam/simple-gurobi-1pct/win9/logs/caso34d_base.log
caso34d.txt,estructurado,OK,0,1.567285183,0.063770331624731,-183186171.2635262,-183759000.0,OPTIMAL,-183302989.6924316,1.0,8418.0,0.29,14400.0,10800.0,35590.0,11335.0,8817.0,30634.0,21.28472222222222,18.36111111111111,13.925259904467547,1,Model contains large bounds,2e-05,40000.0,0.003,2000.0,0.6,60000.0,1.0,10000000000.0,0.003999999999999999,1.0,0.000125,1.0,2086000000000.0,3856000000.0,0.0003745,1.0,0.075810619,1.6430958020000002,1.0096278738315616,1.0096278738315616,0.9630447628640463,0.075810619,0.04837066018507749,0.09789807114261201,-181608.98756283522,-0.0009923740987887303,-633000.0,-0.0034566364142721404,0.003999999999999999,0.0018485139022051773,3080578.0,,0.0859388147208241,1.0,,,,1.0,1.58493,0.285931336976002,,,,,,,,OK,REVISAR,1.02096237242222e-06,0.0,2.086162567138672e-07,846810073.128582,0.0,9.10970314231324e-09,2.60770320892334e-08,2.48829019255937e-07,2.16066837310791e-07,1053153.40225472,0.29507046033168,66308607.6379139,846810073.128582,2.27373675443232e-13,0.0,1.02096237242222e-06,0.0,0.0,0.0,0.0,0.0,1.0,0.0,0.0,0.0,0.0,-183186171.263526,86.3457050618615,0.0,846810073.128582,0.0,0.0,0.0,246.0,0.0,874.0,0.0,0.0,0.0,0.0,-183759264.385484,-183186171.263526,-181608.9875626266,0.0009923740987875904,mejora,-2566.8636453151703,DIFIERE,96950000.0,3933,/clusteruy/home/mathiasr/generator-aware-row-scaling/results-revision/r3-hyperparam/simple-gurobi-1pct/win9/resultados/caso34d_estructurado.csv,/clusteruy/home/mathiasr/generator-aware-row-scaling/results-revision/r3-hyperparam/simple-gurobi-1pct/win9/resultados/caso34d_estructurado_postprocesado.csv,/clusteruy/home/mathiasr/generator-aware-row-scaling/results-revision/r3-hyperparam/simple-gurobi-1pct/win9/logs/caso34d_estructurado.log
caso34e.txt,base,OK,0,1.777955196,0.075550193872219,-190704240.6424267,-190955000.0,OPTIMAL,-190848318.0659546,1.0,10328.0,0.28,14400.0,10800.0,35590.0,11333.0,8815.0,30629.0,21.29861111111111,18.37962962962963,13.939308794605227,4,Model contains large bounds | Model contains large matrix coefficients | Model contains large rhs | max constraint violation (1.9262e-06) exceeds tolerance,0.002,1000000000.0,0.003,2000.0,5.0,4000000000.0,1.0,10000000000.0,,,,,,,,,0.0,1.777955196,1.0,1.0,1.0,0.0,0.0,0.0,,,0.0,,,,36770446.240041,,,1.864809,,0.010847,1.416858,1.864809,1.0,0.274072953139009,,,,,,,,BASE,BASE,,,,,,1.24740297054445e-08,1.86264514923096e-08,2.29815486818552e-07,1.82539224624634e-07,661397.059873287,0.400778146981283,37819781.2154774,59985783.3750086,9.5367431640625e-07,0.0,1.92620791494846e-06,0.0,0.0,0.0,0.0,0.0,1.0,0.0,0.0,0.0,0.0,-190704240.642426,43.2158192227689,0.0,59985783.3750086,0.0,0.0,0.0,219.0,0.0,878.0,0.0,0.0,0.0,0.0,-190954938.90071,,,,,,BASE,0.0,0,/clusteruy/home/mathiasr/generator-aware-row-scaling/results-revision/r3-hyperparam/simple-gurobi-1pct/win9/resultados/caso34e_base.csv,/clusteruy/home/mathiasr/generator-aware-row-scaling/results-revision/r3-hyperparam/simple-gurobi-1pct/win9/resultados/caso34e_base_postprocesado.csv,/clusteruy/home/mathiasr/generator-aware-row-scaling/results-revision/r3-hyperparam/simple-gurobi-1pct/win9/logs/caso34e_base.log
caso34e.txt,estructurado,OK,0,1.623259879,0.885003199857416,-189183058.11096466,-191191000.0,OPTIMAL,-190857334.2288348,1.0,9352.0,0.29,14400.0,10800.0,35590.0,11335.0,8817.0,30634.0,21.28472222222222,18.36111111111111,13.925259904467547,1,Model contains large bounds,2e-05,40000.0,0.003,2000.0,0.6,60000.0,1.0,10000000000.0,0.003999999999999999,1.0,0.000125,1.0,2086000000000.0,3856000000.0,0.0003745,1.0,0.076494531,1.69975441,1.095299168667496,1.095299168667496,1.0460071087563763,0.076494531,0.04712401999803262,-0.8094530059851971,1521182.5314620435,0.007976658129560336,-236000.0,-0.0012358932732842816,0.003999999999999999,0.0018485139022051773,1578691.0,,0.04293369163088622,2.0,,,,2.0,0.9324045,0.273737758280266,,,,,,,,OK,REVISAR,1.49291008710861e-06,0.0,3.5762786865234375e-07,35455696.7058921,0.0,9.11110250503244e-09,1.86264514923096e-09,2.38477368839085e-07,2.83122062683105e-07,310041.58729395,1.63709512896174,14800664.2224461,35455696.7058921,1.54780472290466e-07,0.0,1.49291008710861e-06,3.79646397034021e-09,0.0,0.0,0.0,0.0,1.0,0.0,0.0,0.0,0.0,-189183058.110965,904.678328822534,0.0,35455696.7058921,3.79646397034021e-09,0.0,0.0,449.0,0.0,951.0,0.0,0.0,0.0,0.0,-191190778.035909,-189183058.110965,1521182.531461686,0.00797665812955846,empeora,-9016.162880212069,DIFIERE,181730000.0,5866,/clusteruy/home/mathiasr/generator-aware-row-scaling/results-revision/r3-hyperparam/simple-gurobi-1pct/win9/resultados/caso34e_estructurado.csv,/clusteruy/home/mathiasr/generator-aware-row-scaling/results-revision/r3-hyperparam/simple-gurobi-1pct/win9/resultados/caso34e_estructurado_postprocesado.csv,/clusteruy/home/mathiasr/generator-aware-row-scaling/results-revision/r3-hyperparam/simple-gurobi-1pct/win9/logs/caso34e_estructurado.log
caso34f.txt,base,OK,0,1.505806826,0.021762404844077,-186783866.08593956,-187091000.0,OPTIMAL,-186824514.7470606,1.0,8388.0,0.28,14400.0,10800.0,35590.0,11333.0,8815.0,30629.0,21.29861111111111,18.37962962962963,13.939308794605227,4,Model contains large bounds | Model contains large matrix coefficients | Model contains large rhs | max constraint violation (2.2152e-06) exceeds tolerance,0.002,1000000000.0,0.005,2000.0,5.0,4000000000.0,1.0,10000000000.0,,,,,,,,,0.0,1.505806826,1.0,1.0,1.0,0.0,0.0,0.0,,,0.0,,,,36770441.030599,,,1.497173,,0.011272,1.186036,1.497173,1.0,0.294088019958003,,,,,,,,BASE,BASE,,,,,,6.1526846648261e-09,3.72529029846191e-09,1.3737240806222e-07,1.86264514923096e-07,678804.020747472,0.357378547391458,37819781.2154777,66467080.702667,9.5367431640625e-07,0.0,2.21515074372292e-06,0.0,0.0,0.0,0.0,0.0,1.0,0.0,0.0,0.0,0.0,-186783866.085939,43.2158192227689,0.0,66467080.702667,0.0,0.0,0.0,218.0,0.0,878.0,0.0,0.0,0.0,0.0,-187090785.877671,,,,,,BASE,0.0,0,/clusteruy/home/mathiasr/generator-aware-row-scaling/results-revision/r3-hyperparam/simple-gurobi-1pct/win9/resultados/caso34f_base.csv,/clusteruy/home/mathiasr/generator-aware-row-scaling/results-revision/r3-hyperparam/simple-gurobi-1pct/win9/resultados/caso34f_base_postprocesado.csv,/clusteruy/home/mathiasr/generator-aware-row-scaling/results-revision/r3-hyperparam/simple-gurobi-1pct/win9/logs/caso34f_base.log
caso34f.txt,estructurado,OK,0,1.425219442,0.923231714785557,-185115470.4917318,-187495000.0,OPTIMAL,-186824515.22428596,1.0,8264.0,0.29,14400.0,10800.0,35590.0,11335.0,8817.0,30634.0,21.28472222222222,18.36111111111111,13.925259904467547,1,Model contains large bounds,2e-05,40000.0,0.005,2000.0,0.6,60000.0,1.0,10000000000.0,0.003999999999999999,1.0,0.000125,1.0,2086000000000.0,3856000000.0,0.0003745,1.0,0.075425471,1.500644913,1.0565438427410956,1.0565438427410956,1.0034397964203807,0.075425471,0.05292200539599431,-0.90146930994148,1668395.5942077637,0.008932225406664043,-404000.0,-0.002159376987669102,0.003999999999999999,0.0018485139022051773,378080.0,,0.010282172021961222,1.0,,,,1.0,1.497173,0.309763838412901,,,,,,,,OK,REVISAR,9.54139977693558e-07,0.0,2.086162567138672e-07,67194225.8944487,0.0,8.78853425420967e-09,1.49011611938477e-08,2.73117912001908e-07,2.45869159698486e-07,628046.304264679,1.07842451523741,34950653.3398962,67194225.8944487,3.63797880709171e-12,0.0,9.54139977693558e-07,0.0,0.0,0.0,0.0,0.0,0.0,0.0,0.0,0.0,0.0,-185115470.491732,551.205543293407,0.0,67194225.8944487,0.0,0.0,0.0,372.0,0.0,872.0,0.0,0.0,0.0,0.0,-187494639.698279,-185115470.491732,1668395.594207555,0.008932225406662926,empeora,-0.4772253632545471,DIFIERE,35460000.0,4858,/clusteruy/home/mathiasr/generator-aware-row-scaling/results-revision/r3-hyperparam/simple-gurobi-1pct/win9/resultados/caso34f_estructurado.csv,/clusteruy/home/mathiasr/generator-aware-row-scaling/results-revision/r3-hyperparam/simple-gurobi-1pct/win9/resultados/caso34f_estructurado_postprocesado.csv,/clusteruy/home/mathiasr/generator-aware-row-scaling/results-revision/r3-hyperparam/simple-gurobi-1pct/win9/logs/caso34f_estructurado.log
caso35a.txt,base,OK,0,2.89930949,0.997442555772246,-571471671.6150534,-575001000.0,OPTIMAL,-577171773.261925,1.0,11158.0,0.21,14400.0,10800.0,35590.0,10026.0,8022.0,26876.0,30.375,25.72222222222222,24.484405731947177,3,Model contains large bounds | Model contains large matrix coefficients | Model contains large rhs,0.002,2000000000.0,0.003,3000.0,5.0,4000000000.0,1.0,10000000000.0,,,,,,,,,0.0,2.89930949,1.0,1.0,1.0,0.0,0.0,0.0,,,0.0,,,,49747217.149267,,,2.830414,,0.010031,2.422294,2.830414,1.0,0.114170623993112,,,,,,,,BASE,BASE,,,,,,2.53851160154531e-09,5.50670620214078e-14,9.31322574615479e-08,2.23517417907715e-07,684940.191305297,4.36087073277402,9590014.45475904,764693476.334741,7.27595761418343e-12,0.0,2.3888424038887e-07,0.0,0.0,0.0,0.0,0.0,0.0,0.0,0.0,0.0,0.0,-571471671.615054,2043.16383415957,0.0,764693476.334741,0.0,0.0,0.0,353.0,0.0,1064.0,0.0,0.0,0.0,0.0,-575001156.487932,,,,,,BASE,0.0,0,/clusteruy/home/mathiasr/generator-aware-row-scaling/results-revision/r3-hyperparam/simple-gurobi-1pct/win9/resultados/caso35a_base.csv,/clusteruy/home/mathiasr/generator-aware-row-scaling/results-revision/r3-hyperparam/simple-gurobi-1pct/win9/resultados/caso35a_base_postprocesado.csv,/clusteruy/home/mathiasr/generator-aware-row-scaling/results-revision/r3-hyperparam/simple-gurobi-1pct/win9/logs/caso35a_base.log
caso35a.txt,estructurado,OK,0,2.457357377,0.335107750911512,-575313458.6728122,-578784000.0,OPTIMAL,-577241378.6648619,1.0,10532.0,0.22,14400.0,10800.0,35590.0,10026.0,8022.0,26876.0,30.375,25.72222222222222,24.484405731947177,1,Model contains large bounds,1e-05,40000.0,0.003,3000.0,0.4,70000.0,1.0,10000000000.0,0.003999999999999999,1.0,0.00021875,1.0,2182000000000.0,4453000000.0,0.0003317,1.0,0.076515547,2.533872924,1.1798485304321285,1.1798485304321285,1.1442205576052005,0.076515547,0.031137329765771386,0.662334804860734,-3841787.057758808,-0.006722620295248262,-3783000.0,-0.0065791189928365345,0.003999999999999999,0.002040788267644363,193827.0,,0.003896238043193858,2.0,,0.0,2.0,2.0,1.415207,0.140050932504123,,,,,,,,OK,REVISAR,1.9073486328125e-06,0.0,2.384185791015625e-07,764836363.892794,0.0,1.0031295665801e-08,5.58793544769287e-09,2.83288536593319e-07,2.98023223876953e-07,411303.481124738,4.23853011647556,10422696.6387304,764836363.892794,1.45519152283669e-11,0.0,1.9073486328125e-06,0.0,0.0,0.0,0.0,0.0,2.0,0.0,0.0,0.0,0.0,-575313458.672812,1544.18580250544,0.0,764836363.892794,0.0,0.0,0.0,317.0,0.0,1066.0,0.0,0.0,0.0,0.0,-578784353.786226,-575313458.672812,-3841787.0577585697,0.006722620295247845,mejora,-69605.40293693542,DIFIERE,19320000.0,3712,/clusteruy/home/mathiasr/generator-aware-row-scaling/results-revision/r3-hyperparam/simple-gurobi-1pct/win9/resultados/caso35a_estructurado.csv,/clusteruy/home/mathiasr/generator-aware-row-scaling/results-revision/r3-hyperparam/simple-gurobi-1pct/win9/resultados/caso35a_estructurado_postprocesado.csv,/clusteruy/home/mathiasr/generator-aware-row-scaling/results-revision/r3-hyperparam/simple-gurobi-1pct/win9/logs/caso35a_estructurado.log
caso35b.txt,base,OK,0,2.338600344,0.999766353945006,-578489875.292994,-581736000.0,OPTIMAL,-584273422.4271518,1.0,9469.0,0.21,14400.0,10800.0,35590.0,10026.0,8022.0,26876.0,30.375,25.72222222222222,24.484405731947177,3,Model contains large bounds | Model contains large matrix coefficients | Model contains large rhs,0.002,2000000000.0,0.003,3000.0,5.0,4000000000.0,1.0,10000000000.0,,,,,,,,,0.0,2.338600344,1.0,1.0,1.0,0.0,0.0,0.0,,,0.0,,,,91507846.721534,,,2.213015,,0.010041,1.938766,2.213015,1.0,0.149781364264523,,,,,,,,BASE,BASE,,,,,,2.77858827224916e-09,5.6843418860808e-14,9.77888703346252e-08,2.34693288803101e-07,234789.310212279,3.11455150806416,9208879.2450361,37948500.0608958,7.27595761418343e-12,0.0,3.78116965293884e-07,0.0,0.0,0.0,0.0,0.0,0.0,0.0,0.0,0.0,0.0,-578489875.292994,1744.06052541233,0.0,37948500.0608958,0.0,0.0,0.0,899.0,0.0,1060.0,0.0,0.0,0.0,0.0,-581736414.003247,,,,,,BASE,0.0,0,/clusteruy/home/mathiasr/generator-aware-row-scaling/results-revision/r3-hyperparam/simple-gurobi-1pct/win9/resultados/caso35b_base.csv,/clusteruy/home/mathiasr/generator-aware-row-scaling/results-revision/r3-hyperparam/simple-gurobi-1pct/win9/resultados/caso35b_base_postprocesado.csv,/clusteruy/home/mathiasr/generator-aware-row-scaling/results-revision/r3-hyperparam/simple-gurobi-1pct/win9/logs/caso35b_base.log
caso35b.txt,estructurado,OK,0,2.389038165,0.992663831726517,-578489875.2929935,-581736000.0,OPTIMAL,-584232335.0552269,1.0,8578.0,0.22,14400.0,10800.0,35590.0,10026.0,8022.0,26876.0,30.375,25.72222222222222,24.484405731947177,1,Model contains large bounds,1e-05,40000.0,0.003,3000.0,0.4,70000.0,1.0,10000000000.0,0.003999999999999999,1.0,0.00021875,1.0,2182000000000.0,4453000000.0,0.0003317,1.0,0.076283358,2.465321523,0.9788878127863646,0.9788878127863646,0.9485985183604791,0.076283358,0.03193057319785429,0.00710252221848906,4.76837158203125e-07,8.242791768163896e-16,0.0,0.0,0.003999999999999999,0.002040788267644363,3230663.0,,0.03530476473598135,2.0,,,,2.0,1.1065075,0.191355433402789,,,,,,,,OK,REVISAR,9.53790731728077e-07,0.0,4.76837158203125e-07,37948500.0608967,0.0,9.88877504796441e-09,1.30385160446167e-08,3.29675385728481e-07,2.99885869026184e-07,234789.310212283,3.11455150806417,9208879.24503542,37948500.0608967,4.36557456851006e-11,0.0,9.53790731728077e-07,0.0,0.0,0.0,0.0,0.0,0.0,0.0,0.0,0.0,0.0,-578489875.292994,1744.06052541235,0.0,37948500.0608967,0.0,0.0,0.0,899.0,0.0,1060.0,0.0,0.0,0.0,0.0,-581736414.003247,-578489875.292994,0.0,0.0,igual,41087.37192487717,OK,0.0,0,/clusteruy/home/mathiasr/generator-aware-row-scaling/results-revision/r3-hyperparam/simple-gurobi-1pct/win9/resultados/caso35b_estructurado.csv,/clusteruy/home/mathiasr/generator-aware-row-scaling/results-revision/r3-hyperparam/simple-gurobi-1pct/win9/resultados/caso35b_estructurado_postprocesado.csv,/clusteruy/home/mathiasr/generator-aware-row-scaling/results-revision/r3-hyperparam/simple-gurobi-1pct/win9/logs/caso35b_estructurado.log
caso35c.txt,base,OK,0,2.386223705,0.999023982776129,-574548682.0473292,-577948000.0,OPTIMAL,-580288561.1737062,1.0,10534.0,0.21,14400.0,10800.0,35590.0,10026.0,8022.0,26876.0,30.375,25.72222222222222,24.484405731947177,3,Model contains large bounds | Model contains large matrix coefficients | Model contains large rhs,0.002,2000000000.0,0.005,3000.0,5.0,4000000000.0,1.0,10000000000.0,,,,,,,,,0.0,2.386223705,1.0,1.0,1.0,0.0,0.0,0.0,,,0.0,,,,91477059.022769,,,2.400027,,0.010071,1.895465,2.400027,1.0,0.145588740498745,,,,,,,,BASE,BASE,,,,,,2.54058902048049e-09,5.6843418860808e-14,9.22102481126787e-08,2.36555933952332e-07,299632.047372253,2.42494462978557,8122152.07435584,381115111.196027,7.27595761418343e-12,0.0,2.3888424038887e-07,0.0,0.0,0.0,0.0,0.0,0.0,0.0,0.0,0.0,0.0,-574548682.047329,1644.35942249659,0.0,381115111.196027,0.0,0.0,0.0,737.0,0.0,1062.0,0.0,0.0,0.0,0.0,-577948410.058776,,,,,,BASE,0.0,0,/clusteruy/home/mathiasr/generator-aware-row-scaling/results-revision/r3-hyperparam/simple-gurobi-1pct/win9/resultados/caso35c_base.csv,/clusteruy/home/mathiasr/generator-aware-row-scaling/results-revision/r3-hyperparam/simple-gurobi-1pct/win9/resultados/caso35c_base_postprocesado.csv,/clusteruy/home/mathiasr/generator-aware-row-scaling/results-revision/r3-hyperparam/simple-gurobi-1pct/win9/logs/caso35c_base.log
caso35c.txt,estructurado,OK,0,2.297755425,0.34201294467671,-578360222.4272864,-580960000.0,OPTIMAL,-580338289.2548487,1.0,10302.0,0.22,14400.0,10800.0,35590.0,10026.0,8022.0,26876.0,30.375,25.72222222222222,24.484405731947177,1,Model contains large bounds,1e-05,40000.0,0.005,3000.0,0.4,70000.0,1.0,10000000000.0,0.003999999999999999,1.0,0.00021875,1.0,2182000000000.0,4453000000.0,0.0003317,1.0,0.076184236,2.373939661,1.0385020437934553,1.0385020437934553,1.0051745392698084,0.076184236,0.03315593782136321,0.657011038099419,-3811540.379957199,-0.006633972888729416,-3012000.0,-0.0052115415227667545,0.003999999999999999,0.002040788267644363,1473318.0,,0.016105874147454666,2.0,,0.0,2.0,2.0,1.2000135,0.150968611670485,,,,,,,,OK,REVISAR,1.9073486328125e-06,0.0,5.960464477539062e-07,374974530.999343,0.0,9.84263115391142e-09,9.31904651224605e-09,2.85455025732517e-07,2.7194619178772e-07,273134.555694712,3.65715310355208,7385079.30213948,374974530.999343,4.36557456851006e-11,0.0,1.9073486328125e-06,0.0,0.0,0.0,0.0,0.0,1.0,0.0,0.0,0.0,0.0,-578360222.427287,1544.18580250544,0.0,374974530.999343,0.0,0.0,0.0,396.0,0.0,1063.0,0.0,0.0,0.0,0.0,-580960361.494554,-578360222.427287,-3811540.379957795,0.006633972888730453,mejora,-49728.08114254475,DIFIERE,113510000.0,4058,/clusteruy/home/mathiasr/generator-aware-row-scaling/results-revision/r3-hyperparam/simple-gurobi-1pct/win9/resultados/caso35c_estructurado.csv,/clusteruy/home/mathiasr/generator-aware-row-scaling/results-revision/r3-hyperparam/simple-gurobi-1pct/win9/resultados/caso35c_estructurado_postprocesado.csv,/clusteruy/home/mathiasr/generator-aware-row-scaling/results-revision/r3-hyperparam/simple-gurobi-1pct/win9/logs/caso35c_estructurado.log
caso35d.txt,base,OK,0,1.186408746,0.888904078419743,-342065639.85760236,-343692000.0,OPTIMAL,-345106275.2811692,1.0,7308.0,0.22,14400.0,10800.0,35590.0,9648.0,7435.0,25927.0,33.0,31.15740740740741,27.150885080078673,3,Model contains large bounds | Model contains large matrix coefficients | Model contains large rhs,0.002,2000000000.0,0.003,2000.0,5.0,4000000000.0,1.0,10000000000.0,,,,,,,,,0.0,1.186408746,1.0,1.0,1.0,0.0,0.0,0.0,,,0.0,,,,76847944.942896,,,1.088012,,,,1.088012,1.0,0.26684929732071,,,,,,,,BASE,BASE,,,,,,1.78358763388194e-09,2.8421709430404e-14,7.82310962677002e-08,2.19792127609253e-07,249100.858965133,4.83500025507015,11122204.7785609,30571944.2894967,2.8421709430404e-14,0.0,2.38302163779736e-07,0.0,0.0,0.0,0.0,0.0,0.0,0.0,0.0,0.0,0.0,-342065639.857602,56.2295319761761,0.0,30571944.2894967,0.0,0.0,0.0,9.0,0.0,1077.0,0.0,0.0,0.0,0.0,-343691913.832734,,,,,,BASE,0.0,0,/clusteruy/home/mathiasr/generator-aware-row-scaling/results-revision/r3-hyperparam/simple-gurobi-1pct/win9/resultados/caso35d_base.csv,/clusteruy/home/mathiasr/generator-aware-row-scaling/results-revision/r3-hyperparam/simple-gurobi-1pct/win9/resultados/caso35d_base_postprocesado.csv,/clusteruy/home/mathiasr/generator-aware-row-scaling/results-revision/r3-hyperparam/simple-gurobi-1pct/win9/logs/caso35d_base.log
caso35d.txt,estructurado,OK,0,1.794469425,0.834408200910684,-342119226.75339,-343710000.0,OPTIMAL,-344973897.6383125,1.0,7824.0,0.22,14400.0,10800.0,35590.0,9648.0,7435.0,25927.0,33.0,31.15740740740741,27.150885080078673,1,Model contains large bounds,1e-05,40000.0,0.003,2000.0,0.4,70000.0,1.0,10000000000.0,0.003999999999999999,1.0,0.00021875,1.0,2182000000000.0,4453000000.0,0.0003317,1.0,0.076036664,1.870506089,0.6611473728508915,0.6611473728508915,0.6342715230797625,0.076036664,0.042372783253189175,0.05449587750905893,-53586.89578765631,-0.00015665676274870477,-18000.0,-5.237247302817639e-05,0.003999999999999999,0.002040788267644363,2109467.0,,0.02744988173161297,2.0,,0.0,2.0,2.0,0.544006,0.315015828858301,,,,,,,,OK,REVISAR,1.9073486328125e-06,0.0,0.0,30571944.289497,0.0,9.36858884458146e-09,1.45519152283669e-11,2.38418579101562e-07,2.34693288803101e-07,249511.593849723,4.8226537096017,11122204.7785608,30571944.289497,1.45519152283669e-11,0.0,1.9073486328125e-06,0.0,0.0,0.0,0.0,0.0,1.0,0.0,0.0,0.0,0.0,-342119226.75339,56.2295319761906,0.0,30571944.289497,0.0,0.0,0.0,9.0,0.0,1078.0,0.0,0.0,0.0,0.0,-343709731.248785,-342119226.75339,-53586.89578765631,0.00015665676274870477,mejora,132377.6428566575,DIFIERE,35.43399999999997,35,/clusteruy/home/mathiasr/generator-aware-row-scaling/results-revision/r3-hyperparam/simple-gurobi-1pct/win9/resultados/caso35d_estructurado.csv,/clusteruy/home/mathiasr/generator-aware-row-scaling/results-revision/r3-hyperparam/simple-gurobi-1pct/win9/resultados/caso35d_estructurado_postprocesado.csv,/clusteruy/home/mathiasr/generator-aware-row-scaling/results-revision/r3-hyperparam/simple-gurobi-1pct/win9/logs/caso35d_estructurado.log
caso35e.txt,base,OK,0,1.112565373,0.822799390311338,-349736087.26386905,-352727000.0,OPTIMAL,-352613713.6575749,1.0,5892.0,0.21,14400.0,10800.0,35590.0,9648.0,7435.0,25927.0,33.0,31.15740740740741,27.150885080078673,3,Model contains large bounds | Model contains large matrix coefficients | Model contains large rhs,0.002,2000000000.0,0.003,2000.0,5.0,4000000000.0,1.0,10000000000.0,,,,,,,,,0.0,1.112565373,1.0,1.0,1.0,0.0,0.0,0.0,,,0.0,,,,8570971.424954,,,1.026325,,,,1.026325,1.0,0.301511427465498,,,,,,,,BASE,BASE,,,,,,1.82277278103832e-09,2.8421709430404e-14,7.73090869188311e-08,2.47731804847717e-07,947220.390264901,1.94197531642301,45727278.8084794,82592473.0434008,7.27595761418343e-12,0.0,2.47731804847717e-07,0.0,0.0,0.0,0.0,0.0,0.0,0.0,0.0,0.0,0.0,-349736087.263869,5.29838498634282,0.0,82592473.0434008,0.0,0.0,0.0,61.0,0.0,1080.0,0.0,0.0,0.0,0.0,-352726788.413335,,,,,,BASE,0.0,0,/clusteruy/home/mathiasr/generator-aware-row-scaling/results-revision/r3-hyperparam/simple-gurobi-1pct/win9/resultados/caso35e_base.csv,/clusteruy/home/mathiasr/generator-aware-row-scaling/results-revision/r3-hyperparam/simple-gurobi-1pct/win9/resultados/caso35e_base_postprocesado.csv,/clusteruy/home/mathiasr/generator-aware-row-scaling/results-revision/r3-hyperparam/simple-gurobi-1pct/win9/logs/caso35e_base.log
caso35e.txt,estructurado,OK,0,1.182998305,0.822799390311781,-349736087.26386905,-352727000.0,OPTIMAL,-352613713.65757644,1.0,6439.0,0.22,14400.0,10800.0,35590.0,9648.0,7435.0,25927.0,33.0,31.15740740740741,27.150885080078673,1,Model contains large bounds,1e-05,40000.0,0.003,2000.0,0.4,70000.0,1.0,10000000000.0,0.003999999999999999,1.0,0.00021875,1.0,2182000000000.0,4453000000.0,0.0003317,1.0,0.077163418,1.260161723,0.9404623559456411,0.9404623559456411,0.8828750728528516,0.077163418,0.06522698948414808,-4.4297898682543746e-13,0.0,0.0,0.0,0.0,0.003999999999999999,0.002040788267644363,51494.0,,0.006007953760069427,1.0,,,,1.0,1.026325,0.315022748816901,,,,,,,,OK,REVISAR,1.9073486328125e-06,0.0,5.960464477539063e-08,82592473.0434009,0.0,9.80189934253473e-09,5.82076609134674e-11,3.69930639863018e-07,2.45869159698486e-07,947220.390264917,1.94197531642309,45727278.80848,82592473.0434009,4.36557456851006e-11,0.0,1.9073486328125e-06,0.0,0.0,0.0,0.0,0.0,1.0,0.0,0.0,0.0,0.0,-349736087.263869,5.29838498634282,0.0,82592473.0434009,0.0,0.0,0.0,61.0,0.0,1081.0,0.0,0.0,0.0,0.0,-352726788.413335,-349736087.263869,5.960464477539063e-08,1.7042749360439915e-16,igual,-1.5497207641601562e-06,OK,0.0,0,/clusteruy/home/mathiasr/generator-aware-row-scaling/results-revision/r3-hyperparam/simple-gurobi-1pct/win9/resultados/caso35e_estructurado.csv,/clusteruy/home/mathiasr/generator-aware-row-scaling/results-revision/r3-hyperparam/simple-gurobi-1pct/win9/resultados/caso35e_estructurado_postprocesado.csv,/clusteruy/home/mathiasr/generator-aware-row-scaling/results-revision/r3-hyperparam/simple-gurobi-1pct/win9/logs/caso35e_estructurado.log
caso35f.txt,base,OK,0,1.118063777,0.866030591133542,-345456684.5873625,-348458000.0,OPTIMAL,-348448445.1550048,1.0,6767.0,0.21,14400.0,10800.0,35590.0,9648.0,7435.0,25927.0,33.0,31.15740740740741,27.150885080078673,3,Model contains large bounds | Model contains large matrix coefficients | Model contains large rhs,0.002,2000000000.0,0.005,2000.0,5.0,4000000000.0,1.0,10000000000.0,,,,,,,,,0.0,1.118063777,1.0,1.0,1.0,0.0,0.0,0.0,,,0.0,,,,854179.194884,,,1.097181,,,,1.097181,1.0,0.284542996294192,,,,,,,,BASE,BASE,,,,,,1.87097288100673e-09,2.8421709430404e-14,8.00937414169312e-08,2.49594449996948e-07,928089.663953029,2.04691424324951,44840761.9209196,77146425.6215829,2.8421709430404e-14,0.0,2.49594449996948e-07,0.0,0.0,0.0,0.0,0.0,0.0,0.0,0.0,0.0,0.0,-345456684.587362,5.39277591614929,0.0,77146425.6215829,0.0,0.0,0.0,81.0,0.0,1077.0,0.0,0.0,0.0,0.0,-348458252.467815,,,,,,BASE,0.0,0,/clusteruy/home/mathiasr/generator-aware-row-scaling/results-revision/r3-hyperparam/simple-gurobi-1pct/win9/resultados/caso35f_base.csv,/clusteruy/home/mathiasr/generator-aware-row-scaling/results-revision/r3-hyperparam/simple-gurobi-1pct/win9/resultados/caso35f_base_postprocesado.csv,/clusteruy/home/mathiasr/generator-aware-row-scaling/results-revision/r3-hyperparam/simple-gurobi-1pct/win9/logs/caso35f_base.log
caso35f.txt,estructurado,OK,0,1.651096684,0.806721287159139,-345510271.4831501,-348458000.0,OPTIMAL,-348297576.39252603,1.0,7511.0,0.22,14400.0,10800.0,35590.0,9648.0,7435.0,25927.0,33.0,31.15740740740741,27.150885080078673,1,Model contains large bounds,1e-05,40000.0,0.005,2000.0,0.4,70000.0,1.0,10000000000.0,0.003999999999999999,1.0,0.00021875,1.0,2182000000000.0,4453000000.0,0.0003317,1.0,0.075685314,1.726781998,0.6771643283125871,0.6771643283125871,0.6474840357931505,0.075685314,0.04583941978288172,0.05930930397440293,-53586.8957875967,-0.00015511900095841136,0.0,0.0,0.003999999999999999,0.002040788267644363,15270.0,,0.017876810968304735,2.0,,0.0,1.0,2.0,0.5485905,0.324022609776908,,,,,,,,OK,REVISAR,1.9073486328125e-06,0.0,1.1920928955078125e-07,77146425.6215856,0.0,1.01556602889587e-08,1.16415321826935e-10,4.76604327559471e-07,2.47731804847717e-07,928089.661627232,2.0469142432496,44840761.92092,77146425.6215856,4.36557456851006e-11,0.0,1.9073486328125e-06,0.0,0.0,0.0,0.0,0.0,1.0,0.0,0.0,0.0,0.0,-345510271.48315,5.3927759161493,0.0,77146425.6215856,0.0,0.0,0.0,81.0,0.0,1078.0,0.0,0.0,0.0,0.0,-348458252.467815,-345510271.48315,-53586.89578747749,0.00015511900095806628,mejora,150868.76247876883,DIFIERE,4.18648,16,/clusteruy/home/mathiasr/generator-aware-row-scaling/results-revision/r3-hyperparam/simple-gurobi-1pct/win9/resultados/caso35f_estructurado.csv,/clusteruy/home/mathiasr/generator-aware-row-scaling/results-revision/r3-hyperparam/simple-gurobi-1pct/win9/resultados/caso35f_estructurado_postprocesado.csv,/clusteruy/home/mathiasr/generator-aware-row-scaling/results-revision/r3-hyperparam/simple-gurobi-1pct/win9/logs/caso35f_estructurado.log
caso42a.txt,base,OK,0,1.249348352,0.554521013496997,-410319960.83649385,-410408000.0,OPTIMAL,-412595271.24190485,1.0,0.0,0.22,14400.0,10800.0,35590.0,9798.0,8177.0,26122.0,31.958333333333332,24.287037037037038,26.602978364709188,4,Model contains large bounds | Model contains large matrix coefficients | Model contains large rhs | max constraint violation (1.3886e-06) exceeds tolerance,0.003,2000000000.0,0.003,3000.0,5.0,7000000000.0,1.0,10000000000.0,,,,,,,,,0.0,1.249348352,1.0,1.0,1.0,0.0,0.0,0.0,,,0.0,,,,35241740.498672,,,0.846316,,,,0.846316,1.0,0.368688804603347,,,,,,,,BASE,BASE,,,,,,4.32852812703421e-09,4.7447734630168e-11,1.22934579849243e-07,1.38863651244492e-06,156603.779426017,3.54690075907976,6889653.13984736,30078686.1671389,1.81898940354586e-12,0.0,1.38863651244492e-06,0.0,0.0,0.0,0.0,0.0,1.0,0.0,0.0,0.0,0.0,-410319960.836494,2013.31160348411,0.0,30078686.1671389,0.0,0.0,0.0,1363.0,0.0,1044.0,0.0,0.0,0.0,0.0,-410408023.236157,,,,,,BASE,0.0,0,/clusteruy/home/mathiasr/generator-aware-row-scaling/results-revision/r3-hyperparam/simple-gurobi-1pct/win9/resultados/caso42a_base.csv,/clusteruy/home/mathiasr/generator-aware-row-scaling/results-revision/r3-hyperparam/simple-gurobi-1pct/win9/resultados/caso42a_base_postprocesado.csv,/clusteruy/home/mathiasr/generator-aware-row-scaling/results-revision/r3-hyperparam/simple-gurobi-1pct/win9/logs/caso42a_base.log
caso42a.txt,estructurado,OK,0,1.24933111,0.554521012923527,-410319960.838835,-410410000.0,OPTIMAL,-412595271.2419059,1.0,0.0,0.23,14400.0,10800.0,35590.0,9799.0,8178.0,26123.0,31.95138888888889,24.27777777777778,26.60016858668165,1,Model contains large bounds,1e-05,40000.0,0.003,3000.0,0.2,80000.0,1.0,10000000000.0,0.005999999999999999,1.0,0.00028571428571428574,1.0,2609000000000.0,6594000000.0,0.000245,1.0,0.075944238,1.325275348,1.0000138009850728,1.0000138009850728,0.9427085125256551,0.075944238,0.060787918744775356,5.734700492254774e-10,-0.002341151237487793,-5.705672306838384e-12,-2000.0,-4.873199352839126e-06,0.005999999999999999,0.002527405136067459,651663.0,,0.01849122633499206,1.0,,,,1.0,0.846316,0.359794751888314,,,,,,,,REVISAR,REVISAR,0.000247817486524582,0.0,0.0,30078686.1671384,0.0,8.21416221501276e-08,2.98023223876953e-08,4.57088463008405e-07,0.000247817486524582,156326.261150768,3.50466267846528,6889653.14184358,30078686.1671384,7.27595761418343e-12,0.0,0.000247817486524582,0.0,0.0,0.0,0.0,0.0,13.0,0.0,0.0,0.0,0.0,-410319960.838835,2013.31160348411,0.0,30078686.1671384,0.0,0.0,0.0,1363.0,0.0,1051.0,0.0,0.0,0.0,0.0,-410409592.819161,-410319960.838835,-0.002341151237487793,5.705672306838384e-12,igual,-1.0728836059570312e-06,DIFIERE,260000.0,343,/clusteruy/home/mathiasr/generator-aware-row-scaling/results-revision/r3-hyperparam/simple-gurobi-1pct/win9/resultados/caso42a_estructurado.csv,/clusteruy/home/mathiasr/generator-aware-row-scaling/results-revision/r3-hyperparam/simple-gurobi-1pct/win9/resultados/caso42a_estructurado_postprocesado.csv,/clusteruy/home/mathiasr/generator-aware-row-scaling/results-revision/r3-hyperparam/simple-gurobi-1pct/win9/logs/caso42a_estructurado.log
caso42b.txt,base,OK,0,2.36020234,0.015902717425881,-424503668.31637233,-424606000.0,OPTIMAL,-424571175.9352072,1.0,11747.0,0.21,14400.0,10800.0,35590.0,9798.0,8177.0,26122.0,31.958333333333332,24.287037037037038,26.602978364709188,4,Model contains large bounds | Model contains large matrix coefficients | Model contains large rhs | max constraint violation (1.3937e-06) exceeds tolerance,0.003,2000000000.0,0.003,3000.0,5.0,7000000000.0,1.0,10000000000.0,,,,,,,,,0.0,2.36020234,1.0,1.0,1.0,0.0,0.0,0.0,,,0.0,,,,35241740.498672,,,2.379851,,,,2.379851,1.0,0.15821291214554,,,,,,,,BASE,BASE,,,,,,4.52523174260988e-09,6.98491930961609e-10,1.19209289550781e-07,1.39368746943092e-06,110975.779332657,3.64198779075857,5193562.24490782,17315140.0586028,3.63797880709171e-12,0.0,1.39368746943092e-06,0.0,0.0,0.0,0.0,0.0,1.0,0.0,0.0,0.0,0.0,-424503668.316372,1984.42825263451,0.0,17315140.0586028,0.0,0.0,0.0,1397.0,0.0,1031.0,0.0,0.0,0.0,0.0,-424605525.054379,,,,,,BASE,0.0,0,/clusteruy/home/mathiasr/generator-aware-row-scaling/results-revision/r3-hyperparam/simple-gurobi-1pct/win9/resultados/caso42b_base.csv,/clusteruy/home/mathiasr/generator-aware-row-scaling/results-revision/r3-hyperparam/simple-gurobi-1pct/win9/resultados/caso42b_base_postprocesado.csv,/clusteruy/home/mathiasr/generator-aware-row-scaling/results-revision/r3-hyperparam/simple-gurobi-1pct/win9/logs/caso42b_base.log
caso42b.txt,estructurado,OK,0,2.318947592,0.015911009817643,-424503668.3163226,-424606000.0,OPTIMAL,-424571211.1366647,1.0,10758.0,0.22,14400.0,10800.0,35590.0,9799.0,8178.0,26123.0,31.95138888888889,24.27777777777778,26.60016858668165,1,Model contains large bounds,1e-05,40000.0,0.003,3000.0,0.2,80000.0,1.0,10000000000.0,0.005999999999999999,1.0,0.00028571428571428574,1.0,2609000000000.0,6594000000.0,0.000245,1.0,0.075685188,2.39463278,1.0177902890700603,1.0177902890700603,0.9856218288300556,0.075685188,0.03263773112471444,-8.292391761997864e-06,4.971027374267578e-05,1.171021064195561e-13,0.0,0.0,0.005999999999999999,0.002527405136067459,651663.0,,0.01849122633499206,2.0,,,,2.0,1.1899255,0.168522193019606,,,,,,,,OK,REVISAR,1.9073486328125e-06,0.0,3.5762786865234375e-07,17315140.0586028,0.0,1.45890037373213e-08,2.98023223876953e-08,4.65284101665022e-07,1.9073486328125e-06,110975.779329581,3.64198779075857,5193562.24543872,17315140.0586028,2.91038304567337e-11,0.0,1.9073486328125e-06,0.0,0.0,0.0,0.0,0.0,8.0,0.0,0.0,0.0,0.0,-424503668.316323,1984.42825263453,0.0,17315140.0586028,0.0,0.0,0.0,1397.0,0.0,1039.0,0.0,0.0,0.0,0.0,-424605525.058732,-424503668.316323,4.935264587402344e-05,1.162596452222931e-13,igual,-35.201457500457764,OK,0.0,0,/clusteruy/home/mathiasr/generator-aware-row-scaling/results-revision/r3-hyperparam/simple-gurobi-1pct/win9/resultados/caso42b_estructurado.csv,/clusteruy/home/mathiasr/generator-aware-row-scaling/results-revision/r3-hyperparam/simple-gurobi-1pct/win9/resultados/caso42b_estructurado_postprocesado.csv,/clusteruy/home/mathiasr/generator-aware-row-scaling/results-revision/r3-hyperparam/simple-gurobi-1pct/win9/logs/caso42b_estructurado.log
caso42c.txt,base,OK,0,1.251488995,0.800797071910596,-417298174.24585986,-417391000.0,OPTIMAL,-420639885.8063571,1.0,0.0,0.21,14400.0,10800.0,35590.0,9798.0,8177.0,26122.0,31.958333333333332,24.287037037037038,26.602978364709188,4,Model contains large bounds | Model contains large matrix coefficients | Model contains large rhs | max constraint violation (8.7980e-06) exceeds tolerance,0.003,2000000000.0,0.005,3000.0,5.0,7000000000.0,1.0,10000000000.0,,,,,,,,,0.0,1.251488995,1.0,1.0,1.0,0.0,0.0,0.0,,,0.0,,,,35241740.498672,,,0.846328,,,,0.846328,1.0,0.371775135504267,,,,,,,,BASE,BASE,,,,,,4.89092144555286e-09,2.52157406066542e-11,1.23183708637953e-07,8.79799845421303e-06,146019.182342723,3.40190006653736,6889653.13983925,17315140.0586028,7.27595761418343e-12,0.0,8.79799845421303e-06,0.0,0.0,0.0,0.0,0.0,2.0,0.0,0.0,0.0,0.0,-417298174.24586,2110.37860224099,0.0,17315140.0586028,0.0,0.0,0.0,1385.0,0.0,1039.0,0.0,0.0,0.0,0.0,-417390757.264843,,,,,,BASE,0.0,0,/clusteruy/home/mathiasr/generator-aware-row-scaling/results-revision/r3-hyperparam/simple-gurobi-1pct/win9/resultados/caso42c_base.csv,/clusteruy/home/mathiasr/generator-aware-row-scaling/results-revision/r3-hyperparam/simple-gurobi-1pct/win9/resultados/caso42c_base_postprocesado.csv,/clusteruy/home/mathiasr/generator-aware-row-scaling/results-revision/r3-hyperparam/simple-gurobi-1pct/win9/logs/caso42c_base.log
caso42c.txt,estructurado,OK,0,1.197528258,0.800797071014788,-417298174.24956995,-417392000.0,OPTIMAL,-420639885.8063587,1.0,0.0,0.22,14400.0,10800.0,35590.0,9799.0,8178.0,26123.0,31.95138888888889,24.27777777777778,26.60016858668165,1,Model contains large bounds,1e-05,40000.0,0.005,3000.0,0.2,80000.0,1.0,10000000000.0,0.005999999999999999,1.0,0.00028571428571428574,1.0,2609000000000.0,6594000000.0,0.000245,1.0,0.074333214,1.2718614719999999,1.0450600949409914,1.0450600949409914,0.9839821572958224,0.074333214,0.0620722003872747,8.958079833476518e-10,-0.0037100911140441895,-8.890743700829883e-12,-1000.0,-2.3958350802964126e-06,0.005999999999999999,0.002527405136067459,651663.0,,0.01849122633499206,1.0,,,,1.0,0.846328,0.369345768361118,,,,,,,,REVISAR,REVISAR,0.000247817486524582,0.0,5.960464477539063e-08,17315140.0586028,0.0,8.19659145247337e-08,2.98023223876953e-08,4.46178019046785e-07,0.000247817486524582,145741.664081355,3.39395010247259,6889653.14184352,17315140.0586028,7.27595761418343e-12,0.0,0.000247817486524582,0.0,0.0,0.0,0.0,0.0,11.0,0.0,0.0,0.0,0.0,-417298174.24957,2110.37860224098,0.0,17315140.0586028,0.0,0.0,0.0,1385.0,0.0,1044.0,0.0,0.0,0.0,0.0,-417392326.818442,-417298174.24957,-0.003710150718688965,8.890886535494528e-12,igual,-1.6093254089355469e-06,DIFIERE,260000.0,343,/clusteruy/home/mathiasr/generator-aware-row-scaling/results-revision/r3-hyperparam/simple-gurobi-1pct/win9/resultados/caso42c_estructurado.csv,/clusteruy/home/mathiasr/generator-aware-row-scaling/results-revision/r3-hyperparam/simple-gurobi-1pct/win9/resultados/caso42c_estructurado_postprocesado.csv,/clusteruy/home/mathiasr/generator-aware-row-scaling/results-revision/r3-hyperparam/simple-gurobi-1pct/win9/logs/caso42c_estructurado.log
caso42d.txt,base,OK,0,1.383507121,0.614656124733155,-313356460.8440429,-315937000.0,OPTIMAL,-315282525.52286786,1.0,7564.0,0.21,14400.0,10800.0,35590.0,9565.0,7727.0,25510.0,33.576388888888886,28.453703703703702,28.322562517561114,3,Model contains large bounds | Model contains large matrix coefficients | Model contains large rhs,0.003,2000000000.0,0.003,2000.0,5.0,7000000000.0,1.0,10000000000.0,,,,,,,,,0.0,1.383507121,1.0,1.0,1.0,0.0,0.0,0.0,,,0.0,,,,1461247.31947,,,1.324434,,,,1.324434,1.0,0.226041204468809,,,,,,,,BASE,BASE,,,,,,1.68052146292728e-09,2.8421709430404e-14,5.6358985602856e-08,2.60770320892334e-07,600210.147711432,5.76465188648863,23658470.2612929,319812946.148909,7.27595761418343e-12,0.0,4.76837158203125e-07,0.0,0.0,0.0,0.0,0.0,0.0,0.0,0.0,0.0,0.0,-313356460.844043,1890.20223920709,0.0,319812946.148909,0.0,0.0,0.0,604.0,0.0,1052.0,0.0,0.0,0.0,0.0,-315937067.707829,,,,,,BASE,0.0,0,/clusteruy/home/mathiasr/generator-aware-row-scaling/results-revision/r3-hyperparam/simple-gurobi-1pct/win9/resultados/caso42d_base.csv,/clusteruy/home/mathiasr/generator-aware-row-scaling/results-revision/r3-hyperparam/simple-gurobi-1pct/win9/resultados/caso42d_base_postprocesado.csv,/clusteruy/home/mathiasr/generator-aware-row-scaling/results-revision/r3-hyperparam/simple-gurobi-1pct/win9/logs/caso42d_base.log
caso42d.txt,estructurado,OK,0,1.398556898,0.614663688088207,-313356460.84404284,-315930000.0,OPTIMAL,-315282549.2231295,1.0,7681.0,0.22,14400.0,10800.0,35590.0,9566.0,7728.0,25511.0,33.56944444444444,28.444444444444443,28.319752739533577,1,Model contains large bounds,1e-05,40000.0,0.003,2000.0,0.2,80000.0,1.0,10000000000.0,0.005999999999999999,1.0,0.00028571428571428574,1.0,2609000000000.0,6594000000.0,0.000245,1.0,0.075012058,1.473568956,0.9892390670543888,0.9892390670543888,0.9388818320084099,0.075012058,0.05363532803511295,-7.5633550520315396e-06,5.960464477539063e-08,1.9021354981748972e-16,7000.0,2.21563159743873e-05,0.005999999999999999,0.002527405136067459,11650.0,,0.007972640801302205,1.0,,,,1.0,1.324434,0.251952439627479,,,,,,,,OK,REVISAR,2.14576721191406e-06,0.0,1.7881393432617188e-07,319812946.148909,0.0,1.08736022043616e-08,4.65661287307739e-10,2.38418579101562e-07,3.10130417346954e-07,596775.465299224,5.68277655327267,23528940.5689226,319812946.148909,7.27595761418343e-12,0.0,2.14576721191406e-06,0.0,0.0,0.0,0.0,0.0,3.0,0.0,0.0,0.0,0.0,-313356460.844043,1890.20223920709,0.0,319812946.148909,0.0,0.0,0.0,599.0,0.0,1055.0,0.0,0.0,0.0,0.0,-315930040.519802,-313356460.844043,-1.1920928955078125e-07,3.8042709963497945e-16,igual,-23.700261652469635,DIFIERE,145.987,15,/clusteruy/home/mathiasr/generator-aware-row-scaling/results-revision/r3-hyperparam/simple-gurobi-1pct/win9/resultados/caso42d_estructurado.csv,/clusteruy/home/mathiasr/generator-aware-row-scaling/results-revision/r3-hyperparam/simple-gurobi-1pct/win9/resultados/caso42d_estructurado_postprocesado.csv,/clusteruy/home/mathiasr/generator-aware-row-scaling/results-revision/r3-hyperparam/simple-gurobi-1pct/win9/logs/caso42d_estructurado.log
caso42e.txt,base,OK,0,1.669974167,0.832867422478845,-326000707.35474753,-328235000.0,OPTIMAL,-328715861.0433558,1.0,7832.0,0.21,14400.0,10800.0,35590.0,9565.0,7727.0,25510.0,33.576388888888886,28.453703703703702,28.322562517561114,3,Model contains large bounds | Model contains large matrix coefficients | Model contains large rhs,0.003,2000000000.0,0.003,2000.0,5.0,7000000000.0,1.0,10000000000.0,,,,,,,,,0.0,1.669974167,1.0,1.0,1.0,0.0,0.0,0.0,,,0.0,,,,60387539.743249,,,1.550476,,,,1.550476,1.0,0.239704868305778,,,,,,,,BASE,BASE,,,,,,2.27970931327063e-09,5.6843418860808e-14,7.26617872715e-08,2.30967998504639e-07,248876.051971294,3.230022004033,4121284.95886302,48428068.3457326,4.76837158203125e-07,0.0,4.61004674434662e-07,0.0,0.0,0.0,0.0,0.0,0.0,0.0,0.0,0.0,0.0,-326000707.354748,1883.57327343833,0.0,48428068.3457326,0.0,0.0,0.0,1004.0,0.0,1058.0,0.0,0.0,0.0,0.0,-328234927.601239,,,,,,BASE,0.0,0,/clusteruy/home/mathiasr/generator-aware-row-scaling/results-revision/r3-hyperparam/simple-gurobi-1pct/win9/resultados/caso42e_base.csv,/clusteruy/home/mathiasr/generator-aware-row-scaling/results-revision/r3-hyperparam/simple-gurobi-1pct/win9/resultados/caso42e_base_postprocesado.csv,/clusteruy/home/mathiasr/generator-aware-row-scaling/results-revision/r3-hyperparam/simple-gurobi-1pct/win9/logs/caso42e_base.log
caso42e.txt,estructurado,OK,0,1.782018487,0.832880264298575,-326000707.3547476,-328236000.0,OPTIMAL,-328715902.90777904,1.0,8479.0,0.22,14400.0,10800.0,35590.0,9566.0,7728.0,25511.0,33.56944444444444,28.444444444444443,28.319752739533577,1,Model contains large bounds,1e-05,40000.0,0.003,2000.0,0.2,80000.0,1.0,10000000000.0,0.005999999999999999,1.0,0.00028571428571428574,1.0,2609000000000.0,6594000000.0,0.000245,1.0,0.075046727,1.857065214,0.9371250518345492,0.9371250518345492,0.8992544550457559,0.075046727,0.042113326852371756,-1.2841819729936255e-05,-5.960464477539063e-08,-1.8283593694945584e-16,-1000.0,-3.046597712005118e-06,0.005999999999999999,0.002527405136067459,2799872.0,,0.04636506159887083,2.0,,,,2.0,0.775238,0.23360850094988,,,,,,,,OK,REVISAR,1.4016404747963e-06,0.0,4.172325134277344e-07,48428068.3457326,0.0,1.05314598517658e-08,4.65661287307739e-10,2.38418579101562e-07,3.54833900928497e-07,249043.950295075,3.230022004033,4121976.35589611,48428068.3457326,4.76837158203125e-07,0.0,1.4016404747963e-06,0.0,0.0,0.0,0.0,0.0,4.0,0.0,0.0,0.0,0.0,-326000707.354748,1883.57327343832,0.0,48428068.3457326,0.0,0.0,0.0,1007.0,0.0,1062.0,0.0,0.0,0.0,0.0,-328236190.69448,-326000707.354748,-4.76837158203125e-07,1.4626874955956467e-15,igual,-41.86442321538925,DIFIERE,356.72,10,/clusteruy/home/mathiasr/generator-aware-row-scaling/results-revision/r3-hyperparam/simple-gurobi-1pct/win9/resultados/caso42e_estructurado.csv,/clusteruy/home/mathiasr/generator-aware-row-scaling/results-revision/r3-hyperparam/simple-gurobi-1pct/win9/resultados/caso42e_estructurado_postprocesado.csv,/clusteruy/home/mathiasr/generator-aware-row-scaling/results-revision/r3-hyperparam/simple-gurobi-1pct/win9/logs/caso42e_estructurado.log
caso42f.txt,base,OK,0,1.543027945,0.604310927122172,-319721586.3956854,-322768000.0,OPTIMAL,-321653698.87864286,1.0,8057.0,0.22,14400.0,10800.0,35590.0,9565.0,7727.0,25510.0,33.576388888888886,28.453703703703702,28.322562517561114,3,Model contains large bounds | Model contains large matrix coefficients | Model contains large rhs,0.003,2000000000.0,0.005,2000.0,5.0,7000000000.0,1.0,10000000000.0,,,,,,,,,0.0,1.543027945,1.0,1.0,1.0,0.0,0.0,0.0,,,0.0,,,,4226603.159733,,,1.477927,,,,1.477927,1.0,0.245253709778592,,,,,,,,BASE,BASE,,,,,,1.97548652050302e-09,2.8421709430404e-14,5.58793544769287e-08,2.38418579101562e-07,396682.944363849,5.00156935950067,7053462.01260685,319812946.148909,7.27595761418343e-12,0.0,2.38476786762476e-07,0.0,0.0,0.0,0.0,0.0,0.0,0.0,0.0,0.0,0.0,-319721586.395686,1890.20223920709,0.0,319812946.148909,0.0,0.0,0.0,754.0,0.0,1052.0,0.0,0.0,0.0,0.0,-322768257.127111,,,,,,BASE,0.0,0,/clusteruy/home/mathiasr/generator-aware-row-scaling/results-revision/r3-hyperparam/simple-gurobi-1pct/win9/resultados/caso42f_base.csv,/clusteruy/home/mathiasr/generator-aware-row-scaling/results-revision/r3-hyperparam/simple-gurobi-1pct/win9/resultados/caso42f_base_postprocesado.csv,/clusteruy/home/mathiasr/generator-aware-row-scaling/results-revision/r3-hyperparam/simple-gurobi-1pct/win9/logs/caso42f_base.log
caso42f.txt,estructurado,OK,0,1.449852003,0.604320688638399,-319721586.39568526,-322841000.0,OPTIMAL,-321653730.0883173,1.0,7758.0,0.22,14400.0,10800.0,35590.0,9566.0,7728.0,25511.0,33.56944444444444,28.444444444444443,28.319752739533577,1,Model contains large bounds,1e-05,40000.0,0.005,2000.0,0.2,80000.0,1.0,10000000000.0,0.005999999999999999,1.0,0.00028571428571428574,1.0,2609000000000.0,6594000000.0,0.000245,1.0,0.074774279,1.5246262819999998,1.0642658297586254,1.0642658297586254,1.012069622055748,0.074774279,0.051573732246656075,-9.761516227002609e-06,1.1920928955078125e-07,3.7285342818000595e-16,-73000.0,-0.00022616864125316017,0.005999999999999999,0.002527405136067459,52950.0,,0.012527790757470809,1.0,,,,1.0,1.477927,0.255018447346467,,,,,,,,OK,REVISAR,2.16066837310791e-06,0.0,7.152557373046875e-07,319812946.148909,0.0,1.02890517682021e-08,3.49245965480804e-10,2.38418579101562e-07,2.16066837310791e-06,414725.83998533,5.07074914982431,7056836.04784221,319812946.148909,7.27595761418343e-12,0.0,2.16066837310791e-06,0.0,0.0,0.0,0.0,0.0,2.0,0.0,0.0,0.0,0.0,-319721586.395686,1890.20223920709,0.0,319812946.148909,0.0,0.0,0.0,756.0,0.0,1053.0,0.0,0.0,0.0,0.0,-322840717.712083,-319721586.395686,-5.960464477539062e-07,1.86426714090003e-15,igual,-31.209674417972565,DIFIERE,258.21000000000004,35,/clusteruy/home/mathiasr/generator-aware-row-scaling/results-revision/r3-hyperparam/simple-gurobi-1pct/win9/resultados/caso42f_estructurado.csv,/clusteruy/home/mathiasr/generator-aware-row-scaling/results-revision/r3-hyperparam/simple-gurobi-1pct/win9/resultados/caso42f_estructurado_postprocesado.csv,/clusteruy/home/mathiasr/generator-aware-row-scaling/results-revision/r3-hyperparam/simple-gurobi-1pct/win9/logs/caso42f_estructurado.log
caso43a.txt,base,OK,0,64.549251212,0.769077971176553,-373044739.4059459,-377657000.0,OPTIMAL,-375913744.31935,8995.0,495099.0,0.26,14400.0,10800.0,35590.0,11806.0,9203.0,31572.0,18.01388888888889,14.787037037037036,11.289688114638944,4,Model contains large bounds | Model contains large matrix coefficients | Model contains large rhs | max constraint violation (1.3839e-06) exceeds tolerance,0.003,1000000000.0,0.003,3000.0,5.0,7000000000.0,1.0,10000000000.0,,,,,,,,,0.0,64.549251212,1.0,1.0,1.0,0.0,0.0,0.0,,,0.0,,,,52692256.902741,,,79.734981,,3.410715,5.301505,79.734981,1.0,0.502322921414652,,,,,,,,BASE,BASE,,,,,,2.82719242239703e-09,5.45230527393397e-14,8.66199843585493e-08,2.12341547012329e-07,419226.254773887,22.4988353533796,15351344.5880242,229208046.474607,3.63797880709171e-12,0.0,1.3839453458786e-06,0.0,0.0,0.0,0.0,0.0,2.0,0.0,0.0,0.0,0.0,-373044739.405946,1569.784579963,0.0,229208046.474607,0.0,0.0,0.0,1399.0,0.0,903.0,0.0,0.0,0.0,0.0,-377656565.174206,,,,,,BASE,0.0,0,/clusteruy/home/mathiasr/generator-aware-row-scaling/results-revision/r3-hyperparam/simple-gurobi-1pct/win9/resultados/caso43a_base.csv,/clusteruy/home/mathiasr/generator-aware-row-scaling/results-revision/r3-hyperparam/simple-gurobi-1pct/win9/resultados/caso43a_base_postprocesado.csv,/clusteruy/home/mathiasr/generator-aware-row-scaling/results-revision/r3-hyperparam/simple-gurobi-1pct/win9/logs/caso43a_base.log
caso43a.txt,estructurado,OK,0,1.303708626,0.638609462192337,-375858156.69604325,-375567000.0,OPTIMAL,-378258422.4491259,1.0,0.0,0.27,14400.0,10800.0,35590.0,11807.0,9204.0,31569.0,18.006944444444443,14.777777777777779,11.298117448721552,1,Model contains large bounds,1e-05,40000.0,0.003,3000.0,2.0,80000.0,1.0,10000000000.0,0.011999999999999999,1.0,2.857142857142857e-05,1.0,2608000000000.0,6588000000.0,0.0002451,1.0,0.075691775,1.3794004009999998,49.5120227976462,49.5120227976462,46.79515183930993,0.075691775,0.05805881275192238,0.13046850898421591,-2813417.290097356,-0.007541769104096133,2090000.0,0.0055341222326078954,0.011999999999999999,0.002526073619631902,878474.0,,0.016671785412826046,1.0,,,,1.0,79.734981,0.361023662132244,,,,,,,,REVISAR,REVISAR,0.000103958416730165,0.0,2.384185791015625e-07,91339998.5717304,0.0,2.51327682573912e-08,3.26195731759068e-08,3.32717318087816e-07,2.36444175243378e-05,630133.30311364,4.43632266912013,25127146.2741723,91339998.5717304,1.45519152283669e-11,0.0,0.000103958416730165,0.0,0.0,0.0,0.0,0.0,7.0,0.0,0.0,0.0,0.0,-375858156.696043,3089.42115301527,0.0,91339998.5717304,0.0,0.0,0.0,1289.0,0.0,1008.0,0.0,0.0,0.0,0.0,-375567475.217245,-375858156.696043,-2813417.2900971174,0.007541769104095494,mejora,-2344678.129775882,DIFIERE,398680000.0,7044,/clusteruy/home/mathiasr/generator-aware-row-scaling/results-revision/r3-hyperparam/simple-gurobi-1pct/win9/resultados/caso43a_estructurado.csv,/clusteruy/home/mathiasr/generator-aware-row-scaling/results-revision/r3-hyperparam/simple-gurobi-1pct/win9/resultados/caso43a_estructurado_postprocesado.csv,/clusteruy/home/mathiasr/generator-aware-row-scaling/results-revision/r3-hyperparam/simple-gurobi-1pct/win9/logs/caso43a_estructurado.log
caso43b.txt,base,OK,0,3.36863304,0.006667254066716,-391992116.02798796,-391176000.0,OPTIMAL,-392018251.13828504,1.0,13233.0,0.26,14400.0,10800.0,35590.0,11806.0,9203.0,31572.0,18.01388888888889,14.787037037037036,11.289688114638944,5,Model contains large bounds | Model contains large matrix coefficients | Model contains large rhs | max bound violation (6.5382e-06) exceeds tolerance | max constraint violation (6.5382e-06) exceeds tolerance,0.003,1000000000.0,0.003,3000.0,5.0,7000000000.0,1.0,10000000000.0,,,,,,,,,0.0,3.36863304,1.0,1.0,1.0,0.0,0.0,0.0,,,0.0,,,,39433320.869006,,,3.219186,,,,3.219186,1.0,0.891750327326334,,,,,,,,BASE,BASE,,,,,,5.32415561489057e-09,5.82076609134674e-11,1.3925600796938e-07,6.53819368977161e-06,583982.720793112,9.67140709101841,24549431.0800652,61728109.0034314,8.71257412882187e-08,0.0,6.53819368977161e-06,6.53819368977161e-06,0.0,0.0,0.0,0.0,2.0,1.0,0.0,0.0,0.0,-391992116.027988,1892.70735173661,0.0,61728109.0034314,0.0,0.0,0.0,1412.0,0.0,976.0,0.0,0.0,0.0,0.0,-391176491.268805,,,,,,BASE,0.0,0,/clusteruy/home/mathiasr/generator-aware-row-scaling/results-revision/r3-hyperparam/simple-gurobi-1pct/win9/resultados/caso43b_base.csv,/clusteruy/home/mathiasr/generator-aware-row-scaling/results-revision/r3-hyperparam/simple-gurobi-1pct/win9/resultados/caso43b_base_postprocesado.csv,/clusteruy/home/mathiasr/generator-aware-row-scaling/results-revision/r3-hyperparam/simple-gurobi-1pct/win9/logs/caso43b_base.log
caso43b.txt,estructurado,OK,0,2.472872331,0.026883080279991,-391912894.1247489,-391639000.0,OPTIMAL,-392018252.3827041,1.0,10384.0,0.28,14400.0,10800.0,35590.0,11807.0,9204.0,31569.0,18.006944444444443,14.777777777777779,11.298117448721552,1,Model contains large bounds,1e-05,40000.0,0.003,3000.0,2.0,80000.0,1.0,10000000000.0,0.011999999999999999,1.0,2.857142857142857e-05,1.0,2608000000000.0,6588000000.0,0.0002451,1.0,0.074946151,2.547818482,1.3622349191952685,1.3622349191952685,1.3221636720978933,0.074946151,0.030307327256839288,-0.020215826213275,79221.90323907137,0.00020210075662188825,-463000.0,-0.0011836104464486574,0.011999999999999999,0.002526073619631902,878424.0,,0.022276186246602124,3.0,,,,3.0,1.073062,0.190283012474665,,,,,,,,OK,REVISAR,2.36444175243378e-05,0.0,1.1920928955078125e-07,63968623.0692093,0.0,1.5131207628341e-08,2.60770320892334e-08,3.44589352607727e-07,2.36444175243378e-05,589483.676453338,4.30650850992146,25143151.338122,63968623.0692093,1.45519152283669e-11,0.0,2.36444175243378e-05,0.0,0.0,0.0,0.0,0.0,8.0,0.0,0.0,0.0,0.0,-391912894.124749,3429.81974537897,0.0,63968623.0692093,0.0,0.0,0.0,1288.0,0.0,1012.0,0.0,0.0,0.0,0.0,-391639499.354991,-391912894.124749,79221.90323895216,0.00020210075662158413,empeora,-1.2444190382957458,DIFIERE,13180000.0,6282,/clusteruy/home/mathiasr/generator-aware-row-scaling/results-revision/r3-hyperparam/simple-gurobi-1pct/win9/resultados/caso43b_estructurado.csv,/clusteruy/home/mathiasr/generator-aware-row-scaling/results-revision/r3-hyperparam/simple-gurobi-1pct/win9/resultados/caso43b_estructurado_postprocesado.csv,/clusteruy/home/mathiasr/generator-aware-row-scaling/results-revision/r3-hyperparam/simple-gurobi-1pct/win9/logs/caso43b_estructurado.log
caso43c.txt,base,OK,0,1.334988166,0.918858018262248,-383820895.2507112,-383530000.0,OPTIMAL,-387347664.3224883,1.0,0.0,0.26,14400.0,10800.0,35590.0,11806.0,9203.0,31572.0,18.01388888888889,14.787037037037036,11.289688114638944,4,Model contains large bounds | Model contains large matrix coefficients | Model contains large rhs | max constraint violation (2.3573e-06) exceeds tolerance,0.003,1000000000.0,0.005,3000.0,5.0,7000000000.0,1.0,10000000000.0,,,,,,,,,0.0,1.334988166,1.0,1.0,1.0,0.0,0.0,0.0,,,0.0,,,,47144046.227884,,,1.023099,,,,1.023099,1.0,0.36705544794584,,,,,,,,BASE,BASE,,,,,,4.53652539967651e-09,2.14046558255631e-11,1.16880983114243e-07,2.35734129994114e-06,623574.236320477,4.41901537078982,25127146.2779177,73186287.4882103,8.71257412882187e-08,0.0,2.35734129994114e-06,0.0,0.0,0.0,0.0,0.0,1.0,0.0,0.0,0.0,0.0,-383820895.250711,3089.42115301526,0.0,73186287.4882103,0.0,0.0,0.0,1300.0,0.0,987.0,0.0,0.0,0.0,0.0,-383530217.314558,,,,,,BASE,0.0,0,/clusteruy/home/mathiasr/generator-aware-row-scaling/results-revision/r3-hyperparam/simple-gurobi-1pct/win9/resultados/caso43c_base.csv,/clusteruy/home/mathiasr/generator-aware-row-scaling/results-revision/r3-hyperparam/simple-gurobi-1pct/win9/resultados/caso43c_base_postprocesado.csv,/clusteruy/home/mathiasr/generator-aware-row-scaling/results-revision/r3-hyperparam/simple-gurobi-1pct/win9/logs/caso43c_base.log
caso43c.txt,estructurado,OK,0,1.312701367,0.918858018244068,-383820895.2507807,-383530000.0,OPTIMAL,-387347664.32248867,1.0,0.0,0.27,14400.0,10800.0,35590.0,11807.0,9204.0,31569.0,18.006944444444443,14.777777777777779,11.298117448721552,1,Model contains large bounds,1e-05,40000.0,0.005,3000.0,2.0,80000.0,1.0,10000000000.0,0.011999999999999999,1.0,2.857142857142857e-05,1.0,2608000000000.0,6588000000.0,0.0002451,1.0,0.074776032,1.387477399,1.0169778135075256,1.0169778135075256,0.9621693059376458,0.074776032,0.05696347537969769,1.81800130505394e-11,-6.949901580810547e-05,-1.8107147544093144e-13,0.0,0.0,0.011999999999999999,0.002526073619631902,878473.0,,0.018633805756800206,1.0,,,,1.0,1.023099,0.369071409506623,,,,,,,,REVISAR,REVISAR,0.000104435253888369,0.0,2.980232238769531e-07,73186287.4882103,0.0,2.49192021279187e-08,3.02912667393681e-08,3.15764918923379e-07,2.36444175243378e-05,623574.236294782,4.41901537078982,25127146.2741725,73186287.4882103,1.45519152283669e-11,0.0,0.000104435253888369,0.0,0.0,0.0,0.0,0.0,6.0,0.0,0.0,0.0,0.0,-383820895.250781,3089.42115301527,0.0,73186287.4882103,0.0,0.0,0.0,1300.0,0.0,1007.0,0.0,0.0,0.0,0.0,-383530217.306939,-383820895.250781,-6.979703903198242e-05,1.8184793974385138e-13,igual,-3.5762786865234375e-07,OK,0.0,0,/clusteruy/home/mathiasr/generator-aware-row-scaling/results-revision/r3-hyperparam/simple-gurobi-1pct/win9/resultados/caso43c_estructurado.csv,/clusteruy/home/mathiasr/generator-aware-row-scaling/results-revision/r3-hyperparam/simple-gurobi-1pct/win9/resultados/caso43c_estructurado_postprocesado.csv,/clusteruy/home/mathiasr/generator-aware-row-scaling/results-revision/r3-hyperparam/simple-gurobi-1pct/win9/logs/caso43c_estructurado.log
caso43d.txt,base,OK,0,95.856104282,0.955323513971108,-285230369.5622767,-286693000.0,OPTIMAL,-287955242.35169184,10683.0,920209.0,0.27,14400.0,10800.0,35590.0,11681.0,8846.0,31205.0,18.881944444444443,18.09259259259259,12.32087665074459,3,Model contains large bounds | Model contains large matrix coefficients | Model contains large rhs,0.003,1000000000.0,0.003,2000.0,5.0,7000000000.0,1.0,10000000000.0,,,,,,,,,0.0,95.856104282,1.0,1.0,1.0,0.0,0.0,0.0,,,0.0,,,,46340179.993916,,,106.023887,,0.026855,3.94627,106.023887,1.0,0.028493839150728,,,,,,,,BASE,BASE,,,,,,2.0044111105546e-09,1.86450854755517e-13,7.45058059692383e-08,2.01165676116943e-07,1001971.53693244,3.91983282904494,28699209.3344762,793661886.307829,3.86535248253495e-12,0.0,3.27359884977341e-07,0.0,0.0,0.0,0.0,0.0,0.0,0.0,0.0,0.0,0.0,-285230369.562277,903.803851822835,0.0,793661886.307829,0.0,0.0,0.0,572.0,0.0,1046.0,0.0,0.0,0.0,0.0,-286692613.740915,,,,,,BASE,0.0,0,/clusteruy/home/mathiasr/generator-aware-row-scaling/results-revision/r3-hyperparam/simple-gurobi-1pct/win9/resultados/caso43d_base.csv,/clusteruy/home/mathiasr/generator-aware-row-scaling/results-revision/r3-hyperparam/simple-gurobi-1pct/win9/resultados/caso43d_base_postprocesado.csv,/clusteruy/home/mathiasr/generator-aware-row-scaling/results-revision/r3-hyperparam/simple-gurobi-1pct/win9/logs/caso43d_base.log
caso43d.txt,estructurado,OK,0,2.839408424,0.242012752846969,-287407407.0966232,-288419000.0,OPTIMAL,-288102969.6744238,1.0,11193.0,0.28,14400.0,10800.0,35590.0,11682.0,8847.0,31202.0,18.875,18.083333333333332,12.329305984827199,1,Model contains large bounds,1e-05,40000.0,0.003,2000.0,2.0,80000.0,1.0,10000000000.0,0.011999999999999999,1.0,2.857142857142857e-05,1.0,2608000000000.0,6588000000.0,0.0002451,1.0,0.07500536,2.914413784,33.75918148012087,33.75918148012087,32.89035510614371,0.07500536,0.026415840484947432,0.713310761124139,-2177037.5343464613,-0.007632558684713027,-1726000.0,-0.006020377197908564,0.011999999999999999,0.002526073619631902,234214.0,,0.005054231555223781,3.0,,0.0,2.0,3.0,35.34129566666667,0.163818958200204,,,,,,,,OK,REVISAR,1.03609636425972e-06,0.0,1.7881393432617188e-07,385178059.186735,0.0,1.09387839731429e-08,3.72529029846191e-09,2.38418579101562e-07,2.7194619178772e-07,1105472.87696246,2.03462628671695,42123619.5594144,385178059.186735,7.27595761418343e-12,0.0,1.03609636425972e-06,0.0,0.0,0.0,0.0,0.0,1.0,0.0,0.0,0.0,0.0,-287407407.096623,1153.78406808994,0.0,385178059.186735,0.0,0.0,0.0,589.0,0.0,1047.0,0.0,0.0,0.0,0.0,-288418821.306923,-287407407.096623,-2177037.5343462825,0.0076325586847124,mejora,-147727.32273197174,DIFIERE,98860000.0,4076,/clusteruy/home/mathiasr/generator-aware-row-scaling/results-revision/r3-hyperparam/simple-gurobi-1pct/win9/resultados/caso43d_estructurado.csv,/clusteruy/home/mathiasr/generator-aware-row-scaling/results-revision/r3-hyperparam/simple-gurobi-1pct/win9/resultados/caso43d_estructurado_postprocesado.csv,/clusteruy/home/mathiasr/generator-aware-row-scaling/results-revision/r3-hyperparam/simple-gurobi-1pct/win9/logs/caso43d_estructurado.log
caso43e.txt,base,OK,0,105.913275276,0.232914967545204,-302694684.4959524,-304492000.0,OPTIMAL,-303399705.72210723,13700.0,1310322.0,0.27,14400.0,10800.0,35590.0,11681.0,8846.0,31205.0,18.881944444444443,18.09259259259259,12.32087665074459,3,Model contains large bounds | Model contains large matrix coefficients | Model contains large rhs,0.003,1000000000.0,0.003,2000.0,5.0,7000000000.0,1.0,10000000000.0,,,,,,,,,0.0,105.913275276,1.0,1.0,1.0,0.0,0.0,0.0,,,0.0,,,,39478274.461092,,,124.707355,,0.025112,3.81648,124.707355,1.0,0.027714071139504,,,,,,,,BASE,BASE,,,,,,2.50054889230973e-09,7.63833440942108e-14,8.61519947648049e-08,2.21654772758484e-07,358848.13692579,5.71873881432433,9052901.66565632,283704564.514391,7.27595761418343e-12,0.0,4.16766852140427e-07,0.0,0.0,0.0,0.0,0.0,0.0,0.0,0.0,0.0,0.0,-302694684.495952,1053.86796341174,0.0,283704564.514391,0.0,0.0,0.0,978.0,0.0,1047.0,0.0,0.0,0.0,0.0,-304492310.623131,,,,,,BASE,0.0,0,/clusteruy/home/mathiasr/generator-aware-row-scaling/results-revision/r3-hyperparam/simple-gurobi-1pct/win9/resultados/caso43e_base.csv,/clusteruy/home/mathiasr/generator-aware-row-scaling/results-revision/r3-hyperparam/simple-gurobi-1pct/win9/resultados/caso43e_base_postprocesado.csv,/clusteruy/home/mathiasr/generator-aware-row-scaling/results-revision/r3-hyperparam/simple-gurobi-1pct/win9/logs/caso43e_base.log
caso43e.txt,estructurado,OK,0,2.957857186,0.481598946601564,-302239494.11892843,-304196000.0,OPTIMAL,-303695076.3388191,1.0,10920.0,0.28,14400.0,10800.0,35590.0,11682.0,8847.0,31202.0,18.875,18.083333333333332,12.329305984827199,1,Model contains large bounds,1e-05,40000.0,0.003,2000.0,2.0,80000.0,1.0,10000000000.0,0.011999999999999999,1.0,2.857142857142857e-05,1.0,2608000000000.0,6588000000.0,0.0002451,1.0,0.074923535,3.032780721,35.80743376566795,35.80743376566795,34.92282661341805,0.074923535,0.025330342301387906,-0.24868397905636,455190.3770239949,0.0015037937576669988,296000.0,0.0009721109257386073,0.011999999999999999,0.002526073619631902,4174486.0,,0.1057413490580543,3.0,,0.0,2.0,3.0,41.569118333333336,0.176982335978148,,,,,,,,OK,REVISAR,6.20558857917786e-05,0.0,4.172325134277344e-07,306566730.237014,0.0,1.42778773905466e-08,5.40603650733797e-10,2.38418579101562e-07,6.20558857917786e-05,287093.324071567,2.73965386428009,9915645.66106215,306566730.237014,1.45519152283669e-11,0.0,6.20558857917786e-05,0.0,0.0,0.0,0.0,0.0,2.0,0.0,0.0,0.0,0.0,-302239494.118928,1285.9924499455,0.0,306566730.237014,0.0,0.0,0.0,1317.0,0.0,1049.0,0.0,0.0,0.0,0.0,-304195786.555569,-302239494.118928,455190.37702441216,0.001503793757668377,empeora,-295370.61671185493,DIFIERE,92140000.0,5260,/clusteruy/home/mathiasr/generator-aware-row-scaling/results-revision/r3-hyperparam/simple-gurobi-1pct/win9/resultados/caso43e_estructurado.csv,/clusteruy/home/mathiasr/generator-aware-row-scaling/results-revision/r3-hyperparam/simple-gurobi-1pct/win9/resultados/caso43e_estructurado_postprocesado.csv,/clusteruy/home/mathiasr/generator-aware-row-scaling/results-revision/r3-hyperparam/simple-gurobi-1pct/win9/logs/caso43e_estructurado.log
caso43f.txt,base,OK,0,106.830213432,0.90091903520495,-292585830.4241996,-294297000.0,OPTIMAL,-295221791.8648037,13071.0,1033467.0,0.27,14400.0,10800.0,35590.0,11681.0,8846.0,31205.0,18.881944444444443,18.09259259259259,12.32087665074459,3,Model contains large bounds | Model contains large matrix coefficients | Model contains large rhs,0.003,1000000000.0,0.005,2000.0,5.0,7000000000.0,1.0,10000000000.0,,,,,,,,,0.0,106.830213432,1.0,1.0,1.0,0.0,0.0,0.0,,,0.0,,,,62465795.636924,,,133.650985,,0.020138,3.549773,133.650985,1.0,0.022965649524648,,,,,,,,BASE,BASE,,,,,,2.1118227110018e-09,1.01807451358119e-13,7.63731077313424e-08,2.04890966415405e-07,830794.116392389,3.72478650820142,37509504.5601859,360452523.299641,2.38418579101562e-07,0.0,4.76837158203125e-07,0.0,0.0,0.0,0.0,0.0,0.0,0.0,0.0,0.0,0.0,-292585830.424199,884.428485516422,0.0,360452523.299641,0.0,0.0,0.0,599.0,0.0,1046.0,0.0,0.0,0.0,0.0,-294297396.184272,,,,,,BASE,0.0,0,/clusteruy/home/mathiasr/generator-aware-row-scaling/results-revision/r3-hyperparam/simple-gurobi-1pct/win9/resultados/caso43f_base.csv,/clusteruy/home/mathiasr/generator-aware-row-scaling/results-revision/r3-hyperparam/simple-gurobi-1pct/win9/resultados/caso43f_base_postprocesado.csv,/clusteruy/home/mathiasr/generator-aware-row-scaling/results-revision/r3-hyperparam/simple-gurobi-1pct/win9/logs/caso43f_base.log
caso43f.txt,estructurado,OK,0,2.729289999,0.2241132591587,-294772301.56737226,-296231000.0,OPTIMAL,-295432925.379512,1.0,10479.0,0.28,14400.0,10800.0,35590.0,11682.0,8847.0,31202.0,18.875,18.083333333333332,12.329305984827199,1,Model contains large bounds,1e-05,40000.0,0.005,2000.0,2.0,80000.0,1.0,10000000000.0,0.011999999999999999,1.0,2.857142857142857e-05,1.0,2608000000000.0,6588000000.0,0.0002451,1.0,0.074983292,2.8042732910000003,39.14212614677887,39.14212614677887,38.095507229933524,0.074983292,0.0274735524724282,0.67680577604625,-2186471.1431726813,-0.007472922184928336,-1934000.0,-0.006571592642806417,0.011999999999999999,0.002526073619631902,2896725.0,,0.0463729785311135,2.0,,0.0,2.0,2.0,66.8254925,0.185029462425332,,,,,,,,OK,REVISAR,9.54139977693558e-07,0.0,2.384185791015625e-07,364395069.356676,0.0,8.67769007716232e-09,4.65661287307739e-10,2.20290385186673e-07,2.64495611190796e-07,509967.594135771,5.62275368526698,14855556.181656,364395069.356676,2.38418579101562e-07,0.0,9.54139977693558e-07,0.0,0.0,0.0,0.0,0.0,0.0,0.0,0.0,0.0,0.0,-294772301.567372,1153.78406808994,0.0,364395069.356676,0.0,0.0,0.0,997.0,0.0,1045.0,0.0,0.0,0.0,0.0,-296231212.072843,-294772301.567372,-2186471.143172443,0.007472922184927522,mejora,-211133.51470834017,DIFIERE,147730000.0,4758,/clusteruy/home/mathiasr/generator-aware-row-scaling/results-revision/r3-hyperparam/simple-gurobi-1pct/win9/resultados/caso43f_estructurado.csv,/clusteruy/home/mathiasr/generator-aware-row-scaling/results-revision/r3-hyperparam/simple-gurobi-1pct/win9/resultados/caso43f_estructurado_postprocesado.csv,/clusteruy/home/mathiasr/generator-aware-row-scaling/results-revision/r3-hyperparam/simple-gurobi-1pct/win9/logs/caso43f_estructurado.log
caso44a.txt,base,OK,0,2.44766703,0.750680966343839,-579792212.4771556,-579620000.0,OPTIMAL,-584144602.2605654,1.0,12445.0,0.26,14400.0,10800.0,35590.0,11914.0,9157.0,31826.0,17.26388888888889,15.212962962962964,10.576004495644844,3,Model contains large bounds | Model contains large matrix coefficients | Model contains large rhs,0.003,2000000000.0,0.003,3000.0,5.0,7000000000.0,1.0,10000000000.0,,,,,,,,,0.0,2.44766703,1.0,1.0,1.0,0.0,0.0,0.0,,,0.0,,,,46953563.760549,,,2.790898,,,,2.790898,1.0,0.155205029080263,,,,,,,,BASE,BASE,,,,,,2.35157107792489e-09,7.27595761418343e-12,7.91624188423157e-08,1.78813934326172e-07,1072580.51091983,8.25569186746668,58250439.5030905,76216538.4050402,1.81898940354586e-12,0.0,3.30619513988495e-07,0.0,0.0,0.0,0.0,0.0,0.0,0.0,0.0,0.0,0.0,-579792212.477156,1703.72638238848,0.0,76216538.4050402,0.0,0.0,0.0,885.0,0.0,1080.0,0.0,0.0,0.0,0.0,-579619964.647171,,,,,,BASE,0.0,0,/clusteruy/home/mathiasr/generator-aware-row-scaling/results-revision/r3-hyperparam/simple-gurobi-1pct/win9/resultados/caso44a_base.csv,/clusteruy/home/mathiasr/generator-aware-row-scaling/results-revision/r3-hyperparam/simple-gurobi-1pct/win9/resultados/caso44a_base_postprocesado.csv,/clusteruy/home/mathiasr/generator-aware-row-scaling/results-revision/r3-hyperparam/simple-gurobi-1pct/win9/logs/caso44a_base.log
caso44a.txt,estructurado,OK,0,2.090890652,0.75068096634388,-579792212.4771557,-579620000.0,OPTIMAL,-584144602.2605658,1.0,10243.0,0.28,14400.0,10800.0,35590.0,11914.0,9157.0,31826.0,17.26388888888889,15.212962962962964,10.576004495644844,1,Model contains large bounds,1e-05,40000.0,0.003,3000.0,3.0,90000.0,1.0,10000000000.0,0.005999999999999999,1.0,2.1428571428571428e-05,1.0,2782000000000.0,7271000000.0,0.0002294,1.0,0.07443381,2.165324462,1.1706336855343116,1.1706336855343116,1.1303927300295746,0.07443381,0.03559909263012,-4.107825191113079e-14,-1.1920928955078125e-07,-2.0560691741867474e-16,0.0,0.0,0.005999999999999999,0.002613587347232207,2628604.0,,0.05598305622561897,2.0,,,,2.0,1.395449,0.203603589231547,,,,,,,,OK,REVISAR,1.9073486328125e-06,0.0,3.5762786865234375e-07,76216538.4050438,0.0,1.46661575076146e-08,2.60770320892334e-08,9.5367431640625e-07,2.16066837310791e-07,1072580.51091997,8.25569186746714,58250439.5030951,76216538.4050438,1.45519152283669e-11,0.0,1.9073486328125e-06,0.0,0.0,0.0,0.0,0.0,4.0,0.0,0.0,0.0,0.0,-579792212.477156,1703.72638238848,0.0,76216538.4050438,0.0,0.0,0.0,885.0,0.0,1084.0,0.0,0.0,0.0,0.0,-579619964.64717,-579792212.477156,-4.76837158203125e-07,8.22427669674699e-16,igual,-3.5762786865234375e-07,OK,0.0,0,/clusteruy/home/mathiasr/generator-aware-row-scaling/results-revision/r3-hyperparam/simple-gurobi-1pct/win9/resultados/caso44a_estructurado.csv,/clusteruy/home/mathiasr/generator-aware-row-scaling/results-revision/r3-hyperparam/simple-gurobi-1pct/win9/resultados/caso44a_estructurado_postprocesado.csv,/clusteruy/home/mathiasr/generator-aware-row-scaling/results-revision/r3-hyperparam/simple-gurobi-1pct/win9/logs/caso44a_estructurado.log
caso44b.txt,base,OK,0,2.87943353,0.726831798458393,-596605602.2888709,-597242000.0,OPTIMAL,-600941921.5176907,1.0,12747.0,0.26,14400.0,10800.0,35590.0,11914.0,9157.0,31826.0,17.26388888888889,15.212962962962964,10.576004495644844,4,Model contains large bounds | Model contains large matrix coefficients | Model contains large rhs | switch to quad precision,0.003,2000000000.0,0.003,3000.0,5.0,7000000000.0,1.0,10000000000.0,,,,,,,,,0.0,2.87943353,1.0,1.0,1.0,0.0,0.0,0.0,,,0.0,,,,47017914.773197,,,2.935743,,,,2.935743,1.0,0.143644825190219,,,,,,,,BASE,BASE,,,,,,3.04132553456219e-09,7.27595761418343e-12,8.94069671630859e-08,2.77534127235413e-07,55908.8673081071,6.35464467024053,2289877.65814413,14764839.3458008,7.27595761418343e-12,0.0,4.70783561468124e-07,0.0,0.0,0.0,0.0,0.0,0.0,0.0,0.0,0.0,0.0,-596605602.288871,1404.87295109795,0.0,14764839.3458008,0.0,0.0,0.0,1989.0,0.0,1064.0,0.0,0.0,0.0,0.0,-597241803.258695,,,,,,BASE,0.0,0,/clusteruy/home/mathiasr/generator-aware-row-scaling/results-revision/r3-hyperparam/simple-gurobi-1pct/win9/resultados/caso44b_base.csv,/clusteruy/home/mathiasr/generator-aware-row-scaling/results-revision/r3-hyperparam/simple-gurobi-1pct/win9/resultados/caso44b_base_postprocesado.csv,/clusteruy/home/mathiasr/generator-aware-row-scaling/results-revision/r3-hyperparam/simple-gurobi-1pct/win9/logs/caso44b_base.log
caso44b.txt,estructurado,OK,0,2.318128781,0.726831798458373,-596605602.288871,-597242000.0,OPTIMAL,-600941921.5176907,1.0,10158.0,0.28,14400.0,10800.0,35590.0,11914.0,9157.0,31826.0,17.26388888888889,15.212962962962964,10.576004495644844,1,Model contains large bounds,1e-05,40000.0,0.003,3000.0,3.0,90000.0,1.0,10000000000.0,0.005999999999999999,1.0,2.1428571428571428e-05,1.0,2782000000000.0,7271000000.0,0.0002294,1.0,0.075785954,2.393914735,1.242137000153142,1.242137000153142,1.2028137376413284,0.075785954,0.03269272812673819,1.9984014443252818e-14,-1.1920928955078125e-07,-1.9981255471526935e-16,0.0,0.0,0.005999999999999999,0.002613587347232207,1660855.0,,0.0353238761865889,2.0,,,,2.0,1.4678715,0.19092460010214,,,,,,,,OK,REVISAR,1.90548598766327e-06,0.0,0.0,14764839.3458008,0.0,1.1168860639584e-08,1.30385160446167e-08,2.42162495851517e-07,3.57627868652344e-07,55908.8673081209,6.35464467024064,2289877.65814457,14764839.3458008,1.45519152283669e-11,0.0,1.90548598766327e-06,0.0,4.54747350886464e-13,0.0,0.0,0.0,6.0,0.0,0.0,0.0,0.0,-596605602.288871,1404.87295109794,0.0,14764839.3458008,0.0,0.0,0.0,1989.0,0.0,1069.0,0.0,0.0,0.0,0.0,-597241803.258695,-596605602.288871,-1.1920928955078125e-07,1.9981255471526935e-16,igual,0.0,OK,0.0,0,/clusteruy/home/mathiasr/generator-aware-row-scaling/results-revision/r3-hyperparam/simple-gurobi-1pct/win9/resultados/caso44b_estructurado.csv,/clusteruy/home/mathiasr/generator-aware-row-scaling/results-revision/r3-hyperparam/simple-gurobi-1pct/win9/resultados/caso44b_estructurado_postprocesado.csv,/clusteruy/home/mathiasr/generator-aware-row-scaling/results-revision/r3-hyperparam/simple-gurobi-1pct/win9/logs/caso44b_estructurado.log
caso44c.txt,base,OK,0,2.154114874,0.739743025555165,-587544516.0145204,-588076000.0,OPTIMAL,-591890835.5937697,1.0,11487.0,0.26,14400.0,10800.0,35590.0,11914.0,9157.0,31826.0,17.26388888888889,15.212962962962964,10.576004495644844,4,Model contains large bounds | Model contains large matrix coefficients | Model contains large rhs | switch to quad precision,0.003,2000000000.0,0.005,3000.0,5.0,7000000000.0,1.0,10000000000.0,,,,,,,,,0.0,2.154114874,1.0,1.0,1.0,0.0,0.0,0.0,,,0.0,,,,46953555.3182,,,2.369873,,,,2.369873,1.0,0.175702817004676,,,,,,,,BASE,BASE,,,,,,2.4091379417933e-09,8.47570902351354e-12,8.19563865661621e-08,1.78813934326172e-07,280525.464083728,7.26073344804747,14673018.3382246,26782306.6410051,3.63797880709171e-12,0.0,3.30619513988495e-07,0.0,0.0,0.0,0.0,0.0,0.0,0.0,0.0,0.0,0.0,-587544516.01452,1795.73882806742,0.0,26782306.6410051,0.0,0.0,0.0,1911.0,0.0,1072.0,0.0,0.0,0.0,0.0,-588076425.296059,,,,,,BASE,0.0,0,/clusteruy/home/mathiasr/generator-aware-row-scaling/results-revision/r3-hyperparam/simple-gurobi-1pct/win9/resultados/caso44c_base.csv,/clusteruy/home/mathiasr/generator-aware-row-scaling/results-revision/r3-hyperparam/simple-gurobi-1pct/win9/resultados/caso44c_base_postprocesado.csv,/clusteruy/home/mathiasr/generator-aware-row-scaling/results-revision/r3-hyperparam/simple-gurobi-1pct/win9/logs/caso44c_base.log
caso44c.txt,estructurado,OK,0,2.028481272,0.739743025555185,-587544516.0145202,-588076000.0,OPTIMAL,-591890835.5937696,1.0,9548.0,0.28,14400.0,10800.0,35590.0,11914.0,9157.0,31826.0,17.26388888888889,15.212962962962964,10.576004495644844,1,Model contains large bounds,1e-05,40000.0,0.005,3000.0,3.0,90000.0,1.0,10000000000.0,0.005999999999999999,1.0,2.1428571428571428e-05,1.0,2782000000000.0,7271000000.0,0.0002294,1.0,0.079619243,2.1081005150000003,1.0619348099162533,1.0619348099162533,1.0218274027602519,0.079619243,0.03925066703795528,-1.9984014443252818e-14,2.384185791015625e-07,4.057881106929952e-16,0.0,0.0,0.005999999999999999,0.002613587347232207,1658652.0,,0.03532537608194875,2.0,,,,2.0,1.1849365,0.212860446828781,,,,,,,,OK,REVISAR,1.90781429409981e-06,0.0,1.1920928955078125e-07,26782306.6410057,0.0,1.70609488937977e-08,2.98023223876953e-08,9.5367431640625e-07,2.83122062683105e-07,280525.464083752,7.26073344804747,14673018.3382249,26782306.6410057,1.45519152283669e-11,0.0,1.90781429409981e-06,0.0,0.0,0.0,0.0,0.0,6.0,0.0,0.0,0.0,0.0,-587544516.01452,1795.73882806743,0.0,26782306.6410057,0.0,0.0,0.0,1911.0,0.0,1078.0,0.0,0.0,0.0,0.0,-588076425.296058,-587544516.01452,3.5762786865234375e-07,6.086821660394928e-16,igual,1.1920928955078125e-07,OK,0.0,0,/clusteruy/home/mathiasr/generator-aware-row-scaling/results-revision/r3-hyperparam/simple-gurobi-1pct/win9/resultados/caso44c_estructurado.csv,/clusteruy/home/mathiasr/generator-aware-row-scaling/results-revision/r3-hyperparam/simple-gurobi-1pct/win9/resultados/caso44c_estructurado_postprocesado.csv,/clusteruy/home/mathiasr/generator-aware-row-scaling/results-revision/r3-hyperparam/simple-gurobi-1pct/win9/logs/caso44c_estructurado.log
caso44d.txt,base,OK,0,26.935415477,0.99786477028922,-366306781.4354938,-369549000.0,OPTIMAL,-369962027.75861895,377.0,437932.0,0.28,14400.0,10800.0,35590.0,11309.0,8280.0,30340.0,21.46527777777778,23.333333333333332,14.75133464456308,3,Model contains large bounds | Model contains large matrix coefficients | Model contains large rhs,0.003,2000000000.0,0.003,2000.0,5.0,7000000000.0,1.0,10000000000.0,,,,,,,,,0.0,26.935415477,1.0,1.0,1.0,0.0,0.0,0.0,,,0.0,,,,39732432.442828,,,49.22223,,0.012575,3.348758,49.22223,1.0,0.022633089034978,,,,,,,,BASE,BASE,,,,,,1.27478032969148e-09,1.4210854715202e-14,4.65661287307739e-08,2.04890966415405e-07,174400.179730232,3.60978723755305,6385099.97981963,37254688.6605655,7.27595761418343e-12,0.0,9.52742993831635e-07,0.0,0.0,0.0,0.0,0.0,0.0,0.0,0.0,0.0,0.0,-366306781.435494,858.034757672707,0.0,37254688.6605655,0.0,0.0,0.0,106.0,0.0,1081.0,0.0,0.0,0.0,0.0,-369548648.117017,,,,,,BASE,0.0,0,/clusteruy/home/mathiasr/generator-aware-row-scaling/results-revision/r3-hyperparam/simple-gurobi-1pct/win9/resultados/caso44d_base.csv,/clusteruy/home/mathiasr/generator-aware-row-scaling/results-revision/r3-hyperparam/simple-gurobi-1pct/win9/resultados/caso44d_base_postprocesado.csv,/clusteruy/home/mathiasr/generator-aware-row-scaling/results-revision/r3-hyperparam/simple-gurobi-1pct/win9/logs/caso44d_base.log
caso44d.txt,estructurado,OK,0,14.663184418,0.999484318910254,-366481507.4784813,-369549000.0,OPTIMAL,-370144432.6774346,267.0,203138.0,0.29,14400.0,10800.0,35590.0,11309.0,8280.0,30340.0,21.46527777777778,23.333333333333332,14.75133464456308,1,Model contains large bounds,1e-05,40000.0,0.003,2000.0,3.0,90000.0,1.0,10000000000.0,0.005999999999999999,1.0,2.1428571428571428e-05,1.0,2782000000000.0,7271000000.0,0.0002294,1.0,0.076211235,14.739395653,1.836941738517252,1.836941738517252,1.8274436829787974,0.076211235,0.005197454579269004,-0.0016195486210339727,-174726.04298746586,-0.0004769937436122375,0.0,0.0,0.005999999999999999,0.002613587347232207,2559026.0,,0.06440647709354938,23.0,,0.0,4.0,23.0,2.1400969565217394,0.031623744767006,,,,,,,,REVISAR,REVISAR,0.0013272522483021,0.0,2.980232238769531e-07,37254688.6606335,0.0,7.06653263312913e-07,8.34552338346765e-10,5.9604668058455e-06,1.89896672964096e-05,174400.173562937,3.60978723755292,6385099.97994717,37254688.6606335,3.64916274975258e-08,0.0,0.0013272522483021,5.31164972452634e-07,6.28832538041024e-07,0.0,0.0,0.0,212.0,0.0,0.0,0.0,0.0,-366481507.478481,858.034757672729,0.0,37254688.6606335,5.31164972452634e-07,6.28832538041024e-07,0.0,106.0,0.0,1259.0,0.0,0.0,0.0,0.0,-369548648.117003,-366481507.478481,-174726.04298716784,0.0004769937436114239,mejora,-182404.9188156724,DIFIERE,3.68581,115,/clusteruy/home/mathiasr/generator-aware-row-scaling/results-revision/r3-hyperparam/simple-gurobi-1pct/win9/resultados/caso44d_estructurado.csv,/clusteruy/home/mathiasr/generator-aware-row-scaling/results-revision/r3-hyperparam/simple-gurobi-1pct/win9/resultados/caso44d_estructurado_postprocesado.csv,/clusteruy/home/mathiasr/generator-aware-row-scaling/results-revision/r3-hyperparam/simple-gurobi-1pct/win9/logs/caso44d_estructurado.log
caso44e.txt,base,OK,0,19.475878768,0.970174204408278,-384712902.52992654,-388734000.0,OPTIMAL,-388445287.87130225,329.0,292783.0,0.27,14400.0,10800.0,35590.0,11309.0,8280.0,30340.0,21.46527777777778,23.333333333333332,14.75133464456308,3,Model contains large bounds | Model contains large matrix coefficients | Model contains large rhs,0.003,2000000000.0,0.003,2000.0,5.0,7000000000.0,1.0,10000000000.0,,,,,,,,,0.0,19.475878768,1.0,1.0,1.0,0.0,0.0,0.0,,,0.0,,,,3523910.45257,,,32.420653,,0.011967,3.294899,32.420653,1.0,0.026107421024638,,,,,,,,BASE,BASE,,,,,,1.59913194735455e-09,1.4210854715202e-14,4.84287738800049e-08,2.86847352981567e-07,999801.975426075,1.92112504671051,42571226.6103411,94800556.9870271,7.27595761418343e-12,0.0,4.75440174341202e-07,0.0,0.0,0.0,0.0,0.0,0.0,0.0,0.0,0.0,0.0,-384712902.529926,637.35450177607,0.0,94800556.9870271,0.0,0.0,0.0,198.0,0.0,1080.0,0.0,0.0,0.0,0.0,-388734023.630592,,,,,,BASE,0.0,0,/clusteruy/home/mathiasr/generator-aware-row-scaling/results-revision/r3-hyperparam/simple-gurobi-1pct/win9/resultados/caso44e_base.csv,/clusteruy/home/mathiasr/generator-aware-row-scaling/results-revision/r3-hyperparam/simple-gurobi-1pct/win9/resultados/caso44e_base_postprocesado.csv,/clusteruy/home/mathiasr/generator-aware-row-scaling/results-revision/r3-hyperparam/simple-gurobi-1pct/win9/logs/caso44e_base.log
caso44e.txt,estructurado,OK,0,8.102580143,0.952243007483867,-384849820.7914168,-388734000.0,OPTIMAL,-388514526.2992173,47.0,52952.0,0.28,14400.0,10800.0,35590.0,11309.0,8280.0,30340.0,21.46527777777778,23.333333333333332,14.75133464456308,1,Model contains large bounds,1e-05,40000.0,0.003,2000.0,3.0,90000.0,1.0,10000000000.0,0.005999999999999999,1.0,2.1428571428571428e-05,1.0,2782000000000.0,7271000000.0,0.0002294,1.0,0.074905952,8.177486095,2.403663823655684,2.403663823655684,2.381646210307619,0.074905952,0.009244703622550764,0.01793119692441092,-136918.2614902854,-0.00035589724334663986,0.0,0.0,0.005999999999999999,0.002613587347232207,32634.0,,0.009260734754539495,9.0,,0.0,5.0,9.0,3.602294777777778,0.048588961781972,,,,,,,,REVISAR,REVISAR,0.00366808188846335,0.0,1.7881393432617188e-07,94800556.9871265,0.0,9.22821014266594e-07,5.0669768825173e-09,6.74817711114887e-06,5.69950789213181e-05,999801.969379669,1.91756531229612,42571226.6102443,94800556.9871265,1.44741832741602e-07,0.0,0.00366808188846335,7.99625797207453e-07,4.99065890835482e-07,0.0,0.0,0.0,285.0,0.0,0.0,0.0,0.0,-384849820.791417,637.354501776077,0.0,94800556.9871265,7.99625797207453e-07,4.99065890835482e-07,0.0,198.0,0.0,1241.0,0.0,0.0,0.0,0.0,-388734023.631196,-384849820.791417,-136918.2614904642,0.00035589724334710466,mejora,-69238.42791503668,DIFIERE,3.68581,137,/clusteruy/home/mathiasr/generator-aware-row-scaling/results-revision/r3-hyperparam/simple-gurobi-1pct/win9/resultados/caso44e_estructurado.csv,/clusteruy/home/mathiasr/generator-aware-row-scaling/results-revision/r3-hyperparam/simple-gurobi-1pct/win9/resultados/caso44e_estructurado_postprocesado.csv,/clusteruy/home/mathiasr/generator-aware-row-scaling/results-revision/r3-hyperparam/simple-gurobi-1pct/win9/logs/caso44e_estructurado.log
caso44f.txt,base,OK,0,31.277060041,0.999760076978511,-375067757.1595572,-379104000.0,OPTIMAL,-378817534.8572572,361.0,431852.0,0.27,14400.0,10800.0,35590.0,11309.0,8280.0,30340.0,21.46527777777778,23.333333333333332,14.75133464456308,3,Model contains large bounds | Model contains large matrix coefficients | Model contains large rhs,0.003,2000000000.0,0.005,2000.0,5.0,7000000000.0,1.0,10000000000.0,,,,,,,,,0.0,31.277060041,1.0,1.0,1.0,0.0,0.0,0.0,,,0.0,,,,850710.438326,,,53.744222,,0.011031,3.142553,53.744222,1.0,0.01999125438085,,,,,,,,BASE,BASE,,,,,,1.22246546712606e-09,1.4210854715202e-14,4.4703483581543e-08,2.04890966415405e-07,987724.075123896,1.92047587273397,41879991.328983,93606993.7091295,7.27595761418343e-12,0.0,4.40515577793121e-07,0.0,0.0,0.0,0.0,0.0,0.0,0.0,0.0,0.0,0.0,-375067757.159557,630.247849467531,0.0,93606993.7091295,0.0,0.0,0.0,199.0,0.0,1080.0,0.0,0.0,0.0,0.0,-379104171.021445,,,,,,BASE,0.0,0,/clusteruy/home/mathiasr/generator-aware-row-scaling/results-revision/r3-hyperparam/simple-gurobi-1pct/win9/resultados/caso44f_base.csv,/clusteruy/home/mathiasr/generator-aware-row-scaling/results-revision/r3-hyperparam/simple-gurobi-1pct/win9/resultados/caso44f_base_postprocesado.csv,/clusteruy/home/mathiasr/generator-aware-row-scaling/results-revision/r3-hyperparam/simple-gurobi-1pct/win9/logs/caso44f_base.log
caso44f.txt,estructurado,OK,0,14.272371266,0.997176865809064,-375318400.12085664,-379098000.0,OPTIMAL,-379060988.3799865,197.0,204478.0,0.29,14400.0,10800.0,35590.0,11309.0,8280.0,30340.0,21.46527777777778,23.333333333333332,14.75133464456308,1,Model contains large bounds,1e-05,40000.0,0.005,2000.0,3.0,90000.0,1.0,10000000000.0,0.005999999999999999,1.0,2.1428571428571428e-05,1.0,2782000000000.0,7271000000.0,0.0002294,1.0,0.075404526,14.347775792,2.1914410337341064,2.1914410337341064,2.1799239474064955,0.075404526,0.005283251436965527,0.0025832111694470417,-250642.9612994194,-0.0006682604849789677,6000.0,1.5826791592808305e-05,0.005999999999999999,0.002613587347232207,11350.0,,0.013341789977720453,22.0,,0.0,4.0,22.0,2.4429191818181817,0.03220734126226,,,,,,,,REVISAR,REVISAR,0.00134999776491895,0.0,3.5762786865234375e-07,93606993.7093248,0.0,2.20221483200981e-07,3.34694050252438e-10,9.5367431640625e-07,1.71996653079987e-05,987786.871559997,1.8382449436096,41879991.3295358,93606993.7093248,1.83444115009479e-07,0.0,0.00134999776491895,9.41275038810678e-07,8.17328213997826e-07,0.0,0.0,0.0,135.0,0.0,0.0,0.0,0.0,-375318400.120857,630.247849467552,0.0,93606993.7093248,9.41275038810678e-07,0.0,0.0,199.0,0.0,1180.0,0.0,0.0,0.0,0.0,-379098479.576159,-375318400.120857,-250642.96129977703,0.0006682604849799212,mejora,-243453.52272933722,DIFIERE,190000.0,1790,/clusteruy/home/mathiasr/generator-aware-row-scaling/results-revision/r3-hyperparam/simple-gurobi-1pct/win9/resultados/caso44f_estructurado.csv,/clusteruy/home/mathiasr/generator-aware-row-scaling/results-revision/r3-hyperparam/simple-gurobi-1pct/win9/resultados/caso44f_estructurado_postprocesado.csv,/clusteruy/home/mathiasr/generator-aware-row-scaling/results-revision/r3-hyperparam/simple-gurobi-1pct/win9/logs/caso44f_estructurado.log
caso45a.txt,base,OK,0,43.413025284,0.954028309009525,-496869490.81557655,-492402000.0,OPTIMAL,-501609766.41678864,8984.0,338233.0,0.24,14400.0,10800.0,35590.0,11023.0,8715.0,29069.0,23.45138888888889,19.305555555555557,18.322562517561114,3,Model contains large bounds | Model contains large matrix coefficients | Model contains large rhs,0.003,2000000000.0,0.003,3000.0,5.0,7000000000.0,1.0,10000000000.0,,,,,,,,,0.0,43.413025284,1.0,1.0,1.0,0.0,0.0,0.0,,,0.0,,,,50145957.138957,,,53.073085,,0.012234,3.846624,53.073085,1.0,0.01946940128451,,,,,,,,BASE,BASE,,,,,,2.39853595070843e-09,6.82121026329696e-13,8.01030546426775e-08,2.06753611564636e-07,1037054.10815624,3.66986074005826,44498269.9359177,101505861.358701,1.81898940354586e-12,0.0,4.39235009253025e-07,0.0,0.0,0.0,0.0,0.0,0.0,0.0,0.0,0.0,0.0,-496869490.815577,1316.78009974179,0.0,101505861.358701,0.0,0.0,0.0,291.0,0.0,1058.0,0.0,0.0,0.0,0.0,-492402496.477545,,,,,,BASE,0.0,0,/clusteruy/home/mathiasr/generator-aware-row-scaling/results-revision/r3-hyperparam/simple-gurobi-1pct/win9/resultados/caso45a_base.csv,/clusteruy/home/mathiasr/generator-aware-row-scaling/results-revision/r3-hyperparam/simple-gurobi-1pct/win9/resultados/caso45a_base_postprocesado.csv,/clusteruy/home/mathiasr/generator-aware-row-scaling/results-revision/r3-hyperparam/simple-gurobi-1pct/win9/logs/caso45a_base.log
caso45a.txt,estructurado,OK,0,2.484752399,0.0886789344627,-501518530.3321392,-497419000.0,OPTIMAL,-501963271.6209707,1.0,11845.0,0.25,14400.0,10800.0,35590.0,11024.0,8716.0,29043.0,23.444444444444443,19.296296296296298,18.395616746277042,1,Model contains large bounds,1e-05,40000.0,0.003,3000.0,0.4,90000.0,1.0,10000000000.0,0.005999999999999999,1.0,0.0001607142857142857,1.0,2800000000000.0,7339000000.0,0.000228,1.0,0.075077805,2.559830204,17.471771151713856,17.471771151713856,16.959337856144774,0.075077805,0.030215406987921776,0.8653493745468249,-4649039.516562641,-0.009356661261152435,-5017000.0,-0.010188829452358033,0.005999999999999999,0.0026210714285714288,2755044.0,,0.054940500833708945,2.0,,0.0,2.0,2.0,26.5365425,0.154359008594111,,,,,,,,OK,REVISAR,3.86277679353952e-06,0.0,1.7881393432617188e-07,98265590.7025007,0.0,1.43012916355497e-08,2.79862433671945e-08,2.7014539227821e-07,9.5367431640625e-07,977082.778478475,3.88057801756196,42856247.0989687,98265590.7025007,7.27595761418343e-12,0.0,3.86277679353952e-06,0.0,0.0,0.0,0.0,0.0,9.0,0.0,0.0,0.0,0.0,-501518530.332139,1265.18108311068,0.0,98265590.7025007,0.0,0.0,0.0,366.0,0.0,1067.0,0.0,0.0,0.0,0.0,-497418837.37177,-501518530.332139,-4649039.516562462,0.009356661261152074,mejora,-353505.2041820884,DIFIERE,22620000.0,4148,/clusteruy/home/mathiasr/generator-aware-row-scaling/results-revision/r3-hyperparam/simple-gurobi-1pct/win9/resultados/caso45a_estructurado.csv,/clusteruy/home/mathiasr/generator-aware-row-scaling/results-revision/r3-hyperparam/simple-gurobi-1pct/win9/resultados/caso45a_estructurado_postprocesado.csv,/clusteruy/home/mathiasr/generator-aware-row-scaling/results-revision/r3-hyperparam/simple-gurobi-1pct/win9/logs/caso45a_estructurado.log
caso45b.txt,base,OK,0,53.029781967,0.603152933406414,-513787547.15841454,-511957000.0,OPTIMAL,-516886471.8205774,7686.0,563149.0,0.24,14400.0,10800.0,35590.0,11023.0,8715.0,29069.0,23.45138888888889,19.305555555555557,18.322562517561114,4,Model contains large bounds | Model contains large matrix coefficients | Model contains large rhs | max constraint violation (1.2387e-06) exceeds tolerance,0.003,2000000000.0,0.003,3000.0,5.0,7000000000.0,1.0,10000000000.0,,,,,,,,,0.0,53.029781967,1.0,1.0,1.0,0.0,0.0,0.0,,,0.0,,,,65898070.2512,,,59.367493,,0.011858,5.021397,59.367493,1.0,0.018501308377344,,,,,,,,BASE,BASE,,,,,,2.5216927792519e-09,9.72355182482451e-13,7.82310962677002e-08,7.61821866035461e-07,596235.162188265,3.14152713988789,27712586.7263495,43768414.1400696,2.27373675443232e-12,0.0,1.23865902423859e-06,0.0,0.0,0.0,0.0,0.0,1.0,0.0,0.0,0.0,0.0,-513787547.158415,1480.62373047302,0.0,43768414.1400696,0.0,0.0,0.0,448.0,0.0,1055.0,0.0,0.0,0.0,0.0,-511956860.249271,,,,,,BASE,0.0,0,/clusteruy/home/mathiasr/generator-aware-row-scaling/results-revision/r3-hyperparam/simple-gurobi-1pct/win9/resultados/caso45b_base.csv,/clusteruy/home/mathiasr/generator-aware-row-scaling/results-revision/r3-hyperparam/simple-gurobi-1pct/win9/resultados/caso45b_base_postprocesado.csv,/clusteruy/home/mathiasr/generator-aware-row-scaling/results-revision/r3-hyperparam/simple-gurobi-1pct/win9/logs/caso45b_base.log
caso45b.txt,estructurado,OK,0,3.365039242,0.108518258595509,-516696424.48866546,-517387000.0,OPTIMAL,-517257134.4507458,1.0,13133.0,0.25,14400.0,10800.0,35590.0,11024.0,8716.0,29043.0,23.444444444444443,19.296296296296298,18.395616746277042,1,Model contains large bounds,1e-05,40000.0,0.003,3000.0,0.4,90000.0,1.0,10000000000.0,0.005999999999999999,1.0,0.0001607142857142857,1.0,2800000000000.0,7339000000.0,0.000228,1.0,0.07567756,3.440716802,15.759038202324774,15.759038202324774,15.412422764981748,0.07567756,0.022489354375261696,0.49463467481090495,-2908877.330250919,-0.0056616345536962456,-5430000.0,-0.010606359518475184,0.005999999999999999,0.0026210714285714288,4773549.0,,0.0724383731087038,3.0,,0.0,3.0,3.0,19.789164333333336,0.128563973536822,,,,,,,,OK,REVISAR,1.99442729353905e-06,0.0,4.76837158203125e-07,32803988.6827992,0.0,1.10963140808998e-08,1.30617991089817e-08,2.15144827961922e-07,7.02217221260071e-07,105158.486980764,6.79203381888776,2938252.42308916,32803988.6827992,7.27595761418343e-12,0.0,1.99442729353905e-06,0.0,0.0,0.0,0.0,0.0,5.0,0.0,0.0,0.0,0.0,-516696424.488665,897.956912801012,0.0,32803988.6827992,0.0,0.0,0.0,1796.0,0.0,1072.0,0.0,0.0,0.0,0.0,-517387486.078192,-516696424.488665,-2908877.330250442,0.0056616345536953175,mejora,-370662.63016843796,DIFIERE,296570000.0,6108,/clusteruy/home/mathiasr/generator-aware-row-scaling/results-revision/r3-hyperparam/simple-gurobi-1pct/win9/resultados/caso45b_estructurado.csv,/clusteruy/home/mathiasr/generator-aware-row-scaling/results-revision/r3-hyperparam/simple-gurobi-1pct/win9/resultados/caso45b_estructurado_postprocesado.csv,/clusteruy/home/mathiasr/generator-aware-row-scaling/results-revision/r3-hyperparam/simple-gurobi-1pct/win9/logs/caso45b_estructurado.log
caso45c.txt,base,OK,0,56.831299317,0.953684885034359,-503818011.4497342,-501933000.0,OPTIMAL,-508622847.673011,12865.0,718344.0,0.24,14400.0,10800.0,35590.0,11023.0,8715.0,29069.0,23.45138888888889,19.305555555555557,18.322562517561114,3,Model contains large bounds | Model contains large matrix coefficients | Model contains large rhs,0.003,2000000000.0,0.005,3000.0,5.0,7000000000.0,1.0,10000000000.0,,,,,,,,,0.0,56.831299317,1.0,1.0,1.0,0.0,0.0,0.0,,,0.0,,,,48553263.372342,,,64.613627,,0.012048,3.758399,64.613627,1.0,0.017823014591463,,,,,,,,BASE,BASE,,,,,,2.98739550298644e-09,1.16415321826935e-10,8.94069671630859e-08,9.5367431640625e-07,576132.251049832,3.03039292243229,26279500.7835366,57674221.2119764,7.27595761418343e-12,0.0,9.5367431640625e-07,0.0,0.0,0.0,0.0,0.0,0.0,0.0,0.0,0.0,0.0,-503818011.449734,1051.74878704567,0.0,57674221.2119764,0.0,0.0,0.0,654.0,0.0,1055.0,0.0,0.0,0.0,0.0,-501933144.127665,,,,,,BASE,0.0,0,/clusteruy/home/mathiasr/generator-aware-row-scaling/results-revision/r3-hyperparam/simple-gurobi-1pct/win9/resultados/caso45c_base.csv,/clusteruy/home/mathiasr/generator-aware-row-scaling/results-revision/r3-hyperparam/simple-gurobi-1pct/win9/resultados/caso45c_base_postprocesado.csv,/clusteruy/home/mathiasr/generator-aware-row-scaling/results-revision/r3-hyperparam/simple-gurobi-1pct/win9/logs/caso45c_base.log
caso45c.txt,estructurado,OK,0,2.857148521,0.080261233306454,-508484879.08987415,-507200000.0,OPTIMAL,-508892995.3250085,1.0,13274.0,0.25,14400.0,10800.0,35590.0,11024.0,8716.0,29043.0,23.444444444444443,19.296296296296298,18.395616746277042,1,Model contains large bounds,1e-05,40000.0,0.005,3000.0,0.4,90000.0,1.0,10000000000.0,0.005999999999999999,1.0,0.0001607142857142857,1.0,2800000000000.0,7339000000.0,0.000228,1.0,0.0751272,2.932275721,19.890915330193994,19.890915330193994,19.38129450446724,0.0751272,0.02629446787516161,0.873423651727905,-4666867.640139937,-0.009263002778942033,-5267000.0,-0.010493432390378796,0.005999999999999999,0.0026210714285714288,3266683.0,,0.06728040039139452,3.0,,0.0,2.0,3.0,21.537875666666665,0.142124522381592,,,,,,,,OK,REVISAR,1.06892548501492e-06,0.0,1.1920928955078125e-07,48216364.1796114,0.0,1.25183162115303e-08,2.23517417907715e-08,2.58912332355976e-07,9.5367431640625e-07,429875.59336378,2.56125046001925,14605194.7418999,48216364.1796114,7.27595761418343e-12,0.0,1.06892548501492e-06,0.0,0.0,0.0,0.0,0.0,1.0,0.0,0.0,0.0,0.0,-508484879.089874,1108.03862337051,0.0,48216364.1796114,0.0,0.0,0.0,795.0,0.0,1056.0,0.0,0.0,0.0,0.0,-507200210.105827,-508484879.089874,-4666867.640139818,0.009263002778941798,mejora,-270147.6519975066,DIFIERE,59790000.0,4802,/clusteruy/home/mathiasr/generator-aware-row-scaling/results-revision/r3-hyperparam/simple-gurobi-1pct/win9/resultados/caso45c_estructurado.csv,/clusteruy/home/mathiasr/generator-aware-row-scaling/results-revision/r3-hyperparam/simple-gurobi-1pct/win9/resultados/caso45c_estructurado_postprocesado.csv,/clusteruy/home/mathiasr/generator-aware-row-scaling/results-revision/r3-hyperparam/simple-gurobi-1pct/win9/logs/caso45c_estructurado.log
caso45d.txt,base,OK,0,1.307685362,0.917167188924019,-340648817.7637311,-341503000.0,OPTIMAL,-343773136.94971764,1.0,8362.0,0.25,14400.0,10800.0,35590.0,10530.0,7955.0,27835.0,26.875,26.34259259259259,21.78982860354032,3,Model contains large bounds | Model contains large matrix coefficients | Model contains large rhs,0.003,2000000000.0,0.003,2000.0,5.0,7000000000.0,1.0,10000000000.0,,,,,,,,,0.0,1.307685362,1.0,1.0,1.0,0.0,0.0,0.0,,,0.0,,,,79187416.90081,,,1.254524,,,,1.254524,1.0,0.2397332672127,,,,,,,,BASE,BASE,,,,,,1.37633639988064e-09,2.8421709430404e-14,5.58793544769287e-08,2.03028321266174e-07,651323.908923623,2.36199246440767,27262047.9796604,45271285.1849976,2.8421709430404e-14,0.0,2.03028321266174e-07,0.0,0.0,0.0,0.0,0.0,0.0,0.0,0.0,0.0,0.0,-340648817.763731,22.4489228200255,0.0,45271285.1849976,0.0,0.0,0.0,15.0,0.0,1080.0,0.0,0.0,0.0,0.0,-341503453.678229,,,,,,BASE,0.0,0,/clusteruy/home/mathiasr/generator-aware-row-scaling/results-revision/r3-hyperparam/simple-gurobi-1pct/win9/resultados/caso45d_base.csv,/clusteruy/home/mathiasr/generator-aware-row-scaling/results-revision/r3-hyperparam/simple-gurobi-1pct/win9/resultados/caso45d_base_postprocesado.csv,/clusteruy/home/mathiasr/generator-aware-row-scaling/results-revision/r3-hyperparam/simple-gurobi-1pct/win9/logs/caso45d_base.log
caso45d.txt,estructurado,OK,0,1.405642281,0.920601562380975,-340648817.76373136,-341503000.0,OPTIMAL,-343784836.1022966,1.0,8347.0,0.26,14400.0,10800.0,35590.0,10531.0,7956.0,27809.0,26.868055555555557,26.333333333333332,21.86288283225625,1,Model contains large bounds,1e-05,40000.0,0.003,2000.0,0.4,90000.0,1.0,10000000000.0,0.005999999999999999,1.0,0.0001607142857142857,1.0,2800000000000.0,7339000000.0,0.000228,1.0,0.075060033,1.480702314,0.9303116302603592,0.9303116302603592,0.8831521026447183,0.075060033,0.05339910019397033,-0.0034343734569559636,-2.384185791015625e-07,-6.998955131173419e-16,0.0,0.0,0.005999999999999999,0.0026210714285714288,5231864.0,,0.0660693858287286,1.0,,,,1.0,1.254524,0.232513936587871,,,,,,,,OK,REVISAR,1.90746504813433e-06,0.0,3.5762786865234375e-07,45271285.184993,0.0,1.34572962518262e-08,3.49245965480804e-10,2.73827463388443e-07,9.5367431640625e-07,651323.908923501,2.36199246440869,27262047.9796551,45271285.184993,7.27595761418343e-12,0.0,1.90746504813433e-06,0.0,0.0,0.0,0.0,0.0,7.0,0.0,0.0,0.0,0.0,-340648817.763731,22.4489228200255,0.0,45271285.184993,0.0,0.0,0.0,15.0,0.0,1087.0,0.0,0.0,0.0,0.0,-341503453.678229,-340648817.763731,1.1920928955078125e-07,3.4994775655867097e-16,igual,-11699.152578949928,OK,0.0,0,/clusteruy/home/mathiasr/generator-aware-row-scaling/results-revision/r3-hyperparam/simple-gurobi-1pct/win9/resultados/caso45d_estructurado.csv,/clusteruy/home/mathiasr/generator-aware-row-scaling/results-revision/r3-hyperparam/simple-gurobi-1pct/win9/resultados/caso45d_estructurado_postprocesado.csv,/clusteruy/home/mathiasr/generator-aware-row-scaling/results-revision/r3-hyperparam/simple-gurobi-1pct/win9/logs/caso45d_estructurado.log
caso45e.txt,base,OK,0,1.543756326,0.718472147711478,-358090761.3271637,-359670000.0,OPTIMAL,-360663543.71082735,1.0,8734.0,0.25,14400.0,10800.0,35590.0,10530.0,7955.0,27835.0,26.875,26.34259259259259,21.78982860354032,3,Model contains large bounds | Model contains large matrix coefficients | Model contains large rhs,0.003,2000000000.0,0.003,2000.0,5.0,7000000000.0,1.0,10000000000.0,,,,,,,,,0.0,1.543756326,1.0,1.0,1.0,0.0,0.0,0.0,,,0.0,,,,1109861.402146,,,1.458761,,,,1.458761,1.0,0.235734944504372,,,,,,,,BASE,BASE,,,,,,1.41653830785608e-09,2.8421709430404e-14,5.40167093276978e-08,2.04890966415405e-07,1498838.8077902,2.24511963838663,66480362.4364526,118722812.391909,3.63797880709171e-12,0.0,3.71597707271576e-07,0.0,0.0,0.0,0.0,0.0,0.0,0.0,0.0,0.0,0.0,-358090761.327164,22.4489228200255,0.0,118722812.391909,0.0,0.0,0.0,289.0,0.0,1080.0,0.0,0.0,0.0,0.0,-359670484.542742,,,,,,BASE,0.0,0,/clusteruy/home/mathiasr/generator-aware-row-scaling/results-revision/r3-hyperparam/simple-gurobi-1pct/win9/resultados/caso45e_base.csv,/clusteruy/home/mathiasr/generator-aware-row-scaling/results-revision/r3-hyperparam/simple-gurobi-1pct/win9/resultados/caso45e_base_postprocesado.csv,/clusteruy/home/mathiasr/generator-aware-row-scaling/results-revision/r3-hyperparam/simple-gurobi-1pct/win9/logs/caso45e_base.log
caso45e.txt,estructurado,OK,0,1.652588998,0.721645157457065,-358090761.3271639,-359670000.0,OPTIMAL,-360674905.9655825,1.0,8339.0,0.26,14400.0,10800.0,35590.0,10531.0,7956.0,27809.0,26.868055555555557,26.333333333333332,21.86288283225625,1,Model contains large bounds,1e-05,40000.0,0.003,2000.0,0.4,90000.0,1.0,10000000000.0,0.005999999999999999,1.0,0.0001607142857142857,1.0,2800000000000.0,7339000000.0,0.000228,1.0,0.07505648,1.727645478,0.9341441386020894,0.9341441386020894,0.893560829266385,0.07505648,0.04541751160804956,-0.0031730097455869855,-1.7881393432617188e-07,-4.993536657115861e-16,0.0,0.0,0.005999999999999999,0.0026210714285714288,18971.0,,0.017093125288723577,1.0,,,,1.0,1.458761,0.238763903188768,,,,,,,,OK,REVISAR,1.9073486328125e-06,0.0,1.1920928955078125e-07,118722812.39191,0.0,1.25059134074691e-08,2.3283064365387e-10,2.38418579101562e-07,9.5367431640625e-07,1498838.80779022,2.24511963838662,66480362.4364527,118722812.39191,7.27595761418343e-12,0.0,1.9073486328125e-06,0.0,0.0,0.0,0.0,0.0,3.0,0.0,0.0,0.0,0.0,-358090761.327164,22.4489228200255,0.0,118722812.39191,0.0,0.0,0.0,289.0,0.0,1083.0,0.0,0.0,0.0,0.0,-359670484.542742,-358090761.327164,-2.980232238769531e-07,8.322561095193102e-16,igual,-11362.25475513935,OK,0.0,0,/clusteruy/home/mathiasr/generator-aware-row-scaling/results-revision/r3-hyperparam/simple-gurobi-1pct/win9/resultados/caso45e_estructurado.csv,/clusteruy/home/mathiasr/generator-aware-row-scaling/results-revision/r3-hyperparam/simple-gurobi-1pct/win9/resultados/caso45e_estructurado_postprocesado.csv,/clusteruy/home/mathiasr/generator-aware-row-scaling/results-revision/r3-hyperparam/simple-gurobi-1pct/win9/logs/caso45e_estructurado.log
caso45f.txt,base,OK,0,1.357814966,0.874920804310094,-348889011.579949,-350644000.0,OPTIMAL,-351941514.12621385,1.0,8538.0,0.25,14400.0,10800.0,35590.0,10530.0,7955.0,27835.0,26.875,26.34259259259259,21.78982860354032,3,Model contains large bounds | Model contains large matrix coefficients | Model contains large rhs,0.003,2000000000.0,0.005,2000.0,5.0,7000000000.0,1.0,10000000000.0,,,,,,,,,0.0,1.357814966,1.0,1.0,1.0,0.0,0.0,0.0,,,0.0,,,,700446.10365,,,1.359832,,,,1.359832,1.0,0.225563548106897,,,,,,,,BASE,BASE,,,,,,1.42723778163218e-09,2.8421709430404e-14,5.68106770515442e-08,2.0395964384079e-07,1425288.89904208,2.63187643963408,64887172.7162366,104507623.851774,2.8421709430404e-14,0.0,2.0395964384079e-07,0.0,0.0,0.0,0.0,0.0,0.0,0.0,0.0,0.0,0.0,-348889011.579949,22.4489228200255,0.0,104507623.851774,0.0,0.0,0.0,173.0,0.0,1080.0,0.0,0.0,0.0,0.0,-350643930.857821,,,,,,BASE,0.0,0,/clusteruy/home/mathiasr/generator-aware-row-scaling/results-revision/r3-hyperparam/simple-gurobi-1pct/win9/resultados/caso45f_base.csv,/clusteruy/home/mathiasr/generator-aware-row-scaling/results-revision/r3-hyperparam/simple-gurobi-1pct/win9/resultados/caso45f_base_postprocesado.csv,/clusteruy/home/mathiasr/generator-aware-row-scaling/results-revision/r3-hyperparam/simple-gurobi-1pct/win9/logs/caso45f_base.log
caso45f.txt,estructurado,OK,0,1.407500934,0.878274063424174,-348889011.57994914,-350644000.0,OPTIMAL,-351953213.2787928,1.0,8622.0,0.26,14400.0,10800.0,35590.0,10531.0,7956.0,27809.0,26.868055555555557,26.333333333333332,21.86288283225625,1,Model contains large bounds,1e-05,40000.0,0.005,2000.0,0.4,90000.0,1.0,10000000000.0,0.005999999999999999,1.0,0.0001607142857142857,1.0,2800000000000.0,7339000000.0,0.000228,1.0,0.074796084,1.482297018,0.9646991580610916,0.9646991580610916,0.9160208443460555,0.074796084,0.05314105461190408,-0.0033532591140800205,-1.1920928955078125e-07,-3.4168255689951434e-16,0.0,0.0,0.005999999999999999,0.0026210714285714288,11255.0,,0.016068331226843282,1.0,,,,1.0,1.359832,0.228536022231005,,,,,,,,OK,REVISAR,1.9073486328125e-06,0.0,1.1920928955078125e-07,104507623.851775,0.0,1.34660903346955e-08,2.3283064365387e-10,2.73827463388443e-07,9.5367431640625e-07,1425288.8990421,2.63187643963408,64887172.7162366,104507623.851775,3.63797880709171e-12,0.0,1.9073486328125e-06,0.0,0.0,0.0,0.0,0.0,4.0,0.0,0.0,0.0,0.0,-348889011.579949,22.4489228200255,0.0,104507623.851775,0.0,0.0,0.0,173.0,0.0,1084.0,0.0,0.0,0.0,0.0,-350643930.857822,-348889011.579949,0.0,0.0,igual,-11699.152578949928,OK,0.0,0,/clusteruy/home/mathiasr/generator-aware-row-scaling/results-revision/r3-hyperparam/simple-gurobi-1pct/win9/resultados/caso45f_estructurado.csv,/clusteruy/home/mathiasr/generator-aware-row-scaling/results-revision/r3-hyperparam/simple-gurobi-1pct/win9/resultados/caso45f_estructurado_postprocesado.csv,/clusteruy/home/mathiasr/generator-aware-row-scaling/results-revision/r3-hyperparam/simple-gurobi-1pct/win9/logs/caso45f_estructurado.log
caso46a.txt,base,OK,0,29.935559693,0.014400655258185,-323925452.924033,-391798000.0,OPTIMAL,-323972100.3118021,7737.0,291771.0,0.23,14400.0,10800.0,35590.0,10720.0,8791.0,28374.0,25.555555555555557,18.60185185185185,20.27535824669851,4,Model contains large bounds | Model contains large matrix coefficients | Model contains large rhs | max constraint violation (1.2177e-06) exceeds tolerance,0.003,2000000000.0,0.003,3000.0,5.0,7000000000.0,1.0,10000000000.0,,,,,,,,,0.0,29.935559693,1.0,1.0,1.0,0.0,0.0,0.0,,,0.0,,,,11646992.409231,,,33.708837,,0.034087,2.901889,33.708837,1.0,0.041984276182712,,,,,,,,BASE,BASE,,,,,,1.7064863455131e-09,2.84328116606501e-14,4.70364466309548e-08,3.3155083656311e-07,7479585.7952578,41.2593251185273,142579935.386374,804405287.709359,1.81898940354586e-12,0.0,1.21770426630974e-06,0.0,0.0,0.0,0.0,0.0,1.0,0.0,0.0,0.0,0.0,-323925452.924033,2387.75737983458,0.0,804405287.709359,0.0,0.0,0.0,530.0,0.0,904.0,0.0,0.0,0.0,0.0,-391797912.391727,,,,,,BASE,0.0,0,/clusteruy/home/mathiasr/generator-aware-row-scaling/results-revision/r3-hyperparam/simple-gurobi-1pct/win9/resultados/caso46a_base.csv,/clusteruy/home/mathiasr/generator-aware-row-scaling/results-revision/r3-hyperparam/simple-gurobi-1pct/win9/resultados/caso46a_base_postprocesado.csv,/clusteruy/home/mathiasr/generator-aware-row-scaling/results-revision/r3-hyperparam/simple-gurobi-1pct/win9/logs/caso46a_base.log
caso46a.txt,estructurado,OK,0,1.534233163,0.07211295383349,-323865570.57727075,-391034000.0,OPTIMAL,-324099119.6066637,1.0,7126.0,0.24,14400.0,10800.0,35590.0,10722.0,8793.0,28377.0,25.541666666666668,18.583333333333332,20.266928912615903,1,Model contains large bounds,1e-05,40000.0,0.003,3000.0,0.4,80000.0,1.0,10000000000.0,0.005999999999999999,1.0,0.00014285714285714287,1.0,2684000000000.0,6898000000.0,0.0002375,1.0,0.075364033,1.609597196,19.511740728159452,19.511740728159452,18.598168391068693,0.075364033,0.049121629500326475,-0.05771229857530501,59882.34676223993,0.00018486459221308412,764000.0,0.0019499844307525817,0.005999999999999999,0.0025700447093889717,35629.0,,0.003059072999117068,2.0,,,,2.0,16.8544185,0.248253541364642,,,,,,,,OK,REVISAR,1.16019509732723e-06,0.0,2.384185791015625e-07,804253074.854232,0.0,8.61328323247596e-09,4.65661287307739e-10,1.95638276636602e-07,2.60770320892334e-07,7895543.75965466,16.8392939855588,357822568.198346,804253074.854232,3.63797880709171e-12,0.0,1.16019509732723e-06,0.0,0.0,0.0,0.0,0.0,1.0,0.0,0.0,0.0,0.0,-323865570.577271,3498.43943407068,0.0,804253074.854232,0.0,0.0,0.0,567.0,0.0,905.0,0.0,0.0,0.0,0.0,-391033577.092635,-323865570.577271,59882.346762001514,0.0001848645922123481,empeora,-127019.2948616147,DIFIERE,28507000.0,3945,/clusteruy/home/mathiasr/generator-aware-row-scaling/results-revision/r3-hyperparam/simple-gurobi-1pct/win9/resultados/caso46a_estructurado.csv,/clusteruy/home/mathiasr/generator-aware-row-scaling/results-revision/r3-hyperparam/simple-gurobi-1pct/win9/resultados/caso46a_estructurado_postprocesado.csv,/clusteruy/home/mathiasr/generator-aware-row-scaling/results-revision/r3-hyperparam/simple-gurobi-1pct/win9/logs/caso46a_estructurado.log
caso46b.txt,base,OK,0,46.826191685,0.080633413277251,-337921271.16929483,-337621000.0,OPTIMAL,-338193748.6244285,10889.0,418831.0,0.23,14400.0,10800.0,35590.0,10720.0,8791.0,28374.0,25.555555555555557,18.60185185185185,20.27535824669851,4,Model contains large bounds | Model contains large matrix coefficients | Model contains large rhs | max constraint violation (1.0878e-06) exceeds tolerance,0.003,2000000000.0,0.003,3000.0,5.0,7000000000.0,1.0,10000000000.0,,,,,,,,,0.0,46.826191685,1.0,1.0,1.0,0.0,0.0,0.0,,,0.0,,,,54976943.100585,,,53.214066,,0.033072,4.279454,53.214066,1.0,0.03881907580543,,,,,,,,BASE,BASE,,,,,,4.08854421170754e-09,2.87040748808695e-11,9.91593697108329e-08,3.55765223503113e-07,207511.177927941,1.68412407162496,8290051.32172953,66584622.9480999,1.07288360595703e-06,0.0,1.08775566332042e-06,0.0,0.0,0.0,1.0,0.0,1.0,0.0,0.0,0.0,0.0,-337921271.169295,1309.40634649969,0.0,66584622.9480999,0.0,0.0,0.0,882.0,0.0,913.0,0.0,0.0,0.0,0.0,-337621258.9898,,,,,,BASE,0.0,0,/clusteruy/home/mathiasr/generator-aware-row-scaling/results-revision/r3-hyperparam/simple-gurobi-1pct/win9/resultados/caso46b_base.csv,/clusteruy/home/mathiasr/generator-aware-row-scaling/results-revision/r3-hyperparam/simple-gurobi-1pct/win9/resultados/caso46b_base_postprocesado.csv,/clusteruy/home/mathiasr/generator-aware-row-scaling/results-revision/r3-hyperparam/simple-gurobi-1pct/win9/logs/caso46b_base.log
caso46b.txt,estructurado,OK,0,2.558904965,0.041249966898415,-338157920.7374493,-338608000.0,OPTIMAL,-338297410.76781785,1.0,10538.0,0.24,14400.0,10800.0,35590.0,10722.0,8793.0,28377.0,25.541666666666668,18.583333333333332,20.266928912615903,1,Model contains large bounds,1e-05,40000.0,0.003,3000.0,0.4,80000.0,1.0,10000000000.0,0.005999999999999999,1.0,0.00014285714285714287,1.0,2684000000000.0,6898000000.0,0.0002375,1.0,0.075549585,2.63445455,18.299308620474694,18.299308620474694,17.77453009580294,0.075549585,0.029524185553331014,0.039383446378836,-236649.56815445423,-0.0007003097713724431,-987000.0,-0.0029233963527150264,0.005999999999999999,0.0025700447093889717,1741138.0,,0.03167033126622627,2.0,,0.0,2.0,2.0,26.607033,0.170859463899921,,,,,,,,OK,REVISAR,1.9073486328125e-06,0.0,2.980232238769531e-07,19794688.5875431,0.0,1.13303739581224e-08,9.78179741650816e-09,3.02706466754899e-07,2.70083546638489e-07,118386.971053705,1.55865481091713,2566879.86299352,19794688.5875431,1.81898940354586e-12,0.0,1.9073486328125e-06,0.0,0.0,0.0,0.0,0.0,12.0,0.0,0.0,0.0,0.0,-338157920.737449,838.655533549922,0.0,19794688.5875431,0.0,0.0,0.0,1234.0,0.0,926.0,0.0,0.0,0.0,0.0,-338607572.512436,-338157920.737449,-236649.5681541562,0.0007003097713715612,mejora,-103662.14338934422,DIFIERE,138923000.0,5002,/clusteruy/home/mathiasr/generator-aware-row-scaling/results-revision/r3-hyperparam/simple-gurobi-1pct/win9/resultados/caso46b_estructurado.csv,/clusteruy/home/mathiasr/generator-aware-row-scaling/results-revision/r3-hyperparam/simple-gurobi-1pct/win9/resultados/caso46b_estructurado_postprocesado.csv,/clusteruy/home/mathiasr/generator-aware-row-scaling/results-revision/r3-hyperparam/simple-gurobi-1pct/win9/logs/caso46b_estructurado.log
caso46c.txt,base,OK,0,52.21938046,0.923296925154536,-327058114.2733543,-326912000.0,OPTIMAL,-330077831.7859086,9243.0,398573.0,0.23,14400.0,10800.0,35590.0,10720.0,8791.0,28374.0,25.555555555555557,18.60185185185185,20.27535824669851,4,Model contains large bounds | Model contains large matrix coefficients | Model contains large rhs | max constraint violation (1.0857e-06) exceeds tolerance,0.003,2000000000.0,0.005,3000.0,5.0,7000000000.0,1.0,10000000000.0,,,,,,,,,0.0,52.21938046,1.0,1.0,1.0,0.0,0.0,0.0,,,0.0,,,,69025678.012947,,,62.000442,,0.033172,3.246698,62.000442,1.0,0.03596644987818,,,,,,,,BASE,BASE,,,,,,3.95645171234811e-09,7.20413173560525e-12,9.69914253801111e-08,3.07336449623108e-07,429219.823290019,1.62837277125946,14036680.9710541,244958725.621369,1.81898940354586e-12,0.0,1.08568929135799e-06,0.0,0.0,0.0,0.0,0.0,2.0,0.0,0.0,0.0,0.0,-327058114.273354,1187.32887102781,0.0,244958725.621369,0.0,0.0,0.0,661.0,0.0,870.0,0.0,0.0,0.0,0.0,-326912103.379332,,,,,,BASE,0.0,0,/clusteruy/home/mathiasr/generator-aware-row-scaling/results-revision/r3-hyperparam/simple-gurobi-1pct/win9/resultados/caso46c_base.csv,/clusteruy/home/mathiasr/generator-aware-row-scaling/results-revision/r3-hyperparam/simple-gurobi-1pct/win9/resultados/caso46c_base_postprocesado.csv,/clusteruy/home/mathiasr/generator-aware-row-scaling/results-revision/r3-hyperparam/simple-gurobi-1pct/win9/logs/caso46c_base.log
caso46c.txt,estructurado,OK,0,2.192165123,0.040394097029317,-329971475.4752688,-330427000.0,OPTIMAL,-330104764.4732413,1.0,10606.0,0.24,14400.0,10800.0,35590.0,10722.0,8793.0,28377.0,25.541666666666668,18.583333333333332,20.266928912615903,1,Model contains large bounds,1e-05,40000.0,0.005,3000.0,0.4,80000.0,1.0,10000000000.0,0.005999999999999999,1.0,0.00014285714285714287,1.0,2684000000000.0,6898000000.0,0.0002375,1.0,0.077084596,2.2692497190000003,23.820915638205783,23.820915638205783,23.011738207028063,0.077084596,0.03516368141762467,0.882902828125219,-2913361.2019144893,-0.008907778387909097,-3515000.0,-0.010752129013312451,0.005999999999999999,0.0025700447093889717,3544911.0,,0.051356409702126925,2.0,,0.0,2.0,2.0,31.000221,0.192756304696307,,,,,,,,OK,REVISAR,1.4345278032124e-06,0.0,2.384185791015625e-07,341588386.532915,0.0,1.16567924722954e-08,9.78034222498534e-09,3.60724516212942e-07,2.19792127609253e-07,398788.44725671,1.69019059906208,9947765.20987308,341588386.532915,3.63797880709171e-12,0.0,1.4345278032124e-06,0.0,0.0,0.0,0.0,0.0,4.0,0.0,0.0,0.0,0.0,-329971475.475269,1027.90349210107,0.0,341588386.532915,0.0,0.0,0.0,934.0,0.0,874.0,0.0,0.0,0.0,0.0,-330426542.5571,-329971475.475269,-2913361.2019147277,0.008907778387909826,mejora,-26932.687332749367,DIFIERE,57152000.0,4223,/clusteruy/home/mathiasr/generator-aware-row-scaling/results-revision/r3-hyperparam/simple-gurobi-1pct/win9/resultados/caso46c_estructurado.csv,/clusteruy/home/mathiasr/generator-aware-row-scaling/results-revision/r3-hyperparam/simple-gurobi-1pct/win9/resultados/caso46c_estructurado_postprocesado.csv,/clusteruy/home/mathiasr/generator-aware-row-scaling/results-revision/r3-hyperparam/simple-gurobi-1pct/win9/logs/caso46c_estructurado.log
caso46d.txt,base,OK,0,1.477127067,0.487175453543645,-240367924.22816622,-260177000.0,OPTIMAL,-241538937.75319824,1.0,8408.0,0.24,14400.0,10800.0,35590.0,10730.0,8444.0,28281.0,25.48611111111111,21.814814814814813,20.536667603259342,3,Model contains large bounds | Model contains large matrix coefficients | Model contains large rhs,0.003,2000000000.0,0.003,2000.0,5.0,7000000000.0,1.0,10000000000.0,,,,,,,,,0.0,1.477127067,1.0,1.0,1.0,0.0,0.0,0.0,,,0.0,,,,83674438.991545,,,1.359962,,,,1.359962,1.0,0.288215109893966,,,,,,,,BASE,BASE,,,,,,1.37003597814924e-09,1.4210854715202e-14,5.02914190292358e-08,1.9371509552002e-07,6316301.48936456,4.10256723134228,70155154.361587,861977581.128379,4.54747350886464e-13,0.0,3.22703272104263e-07,0.0,0.0,0.0,0.0,0.0,0.0,0.0,0.0,0.0,0.0,-240367924.228166,1757.8599036555,0.0,861977581.128379,0.0,0.0,0.0,231.0,0.0,949.0,0.0,0.0,0.0,0.0,-260176523.589111,,,,,,BASE,0.0,0,/clusteruy/home/mathiasr/generator-aware-row-scaling/results-revision/r3-hyperparam/simple-gurobi-1pct/win9/resultados/caso46d_base.csv,/clusteruy/home/mathiasr/generator-aware-row-scaling/results-revision/r3-hyperparam/simple-gurobi-1pct/win9/resultados/caso46d_base_postprocesado.csv,/clusteruy/home/mathiasr/generator-aware-row-scaling/results-revision/r3-hyperparam/simple-gurobi-1pct/win9/logs/caso46d_base.log
caso46d.txt,estructurado,OK,0,1.463790322,0.487431017895203,-240367924.22816658,-260177000.0,OPTIMAL,-241539552.0479255,1.0,7446.0,0.25,14400.0,10800.0,35590.0,10732.0,8446.0,28285.0,25.47222222222222,21.796296296296298,20.5254284911492,1,Model contains large bounds,1e-05,40000.0,0.003,2000.0,0.4,80000.0,1.0,10000000000.0,0.005999999999999999,1.0,0.00014285714285714287,1.0,2684000000000.0,6898000000.0,0.0002375,1.0,0.075725397,1.539515719,1.0091111034138947,1.0091111034138947,0.9594751445340716,0.075725397,0.051732407204697996,-0.00025556435155799084,-3.5762786865234375e-07,-1.4878352417474387e-15,0.0,0.0,0.005999999999999999,0.0025700447093889717,3931497.0,,0.046985639191405436,1.0,,,,1.0,1.359962,0.27518397353065,,,,,,,,OK,REVISAR,3.18804522976279e-05,0.0,4.172325134277344e-07,861977581.128369,0.0,1.09369602602139e-08,2.3283064365387e-10,1.44364312291146e-07,2.29105353355408e-07,6370583.09896803,4.10256723134231,70155154.3615773,861977581.128369,9.5367431640625e-07,0.0,3.18804522976279e-05,0.0,0.0,0.0,0.0,0.0,3.0,0.0,0.0,0.0,0.0,-240367924.228167,1757.8599036555,0.0,861977581.128369,0.0,0.0,0.0,231.0,0.0,952.0,0.0,0.0,0.0,0.0,-260176523.589111,-240367924.228167,-7.748603820800781e-07,3.2236430237861173e-15,igual,-614.2947272658348,DIFIERE,61.379999999999995,48,/clusteruy/home/mathiasr/generator-aware-row-scaling/results-revision/r3-hyperparam/simple-gurobi-1pct/win9/resultados/caso46d_estructurado.csv,/clusteruy/home/mathiasr/generator-aware-row-scaling/results-revision/r3-hyperparam/simple-gurobi-1pct/win9/resultados/caso46d_estructurado_postprocesado.csv,/clusteruy/home/mathiasr/generator-aware-row-scaling/results-revision/r3-hyperparam/simple-gurobi-1pct/win9/logs/caso46d_estructurado.log
caso46e.txt,base,OK,0,1.810651005,0.42216914240483,-255482660.9559105,-256853000.0,OPTIMAL,-256561229.9146611,1.0,9552.0,0.24,14400.0,10800.0,35590.0,10730.0,8444.0,28281.0,25.48611111111111,21.814814814814813,20.536667603259342,3,Model contains large bounds | Model contains large matrix coefficients | Model contains large rhs,0.003,2000000000.0,0.003,2000.0,5.0,7000000000.0,1.0,10000000000.0,,,,,,,,,0.0,1.810651005,1.0,1.0,1.0,0.0,0.0,0.0,,,0.0,,,,3471313.897363,,,1.635601,,,,1.635601,1.0,0.263028829605209,,,,,,,,BASE,BASE,,,,,,3.97898436085919e-09,2.78257417107843e-12,1.15488655865193e-07,3.85567545890808e-07,596013.322164547,1.61844911624649,25189327.8412379,77283261.3449891,2.8421709430404e-14,0.0,4.76371496915817e-07,0.0,0.0,0.0,0.0,0.0,0.0,0.0,0.0,0.0,0.0,-255482660.95591,546.561482649195,0.0,77283261.3449891,0.0,0.0,0.0,641.0,0.0,952.0,0.0,0.0,0.0,0.0,-256852795.233344,,,,,,BASE,0.0,0,/clusteruy/home/mathiasr/generator-aware-row-scaling/results-revision/r3-hyperparam/simple-gurobi-1pct/win9/resultados/caso46e_base.csv,/clusteruy/home/mathiasr/generator-aware-row-scaling/results-revision/r3-hyperparam/simple-gurobi-1pct/win9/resultados/caso46e_base_postprocesado.csv,/clusteruy/home/mathiasr/generator-aware-row-scaling/results-revision/r3-hyperparam/simple-gurobi-1pct/win9/logs/caso46e_base.log
caso46e.txt,estructurado,OK,0,1.753865502,0.42240958719722,-255482660.9559106,-256853000.0,OPTIMAL,-256561844.20941493,1.0,8707.0,0.25,14400.0,10800.0,35590.0,10732.0,8446.0,28285.0,25.47222222222222,21.796296296296298,20.5254284911492,1,Model contains large bounds,1e-05,40000.0,0.003,2000.0,0.4,80000.0,1.0,10000000000.0,0.005999999999999999,1.0,0.00014285714285714287,1.0,2684000000000.0,6898000000.0,0.0002375,1.0,0.074575719,1.828441221,1.0323773418972237,1.0323773418972237,0.9902702827984428,0.074575719,0.04252077420700644,-0.00024044479238999328,-8.940696716308594e-08,-3.499531703191208e-16,0.0,0.0,0.005999999999999999,0.0025700447093889717,65948.0,,0.01899799382882018,2.0,,,,2.0,0.8178005,0.25101198830786,,,,,,,,OK,REVISAR,1.10315158963203e-06,0.0,4.172325134277344e-07,77283261.3449891,0.0,1.12514511797461e-08,5.58793544769287e-09,3.21567640639842e-07,2.45869159698486e-07,596013.322164552,1.61844911624659,25189327.8412378,77283261.3449891,1.45519152283669e-11,0.0,1.10315158963203e-06,0.0,0.0,0.0,0.0,0.0,3.0,0.0,0.0,0.0,0.0,-255482660.955911,546.561482649187,0.0,77283261.3449891,0.0,0.0,0.0,641.0,0.0,955.0,0.0,0.0,0.0,0.0,-256852795.233344,-255482660.955911,-5.066394805908203e-07,1.9830679651416846e-15,igual,-614.294753819704,OK,0.0,0,/clusteruy/home/mathiasr/generator-aware-row-scaling/results-revision/r3-hyperparam/simple-gurobi-1pct/win9/resultados/caso46e_estructurado.csv,/clusteruy/home/mathiasr/generator-aware-row-scaling/results-revision/r3-hyperparam/simple-gurobi-1pct/win9/resultados/caso46e_estructurado_postprocesado.csv,/clusteruy/home/mathiasr/generator-aware-row-scaling/results-revision/r3-hyperparam/simple-gurobi-1pct/win9/logs/caso46e_estructurado.log
caso46f.txt,base,OK,0,1.579416515,0.466994354435509,-247105356.72010505,-249308000.0,OPTIMAL,-248259324.78549567,1.0,9026.0,0.24,14400.0,10800.0,35590.0,10730.0,8444.0,28281.0,25.48611111111111,21.814814814814813,20.536667603259342,3,Model contains large bounds | Model contains large matrix coefficients | Model contains large rhs,0.003,2000000000.0,0.005,2000.0,5.0,7000000000.0,1.0,10000000000.0,,,,,,,,,0.0,1.579416515,1.0,1.0,1.0,0.0,0.0,0.0,,,0.0,,,,2564729.61342,,,1.427938,,,,1.427938,1.0,0.285533330208687,,,,,,,,BASE,BASE,,,,,,2.67545879705418e-09,5.6843418860808e-14,7.82310962677002e-08,3.42726707458496e-07,880573.247721778,1.4980663000922,24377951.662193,393657488.537859,4.54747350886464e-13,0.0,7.85745214670897e-07,0.0,0.0,0.0,0.0,0.0,0.0,0.0,0.0,0.0,0.0,-247105356.720105,738.31788247716,0.0,393657488.537859,0.0,0.0,0.0,558.0,0.0,938.0,0.0,0.0,0.0,0.0,-249307841.105938,,,,,,BASE,0.0,0,/clusteruy/home/mathiasr/generator-aware-row-scaling/results-revision/r3-hyperparam/simple-gurobi-1pct/win9/resultados/caso46f_base.csv,/clusteruy/home/mathiasr/generator-aware-row-scaling/results-revision/r3-hyperparam/simple-gurobi-1pct/win9/resultados/caso46f_base_postprocesado.csv,/clusteruy/home/mathiasr/generator-aware-row-scaling/results-revision/r3-hyperparam/simple-gurobi-1pct/win9/logs/caso46f_base.log
caso46f.txt,estructurado,OK,0,1.804461244,0.467242950758966,-247105356.72010523,-249305000.0,OPTIMAL,-248259939.08032772,1.0,10008.0,0.25,14400.0,10800.0,35590.0,10732.0,8446.0,28285.0,25.47222222222222,21.796296296296298,20.5254284911492,1,Model contains large bounds,1e-05,40000.0,0.005,2000.0,0.4,80000.0,1.0,10000000000.0,0.005999999999999999,1.0,0.00014285714285714287,1.0,2684000000000.0,6898000000.0,0.0002375,1.0,0.074739132,1.879200376,0.8752842546503592,0.8752842546503592,0.8404726473937231,0.074739132,0.04141908408867993,-0.00024859632345697324,-1.7881393432617188e-07,-7.236343910128726e-16,3000.0,1.2033308197089545e-05,0.005999999999999999,0.0025700447093889717,35993.0,,0.014033838035661106,2.0,,,,2.0,0.713969,0.235180626410894,,,,,,,,OK,REVISAR,1.9073486328125e-06,0.0,2.384185791015625e-07,393657488.537859,0.0,1.24320750281722e-08,1.86264514923096e-09,4.21468866989018e-07,2.57045030593872e-07,880084.825904784,1.49431536010783,24377951.6621927,393657488.537859,7.27595761418343e-12,0.0,1.9073486328125e-06,0.0,0.0,0.0,0.0,0.0,5.0,0.0,0.0,0.0,0.0,-247105356.720105,738.317882477153,0.0,393657488.537859,0.0,0.0,0.0,555.0,0.0,943.0,0.0,0.0,0.0,0.0,-249304778.320891,-247105356.720105,5.960464477539063e-08,2.4121146367095753e-16,igual,-614.2948320508003,DIFIERE,176.854,35,/clusteruy/home/mathiasr/generator-aware-row-scaling/results-revision/r3-hyperparam/simple-gurobi-1pct/win9/resultados/caso46f_estructurado.csv,/clusteruy/home/mathiasr/generator-aware-row-scaling/results-revision/r3-hyperparam/simple-gurobi-1pct/win9/resultados/caso46f_estructurado_postprocesado.csv,/clusteruy/home/mathiasr/generator-aware-row-scaling/results-revision/r3-hyperparam/simple-gurobi-1pct/win9/logs/caso46f_estructurado.log
caso47a.txt,base,OK,0,2.554328755,0.000524245611071,-201163907.71556535,-232892000.0,OPTIMAL,-201164962.3085226,1.0,11880.0,0.24,14400.0,10800.0,35590.0,10382.0,8582.0,28309.0,27.90277777777778,20.537037037037038,20.45799381848834,4,Model contains large bounds | Model contains large matrix coefficients | Model contains large rhs | max constraint violation (1.0201e-06) exceeds tolerance,0.003,2000000000.0,0.003,3000.0,5.0,7000000000.0,1.0,10000000000.0,,,,,,,,,0.0,2.554328755,1.0,1.0,1.0,0.0,0.0,0.0,,,0.0,,,,13882178.42665,,,2.052361,,0.036951,2.292624,2.052361,1.0,0.11967909138099,,,,,,,,BASE,BASE,,,,,,3.57955767309668e-09,1.4210854715202e-14,9.31322574615479e-08,1.02014746516943e-06,4045903.12801552,3.93098335194397,89679865.9411565,778625760.426968,9.09494701772928e-13,0.0,1.02014746516943e-06,0.0,0.0,0.0,0.0,0.0,1.0,0.0,0.0,0.0,0.0,-201163907.715565,1065.67351107924,0.0,778625760.426968,0.0,0.0,0.0,498.0,0.0,797.0,0.0,0.0,0.0,0.0,-232892304.971353,,,,,,BASE,0.0,0,/clusteruy/home/mathiasr/generator-aware-row-scaling/results-revision/r3-hyperparam/simple-gurobi-1pct/win9/resultados/caso47a_base.csv,/clusteruy/home/mathiasr/generator-aware-row-scaling/results-revision/r3-hyperparam/simple-gurobi-1pct/win9/resultados/caso47a_base_postprocesado.csv,/clusteruy/home/mathiasr/generator-aware-row-scaling/results-revision/r3-hyperparam/simple-gurobi-1pct/win9/logs/caso47a_base.log
caso47a.txt,estructurado,OK,0,1.588208541,0.002929737403937,-201162355.05152863,-229488000.0,OPTIMAL,-201168248.58028722,1.0,8827.0,0.24,14400.0,10800.0,35590.0,10384.0,8583.0,28198.0,27.88888888888889,20.52777777777778,20.769879179544816,1,Model contains large bounds,1e-05,40000.0,0.003,3000.0,0.5,80000.0,1.0,10000000000.0,0.005999999999999999,1.0,0.00011428571428571428,1.0,2616000000000.0,6622000000.0,0.0002442,1.0,0.074944366,1.663152907,1.6083081591991009,1.6083081591991009,1.5358351864396553,0.074944366,0.04718798826809734,-0.0024054917928660003,1552.6640367209911,7.718402641672543e-06,3404000.0,0.014616216958933755,0.005999999999999999,0.0025313455657492356,579561.0,,0.041748562955177176,2.0,,,,2.0,1.0261805,0.237921813724161,,,,,,,,OK,REVISAR,1.35297887027264e-06,0.0,3.5762786865234375e-07,778201791.372428,0.0,5.07354577651374e-09,4.65661287307739e-10,1.72783620655537e-07,1.35297887027264e-06,4874861.28972242,3.02073813485422,116299260.803546,778201791.372428,1.81898940354586e-12,0.0,1.35297887027264e-06,0.0,0.0,0.0,0.0,0.0,2.0,0.0,0.0,0.0,0.0,-201162355.051529,1065.67351107924,0.0,778201791.372428,0.0,0.0,0.0,546.0,0.0,802.0,0.0,0.0,0.0,0.0,-229488182.254524,-201162355.051529,1552.6640363633633,7.71840263989475e-06,empeora,-3286.2717646062374,DIFIERE,24150000.0,3299,/clusteruy/home/mathiasr/generator-aware-row-scaling/results-revision/r3-hyperparam/simple-gurobi-1pct/win9/resultados/caso47a_estructurado.csv,/clusteruy/home/mathiasr/generator-aware-row-scaling/results-revision/r3-hyperparam/simple-gurobi-1pct/win9/resultados/caso47a_estructurado_postprocesado.csv,/clusteruy/home/mathiasr/generator-aware-row-scaling/results-revision/r3-hyperparam/simple-gurobi-1pct/win9/logs/caso47a_estructurado.log
caso47b.txt,base,OK,0,1.319320515,0.37925671917314,-213748015.81037778,-209656000.0,OPTIMAL,-214558669.5224379,1.0,10064.0,0.23,14400.0,10800.0,35590.0,10382.0,8582.0,28309.0,27.90277777777778,20.537037037037038,20.45799381848834,3,Model contains large bounds | Model contains large matrix coefficients | Model contains large rhs,0.003,2000000000.0,0.003,3000.0,5.0,7000000000.0,1.0,10000000000.0,,,,,,,,,0.0,1.319320515,1.0,1.0,1.0,0.0,0.0,0.0,,,0.0,,,,91437018.419531,,,1.413123,,,,1.413123,1.0,0.229506158482136,,,,,,,,BASE,BASE,,,,,,5.90729088439423e-10,7.14983627858536e-15,2.50304583460093e-08,1.19209289550781e-07,147527.064145801,1.30297980500012,7672299.20901037,11903968.1440496,3.63797880709171e-12,0.0,1.19209289550781e-07,0.0,0.0,0.0,0.0,0.0,0.0,0.0,0.0,0.0,0.0,-213748015.810378,712.376582212404,0.0,11903968.1440496,0.0,0.0,0.0,394.0,0.0,721.0,0.0,0.0,0.0,0.0,-209656088.233446,,,,,,BASE,0.0,0,/clusteruy/home/mathiasr/generator-aware-row-scaling/results-revision/r3-hyperparam/simple-gurobi-1pct/win9/resultados/caso47b_base.csv,/clusteruy/home/mathiasr/generator-aware-row-scaling/results-revision/r3-hyperparam/simple-gurobi-1pct/win9/resultados/caso47b_base_postprocesado.csv,/clusteruy/home/mathiasr/generator-aware-row-scaling/results-revision/r3-hyperparam/simple-gurobi-1pct/win9/logs/caso47b_base.log
caso47b.txt,estructurado,OK,0,1.635347013,0.013290571470279,-214530351.03179362,-214261000.0,OPTIMAL,-214558863.34142295,1.0,9232.0,0.24,14400.0,10800.0,35590.0,10384.0,8583.0,28198.0,27.88888888888889,20.52777777777778,20.769879179544816,1,Model contains large bounds,1e-05,40000.0,0.003,3000.0,0.5,80000.0,1.0,10000000000.0,0.005999999999999999,1.0,0.00011428571428571428,1.0,2616000000000.0,6622000000.0,0.0002442,1.0,0.075168006,1.710515019,0.8067526369096074,0.8067526369096074,0.7713001641875674,0.075168006,0.045964560061235143,0.365966147702861,-782335.2214158475,-0.003660081795144617,-4605000.0,-0.021964551455717938,0.005999999999999999,0.0025313455657492356,1071221.0,,0.011715397314083751,2.0,,,,2.0,0.7065615,0.247399407529205,,,,,,,,OK,REVISAR,1.34680885821581e-06,0.0,3.8743019104003906e-07,34567373.4537583,0.0,7.66853927442202e-09,5.58793544769287e-09,2.16532498598099e-07,1.34680885821581e-06,207647.935236643,1.08224648481521,5480686.59943742,34567373.4537583,3.63797880709171e-12,0.0,1.34680885821581e-06,0.0,0.0,0.0,0.0,0.0,8.0,0.0,0.0,0.0,0.0,-214530351.031794,2009.63444027295,0.0,34567373.4537583,0.0,0.0,0.0,954.0,0.0,829.0,0.0,0.0,0.0,0.0,-214261461.633249,-214530351.031794,-782335.221416235,0.00366008179514643,mejora,-193.8189850449562,DIFIERE,904891000.0,5262,/clusteruy/home/mathiasr/generator-aware-row-scaling/results-revision/r3-hyperparam/simple-gurobi-1pct/win9/resultados/caso47b_estructurado.csv,/clusteruy/home/mathiasr/generator-aware-row-scaling/results-revision/r3-hyperparam/simple-gurobi-1pct/win9/resultados/caso47b_estructurado_postprocesado.csv,/clusteruy/home/mathiasr/generator-aware-row-scaling/results-revision/r3-hyperparam/simple-gurobi-1pct/win9/logs/caso47b_estructurado.log
caso47c.txt,base,OK,0,12.371329337,0.000462231338109,-207205404.73201454,-220163000.0,OPTIMAL,-207206362.50032946,364.0,59393.0,0.23,14400.0,10800.0,35590.0,10382.0,8582.0,28309.0,27.90277777777778,20.537037037037038,20.45799381848834,3,Model contains large bounds | Model contains large matrix coefficients | Model contains large rhs,0.003,2000000000.0,0.005,3000.0,5.0,7000000000.0,1.0,10000000000.0,,,,,,,,,0.0,12.371329337,1.0,1.0,1.0,0.0,0.0,0.0,,,0.0,,,,75935839.052864,,,12.039144,,0.016535,4.341309,12.039144,1.0,0.034302509299882,,,,,,,,BASE,BASE,,,,,,4.80348001813574e-09,2.8421709430404e-14,1.28532992675901e-07,9.5367431640625e-07,2141567.46430504,1.42055719415975,63690844.02316,862870434.64383,9.5367431640625e-07,0.0,9.5367431640625e-07,0.0,0.0,0.0,0.0,0.0,0.0,0.0,0.0,0.0,0.0,-207205404.732015,855.017119354277,0.0,862870434.64383,0.0,0.0,0.0,327.0,0.0,778.0,0.0,0.0,0.0,0.0,-220162789.425378,,,,,,BASE,0.0,0,/clusteruy/home/mathiasr/generator-aware-row-scaling/results-revision/r3-hyperparam/simple-gurobi-1pct/win9/resultados/caso47c_base.csv,/clusteruy/home/mathiasr/generator-aware-row-scaling/results-revision/r3-hyperparam/simple-gurobi-1pct/win9/resultados/caso47c_base_postprocesado.csv,/clusteruy/home/mathiasr/generator-aware-row-scaling/results-revision/r3-hyperparam/simple-gurobi-1pct/win9/logs/caso47c_base.log
caso47c.txt,estructurado,OK,0,1.671289661,0.007053152281149,-207197621.19036293,-212410000.0,OPTIMAL,-207212235.1541084,1.0,8781.0,0.24,14400.0,10800.0,35590.0,10384.0,8583.0,28198.0,27.88888888888889,20.52777777777778,20.769879179544816,1,Model contains large bounds,1e-05,40000.0,0.005,3000.0,0.5,80000.0,1.0,10000000000.0,0.005999999999999999,1.0,0.00011428571428571428,1.0,2616000000000.0,6622000000.0,0.0002442,1.0,0.074356276,1.7456459370000001,7.402265224089123,7.402265224089123,7.086963670457075,0.074356276,0.044490358395150746,-0.00659092094304,7783.54165160656,3.7564375609184836e-05,7753000.0,0.035214818112035175,0.005999999999999999,0.0025313455657492356,546932.0,,0.007202554246081934,2.0,,,,2.0,6.019572,0.234380473378052,,,,,,,,OK,REVISAR,1.9073486328125e-06,0.0,5.960464477539063e-08,385418423.018256,0.0,7.24869688071514e-09,3.72529029846191e-09,2.27487180382014e-07,1.9073486328125e-06,1645517.49181092,0.818753132003137,39552555.7797322,385418423.018256,3.63797880709171e-12,0.0,1.9073486328125e-06,0.0,0.0,0.0,0.0,0.0,5.0,0.0,0.0,0.0,0.0,-207197621.190363,1350.12848186604,0.0,385418423.018256,0.0,0.0,0.0,476.0,0.0,797.0,0.0,0.0,0.0,0.0,-212409657.424756,-207197621.190363,7783.541651546955,3.756437560889718e-05,empeora,-5872.653778940439,DIFIERE,104490000.0,4576,/clusteruy/home/mathiasr/generator-aware-row-scaling/results-revision/r3-hyperparam/simple-gurobi-1pct/win9/resultados/caso47c_estructurado.csv,/clusteruy/home/mathiasr/generator-aware-row-scaling/results-revision/r3-hyperparam/simple-gurobi-1pct/win9/resultados/caso47c_estructurado_postprocesado.csv,/clusteruy/home/mathiasr/generator-aware-row-scaling/results-revision/r3-hyperparam/simple-gurobi-1pct/win9/logs/caso47c_estructurado.log
caso47d.txt,base,OK,0,2.579677773,5.04156431e-07,-185771587.76484415,-200397000.0,OPTIMAL,-185771588.70142356,1.0,10057.0,0.24,14400.0,10800.0,35590.0,10688.0,8576.0,28903.0,25.77777777777778,20.59259259259259,18.78898567013206,3,Model contains large bounds | Model contains large matrix coefficients | Model contains large rhs,0.003,2000000000.0,0.003,2000.0,5.0,7000000000.0,1.0,10000000000.0,,,,,,,,,0.0,2.579677773,1.0,1.0,1.0,0.0,0.0,0.0,,,0.0,,,,2619578.959935,,,2.078675,,,,2.078675,1.0,0.641698716372916,,,,,,,,BASE,BASE,,,,,,2.13952407820547e-09,1.4210854715202e-14,7.91624188423157e-08,5.28059899806976e-07,5512928.2133217,8.57625930040317,122166423.128627,857990509.181746,4.54747350886464e-13,0.0,5.28059899806976e-07,0.0,0.0,0.0,0.0,0.0,0.0,0.0,0.0,0.0,0.0,-185771587.764844,1279.35894895974,0.0,857990509.181746,0.0,0.0,0.0,277.0,0.0,908.0,0.0,0.0,0.0,0.0,-200396763.631042,,,,,,BASE,0.0,0,/clusteruy/home/mathiasr/generator-aware-row-scaling/results-revision/r3-hyperparam/simple-gurobi-1pct/win9/resultados/caso47d_base.csv,/clusteruy/home/mathiasr/generator-aware-row-scaling/results-revision/r3-hyperparam/simple-gurobi-1pct/win9/resultados/caso47d_base_postprocesado.csv,/clusteruy/home/mathiasr/generator-aware-row-scaling/results-revision/r3-hyperparam/simple-gurobi-1pct/win9/logs/caso47d_base.log
caso47d.txt,estructurado,OK,0,1.586013242,0.037156599314024,-185706209.79237187,-201407000.0,OPTIMAL,-185775211.90464568,1.0,8400.0,0.24,14400.0,10800.0,35590.0,10690.0,8577.0,28810.0,25.76388888888889,20.583333333333332,19.05029502669289,1,Model contains large bounds,1e-05,40000.0,0.003,2000.0,0.5,80000.0,1.0,10000000000.0,0.005999999999999999,1.0,0.00011428571428571428,1.0,2616000000000.0,6622000000.0,0.0002442,1.0,0.075524183,1.661537425,1.6265171719165255,1.6265171719165255,1.5525848134296463,0.075524183,0.04761888551747666,-0.037156095157593,65377.972472280264,0.00035192664959637356,-1010000.0,-0.005039995608716697,0.005999999999999999,0.0025313455657492356,1488006.0,,0.5680325055126119,2.0,,,,2.0,1.0393375,0.243022798276371,,,,,,,,OK,REVISAR,1.31572596728802e-06,0.0,1.1920928955078125e-07,860339472.641087,0.0,3.86321314490441e-09,3.63797880709171e-12,1.21071934700012e-07,9.5384893938899e-07,7123949.02459776,9.38699420349184,150263218.827214,860339472.641087,3.63797880709171e-12,0.0,1.31572596728802e-06,0.0,0.0,0.0,0.0,0.0,1.0,0.0,0.0,0.0,0.0,-185706209.792372,1275.50379930725,0.0,860339472.641087,0.0,0.0,0.0,390.0,0.0,912.0,0.0,0.0,0.0,0.0,-201407030.101792,-185706209.792372,65377.972472161055,0.0003519266495957319,empeora,-3623.2032221257687,DIFIERE,9220000.0,4571,/clusteruy/home/mathiasr/generator-aware-row-scaling/results-revision/r3-hyperparam/simple-gurobi-1pct/win9/resultados/caso47d_estructurado.csv,/clusteruy/home/mathiasr/generator-aware-row-scaling/results-revision/r3-hyperparam/simple-gurobi-1pct/win9/resultados/caso47d_estructurado_postprocesado.csv,/clusteruy/home/mathiasr/generator-aware-row-scaling/results-revision/r3-hyperparam/simple-gurobi-1pct/win9/logs/caso47d_estructurado.log
caso47e.txt,base,OK,0,6.971974914,0.177834581945115,-198116852.0617683,-204452000.0,OPTIMAL,-198469172.33739516,20.0,16421.0,0.23,14400.0,10800.0,35590.0,10688.0,8576.0,28903.0,25.77777777777778,20.59259259259259,18.78898567013206,4,Model contains large bounds | Model contains large matrix coefficients | Model contains large rhs | max constraint violation (1.0550e-06) exceeds tolerance,0.003,2000000000.0,0.003,2000.0,5.0,7000000000.0,1.0,10000000000.0,,,,,,,,,0.0,6.971974914,1.0,1.0,1.0,0.0,0.0,0.0,,,0.0,,,,22342684.612741,,,5.107287,,0.511279,5.794117,5.107287,1.0,0.533028893380095,,,,,,,,BASE,BASE,,,,,,3.89703162558025e-09,3.53180817924677e-12,1.08042731881142e-07,1.05495564639568e-06,774774.571399553,9.83364702704578,32672964.2945723,811539614.700126,7.15255737304688e-07,0.0,1.05495564639568e-06,0.0,0.0,0.0,0.0,0.0,1.0,0.0,0.0,0.0,0.0,-198116852.061768,955.25101031884,0.0,811539614.700126,0.0,0.0,0.0,986.0,0.0,909.0,0.0,0.0,0.0,0.0,-204452144.506956,,,,,,BASE,0.0,0,/clusteruy/home/mathiasr/generator-aware-row-scaling/results-revision/r3-hyperparam/simple-gurobi-1pct/win9/resultados/caso47e_base.csv,/clusteruy/home/mathiasr/generator-aware-row-scaling/results-revision/r3-hyperparam/simple-gurobi-1pct/win9/resultados/caso47e_base_postprocesado.csv,/clusteruy/home/mathiasr/generator-aware-row-scaling/results-revision/r3-hyperparam/simple-gurobi-1pct/win9/logs/caso47e_base.log
caso47e.txt,estructurado,OK,0,1.947630794,0.068877957220367,-198374567.74257398,-198343000.0,OPTIMAL,-198511204.0924798,1.0,10287.0,0.24,14400.0,10800.0,35590.0,10690.0,8577.0,28810.0,25.76388888888889,20.583333333333332,19.05029502669289,1,Model contains large bounds,1e-05,40000.0,0.003,2000.0,0.5,80000.0,1.0,10000000000.0,0.005999999999999999,1.0,0.00011428571428571428,1.0,2616000000000.0,6622000000.0,0.0002442,1.0,0.075247803,2.022878597,3.5797210310487624,3.5797210310487624,3.446561214469164,0.075247803,0.03863555825457954,0.108956624724748,-257715.68080568314,-0.0013008266491400403,6109000.0,0.02987987400465635,0.005999999999999999,0.0025313455657492356,815229.0,,0.03648751321204761,2.0,,,,2.0,2.5536435,0.256778944508426,,,,,,,,OK,REVISAR,1.11921690404415e-06,0.0,2.9802322387695312e-08,16947463.6812721,0.0,6.99415359091867e-09,1.30385160446167e-08,1.84067757800222e-07,1.11921690404415e-06,164925.026521773,1.83517644983651,9489920.72278758,16947463.6812721,7.27595761418343e-12,0.0,1.11921690404415e-06,0.0,0.0,0.0,0.0,0.0,1.0,0.0,0.0,0.0,0.0,-198374567.742574,1340.49060773482,0.0,16947463.6812721,0.0,0.0,0.0,1072.0,0.0,915.0,0.0,0.0,0.0,0.0,-198343127.116581,-198374567.742574,-257715.68080571294,0.0013008266491401908,mejora,-42031.75508463383,DIFIERE,165012000.0,5861,/clusteruy/home/mathiasr/generator-aware-row-scaling/results-revision/r3-hyperparam/simple-gurobi-1pct/win9/resultados/caso47e_estructurado.csv,/clusteruy/home/mathiasr/generator-aware-row-scaling/results-revision/r3-hyperparam/simple-gurobi-1pct/win9/resultados/caso47e_estructurado_postprocesado.csv,/clusteruy/home/mathiasr/generator-aware-row-scaling/results-revision/r3-hyperparam/simple-gurobi-1pct/win9/logs/caso47e_estructurado.log
caso47f.txt,base,OK,0,2.68074274,0.020487390721989,-191205341.48486808,-192307000.0,OPTIMAL,-191244514.4702594,1.0,11534.0,0.23,14400.0,10800.0,35590.0,10688.0,8576.0,28903.0,25.77777777777778,20.59259259259259,18.78898567013206,4,Model contains large bounds | Model contains large matrix coefficients | Model contains large rhs | max constraint violation (1.0924e-06) exceeds tolerance,0.003,2000000000.0,0.005,2000.0,5.0,7000000000.0,1.0,10000000000.0,,,,,,,,,0.0,2.68074274,1.0,1.0,1.0,0.0,0.0,0.0,,,0.0,,,,56418856.450309,,,2.050103,,,,2.050103,1.0,0.598630862845995,,,,,,,,BASE,BASE,,,,,,3.88878124066554e-09,3.63797880709171e-12,1.04326754808426e-07,1.09244138002396e-06,1420833.00272322,2.88192238877716,47915315.1934058,385438063.778138,1.13686837721616e-13,0.0,1.09244138002396e-06,0.0,0.0,0.0,0.0,0.0,1.0,0.0,0.0,0.0,0.0,-191205341.484868,1053.83269428948,0.0,385438063.778138,0.0,0.0,0.0,660.0,0.0,905.0,0.0,0.0,0.0,0.0,-192306651.295792,,,,,,BASE,0.0,0,/clusteruy/home/mathiasr/generator-aware-row-scaling/results-revision/r3-hyperparam/simple-gurobi-1pct/win9/resultados/caso47f_base.csv,/clusteruy/home/mathiasr/generator-aware-row-scaling/results-revision/r3-hyperparam/simple-gurobi-1pct/win9/resultados/caso47f_base_postprocesado.csv,/clusteruy/home/mathiasr/generator-aware-row-scaling/results-revision/r3-hyperparam/simple-gurobi-1pct/win9/logs/caso47f_base.log
caso47f.txt,estructurado,OK,0,1.580599203,0.070814544266895,-191122102.64836898,-193001000.0,OPTIMAL,-191257444.89435273,1.0,9286.0,0.24,14400.0,10800.0,35590.0,10690.0,8577.0,28810.0,25.76388888888889,20.583333333333332,19.05029502669289,1,Model contains large bounds,1e-05,40000.0,0.005,2000.0,0.5,80000.0,1.0,10000000000.0,0.005999999999999999,1.0,0.00011428571428571428,1.0,2616000000000.0,6622000000.0,0.0002442,1.0,0.074916948,1.655516151,1.696029413979149,1.696029413979149,1.6192791223333707,0.074916948,0.04739781461220944,-0.050327153544905995,83238.83649909496,0.0004353374014171171,-694000.0,-0.00360881299172677,0.005999999999999999,0.0025313455657492356,265716.0,,0.004709701981181235,2.0,,,,2.0,1.0250515,0.269002560518299,,,,,,,,OK,REVISAR,1.42678618431091e-06,0.0,2.9802322387695312e-08,385498108.728408,0.0,5.7914138336448e-09,4.6857167035337e-10,1.54618173837662e-07,1.42678618431091e-06,1606080.34050879,3.17238154999386,46378031.3708565,385498108.728408,7.27595761418343e-12,0.0,1.42678618431091e-06,0.0,0.0,0.0,0.0,0.0,3.0,0.0,0.0,0.0,0.0,-191122102.648369,1877.45788075924,0.0,385498108.728408,0.0,0.0,0.0,767.0,0.0,908.0,0.0,0.0,0.0,0.0,-193000968.834294,-191122102.648369,83238.83649906516,0.0004353374014169612,empeora,-12930.424093335867,DIFIERE,14920000.0,4178,/clusteruy/home/mathiasr/generator-aware-row-scaling/results-revision/r3-hyperparam/simple-gurobi-1pct/win9/resultados/caso47f_estructurado.csv,/clusteruy/home/mathiasr/generator-aware-row-scaling/results-revision/r3-hyperparam/simple-gurobi-1pct/win9/resultados/caso47f_estructurado_postprocesado.csv,/clusteruy/home/mathiasr/generator-aware-row-scaling/results-revision/r3-hyperparam/simple-gurobi-1pct/win9/logs/caso47f_estructurado.log
caso48a.txt,base,OK,0,1.15880471,0.254999189344518,-303286606.2621888,-373147000.0,OPTIMAL,-304059984.6495479,1.0,5706.0,0.23,14400.0,10800.0,35590.0,10422.0,8576.0,27872.0,27.625,20.59259259259259,21.685866816521497,3,Model contains large bounds | Model contains large matrix coefficients | Model contains large rhs,0.002,2000000000.0,0.003,3000.0,5.0,6000000000.0,1.0,10000000000.0,,,,,,,,,0.0,1.15880471,1.0,1.0,1.0,0.0,0.0,0.0,,,0.0,,,,1287573.579596,,,1.146561,,,,1.146561,1.0,0.297604450042416,,,,,,,,BASE,BASE,,,,,,1.45371233122223e-09,2.8421709430404e-14,5.21726906299595e-08,4.68200596515089e-07,8879609.57321769,20.8560768502005,514344715.254202,868423090.4099,2.27373675443232e-13,0.0,4.68200596515089e-07,0.0,0.0,0.0,0.0,0.0,0.0,0.0,0.0,0.0,0.0,-303286606.262189,892.756602007823,0.0,868423090.4099,0.0,0.0,0.0,289.0,0.0,880.0,0.0,0.0,0.0,0.0,-373147312.081144,,,,,,BASE,0.0,0,/clusteruy/home/mathiasr/generator-aware-row-scaling/results-revision/r3-hyperparam/simple-gurobi-1pct/win9/resultados/caso48a_base.csv,/clusteruy/home/mathiasr/generator-aware-row-scaling/results-revision/r3-hyperparam/simple-gurobi-1pct/win9/resultados/caso48a_base_postprocesado.csv,/clusteruy/home/mathiasr/generator-aware-row-scaling/results-revision/r3-hyperparam/simple-gurobi-1pct/win9/logs/caso48a_base.log
caso48a.txt,estructurado,OK,0,1.232995463,0.254862188210591,-303287466.7972225,-373115000.0,OPTIMAL,-304060431.87167037,1.0,6918.0,0.24,14400.0,10800.0,35590.0,10492.0,8616.0,27950.0,27.13888888888889,20.22222222222222,21.4667041303737,1,Model contains large bounds,1e-05,40000.0,0.003,3000.0,0.4,80000.0,1.0,10000000000.0,0.003999999999999999,1.0,0.00016666666666666666,1.0,2562000000000.0,6392000000.0,0.0002504,1.0,0.074913581,1.307909044,0.9398288515843469,0.9398288515843469,0.8859979333547601,0.074913581,0.0607573857714998,0.00013700113392700608,-860.5350337028503,-2.837365765367577e-06,32000.0,8.575708768930207e-05,0.003999999999999999,0.002494925839188134,18288.0,,0.0142034601282656,1.0,,,,1.0,1.146561,0.288476509573937,,,,,,,,OK,REVISAR,8.58306884765625e-06,0.0,4.76837158203125e-07,868405456.327628,0.0,1.06936966493486e-08,4.65661287307739e-10,2.38303182413802e-07,7.86574673838913e-07,8899021.01705576,20.8625213698915,514594820.539838,868405456.327628,7.27595761418343e-12,0.0,8.58306884765625e-06,0.0,0.0,0.0,0.0,0.0,4.0,0.0,0.0,0.0,0.0,-303287466.797222,893.018254001385,0.0,868405456.327628,0.0,0.0,0.0,289.0,0.0,884.0,0.0,0.0,0.0,0.0,-373114885.583434,-303287466.797222,-860.5350332260132,2.8373657637953446e-06,mejora,-447.22212249040604,DIFIERE,150000.0,2326,/clusteruy/home/mathiasr/generator-aware-row-scaling/results-revision/r3-hyperparam/simple-gurobi-1pct/win9/resultados/caso48a_estructurado.csv,/clusteruy/home/mathiasr/generator-aware-row-scaling/results-revision/r3-hyperparam/simple-gurobi-1pct/win9/resultados/caso48a_estructurado_postprocesado.csv,/clusteruy/home/mathiasr/generator-aware-row-scaling/results-revision/r3-hyperparam/simple-gurobi-1pct/win9/logs/caso48a_estructurado.log
caso48b.txt,base,OK,0,1.616051481,0.558635428281108,-315122684.05022895,-317009000.0,OPTIMAL,-316883071.0058839,1.0,10054.0,0.23,14400.0,10800.0,35590.0,10422.0,8576.0,27872.0,27.625,20.59259259259259,21.685866816521497,3,Model contains large bounds | Model contains large matrix coefficients | Model contains large rhs,0.002,2000000000.0,0.003,3000.0,5.0,6000000000.0,1.0,10000000000.0,,,,,,,,,0.0,1.616051481,1.0,1.0,1.0,0.0,0.0,0.0,,,0.0,,,,111518025.205023,,,1.601301,,,,1.601301,1.0,0.24735490132782,,,,,,,,BASE,BASE,,,,,,3.7489683898547e-09,2.30791830091417e-11,9.87318344414237e-08,7.98143446445465e-07,79448.4722295595,1.08023482433891,2153061.35008827,17162977.9628966,7.27595761418343e-12,0.0,7.98143446445465e-07,0.0,0.0,0.0,0.0,0.0,0.0,0.0,0.0,0.0,0.0,-315122684.050229,1166.18293527224,0.0,17162977.9628966,0.0,0.0,0.0,818.0,0.0,909.0,0.0,0.0,0.0,0.0,-317009219.024653,,,,,,BASE,0.0,0,/clusteruy/home/mathiasr/generator-aware-row-scaling/results-revision/r3-hyperparam/simple-gurobi-1pct/win9/resultados/caso48b_base.csv,/clusteruy/home/mathiasr/generator-aware-row-scaling/results-revision/r3-hyperparam/simple-gurobi-1pct/win9/resultados/caso48b_base_postprocesado.csv,/clusteruy/home/mathiasr/generator-aware-row-scaling/results-revision/r3-hyperparam/simple-gurobi-1pct/win9/logs/caso48b_base.log
caso48b.txt,estructurado,OK,0,1.978972801,0.304755296658539,-315920658.16085976,-317109000.0,OPTIMAL,-316883443.0998435,1.0,10003.0,0.23,14400.0,10800.0,35590.0,10492.0,8616.0,27950.0,27.13888888888889,20.22222222222222,21.4667041303737,1,Model contains large bounds,1e-05,40000.0,0.003,3000.0,0.4,80000.0,1.0,10000000000.0,0.003999999999999999,1.0,0.00016666666666666666,1.0,2562000000000.0,6392000000.0,0.0002504,1.0,0.074627324,2.053600125,0.8166112642798267,0.8166112642798267,0.7869358115665288,0.074627324,0.03771013121670488,0.253880131622569,-797974.1106308103,-0.002532264895610045,-100000.0,-0.0003154484572993196,0.003999999999999999,0.002494925839188134,2917692.0,,0.02616341165148772,2.0,,,,2.0,0.8006505,0.212958122823326,,,,,,,,OK,REVISAR,7.37402588129044e-05,0.0,2.384185791015625e-07,26855994.8890592,0.0,1.60794521736898e-08,6.99656084179861e-09,2.62635876424611e-07,7.37402588129044e-05,142966.111060634,1.38148402063885,4943000.42356635,26855994.8890592,2.18278728425503e-11,0.0,7.37402588129044e-05,0.0,0.0,0.0,0.0,0.0,5.0,0.0,0.0,0.0,0.0,-315920658.16086,1088.21064119303,0.0,26855994.8890592,0.0,0.0,0.0,922.0,0.0,888.0,0.0,0.0,0.0,0.0,-317108610.949865,-315920658.16086,-797974.1106310487,0.002532264895610802,mejora,-372.0939596295357,DIFIERE,53201000.0,5084,/clusteruy/home/mathiasr/generator-aware-row-scaling/results-revision/r3-hyperparam/simple-gurobi-1pct/win9/resultados/caso48b_estructurado.csv,/clusteruy/home/mathiasr/generator-aware-row-scaling/results-revision/r3-hyperparam/simple-gurobi-1pct/win9/resultados/caso48b_estructurado_postprocesado.csv,/clusteruy/home/mathiasr/generator-aware-row-scaling/results-revision/r3-hyperparam/simple-gurobi-1pct/win9/logs/caso48b_estructurado.log
caso48c.txt,base,OK,0,1.447892578,0.318468923306016,-308508120.99078214,-312130000.0,OPTIMAL,-309490623.4820131,1.0,9550.0,0.23,14400.0,10800.0,35590.0,10422.0,8576.0,27872.0,27.625,20.59259259259259,21.685866816521497,4,Model contains large bounds | Model contains large matrix coefficients | Model contains large rhs | max constraint violation (1.0328e-06) exceeds tolerance,0.002,2000000000.0,0.005,3000.0,5.0,6000000000.0,1.0,10000000000.0,,,,,,,,,0.0,1.447892578,1.0,1.0,1.0,0.0,0.0,0.0,,,0.0,,,,5206526.699135,,,1.439651,,,,1.439651,1.0,0.251109491552128,,,,,,,,BASE,BASE,,,,,,3.19635914997735e-09,1.63744018344398e-12,8.76025296747684e-08,1.03277852758765e-06,910109.785396792,1.46147076843415,29957515.5247055,398858572.459566,2.27373675443232e-13,0.0,1.03277852758765e-06,0.0,0.0,0.0,0.0,0.0,1.0,0.0,0.0,0.0,0.0,-308508120.990782,1086.90238122523,0.0,398858572.459566,0.0,0.0,0.0,617.0,0.0,858.0,0.0,0.0,0.0,0.0,-312130201.59128,,,,,,BASE,0.0,0,/clusteruy/home/mathiasr/generator-aware-row-scaling/results-revision/r3-hyperparam/simple-gurobi-1pct/win9/resultados/caso48c_base.csv,/clusteruy/home/mathiasr/generator-aware-row-scaling/results-revision/r3-hyperparam/simple-gurobi-1pct/win9/resultados/caso48c_base_postprocesado.csv,/clusteruy/home/mathiasr/generator-aware-row-scaling/results-revision/r3-hyperparam/simple-gurobi-1pct/win9/logs/caso48c_base.log
caso48c.txt,estructurado,OK,0,1.588200822,0.318512206607692,-308508344.3326669,-312144000.0,OPTIMAL,-309490981.0677697,1.0,8559.0,0.23,14400.0,10800.0,35590.0,10492.0,8616.0,27950.0,27.13888888888889,20.22222222222222,21.4667041303737,1,Model contains large bounds,1e-05,40000.0,0.005,3000.0,0.4,80000.0,1.0,10000000000.0,0.003999999999999999,1.0,0.00016666666666666666,1.0,2562000000000.0,6392000000.0,0.0002504,1.0,0.075109327,1.663310149,0.9116558548160733,0.9116558548160733,0.8704886330853502,0.075109327,0.04729208419966427,-4.328330167602257e-05,-223.3418847322464,-7.239416713407022e-07,-14000.0,-4.485310607759587e-05,0.003999999999999999,0.002494925839188134,886305.0,,0.17022960818528957,1.0,,,,1.0,1.439651,0.240974709068252,,,,,,,,OK,REVISAR,1.53636210598052e-06,0.0,1.1920928955078125e-07,398856175.42052,0.0,1.00141801806003e-08,3.72529029846191e-09,2.38420907407999e-07,1.53636210598052e-06,906334.268596573,1.47997321730919,29754499.4661011,398856175.42052,7.27595761418343e-12,0.0,1.53636210598052e-06,0.0,0.0,0.0,0.0,0.0,5.0,0.0,0.0,0.0,0.0,-308508344.332667,1086.90238122524,0.0,398856175.42052,0.0,0.0,0.0,601.0,0.0,863.0,0.0,0.0,0.0,0.0,-312143805.497739,-308508344.332667,-223.3418848514557,7.239416717271079e-07,igual,-357.5857565999031,DIFIERE,96000.0,2355,/clusteruy/home/mathiasr/generator-aware-row-scaling/results-revision/r3-hyperparam/simple-gurobi-1pct/win9/resultados/caso48c_estructurado.csv,/clusteruy/home/mathiasr/generator-aware-row-scaling/results-revision/r3-hyperparam/simple-gurobi-1pct/win9/resultados/caso48c_estructurado_postprocesado.csv,/clusteruy/home/mathiasr/generator-aware-row-scaling/results-revision/r3-hyperparam/simple-gurobi-1pct/win9/logs/caso48c_estructurado.log
caso48d.txt,base,OK,0,3.387619786,0.793360812964643,-218648061.29293114,-237991000.0,OPTIMAL,-220382729.32953617,1523.0,22221.0,0.24,14400.0,10800.0,35590.0,10617.0,8426.0,28214.0,26.270833333333332,21.98148148148148,20.724922731104243,3,Model contains large bounds | Model contains large matrix coefficients | Model contains large rhs,0.002,2000000000.0,0.003,2000.0,5.0,6000000000.0,1.0,10000000000.0,,,,,,,,,0.0,3.387619786,1.0,1.0,1.0,0.0,0.0,0.0,,,0.0,,,,42734412.72033,,,2.898728,,0.026535,1.960229,2.898728,1.0,0.093213236211871,,,,,,,,BASE,BASE,,,,,,1.38831193709436e-09,2.8421709430404e-14,5.21540641784668e-08,4.61353920400143e-07,5700320.96424875,6.82295451598429,80445590.5281381,819938380.314922,1.19209289550781e-07,0.0,4.61353920400143e-07,0.0,0.0,0.0,0.0,0.0,0.0,0.0,0.0,0.0,0.0,-218648061.292931,230.253754327925,0.0,819938380.314922,0.0,0.0,0.0,162.0,0.0,927.0,0.0,0.0,0.0,0.0,-237990570.536241,,,,,,BASE,0.0,0,/clusteruy/home/mathiasr/generator-aware-row-scaling/results-revision/r3-hyperparam/simple-gurobi-1pct/win9/resultados/caso48d_base.csv,/clusteruy/home/mathiasr/generator-aware-row-scaling/results-revision/r3-hyperparam/simple-gurobi-1pct/win9/resultados/caso48d_base_postprocesado.csv,/clusteruy/home/mathiasr/generator-aware-row-scaling/results-revision/r3-hyperparam/simple-gurobi-1pct/win9/logs/caso48d_base.log
caso48d.txt,estructurado,OK,0,1.21728295,0.751970662705114,-218824988.20773894,-239342000.0,OPTIMAL,-220470487.92172906,1.0,6827.0,0.24,14400.0,10800.0,35590.0,10687.0,8466.0,28292.0,25.78472222222222,21.61111111111111,20.50576004495645,1,Model contains large bounds,1e-05,40000.0,0.003,2000.0,0.4,80000.0,1.0,10000000000.0,0.003999999999999999,1.0,0.00016666666666666666,1.0,2562000000000.0,6392000000.0,0.0002504,1.0,0.074969494,1.292252444,2.782935377514324,2.782935377514324,2.6214845262850206,0.074969494,0.061587565980448504,0.04139015025952897,-176926.91480779648,-0.000809185838472909,-1351000.0,-0.005676685252803677,0.003999999999999999,0.002494925839188134,21531.0,,0.0005038328276770041,1.0,,,,1.0,2.898728,0.28468520067367,,,,,,,,OK,REVISAR,8.81031155586243e-06,0.0,5.960464477539063e-08,861277199.488554,0.0,1.0699322367085e-08,4.65661287307739e-10,2.32835300266743e-07,6.77420757710934e-07,6614979.34313233,9.99160208451932,78438198.9688921,861277199.488554,1.45519152283669e-11,0.0,8.81031155586243e-06,0.0,0.0,0.0,0.0,0.0,3.0,0.0,0.0,0.0,0.0,-218824988.207739,841.472811271153,0.0,861277199.488554,0.0,0.0,0.0,255.0,0.0,930.0,0.0,0.0,0.0,0.0,-239342033.688855,-218824988.207739,-176926.91480785608,0.0008091858384731815,mejora,-87758.59219288826,DIFIERE,22850000.0,3612,/clusteruy/home/mathiasr/generator-aware-row-scaling/results-revision/r3-hyperparam/simple-gurobi-1pct/win9/resultados/caso48d_estructurado.csv,/clusteruy/home/mathiasr/generator-aware-row-scaling/results-revision/r3-hyperparam/simple-gurobi-1pct/win9/resultados/caso48d_estructurado_postprocesado.csv,/clusteruy/home/mathiasr/generator-aware-row-scaling/results-revision/r3-hyperparam/simple-gurobi-1pct/win9/logs/caso48d_estructurado.log
caso48e.txt,base,OK,0,20.013820036,0.76213456741995,-231646733.03449157,-235005000.0,OPTIMAL,-233412192.86124644,2644.0,445197.0,0.24,14400.0,10800.0,35590.0,10617.0,8426.0,28214.0,26.270833333333332,21.98148148148148,20.724922731104243,3,Model contains large bounds | Model contains large matrix coefficients | Model contains large rhs,0.002,2000000000.0,0.003,2000.0,5.0,6000000000.0,1.0,10000000000.0,,,,,,,,,0.0,20.013820036,1.0,1.0,1.0,0.0,0.0,0.0,,,0.0,,,,58792695.746198,,,23.989139,,0.026794,3.499142,23.989139,1.0,0.042343390108809,,,,,,,,BASE,BASE,,,,,,2.10059030177526e-09,2.8421709430404e-14,5.96046447753906e-08,9.5367431640625e-07,610927.292315239,3.42470878244759,25724656.7884207,352408774.20185,1.19209289550781e-07,0.0,9.5367431640625e-07,0.0,0.0,0.0,0.0,0.0,0.0,0.0,0.0,0.0,0.0,-231646733.034492,600.752977201046,0.0,352408774.20185,0.0,0.0,0.0,498.0,0.0,933.0,0.0,0.0,0.0,0.0,-235004555.281721,,,,,,BASE,0.0,0,/clusteruy/home/mathiasr/generator-aware-row-scaling/results-revision/r3-hyperparam/simple-gurobi-1pct/win9/resultados/caso48e_base.csv,/clusteruy/home/mathiasr/generator-aware-row-scaling/results-revision/r3-hyperparam/simple-gurobi-1pct/win9/resultados/caso48e_base_postprocesado.csv,/clusteruy/home/mathiasr/generator-aware-row-scaling/results-revision/r3-hyperparam/simple-gurobi-1pct/win9/logs/caso48e_base.log
caso48e.txt,estructurado,OK,0,2.446917011,0.522089244697777,-232396616.19307452,-233720000.0,OPTIMAL,-233609933.93126014,1.0,9921.0,0.24,14400.0,10800.0,35590.0,10687.0,8466.0,28292.0,25.78472222222222,21.61111111111111,20.50576004495645,1,Model contains large bounds,1e-05,40000.0,0.003,2000.0,0.4,80000.0,1.0,10000000000.0,0.003999999999999999,1.0,0.00016666666666666666,1.0,2562000000000.0,6392000000.0,0.0002504,1.0,0.074762377,2.521679388,8.17919853678274,8.17919853678274,7.936702870016083,0.074762377,0.03055370356408054,0.24004532272217305,-749883.1585829556,-0.003237184262258946,1285000.0,0.0054679687666219865,0.003999999999999999,0.002494925839188134,2129140.0,,0.036214362566249346,2.0,,,,2.0,11.9945695,0.204834853498549,,,,,,,,OK,REVISAR,4.23267483711243e-05,0.0,5.364418029785156e-07,25634326.2425397,0.0,1.46331172314226e-08,5.58793544769287e-09,1.97459012269974e-07,4.23267483711243e-05,147467.156382848,1.45063589991552,6125630.56348571,25634326.2425397,2.14148769828171e-08,0.0,4.23267483711243e-05,0.0,0.0,0.0,0.0,0.0,6.0,0.0,0.0,0.0,0.0,-232396616.193074,858.741842845746,0.0,25634326.2425397,0.0,0.0,0.0,734.0,0.0,943.0,0.0,0.0,0.0,0.0,-233719594.422174,-232396616.193074,-749883.1585824192,0.00323718426225663,mejora,-197741.07001370192,DIFIERE,252607000.0,5121,/clusteruy/home/mathiasr/generator-aware-row-scaling/results-revision/r3-hyperparam/simple-gurobi-1pct/win9/resultados/caso48e_estructurado.csv,/clusteruy/home/mathiasr/generator-aware-row-scaling/results-revision/r3-hyperparam/simple-gurobi-1pct/win9/resultados/caso48e_estructurado_postprocesado.csv,/clusteruy/home/mathiasr/generator-aware-row-scaling/results-revision/r3-hyperparam/simple-gurobi-1pct/win9/logs/caso48e_estructurado.log
caso48f.txt,base,OK,0,2.124193209,0.0,-220254801.46044618,-221236000.0,OPTIMAL,-220254801.46044618,1.0,9967.0,0.24,14400.0,10800.0,35590.0,10617.0,8426.0,28214.0,26.270833333333332,21.98148148148148,20.724922731104243,4,Model contains large bounds | Model contains large matrix coefficients | Model contains large rhs | max constraint violation (1.0564e-06) exceeds tolerance,0.002,2000000000.0,0.005,2000.0,5.0,6000000000.0,1.0,10000000000.0,,,,,,,,,0.0,2.124193209,1.0,1.0,1.0,0.0,0.0,0.0,,,0.0,,,,48535186.592324,,,2.064401,,0.02718,1.73302,2.064401,1.0,0.196127108884647,,,,,,,,BASE,BASE,,,,,,3.29242542815319e-09,1.13686837721616e-13,8.5681676864624e-08,1.05635263025761e-06,394796.06813406,1.53350444967868,12647616.4717423,383850600.836859,1.19209289550781e-07,0.0,1.05635263025761e-06,0.0,0.0,0.0,0.0,0.0,1.0,0.0,0.0,0.0,0.0,-220254801.460446,812.952743973714,0.0,383850600.836859,0.0,0.0,0.0,421.0,0.0,923.0,0.0,0.0,0.0,0.0,-221236373.193315,,,,,,BASE,0.0,0,/clusteruy/home/mathiasr/generator-aware-row-scaling/results-revision/r3-hyperparam/simple-gurobi-1pct/win9/resultados/caso48f_base.csv,/clusteruy/home/mathiasr/generator-aware-row-scaling/results-revision/r3-hyperparam/simple-gurobi-1pct/win9/resultados/caso48f_base_postprocesado.csv,/clusteruy/home/mathiasr/generator-aware-row-scaling/results-revision/r3-hyperparam/simple-gurobi-1pct/win9/logs/caso48f_base.log
caso48f.txt,estructurado,OK,0,2.222569993,0.243889848706767,-225695458.54031974,-228442000.0,OPTIMAL,-226245906.85269177,1.0,12230.0,0.24,14400.0,10800.0,35590.0,10687.0,8466.0,28292.0,25.78472222222222,21.61111111111111,20.50576004495645,1,Model contains large bounds,1e-05,40000.0,0.005,2000.0,0.4,80000.0,1.0,10000000000.0,0.003999999999999999,1.0,0.00016666666666666666,1.0,2562000000000.0,6392000000.0,0.0002504,1.0,0.074379498,2.296949491,0.9557373741615164,0.9557373741615164,0.9247888198339143,0.074379498,0.03346553684889959,-0.243889848706767,-5440657.079873562,-0.02470165028774915,-7206000.0,-0.03257155255021787,0.003999999999999999,0.002494925839188134,2507164.0,,0.05165662637828441,2.0,,0.0,2.0,2.0,1.0322005,0.171424061624926,,,,,,,,OK,REVISAR,1.48604158312082e-06,0.0,2.682209014892578e-07,809440155.509438,0.0,1.01709619163589e-08,1.86264514923096e-09,2.05140095204115e-07,1.48604158312082e-06,723897.388399731,2.59766821937592,13287791.0270989,809440155.509438,1.45519152283669e-11,0.0,1.48604158312082e-06,0.0,0.0,0.0,0.0,0.0,10.0,0.0,0.0,0.0,0.0,-225695458.54032,662.241195686343,0.0,809440155.509438,0.0,0.0,0.0,400.0,0.0,932.0,0.0,0.0,0.0,0.0,-228441589.424261,-225695458.54032,-5440657.07987383,0.024701650287750367,mejora,-5991105.392245591,DIFIERE,100230000.0,4287,/clusteruy/home/mathiasr/generator-aware-row-scaling/results-revision/r3-hyperparam/simple-gurobi-1pct/win9/resultados/caso48f_estructurado.csv,/clusteruy/home/mathiasr/generator-aware-row-scaling/results-revision/r3-hyperparam/simple-gurobi-1pct/win9/resultados/caso48f_estructurado_postprocesado.csv,/clusteruy/home/mathiasr/generator-aware-row-scaling/results-revision/r3-hyperparam/simple-gurobi-1pct/win9/logs/caso48f_estructurado.log
