instancia,variante,status,rc,tiempo_solver_s,gap_pct,objetivo_solver,objetivo_post,status_solver,best_bound,nodos_explorados,iter_simplex,presolve_time_s,rows_cargadas,cols_cargadas,nz_cargados,rows_presolved,cols_presolved,nz_presolved,reduccion_rows_pct,reduccion_cols_pct,reduccion_nz_pct,solver_warnings,solver_warnings_txt,matrix_min,matrix_max,objective_min,objective_max,rhs_min,rhs_max,bounds_min,bounds_max,matrix_range_ratio_vs_base,objective_range_ratio_vs_base,rhs_range_ratio_vs_base,bounds_range_ratio_vs_base,kappa_antes,kappa_despues,rho_antes,rho_despues,tiempo_preprocesamiento_s,tiempo_total_s,speedup_vs_base,speedup_solver_vs_base,speedup_total_vs_base,overhead_preprocesamiento_vs_base,ratio_preproc_solver,gap_delta_vs_base,obj_solver_delta_vs_base,obj_solver_rel_delta_vs_base,obj_post_delta_vs_base,obj_post_rel_delta_vs_base,matrix_kappa_ratio_vs_base,kappa_proxy_ratio,kappa_solver,kappa_solver_exact,kappa_solver_ratio_vs_base,work_units,dettime_ticks,root_gap,root_time,tiempo_determinista,speedup_det_vs_base,primal_integral,kappa_arbol_max,kappa_attention,kappa_stable_frac,kappa_suspicious_frac,kappa_unstable_frac,kappa_illposed_frac,kappa_arbol_max_ratio_vs_base,mip_equivalente,post_factible,solver_max_viol,solver_int_viol,solver_obj_diff,post_max_viol,post_int_viol,verif_solver_avg_viol,verif_solver_p95_viol,verif_solver_p99_viol,verif_solver_max_viol_rel,verif_post_avg_viol,verif_post_p95_viol,verif_post_p99_viol,verif_post_max_viol_rel,verif_solver_max_le,verif_solver_max_ge,verif_solver_max_eq,verif_solver_max_lb,verif_solver_max_ub,verif_solver_max_int,verif_solver_viol_le_count,verif_solver_viol_ge_count,verif_solver_viol_eq_count,verif_solver_viol_lb_count,verif_solver_viol_ub_count,verif_solver_viol_int_count,verif_solver_missing,verif_solver_obj_original,verif_post_max_le,verif_post_max_ge,verif_post_max_eq,verif_post_max_lb,verif_post_max_ub,verif_post_max_int,verif_post_viol_le_count,verif_post_viol_ge_count,verif_post_viol_eq_count,verif_post_viol_lb_count,verif_post_viol_ub_count,verif_post_viol_int_count,verif_post_missing,verif_post_obj_original,obj_original_variante,abs_obj_diff_vs_base,rel_obj_diff_vs_base,sentido_obj_vs_base,best_bound_delta_vs_base,equivalente_vs_base,max_diff_post_csv,diffs_post_csv,csv,csv_post,log
caso01a.txt,base,OK,0,1.940665931,0.039441871535917,-344334928.4223614,-353539000.0,OPTIMAL,-344470740.562483,1.0,9580.0,0.22,14400.0,10800.0,35590.0,10911.0,8715.0,28973.0,24.229166666666668,19.305555555555557,18.592301208204553,4,Model contains large bounds | Model contains large matrix coefficients | Model contains large rhs | max constraint violation (6.8303e-06) exceeds tolerance,0.002,2000000000.0,0.003,3000.0,5.0,5000000000.0,1.0,10000000000.0,,,,,,,,,0.0,1.940665931,1.0,1.0,1.0,0.0,0.0,0.0,,,0.0,,,,231760.739156,,,1.887088,,,,1.887088,1.0,0.233661919243599,,,,,,,,BASE,BASE,,,,,,5.0442766105535e-09,2.8421709430404e-14,9.31322574615479e-08,5.517722456716e-07,4457820.92770328,5.94196543080942,140886542.570947,815475019.033504,4.54747350886464e-12,0.0,6.83031976222992e-06,0.0,0.0,0.0,0.0,0.0,7.0,0.0,0.0,0.0,0.0,-344334928.422361,1200.26937797562,0.0,815475019.033504,0.0,0.0,0.0,210.0,0.0,966.0,0.0,0.0,0.0,0.0,-353539362.325839,,,,,,BASE,0.0,0,/clusteruy/home/mathiasr/generator-aware-row-scaling/results-revision/r1-internal-scaling/simple-gurobi-1pct/base-scaleflag2/resultados/caso01a_base.csv,/clusteruy/home/mathiasr/generator-aware-row-scaling/results-revision/r1-internal-scaling/simple-gurobi-1pct/base-scaleflag2/resultados/caso01a_base_postprocesado.csv,/clusteruy/home/mathiasr/generator-aware-row-scaling/results-revision/r1-internal-scaling/simple-gurobi-1pct/base-scaleflag2/logs/caso01a_base.log
caso01b.txt,base,OK,0,2.06371102,0.038843862469336,-353071954.4255615,-352389000.0,OPTIMAL,-353209101.20995635,1.0,10938.0,0.22,14400.0,10800.0,35590.0,10911.0,8715.0,28973.0,24.229166666666668,19.305555555555557,18.592301208204553,3,Model contains large bounds | Model contains large matrix coefficients | Model contains large rhs,0.002,2000000000.0,0.003,3000.0,5.0,5000000000.0,1.0,10000000000.0,,,,,,,,,0.0,2.06371102,1.0,1.0,1.0,0.0,0.0,0.0,,,0.0,,,,352864.04657,,,2.000785,,,,2.000785,1.0,0.237447331190197,,,,,,,,BASE,BASE,,,,,,3.97890689704402e-09,4.65661287307739e-10,1.15954899229109e-07,9.30274836719036e-07,456099.156601281,2.30734767107029,26841250.1747587,39018588.3065237,3.63797880709171e-12,0.0,9.30274836719036e-07,0.0,0.0,0.0,0.0,0.0,0.0,0.0,0.0,0.0,0.0,-353071954.425562,1567.27661031944,0.0,39018588.3065237,0.0,0.0,0.0,885.0,0.0,984.0,0.0,0.0,0.0,0.0,-352389157.746047,,,,,,BASE,0.0,0,/clusteruy/home/mathiasr/generator-aware-row-scaling/results-revision/r1-internal-scaling/simple-gurobi-1pct/base-scaleflag2/resultados/caso01b_base.csv,/clusteruy/home/mathiasr/generator-aware-row-scaling/results-revision/r1-internal-scaling/simple-gurobi-1pct/base-scaleflag2/resultados/caso01b_base_postprocesado.csv,/clusteruy/home/mathiasr/generator-aware-row-scaling/results-revision/r1-internal-scaling/simple-gurobi-1pct/base-scaleflag2/logs/caso01b_base.log
caso01c.txt,base,OK,0,1.86759408,0.038331433774163,-347925444.9712162,-348839000.0,OPTIMAL,-348058809.7827388,1.0,9998.0,0.22,14400.0,10800.0,35590.0,10911.0,8715.0,28973.0,24.229166666666668,19.305555555555557,18.592301208204553,4,Model contains large bounds | Model contains large matrix coefficients | Model contains large rhs | max constraint violation (1.4305e-06) exceeds tolerance,0.002,2000000000.0,0.005,3000.0,5.0,5000000000.0,1.0,10000000000.0,,,,,,,,,0.0,1.86759408,1.0,1.0,1.0,0.0,0.0,0.0,,,0.0,,,,48149.777836,,,1.697827,,,,1.697827,1.0,0.258594355275982,,,,,,,,BASE,BASE,,,,,,2.88661890081534e-09,5.82076609134674e-11,7.45058059692383e-08,1.05216167867184e-06,1784338.53498423,3.09531824976932,81415643.7163414,360908013.513844,6.97042423780658e-12,0.0,1.41700729727745e-06,0.0,0.0,0.0,0.0,0.0,2.0,0.0,0.0,0.0,0.0,-347925444.971216,1311.83585772548,0.0,360908013.513844,0.0,0.0,0.0,463.0,0.0,953.0,0.0,0.0,0.0,0.0,-348839287.025585,,,,,,BASE,0.0,0,/clusteruy/home/mathiasr/generator-aware-row-scaling/results-revision/r1-internal-scaling/simple-gurobi-1pct/base-scaleflag2/resultados/caso01c_base.csv,/clusteruy/home/mathiasr/generator-aware-row-scaling/results-revision/r1-internal-scaling/simple-gurobi-1pct/base-scaleflag2/resultados/caso01c_base_postprocesado.csv,/clusteruy/home/mathiasr/generator-aware-row-scaling/results-revision/r1-internal-scaling/simple-gurobi-1pct/base-scaleflag2/logs/caso01c_base.log
caso01d.txt,base,OK,0,39.377784221,0.993510417074985,-270516316.41330403,-269694000.0,OPTIMAL,-273203924.19675773,4683.0,403192.0,0.22,14400.0,10800.0,35590.0,10859.0,8460.0,28794.0,24.59027777777778,21.666666666666668,19.095251475133466,3,Model contains large bounds | Model contains large matrix coefficients | Model contains large rhs,0.002,2000000000.0,0.003,2000.0,5.0,5000000000.0,1.0,10000000000.0,,,,,,,,,0.0,39.377784221,1.0,1.0,1.0,0.0,0.0,0.0,,,0.0,,,,132547.238974,,,48.753975,,0.012597,3.776733,48.753975,1.0,0.021725018434821,,,,,,,,BASE,BASE,,,,,,2.36072238185846e-09,1.30295774169999e-13,8.00937414169312e-08,9.90577973425388e-07,883561.13509967,5.45480442836804,45575887.9191524,541684276.925779,1.81898940354586e-11,0.0,9.90577973425388e-07,0.0,0.0,0.0,0.0,0.0,0.0,0.0,0.0,0.0,0.0,-270516316.413304,618.264241947167,0.0,541684276.925779,0.0,0.0,0.0,187.0,0.0,1043.0,0.0,0.0,0.0,0.0,-269693988.143611,,,,,,BASE,0.0,0,/clusteruy/home/mathiasr/generator-aware-row-scaling/results-revision/r1-internal-scaling/simple-gurobi-1pct/base-scaleflag2/resultados/caso01d_base.csv,/clusteruy/home/mathiasr/generator-aware-row-scaling/results-revision/r1-internal-scaling/simple-gurobi-1pct/base-scaleflag2/resultados/caso01d_base_postprocesado.csv,/clusteruy/home/mathiasr/generator-aware-row-scaling/results-revision/r1-internal-scaling/simple-gurobi-1pct/base-scaleflag2/logs/caso01d_base.log
caso01e.txt,base,OK,0,60.697967645,0.969839303235969,-280885663.3222871,-280588000.0,OPTIMAL,-283609802.8823417,9760.0,1151034.0,0.23,14400.0,10800.0,35590.0,10859.0,8460.0,28794.0,24.59027777777778,21.666666666666668,19.095251475133466,3,Model contains large bounds | Model contains large matrix coefficients | Model contains large rhs,0.002,2000000000.0,0.003,2000.0,5.0,5000000000.0,1.0,10000000000.0,,,,,,,,,0.0,60.697967645,1.0,1.0,1.0,0.0,0.0,0.0,,,0.0,,,,117028.009171,,,68.56124,,0.015272,4.523855,68.56124,1.0,0.022075252700271,,,,,,,,BASE,BASE,,,,,,2.24010506753125e-09,3.63797880709171e-12,7.63684511184692e-08,2.37487256526947e-07,795717.848283233,4.92432448271889,22392119.1461177,842673552.410471,3.75166564481333e-12,0.0,4.28874045610428e-07,0.0,0.0,0.0,0.0,0.0,0.0,0.0,0.0,0.0,0.0,-280885663.322287,514.832818012397,0.0,842673552.410471,0.0,0.0,0.0,312.0,0.0,1043.0,0.0,0.0,0.0,0.0,-280588295.468958,,,,,,BASE,0.0,0,/clusteruy/home/mathiasr/generator-aware-row-scaling/results-revision/r1-internal-scaling/simple-gurobi-1pct/base-scaleflag2/resultados/caso01e_base.csv,/clusteruy/home/mathiasr/generator-aware-row-scaling/results-revision/r1-internal-scaling/simple-gurobi-1pct/base-scaleflag2/resultados/caso01e_base_postprocesado.csv,/clusteruy/home/mathiasr/generator-aware-row-scaling/results-revision/r1-internal-scaling/simple-gurobi-1pct/base-scaleflag2/logs/caso01e_base.log
caso01f.txt,base,OK,0,48.759197506,0.994791117371398,-275299512.802121,-274637000.0,OPTIMAL,-278038167.9016432,9042.0,651160.0,0.23,14400.0,10800.0,35590.0,10859.0,8460.0,28794.0,24.59027777777778,21.666666666666668,19.095251475133466,3,Model contains large bounds | Model contains large matrix coefficients | Model contains large rhs,0.002,2000000000.0,0.005,2000.0,5.0,5000000000.0,1.0,10000000000.0,,,,,,,,,0.0,48.759197506,1.0,1.0,1.0,0.0,0.0,0.0,,,0.0,,,,39345.43096,,,58.573858,,0.016438,3.611038,58.573858,1.0,0.024994001686914,,,,,,,,BASE,BASE,,,,,,2.22608515985565e-09,3.63797880709171e-12,7.26617872715e-08,3.96743416786194e-07,812596.266358309,4.52376761714222,26307458.1727044,842673552.410471,1.81898940354586e-11,0.0,3.96743416786194e-07,0.0,0.0,2.5261991390968e-06,0.0,0.0,0.0,0.0,0.0,1.0,0.0,-275299512.802121,468.346784783287,0.0,842673552.410471,0.0,0.0,2.5261991390968e-06,227.0,0.0,1043.0,0.0,0.0,1.0,0.0,-274637440.867084,,,,,,BASE,0.0,0,/clusteruy/home/mathiasr/generator-aware-row-scaling/results-revision/r1-internal-scaling/simple-gurobi-1pct/base-scaleflag2/resultados/caso01f_base.csv,/clusteruy/home/mathiasr/generator-aware-row-scaling/results-revision/r1-internal-scaling/simple-gurobi-1pct/base-scaleflag2/resultados/caso01f_base_postprocesado.csv,/clusteruy/home/mathiasr/generator-aware-row-scaling/results-revision/r1-internal-scaling/simple-gurobi-1pct/base-scaleflag2/logs/caso01f_base.log
caso02a.txt,base,OK,0,2.047213452,0.417760746787775,-370069900.00923663,-381036000.0,OPTIMAL,-371615906.787152,1.0,10201.0,0.24,14400.0,10800.0,35590.0,10865.0,8656.0,29011.0,24.54861111111111,19.85185185185185,18.48552964315819,4,Model contains large bounds | Model contains large matrix coefficients | Model contains large rhs | max constraint violation (5.6573e-06) exceeds tolerance,0.002,2000000000.0,0.003,3000.0,5.0,5000000000.0,1.0,10000000000.0,,,,,,,,,0.0,2.047213452,1.0,1.0,1.0,0.0,0.0,0.0,,,0.0,,,,422295.678195,,,1.982473,,,,1.982473,1.0,0.219270213890605,,,,,,,,BASE,BASE,,,,,,2.47400385964736e-09,3.5527136788005e-14,5.58793544769287e-08,4.76837158203125e-07,4253637.60252675,6.3192727541558,79925836.70408,767506711.834075,1.81898940354586e-12,0.0,5.65731897950172e-06,0.0,0.0,0.0,0.0,0.0,2.0,0.0,0.0,0.0,0.0,-370069900.009237,1473.73765928037,0.0,767506711.834075,0.0,0.0,0.0,315.0,0.0,970.0,0.0,0.0,0.0,0.0,-381036281.506872,,,,,,BASE,0.0,0,/clusteruy/home/mathiasr/generator-aware-row-scaling/results-revision/r1-internal-scaling/simple-gurobi-1pct/base-scaleflag2/resultados/caso02a_base.csv,/clusteruy/home/mathiasr/generator-aware-row-scaling/results-revision/r1-internal-scaling/simple-gurobi-1pct/base-scaleflag2/resultados/caso02a_base_postprocesado.csv,/clusteruy/home/mathiasr/generator-aware-row-scaling/results-revision/r1-internal-scaling/simple-gurobi-1pct/base-scaleflag2/logs/caso02a_base.log
caso02b.txt,base,OK,0,2.217639575,0.417427401790651,-377416620.05738187,-376691000.0,OPTIMAL,-378992060.4484135,1.0,11351.0,0.24,14400.0,10800.0,35590.0,10865.0,8656.0,29011.0,24.54861111111111,19.85185185185185,18.48552964315819,4,Model contains large bounds | Model contains large matrix coefficients | Model contains large rhs | max constraint violation (5.7765e-06) exceeds tolerance,0.002,2000000000.0,0.003,3000.0,5.0,5000000000.0,1.0,10000000000.0,,,,,,,,,0.0,2.217639575,1.0,1.0,1.0,0.0,0.0,0.0,,,0.0,,,,199453.55469,,,2.126225,,,,2.126225,1.0,0.229299336549134,,,,,,,,BASE,BASE,,,,,,3.39360762141274e-09,5.00666175184939e-12,8.19563865661621e-08,6.86617568135262e-07,167805.530065856,2.2128758631678,4735531.0944598,27100309.0911817,3.63797880709171e-12,0.0,5.77652826905251e-06,0.0,0.0,0.0,0.0,0.0,1.0,0.0,0.0,0.0,0.0,-377416620.057382,1931.83435447278,0.0,27100309.0911817,0.0,0.0,0.0,963.0,0.0,984.0,0.0,0.0,0.0,0.0,-376690649.100994,,,,,,BASE,0.0,0,/clusteruy/home/mathiasr/generator-aware-row-scaling/results-revision/r1-internal-scaling/simple-gurobi-1pct/base-scaleflag2/resultados/caso02b_base.csv,/clusteruy/home/mathiasr/generator-aware-row-scaling/results-revision/r1-internal-scaling/simple-gurobi-1pct/base-scaleflag2/resultados/caso02b_base_postprocesado.csv,/clusteruy/home/mathiasr/generator-aware-row-scaling/results-revision/r1-internal-scaling/simple-gurobi-1pct/base-scaleflag2/logs/caso02b_base.log
caso02c.txt,base,OK,0,2.281685852,0.4169890051582,-372956075.14842165,-371343000.0,OPTIMAL,-374511260.9758601,1.0,12441.0,0.24,14400.0,10800.0,35590.0,10865.0,8656.0,29011.0,24.54861111111111,19.85185185185185,18.48552964315819,4,Model contains large bounds | Model contains large matrix coefficients | Model contains large rhs | max constraint violation (5.7765e-06) exceeds tolerance,0.002,2000000000.0,0.005,3000.0,5.0,5000000000.0,1.0,10000000000.0,,,,,,,,,0.0,2.281685852,1.0,1.0,1.0,0.0,0.0,0.0,,,0.0,,,,199515.536915,,,2.078191,,,,2.078191,1.0,0.212695619255266,,,,,,,,BASE,BASE,,,,,,2.83991522225952e-09,4.05080413656832e-12,5.9613958001137e-08,7.59027898311615e-07,598233.092597653,2.94978030965574,20284421.2290543,284335923.97638,9.00968188943807e-12,0.0,5.77652826905251e-06,0.0,0.0,0.0,0.0,0.0,2.0,0.0,0.0,0.0,0.0,-372956075.148422,1166.69689965458,0.0,284335923.97638,0.0,0.0,0.0,593.0,0.0,966.0,0.0,0.0,0.0,0.0,-371342962.01804,,,,,,BASE,0.0,0,/clusteruy/home/mathiasr/generator-aware-row-scaling/results-revision/r1-internal-scaling/simple-gurobi-1pct/base-scaleflag2/resultados/caso02c_base.csv,/clusteruy/home/mathiasr/generator-aware-row-scaling/results-revision/r1-internal-scaling/simple-gurobi-1pct/base-scaleflag2/resultados/caso02c_base_postprocesado.csv,/clusteruy/home/mathiasr/generator-aware-row-scaling/results-revision/r1-internal-scaling/simple-gurobi-1pct/base-scaleflag2/logs/caso02c_base.log
caso02d.txt,base,OK,0,63.008516519,0.096473557719248,-282168421.9979867,-282149000.0,OPTIMAL,-282440639.9134484,23147.0,1934792.0,0.24,14400.0,10800.0,35590.0,10704.0,8287.0,28579.0,25.666666666666668,23.26851851851852,19.699353751053668,3,Model contains large bounds | Model contains large matrix coefficients | Model contains large rhs,0.002,2000000000.0,0.003,2000.0,5.0,5000000000.0,1.0,10000000000.0,,,,,,,,,0.0,63.008516519,1.0,1.0,1.0,0.0,0.0,0.0,,,0.0,,,,160453.648107,,,78.217491,,0.090797,4.854628,78.217491,1.0,0.087375499550229,,,,,,,,BASE,BASE,,,,,,2.38032805767363e-09,5.6843418860808e-14,7.45058059692383e-08,4.76837158203125e-07,691226.882144668,4.55917301059148,14145261.4332825,822987111.243139,4.76837158203125e-07,0.0,9.81148332357407e-07,0.0,0.0,0.0,0.0,0.0,0.0,0.0,0.0,0.0,0.0,-282168421.997987,753.83000474696,0.0,822987111.243139,0.0,0.0,0.0,184.0,0.0,1055.0,0.0,0.0,0.0,0.0,-282148804.756015,,,,,,BASE,0.0,0,/clusteruy/home/mathiasr/generator-aware-row-scaling/results-revision/r1-internal-scaling/simple-gurobi-1pct/base-scaleflag2/resultados/caso02d_base.csv,/clusteruy/home/mathiasr/generator-aware-row-scaling/results-revision/r1-internal-scaling/simple-gurobi-1pct/base-scaleflag2/resultados/caso02d_base_postprocesado.csv,/clusteruy/home/mathiasr/generator-aware-row-scaling/results-revision/r1-internal-scaling/simple-gurobi-1pct/base-scaleflag2/logs/caso02d_base.log
caso02e.txt,base,OK,0,1.825844528,0.467406243804629,-291217358.385449,-291793000.0,OPTIMAL,-292578526.5015855,1.0,10181.0,0.24,14400.0,10800.0,35590.0,10704.0,8287.0,28579.0,25.666666666666668,23.26851851851852,19.699353751053668,4,Model contains large bounds | Model contains large matrix coefficients | Model contains large rhs | max constraint violation (7.1311e-06) exceeds tolerance,0.002,2000000000.0,0.003,2000.0,5.0,5000000000.0,1.0,10000000000.0,,,,,,,,,0.0,1.825844528,1.0,1.0,1.0,0.0,0.0,0.0,,,0.0,,,,52411.19098,,,1.743113,,,,1.743113,1.0,0.285554506604513,,,,,,,,BASE,BASE,,,,,,2.49061890587953e-09,9.09494701772928e-13,5.82123175263406e-08,4.76837158203125e-07,1082493.43046075,2.76301491610846,56500836.1091267,85975587.0248943,9.08073616301408e-12,0.0,7.13113695383072e-06,0.0,0.0,0.0,0.0,0.0,1.0,0.0,0.0,0.0,0.0,-291217358.385449,844.579539933846,0.0,85975587.0248943,0.0,0.0,0.0,461.0,0.0,1070.0,0.0,0.0,0.0,0.0,-291793141.520922,,,,,,BASE,0.0,0,/clusteruy/home/mathiasr/generator-aware-row-scaling/results-revision/r1-internal-scaling/simple-gurobi-1pct/base-scaleflag2/resultados/caso02e_base.csv,/clusteruy/home/mathiasr/generator-aware-row-scaling/results-revision/r1-internal-scaling/simple-gurobi-1pct/base-scaleflag2/resultados/caso02e_base_postprocesado.csv,/clusteruy/home/mathiasr/generator-aware-row-scaling/results-revision/r1-internal-scaling/simple-gurobi-1pct/base-scaleflag2/logs/caso02e_base.log
caso02f.txt,base,OK,0,1.859442684,0.555444788588028,-286107787.114972,-287128000.0,OPTIMAL,-287696957.90824664,1.0,10646.0,0.24,14400.0,10800.0,35590.0,10704.0,8287.0,28579.0,25.666666666666668,23.26851851851852,19.699353751053668,4,Model contains large bounds | Model contains large matrix coefficients | Model contains large rhs | max constraint violation (7.3677e-06) exceeds tolerance,0.002,2000000000.0,0.005,2000.0,5.0,5000000000.0,1.0,10000000000.0,,,,,,,,,0.0,1.859442684,1.0,1.0,1.0,0.0,0.0,0.0,,,0.0,,,,22244.585052,,,1.704156,,,,1.704156,1.0,0.270256573832395,,,,,,,,BASE,BASE,,,,,,3.18874531144184e-09,9.09494701772928e-13,6.51925802230835e-08,3.53902578353882e-07,1080019.93736971,2.67091628804599,45003486.3801017,377294683.983615,5.6843418860808e-14,0.0,7.36769288778305e-06,0.0,0.0,0.0,0.0,0.0,3.0,0.0,0.0,0.0,0.0,-286107787.114972,844.579539933846,0.0,377294683.983615,0.0,0.0,0.0,435.0,0.0,1057.0,0.0,0.0,0.0,0.0,-287128105.802398,,,,,,BASE,0.0,0,/clusteruy/home/mathiasr/generator-aware-row-scaling/results-revision/r1-internal-scaling/simple-gurobi-1pct/base-scaleflag2/resultados/caso02f_base.csv,/clusteruy/home/mathiasr/generator-aware-row-scaling/results-revision/r1-internal-scaling/simple-gurobi-1pct/base-scaleflag2/resultados/caso02f_base_postprocesado.csv,/clusteruy/home/mathiasr/generator-aware-row-scaling/results-revision/r1-internal-scaling/simple-gurobi-1pct/base-scaleflag2/logs/caso02f_base.log
caso03a.txt,base,OK,0,1.286577248,0.904376504822509,-373599814.83434415,-377231000.0,OPTIMAL,-376978563.78176636,1.0,0.0,0.24,14400.0,10800.0,35590.0,10964.0,8770.0,28718.0,23.86111111111111,18.796296296296298,19.308794605226186,4,Model contains large bounds | Model contains large matrix coefficients | Model contains large rhs | max constraint violation (2.0889e-06) exceeds tolerance,0.002,2000000000.0,0.003,3000.0,5.0,5000000000.0,1.0,10000000000.0,,,,,,,,,0.0,1.286577248,1.0,1.0,1.0,0.0,0.0,0.0,,,0.0,,,,85699.593391,,,0.936736,,,,0.936736,1.0,0.382339040161088,,,,,,,,BASE,BASE,,,,,,2.4829071637078e-09,2.82448731070411e-11,8.5681676864624e-08,2.06753611564636e-07,1503165.51519446,3.75256322989442,35423066.1550559,725056413.010389,1.55040424942854e-11,0.0,2.14576721191406e-06,0.0,0.0,0.0,0.0,0.0,1.0,0.0,0.0,0.0,0.0,-373599814.834344,1737.05419492809,0.0,725056413.010389,0.0,0.0,0.0,663.0,0.0,997.0,0.0,0.0,0.0,0.0,-377230585.007596,,,,,,BASE,0.0,0,/clusteruy/home/mathiasr/generator-aware-row-scaling/results-revision/r1-internal-scaling/simple-gurobi-1pct/base-scaleflag2/resultados/caso03a_base.csv,/clusteruy/home/mathiasr/generator-aware-row-scaling/results-revision/r1-internal-scaling/simple-gurobi-1pct/base-scaleflag2/resultados/caso03a_base_postprocesado.csv,/clusteruy/home/mathiasr/generator-aware-row-scaling/results-revision/r1-internal-scaling/simple-gurobi-1pct/base-scaleflag2/logs/caso03a_base.log
caso03b.txt,base,OK,0,2.279710018,0.017819574292769,-379994218.7158212,-379669000.0,OPTIMAL,-380061932.0679335,1.0,11261.0,0.24,14400.0,10800.0,35590.0,10964.0,8770.0,28718.0,23.86111111111111,18.796296296296298,19.308794605226186,4,Model contains large bounds | Model contains large matrix coefficients | Model contains large rhs | max constraint violation (6.5416e-06) exceeds tolerance,0.002,2000000000.0,0.003,3000.0,5.0,5000000000.0,1.0,10000000000.0,,,,,,,,,0.0,2.279710018,1.0,1.0,1.0,0.0,0.0,0.0,,,0.0,,,,311008.131201,,,2.162431,,,,2.162431,1.0,0.22737138467897,,,,,,,,BASE,BASE,,,,,,4.90191030421401e-09,1.39698386192322e-09,1.35051086544991e-07,3.7066638469696e-07,180469.783260195,2.23329872378375,6219386.12930387,24569114.3257705,3.63797880709171e-12,0.0,6.56768679618835e-06,0.0,0.0,0.0,0.0,0.0,2.0,0.0,0.0,0.0,0.0,-379994218.715821,2340.22805713537,0.0,24569114.3257705,0.0,0.0,0.0,1046.0,0.0,1003.0,0.0,0.0,0.0,0.0,-379669252.405244,,,,,,BASE,0.0,0,/clusteruy/home/mathiasr/generator-aware-row-scaling/results-revision/r1-internal-scaling/simple-gurobi-1pct/base-scaleflag2/resultados/caso03b_base.csv,/clusteruy/home/mathiasr/generator-aware-row-scaling/results-revision/r1-internal-scaling/simple-gurobi-1pct/base-scaleflag2/resultados/caso03b_base_postprocesado.csv,/clusteruy/home/mathiasr/generator-aware-row-scaling/results-revision/r1-internal-scaling/simple-gurobi-1pct/base-scaleflag2/logs/caso03b_base.log
caso03c.txt,base,OK,0,2.119602113,0.020286771903105,-376455385.9128313,-375359000.0,OPTIMAL,-376531756.5582884,1.0,10109.0,0.25,14400.0,10800.0,35590.0,10964.0,8770.0,28718.0,23.86111111111111,18.796296296296298,19.308794605226186,4,Model contains large bounds | Model contains large matrix coefficients | Model contains large rhs | max constraint violation (2.3842e-06) exceeds tolerance,0.002,2000000000.0,0.005,3000.0,5.0,5000000000.0,1.0,10000000000.0,,,,,,,,,0.0,2.119602113,1.0,1.0,1.0,0.0,0.0,0.0,,,0.0,,,,61474.234192,,,1.847472,,,,1.847472,1.0,0.247032135246982,,,,,,,,BASE,BASE,,,,,,4.36577354399458e-09,5.82076609134674e-11,1.3598233636003e-07,2.08616256713867e-07,823483.444424481,3.15854107459435,31897842.7030803,339101009.40295,3.63797880709171e-12,0.0,2.38418579101562e-06,0.0,0.0,0.0,0.0,0.0,1.0,0.0,0.0,0.0,0.0,-376455385.912831,1652.68917176222,0.0,339101009.40295,0.0,0.0,0.0,650.0,0.0,997.0,0.0,0.0,0.0,0.0,-375359386.715669,,,,,,BASE,0.0,0,/clusteruy/home/mathiasr/generator-aware-row-scaling/results-revision/r1-internal-scaling/simple-gurobi-1pct/base-scaleflag2/resultados/caso03c_base.csv,/clusteruy/home/mathiasr/generator-aware-row-scaling/results-revision/r1-internal-scaling/simple-gurobi-1pct/base-scaleflag2/resultados/caso03c_base_postprocesado.csv,/clusteruy/home/mathiasr/generator-aware-row-scaling/results-revision/r1-internal-scaling/simple-gurobi-1pct/base-scaleflag2/logs/caso03c_base.log
caso03d.txt,base,OK,0,1.866098418,0.712381893880964,-283387190.8570124,-284788000.0,OPTIMAL,-285405989.89425564,1.0,11008.0,0.24,14400.0,10800.0,35590.0,10797.0,8408.0,28284.0,25.020833333333332,22.14814814814815,20.528238269176736,4,Model contains large bounds | Model contains large matrix coefficients | Model contains large rhs | max constraint violation (1.2668e-06) exceeds tolerance,0.002,2000000000.0,0.003,2000.0,5.0,5000000000.0,1.0,10000000000.0,,,,,,,,,0.0,1.866098418,1.0,1.0,1.0,0.0,0.0,0.0,,,0.0,,,,224823.861278,,,1.852274,,,,1.852274,1.0,0.248511148797396,,,,,,,,BASE,BASE,,,,,,2.04836720453516e-09,4.2632564145606e-14,7.45058059692383e-08,2.08616256713867e-07,895334.387886282,6.02298936282076,9667712.67610783,673420565.924777,2.8421709430404e-14,0.0,1.26659870147705e-06,0.0,0.0,0.0,0.0,0.0,1.0,0.0,0.0,0.0,0.0,-283387190.857012,1654.85237748441,0.0,673420565.924777,0.0,0.0,0.0,238.0,0.0,1044.0,0.0,0.0,0.0,0.0,-284787534.74294,,,,,,BASE,0.0,0,/clusteruy/home/mathiasr/generator-aware-row-scaling/results-revision/r1-internal-scaling/simple-gurobi-1pct/base-scaleflag2/resultados/caso03d_base.csv,/clusteruy/home/mathiasr/generator-aware-row-scaling/results-revision/r1-internal-scaling/simple-gurobi-1pct/base-scaleflag2/resultados/caso03d_base_postprocesado.csv,/clusteruy/home/mathiasr/generator-aware-row-scaling/results-revision/r1-internal-scaling/simple-gurobi-1pct/base-scaleflag2/logs/caso03d_base.log
caso03e.txt,base,OK,0,1.779156468,0.586617693490944,-290798601.87026966,-292120000.0,OPTIMAL,-292504477.92126495,1.0,10584.0,0.25,14400.0,10800.0,35590.0,10797.0,8408.0,28284.0,25.020833333333332,22.14814814814815,20.528238269176736,4,Model contains large bounds | Model contains large matrix coefficients | Model contains large rhs | max constraint violation (3.9591e-06) exceeds tolerance,0.002,2000000000.0,0.003,2000.0,5.0,5000000000.0,1.0,10000000000.0,,,,,,,,,0.0,1.779156468,1.0,1.0,1.0,0.0,0.0,0.0,,,0.0,,,,106930.859768,,,1.736815,,,,1.736815,1.0,0.257346128811863,,,,,,,,BASE,BASE,,,,,,2.99718043894547e-09,5.6843418860808e-14,9.63965430855752e-08,3.20374965667725e-07,728434.428913248,2.2496046729992,36818313.338266,62961589.3151636,2.8421709430404e-14,0.0,3.9590522646904e-06,0.0,0.0,0.0,0.0,0.0,1.0,0.0,0.0,0.0,0.0,-290798601.87027,1019.23042944411,0.0,62961589.3151636,0.0,0.0,0.0,602.0,0.0,1053.0,0.0,0.0,0.0,0.0,-292120125.494082,,,,,,BASE,0.0,0,/clusteruy/home/mathiasr/generator-aware-row-scaling/results-revision/r1-internal-scaling/simple-gurobi-1pct/base-scaleflag2/resultados/caso03e_base.csv,/clusteruy/home/mathiasr/generator-aware-row-scaling/results-revision/r1-internal-scaling/simple-gurobi-1pct/base-scaleflag2/resultados/caso03e_base_postprocesado.csv,/clusteruy/home/mathiasr/generator-aware-row-scaling/results-revision/r1-internal-scaling/simple-gurobi-1pct/base-scaleflag2/logs/caso03e_base.log
caso03f.txt,base,OK,0,1.717673547,0.684265321289156,-286522962.17253846,-287959000.0,OPTIMAL,-288483539.4402156,1.0,11293.0,0.25,14400.0,10800.0,35590.0,10797.0,8408.0,28284.0,25.020833333333332,22.14814814814815,20.528238269176736,4,Model contains large bounds | Model contains large matrix coefficients | Model contains large rhs | max constraint violation (5.8191e-06) exceeds tolerance,0.002,2000000000.0,0.005,2000.0,5.0,5000000000.0,1.0,10000000000.0,,,,,,,,,0.0,1.717673547,1.0,1.0,1.0,0.0,0.0,0.0,,,0.0,,,,29099.684197,,,1.663369,,,,1.663369,1.0,0.262660509476624,,,,,,,,BASE,BASE,,,,,,2.05709724924313e-09,5.60262947146834e-12,5.68106770515442e-08,2.06753611564636e-07,552559.867503499,2.77082116799463,26568934.2949476,230956967.680671,3.63797880709171e-12,0.0,5.81890344619751e-06,0.0,0.0,0.0,0.0,0.0,1.0,0.0,0.0,0.0,0.0,-286522962.172538,915.396554778417,0.0,230956967.680671,0.0,0.0,0.0,504.0,0.0,1042.0,0.0,0.0,0.0,0.0,-287958852.113169,,,,,,BASE,0.0,0,/clusteruy/home/mathiasr/generator-aware-row-scaling/results-revision/r1-internal-scaling/simple-gurobi-1pct/base-scaleflag2/resultados/caso03f_base.csv,/clusteruy/home/mathiasr/generator-aware-row-scaling/results-revision/r1-internal-scaling/simple-gurobi-1pct/base-scaleflag2/resultados/caso03f_base_postprocesado.csv,/clusteruy/home/mathiasr/generator-aware-row-scaling/results-revision/r1-internal-scaling/simple-gurobi-1pct/base-scaleflag2/logs/caso03f_base.log
caso04a.txt,base,OK,0,3.203078107,0.003843773731511,-357810493.62773466,-355273000.0,OPTIMAL,-357824247.0534973,1.0,12279.0,0.25,14400.0,10800.0,35590.0,10770.0,8602.0,28689.0,25.208333333333332,20.35185185185185,19.390278168024725,4,Model contains large bounds | Model contains large matrix coefficients | Model contains large rhs | max constraint violation (5.4315e-06) exceeds tolerance,0.002,2000000000.0,0.003,3000.0,5.0,4000000000.0,1.0,10000000000.0,,,,,,,,,0.0,3.203078107,1.0,1.0,1.0,0.0,0.0,0.0,,,0.0,,,,1344498.345832,,,2.761193,,,,2.761193,1.0,0.887986622339363,,,,,,,,BASE,BASE,,,,,,3.33402683683204e-09,9.9793340258003e-12,9.49972309172154e-08,3.92552465200424e-07,425959.98247464,2.03633067670427,17657113.4579448,59142747.294792,9.5367431640625e-07,0.0,5.43147325515747e-06,0.0,0.0,0.0,0.0,0.0,1.0,0.0,0.0,0.0,0.0,-357810493.627735,490.287370054022,0.0,59142747.294792,0.0,0.0,0.0,712.0,0.0,1039.0,0.0,0.0,0.0,0.0,-355272563.86527,,,,,,BASE,0.0,0,/clusteruy/home/mathiasr/generator-aware-row-scaling/results-revision/r1-internal-scaling/simple-gurobi-1pct/base-scaleflag2/resultados/caso04a_base.csv,/clusteruy/home/mathiasr/generator-aware-row-scaling/results-revision/r1-internal-scaling/simple-gurobi-1pct/base-scaleflag2/resultados/caso04a_base_postprocesado.csv,/clusteruy/home/mathiasr/generator-aware-row-scaling/results-revision/r1-internal-scaling/simple-gurobi-1pct/base-scaleflag2/logs/caso04a_base.log
caso04b.txt,base,OK,0,2.510026552,0.022464930926464,-362870816.79831946,-362019000.0,OPTIMAL,-362952335.4766655,1.0,12629.0,0.25,14400.0,10800.0,35590.0,10770.0,8602.0,28689.0,25.208333333333332,20.35185185185185,19.390278168024725,4,Model contains large bounds | Model contains large matrix coefficients | Model contains large rhs | max constraint violation (5.4529e-06) exceeds tolerance,0.002,2000000000.0,0.003,3000.0,5.0,4000000000.0,1.0,10000000000.0,,,,,,,,,0.0,2.510026552,1.0,1.0,1.0,0.0,0.0,0.0,,,0.0,,,,851800.104434,,,2.422925,,,,2.422925,1.0,0.218887100510796,,,,,,,,BASE,BASE,,,,,,5.6510870627683e-09,3.72529029846191e-09,1.58332986757159e-07,4.37721610069275e-07,337716.779735171,2.43408431846357,16010996.7373089,28902862.4501506,3.63797880709171e-12,0.0,5.45289367437363e-06,0.0,0.0,0.0,0.0,0.0,4.0,0.0,0.0,0.0,0.0,-362870816.798319,2758.71764990465,0.0,28902862.4501506,0.0,0.0,0.0,813.0,0.0,1046.0,0.0,0.0,0.0,0.0,-362018785.584147,,,,,,BASE,0.0,0,/clusteruy/home/mathiasr/generator-aware-row-scaling/results-revision/r1-internal-scaling/simple-gurobi-1pct/base-scaleflag2/resultados/caso04b_base.csv,/clusteruy/home/mathiasr/generator-aware-row-scaling/results-revision/r1-internal-scaling/simple-gurobi-1pct/base-scaleflag2/resultados/caso04b_base_postprocesado.csv,/clusteruy/home/mathiasr/generator-aware-row-scaling/results-revision/r1-internal-scaling/simple-gurobi-1pct/base-scaleflag2/logs/caso04b_base.log
caso04c.txt,base,OK,0,3.39898439,0.005454887900897,-360294952.85187316,-358158000.0,OPTIMAL,-360314606.5376638,1.0,12586.0,0.25,14400.0,10800.0,35590.0,10770.0,8602.0,28689.0,25.208333333333332,20.35185185185185,19.390278168024725,4,Model contains large bounds | Model contains large matrix coefficients | Model contains large rhs | max constraint violation (1.7621e-06) exceeds tolerance,0.002,2000000000.0,0.005,3000.0,5.0,4000000000.0,1.0,10000000000.0,,,,,,,,,0.0,3.39898439,1.0,1.0,1.0,0.0,0.0,0.0,,,0.0,,,,2110707.354663,,,2.985491,,,,2.985491,1.0,0.897125296593595,,,,,,,,BASE,BASE,,,,,,2.98533770613827e-09,9.8838021100888e-12,9.49913010117598e-08,3.95812094211578e-07,404497.817762535,2.48673049105146,16886560.5729864,43342847.982792,9.5367431640625e-07,0.0,1.76206231117249e-06,0.0,0.0,0.0,0.0,0.0,1.0,0.0,0.0,0.0,0.0,-360294952.851873,740.538215185756,0.0,43342847.982792,0.0,0.0,0.0,793.0,0.0,1031.0,0.0,0.0,0.0,0.0,-358158353.888952,,,,,,BASE,0.0,0,/clusteruy/home/mathiasr/generator-aware-row-scaling/results-revision/r1-internal-scaling/simple-gurobi-1pct/base-scaleflag2/resultados/caso04c_base.csv,/clusteruy/home/mathiasr/generator-aware-row-scaling/results-revision/r1-internal-scaling/simple-gurobi-1pct/base-scaleflag2/resultados/caso04c_base_postprocesado.csv,/clusteruy/home/mathiasr/generator-aware-row-scaling/results-revision/r1-internal-scaling/simple-gurobi-1pct/base-scaleflag2/logs/caso04c_base.log
caso04d.txt,base,OK,0,2.234411673,0.91205653745537,-282910574.6909156,-280726000.0,OPTIMAL,-285490879.08253664,1.0,11217.0,0.26,14400.0,10800.0,35590.0,10665.0,8317.0,28407.0,25.9375,22.99074074074074,20.182635571789827,4,Model contains large bounds | Model contains large matrix coefficients | Model contains large rhs | max constraint violation (5.5879e-06) exceeds tolerance,0.002,2000000000.0,0.003,2000.0,5.0,4000000000.0,1.0,10000000000.0,,,,,,,,,0.0,2.234411673,1.0,1.0,1.0,0.0,0.0,0.0,,,0.0,,,,243067.025242,,,2.039494,,,,2.039494,1.0,0.853589710941804,,,,,,,,BASE,BASE,,,,,,3.55628848353225e-09,4.54747350886464e-13,7.82450661063197e-08,2.01165676116943e-07,840584.619218482,3.85378490671776,29861162.1282449,599720755.938789,9.5367431640625e-07,0.0,5.58793544769287e-06,0.0,0.0,0.0,0.0,0.0,2.0,0.0,0.0,0.0,0.0,-282910574.690915,397.507294818104,0.0,599720755.938789,0.0,0.0,0.0,29.0,0.0,1073.0,0.0,0.0,0.0,0.0,-280726497.463142,,,,,,BASE,0.0,0,/clusteruy/home/mathiasr/generator-aware-row-scaling/results-revision/r1-internal-scaling/simple-gurobi-1pct/base-scaleflag2/resultados/caso04d_base.csv,/clusteruy/home/mathiasr/generator-aware-row-scaling/results-revision/r1-internal-scaling/simple-gurobi-1pct/base-scaleflag2/resultados/caso04d_base_postprocesado.csv,/clusteruy/home/mathiasr/generator-aware-row-scaling/results-revision/r1-internal-scaling/simple-gurobi-1pct/base-scaleflag2/logs/caso04d_base.log
caso04e.txt,base,OK,0,35.880325868,0.99804605050557,-286602490.8916697,-286419000.0,OPTIMAL,-289462915.7326646,165.0,204832.0,0.25,14400.0,10800.0,35590.0,10665.0,8317.0,28407.0,25.9375,22.99074074074074,20.182635571789827,4,Model contains large bounds | Model contains large matrix coefficients | Model contains large rhs | max constraint violation (4.1607e-06) exceeds tolerance,0.002,2000000000.0,0.003,2000.0,5.0,4000000000.0,1.0,10000000000.0,,,,,,,,,0.0,35.880325868,1.0,1.0,1.0,0.0,0.0,0.0,,,0.0,,,,454823.992621,,,49.652739,,0.012067,5.340414,49.652739,1.0,0.02430612009799,,,,,,,,BASE,BASE,,,,,,2.71171313661742e-09,2.27373675443232e-13,7.82310962677002e-08,2.58907675743103e-07,454567.390164363,4.20506445291055,16462432.24517,599720755.938789,1.81898940354586e-12,0.0,4.16068360209465e-06,0.0,0.0,0.0,0.0,0.0,3.0,0.0,0.0,0.0,0.0,-286602490.89167,1115.91448288337,0.0,599720755.938789,0.0,0.0,0.0,203.0,0.0,1074.0,0.0,0.0,0.0,0.0,-286419403.350509,,,,,,BASE,0.0,0,/clusteruy/home/mathiasr/generator-aware-row-scaling/results-revision/r1-internal-scaling/simple-gurobi-1pct/base-scaleflag2/resultados/caso04e_base.csv,/clusteruy/home/mathiasr/generator-aware-row-scaling/results-revision/r1-internal-scaling/simple-gurobi-1pct/base-scaleflag2/resultados/caso04e_base_postprocesado.csv,/clusteruy/home/mathiasr/generator-aware-row-scaling/results-revision/r1-internal-scaling/simple-gurobi-1pct/base-scaleflag2/logs/caso04e_base.log
caso04f.txt,base,OK,0,1.86533826,0.784585871455173,-285139577.2153607,-286189000.0,OPTIMAL,-287376742.05211943,1.0,10752.0,0.26,14400.0,10800.0,35590.0,10665.0,8317.0,28407.0,25.9375,22.99074074074074,20.182635571789827,4,Model contains large bounds | Model contains large matrix coefficients | Model contains large rhs | max constraint violation (1.4752e-06) exceeds tolerance,0.002,2000000000.0,0.005,2000.0,5.0,4000000000.0,1.0,10000000000.0,,,,,,,,,0.0,1.86533826,1.0,1.0,1.0,0.0,0.0,0.0,,,0.0,,,,40953.607499,,,1.761824,,,,1.761824,1.0,0.274096740855702,,,,,,,,BASE,BASE,,,,,,2.07065446531821e-09,5.6843418860808e-14,6.98491930961609e-08,1.78813934326172e-07,170648.817976471,4.38690640956662,5255947.57869685,186366113.105453,1.57314161697286e-11,0.0,1.47521495819092e-06,0.0,0.0,0.0,0.0,0.0,1.0,0.0,0.0,0.0,0.0,-285139577.215361,1591.73156597399,0.0,186366113.105453,0.0,0.0,0.0,591.0,0.0,1072.0,0.0,0.0,0.0,0.0,-286188558.029434,,,,,,BASE,0.0,0,/clusteruy/home/mathiasr/generator-aware-row-scaling/results-revision/r1-internal-scaling/simple-gurobi-1pct/base-scaleflag2/resultados/caso04f_base.csv,/clusteruy/home/mathiasr/generator-aware-row-scaling/results-revision/r1-internal-scaling/simple-gurobi-1pct/base-scaleflag2/resultados/caso04f_base_postprocesado.csv,/clusteruy/home/mathiasr/generator-aware-row-scaling/results-revision/r1-internal-scaling/simple-gurobi-1pct/base-scaleflag2/logs/caso04f_base.log
caso05a.txt,base,OK,0,2.267453365,0.469585918176175,-343140585.3258121,-343300000.0,OPTIMAL,-344751925.1940494,1.0,11247.0,0.21,14400.0,10800.0,35590.0,9533.0,7968.0,26070.0,33.798611111111114,26.22222222222222,26.749086822141052,3,Model contains large bounds | Model contains large matrix coefficient range | Model contains large rhs,0.002,2000000000.0,0.003,3000.0,5.0,4000000000.0,1.0,10000000000.0,,,,,,,,,0.0,2.267453365,1.0,1.0,1.0,0.0,0.0,0.0,,,0.0,,,,264365.642753,,,2.225027,,,,2.225027,1.0,0.19423973792969,,,,,,,,BASE,BASE,,,,,,5.20447239745619e-09,1.87609927593191e-11,1.6345176845789e-07,5.22180926054716e-07,260532.331803987,2.48097708348147,10038300.6360267,176468064.202886,2.38418579101562e-07,0.0,9.9849421530962e-07,0.0,0.0,0.0,0.0,0.0,0.0,0.0,0.0,0.0,0.0,-343140585.325812,1260.39840568409,0.0,176468064.202886,0.0,0.0,0.0,712.0,0.0,1024.0,0.0,0.0,0.0,0.0,-343299698.891486,,,,,,BASE,0.0,0,/clusteruy/home/mathiasr/generator-aware-row-scaling/results-revision/r1-internal-scaling/simple-gurobi-1pct/base-scaleflag2/resultados/caso05a_base.csv,/clusteruy/home/mathiasr/generator-aware-row-scaling/results-revision/r1-internal-scaling/simple-gurobi-1pct/base-scaleflag2/resultados/caso05a_base_postprocesado.csv,/clusteruy/home/mathiasr/generator-aware-row-scaling/results-revision/r1-internal-scaling/simple-gurobi-1pct/base-scaleflag2/logs/caso05a_base.log
caso05b.txt,base,OK,0,2.72273554,0.445729053907247,-347182749.23401976,-346071000.0,OPTIMAL,-348730243.6175097,1.0,10999.0,0.21,14400.0,10800.0,35590.0,9533.0,7968.0,26070.0,33.798611111111114,26.22222222222222,26.749086822141052,4,Model contains large bounds | Model contains large matrix coefficient range | Model contains large rhs | max constraint violation (8.3223e-06) exceeds tolerance,0.002,2000000000.0,0.003,3000.0,5.0,4000000000.0,1.0,10000000000.0,,,,,,,,,0.0,2.72273554,1.0,1.0,1.0,0.0,0.0,0.0,,,0.0,,,,220022.842324,,,2.327531,,,,2.327531,1.0,0.892215535783317,,,,,,,,BASE,BASE,,,,,,7.06997089950834e-09,4.65661287307739e-10,1.70902349054813e-07,5.05475327372551e-07,211091.371141114,2.7697050512234,10046970.2370756,22212267.4448452,2.38418579101562e-07,0.0,8.32229852676392e-06,0.0,0.0,0.0,0.0,0.0,4.0,0.0,0.0,0.0,0.0,-347182749.23402,1450.73887970296,0.0,22212267.4448452,0.0,0.0,0.0,871.0,0.0,1027.0,0.0,0.0,0.0,0.0,-346070869.409488,,,,,,BASE,0.0,0,/clusteruy/home/mathiasr/generator-aware-row-scaling/results-revision/r1-internal-scaling/simple-gurobi-1pct/base-scaleflag2/resultados/caso05b_base.csv,/clusteruy/home/mathiasr/generator-aware-row-scaling/results-revision/r1-internal-scaling/simple-gurobi-1pct/base-scaleflag2/resultados/caso05b_base_postprocesado.csv,/clusteruy/home/mathiasr/generator-aware-row-scaling/results-revision/r1-internal-scaling/simple-gurobi-1pct/base-scaleflag2/logs/caso05b_base.log
caso05c.txt,base,OK,0,3.199541448,0.446739392857712,-345119028.7150977,-344742000.0,OPTIMAL,-346660811.368616,1.0,11940.0,0.21,14400.0,10800.0,35590.0,9533.0,7968.0,26070.0,33.798611111111114,26.22222222222222,26.749086822141052,4,Model contains large bounds | Model contains large matrix coefficient range | Model contains large rhs | max constraint violation (1.3821e-06) exceeds tolerance,0.002,2000000000.0,0.005,3000.0,5.0,4000000000.0,1.0,10000000000.0,,,,,,,,,0.0,3.199541448,1.0,1.0,1.0,0.0,0.0,0.0,,,0.0,,,,359780.386097,,,2.731568,,,,2.731568,1.0,0.907787233883895,,,,,,,,BASE,BASE,,,,,,5.57589040293394e-09,1.39698386192322e-09,1.7508864402771e-07,4.26545739173889e-07,285444.585814415,2.29185914192701,10571067.9847997,193924012.220437,2.38418579101562e-07,0.0,1.38208270072937e-06,0.0,0.0,0.0,0.0,0.0,1.0,0.0,0.0,0.0,0.0,-345119028.715098,810.823921806586,0.0,193924012.220437,0.0,0.0,0.0,712.0,0.0,1021.0,0.0,0.0,0.0,0.0,-344742464.895163,,,,,,BASE,0.0,0,/clusteruy/home/mathiasr/generator-aware-row-scaling/results-revision/r1-internal-scaling/simple-gurobi-1pct/base-scaleflag2/resultados/caso05c_base.csv,/clusteruy/home/mathiasr/generator-aware-row-scaling/results-revision/r1-internal-scaling/simple-gurobi-1pct/base-scaleflag2/resultados/caso05c_base_postprocesado.csv,/clusteruy/home/mathiasr/generator-aware-row-scaling/results-revision/r1-internal-scaling/simple-gurobi-1pct/base-scaleflag2/logs/caso05c_base.log
caso05d.txt,base,OK,0,1.579591696,0.44129996830336,-275184714.01912385,-276560000.0,OPTIMAL,-276399104.07486594,1.0,8071.0,0.22,14400.0,10800.0,35590.0,9389.0,7587.0,25642.0,34.798611111111114,29.75,27.951671817926385,4,Model contains large bounds | Model contains large matrix coefficient range | Model contains large rhs | max constraint violation (1.1362e-06) exceeds tolerance,0.002,2000000000.0,0.003,2000.0,5.0,4000000000.0,1.0,10000000000.0,,,,,,,,,0.0,1.579591696,1.0,1.0,1.0,0.0,0.0,0.0,,,0.0,,,,311338.141089,,,1.458933,,,,1.458933,1.0,0.24588441860892,,,,,,,,BASE,BASE,,,,,,2.65477183200426e-09,5.6843418860808e-14,9.68575477600098e-08,2.34693288803101e-07,1051164.30607552,6.85517026084548,16671619.7117691,729587415.639973,8.5265128291212e-13,0.0,1.13621354103088e-06,0.0,0.0,0.0,0.0,0.0,1.0,0.0,0.0,0.0,0.0,-275184714.019124,2078.28833116656,0.0,729587415.639973,0.0,0.0,0.0,235.0,0.0,1054.0,0.0,0.0,0.0,0.0,-276559770.28953,,,,,,BASE,0.0,0,/clusteruy/home/mathiasr/generator-aware-row-scaling/results-revision/r1-internal-scaling/simple-gurobi-1pct/base-scaleflag2/resultados/caso05d_base.csv,/clusteruy/home/mathiasr/generator-aware-row-scaling/results-revision/r1-internal-scaling/simple-gurobi-1pct/base-scaleflag2/resultados/caso05d_base_postprocesado.csv,/clusteruy/home/mathiasr/generator-aware-row-scaling/results-revision/r1-internal-scaling/simple-gurobi-1pct/base-scaleflag2/logs/caso05d_base.log
caso05e.txt,base,OK,0,1.619171376,0.390582400348292,-278624914.19657695,-279702000.0,OPTIMAL,-279713174.0744143,1.0,8968.0,0.22,14400.0,10800.0,35590.0,9389.0,7587.0,25642.0,34.798611111111114,29.75,27.951671817926385,4,Model contains large bounds | Model contains large matrix coefficient range | Model contains large rhs | max constraint violation (1.5693e-06) exceeds tolerance,0.002,2000000000.0,0.003,2000.0,5.0,4000000000.0,1.0,10000000000.0,,,,,,,,,0.0,1.619171376,1.0,1.0,1.0,0.0,0.0,0.0,,,0.0,,,,137822.878953,,,1.423175,,,,1.423175,1.0,0.295388917802613,,,,,,,,BASE,BASE,,,,,,2.71951697633306e-09,9.09494701772928e-13,9.36002470552922e-08,4.06987965106964e-07,603046.013563995,2.45431733148089,29797232.6463344,55175776.1444221,1.8573587112769e-11,0.0,1.56927853822708e-06,0.0,0.0,0.0,0.0,0.0,1.0,0.0,0.0,0.0,0.0,-278624914.196577,1335.47469474026,0.0,55175776.1444221,0.0,0.0,0.0,473.0,0.0,1068.0,0.0,0.0,0.0,0.0,-279701914.506258,,,,,,BASE,0.0,0,/clusteruy/home/mathiasr/generator-aware-row-scaling/results-revision/r1-internal-scaling/simple-gurobi-1pct/base-scaleflag2/resultados/caso05e_base.csv,/clusteruy/home/mathiasr/generator-aware-row-scaling/results-revision/r1-internal-scaling/simple-gurobi-1pct/base-scaleflag2/resultados/caso05e_base_postprocesado.csv,/clusteruy/home/mathiasr/generator-aware-row-scaling/results-revision/r1-internal-scaling/simple-gurobi-1pct/base-scaleflag2/logs/caso05e_base.log
caso05f.txt,base,OK,0,1.535525972,0.428187252064003,-276335963.8228332,-277965000.0,OPTIMAL,-277519199.19279075,1.0,9052.0,0.22,14400.0,10800.0,35590.0,9389.0,7587.0,25642.0,34.798611111111114,29.75,27.951671817926385,4,Model contains large bounds | Model contains large matrix coefficient range | Model contains large rhs | max constraint violation (7.6084e-06) exceeds tolerance,0.002,2000000000.0,0.005,2000.0,5.0,4000000000.0,1.0,10000000000.0,,,,,,,,,0.0,1.535525972,1.0,1.0,1.0,0.0,0.0,0.0,,,0.0,,,,16423.811043,,,1.344499,,,,1.344499,1.0,0.273488749418744,,,,,,,,BASE,BASE,,,,,,4.38530062417551e-09,8.17124146124115e-14,1.11758708953857e-07,2.30967998504639e-07,605620.979059191,3.96254170221715,18820951.046849,329987864.042406,2.8421709430404e-14,0.0,7.60843977332115e-06,0.0,0.0,0.0,0.0,0.0,3.0,0.0,0.0,0.0,0.0,-276335963.822833,1194.15462122278,0.0,329987864.042406,0.0,0.0,0.0,434.0,0.0,1054.0,0.0,0.0,0.0,0.0,-277964973.001958,,,,,,BASE,0.0,0,/clusteruy/home/mathiasr/generator-aware-row-scaling/results-revision/r1-internal-scaling/simple-gurobi-1pct/base-scaleflag2/resultados/caso05f_base.csv,/clusteruy/home/mathiasr/generator-aware-row-scaling/results-revision/r1-internal-scaling/simple-gurobi-1pct/base-scaleflag2/resultados/caso05f_base_postprocesado.csv,/clusteruy/home/mathiasr/generator-aware-row-scaling/results-revision/r1-internal-scaling/simple-gurobi-1pct/base-scaleflag2/logs/caso05f_base.log
caso09a.txt,base,OK,0,2.340106213,0.007806032281619,-291198750.0186297,-290882000.0,OPTIMAL,-291221481.08705986,1.0,11106.0,0.21,14400.0,10800.0,35590.0,9626.0,8173.0,25749.0,33.15277777777778,24.324074074074073,27.65102556898005,4,Model contains large bounds | Model contains large matrix coefficient range | Model contains large rhs | max constraint violation (1.0496e-06) exceeds tolerance,0.001,2000000000.0,0.003,3000.0,5.0,3000000000.0,1.0,10000000000.0,,,,,,,,,0.0,2.340106213,1.0,1.0,1.0,0.0,0.0,0.0,,,0.0,,,,1.0931664425989638e+16,,,2.267511,,,,2.267511,1.0,0.194883047227607,,,,,,,,BASE,BASE,,,,,,5.64568066376938e-09,7.29682980704608e-12,1.71363353729248e-07,6.29574060440063e-07,174315.333949973,1.93237813967205,5209465.64535239,188440935.629502,1.62714286489063e-11,0.0,1.04960054159164e-06,0.0,0.0,0.0,0.0,0.0,1.0,0.0,0.0,0.0,0.0,-291198750.01863,1259.89204313034,0.0,188440935.629502,0.0,0.0,0.0,729.0,0.0,1004.0,0.0,0.0,0.0,0.0,-290881708.096218,,,,,,BASE,0.0,0,/clusteruy/home/mathiasr/generator-aware-row-scaling/results-revision/r1-internal-scaling/simple-gurobi-1pct/base-scaleflag2/resultados/caso09a_base.csv,/clusteruy/home/mathiasr/generator-aware-row-scaling/results-revision/r1-internal-scaling/simple-gurobi-1pct/base-scaleflag2/resultados/caso09a_base_postprocesado.csv,/clusteruy/home/mathiasr/generator-aware-row-scaling/results-revision/r1-internal-scaling/simple-gurobi-1pct/base-scaleflag2/logs/caso09a_base.log
caso09b.txt,base,OK,0,2.14532788,0.014432730713915,-292283970.8800111,-291901000.0,OPTIMAL,-292326155.43844813,1.0,10876.0,0.21,14400.0,10800.0,35590.0,9626.0,8173.0,25749.0,33.15277777777778,24.324074074074073,27.65102556898005,4,Model contains large bounds | Model contains large matrix coefficient range | Model contains large rhs | max constraint violation (1.2384e-06) exceeds tolerance,0.001,2000000000.0,0.003,3000.0,5.0,3000000000.0,1.0,10000000000.0,,,,,,,,,0.0,2.14532788,1.0,1.0,1.0,0.0,0.0,0.0,,,0.0,,,,372874.557443,,,2.034859,,,,2.034859,1.0,0.245860778153367,,,,,,,,BASE,BASE,,,,,,5.81450524900594e-09,1.5603518477285e-12,1.82546209543944e-07,3.39001417160034e-07,143216.03423283,1.9393740733018,5321872.42957044,17892502.9407634,9.09494701772928e-13,0.0,1.23842619359493e-06,0.0,0.0,0.0,0.0,0.0,3.0,0.0,0.0,0.0,0.0,-292283970.880011,1489.55986349264,0.0,17892502.9407634,0.0,0.0,0.0,758.0,0.0,1001.0,0.0,0.0,0.0,0.0,-291900753.86104,,,,,,BASE,0.0,0,/clusteruy/home/mathiasr/generator-aware-row-scaling/results-revision/r1-internal-scaling/simple-gurobi-1pct/base-scaleflag2/resultados/caso09b_base.csv,/clusteruy/home/mathiasr/generator-aware-row-scaling/results-revision/r1-internal-scaling/simple-gurobi-1pct/base-scaleflag2/resultados/caso09b_base_postprocesado.csv,/clusteruy/home/mathiasr/generator-aware-row-scaling/results-revision/r1-internal-scaling/simple-gurobi-1pct/base-scaleflag2/logs/caso09b_base.log
caso09c.txt,base,OK,0,2.296558307,0.011449949059219,-291698143.7071562,-291381000.0,OPTIMAL,-291731542.99601734,1.0,11103.0,0.21,14400.0,10800.0,35590.0,9626.0,8173.0,25749.0,33.15277777777778,24.324074074074073,27.65102556898005,4,Model contains large bounds | Model contains large matrix coefficient range | Model contains large rhs | max constraint violation (2.0224e-06) exceeds tolerance,0.001,2000000000.0,0.005,3000.0,5.0,3000000000.0,1.0,10000000000.0,,,,,,,,,0.0,2.296558307,1.0,1.0,1.0,0.0,0.0,0.0,,,0.0,,,,372629.477099,,,2.194365,,,,2.194365,1.0,0.216820682255565,,,,,,,,BASE,BASE,,,,,,5.67925244993976e-09,7.29913907093726e-12,1.69279519468546e-07,7.89761543273926e-07,174321.490376915,1.93237810582923,5209465.64535239,188440935.629502,3.63797880709171e-12,0.0,2.02120281755924e-06,0.0,0.0,0.0,0.0,0.0,2.0,0.0,0.0,0.0,0.0,-291698143.707156,1259.89204313034,0.0,188440935.629502,0.0,0.0,0.0,729.0,0.0,1005.0,0.0,0.0,0.0,0.0,-291381122.354128,,,,,,BASE,0.0,0,/clusteruy/home/mathiasr/generator-aware-row-scaling/results-revision/r1-internal-scaling/simple-gurobi-1pct/base-scaleflag2/resultados/caso09c_base.csv,/clusteruy/home/mathiasr/generator-aware-row-scaling/results-revision/r1-internal-scaling/simple-gurobi-1pct/base-scaleflag2/resultados/caso09c_base_postprocesado.csv,/clusteruy/home/mathiasr/generator-aware-row-scaling/results-revision/r1-internal-scaling/simple-gurobi-1pct/base-scaleflag2/logs/caso09c_base.log
caso09d.txt,base,OK,0,58.432392785,0.999615394474347,-236112876.60063475,-236529000.0,OPTIMAL,-238473097.26347092,9009.0,488385.0,0.21,14400.0,10800.0,35590.0,9650.0,7945.0,25722.0,32.986111111111114,26.435185185185187,27.72688957572352,4,Model contains large bounds | Model contains large matrix coefficient range | Model contains large rhs | max constraint violation (1.5346e-06) exceeds tolerance,0.001,2000000000.0,0.003,2000.0,5.0,3000000000.0,1.0,10000000000.0,,,,,,,,,0.0,58.432392785,1.0,1.0,1.0,0.0,0.0,0.0,,,0.0,,,,723612419114080.8,,,66.408437,,2.016211,3.460326,66.408437,1.0,0.211147794595357,,,,,,,,BASE,BASE,,,,,,3.49398532360555e-09,4.61852778244065e-14,1.01523473858834e-07,4.17232513427734e-07,773619.10682179,4.82324331476176,18021311.545557,707105843.09184,9.5367431640625e-07,0.0,1.53481960296631e-06,0.0,0.0,0.0,0.0,0.0,1.0,0.0,0.0,0.0,0.0,-236112876.600635,1780.15996272658,0.0,707105843.09184,0.0,0.0,0.0,272.0,0.0,1014.0,0.0,0.0,0.0,0.0,-236528504.280586,,,,,,BASE,0.0,0,/clusteruy/home/mathiasr/generator-aware-row-scaling/results-revision/r1-internal-scaling/simple-gurobi-1pct/base-scaleflag2/resultados/caso09d_base.csv,/clusteruy/home/mathiasr/generator-aware-row-scaling/results-revision/r1-internal-scaling/simple-gurobi-1pct/base-scaleflag2/resultados/caso09d_base_postprocesado.csv,/clusteruy/home/mathiasr/generator-aware-row-scaling/results-revision/r1-internal-scaling/simple-gurobi-1pct/base-scaleflag2/logs/caso09d_base.log
caso09e.txt,base,OK,0,1.777238708,0.402811497232631,-237637061.9042532,-238230000.0,OPTIMAL,-238594291.31128937,1.0,9908.0,0.21,14400.0,10800.0,35590.0,9650.0,7945.0,25722.0,32.986111111111114,26.435185185185187,27.72688957572352,3,Model contains large bounds | Model contains large matrix coefficient range | Model contains large rhs,0.001,2000000000.0,0.003,2000.0,5.0,3000000000.0,1.0,10000000000.0,,,,,,,,,0.0,1.777238708,1.0,1.0,1.0,0.0,0.0,0.0,,,0.0,,,,185963.038864,,,1.587565,,,,1.587565,1.0,0.308679201257899,,,,,,,,BASE,BASE,,,,,,4.78077636993993e-09,5.6843418860808e-14,1.53670553117991e-07,4.15369868278503e-07,447883.239257318,2.30381778394338,17263044.8630897,53232405.7164979,3.63797880709171e-12,0.0,7.83707946538925e-07,0.0,0.0,0.0,0.0,0.0,0.0,0.0,0.0,0.0,0.0,-237637061.904253,1490.02857333012,0.0,53232405.7164979,0.0,0.0,0.0,601.0,0.0,1049.0,0.0,0.0,0.0,0.0,-238230139.829161,,,,,,BASE,0.0,0,/clusteruy/home/mathiasr/generator-aware-row-scaling/results-revision/r1-internal-scaling/simple-gurobi-1pct/base-scaleflag2/resultados/caso09e_base.csv,/clusteruy/home/mathiasr/generator-aware-row-scaling/results-revision/r1-internal-scaling/simple-gurobi-1pct/base-scaleflag2/resultados/caso09e_base_postprocesado.csv,/clusteruy/home/mathiasr/generator-aware-row-scaling/results-revision/r1-internal-scaling/simple-gurobi-1pct/base-scaleflag2/logs/caso09e_base.log
caso09f.txt,base,OK,0,1.691398643,0.387662965156848,-237425698.26853186,-238663000.0,OPTIMAL,-238346109.770484,1.0,10696.0,0.21,14400.0,10800.0,35590.0,9650.0,7945.0,25722.0,32.986111111111114,26.435185185185187,27.72688957572352,4,Model contains large bounds | Model contains large matrix coefficient range | Model contains large rhs | max constraint violation (6.2063e-06) exceeds tolerance,0.001,2000000000.0,0.005,2000.0,5.0,3000000000.0,1.0,10000000000.0,,,,,,,,,0.0,1.691398643,1.0,1.0,1.0,0.0,0.0,0.0,,,0.0,,,,320149.736088,,,1.550266,,,,1.550266,1.0,0.292928715448115,,,,,,,,BASE,BASE,,,,,,2.78706319860207e-09,3.01980662698043e-14,7.80005939304829e-08,2.04890966415405e-07,478230.088918461,4.96455182355045,11107118.6373789,312010747.31854,7.15255737304688e-07,0.0,6.20633363723755e-06,0.0,0.0,0.0,0.0,0.0,2.0,0.0,0.0,0.0,0.0,-237425698.268532,1956.86357145431,0.0,312010747.31854,0.0,0.0,0.0,476.0,0.0,1036.0,0.0,0.0,0.0,0.0,-238663152.153517,,,,,,BASE,0.0,0,/clusteruy/home/mathiasr/generator-aware-row-scaling/results-revision/r1-internal-scaling/simple-gurobi-1pct/base-scaleflag2/resultados/caso09f_base.csv,/clusteruy/home/mathiasr/generator-aware-row-scaling/results-revision/r1-internal-scaling/simple-gurobi-1pct/base-scaleflag2/resultados/caso09f_base_postprocesado.csv,/clusteruy/home/mathiasr/generator-aware-row-scaling/results-revision/r1-internal-scaling/simple-gurobi-1pct/base-scaleflag2/logs/caso09f_base.log
caso10a.txt,base,OK,0,2.501313956,0.069257542050597,-350156949.3877227,-350500000.0,OPTIMAL,-350399459.48418796,1.0,12625.0,0.26,14400.0,10800.0,35590.0,11895.0,9280.0,31965.0,17.395833333333332,14.074074074074074,10.185445349817364,3,Model contains large bounds | Model contains large matrix coefficient range | Model contains large rhs,0.001,1000000000.0,0.003,3000.0,5.0,2000000000.0,1.0,10000000000.0,,,,,,,,,0.0,2.501313956,1.0,1.0,1.0,0.0,0.0,0.0,,,0.0,,,,876750.255621,,,2.231003,,,,2.231003,1.0,0.214460912105448,,,,,,,,BASE,BASE,,,,,,5.2394590347761e-09,1.86264514923096e-09,1.69980339705944e-07,3.57627868652344e-07,177055.887072181,3.07368855156821,3752081.8394041,95634845.8836954,1.09139364212751e-11,0.0,9.53616108745337e-07,0.0,0.0,0.0,0.0,0.0,0.0,0.0,0.0,0.0,0.0,-350156949.387723,1811.07986167355,0.0,95634845.8836954,0.0,0.0,0.0,1506.0,0.0,969.0,0.0,0.0,0.0,0.0,-350499700.825445,,,,,,BASE,0.0,0,/clusteruy/home/mathiasr/generator-aware-row-scaling/results-revision/r1-internal-scaling/simple-gurobi-1pct/base-scaleflag2/resultados/caso10a_base.csv,/clusteruy/home/mathiasr/generator-aware-row-scaling/results-revision/r1-internal-scaling/simple-gurobi-1pct/base-scaleflag2/resultados/caso10a_base_postprocesado.csv,/clusteruy/home/mathiasr/generator-aware-row-scaling/results-revision/r1-internal-scaling/simple-gurobi-1pct/base-scaleflag2/logs/caso10a_base.log
caso10b.txt,base,OK,0,2.498252657,0.078793447469784,-353197663.6389631,-353524000.0,OPTIMAL,-353475960.254527,1.0,11910.0,0.26,14400.0,10800.0,35590.0,11895.0,9280.0,31965.0,17.395833333333332,14.074074074074074,10.185445349817364,4,Model contains large bounds | Model contains large matrix coefficient range | Model contains large rhs | max constraint violation (5.2452e-06) exceeds tolerance,0.001,1000000000.0,0.003,3000.0,5.0,2000000000.0,1.0,10000000000.0,,,,,,,,,0.0,2.498252657,1.0,1.0,1.0,0.0,0.0,0.0,,,0.0,,,,877046.677148,,,2.148082,,,,2.148082,1.0,0.245740991310865,,,,,,,,BASE,BASE,,,,,,6.20791407784709e-09,3.72529029846191e-09,1.69510021805763e-07,3.35276126861572e-07,102077.698131412,3.02828246788707,2480343.99925863,35219398.9671325,3.63797880709171e-12,0.0,5.16115687787533e-06,0.0,0.0,0.0,0.0,0.0,2.0,0.0,0.0,0.0,0.0,-353197663.638963,2793.95594463524,0.0,35219398.9671325,0.0,0.0,0.0,1498.0,0.0,986.0,0.0,0.0,0.0,0.0,-353523928.765474,,,,,,BASE,0.0,0,/clusteruy/home/mathiasr/generator-aware-row-scaling/results-revision/r1-internal-scaling/simple-gurobi-1pct/base-scaleflag2/resultados/caso10b_base.csv,/clusteruy/home/mathiasr/generator-aware-row-scaling/results-revision/r1-internal-scaling/simple-gurobi-1pct/base-scaleflag2/resultados/caso10b_base_postprocesado.csv,/clusteruy/home/mathiasr/generator-aware-row-scaling/results-revision/r1-internal-scaling/simple-gurobi-1pct/base-scaleflag2/logs/caso10b_base.log
caso10c.txt,base,OK,0,2.505021779,0.076119364693243,-351619821.61375093,-351934000.0,OPTIMAL,-351887472.38809884,1.0,12266.0,0.26,14400.0,10800.0,35590.0,11895.0,9280.0,31965.0,17.395833333333332,14.074074074074074,10.185445349817364,4,Model contains large bounds | Model contains large matrix coefficient range | Model contains large rhs | max constraint violation (1.0928e-06) exceeds tolerance,0.001,1000000000.0,0.005,3000.0,5.0,2000000000.0,1.0,10000000000.0,,,,,,,,,0.0,2.505021779,1.0,1.0,1.0,0.0,0.0,0.0,,,0.0,,,,876750.255621,,,2.208209,,,,2.208209,1.0,0.233678415923656,,,,,,,,BASE,BASE,,,,,,5.20458690174308e-09,3.72529029846191e-09,1.63922086358071e-07,3.5017728805542e-07,176195.650052564,3.07861784539638,3752081.83940399,95634845.8836954,1.09139364212751e-11,0.0,1.04546779766679e-06,0.0,0.0,0.0,0.0,0.0,1.0,0.0,0.0,0.0,0.0,-351619821.613751,1811.07986167355,0.0,95634845.8836954,0.0,0.0,0.0,1508.0,0.0,970.0,0.0,0.0,0.0,0.0,-351934305.791457,,,,,,BASE,0.0,0,/clusteruy/home/mathiasr/generator-aware-row-scaling/results-revision/r1-internal-scaling/simple-gurobi-1pct/base-scaleflag2/resultados/caso10c_base.csv,/clusteruy/home/mathiasr/generator-aware-row-scaling/results-revision/r1-internal-scaling/simple-gurobi-1pct/base-scaleflag2/resultados/caso10c_base_postprocesado.csv,/clusteruy/home/mathiasr/generator-aware-row-scaling/results-revision/r1-internal-scaling/simple-gurobi-1pct/base-scaleflag2/logs/caso10c_base.log
caso10d.txt,base,OK,0,112.951009381,0.967898643572973,-260227835.84851173,-260864000.0,OPTIMAL,-262746577.54188877,20210.0,2410505.0,0.26,14400.0,10800.0,35590.0,11761.0,8871.0,31576.0,18.32638888888889,17.86111111111111,11.2784490025288,4,Model contains large bounds | Model contains large matrix coefficient range | Model contains large rhs | max constraint violation (1.6689e-06) exceeds tolerance,0.001,1000000000.0,0.003,2000.0,5.0,2000000000.0,1.0,10000000000.0,,,,,,,,,0.0,112.951009381,1.0,1.0,1.0,0.0,0.0,0.0,,,0.0,,,,1188736.432809,,,126.289296,,0.051423,5.114508,126.289296,1.0,0.047322877852586,,,,,,,,BASE,BASE,,,,,,3.47443994806497e-09,4.54747350886464e-13,1.08503736555576e-07,2.84984707832336e-07,686087.515332182,3.38630830622032,25911840.5708623,593832648.409067,2.00088834390044e-11,0.0,1.60746276378632e-06,0.0,0.0,0.0,0.0,0.0,1.0,0.0,0.0,0.0,0.0,-260227835.848512,1331.63856401262,0.0,593832648.409067,0.0,0.0,0.0,366.0,0.0,1035.0,0.0,0.0,0.0,0.0,-260864469.889431,,,,,,BASE,0.0,0,/clusteruy/home/mathiasr/generator-aware-row-scaling/results-revision/r1-internal-scaling/simple-gurobi-1pct/base-scaleflag2/resultados/caso10d_base.csv,/clusteruy/home/mathiasr/generator-aware-row-scaling/results-revision/r1-internal-scaling/simple-gurobi-1pct/base-scaleflag2/resultados/caso10d_base_postprocesado.csv,/clusteruy/home/mathiasr/generator-aware-row-scaling/results-revision/r1-internal-scaling/simple-gurobi-1pct/base-scaleflag2/logs/caso10d_base.log
caso10e.txt,base,OK,0,128.876173821,0.513918149944151,-263416249.14758894,-264340000.0,OPTIMAL,-264769993.0618605,18261.0,3007758.0,0.26,14400.0,10800.0,35590.0,11761.0,8871.0,31576.0,18.32638888888889,17.86111111111111,11.2784490025288,3,Model contains large bounds | Model contains large matrix coefficient range | Model contains large rhs,0.001,1000000000.0,0.003,2000.0,5.0,2000000000.0,1.0,10000000000.0,,,,,,,,,0.0,128.876173821,1.0,1.0,1.0,0.0,0.0,0.0,,,0.0,,,,73232.708467,,,150.349616,,0.045982,4.759037,150.349616,1.0,0.043374592859204,,,,,,,,BASE,BASE,,,,,,3.41927932387416e-09,4.54747350886464e-13,1.099007204175e-07,7.00734115177681e-07,466927.400627598,3.69690758919246,20228777.7714211,190051061.862546,7.27595761418343e-12,0.0,8.42846930027008e-07,0.0,0.0,0.0,0.0,0.0,0.0,0.0,0.0,0.0,0.0,-263416249.147589,1406.61821288721,0.0,190051061.862546,0.0,0.0,0.0,492.0,0.0,1016.0,0.0,0.0,0.0,0.0,-264340123.351966,,,,,,BASE,0.0,0,/clusteruy/home/mathiasr/generator-aware-row-scaling/results-revision/r1-internal-scaling/simple-gurobi-1pct/base-scaleflag2/resultados/caso10e_base.csv,/clusteruy/home/mathiasr/generator-aware-row-scaling/results-revision/r1-internal-scaling/simple-gurobi-1pct/base-scaleflag2/resultados/caso10e_base_postprocesado.csv,/clusteruy/home/mathiasr/generator-aware-row-scaling/results-revision/r1-internal-scaling/simple-gurobi-1pct/base-scaleflag2/logs/caso10e_base.log
caso10f.txt,base,OK,0,101.012957387,0.383890232525542,-262562467.8639703,-263615000.0,OPTIMAL,-263570419.5323781,13071.0,1818201.0,0.27,14400.0,10800.0,35590.0,11761.0,8871.0,31576.0,18.32638888888889,17.86111111111111,11.2784490025288,3,Model contains large bounds | Model contains large matrix coefficient range | Model contains large rhs,0.001,1000000000.0,0.005,2000.0,5.0,2000000000.0,1.0,10000000000.0,,,,,,,,,0.0,101.012957387,1.0,1.0,1.0,0.0,0.0,0.0,,,0.0,,,,1879069.105357,,,124.366055,,0.048724,4.935304,124.366055,1.0,0.049980418006124,,,,,,,,BASE,BASE,,,,,,3.51406214376147e-09,4.54747350886464e-13,1.08033418655396e-07,2.38418579101562e-07,505378.85089046,3.55536862632861,20223650.2210313,596220909.857265,2.18269846641306e-11,0.0,6.49131834506989e-07,0.0,0.0,0.0,0.0,0.0,0.0,0.0,0.0,0.0,0.0,-262562467.86397,1021.00859010364,0.0,596220909.857265,0.0,0.0,0.0,483.0,0.0,1019.0,0.0,0.0,0.0,0.0,-263614767.146238,,,,,,BASE,0.0,0,/clusteruy/home/mathiasr/generator-aware-row-scaling/results-revision/r1-internal-scaling/simple-gurobi-1pct/base-scaleflag2/resultados/caso10f_base.csv,/clusteruy/home/mathiasr/generator-aware-row-scaling/results-revision/r1-internal-scaling/simple-gurobi-1pct/base-scaleflag2/resultados/caso10f_base_postprocesado.csv,/clusteruy/home/mathiasr/generator-aware-row-scaling/results-revision/r1-internal-scaling/simple-gurobi-1pct/base-scaleflag2/logs/caso10f_base.log
caso11a.txt,base,OK,0,1.171400354,0.692727580665666,-347620258.80276114,-347724000.0,OPTIMAL,-350028320.21146923,1.0,0.0,0.22,14400.0,10800.0,35590.0,10409.0,8530.0,27927.0,27.71527777777778,21.01851851851852,21.531329025007025,4,Model contains large bounds | Model contains large matrix coefficient range | Model contains large rhs | max constraint violation (4.3721e-06) exceeds tolerance,0.002,2000000000.0,0.003,3000.0,5.0,3000000000.0,1.0,10000000000.0,,,,,,,,,0.0,1.171400354,1.0,1.0,1.0,0.0,0.0,0.0,,,0.0,,,,306656.009804,,,0.856557,,,,0.856557,1.0,0.387240648413046,,,,,,,,BASE,BASE,,,,,,3.08154432652027e-09,7.84172726753237e-12,9.68715175986293e-08,2.19792127609253e-07,432947.800849465,2.98314860976208,13894412.9672466,272984863.716117,9.49285094975494e-12,0.0,4.37162816524506e-06,0.0,0.0,0.0,0.0,0.0,1.0,0.0,0.0,0.0,0.0,-347620258.802761,2392.42829521853,0.0,272984863.716117,0.0,0.0,0.0,1031.0,0.0,1026.0,0.0,0.0,0.0,0.0,-347723770.501579,,,,,,BASE,0.0,0,/clusteruy/home/mathiasr/generator-aware-row-scaling/results-revision/r1-internal-scaling/simple-gurobi-1pct/base-scaleflag2/resultados/caso11a_base.csv,/clusteruy/home/mathiasr/generator-aware-row-scaling/results-revision/r1-internal-scaling/simple-gurobi-1pct/base-scaleflag2/resultados/caso11a_base_postprocesado.csv,/clusteruy/home/mathiasr/generator-aware-row-scaling/results-revision/r1-internal-scaling/simple-gurobi-1pct/base-scaleflag2/logs/caso11a_base.log
caso11b.txt,base,OK,0,26.546489425,0.004236245774624,-351196802.49553406,-350423000.0,OPTIMAL,-351211680.0552404,9727.0,422094.0,0.2,14400.0,10800.0,35590.0,10409.0,8530.0,27927.0,27.71527777777778,21.01851851851852,21.531329025007025,4,Model contains large bounds | Model contains large matrix coefficient range | Model contains large rhs | max constraint violation (1.4305e-06) exceeds tolerance,0.002,2000000000.0,0.003,3000.0,5.0,3000000000.0,1.0,10000000000.0,,,,,,,,,0.0,26.546489425,1.0,1.0,1.0,0.0,0.0,0.0,,,0.0,,,,2081557.200127,,,33.959172,,0.32707,3.94736,33.959172,1.0,0.370369358876974,,,,,,,,BASE,BASE,,,,,,4.72768260831878e-09,2.3283064365387e-09,1.56466849148274e-07,2.30967998504639e-07,289794.719299147,7.48200762115384,13389846.1932282,22951788.0459004,7.27595761418343e-12,0.0,1.43051147460938e-06,0.0,0.0,9.99200722162641e-16,0.0,0.0,1.0,0.0,0.0,0.0,0.0,-351196802.495534,1393.22202906232,0.0,22951788.0459004,0.0,0.0,9.99200722162641e-16,1137.0,0.0,1021.0,0.0,0.0,0.0,0.0,-350423332.629336,,,,,,BASE,0.0,0,/clusteruy/home/mathiasr/generator-aware-row-scaling/results-revision/r1-internal-scaling/simple-gurobi-1pct/base-scaleflag2/resultados/caso11b_base.csv,/clusteruy/home/mathiasr/generator-aware-row-scaling/results-revision/r1-internal-scaling/simple-gurobi-1pct/base-scaleflag2/resultados/caso11b_base_postprocesado.csv,/clusteruy/home/mathiasr/generator-aware-row-scaling/results-revision/r1-internal-scaling/simple-gurobi-1pct/base-scaleflag2/logs/caso11b_base.log
caso11c.txt,base,OK,0,19.548660721,0.00360248496755,-349384159.92619044,-348925000.0,OPTIMAL,-349396746.4380308,8139.0,187281.0,0.2,14400.0,10800.0,35590.0,10409.0,8530.0,27927.0,27.71527777777778,21.01851851851852,21.531329025007025,4,Model contains large bounds | Model contains large matrix coefficient range | Model contains large rhs | max constraint violation (1.7104e-06) exceeds tolerance,0.002,2000000000.0,0.005,3000.0,5.0,3000000000.0,1.0,10000000000.0,,,,,,,,,0.0,19.548660721,1.0,1.0,1.0,0.0,0.0,0.0,,,0.0,,,,767455.428641,,,22.931286,,0.331453,4.105331,22.931286,1.0,0.401718755659292,,,,,,,,BASE,BASE,,,,,,5.29183949194929e-09,4.65661287307739e-10,1.5810364857316e-07,5.10364770889282e-07,414796.102303143,6.71148578595371,14162037.294326,259302988.143398,7.27595761418343e-12,0.0,1.71037390828133e-06,0.0,0.0,0.0,0.0,0.0,1.0,0.0,0.0,0.0,0.0,-349384159.92619,1261.73586998016,0.0,259302988.143398,0.0,0.0,0.0,1065.0,0.0,1023.0,0.0,0.0,0.0,0.0,-348925101.980888,,,,,,BASE,0.0,0,/clusteruy/home/mathiasr/generator-aware-row-scaling/results-revision/r1-internal-scaling/simple-gurobi-1pct/base-scaleflag2/resultados/caso11c_base.csv,/clusteruy/home/mathiasr/generator-aware-row-scaling/results-revision/r1-internal-scaling/simple-gurobi-1pct/base-scaleflag2/resultados/caso11c_base_postprocesado.csv,/clusteruy/home/mathiasr/generator-aware-row-scaling/results-revision/r1-internal-scaling/simple-gurobi-1pct/base-scaleflag2/logs/caso11c_base.log
caso11d.txt,base,OK,0,2.24622951,0.031130947031747,-264603704.39719164,-265643000.0,OPTIMAL,-264686078.03625157,1.0,9627.0,0.21,14400.0,10800.0,35590.0,10315.0,8193.0,27634.0,28.368055555555557,24.13888888888889,22.35459398707502,4,Model contains large bounds | Model contains large matrix coefficient range | Model contains large rhs | max constraint violation (9.4278e-06) exceeds tolerance,0.002,2000000000.0,0.003,2000.0,5.0,3000000000.0,1.0,10000000000.0,,,,,,,,,0.0,2.24622951,1.0,1.0,1.0,0.0,0.0,0.0,,,0.0,,,,19226.351515,,,2.148655,,,,2.148655,1.0,0.846330628448761,,,,,,,,BASE,BASE,,,,,,2.52720733510337e-09,6.75015598972095e-14,6.89271837472918e-08,1.7508864402771e-07,1096536.64593415,4.14376410443975,29206293.6624997,762177795.048992,3.63797880709171e-12,0.0,9.42777842283249e-06,0.0,0.0,0.0,0.0,0.0,1.0,0.0,0.0,0.0,0.0,-264603704.397191,990.794693689684,0.0,762177795.048992,0.0,0.0,0.0,240.0,0.0,1043.0,0.0,0.0,0.0,0.0,-265643383.161377,,,,,,BASE,0.0,0,/clusteruy/home/mathiasr/generator-aware-row-scaling/results-revision/r1-internal-scaling/simple-gurobi-1pct/base-scaleflag2/resultados/caso11d_base.csv,/clusteruy/home/mathiasr/generator-aware-row-scaling/results-revision/r1-internal-scaling/simple-gurobi-1pct/base-scaleflag2/resultados/caso11d_base_postprocesado.csv,/clusteruy/home/mathiasr/generator-aware-row-scaling/results-revision/r1-internal-scaling/simple-gurobi-1pct/base-scaleflag2/logs/caso11d_base.log
caso11e.txt,base,OK,0,3.122854703,0.319878698005265,-266484905.71627444,-267679000.0,OPTIMAL,-267337334.16306022,1.0,11162.0,0.21,14400.0,10800.0,35590.0,10315.0,8193.0,27634.0,28.368055555555557,24.13888888888889,22.35459398707502,3,Model contains large bounds | Model contains large matrix coefficient range | Model contains large rhs,0.002,2000000000.0,0.003,2000.0,5.0,3000000000.0,1.0,10000000000.0,,,,,,,,,0.0,3.122854703,1.0,1.0,1.0,0.0,0.0,0.0,,,0.0,,,,360254.07858,,,3.206394,,,,3.206394,1.0,0.892724553722298,,,,,,,,BASE,BASE,,,,,,3.61272904984019e-09,5.6843418860808e-14,1.2108008377254e-07,2.90572643280029e-07,147602.839922437,6.30471112780273,5991222.56953952,20083733.7528913,7.27595761418343e-12,0.0,5.68805262446404e-07,0.0,0.0,0.0,0.0,0.0,0.0,0.0,0.0,0.0,0.0,-266484905.716274,1297.15301720767,0.0,20083733.7528913,0.0,0.0,0.0,805.0,0.0,1055.0,0.0,0.0,0.0,0.0,-267679066.635726,,,,,,BASE,0.0,0,/clusteruy/home/mathiasr/generator-aware-row-scaling/results-revision/r1-internal-scaling/simple-gurobi-1pct/base-scaleflag2/resultados/caso11e_base.csv,/clusteruy/home/mathiasr/generator-aware-row-scaling/results-revision/r1-internal-scaling/simple-gurobi-1pct/base-scaleflag2/resultados/caso11e_base_postprocesado.csv,/clusteruy/home/mathiasr/generator-aware-row-scaling/results-revision/r1-internal-scaling/simple-gurobi-1pct/base-scaleflag2/logs/caso11e_base.log
caso11f.txt,base,OK,0,2.190319482,0.038559453961192,-265562676.23183668,-266546000.0,OPTIMAL,-265665075.7497164,1.0,9233.0,0.21,14400.0,10800.0,35590.0,10315.0,8193.0,27634.0,28.368055555555557,24.13888888888889,22.35459398707502,3,Model contains large bounds | Model contains large matrix coefficient range | Model contains large rhs,0.002,2000000000.0,0.005,2000.0,5.0,3000000000.0,1.0,10000000000.0,,,,,,,,,0.0,2.190319482,1.0,1.0,1.0,0.0,0.0,0.0,,,0.0,,,,31692.712161,,,2.029415,,,,2.029415,1.0,0.841244199035016,,,,,,,,BASE,BASE,,,,,,3.45034685264449e-09,5.6843418860808e-14,1.14097492769361e-07,2.08616256713867e-07,769179.008879887,2.96484681009295,18940761.1592878,376206740.875152,3.63797880709171e-12,0.0,5.41564077138901e-07,0.0,0.0,0.0,0.0,0.0,0.0,0.0,0.0,0.0,0.0,-265562676.231837,990.794693689684,0.0,376206740.875152,0.0,0.0,0.0,328.0,0.0,1042.0,0.0,0.0,0.0,0.0,-266545625.518748,,,,,,BASE,0.0,0,/clusteruy/home/mathiasr/generator-aware-row-scaling/results-revision/r1-internal-scaling/simple-gurobi-1pct/base-scaleflag2/resultados/caso11f_base.csv,/clusteruy/home/mathiasr/generator-aware-row-scaling/results-revision/r1-internal-scaling/simple-gurobi-1pct/base-scaleflag2/resultados/caso11f_base_postprocesado.csv,/clusteruy/home/mathiasr/generator-aware-row-scaling/results-revision/r1-internal-scaling/simple-gurobi-1pct/base-scaleflag2/logs/caso11f_base.log
caso12a.txt,base,OK,0,17.490105169,0.054781360505552,-431454572.74222684,-435926000.0,OPTIMAL,-431690929.42713845,3061.0,253780.0,0.19,14400.0,10800.0,35590.0,12287.0,9398.0,32697.0,14.67361111111111,12.981481481481481,8.128687833661141,4,Model contains large bounds | Model contains large matrix coefficients | Model contains large rhs | max constraint violation (1.4296e-06) exceeds tolerance,0.002,600000000.0,0.003,3000.0,5.0,3000000000.0,1.0,10000000000.0,,,,,,,,,0.0,17.490105169,1.0,1.0,1.0,0.0,0.0,0.0,,,0.0,,,,365547.7267,,,20.338313,,2.562325,5.18858,20.338313,1.0,0.644423193622548,,,,,,,,BASE,BASE,,,,,,4.587574780402e-09,4.65661287307739e-10,1.52746215462685e-07,2.79396772384644e-07,404759.119661155,112.965057504011,6355736.40919719,901077411.508131,5.00222085975111e-12,0.0,1.42958015203476e-06,0.0,0.0,0.0,0.0,0.0,1.0,0.0,0.0,0.0,0.0,-431454572.742227,31755.0035143963,0.0,901077411.508131,0.0,0.0,0.0,2397.0,0.0,913.0,0.0,0.0,0.0,0.0,-435926225.735125,,,,,,BASE,0.0,0,/clusteruy/home/mathiasr/generator-aware-row-scaling/results-revision/r1-internal-scaling/simple-gurobi-1pct/base-scaleflag2/resultados/caso12a_base.csv,/clusteruy/home/mathiasr/generator-aware-row-scaling/results-revision/r1-internal-scaling/simple-gurobi-1pct/base-scaleflag2/resultados/caso12a_base_postprocesado.csv,/clusteruy/home/mathiasr/generator-aware-row-scaling/results-revision/r1-internal-scaling/simple-gurobi-1pct/base-scaleflag2/logs/caso12a_base.log
caso12b.txt,base,OK,0,2.627302521,0.912401047436618,-434070574.99154776,-435195000.0,OPTIMAL,-438031039.4643848,1.0,13995.0,0.19,14400.0,10800.0,35590.0,12287.0,9398.0,32697.0,14.67361111111111,12.981481481481481,8.128687833661141,4,Model contains large bounds | Model contains large matrix coefficients | Model contains large rhs | max constraint violation (1.7902e-06) exceeds tolerance,0.002,600000000.0,0.003,3000.0,5.0,3000000000.0,1.0,10000000000.0,,,,,,,,,0.0,2.627302521,1.0,1.0,1.0,0.0,0.0,0.0,,,0.0,,,,153844.331411,,,2.249229,,,,2.249229,1.0,0.206752441877405,,,,,,,,BASE,BASE,,,,,,5.83210640571476e-09,4.65661287307739e-10,1.8115621060133e-07,2.64495611190796e-07,309404.2634181,11.1000252511576,7865030.69505189,62102119.1524537,5.17881280082122e-08,0.0,1.7902348190546e-06,0.0,0.0,0.0,0.0,0.0,4.0,0.0,0.0,0.0,0.0,-434070574.991548,3473.99738447495,0.0,62102119.1524537,0.0,0.0,0.0,1938.0,0.0,981.0,0.0,0.0,0.0,0.0,-435194927.867927,,,,,,BASE,0.0,0,/clusteruy/home/mathiasr/generator-aware-row-scaling/results-revision/r1-internal-scaling/simple-gurobi-1pct/base-scaleflag2/resultados/caso12b_base.csv,/clusteruy/home/mathiasr/generator-aware-row-scaling/results-revision/r1-internal-scaling/simple-gurobi-1pct/base-scaleflag2/resultados/caso12b_base_postprocesado.csv,/clusteruy/home/mathiasr/generator-aware-row-scaling/results-revision/r1-internal-scaling/simple-gurobi-1pct/base-scaleflag2/logs/caso12b_base.log
caso12c.txt,base,OK,0,18.264709814,0.010569991421825,-434747140.64604914,-435122000.0,OPTIMAL,-434793093.38152206,4559.0,282250.0,0.19,14400.0,10800.0,35590.0,12287.0,9398.0,32697.0,14.67361111111111,12.981481481481481,8.128687833661141,3,Model contains large bounds | Model contains large matrix coefficients | Model contains large rhs,0.002,600000000.0,0.005,3000.0,5.0,3000000000.0,1.0,10000000000.0,,,,,,,,,0.0,18.264709814,1.0,1.0,1.0,0.0,0.0,0.0,,,0.0,,,,559444.452113,,,22.731322,,2.503744,4.980518,22.731322,1.0,0.435527991646891,,,,,,,,BASE,BASE,,,,,,5.33602136539596e-09,1.86264514923096e-09,1.72294676303864e-07,3.42726707458496e-07,309144.528684011,60.2770645997668,11127586.8132502,62086402.9821483,3.63797880709171e-11,0.0,9.34116542339325e-07,0.0,0.0,0.0,0.0,0.0,0.0,0.0,0.0,0.0,0.0,-434747140.646049,1586.1624255441,0.0,62086402.9821483,0.0,0.0,0.0,2470.0,0.0,970.0,0.0,0.0,0.0,0.0,-435122152.190885,,,,,,BASE,0.0,0,/clusteruy/home/mathiasr/generator-aware-row-scaling/results-revision/r1-internal-scaling/simple-gurobi-1pct/base-scaleflag2/resultados/caso12c_base.csv,/clusteruy/home/mathiasr/generator-aware-row-scaling/results-revision/r1-internal-scaling/simple-gurobi-1pct/base-scaleflag2/resultados/caso12c_base_postprocesado.csv,/clusteruy/home/mathiasr/generator-aware-row-scaling/results-revision/r1-internal-scaling/simple-gurobi-1pct/base-scaleflag2/logs/caso12c_base.log
caso12d.txt,base,OK,0,33.155053463,0.950130913412234,-305259224.63386524,-308430000.0,OPTIMAL,-308159586.8931541,4856.0,405522.0,0.2,14400.0,10800.0,35590.0,11983.0,8867.0,31946.0,16.78472222222222,17.89814814814815,10.238831132340545,3,Model contains large bounds | Model contains large matrix coefficients | Model contains large rhs,0.002,600000000.0,0.003,2000.0,5.0,3000000000.0,1.0,10000000000.0,,,,,,,,,0.0,33.155053463,1.0,1.0,1.0,0.0,0.0,0.0,,,0.0,,,,16745.083627,,,37.25528,,0.011878,2.969352,37.25528,1.0,0.018710492503397,,,,,,,,BASE,BASE,,,,,,2.84744511242481e-09,5.6843418860808e-14,1.02445483207703e-07,3.27825546264648e-07,682925.715593527,11.1450357091623,34593283.4167497,62102119.1524537,3.55986654598794e-08,0.0,7.83242285251617e-07,0.0,0.0,0.0,0.0,0.0,0.0,0.0,0.0,0.0,0.0,-305259224.633865,31755.0035143963,0.0,62102119.1524537,0.0,0.0,0.0,708.0,0.0,1040.0,0.0,0.0,0.0,0.0,-308429524.772047,,,,,,BASE,0.0,0,/clusteruy/home/mathiasr/generator-aware-row-scaling/results-revision/r1-internal-scaling/simple-gurobi-1pct/base-scaleflag2/resultados/caso12d_base.csv,/clusteruy/home/mathiasr/generator-aware-row-scaling/results-revision/r1-internal-scaling/simple-gurobi-1pct/base-scaleflag2/resultados/caso12d_base_postprocesado.csv,/clusteruy/home/mathiasr/generator-aware-row-scaling/results-revision/r1-internal-scaling/simple-gurobi-1pct/base-scaleflag2/logs/caso12d_base.log
caso12e.txt,base,OK,0,34.766100501,0.869345370769372,-310605063.2643477,-314885000.0,OPTIMAL,-313305294.00321156,5809.0,414574.0,0.19,14400.0,10800.0,35590.0,11983.0,8867.0,31946.0,16.78472222222222,17.89814814814815,10.238831132340545,3,Model contains large bounds | Model contains large matrix coefficients | Model contains large rhs,0.002,600000000.0,0.003,2000.0,5.0,3000000000.0,1.0,10000000000.0,,,,,,,,,0.0,34.766100501,1.0,1.0,1.0,0.0,0.0,0.0,,,0.0,,,,228104.399243,,,41.37061,,0.011769,2.924739,41.37061,1.0,0.019337539316353,,,,,,,,BASE,BASE,,,,,,2.76052660276322e-09,5.6843418860808e-14,9.31322574615479e-08,2.16066837310791e-07,770831.093995059,9.93398857634152,37178455.5719105,364063201.501238,3.63797880709171e-12,0.0,6.65429979562759e-07,0.0,0.0,0.0,0.0,0.0,0.0,0.0,0.0,0.0,0.0,-310605063.264348,31755.0035143963,0.0,364063201.501238,0.0,0.0,0.0,660.0,0.0,1045.0,0.0,0.0,0.0,0.0,-314885451.764344,,,,,,BASE,0.0,0,/clusteruy/home/mathiasr/generator-aware-row-scaling/results-revision/r1-internal-scaling/simple-gurobi-1pct/base-scaleflag2/resultados/caso12e_base.csv,/clusteruy/home/mathiasr/generator-aware-row-scaling/results-revision/r1-internal-scaling/simple-gurobi-1pct/base-scaleflag2/resultados/caso12e_base_postprocesado.csv,/clusteruy/home/mathiasr/generator-aware-row-scaling/results-revision/r1-internal-scaling/simple-gurobi-1pct/base-scaleflag2/logs/caso12e_base.log
caso12f.txt,base,OK,0,45.316827294,0.833695252048038,-308139006.6723896,-309338000.0,OPTIMAL,-310707946.9407253,6834.0,771477.0,0.2,14400.0,10800.0,35590.0,11983.0,8867.0,31946.0,16.78472222222222,17.89814814814815,10.238831132340545,4,Model contains large bounds | Model contains large matrix coefficients | Model contains large rhs | max constraint violation (1.0896e-06) exceeds tolerance,0.002,600000000.0,0.005,2000.0,5.0,3000000000.0,1.0,10000000000.0,,,,,,,,,0.0,45.316827294,1.0,1.0,1.0,0.0,0.0,0.0,,,0.0,,,,347090.73768,,,53.782601,,0.011857,2.94208,53.782601,1.0,0.016836291022479,,,,,,,,BASE,BASE,,,,,,3.97783958142108e-09,7.01660951563099e-14,1.15483999252319e-07,3.53902578353882e-07,622187.009489337,11.6850219948807,32705232.2271771,62102119.1524537,7.15255737304688e-07,0.0,1.08964741230011e-06,0.0,0.0,0.0,0.0,0.0,1.0,0.0,0.0,0.0,0.0,-308139006.67239,7196.47767145005,0.0,62102119.1524537,0.0,0.0,0.0,867.0,0.0,1044.0,0.0,0.0,0.0,0.0,-309338407.876724,,,,,,BASE,0.0,0,/clusteruy/home/mathiasr/generator-aware-row-scaling/results-revision/r1-internal-scaling/simple-gurobi-1pct/base-scaleflag2/resultados/caso12f_base.csv,/clusteruy/home/mathiasr/generator-aware-row-scaling/results-revision/r1-internal-scaling/simple-gurobi-1pct/base-scaleflag2/resultados/caso12f_base_postprocesado.csv,/clusteruy/home/mathiasr/generator-aware-row-scaling/results-revision/r1-internal-scaling/simple-gurobi-1pct/base-scaleflag2/logs/caso12f_base.log
caso14a.txt,base,OK,0,0.859428544,0.225678226997377,-375053952.8756724,-393283000.0,OPTIMAL,-375900367.9868058,1.0,0.0,0.14,14400.0,10800.0,35590.0,10715.0,8626.0,28445.0,25.59027777777778,20.12962962962963,20.075864006743465,4,Model contains large bounds | Model contains large matrix coefficients | Model contains large rhs | max constraint violation (1.0394e-06) exceeds tolerance,0.002,1000000000.0,0.003,3000.0,5.0,4000000000.0,1.0,10000000000.0,,,,,,,,,0.0,0.859428544,1.0,1.0,1.0,0.0,0.0,0.0,,,0.0,,,,150393.26291,,,0.654069,,,,0.654069,1.0,0.399657269357051,,,,,,,,BASE,BASE,,,,,,3.48840888560712e-09,2.8421709430404e-14,1.20159238576889e-07,3.12924385070801e-07,475997.74852808,68.4918671062006,17228546.413855,220237472.401595,7.27595761418343e-12,0.0,1.03935599327087e-06,0.0,0.0,0.0,0.0,0.0,1.0,0.0,0.0,0.0,0.0,-375053952.875672,37176.7246135549,0.0,220237472.401595,0.0,0.0,0.0,1474.0,0.0,835.0,0.0,0.0,0.0,0.0,-393283498.341534,,,,,,BASE,0.0,0,/clusteruy/home/mathiasr/generator-aware-row-scaling/results-revision/r1-internal-scaling/simple-gurobi-1pct/base-scaleflag2/resultados/caso14a_base.csv,/clusteruy/home/mathiasr/generator-aware-row-scaling/results-revision/r1-internal-scaling/simple-gurobi-1pct/base-scaleflag2/resultados/caso14a_base_postprocesado.csv,/clusteruy/home/mathiasr/generator-aware-row-scaling/results-revision/r1-internal-scaling/simple-gurobi-1pct/base-scaleflag2/logs/caso14a_base.log
caso14b.txt,base,OK,0,0.894977866,0.383227570694424,-383587004.8561624,-401127000.0,OPTIMAL,-385057016.0163722,1.0,0.0,0.15,14400.0,10800.0,35590.0,10715.0,8626.0,28445.0,25.59027777777778,20.12962962962963,20.075864006743465,4,Model contains large bounds | Model contains large matrix coefficients | Model contains large rhs | max constraint violation (1.9791e-06) exceeds tolerance,0.002,1000000000.0,0.003,3000.0,5.0,4000000000.0,1.0,10000000000.0,,,,,,,,,0.0,0.894977866,1.0,1.0,1.0,0.0,0.0,0.0,,,0.0,,,,147422.783052,,,0.664627,,,,0.664627,1.0,0.418304337564479,,,,,,,,BASE,BASE,,,,,,3.74669970686782e-09,2.72060152184394e-14,1.19218602776528e-07,3.01748514175415e-07,473267.181573595,66.8327641913903,17228546.413855,220237472.401595,3.63797880709171e-11,0.0,1.97906047105789e-06,0.0,0.0,0.0,0.0,0.0,3.0,0.0,0.0,0.0,0.0,-383587004.856162,37176.7246135549,0.0,220237472.401595,0.0,0.0,0.0,1465.0,0.0,845.0,0.0,0.0,0.0,0.0,-401126555.252539,,,,,,BASE,0.0,0,/clusteruy/home/mathiasr/generator-aware-row-scaling/results-revision/r1-internal-scaling/simple-gurobi-1pct/base-scaleflag2/resultados/caso14b_base.csv,/clusteruy/home/mathiasr/generator-aware-row-scaling/results-revision/r1-internal-scaling/simple-gurobi-1pct/base-scaleflag2/resultados/caso14b_base_postprocesado.csv,/clusteruy/home/mathiasr/generator-aware-row-scaling/results-revision/r1-internal-scaling/simple-gurobi-1pct/base-scaleflag2/logs/caso14b_base.log
caso14c.txt,base,OK,0,0.876719958,0.30578318864384,-379286584.2825316,-397781000.0,OPTIMAL,-380446378.89404905,1.0,0.0,0.15,14400.0,10800.0,35590.0,10715.0,8626.0,28445.0,25.59027777777778,20.12962962962963,20.075864006743465,4,Model contains large bounds | Model contains large matrix coefficients | Model contains large rhs | max constraint violation (1.4305e-06) exceeds tolerance,0.002,1000000000.0,0.005,3000.0,5.0,4000000000.0,1.0,10000000000.0,,,,,,,,,0.0,0.876719958,1.0,1.0,1.0,0.0,0.0,0.0,,,0.0,,,,150101.65786,,,0.657934,,,,0.657934,1.0,0.408724712799318,,,,,,,,BASE,BASE,,,,,,3.69522816222007e-09,2.46469511466785e-14,1.20140612125397e-07,2.98023223876953e-07,470981.942431876,69.0675049930826,17228546.413855,220237472.401595,2.91038304567337e-11,0.0,1.32434070110321e-06,0.0,0.0,0.0,0.0,0.0,2.0,0.0,0.0,0.0,0.0,-379286584.282532,37176.7246135549,0.0,220237472.401595,0.0,0.0,0.0,1478.0,0.0,841.0,0.0,0.0,0.0,0.0,-397781392.613228,,,,,,BASE,0.0,0,/clusteruy/home/mathiasr/generator-aware-row-scaling/results-revision/r1-internal-scaling/simple-gurobi-1pct/base-scaleflag2/resultados/caso14c_base.csv,/clusteruy/home/mathiasr/generator-aware-row-scaling/results-revision/r1-internal-scaling/simple-gurobi-1pct/base-scaleflag2/resultados/caso14c_base_postprocesado.csv,/clusteruy/home/mathiasr/generator-aware-row-scaling/results-revision/r1-internal-scaling/simple-gurobi-1pct/base-scaleflag2/logs/caso14c_base.log
caso14d.txt,base,OK,0,0.880911696,0.386894183447664,-282598220.2451004,-295014000.0,OPTIMAL,-283691576.3217553,1.0,8349.0,0.15,14400.0,10800.0,35590.0,10570.0,8270.0,27788.0,26.59722222222222,23.425925925925927,21.921888170834503,4,Model contains large bounds | Model contains large matrix coefficients | Model contains large rhs | max constraint violation (2.1458e-06) exceeds tolerance,0.002,1000000000.0,0.003,2000.0,5.0,4000000000.0,1.0,10000000000.0,,,,,,,,,0.0,0.880911696,1.0,1.0,1.0,0.0,0.0,0.0,,,0.0,,,,402386.009844,,,0.804563,,,,0.804563,1.0,0.240487376626926,,,,,,,,BASE,BASE,,,,,,2.35029297991552e-09,1.95399252334028e-14,8.5681676864624e-08,3.05473804473877e-07,1769926.09620452,17.9398875220343,17228546.413855,737360479.740118,4.41580709775735e-08,0.0,2.14576721191406e-06,0.0,0.0,0.0,0.0,0.0,1.0,0.0,0.0,0.0,0.0,-282598220.2451,24801.5224078178,0.0,737360479.740118,0.0,0.0,0.0,851.0,0.0,985.0,0.0,0.0,0.0,0.0,-295014331.346589,,,,,,BASE,0.0,0,/clusteruy/home/mathiasr/generator-aware-row-scaling/results-revision/r1-internal-scaling/simple-gurobi-1pct/base-scaleflag2/resultados/caso14d_base.csv,/clusteruy/home/mathiasr/generator-aware-row-scaling/results-revision/r1-internal-scaling/simple-gurobi-1pct/base-scaleflag2/resultados/caso14d_base_postprocesado.csv,/clusteruy/home/mathiasr/generator-aware-row-scaling/results-revision/r1-internal-scaling/simple-gurobi-1pct/base-scaleflag2/logs/caso14d_base.log
caso14e.txt,base,OK,0,0.935953176,0.392698030626109,-289877098.1744411,-302165000.0,OPTIMAL,-291015439.83020824,1.0,8525.0,0.15,14400.0,10800.0,35590.0,10570.0,8270.0,27788.0,26.59722222222222,23.425925925925927,21.921888170834503,4,Model contains large bounds | Model contains large matrix coefficients | Model contains large rhs | max constraint violation (6.5002e-06) exceeds tolerance,0.002,1000000000.0,0.003,2000.0,5.0,4000000000.0,1.0,10000000000.0,,,,,,,,,0.0,0.935953176,1.0,1.0,1.0,0.0,0.0,0.0,,,0.0,,,,278524.150656,,,0.865733,,,,0.865733,1.0,0.252606600327117,,,,,,,,BASE,BASE,,,,,,3.01458166995089e-09,1.95399252334028e-14,7.21868127584459e-08,3.05473804473877e-07,1736622.88816367,18.4830676454685,15408701.8093526,737360479.740118,4.41580709775735e-08,0.0,6.51273876428604e-06,0.0,0.0,0.0,0.0,0.0,2.0,0.0,0.0,0.0,0.0,-289877098.174441,24801.5224078178,0.0,737360479.740118,0.0,0.0,0.0,846.0,0.0,985.0,0.0,0.0,0.0,0.0,-302165172.185646,,,,,,BASE,0.0,0,/clusteruy/home/mathiasr/generator-aware-row-scaling/results-revision/r1-internal-scaling/simple-gurobi-1pct/base-scaleflag2/resultados/caso14e_base.csv,/clusteruy/home/mathiasr/generator-aware-row-scaling/results-revision/r1-internal-scaling/simple-gurobi-1pct/base-scaleflag2/resultados/caso14e_base_postprocesado.csv,/clusteruy/home/mathiasr/generator-aware-row-scaling/results-revision/r1-internal-scaling/simple-gurobi-1pct/base-scaleflag2/logs/caso14e_base.log
caso14f.txt,base,OK,0,0.924333064,0.387375321671751,-286203893.46380806,-298620000.0,OPTIMAL,-287312576.71675056,1.0,9316.0,0.15,14400.0,10800.0,35590.0,10570.0,8270.0,27788.0,26.59722222222222,23.425925925925927,21.921888170834503,4,Model contains large bounds | Model contains large matrix coefficients | Model contains large rhs | max constraint violation (2.1458e-06) exceeds tolerance,0.002,1000000000.0,0.005,2000.0,5.0,4000000000.0,1.0,10000000000.0,,,,,,,,,0.0,0.924333064,1.0,1.0,1.0,0.0,0.0,0.0,,,0.0,,,,402386.009844,,,0.875108,,,,0.875108,1.0,0.236899336244826,,,,,,,,BASE,BASE,,,,,,2.47359617583781e-09,1.95399252334028e-14,8.75536352396013e-08,3.05473804473877e-07,1769901.358508,17.9398875220343,17228546.413855,737360479.740118,4.41580709775735e-08,0.0,2.14576721191406e-06,0.0,0.0,0.0,0.0,0.0,1.0,0.0,0.0,0.0,0.0,-286203893.463808,24801.5224078178,0.0,737360479.740118,0.0,0.0,0.0,848.0,0.0,985.0,0.0,0.0,0.0,0.0,-298619679.486479,,,,,,BASE,0.0,0,/clusteruy/home/mathiasr/generator-aware-row-scaling/results-revision/r1-internal-scaling/simple-gurobi-1pct/base-scaleflag2/resultados/caso14f_base.csv,/clusteruy/home/mathiasr/generator-aware-row-scaling/results-revision/r1-internal-scaling/simple-gurobi-1pct/base-scaleflag2/resultados/caso14f_base_postprocesado.csv,/clusteruy/home/mathiasr/generator-aware-row-scaling/results-revision/r1-internal-scaling/simple-gurobi-1pct/base-scaleflag2/logs/caso14f_base.log
caso19a.txt,base,OK,0,1.380154598,0.547816651894125,-303762044.1177141,-303738000.0,OPTIMAL,-305426103.1775249,1.0,0.0,0.29,14400.0,10800.0,35590.0,11777.0,9219.0,31586.0,18.21527777777778,14.63888888888889,11.250351222253443,3,Model contains large bounds | Model contains large matrix coefficients | Model contains large rhs,0.002,1000000000.0,0.003,3000.0,5.0,6000000000.0,1.0,10000000000.0,,,,,,,,,0.0,1.380154598,1.0,1.0,1.0,0.0,0.0,0.0,,,0.0,,,,448747.51869,,,1.037181,,,,1.037181,1.0,0.35751111865355,,,,,,,,BASE,BASE,,,,,,6.14933495129052e-09,1.86264514923096e-09,2.03964300453663e-07,4.17232513427734e-07,252138.890345435,2.0682135376763,8780667.10252001,56076943.5565542,7.27595761418343e-12,0.0,6.46337866783142e-07,0.0,0.0,0.0,0.0,0.0,0.0,0.0,0.0,0.0,0.0,-303762044.117714,3193.01443670873,0.0,56076943.5565542,0.0,0.0,0.0,1254.0,0.0,1010.0,0.0,0.0,0.0,0.0,-303737711.682555,,,,,,BASE,0.0,0,/clusteruy/home/mathiasr/generator-aware-row-scaling/results-revision/r1-internal-scaling/simple-gurobi-1pct/base-scaleflag2/resultados/caso19a_base.csv,/clusteruy/home/mathiasr/generator-aware-row-scaling/results-revision/r1-internal-scaling/simple-gurobi-1pct/base-scaleflag2/resultados/caso19a_base_postprocesado.csv,/clusteruy/home/mathiasr/generator-aware-row-scaling/results-revision/r1-internal-scaling/simple-gurobi-1pct/base-scaleflag2/logs/caso19a_base.log
caso19b.txt,base,OK,0,2.708388416,0.022382519224966,-319073196.70954937,-319107000.0,OPTIMAL,-319144613.3291446,1.0,12926.0,0.27,14400.0,10800.0,35590.0,11777.0,9219.0,31586.0,18.21527777777778,14.63888888888889,11.250351222253443,4,Model contains large bounds | Model contains large matrix coefficients | Model contains large rhs | max constraint violation (1.0990e-06) exceeds tolerance,0.002,1000000000.0,0.003,3000.0,5.0,6000000000.0,1.0,10000000000.0,,,,,,,,,0.0,2.708388416,1.0,1.0,1.0,0.0,0.0,0.0,,,0.0,,,,417261.12813,,,2.511153,,,,2.511153,1.0,0.182670622290419,,,,,,,,BASE,BASE,,,,,,6.85558132039311e-09,3.49828042089931e-09,2.2807507775724e-07,3.53902578353882e-07,246114.531668257,2.02854556585689,8868213.04347683,46788828.0075939,9.09494701772928e-13,0.0,1.02957710623741e-06,0.0,0.0,0.0,0.0,0.0,1.0,0.0,0.0,0.0,0.0,-319073196.709549,3162.97972610539,0.0,46788828.0075939,0.0,0.0,0.0,1243.0,0.0,1008.0,0.0,0.0,0.0,0.0,-319107007.665026,,,,,,BASE,0.0,0,/clusteruy/home/mathiasr/generator-aware-row-scaling/results-revision/r1-internal-scaling/simple-gurobi-1pct/base-scaleflag2/resultados/caso19b_base.csv,/clusteruy/home/mathiasr/generator-aware-row-scaling/results-revision/r1-internal-scaling/simple-gurobi-1pct/base-scaleflag2/resultados/caso19b_base_postprocesado.csv,/clusteruy/home/mathiasr/generator-aware-row-scaling/results-revision/r1-internal-scaling/simple-gurobi-1pct/base-scaleflag2/logs/caso19b_base.log
caso19c.txt,base,OK,0,1.34044132,0.785250414348777,-311371224.84780693,-311347000.0,OPTIMAL,-313816268.6810872,1.0,0.0,0.27,14400.0,10800.0,35590.0,11777.0,9219.0,31586.0,18.21527777777778,14.63888888888889,11.250351222253443,3,Model contains large bounds | Model contains large matrix coefficients | Model contains large rhs,0.002,1000000000.0,0.005,3000.0,5.0,6000000000.0,1.0,10000000000.0,,,,,,,,,0.0,1.34044132,1.0,1.0,1.0,0.0,0.0,0.0,,,0.0,,,,448747.51869,,,1.037026,,,,1.037026,1.0,0.374258855360194,,,,,,,,BASE,BASE,,,,,,6.14933495129052e-09,1.86264514923096e-09,2.03964300453663e-07,4.17232513427734e-07,252138.890345435,2.0682135376763,8780667.10252001,56076943.5565542,7.27595761418343e-12,0.0,6.46337866783142e-07,0.0,0.0,0.0,0.0,0.0,0.0,0.0,0.0,0.0,0.0,-311371224.847807,3193.01443670873,0.0,56076943.5565542,0.0,0.0,0.0,1254.0,0.0,1010.0,0.0,0.0,0.0,0.0,-311346892.412648,,,,,,BASE,0.0,0,/clusteruy/home/mathiasr/generator-aware-row-scaling/results-revision/r1-internal-scaling/simple-gurobi-1pct/base-scaleflag2/resultados/caso19c_base.csv,/clusteruy/home/mathiasr/generator-aware-row-scaling/results-revision/r1-internal-scaling/simple-gurobi-1pct/base-scaleflag2/resultados/caso19c_base_postprocesado.csv,/clusteruy/home/mathiasr/generator-aware-row-scaling/results-revision/r1-internal-scaling/simple-gurobi-1pct/base-scaleflag2/logs/caso19c_base.log
caso19d.txt,base,OK,0,2.633292168,0.391395133680805,-258542665.27390254,-259430000.0,OPTIMAL,-259554588.68427324,1.0,12013.0,0.28,14400.0,10800.0,35590.0,11852.0,9108.0,31717.0,17.694444444444443,15.666666666666666,10.88227030064625,4,Model contains large bounds | Model contains large matrix coefficients | Model contains large rhs | max constraint violation (2.1458e-06) exceeds tolerance,0.002,1000000000.0,0.003,2000.0,5.0,6000000000.0,1.0,10000000000.0,,,,,,,,,0.0,2.633292168,1.0,1.0,1.0,0.0,0.0,0.0,,,0.0,,,,396807.546971,,,2.416925,,,,2.416925,1.0,0.197937251300785,,,,,,,,BASE,BASE,,,,,,5.9468804223929e-09,7.27595761418343e-12,1.86320394277574e-07,3.09199094772339e-07,384813.748077481,3.91769319482668,8157558.98122055,200643591.518111,3.27418092638254e-11,0.0,2.14576721191406e-06,0.0,0.0,0.0,0.0,0.0,3.0,0.0,0.0,0.0,0.0,-258542665.273903,2905.24943917136,0.0,200643591.518111,0.0,0.0,0.0,1319.0,0.0,1041.0,0.0,0.0,0.0,0.0,-259430172.655166,,,,,,BASE,0.0,0,/clusteruy/home/mathiasr/generator-aware-row-scaling/results-revision/r1-internal-scaling/simple-gurobi-1pct/base-scaleflag2/resultados/caso19d_base.csv,/clusteruy/home/mathiasr/generator-aware-row-scaling/results-revision/r1-internal-scaling/simple-gurobi-1pct/base-scaleflag2/resultados/caso19d_base_postprocesado.csv,/clusteruy/home/mathiasr/generator-aware-row-scaling/results-revision/r1-internal-scaling/simple-gurobi-1pct/base-scaleflag2/logs/caso19d_base.log
caso19e.txt,base,OK,0,2.499171474,0.321583866397649,-272848248.73081374,-273711000.0,OPTIMAL,-273725684.67848057,1.0,11828.0,0.27,14400.0,10800.0,35590.0,11852.0,9108.0,31717.0,17.694444444444443,15.666666666666666,10.88227030064625,3,Model contains large bounds | Model contains large matrix coefficients | Model contains large rhs,0.002,1000000000.0,0.003,2000.0,5.0,6000000000.0,1.0,10000000000.0,,,,,,,,,0.0,2.499171474,1.0,1.0,1.0,0.0,0.0,0.0,,,0.0,,,,388446.627954,,,2.177941,,,,2.177941,1.0,0.238293380401936,,,,,,,,BASE,BASE,,,,,,5.06955818696656e-09,2.19006324186911e-10,1.67638063430786e-07,2.79396772384644e-07,425915.834142243,6.62097462362663,11599830.3413188,336949707.648031,7.27595761418343e-12,0.0,6.68689608573914e-07,0.0,0.0,0.0,0.0,0.0,0.0,0.0,0.0,0.0,0.0,-272848248.730814,3162.57385163778,0.0,336949707.648031,0.0,0.0,0.0,1419.0,0.0,1036.0,0.0,0.0,0.0,0.0,-273710589.664563,,,,,,BASE,0.0,0,/clusteruy/home/mathiasr/generator-aware-row-scaling/results-revision/r1-internal-scaling/simple-gurobi-1pct/base-scaleflag2/resultados/caso19e_base.csv,/clusteruy/home/mathiasr/generator-aware-row-scaling/results-revision/r1-internal-scaling/simple-gurobi-1pct/base-scaleflag2/resultados/caso19e_base_postprocesado.csv,/clusteruy/home/mathiasr/generator-aware-row-scaling/results-revision/r1-internal-scaling/simple-gurobi-1pct/base-scaleflag2/logs/caso19e_base.log
caso19f.txt,base,OK,0,2.654491817,0.39264283878071,-265491246.3024398,-266467000.0,OPTIMAL,-266533678.668636,1.0,12340.0,0.27,14400.0,10800.0,35590.0,11852.0,9108.0,31717.0,17.694444444444443,15.666666666666666,10.88227030064625,4,Model contains large bounds | Model contains large matrix coefficients | Model contains large rhs | max constraint violation (1.4305e-06) exceeds tolerance,0.002,1000000000.0,0.005,2000.0,5.0,6000000000.0,1.0,10000000000.0,,,,,,,,,0.0,2.654491817,1.0,1.0,1.0,0.0,0.0,0.0,,,0.0,,,,357313.512683,,,2.405028,,,,2.405028,1.0,0.20738815849439,,,,,,,,BASE,BASE,,,,,,5.9124147681416e-09,7.27595761418343e-12,1.84401869773865e-07,2.90572643280029e-07,402623.511989955,3.94398276191066,10417834.6105003,199713245.25507,1.81898940354586e-11,0.0,1.43051147460938e-06,0.0,0.0,0.0,0.0,0.0,1.0,0.0,0.0,0.0,0.0,-265491246.30244,2905.24943917136,0.0,199713245.25507,0.0,0.0,0.0,1291.0,0.0,1039.0,0.0,0.0,0.0,0.0,-266467309.377275,,,,,,BASE,0.0,0,/clusteruy/home/mathiasr/generator-aware-row-scaling/results-revision/r1-internal-scaling/simple-gurobi-1pct/base-scaleflag2/resultados/caso19f_base.csv,/clusteruy/home/mathiasr/generator-aware-row-scaling/results-revision/r1-internal-scaling/simple-gurobi-1pct/base-scaleflag2/resultados/caso19f_base_postprocesado.csv,/clusteruy/home/mathiasr/generator-aware-row-scaling/results-revision/r1-internal-scaling/simple-gurobi-1pct/base-scaleflag2/logs/caso19f_base.log
caso20a.txt,base,OK,0,3.64214894,0.002888429109404,-292279307.3158339,-290340000.0,OPTIMAL,-292287749.5964272,1.0,13646.0,0.27,14400.0,10800.0,35590.0,11760.0,9216.0,31581.0,18.333333333333332,14.666666666666666,11.26440011239112,4,Model contains large bounds | Model contains large matrix coefficients | Model contains large rhs | max constraint violation (7.3891e-06) exceeds tolerance,0.003,2000000000.0,0.003,3000.0,5.0,7000000000.0,1.0,10000000000.0,,,,,,,,,0.0,3.64214894,1.0,1.0,1.0,0.0,0.0,0.0,,,0.0,,,,548421.013726,,,3.101071,,,,3.101071,1.0,0.892240622044029,,,,,,,,BASE,BASE,,,,,,6.93838430381528e-09,3.72529029846191e-09,2.0395964384079e-07,4.0791928768158e-07,636991.257655528,1.56694022014218,27594556.238585,96056487.0801181,9.09494701772928e-13,0.0,7.38909875508398e-06,0.0,0.0,0.0,0.0,0.0,3.0,0.0,0.0,0.0,0.0,-292279307.315834,1030.03821840371,0.0,96056487.0801181,0.0,0.0,0.0,657.0,0.0,1000.0,0.0,0.0,0.0,0.0,-290339983.070993,,,,,,BASE,0.0,0,/clusteruy/home/mathiasr/generator-aware-row-scaling/results-revision/r1-internal-scaling/simple-gurobi-1pct/base-scaleflag2/resultados/caso20a_base.csv,/clusteruy/home/mathiasr/generator-aware-row-scaling/results-revision/r1-internal-scaling/simple-gurobi-1pct/base-scaleflag2/resultados/caso20a_base_postprocesado.csv,/clusteruy/home/mathiasr/generator-aware-row-scaling/results-revision/r1-internal-scaling/simple-gurobi-1pct/base-scaleflag2/logs/caso20a_base.log
caso20b.txt,base,OK,0,3.544283407,0.005296718801832,-308820535.72793245,-306919000.0,OPTIMAL,-308836893.0833123,1.0,13335.0,0.26,14400.0,10800.0,35590.0,11760.0,9216.0,31581.0,18.333333333333332,14.666666666666666,11.26440011239112,4,Model contains large bounds | Model contains large matrix coefficients | Model contains large rhs | max constraint violation (1.2565e-06) exceeds tolerance,0.003,2000000000.0,0.003,3000.0,5.0,7000000000.0,1.0,10000000000.0,,,,,,,,,0.0,3.544283407,1.0,1.0,1.0,0.0,0.0,0.0,,,0.0,,,,547786.408418,,,3.109566,,,,3.109566,1.0,0.893457406368302,,,,,,,,BASE,BASE,,,,,,6.24161434156209e-09,3.72529029846191e-09,1.97445042431355e-07,4.0791928768158e-07,618681.815727992,1.69645951901746,27367664.655928,65583024.6559258,9.09494701772928e-13,0.0,1.16089358925819e-06,0.0,0.0,0.0,0.0,0.0,1.0,0.0,0.0,0.0,0.0,-308820535.727932,1030.77739186507,0.0,65583024.6559258,0.0,0.0,0.0,661.0,0.0,992.0,0.0,0.0,0.0,0.0,-306919350.644823,,,,,,BASE,0.0,0,/clusteruy/home/mathiasr/generator-aware-row-scaling/results-revision/r1-internal-scaling/simple-gurobi-1pct/base-scaleflag2/resultados/caso20b_base.csv,/clusteruy/home/mathiasr/generator-aware-row-scaling/results-revision/r1-internal-scaling/simple-gurobi-1pct/base-scaleflag2/resultados/caso20b_base_postprocesado.csv,/clusteruy/home/mathiasr/generator-aware-row-scaling/results-revision/r1-internal-scaling/simple-gurobi-1pct/base-scaleflag2/logs/caso20b_base.log
caso20c.txt,base,OK,0,3.610858248,0.004128044111251,-300492084.94795823,-298563000.0,OPTIMAL,-300504489.3937757,1.0,13761.0,0.27,14400.0,10800.0,35590.0,11760.0,9216.0,31581.0,18.333333333333332,14.666666666666666,11.26440011239112,3,Model contains large bounds | Model contains large matrix coefficients | Model contains large rhs,0.003,2000000000.0,0.005,3000.0,5.0,7000000000.0,1.0,10000000000.0,,,,,,,,,0.0,3.610858248,1.0,1.0,1.0,0.0,0.0,0.0,,,0.0,,,,548421.013726,,,3.147017,,,,3.147017,1.0,0.894859877768773,,,,,,,,BASE,BASE,,,,,,6.11435964341009e-09,3.72529029846191e-09,2.03968957066536e-07,2.75671482086182e-07,635869.622514416,1.56694022014218,27594556.2385849,79954797.2495837,1.13686837721616e-13,0.0,9.14908014237881e-07,0.0,0.0,0.0,0.0,0.0,0.0,0.0,0.0,0.0,0.0,-300492084.947958,1030.03821840371,0.0,79954797.2495837,0.0,0.0,0.0,660.0,0.0,997.0,0.0,0.0,0.0,0.0,-298562540.310237,,,,,,BASE,0.0,0,/clusteruy/home/mathiasr/generator-aware-row-scaling/results-revision/r1-internal-scaling/simple-gurobi-1pct/base-scaleflag2/resultados/caso20c_base.csv,/clusteruy/home/mathiasr/generator-aware-row-scaling/results-revision/r1-internal-scaling/simple-gurobi-1pct/base-scaleflag2/resultados/caso20c_base_postprocesado.csv,/clusteruy/home/mathiasr/generator-aware-row-scaling/results-revision/r1-internal-scaling/simple-gurobi-1pct/base-scaleflag2/logs/caso20c_base.log
caso20d.txt,base,OK,0,4.153868437,0.092164401809983,-253789677.21029735,-253963000.0,OPTIMAL,-254023580.9481537,1.0,12635.0,0.27,14400.0,10800.0,35590.0,11904.0,9163.0,31849.0,17.333333333333332,15.157407407407407,10.51137960101152,4,Model contains large bounds | Model contains large matrix coefficients | Model contains large rhs | max constraint violation (8.1863e-06) exceeds tolerance,0.003,2000000000.0,0.003,2000.0,5.0,7000000000.0,1.0,10000000000.0,,,,,,,,,0.0,4.153868437,1.0,1.0,1.0,0.0,0.0,0.0,,,0.0,,,,243993.380314,,,3.777683,,,,3.777683,1.0,0.886216551944829,,,,,,,,BASE,BASE,,,,,,6.58369320192388e-09,8.55315818171182e-14,1.44364312291146e-07,2.08616256713867e-07,1206276.03979702,6.83904627079417,54232782.9362123,780767220.717118,9.5367431640625e-07,0.0,8.18644184619188e-06,0.0,0.0,0.0,0.0,0.0,5.0,0.0,0.0,0.0,0.0,-253789677.210297,1032.25573878778,0.0,780767220.717118,0.0,0.0,0.0,988.0,0.0,1037.0,0.0,0.0,0.0,0.0,-253962936.98359,,,,,,BASE,0.0,0,/clusteruy/home/mathiasr/generator-aware-row-scaling/results-revision/r1-internal-scaling/simple-gurobi-1pct/base-scaleflag2/resultados/caso20d_base.csv,/clusteruy/home/mathiasr/generator-aware-row-scaling/results-revision/r1-internal-scaling/simple-gurobi-1pct/base-scaleflag2/resultados/caso20d_base_postprocesado.csv,/clusteruy/home/mathiasr/generator-aware-row-scaling/results-revision/r1-internal-scaling/simple-gurobi-1pct/base-scaleflag2/logs/caso20d_base.log
caso20e.txt,base,OK,0,2.677339224,0.237282327530883,-268930662.54196906,-269501000.0,OPTIMAL,-269568787.47749287,1.0,12007.0,0.27,14400.0,10800.0,35590.0,11904.0,9163.0,31849.0,17.333333333333332,15.157407407407407,10.51137960101152,4,Model contains large bounds | Model contains large matrix coefficients | Model contains large rhs | max constraint violation (5.1395e-06) exceeds tolerance,0.003,2000000000.0,0.003,2000.0,5.0,7000000000.0,1.0,10000000000.0,,,,,,,,,0.0,2.677339224,1.0,1.0,1.0,0.0,0.0,0.0,,,0.0,,,,810838.532702,,,2.20711,,,,2.20711,1.0,0.231103367627415,,,,,,,,BASE,BASE,,,,,,5.66928198461063e-09,4.65661287307739e-10,1.62990763783455e-07,2.77534127235413e-07,207446.288457815,4.78657743608721,11864490.9939259,21979479.44928,7.27595761418343e-12,0.0,5.13950362801552e-06,0.0,0.0,0.0,0.0,0.0,4.0,0.0,0.0,0.0,0.0,-268930662.541969,2060.81561026878,0.0,21979479.44928,0.0,0.0,0.0,1573.0,0.0,1065.0,0.0,0.0,0.0,0.0,-269501115.090355,,,,,,BASE,0.0,0,/clusteruy/home/mathiasr/generator-aware-row-scaling/results-revision/r1-internal-scaling/simple-gurobi-1pct/base-scaleflag2/resultados/caso20e_base.csv,/clusteruy/home/mathiasr/generator-aware-row-scaling/results-revision/r1-internal-scaling/simple-gurobi-1pct/base-scaleflag2/resultados/caso20e_base_postprocesado.csv,/clusteruy/home/mathiasr/generator-aware-row-scaling/results-revision/r1-internal-scaling/simple-gurobi-1pct/base-scaleflag2/logs/caso20e_base.log
caso20f.txt,base,OK,0,2.954782163,0.494186498077565,-260277966.6345749,-260855000.0,OPTIMAL,-261564225.2031538,1.0,13247.0,0.27,14400.0,10800.0,35590.0,11904.0,9163.0,31849.0,17.333333333333332,15.157407407407407,10.51137960101152,3,Model contains large bounds | Model contains large matrix coefficients | Model contains large rhs,0.003,2000000000.0,0.005,2000.0,5.0,7000000000.0,1.0,10000000000.0,,,,,,,,,0.0,2.954782163,1.0,1.0,1.0,0.0,0.0,0.0,,,0.0,,,,426698.265529,,,2.499995,,,,2.499995,1.0,0.202546688973618,,,,,,,,BASE,BASE,,,,,,5.10673927924902e-09,9.31322574615479e-10,1.71363353729248e-07,2.64495611190796e-07,213604.051806778,4.96333218829888,12362965.328482,21997495.2435346,7.27595761418343e-12,0.0,7.15488567948341e-07,0.0,0.0,0.0,0.0,0.0,0.0,0.0,0.0,0.0,0.0,-260277966.634575,1883.41397954262,0.0,21997495.2435346,0.0,0.0,0.0,1553.0,0.0,1066.0,0.0,0.0,0.0,0.0,-260855137.985903,,,,,,BASE,0.0,0,/clusteruy/home/mathiasr/generator-aware-row-scaling/results-revision/r1-internal-scaling/simple-gurobi-1pct/base-scaleflag2/resultados/caso20f_base.csv,/clusteruy/home/mathiasr/generator-aware-row-scaling/results-revision/r1-internal-scaling/simple-gurobi-1pct/base-scaleflag2/resultados/caso20f_base_postprocesado.csv,/clusteruy/home/mathiasr/generator-aware-row-scaling/results-revision/r1-internal-scaling/simple-gurobi-1pct/base-scaleflag2/logs/caso20f_base.log
caso21a.txt,base,OK,0,1.219540365,0.817251386245787,-266478976.86843446,-266268000.0,OPTIMAL,-268656780.0009453,1.0,0.0,0.24,14400.0,10800.0,35590.0,10779.0,8749.0,28573.0,25.145833333333332,18.99074074074074,19.71621241921888,4,Model contains large bounds | Model contains large matrix coefficients | Model contains large rhs | max constraint violation (1.0752e-06) exceeds tolerance,0.003,2000000000.0,0.003,3000.0,5.0,7000000000.0,1.0,10000000000.0,,,,,,,,,0.0,1.219540365,1.0,1.0,1.0,0.0,0.0,0.0,,,0.0,,,,6683296770256883.0,,,0.945988,,,,0.945988,1.0,0.374357515644923,,,,,,,,BASE,BASE,,,,,,6.2182710674443e-09,3.72529029846191e-09,2.00473004952073e-07,9.11997631192207e-07,829084.670141976,1.04738521151898,33643674.1422684,332662562.905521,1.45519152283669e-11,0.0,1.07521191239357e-06,0.0,0.0,0.0,0.0,0.0,1.0,0.0,0.0,0.0,0.0,-266478976.868434,2282.2610760142,0.0,332662562.905521,0.0,0.0,0.0,589.0,0.0,878.0,0.0,0.0,0.0,0.0,-266267823.369516,,,,,,BASE,0.0,0,/clusteruy/home/mathiasr/generator-aware-row-scaling/results-revision/r1-internal-scaling/simple-gurobi-1pct/base-scaleflag2/resultados/caso21a_base.csv,/clusteruy/home/mathiasr/generator-aware-row-scaling/results-revision/r1-internal-scaling/simple-gurobi-1pct/base-scaleflag2/resultados/caso21a_base_postprocesado.csv,/clusteruy/home/mathiasr/generator-aware-row-scaling/results-revision/r1-internal-scaling/simple-gurobi-1pct/base-scaleflag2/logs/caso21a_base.log
caso21b.txt,base,OK,0,1.960247393,0.012162693483193,-282321296.44836104,-281239000.0,OPTIMAL,-282355634.32228583,1.0,10345.0,0.25,14400.0,10800.0,35590.0,10779.0,8749.0,28573.0,25.145833333333332,18.99074074074074,19.71621241921888,3,Model contains large bounds | Model contains large matrix coefficients | Model contains large rhs,0.003,2000000000.0,0.003,3000.0,5.0,7000000000.0,1.0,10000000000.0,,,,,,,,,0.0,1.960247393,1.0,1.0,1.0,0.0,0.0,0.0,,,0.0,,,,323563.565557,,,1.899654,,,,1.899654,1.0,0.225195538065639,,,,,,,,BASE,BASE,,,,,,6.30585574631035e-09,7.45058059692383e-09,2.03978270292283e-07,7.41798430681229e-07,496237.94580979,1.15043943365263,23093489.3975517,59686593.3628237,1.4210854715202e-14,0.0,7.41798430681229e-07,0.0,0.0,0.0,0.0,0.0,0.0,0.0,0.0,0.0,0.0,-282321296.448361,2278.67993514489,0.0,59686593.3628237,0.0,0.0,0.0,761.0,0.0,889.0,0.0,0.0,0.0,0.0,-281239008.536479,,,,,,BASE,0.0,0,/clusteruy/home/mathiasr/generator-aware-row-scaling/results-revision/r1-internal-scaling/simple-gurobi-1pct/base-scaleflag2/resultados/caso21b_base.csv,/clusteruy/home/mathiasr/generator-aware-row-scaling/results-revision/r1-internal-scaling/simple-gurobi-1pct/base-scaleflag2/resultados/caso21b_base_postprocesado.csv,/clusteruy/home/mathiasr/generator-aware-row-scaling/results-revision/r1-internal-scaling/simple-gurobi-1pct/base-scaleflag2/logs/caso21b_base.log
caso21c.txt,base,OK,0,1.999292285,0.010318102198209,-274303163.3128224,-274092000.0,OPTIMAL,-274331466.19354594,1.0,9938.0,0.24,14400.0,10800.0,35590.0,10779.0,8749.0,28573.0,25.145833333333332,18.99074074074074,19.71621241921888,4,Model contains large bounds | Model contains large matrix coefficients | Model contains large rhs | max constraint violation (1.0752e-06) exceeds tolerance,0.003,2000000000.0,0.005,3000.0,5.0,7000000000.0,1.0,10000000000.0,,,,,,,,,0.0,1.999292285,1.0,1.0,1.0,0.0,0.0,0.0,,,0.0,,,,6683296341235583.0,,,1.854172,,,,1.854172,1.0,0.214245799677011,,,,,,,,BASE,BASE,,,,,,6.21828723796602e-09,3.72529029846191e-09,2.00473004952073e-07,9.11997631192207e-07,829084.670141976,1.04738521151898,33643674.1422684,332662562.905521,1.45519152283669e-11,0.0,1.07521191239357e-06,0.0,0.0,0.0,0.0,0.0,1.0,0.0,0.0,0.0,0.0,-274303163.312822,2282.2610760142,0.0,332662562.905521,0.0,0.0,0.0,589.0,0.0,878.0,0.0,0.0,0.0,0.0,-274092009.813904,,,,,,BASE,0.0,0,/clusteruy/home/mathiasr/generator-aware-row-scaling/results-revision/r1-internal-scaling/simple-gurobi-1pct/base-scaleflag2/resultados/caso21c_base.csv,/clusteruy/home/mathiasr/generator-aware-row-scaling/results-revision/r1-internal-scaling/simple-gurobi-1pct/base-scaleflag2/resultados/caso21c_base_postprocesado.csv,/clusteruy/home/mathiasr/generator-aware-row-scaling/results-revision/r1-internal-scaling/simple-gurobi-1pct/base-scaleflag2/logs/caso21c_base.log
caso21d.txt,base,OK,0,2.720780935,0.031977155862847,-235258086.85164392,-236833000.0,OPTIMAL,-235333315.69675642,1.0,11370.0,0.25,14400.0,10800.0,35590.0,10976.0,8743.0,28973.0,23.77777777777778,19.046296296296298,18.592301208204553,4,Model contains large bounds | Model contains large matrix coefficients | Model contains large rhs | max constraint violation (5.9572e-06) exceeds tolerance,0.003,2000000000.0,0.003,2000.0,5.0,7000000000.0,1.0,10000000000.0,,,,,,,,,0.0,2.720780935,1.0,1.0,1.0,0.0,0.0,0.0,,,0.0,,,,101876.980719,,,2.223595,,,,2.223595,1.0,0.876337378094966,,,,,,,,BASE,BASE,,,,,,3.23725991480274e-09,4.35262936804292e-14,9.31322574615479e-08,5.95720484852791e-06,1923099.89147077,5.49371418078082,49861555.354642,729196601.693688,7.15255737304688e-07,0.0,5.95720484852791e-06,0.0,0.0,0.0,0.0,0.0,2.0,0.0,0.0,0.0,0.0,-235258086.851644,1050.70673105691,0.0,729196601.693688,0.0,0.0,0.0,856.0,0.0,1001.0,0.0,0.0,0.0,0.0,-236833208.101287,,,,,,BASE,0.0,0,/clusteruy/home/mathiasr/generator-aware-row-scaling/results-revision/r1-internal-scaling/simple-gurobi-1pct/base-scaleflag2/resultados/caso21d_base.csv,/clusteruy/home/mathiasr/generator-aware-row-scaling/results-revision/r1-internal-scaling/simple-gurobi-1pct/base-scaleflag2/resultados/caso21d_base_postprocesado.csv,/clusteruy/home/mathiasr/generator-aware-row-scaling/results-revision/r1-internal-scaling/simple-gurobi-1pct/base-scaleflag2/logs/caso21d_base.log
caso21e.txt,base,OK,0,2.431398211,0.715311886469463,-248695493.76262876,-248868000.0,OPTIMAL,-250474442.19062677,1.0,11720.0,0.25,14400.0,10800.0,35590.0,10976.0,8743.0,28973.0,23.77777777777778,19.046296296296298,18.592301208204553,4,Model contains large bounds | Model contains large matrix coefficients | Model contains large rhs | max constraint violation (4.8620e-06) exceeds tolerance,0.003,2000000000.0,0.003,2000.0,5.0,7000000000.0,1.0,10000000000.0,,,,,,,,,0.0,2.431398211,1.0,1.0,1.0,0.0,0.0,0.0,,,0.0,,,,300531.490056,,,2.209973,,,,2.209973,1.0,0.225343467303224,,,,,,,,BASE,BASE,,,,,,5.66458209730644e-09,2.44472175836394e-10,1.65775418281555e-07,9.76026058197021e-07,190888.393020596,3.52784327981809,7474047.1540144,20695007.469262,7.27595761418343e-12,0.0,4.86196950078011e-06,0.0,0.0,0.0,0.0,0.0,4.0,0.0,0.0,0.0,0.0,-248695493.762629,2143.31281028481,0.0,20695007.469262,0.0,0.0,0.0,1329.0,0.0,1008.0,0.0,0.0,0.0,0.0,-248867873.018573,,,,,,BASE,0.0,0,/clusteruy/home/mathiasr/generator-aware-row-scaling/results-revision/r1-internal-scaling/simple-gurobi-1pct/base-scaleflag2/resultados/caso21e_base.csv,/clusteruy/home/mathiasr/generator-aware-row-scaling/results-revision/r1-internal-scaling/simple-gurobi-1pct/base-scaleflag2/resultados/caso21e_base_postprocesado.csv,/clusteruy/home/mathiasr/generator-aware-row-scaling/results-revision/r1-internal-scaling/simple-gurobi-1pct/base-scaleflag2/logs/caso21e_base.log
caso21f.txt,base,OK,0,2.819530122,0.037278424926998,-242348278.32506162,-242567000.0,OPTIMAL,-242438621.9460589,1.0,12012.0,0.25,14400.0,10800.0,35590.0,10976.0,8743.0,28973.0,23.77777777777778,19.046296296296298,18.592301208204553,4,Model contains large bounds | Model contains large matrix coefficients | Model contains large rhs | max constraint violation (5.9572e-06) exceeds tolerance,0.003,2000000000.0,0.005,2000.0,5.0,7000000000.0,1.0,10000000000.0,,,,,,,,,0.0,2.819530122,1.0,1.0,1.0,0.0,0.0,0.0,,,0.0,,,,202531.184447,,,2.257634,,,,2.257634,1.0,0.880287256835556,,,,,,,,BASE,BASE,,,,,,3.55604644825232e-09,9.26370091746985e-13,9.50042158365252e-08,5.95720484852791e-06,1113155.51848607,5.42520081414227,32343604.2076939,396923471.58063,7.15255737304688e-07,0.0,5.95720484852791e-06,0.0,0.0,0.0,0.0,0.0,3.0,0.0,0.0,0.0,0.0,-242348278.325062,1050.70673105691,0.0,396923471.58063,0.0,0.0,0.0,963.0,0.0,1002.0,0.0,0.0,0.0,0.0,-242566640.931342,,,,,,BASE,0.0,0,/clusteruy/home/mathiasr/generator-aware-row-scaling/results-revision/r1-internal-scaling/simple-gurobi-1pct/base-scaleflag2/resultados/caso21f_base.csv,/clusteruy/home/mathiasr/generator-aware-row-scaling/results-revision/r1-internal-scaling/simple-gurobi-1pct/base-scaleflag2/resultados/caso21f_base_postprocesado.csv,/clusteruy/home/mathiasr/generator-aware-row-scaling/results-revision/r1-internal-scaling/simple-gurobi-1pct/base-scaleflag2/logs/caso21f_base.log
caso22a.txt,base,OK,0,1.719679197,0.006536858649999,-246377677.13872316,-250624000.0,OPTIMAL,-246393782.49922287,1.0,9277.0,0.24,14400.0,10800.0,35590.0,10764.0,8807.0,28458.0,25.25,18.453703703703702,20.039336892385503,4,Model contains large bounds | Model contains large matrix coefficients | Model contains large rhs | max constraint violation (6.9141e-06) exceeds tolerance,0.003,2000000000.0,0.003,3000.0,5.0,7000000000.0,1.0,10000000000.0,,,,,,,,,0.0,1.719679197,1.0,1.0,1.0,0.0,0.0,0.0,,,0.0,,,,739368443948553.4,,,1.555876,,,,1.555876,1.0,0.238122777239838,,,,,,,,BASE,BASE,,,,,,4.40748060746727e-09,8.52766746106651e-12,1.04787468444556e-07,2.04890966415405e-07,1762226.88270809,1.2185648281714,54343696.00902,728450389.696648,2.12949657907302e-11,0.0,6.91413879394531e-06,0.0,0.0,0.0,0.0,0.0,2.0,0.0,0.0,0.0,0.0,-246377677.138723,1236.08641907767,0.0,728450389.696648,0.0,0.0,0.0,456.0,0.0,821.0,0.0,0.0,0.0,0.0,-250624175.958707,,,,,,BASE,0.0,0,/clusteruy/home/mathiasr/generator-aware-row-scaling/results-revision/r1-internal-scaling/simple-gurobi-1pct/base-scaleflag2/resultados/caso22a_base.csv,/clusteruy/home/mathiasr/generator-aware-row-scaling/results-revision/r1-internal-scaling/simple-gurobi-1pct/base-scaleflag2/resultados/caso22a_base_postprocesado.csv,/clusteruy/home/mathiasr/generator-aware-row-scaling/results-revision/r1-internal-scaling/simple-gurobi-1pct/base-scaleflag2/logs/caso22a_base.log
caso22b.txt,base,OK,0,2.058973103,0.010887615828662,-261576418.9427612,-260778000.0,OPTIMAL,-261604898.37835407,1.0,10333.0,0.24,14400.0,10800.0,35590.0,10764.0,8807.0,28458.0,25.25,18.453703703703702,20.039336892385503,4,Model contains large bounds | Model contains large matrix coefficients | Model contains large rhs | max constraint violation (8.1063e-06) exceeds tolerance,0.003,2000000000.0,0.003,3000.0,5.0,7000000000.0,1.0,10000000000.0,,,,,,,,,0.0,2.058973103,1.0,1.0,1.0,0.0,0.0,0.0,,,0.0,,,,324157.51658,,,1.898019,,,,1.898019,1.0,0.223142303852985,,,,,,,,BASE,BASE,,,,,,7.31146183661406e-09,7.31233740225424e-09,2.28178687393665e-07,2.45869159698486e-07,380857.451374103,1.46191599156107,17781356.4059751,51328038.6704158,7.27595761418343e-12,0.0,8.00078851170838e-06,0.0,0.0,0.0,0.0,0.0,2.0,0.0,0.0,0.0,0.0,-261576418.942761,2830.50980783096,0.0,51328038.6704158,0.0,0.0,0.0,866.0,0.0,857.0,0.0,0.0,0.0,0.0,-260777829.352538,,,,,,BASE,0.0,0,/clusteruy/home/mathiasr/generator-aware-row-scaling/results-revision/r1-internal-scaling/simple-gurobi-1pct/base-scaleflag2/resultados/caso22b_base.csv,/clusteruy/home/mathiasr/generator-aware-row-scaling/results-revision/r1-internal-scaling/simple-gurobi-1pct/base-scaleflag2/resultados/caso22b_base_postprocesado.csv,/clusteruy/home/mathiasr/generator-aware-row-scaling/results-revision/r1-internal-scaling/simple-gurobi-1pct/base-scaleflag2/logs/caso22b_base.log
caso22c.txt,base,OK,0,1.67853692,0.009359451642266,-253687468.1981038,-256567000.0,OPTIMAL,-253711211.95401227,1.0,8857.0,0.24,14400.0,10800.0,35590.0,10764.0,8807.0,28458.0,25.25,18.453703703703702,20.039336892385503,4,Model contains large bounds | Model contains large matrix coefficients | Model contains large rhs | max constraint violation (5.6658e-06) exceeds tolerance,0.003,2000000000.0,0.005,3000.0,5.0,7000000000.0,1.0,10000000000.0,,,,,,,,,0.0,1.67853692,1.0,1.0,1.0,0.0,0.0,0.0,,,0.0,,,,29960.752701,,,1.554203,,,,1.554203,1.0,0.251051769457643,,,,,,,,BASE,BASE,,,,,,3.94264292323378e-09,7.27595761418343e-12,1.01547630038112e-07,2.30967998504639e-07,1443914.39597621,1.03975189453513,53534305.0231602,358420800.517226,6.66489086142974e-12,0.0,5.66570088267326e-06,0.0,0.0,0.0,0.0,0.0,1.0,0.0,0.0,0.0,0.0,-253687468.198104,1230.9627448017,0.0,358420800.517226,0.0,0.0,0.0,444.0,0.0,820.0,0.0,0.0,0.0,0.0,-256566949.139798,,,,,,BASE,0.0,0,/clusteruy/home/mathiasr/generator-aware-row-scaling/results-revision/r1-internal-scaling/simple-gurobi-1pct/base-scaleflag2/resultados/caso22c_base.csv,/clusteruy/home/mathiasr/generator-aware-row-scaling/results-revision/r1-internal-scaling/simple-gurobi-1pct/base-scaleflag2/resultados/caso22c_base_postprocesado.csv,/clusteruy/home/mathiasr/generator-aware-row-scaling/results-revision/r1-internal-scaling/simple-gurobi-1pct/base-scaleflag2/logs/caso22c_base.log
caso22d.txt,base,OK,0,2.142333464,0.07068657600355,-219108270.10286286,-225568000.0,OPTIMAL,-219263150.2367392,1.0,10515.0,0.24,14400.0,10800.0,35590.0,10978.0,8780.0,28879.0,23.76388888888889,18.703703703703702,18.85642034279292,4,Model contains large bounds | Model contains large matrix coefficients | Model contains large rhs | max constraint violation (2.2058e-06) exceeds tolerance,0.003,2000000000.0,0.003,2000.0,5.0,7000000000.0,1.0,10000000000.0,,,,,,,,,0.0,2.142333464,1.0,1.0,1.0,0.0,0.0,0.0,,,0.0,,,,31499.106622,,,1.927587,,,,1.927587,1.0,0.24158611913033,,,,,,,,BASE,BASE,,,,,,2.47259270101227e-09,4.6349035720538e-14,7.82310962677002e-08,2.04890966415405e-07,3808480.59397861,7.08379776910688,93258570.6782979,804752059.58072,8.59756710269721e-12,0.0,2.15554609894753e-06,0.0,0.0,0.0,0.0,0.0,1.0,0.0,0.0,0.0,0.0,-219108270.102863,2518.28590663905,0.0,804752059.58072,0.0,0.0,0.0,567.0,0.0,969.0,0.0,0.0,0.0,0.0,-225568195.403131,,,,,,BASE,0.0,0,/clusteruy/home/mathiasr/generator-aware-row-scaling/results-revision/r1-internal-scaling/simple-gurobi-1pct/base-scaleflag2/resultados/caso22d_base.csv,/clusteruy/home/mathiasr/generator-aware-row-scaling/results-revision/r1-internal-scaling/simple-gurobi-1pct/base-scaleflag2/resultados/caso22d_base_postprocesado.csv,/clusteruy/home/mathiasr/generator-aware-row-scaling/results-revision/r1-internal-scaling/simple-gurobi-1pct/base-scaleflag2/logs/caso22d_base.log
caso22e.txt,base,OK,0,2.429178734,0.086565377948199,-233659855.1377557,-233683000.0,OPTIMAL,-233862123.6744689,1.0,11236.0,0.24,14400.0,10800.0,35590.0,10978.0,8780.0,28879.0,23.76388888888889,18.703703703703702,18.85642034279292,5,Markowitz tolerance tightened to 0.03125 | Model contains large bounds | Model contains large matrix coefficients | Model contains large rhs | max constraint violation (9.7752e-06) exceeds tolerance,0.003,2000000000.0,0.003,2000.0,5.0,7000000000.0,1.0,10000000000.0,,,,,,,,,0.0,2.429178734,1.0,1.0,1.0,0.0,0.0,0.0,,,0.0,,,,433089.167641,,,2.067524,,,,2.067524,1.0,0.232673319381359,,,,,,,,BASE,BASE,,,,,,7.45231055030955e-09,1.39698386192322e-09,1.6741716535762e-07,2.57045030593872e-07,263324.690614432,8.78804419967426,12164149.3179787,35648282.2667244,7.27595761418343e-12,0.0,9.70310065895319e-06,0.0,0.0,0.0,0.0,0.0,6.0,0.0,0.0,0.0,0.0,-233659855.137756,1965.24931447659,0.0,35648282.2667244,0.0,0.0,0.0,1353.0,0.0,987.0,0.0,0.0,0.0,0.0,-233683116.01395,,,,,,BASE,0.0,0,/clusteruy/home/mathiasr/generator-aware-row-scaling/results-revision/r1-internal-scaling/simple-gurobi-1pct/base-scaleflag2/resultados/caso22e_base.csv,/clusteruy/home/mathiasr/generator-aware-row-scaling/results-revision/r1-internal-scaling/simple-gurobi-1pct/base-scaleflag2/resultados/caso22e_base_postprocesado.csv,/clusteruy/home/mathiasr/generator-aware-row-scaling/results-revision/r1-internal-scaling/simple-gurobi-1pct/base-scaleflag2/logs/caso22e_base.log
caso22f.txt,base,OK,0,2.077042454,0.082210130581485,-225694759.27079642,-226209000.0,OPTIMAL,-225880303.2271085,1.0,9870.0,0.24,14400.0,10800.0,35590.0,10978.0,8780.0,28879.0,23.76388888888889,18.703703703703702,18.85642034279292,4,Model contains large bounds | Model contains large matrix coefficients | Model contains large rhs | max constraint violation (4.9970e-06) exceeds tolerance,0.003,2000000000.0,0.005,2000.0,5.0,7000000000.0,1.0,10000000000.0,,,,,,,,,0.0,2.077042454,1.0,1.0,1.0,0.0,0.0,0.0,,,0.0,,,,30172.968233,,,1.706374,,,,1.706374,1.0,0.265013533090067,,,,,,,,BASE,BASE,,,,,,4.32376067734036e-09,4.65661287307739e-10,1.1621363228187e-07,2.45869159698486e-07,1126903.21074949,7.82124676625371,40460248.2757763,363655030.165253,3.63797880709171e-12,0.0,4.99701127409935e-06,0.0,0.0,0.0,0.0,0.0,3.0,0.0,0.0,0.0,0.0,-225694759.270796,2102.30760135877,0.0,363655030.165253,0.0,0.0,0.0,1036.0,0.0,968.0,0.0,0.0,0.0,0.0,-226208740.675625,,,,,,BASE,0.0,0,/clusteruy/home/mathiasr/generator-aware-row-scaling/results-revision/r1-internal-scaling/simple-gurobi-1pct/base-scaleflag2/resultados/caso22f_base.csv,/clusteruy/home/mathiasr/generator-aware-row-scaling/results-revision/r1-internal-scaling/simple-gurobi-1pct/base-scaleflag2/resultados/caso22f_base_postprocesado.csv,/clusteruy/home/mathiasr/generator-aware-row-scaling/results-revision/r1-internal-scaling/simple-gurobi-1pct/base-scaleflag2/logs/caso22f_base.log
caso23a.txt,base,OK,0,14.604915671,0.000564909431887,-272266412.95065725,-281048000.0,OPTIMAL,-272267951.00930387,971.0,75214.0,0.24,14400.0,10800.0,35590.0,10600.0,8574.0,28687.0,26.38888888888889,20.61111111111111,19.3958977240798,4,Markowitz tolerance tightened to 0.03125 | Model contains large bounds | Model contains large matrix coefficients | Model contains large rhs,0.003,2000000000.0,0.003,3000.0,5.0,7000000000.0,1.0,10000000000.0,,,,,,,,,0.0,14.604915671,1.0,1.0,1.0,0.0,0.0,0.0,,,0.0,,,,139970.960254,,,13.492788,,0.236611,4.732001,13.492788,1.0,0.244131029848024,,,,,,,,BASE,BASE,,,,,,5.29620070875257e-09,1.13686837721616e-13,1.55885936692357e-07,8.90577211976051e-07,2656418.39456193,1.19667218214978,60764138.3470627,848672641.856526,1.81898940354586e-12,0.0,8.90577211976051e-07,4.40365801210757e-09,0.0,0.0,0.0,0.0,0.0,0.0,0.0,0.0,0.0,-272266412.950657,132.272310402721,0.0,848672641.856526,4.40365801210757e-09,0.0,0.0,207.0,0.0,854.0,0.0,0.0,0.0,0.0,-281047962.131648,,,,,,BASE,0.0,0,/clusteruy/home/mathiasr/generator-aware-row-scaling/results-revision/r1-internal-scaling/simple-gurobi-1pct/base-scaleflag2/resultados/caso23a_base.csv,/clusteruy/home/mathiasr/generator-aware-row-scaling/results-revision/r1-internal-scaling/simple-gurobi-1pct/base-scaleflag2/resultados/caso23a_base_postprocesado.csv,/clusteruy/home/mathiasr/generator-aware-row-scaling/results-revision/r1-internal-scaling/simple-gurobi-1pct/base-scaleflag2/logs/caso23a_base.log
caso23b.txt,base,OK,0,6.074189144,0.00784055061142,-286234251.1407134,-284855000.0,OPTIMAL,-286256693.4820413,1.0,11939.0,0.24,14400.0,10800.0,35590.0,10600.0,8574.0,28687.0,26.38888888888889,20.61111111111111,19.3958977240798,4,Model contains large bounds | Model contains large matrix coefficients | Model contains large rhs | max constraint violation (1.1101e-06) exceeds tolerance,0.003,2000000000.0,0.003,3000.0,5.0,7000000000.0,1.0,10000000000.0,,,,,,,,,0.0,6.074189144,1.0,1.0,1.0,0.0,0.0,0.0,,,0.0,,,,32959.724786,,,4.279065,,0.187535,5.10064,4.279065,1.0,0.22059390099153,,,,,,,,BASE,BASE,,,,,,6.11354842313995e-09,3.72529029846191e-09,1.79524067789316e-07,1.11013650894165e-06,554367.759681464,1.03037692287513,24588476.5835153,63283179.5209963,1.81898940354586e-12,0.0,1.11013650894165e-06,0.0,0.0,0.0,0.0,0.0,2.0,0.0,0.0,0.0,0.0,-286234251.140713,1635.09707373366,0.0,63283179.5209963,0.0,0.0,0.0,713.0,0.0,892.0,0.0,0.0,0.0,0.0,-284854877.428942,,,,,,BASE,0.0,0,/clusteruy/home/mathiasr/generator-aware-row-scaling/results-revision/r1-internal-scaling/simple-gurobi-1pct/base-scaleflag2/resultados/caso23b_base.csv,/clusteruy/home/mathiasr/generator-aware-row-scaling/results-revision/r1-internal-scaling/simple-gurobi-1pct/base-scaleflag2/resultados/caso23b_base_postprocesado.csv,/clusteruy/home/mathiasr/generator-aware-row-scaling/results-revision/r1-internal-scaling/simple-gurobi-1pct/base-scaleflag2/logs/caso23b_base.log
caso23c.txt,base,OK,0,15.263701828,0.914506203280569,-276335518.22332543,-283882000.0,OPTIMAL,-278862623.67934525,1089.0,87302.0,0.24,14400.0,10800.0,35590.0,10600.0,8574.0,28687.0,26.38888888888889,20.61111111111111,19.3958977240798,4,Model contains large bounds | Model contains large matrix coefficients | Model contains large rhs | max constraint violation (1.0813e-06) exceeds tolerance,0.003,2000000000.0,0.005,3000.0,5.0,7000000000.0,1.0,10000000000.0,,,,,,,,,0.0,15.263701828,1.0,1.0,1.0,0.0,0.0,0.0,,,0.0,,,,182913.377961,,,13.666238,,0.209416,5.944363,13.666238,1.0,0.218399800384676,,,,,,,,BASE,BASE,,,,,,5.87124787658423e-09,1.81898940354586e-12,1.78820919245482e-07,1.08126550912857e-06,1746198.0302387,1.05973961133311,55534771.8901468,848630636.970628,9.5367431640625e-07,0.0,1.08126550912857e-06,0.0,0.0,0.0,0.0,0.0,2.0,0.0,0.0,0.0,0.0,-276335518.223325,156.077361823164,0.0,848630636.970628,0.0,0.0,0.0,197.0,0.0,834.0,0.0,0.0,0.0,0.0,-283881681.257258,,,,,,BASE,0.0,0,/clusteruy/home/mathiasr/generator-aware-row-scaling/results-revision/r1-internal-scaling/simple-gurobi-1pct/base-scaleflag2/resultados/caso23c_base.csv,/clusteruy/home/mathiasr/generator-aware-row-scaling/results-revision/r1-internal-scaling/simple-gurobi-1pct/base-scaleflag2/resultados/caso23c_base_postprocesado.csv,/clusteruy/home/mathiasr/generator-aware-row-scaling/results-revision/r1-internal-scaling/simple-gurobi-1pct/base-scaleflag2/logs/caso23c_base.log
caso23d.txt,base,OK,0,5.244079438,0.006576267248867,-235049010.6540724,-238298000.0,OPTIMAL,-235064468.10517883,1.0,11526.0,0.25,14400.0,10800.0,35590.0,10758.0,8490.0,28989.0,25.291666666666668,21.38888888888889,18.547344759763977,4,Model contains large bounds | Model contains large matrix coefficients | Model contains large rhs | max constraint violation (1.8086e-06) exceeds tolerance,0.003,2000000000.0,0.003,2000.0,5.0,7000000000.0,1.0,10000000000.0,,,,,,,,,0.0,5.244079438,1.0,1.0,1.0,0.0,0.0,0.0,,,0.0,,,,546210.546665,,,3.720582,,0.918601,4.155438,3.720582,1.0,0.874674521899195,,,,,,,,BASE,BASE,,,,,,4.50449101119623e-09,4.04121180963557e-14,1.34110450744629e-07,1.80862843990326e-06,3187109.58793071,6.06580471432541,94884254.1380524,821424283.377363,8.20438742721308e-07,0.0,1.80862843990326e-06,0.0,0.0,0.0,0.0,0.0,3.0,0.0,0.0,0.0,0.0,-235049010.654073,1362.58089477805,0.0,821424283.377363,0.0,0.0,0.0,260.0,0.0,993.0,0.0,0.0,0.0,0.0,-238298335.351402,,,,,,BASE,0.0,0,/clusteruy/home/mathiasr/generator-aware-row-scaling/results-revision/r1-internal-scaling/simple-gurobi-1pct/base-scaleflag2/resultados/caso23d_base.csv,/clusteruy/home/mathiasr/generator-aware-row-scaling/results-revision/r1-internal-scaling/simple-gurobi-1pct/base-scaleflag2/resultados/caso23d_base_postprocesado.csv,/clusteruy/home/mathiasr/generator-aware-row-scaling/results-revision/r1-internal-scaling/simple-gurobi-1pct/base-scaleflag2/logs/caso23d_base.log
caso23e.txt,base,OK,0,6.234956417,0.0,-143397170.90790913,-139821000.0,OPTIMAL,-143397170.90790913,1.0,13415.0,0.25,14400.0,10800.0,35590.0,10758.0,8490.0,28989.0,25.291666666666668,21.38888888888889,18.547344759763977,3,Model contains large bounds | Model contains large matrix coefficients | Model contains large rhs,0.003,2000000000.0,0.003,2000.0,5.0,7000000000.0,1.0,10000000000.0,,,,,,,,,0.0,6.234956417,1.0,1.0,1.0,0.0,0.0,0.0,,,0.0,,,,985924.871536,,,4.698896,,0.736388,5.946732,4.698896,1.0,0.737855560413696,,,,,,,,BASE,BASE,,,,,,1.01808275524335e-09,0.0,1.86264514923096e-09,7.31553882360458e-07,184018.899024678,1.43305104887514,8210052.67386232,12417211.7699241,1.81898940354586e-12,0.0,7.31553882360458e-07,0.0,0.0,0.0,0.0,0.0,0.0,0.0,0.0,0.0,0.0,-143397170.907909,423.484792815423,0.0,12417211.7699241,0.0,0.0,0.0,116.0,0.0,722.0,0.0,0.0,0.0,0.0,-139820878.089497,,,,,,BASE,0.0,0,/clusteruy/home/mathiasr/generator-aware-row-scaling/results-revision/r1-internal-scaling/simple-gurobi-1pct/base-scaleflag2/resultados/caso23e_base.csv,/clusteruy/home/mathiasr/generator-aware-row-scaling/results-revision/r1-internal-scaling/simple-gurobi-1pct/base-scaleflag2/resultados/caso23e_base_postprocesado.csv,/clusteruy/home/mathiasr/generator-aware-row-scaling/results-revision/r1-internal-scaling/simple-gurobi-1pct/base-scaleflag2/logs/caso23e_base.log
caso23f.txt,base,OK,0,57.057508948,0.024923294710714,-241204450.99065363,-241569000.0,OPTIMAL,-241264567.0868294,4125.0,559081.0,0.26,14400.0,10800.0,35590.0,10758.0,8490.0,28989.0,25.291666666666668,21.38888888888889,18.547344759763977,3,Model contains large bounds | Model contains large matrix coefficients | Model contains large rhs,0.003,2000000000.0,0.005,2000.0,5.0,7000000000.0,1.0,10000000000.0,,,,,,,,,0.0,57.057508948,1.0,1.0,1.0,0.0,0.0,0.0,,,0.0,,,,175730.33294,,,65.751646,,0.815265,5.317095,65.751646,1.0,0.12990668342408,,,,,,,,BASE,BASE,,,,,,4.59048766225832e-09,2.72848410531878e-12,1.41561031341553e-07,4.66592609882355e-07,1102521.70156434,2.97368396816789,48549721.2610428,733624146.333,9.5367431640625e-07,0.0,5.24334609508514e-07,0.0,0.0,9.99200722162641e-16,0.0,0.0,0.0,0.0,0.0,0.0,0.0,-241204450.990654,809.227432165892,0.0,733624146.333,0.0,0.0,9.99200722162641e-16,357.0,0.0,984.0,0.0,0.0,0.0,0.0,-241569026.234641,,,,,,BASE,0.0,0,/clusteruy/home/mathiasr/generator-aware-row-scaling/results-revision/r1-internal-scaling/simple-gurobi-1pct/base-scaleflag2/resultados/caso23f_base.csv,/clusteruy/home/mathiasr/generator-aware-row-scaling/results-revision/r1-internal-scaling/simple-gurobi-1pct/base-scaleflag2/resultados/caso23f_base_postprocesado.csv,/clusteruy/home/mathiasr/generator-aware-row-scaling/results-revision/r1-internal-scaling/simple-gurobi-1pct/base-scaleflag2/logs/caso23f_base.log
caso24a.txt,base,OK,0,2.036337533,0.062408037464063,-334316196.49120486,-342124000.0,OPTIMAL,-334524836.6683595,1.0,9930.0,0.24,14400.0,10800.0,35590.0,10839.0,8720.0,28750.0,24.729166666666668,19.25925925925926,19.21888170834504,4,Model contains large bounds | Model contains large matrix coefficients | Model contains large rhs | max constraint violation (5.5195e-06) exceeds tolerance,0.003,2000000000.0,0.003,3000.0,5.0,7000000000.0,1.0,10000000000.0,,,,,,,,,0.0,2.036337533,1.0,1.0,1.0,0.0,0.0,0.0,,,0.0,,,,149224.440262,,,2.063527,,,,2.063527,1.0,0.205850186218155,,,,,,,,BASE,BASE,,,,,,3.62193760414339e-09,2.85105272723727e-14,8.7544322013855e-08,5.29270619153976e-06,3564847.70800966,4.40961784361502,99815767.0884962,821918990.545476,8.5265128291212e-14,0.0,5.51948323845863e-06,0.0,0.0,0.0,0.0,0.0,2.0,0.0,0.0,0.0,0.0,-334316196.491205,2250.1069063992,0.0,821918990.545476,0.0,0.0,0.0,431.0,0.0,944.0,0.0,0.0,0.0,0.0,-342124398.845958,,,,,,BASE,0.0,0,/clusteruy/home/mathiasr/generator-aware-row-scaling/results-revision/r1-internal-scaling/simple-gurobi-1pct/base-scaleflag2/resultados/caso24a_base.csv,/clusteruy/home/mathiasr/generator-aware-row-scaling/results-revision/r1-internal-scaling/simple-gurobi-1pct/base-scaleflag2/resultados/caso24a_base_postprocesado.csv,/clusteruy/home/mathiasr/generator-aware-row-scaling/results-revision/r1-internal-scaling/simple-gurobi-1pct/base-scaleflag2/logs/caso24a_base.log
caso24b.txt,base,OK,0,2.046944753,0.071696760862688,-346968974.543967,-346576000.0,OPTIMAL,-347217740.0599135,1.0,10795.0,0.24,14400.0,10800.0,35590.0,10839.0,8720.0,28750.0,24.729166666666668,19.25925925925926,19.21888170834504,4,Model contains large bounds | Model contains large matrix coefficients | Model contains large rhs | max constraint violation (4.8159e-06) exceeds tolerance,0.003,2000000000.0,0.003,3000.0,5.0,7000000000.0,1.0,10000000000.0,,,,,,,,,0.0,2.046944753,1.0,1.0,1.0,0.0,0.0,0.0,,,0.0,,,,445293.059388,,,2.005259,,,,2.005259,1.0,0.224003042539215,,,,,,,,BASE,BASE,,,,,,3.59585750515875e-09,9.36495325731784e-12,9.31322574615479e-08,4.81586903333664e-06,485460.609774349,1.85730879761949,21359327.5557663,245868529.256225,1.93836058315355e-11,0.0,4.81586903333664e-06,0.0,0.0,0.0,0.0,0.0,1.0,0.0,0.0,0.0,0.0,-346968974.543967,2313.19661338445,0.0,245868529.256225,0.0,0.0,0.0,983.0,0.0,958.0,0.0,0.0,0.0,0.0,-346575547.160119,,,,,,BASE,0.0,0,/clusteruy/home/mathiasr/generator-aware-row-scaling/results-revision/r1-internal-scaling/simple-gurobi-1pct/base-scaleflag2/resultados/caso24b_base.csv,/clusteruy/home/mathiasr/generator-aware-row-scaling/results-revision/r1-internal-scaling/simple-gurobi-1pct/base-scaleflag2/resultados/caso24b_base_postprocesado.csv,/clusteruy/home/mathiasr/generator-aware-row-scaling/results-revision/r1-internal-scaling/simple-gurobi-1pct/base-scaleflag2/logs/caso24b_base.log
caso24c.txt,base,OK,0,2.300440298,0.003371335373389,-340229761.71380985,-339569000.0,OPTIMAL,-340241232.0001173,1.0,10185.0,0.24,14400.0,10800.0,35590.0,10839.0,8720.0,28750.0,24.729166666666668,19.25925925925926,19.21888170834504,3,Model contains large bounds | Model contains large matrix coefficients | Model contains large rhs,0.003,2000000000.0,0.005,3000.0,5.0,7000000000.0,1.0,10000000000.0,,,,,,,,,0.0,2.300440298,1.0,1.0,1.0,0.0,0.0,0.0,,,0.0,,,,49970.651596,,,1.917659,,,,1.917659,1.0,0.858590598232389,,,,,,,,BASE,BASE,,,,,,4.78197595121722e-09,5.82076609134674e-11,1.51459826156497e-07,7.13393092155457e-07,1521350.05279872,1.59505409103407,57559006.4183631,368895079.665667,1.81898940354586e-12,0.0,7.13393092155457e-07,0.0,0.0,0.0,0.0,0.0,0.0,0.0,0.0,0.0,0.0,-340229761.71381,994.427187635418,0.0,368895079.665667,0.0,0.0,0.0,461.0,0.0,942.0,0.0,0.0,0.0,0.0,-339568653.457889,,,,,,BASE,0.0,0,/clusteruy/home/mathiasr/generator-aware-row-scaling/results-revision/r1-internal-scaling/simple-gurobi-1pct/base-scaleflag2/resultados/caso24c_base.csv,/clusteruy/home/mathiasr/generator-aware-row-scaling/results-revision/r1-internal-scaling/simple-gurobi-1pct/base-scaleflag2/resultados/caso24c_base_postprocesado.csv,/clusteruy/home/mathiasr/generator-aware-row-scaling/results-revision/r1-internal-scaling/simple-gurobi-1pct/base-scaleflag2/logs/caso24c_base.log
caso24d.txt,base,OK,0,2.175514288,0.492607617566451,-273403956.46152043,-277141000.0,OPTIMAL,-274750765.17777795,1.0,10874.0,0.24,14400.0,10800.0,35590.0,10829.0,8518.0,28676.0,24.79861111111111,21.12962962962963,19.42680528238269,4,Model contains large bounds | Model contains large matrix coefficients | Model contains large rhs | max constraint violation (1.1921e-06) exceeds tolerance,0.003,2000000000.0,0.003,2000.0,5.0,7000000000.0,1.0,10000000000.0,,,,,,,,,0.0,2.175514288,1.0,1.0,1.0,0.0,0.0,0.0,,,0.0,,,,386704.733449,,,2.040477,,,,2.040477,1.0,0.221302351128852,,,,,,,,BASE,BASE,,,,,,2.85770791877801e-09,3.5527136788005e-14,9.50042158365252e-08,1.19209289550781e-06,2099295.34638909,7.35386146458692,40472225.9129021,857873010.8722,3.63797880709171e-12,0.0,1.19209289550781e-06,0.0,0.0,0.0,0.0,0.0,1.0,0.0,0.0,0.0,0.0,-273403956.46152,1329.05277005941,0.0,857873010.8722,0.0,0.0,0.0,395.0,0.0,1031.0,0.0,0.0,0.0,0.0,-277141001.203189,,,,,,BASE,0.0,0,/clusteruy/home/mathiasr/generator-aware-row-scaling/results-revision/r1-internal-scaling/simple-gurobi-1pct/base-scaleflag2/resultados/caso24d_base.csv,/clusteruy/home/mathiasr/generator-aware-row-scaling/results-revision/r1-internal-scaling/simple-gurobi-1pct/base-scaleflag2/resultados/caso24d_base_postprocesado.csv,/clusteruy/home/mathiasr/generator-aware-row-scaling/results-revision/r1-internal-scaling/simple-gurobi-1pct/base-scaleflag2/logs/caso24d_base.log
caso24e.txt,base,OK,0,2.877650222,0.390597817528319,-287530845.71553445,-288917000.0,OPTIMAL,-288653934.92362005,1.0,12104.0,0.24,14400.0,10800.0,35590.0,10829.0,8518.0,28676.0,24.79861111111111,21.12962962962963,19.42680528238269,4,Model contains large bounds | Model contains large matrix coefficients | Model contains large rhs | max constraint violation (1.0447e-06) exceeds tolerance,0.003,2000000000.0,0.003,2000.0,5.0,7000000000.0,1.0,10000000000.0,,,,,,,,,0.0,2.877650222,1.0,1.0,1.0,0.0,0.0,0.0,,,0.0,,,,1187137.846661,,,2.80981,,,,2.80981,1.0,0.890127134647879,,,,,,,,BASE,BASE,,,,,,3.02610683063685e-09,9.00612917575746e-14,8.7544322013855e-08,1.04471109807491e-06,341737.892231478,2.70652327060735,7107006.4352049,377733854.078531,8.34465026855469e-07,0.0,1.04471109807491e-06,0.0,0.0,0.0,0.0,0.0,1.0,0.0,0.0,0.0,0.0,-287530845.715534,784.035521609709,0.0,377733854.078531,0.0,0.0,0.0,1046.0,0.0,1029.0,0.0,0.0,0.0,0.0,-288916508.495936,,,,,,BASE,0.0,0,/clusteruy/home/mathiasr/generator-aware-row-scaling/results-revision/r1-internal-scaling/simple-gurobi-1pct/base-scaleflag2/resultados/caso24e_base.csv,/clusteruy/home/mathiasr/generator-aware-row-scaling/results-revision/r1-internal-scaling/simple-gurobi-1pct/base-scaleflag2/resultados/caso24e_base_postprocesado.csv,/clusteruy/home/mathiasr/generator-aware-row-scaling/results-revision/r1-internal-scaling/simple-gurobi-1pct/base-scaleflag2/logs/caso24e_base.log
caso24f.txt,base,OK,0,2.059635581,0.461027614234569,-279854138.9806537,-281468000.0,OPTIMAL,-281144343.8409329,1.0,11608.0,0.24,14400.0,10800.0,35590.0,10829.0,8518.0,28676.0,24.79861111111111,21.12962962962963,19.42680528238269,3,Model contains large bounds | Model contains large matrix coefficients | Model contains large rhs,0.003,2000000000.0,0.005,2000.0,5.0,7000000000.0,1.0,10000000000.0,,,,,,,,,0.0,2.059635581,1.0,1.0,1.0,0.0,0.0,0.0,,,0.0,,,,59611.187208,,,1.927934,,,,1.927934,1.0,0.235522928949404,,,,,,,,BASE,BASE,,,,,,2.98248219566471e-09,7.105427357601e-14,9.68575477600098e-08,4.65428456664085e-07,357943.973369949,2.76595373000623,4426824.90732358,394744976.2085,3.63797880709171e-12,0.0,9.5367431640625e-07,0.0,0.0,0.0,0.0,0.0,0.0,0.0,0.0,0.0,0.0,-279854138.980654,999.707823902907,0.0,394744976.2085,0.0,0.0,0.0,840.0,0.0,1025.0,0.0,0.0,0.0,0.0,-281467632.694173,,,,,,BASE,0.0,0,/clusteruy/home/mathiasr/generator-aware-row-scaling/results-revision/r1-internal-scaling/simple-gurobi-1pct/base-scaleflag2/resultados/caso24f_base.csv,/clusteruy/home/mathiasr/generator-aware-row-scaling/results-revision/r1-internal-scaling/simple-gurobi-1pct/base-scaleflag2/resultados/caso24f_base_postprocesado.csv,/clusteruy/home/mathiasr/generator-aware-row-scaling/results-revision/r1-internal-scaling/simple-gurobi-1pct/base-scaleflag2/logs/caso24f_base.log
caso25a.txt,base,OK,0,1.498418138,0.001479469379972,-139461269.4028319,-239318000.0,OPTIMAL,-139463332.68960965,1.0,6851.0,0.22,14400.0,10800.0,35590.0,10171.0,8721.0,27486.0,29.368055555555557,19.25,22.770441135150325,4,Model contains large bounds | Model contains large matrix coefficients | Model contains large rhs | max constraint violation (1.7791e-06) exceeds tolerance,0.002,2000000000.0,0.003,3000.0,5.0,5000000000.0,1.0,10000000000.0,,,,,,,,,0.0,1.498418138,1.0,1.0,1.0,0.0,0.0,0.0,,,0.0,,,,64151.486983,,,1.325218,,,,1.325218,1.0,0.798022211373232,,,,,,,,BASE,BASE,,,,,,2.41315892087099e-09,3.13082892944262e-15,5.58793544769287e-08,3.42261046171188e-07,9748222.66608135,57.0345210045852,734663943.054216,823626601.355826,4.76837158203125e-07,0.0,1.77882611751556e-06,1.68810382419162e-09,0.0,0.0,0.0,0.0,1.0,0.0,0.0,0.0,0.0,-139461269.402832,1089.16775855804,0.0,823626601.355826,1.68810382419162e-09,0.0,0.0,556.0,0.0,770.0,0.0,0.0,0.0,0.0,-239318066.009296,,,,,,BASE,0.0,0,/clusteruy/home/mathiasr/generator-aware-row-scaling/results-revision/r1-internal-scaling/simple-gurobi-1pct/base-scaleflag2/resultados/caso25a_base.csv,/clusteruy/home/mathiasr/generator-aware-row-scaling/results-revision/r1-internal-scaling/simple-gurobi-1pct/base-scaleflag2/resultados/caso25a_base_postprocesado.csv,/clusteruy/home/mathiasr/generator-aware-row-scaling/results-revision/r1-internal-scaling/simple-gurobi-1pct/base-scaleflag2/logs/caso25a_base.log
caso25b.txt,base,OK,0,1.505104668,0.011564081514231,-149554210.87535864,-149677000.0,OPTIMAL,-149571505.44621223,1.0,8694.0,0.22,14400.0,10800.0,35590.0,10171.0,8721.0,27486.0,29.368055555555557,19.25,22.770441135150325,4,Model contains large bounds | Model contains large matrix coefficients | Model contains large rhs | max constraint violation (1.1424e-06) exceeds tolerance,0.002,2000000000.0,0.003,3000.0,5.0,5000000000.0,1.0,10000000000.0,,,,,,,,,0.0,1.505104668,1.0,1.0,1.0,0.0,0.0,0.0,,,0.0,,,,36575.213842,,,1.540388,,,,1.540388,1.0,0.313814317676043,,,,,,,,BASE,BASE,,,,,,6.31798523470322e-09,5.58793544769287e-09,2.37261410802603e-07,1.14244903670624e-06,158409.396661755,0.991789594216927,4901720.4591485,29065698.7133334,2.8421709430404e-14,0.0,1.14244903670624e-06,0.0,0.0,0.0,0.0,0.0,2.0,0.0,0.0,0.0,0.0,-149554210.875359,1500.33672246952,0.0,29065698.7133334,0.0,0.0,0.0,883.0,0.0,776.0,0.0,0.0,0.0,0.0,-149677225.950997,,,,,,BASE,0.0,0,/clusteruy/home/mathiasr/generator-aware-row-scaling/results-revision/r1-internal-scaling/simple-gurobi-1pct/base-scaleflag2/resultados/caso25b_base.csv,/clusteruy/home/mathiasr/generator-aware-row-scaling/results-revision/r1-internal-scaling/simple-gurobi-1pct/base-scaleflag2/resultados/caso25b_base_postprocesado.csv,/clusteruy/home/mathiasr/generator-aware-row-scaling/results-revision/r1-internal-scaling/simple-gurobi-1pct/base-scaleflag2/logs/caso25b_base.log
caso25c.txt,base,OK,0,1.508455095,0.009353514644248,-143316649.16057998,-143235000.0,OPTIMAL,-143330054.30434686,1.0,7757.0,0.24,14400.0,10800.0,35590.0,10171.0,8721.0,27486.0,29.368055555555557,19.25,22.770441135150325,4,Model contains large bounds | Model contains large matrix coefficients | Model contains large rhs | max constraint violation (9.5954e-06) exceeds tolerance,0.002,2000000000.0,0.005,3000.0,5.0,5000000000.0,1.0,10000000000.0,,,,,,,,,0.0,1.508455095,1.0,1.0,1.0,0.0,0.0,0.0,,,0.0,,,,33962.609955,,,1.384104,,,,1.384104,1.0,0.331306634117215,,,,,,,,BASE,BASE,,,,,,8.64043870540318e-09,5.58793544769287e-09,2.27335040108302e-07,9.66945663094521e-07,261844.122547034,0.516473737949084,8445939.38076283,57393928.0432483,9.09494701772928e-13,0.0,9.5955329015851e-06,0.0,0.0,0.0,0.0,0.0,8.0,0.0,0.0,0.0,0.0,-143316649.16058,761.441224292819,0.0,57393928.0432483,0.0,0.0,0.0,675.0,0.0,746.0,0.0,0.0,0.0,0.0,-143234586.7207,,,,,,BASE,0.0,0,/clusteruy/home/mathiasr/generator-aware-row-scaling/results-revision/r1-internal-scaling/simple-gurobi-1pct/base-scaleflag2/resultados/caso25c_base.csv,/clusteruy/home/mathiasr/generator-aware-row-scaling/results-revision/r1-internal-scaling/simple-gurobi-1pct/base-scaleflag2/resultados/caso25c_base_postprocesado.csv,/clusteruy/home/mathiasr/generator-aware-row-scaling/results-revision/r1-internal-scaling/simple-gurobi-1pct/base-scaleflag2/logs/caso25c_base.log
caso25d.txt,base,OK,0,1.619398431,0.220251696496391,-137921522.2965843,-177516000.0,OPTIMAL,-138225296.78927618,1.0,7397.0,0.22,14400.0,10800.0,35590.0,10648.0,8683.0,28440.0,26.055555555555557,19.60185185185185,20.089912896881145,4,Model contains large bounds | Model contains large matrix coefficients | Model contains large rhs | max constraint violation (1.8054e-06) exceeds tolerance,0.002,2000000000.0,0.003,2000.0,5.0,5000000000.0,1.0,10000000000.0,,,,,,,,,0.0,1.619398431,1.0,1.0,1.0,0.0,0.0,0.0,,,0.0,,,,342183.184834,,,1.411734,,,,1.411734,1.0,0.32048853330797,,,,,,,,BASE,BASE,,,,,,1.68322966097654e-09,1.4210854715202e-14,4.84380871057512e-08,1.80536881089211e-06,10542116.5153116,52.458101717864,730152291.940386,845503476.973922,3.63797880709171e-12,0.0,1.80536881089211e-06,0.0,0.0,0.0,0.0,0.0,1.0,0.0,0.0,0.0,0.0,-137921522.296584,2714.31948024773,0.0,845503476.973922,0.0,0.0,0.0,362.0,0.0,850.0,0.0,0.0,0.0,0.0,-177516162.856671,,,,,,BASE,0.0,0,/clusteruy/home/mathiasr/generator-aware-row-scaling/results-revision/r1-internal-scaling/simple-gurobi-1pct/base-scaleflag2/resultados/caso25d_base.csv,/clusteruy/home/mathiasr/generator-aware-row-scaling/results-revision/r1-internal-scaling/simple-gurobi-1pct/base-scaleflag2/resultados/caso25d_base_postprocesado.csv,/clusteruy/home/mathiasr/generator-aware-row-scaling/results-revision/r1-internal-scaling/simple-gurobi-1pct/base-scaleflag2/logs/caso25d_base.log
caso25e.txt,base,OK,0,1.821980563,0.223842031644297,-147421613.2289627,-147696000.0,OPTIMAL,-147751604.7630972,1.0,9985.0,0.22,14400.0,10800.0,35590.0,10648.0,8683.0,28440.0,26.055555555555557,19.60185185185185,20.089912896881145,4,Model contains large bounds | Model contains large matrix coefficients | Model contains large rhs | max constraint violation (1.0304e-06) exceeds tolerance,0.002,2000000000.0,0.003,2000.0,5.0,5000000000.0,1.0,10000000000.0,,,,,,,,,0.0,1.821980563,1.0,1.0,1.0,0.0,0.0,0.0,,,0.0,,,,116958.391296,,,1.702015,,,,1.702015,1.0,0.316161500733892,,,,,,,,BASE,BASE,,,,,,6.05871113867163e-09,1.49011611938477e-08,2.00139606931771e-07,1.0303920134902e-06,194369.30433437,0.665614105561927,4071432.85865252,37718768.5281041,3.63797880709171e-12,0.0,1.0303920134902e-06,0.0,0.0,0.0,0.0,0.0,3.0,0.0,0.0,0.0,0.0,-147421613.228963,1261.63094183805,0.0,37718768.5281041,0.0,0.0,0.0,653.0,0.0,856.0,0.0,0.0,0.0,0.0,-147696186.324788,,,,,,BASE,0.0,0,/clusteruy/home/mathiasr/generator-aware-row-scaling/results-revision/r1-internal-scaling/simple-gurobi-1pct/base-scaleflag2/resultados/caso25e_base.csv,/clusteruy/home/mathiasr/generator-aware-row-scaling/results-revision/r1-internal-scaling/simple-gurobi-1pct/base-scaleflag2/resultados/caso25e_base_postprocesado.csv,/clusteruy/home/mathiasr/generator-aware-row-scaling/results-revision/r1-internal-scaling/simple-gurobi-1pct/base-scaleflag2/logs/caso25e_base.log
caso25f.txt,base,OK,0,1.685537038,0.230461733426048,-141484275.8993103,-141667000.0,OPTIMAL,-141810343.01407313,1.0,8886.0,0.22,14400.0,10800.0,35590.0,10648.0,8683.0,28440.0,26.055555555555557,19.60185185185185,20.089912896881145,4,Model contains large bounds | Model contains large matrix coefficients | Model contains large rhs | max constraint violation (1.0130e-06) exceeds tolerance,0.002,2000000000.0,0.005,2000.0,5.0,5000000000.0,1.0,10000000000.0,,,,,,,,,0.0,1.685537038,1.0,1.0,1.0,0.0,0.0,0.0,,,0.0,,,,36098.342453,,,1.517173,,,,1.517173,1.0,0.324384933263974,,,,,,,,BASE,BASE,,,,,,5.72217971270827e-09,1.00233592092989e-08,1.89067795872688e-07,1.01304613053799e-06,333385.845838858,0.576938818284492,8345059.12466828,55286544.6033498,3.63797880709171e-12,0.0,1.01304613053799e-06,0.0,0.0,0.0,0.0,0.0,1.0,0.0,0.0,0.0,0.0,-141484275.89931,1530.08778373615,0.0,55286544.6033498,0.0,0.0,0.0,403.0,0.0,847.0,0.0,0.0,0.0,0.0,-141667409.57259,,,,,,BASE,0.0,0,/clusteruy/home/mathiasr/generator-aware-row-scaling/results-revision/r1-internal-scaling/simple-gurobi-1pct/base-scaleflag2/resultados/caso25f_base.csv,/clusteruy/home/mathiasr/generator-aware-row-scaling/results-revision/r1-internal-scaling/simple-gurobi-1pct/base-scaleflag2/resultados/caso25f_base_postprocesado.csv,/clusteruy/home/mathiasr/generator-aware-row-scaling/results-revision/r1-internal-scaling/simple-gurobi-1pct/base-scaleflag2/logs/caso25f_base.log
caso26a.txt,base,OK,0,1.594303788,0.283669440294444,-350661782.44184196,-385107000.0,OPTIMAL,-351656502.75742126,1.0,8633.0,0.23,14400.0,10800.0,35590.0,10619.0,8516.0,28484.0,26.256944444444443,21.14814814814815,19.96628266366957,4,Model contains large bounds | Model contains large matrix coefficients | Model contains large rhs | max constraint violation (2.3342e-06) exceeds tolerance,0.002,2000000000.0,0.003,3000.0,5.0,5000000000.0,1.0,10000000000.0,,,,,,,,,0.0,1.594303788,1.0,1.0,1.0,0.0,0.0,0.0,,,0.0,,,,332467.921042,,,1.320187,,,,1.320187,1.0,0.284962191171355,,,,,,,,BASE,BASE,,,,,,2.14238300226514e-09,2.8421709430404e-14,6.14824239164594e-08,3.10596078634262e-07,6949960.68435168,20.117366038518,135235135.65412,846985521.78448,3.63797880709171e-12,0.0,2.33424361795187e-06,0.0,0.0,0.0,0.0,0.0,2.0,0.0,0.0,0.0,0.0,-350661782.441842,1204.98093077339,0.0,846985521.78448,0.0,0.0,0.0,387.0,0.0,878.0,0.0,0.0,0.0,0.0,-385107168.523191,,,,,,BASE,0.0,0,/clusteruy/home/mathiasr/generator-aware-row-scaling/results-revision/r1-internal-scaling/simple-gurobi-1pct/base-scaleflag2/resultados/caso26a_base.csv,/clusteruy/home/mathiasr/generator-aware-row-scaling/results-revision/r1-internal-scaling/simple-gurobi-1pct/base-scaleflag2/resultados/caso26a_base_postprocesado.csv,/clusteruy/home/mathiasr/generator-aware-row-scaling/results-revision/r1-internal-scaling/simple-gurobi-1pct/base-scaleflag2/logs/caso26a_base.log
caso26b.txt,base,OK,0,1.877332992,0.309389161957692,-359653853.2542231,-360411000.0,OPTIMAL,-360766583.2967549,1.0,9777.0,0.23,14400.0,10800.0,35590.0,10619.0,8516.0,28484.0,26.256944444444443,21.14814814814815,19.96628266366957,4,Model contains large bounds | Model contains large matrix coefficients | Model contains large rhs | max constraint violation (1.1438e-06) exceeds tolerance,0.002,2000000000.0,0.003,3000.0,5.0,5000000000.0,1.0,10000000000.0,,,,,,,,,0.0,1.877332992,1.0,1.0,1.0,0.0,0.0,0.0,,,0.0,,,,265506.454768,,,1.657683,,,,1.657683,1.0,0.258627449678859,,,,,,,,BASE,BASE,,,,,,4.07700072691506e-09,2.33740138355643e-10,1.15486145659816e-07,8.83388565853238e-07,252983.423000685,1.39801375532967,11503884.2144928,29374655.1910217,1.81898940354586e-12,0.0,1.14366412162781e-06,0.0,0.0,0.0,0.0,0.0,1.0,0.0,0.0,0.0,0.0,-359653853.254223,901.332637316074,0.0,29374655.1910217,0.0,0.0,0.0,596.0,0.0,963.0,0.0,0.0,0.0,0.0,-360411282.271516,,,,,,BASE,0.0,0,/clusteruy/home/mathiasr/generator-aware-row-scaling/results-revision/r1-internal-scaling/simple-gurobi-1pct/base-scaleflag2/resultados/caso26b_base.csv,/clusteruy/home/mathiasr/generator-aware-row-scaling/results-revision/r1-internal-scaling/simple-gurobi-1pct/base-scaleflag2/resultados/caso26b_base_postprocesado.csv,/clusteruy/home/mathiasr/generator-aware-row-scaling/results-revision/r1-internal-scaling/simple-gurobi-1pct/base-scaleflag2/logs/caso26b_base.log
caso26c.txt,base,OK,0,1.701411407,0.314882317654575,-354285477.68811595,-355487000.0,OPTIMAL,-355401060.0113739,1.0,9750.0,0.23,14400.0,10800.0,35590.0,10619.0,8516.0,28484.0,26.256944444444443,21.14814814814815,19.96628266366957,4,Model contains large bounds | Model contains large matrix coefficients | Model contains large rhs | max constraint violation (3.7057e-06) exceeds tolerance,0.002,2000000000.0,0.005,3000.0,5.0,5000000000.0,1.0,10000000000.0,,,,,,,,,0.0,1.701411407,1.0,1.0,1.0,0.0,0.0,0.0,,,0.0,,,,127969.622215,,,1.477274,,,,1.477274,1.0,0.266973666667931,,,,,,,,BASE,BASE,,,,,,5.78145950840012e-09,2.33740138355643e-10,1.34129077196122e-07,9.37841832637787e-07,759853.411768486,2.59990820779324,31809787.8767765,357298132.594029,2.8421709430404e-14,0.0,3.70573252439499e-06,0.0,0.0,0.0,0.0,0.0,5.0,0.0,0.0,0.0,0.0,-354285477.688116,1030.72821691436,0.0,357298132.594029,0.0,0.0,0.0,525.0,0.0,873.0,0.0,0.0,0.0,0.0,-355487446.124993,,,,,,BASE,0.0,0,/clusteruy/home/mathiasr/generator-aware-row-scaling/results-revision/r1-internal-scaling/simple-gurobi-1pct/base-scaleflag2/resultados/caso26c_base.csv,/clusteruy/home/mathiasr/generator-aware-row-scaling/results-revision/r1-internal-scaling/simple-gurobi-1pct/base-scaleflag2/resultados/caso26c_base_postprocesado.csv,/clusteruy/home/mathiasr/generator-aware-row-scaling/results-revision/r1-internal-scaling/simple-gurobi-1pct/base-scaleflag2/logs/caso26c_base.log
caso26d.txt,base,OK,0,1.732118541,0.482848389190592,-241329021.50185728,-245870000.0,OPTIMAL,-242494274.79482841,1.0,8866.0,0.23,14400.0,10800.0,35590.0,10719.0,8324.0,28621.0,25.5625,22.925925925925927,19.581343073897163,4,Markowitz tolerance tightened to 0.03125 | Model contains large bounds | Model contains large matrix coefficients | Model contains large rhs,0.002,2000000000.0,0.003,2000.0,5.0,5000000000.0,1.0,10000000000.0,,,,,,,,,0.0,1.732118541,1.0,1.0,1.0,0.0,0.0,0.0,,,0.0,,,,224859.991085,,,1.627476,,,,1.627476,1.0,0.273161575452515,,,,,,,,BASE,BASE,,,,,,2.32188784378336e-09,4.86277684785819e-14,7.45058059692383e-08,4.59142029285431e-07,3168101.22354947,6.53468493222471,86565199.8130639,827078911.739007,9.09494701772928e-13,0.0,6.05825334787369e-07,0.0,0.0,0.0,0.0,0.0,0.0,0.0,0.0,0.0,0.0,-241329021.501857,1007.31377870133,0.0,827078911.739007,0.0,0.0,0.0,191.0,0.0,1020.0,0.0,0.0,0.0,0.0,-245870419.51055,,,,,,BASE,0.0,0,/clusteruy/home/mathiasr/generator-aware-row-scaling/results-revision/r1-internal-scaling/simple-gurobi-1pct/base-scaleflag2/resultados/caso26d_base.csv,/clusteruy/home/mathiasr/generator-aware-row-scaling/results-revision/r1-internal-scaling/simple-gurobi-1pct/base-scaleflag2/resultados/caso26d_base_postprocesado.csv,/clusteruy/home/mathiasr/generator-aware-row-scaling/results-revision/r1-internal-scaling/simple-gurobi-1pct/base-scaleflag2/logs/caso26d_base.log
caso26e.txt,base,OK,0,1.785259543,0.467901613853738,-250767104.02773502,-251642000.0,OPTIMAL,-251940447.35449508,1.0,10002.0,0.23,14400.0,10800.0,35590.0,10719.0,8324.0,28621.0,25.5625,22.925925925925927,19.581343073897163,3,Model contains large bounds | Model contains large matrix coefficients | Model contains large rhs,0.002,2000000000.0,0.003,2000.0,5.0,5000000000.0,1.0,10000000000.0,,,,,,,,,0.0,1.785259543,1.0,1.0,1.0,0.0,0.0,0.0,,,0.0,,,,296374.313824,,,1.746785,,,,1.746785,1.0,0.275836108870563,,,,,,,,BASE,BASE,,,,,,2.88438553686704e-09,1.13686837721616e-13,9.12696123123169e-08,6.65051629766822e-07,279114.729502039,2.80456998218165,13451702.4242274,33562312.3367876,9.09494701772928e-13,0.0,6.65051629766822e-07,0.0,0.0,0.0,0.0,0.0,0.0,0.0,0.0,0.0,0.0,-250767104.027735,648.703172386085,0.0,33562312.3367876,0.0,0.0,0.0,737.0,0.0,1016.0,0.0,0.0,0.0,0.0,-251641974.985432,,,,,,BASE,0.0,0,/clusteruy/home/mathiasr/generator-aware-row-scaling/results-revision/r1-internal-scaling/simple-gurobi-1pct/base-scaleflag2/resultados/caso26e_base.csv,/clusteruy/home/mathiasr/generator-aware-row-scaling/results-revision/r1-internal-scaling/simple-gurobi-1pct/base-scaleflag2/resultados/caso26e_base_postprocesado.csv,/clusteruy/home/mathiasr/generator-aware-row-scaling/results-revision/r1-internal-scaling/simple-gurobi-1pct/base-scaleflag2/logs/caso26e_base.log
caso26f.txt,base,OK,0,1.603098384,0.499615181719652,-245413724.12986693,-246399000.0,OPTIMAL,-246639848.35364333,1.0,8727.0,0.23,14400.0,10800.0,35590.0,10719.0,8324.0,28621.0,25.5625,22.925925925925927,19.581343073897163,4,Model contains large bounds | Model contains large matrix coefficients | Model contains large rhs | max constraint violation (3.9749e-06) exceeds tolerance,0.002,2000000000.0,0.005,2000.0,5.0,5000000000.0,1.0,10000000000.0,,,,,,,,,0.0,1.603098384,1.0,1.0,1.0,0.0,0.0,0.0,,,0.0,,,,150758.491653,,,1.464599,,,,1.464599,1.0,0.300207391570269,,,,,,,,BASE,BASE,,,,,,2.80885208272399e-09,9.09494701772928e-13,6.9157686084509e-08,4.59142029285431e-07,620684.732780732,3.27631760721434,27414465.5468267,323307739.2142,9.09494701772928e-13,0.0,3.97488474845886e-06,0.0,0.0,0.0,0.0,0.0,2.0,0.0,0.0,0.0,0.0,-245413724.129867,977.244710680403,0.0,323307739.2142,0.0,0.0,0.0,395.0,0.0,1019.0,0.0,0.0,0.0,0.0,-246398921.492227,,,,,,BASE,0.0,0,/clusteruy/home/mathiasr/generator-aware-row-scaling/results-revision/r1-internal-scaling/simple-gurobi-1pct/base-scaleflag2/resultados/caso26f_base.csv,/clusteruy/home/mathiasr/generator-aware-row-scaling/results-revision/r1-internal-scaling/simple-gurobi-1pct/base-scaleflag2/resultados/caso26f_base_postprocesado.csv,/clusteruy/home/mathiasr/generator-aware-row-scaling/results-revision/r1-internal-scaling/simple-gurobi-1pct/base-scaleflag2/logs/caso26f_base.log
caso27a.txt,base,OK,0,1.481625947,0.008278325035672,-169212540.10279554,-240127000.0,OPTIMAL,-169226548.06686637,1.0,6525.0,0.23,14400.0,10800.0,35590.0,10307.0,8797.0,27419.0,28.42361111111111,18.546296296296298,22.958696262995222,3,Model contains large bounds | Model contains large matrix coefficients | Model contains large rhs,0.002,2000000000.0,0.003,3000.0,5.0,5000000000.0,1.0,10000000000.0,,,,,,,,,0.0,1.481625947,1.0,1.0,1.0,0.0,0.0,0.0,,,0.0,,,,65005.295829,,,1.240908,,,,1.240908,1.0,0.314859637281311,,,,,,,,BASE,BASE,,,,,,3.00537719032737e-09,1.4210854715202e-14,9.03382897377014e-08,2.88709998130798e-07,6820486.95453331,7.80799562906704,139436497.401943,793436290.832137,4.54747350886464e-13,0.0,9.10833477973938e-07,0.0,0.0,0.0,0.0,0.0,0.0,0.0,0.0,0.0,0.0,-169212540.102796,655.445495625347,0.0,793436290.832137,0.0,0.0,0.0,686.0,0.0,817.0,0.0,0.0,0.0,0.0,-240127303.418302,,,,,,BASE,0.0,0,/clusteruy/home/mathiasr/generator-aware-row-scaling/results-revision/r1-internal-scaling/simple-gurobi-1pct/base-scaleflag2/resultados/caso27a_base.csv,/clusteruy/home/mathiasr/generator-aware-row-scaling/results-revision/r1-internal-scaling/simple-gurobi-1pct/base-scaleflag2/resultados/caso27a_base_postprocesado.csv,/clusteruy/home/mathiasr/generator-aware-row-scaling/results-revision/r1-internal-scaling/simple-gurobi-1pct/base-scaleflag2/logs/caso27a_base.log
caso27b.txt,base,OK,0,1.77765033,0.010741790474583,-177670093.3407692,-177721000.0,OPTIMAL,-177689178.28993186,1.0,10015.0,0.23,14400.0,10800.0,35590.0,10307.0,8797.0,27419.0,28.42361111111111,18.546296296296298,22.958696262995222,3,Model contains large bounds | Model contains large matrix coefficients | Model contains large rhs,0.002,2000000000.0,0.003,3000.0,5.0,5000000000.0,1.0,10000000000.0,,,,,,,,,0.0,1.77765033,1.0,1.0,1.0,0.0,0.0,0.0,,,0.0,,,,63554.055407,,,1.73286,,,,1.73286,1.0,0.290332560503077,,,,,,,,BASE,BASE,,,,,,5.65327580892792e-09,3.72529029846191e-09,1.89528800547123e-07,2.42143869400024e-07,127433.280847481,1.08921955607754,4342774.23440267,18150428.9094368,1.81898940354586e-12,0.0,5.96046447753906e-07,0.0,0.0,0.0,0.0,0.0,0.0,0.0,0.0,0.0,0.0,-177670093.340769,1199.15184230832,0.0,18150428.9094368,0.0,0.0,0.0,946.0,0.0,835.0,0.0,0.0,0.0,0.0,-177721394.846413,,,,,,BASE,0.0,0,/clusteruy/home/mathiasr/generator-aware-row-scaling/results-revision/r1-internal-scaling/simple-gurobi-1pct/base-scaleflag2/resultados/caso27b_base.csv,/clusteruy/home/mathiasr/generator-aware-row-scaling/results-revision/r1-internal-scaling/simple-gurobi-1pct/base-scaleflag2/resultados/caso27b_base_postprocesado.csv,/clusteruy/home/mathiasr/generator-aware-row-scaling/results-revision/r1-internal-scaling/simple-gurobi-1pct/base-scaleflag2/logs/caso27b_base.log
caso27c.txt,base,OK,0,1.696423078,0.011923826012395,-172505861.75384098,-172503000.0,OPTIMAL,-172526431.0526577,1.0,9037.0,0.23,14400.0,10800.0,35590.0,10307.0,8797.0,27419.0,28.42361111111111,18.546296296296298,22.958696262995222,3,Model contains large bounds | Model contains large matrix coefficients | Model contains large rhs,0.002,2000000000.0,0.005,3000.0,5.0,5000000000.0,1.0,10000000000.0,,,,,,,,,0.0,1.696423078,1.0,1.0,1.0,0.0,0.0,0.0,,,0.0,,,,64272.296776,,,1.635237,,,,1.635237,1.0,0.288293201145212,,,,,,,,BASE,BASE,,,,,,6.05467241782467e-09,5.58793544769287e-09,1.93732557818294e-07,2.88709998130798e-07,244608.817553055,0.948094847126974,6217374.56518966,154118426.394812,4.54747350886464e-13,0.0,7.08620063960552e-07,0.0,0.0,0.0,0.0,0.0,0.0,0.0,0.0,0.0,0.0,-172505861.753841,1063.15712201018,0.0,154118426.394812,0.0,0.0,0.0,746.0,0.0,799.0,0.0,0.0,0.0,0.0,-172503074.310549,,,,,,BASE,0.0,0,/clusteruy/home/mathiasr/generator-aware-row-scaling/results-revision/r1-internal-scaling/simple-gurobi-1pct/base-scaleflag2/resultados/caso27c_base.csv,/clusteruy/home/mathiasr/generator-aware-row-scaling/results-revision/r1-internal-scaling/simple-gurobi-1pct/base-scaleflag2/resultados/caso27c_base_postprocesado.csv,/clusteruy/home/mathiasr/generator-aware-row-scaling/results-revision/r1-internal-scaling/simple-gurobi-1pct/base-scaleflag2/logs/caso27c_base.log
caso27d.txt,base,OK,0,24.015905168,0.670863627181894,-151331217.95382386,-185955000.0,OPTIMAL,-152346444.05164742,7972.0,302703.0,0.23,14400.0,10800.0,35590.0,10692.0,8693.0,28157.0,25.75,19.50925925925926,20.885080078673784,3,Model contains large bounds | Model contains large matrix coefficients | Model contains large rhs,0.002,2000000000.0,0.003,2000.0,5.0,5000000000.0,1.0,10000000000.0,,,,,,,,,0.0,24.015905168,1.0,1.0,1.0,0.0,0.0,0.0,,,0.0,,,,101156.117137,,,27.01162,,0.044828,2.924339,27.01162,1.0,0.050726090377338,,,,,,,,BASE,BASE,,,,,,1.28351191203665e-09,1.4210854715202e-14,4.09828498959542e-08,2.70083546638489e-07,8566988.8793878,44.9808243357247,712892151.801481,819608067.059932,7.27595761418343e-12,0.0,3.57627868652344e-07,0.0,0.0,0.0,0.0,0.0,0.0,0.0,0.0,0.0,0.0,-151331217.953824,607.751956442626,0.0,819608067.059932,0.0,0.0,0.0,312.0,0.0,872.0,0.0,0.0,0.0,0.0,-185954801.296911,,,,,,BASE,0.0,0,/clusteruy/home/mathiasr/generator-aware-row-scaling/results-revision/r1-internal-scaling/simple-gurobi-1pct/base-scaleflag2/resultados/caso27d_base.csv,/clusteruy/home/mathiasr/generator-aware-row-scaling/results-revision/r1-internal-scaling/simple-gurobi-1pct/base-scaleflag2/resultados/caso27d_base_postprocesado.csv,/clusteruy/home/mathiasr/generator-aware-row-scaling/results-revision/r1-internal-scaling/simple-gurobi-1pct/base-scaleflag2/logs/caso27d_base.log
caso27e.txt,base,OK,0,40.817331092,0.838029118231007,-158936126.80846524,-158798000.0,OPTIMAL,-160268057.83050874,8360.0,359632.0,0.23,14400.0,10800.0,35590.0,10692.0,8693.0,28157.0,25.75,19.50925925925926,20.885080078673784,3,Model contains large bounds | Model contains large matrix coefficients | Model contains large rhs,0.002,2000000000.0,0.003,2000.0,5.0,5000000000.0,1.0,10000000000.0,,,,,,,,,0.0,40.817331092,1.0,1.0,1.0,0.0,0.0,0.0,,,0.0,,,,395982.908979,,,45.435236,,0.042864,3.709809,45.435236,1.0,0.0472920257273,,,,,,,,BASE,BASE,,,,,,3.19361893315191e-09,3.72529029846191e-09,9.63988713920118e-08,1.78813934326172e-07,133474.328317969,0.769623418204051,4925861.60873907,20227322.6675756,1.97685494640609e-08,0.0,5.5145937949419e-07,0.0,0.0,0.0,0.0,0.0,0.0,0.0,0.0,0.0,0.0,-158936126.808465,850.035135490827,0.0,20227322.6675756,0.0,0.0,0.0,215.0,0.0,876.0,0.0,0.0,0.0,0.0,-158798460.865867,,,,,,BASE,0.0,0,/clusteruy/home/mathiasr/generator-aware-row-scaling/results-revision/r1-internal-scaling/simple-gurobi-1pct/base-scaleflag2/resultados/caso27e_base.csv,/clusteruy/home/mathiasr/generator-aware-row-scaling/results-revision/r1-internal-scaling/simple-gurobi-1pct/base-scaleflag2/resultados/caso27e_base_postprocesado.csv,/clusteruy/home/mathiasr/generator-aware-row-scaling/results-revision/r1-internal-scaling/simple-gurobi-1pct/base-scaleflag2/logs/caso27e_base.log
caso27f.txt,base,OK,0,38.52752091,0.803210610927839,-153968676.18789285,-153469000.0,OPTIMAL,-155205368.93253914,7435.0,431726.0,0.23,14400.0,10800.0,35590.0,10692.0,8693.0,28157.0,25.75,19.50925925925926,20.885080078673784,4,Model contains large bounds | Model contains large matrix coefficients | Model contains large rhs | max constraint violation (4.3629e-05) exceeds tolerance,0.002,2000000000.0,0.005,2000.0,5.0,5000000000.0,1.0,10000000000.0,,,,,,,,,0.0,38.52752091,1.0,1.0,1.0,0.0,0.0,0.0,,,0.0,,,,169172.532478,,,41.999026,,0.043375,3.950589,41.999026,1.0,0.049595002289852,,,,,,,,BASE,BASE,,,,,,6.29769493682955e-09,3.72529029846191e-09,1.06985680758953e-07,4.36286765448379e-05,191558.509945329,0.996421996727211,7972341.58922595,34179324.3237337,6.13545125816017e-09,0.0,4.36286765448379e-05,0.0,0.0,0.0,0.0,0.0,1.0,0.0,0.0,0.0,0.0,-153968676.187893,644.271580731103,0.0,34179324.3237337,0.0,0.0,0.0,124.0,0.0,864.0,0.0,0.0,0.0,0.0,-153469316.491039,,,,,,BASE,0.0,0,/clusteruy/home/mathiasr/generator-aware-row-scaling/results-revision/r1-internal-scaling/simple-gurobi-1pct/base-scaleflag2/resultados/caso27f_base.csv,/clusteruy/home/mathiasr/generator-aware-row-scaling/results-revision/r1-internal-scaling/simple-gurobi-1pct/base-scaleflag2/resultados/caso27f_base_postprocesado.csv,/clusteruy/home/mathiasr/generator-aware-row-scaling/results-revision/r1-internal-scaling/simple-gurobi-1pct/base-scaleflag2/logs/caso27f_base.log
caso28a.txt,base,OK,0,1.354899825,0.000343985801899,-62653789.00368681,-108436000.0,OPTIMAL,-62654004.52382533,1.0,5167.0,0.25,14400.0,10800.0,35590.0,9777.0,8639.0,26797.0,32.104166666666664,20.00925925925926,24.706378196122508,4,Model contains large bounds | Model contains large matrix coefficients | Model contains large rhs | max constraint violation (1.0466e-06) exceeds tolerance,0.002,2000000000.0,0.003,3000.0,5.0,5000000000.0,1.0,10000000000.0,,,,,,,,,0.0,1.354899825,1.0,1.0,1.0,0.0,0.0,0.0,,,0.0,,,,27527.180348,,,1.205508,,,,1.205508,1.0,0.401929044981284,,,,,,,,BASE,BASE,,,,,,4.44051709853542e-09,1.33226762955019e-15,1.56108580995352e-07,1.04657374322414e-06,4998016.06106803,1.91192474290032,20109552.7449941,771863541.394302,7.105427357601e-15,0.0,1.04657374322414e-06,0.0,0.0,0.0,0.0,0.0,1.0,0.0,0.0,0.0,0.0,-62653789.0036868,193.672535514585,0.0,771863541.394302,0.0,0.0,0.0,645.0,0.0,719.0,0.0,0.0,0.0,0.0,-108436339.038233,,,,,,BASE,0.0,0,/clusteruy/home/mathiasr/generator-aware-row-scaling/results-revision/r1-internal-scaling/simple-gurobi-1pct/base-scaleflag2/resultados/caso28a_base.csv,/clusteruy/home/mathiasr/generator-aware-row-scaling/results-revision/r1-internal-scaling/simple-gurobi-1pct/base-scaleflag2/resultados/caso28a_base_postprocesado.csv,/clusteruy/home/mathiasr/generator-aware-row-scaling/results-revision/r1-internal-scaling/simple-gurobi-1pct/base-scaleflag2/logs/caso28a_base.log
caso28b.txt,base,OK,0,1.512658915,0.00594895758284,-71176867.83815354,-71565900.0,OPTIMAL,-71181102.11983003,1.0,8057.0,0.24,14400.0,10800.0,35590.0,9777.0,8639.0,26797.0,32.104166666666664,20.00925925925926,24.706378196122508,4,Model contains large bounds | Model contains large matrix coefficients | Model contains large rhs | max constraint violation (1.2400e-06) exceeds tolerance,0.002,2000000000.0,0.003,3000.0,5.0,5000000000.0,1.0,10000000000.0,,,,,,,,,0.0,1.512658915,1.0,1.0,1.0,0.0,0.0,0.0,,,0.0,,,,78207.703007,,,1.46127,,,,1.46127,1.0,0.459309690070702,,,,,,,,BASE,BASE,,,,,,7.76765051301717e-09,7.45058059692383e-09,2.70354648819194e-07,1.23998324852437e-06,115620.56919374,0.696263562499368,2144109.4682253,17404617.2327536,1.46387745947883e-07,0.0,1.23998324852437e-06,4.3703128390842e-09,0.0,0.0,0.0,0.0,2.0,0.0,0.0,0.0,0.0,-71176867.8381535,101.492704653754,0.0,17404617.2327536,4.3703128390842e-09,0.0,0.0,1001.0,0.0,726.0,0.0,0.0,0.0,0.0,-71565876.0318692,,,,,,BASE,0.0,0,/clusteruy/home/mathiasr/generator-aware-row-scaling/results-revision/r1-internal-scaling/simple-gurobi-1pct/base-scaleflag2/resultados/caso28b_base.csv,/clusteruy/home/mathiasr/generator-aware-row-scaling/results-revision/r1-internal-scaling/simple-gurobi-1pct/base-scaleflag2/resultados/caso28b_base_postprocesado.csv,/clusteruy/home/mathiasr/generator-aware-row-scaling/results-revision/r1-internal-scaling/simple-gurobi-1pct/base-scaleflag2/logs/caso28b_base.log
caso28c.txt,base,OK,0,1.896606691,0.000438746101818,-66165262.43020433,-66867100.0,OPTIMAL,-66165552.727714,1.0,8467.0,0.25,14400.0,10800.0,35590.0,9777.0,8639.0,26797.0,32.104166666666664,20.00925925925926,24.706378196122508,4,Model contains large bounds | Model contains large matrix coefficients | Model contains large rhs | max constraint violation (1.0725e-06) exceeds tolerance,0.002,2000000000.0,0.005,3000.0,5.0,5000000000.0,1.0,10000000000.0,,,,,,,,,0.0,1.896606691,1.0,1.0,1.0,0.0,0.0,0.0,,,0.0,,,,1074399524572233.1,,,1.904745,,,,1.904745,1.0,0.389000410342667,,,,,,,,BASE,BASE,,,,,,7.023092858544e-09,3.72529029846191e-09,2.74043995887041e-07,1.07253435999155e-06,145426.873364511,0.301081524750004,2288412.24814013,237261177.149207,7.15255737304688e-07,0.0,1.07253435999155e-06,0.0,0.0,0.0,0.0,0.0,3.0,0.0,0.0,0.0,0.0,-66165262.4302043,71.8101158402652,0.0,237261177.149207,0.0,0.0,0.0,857.0,0.0,671.0,0.0,0.0,0.0,0.0,-66867108.6313977,,,,,,BASE,0.0,0,/clusteruy/home/mathiasr/generator-aware-row-scaling/results-revision/r1-internal-scaling/simple-gurobi-1pct/base-scaleflag2/resultados/caso28c_base.csv,/clusteruy/home/mathiasr/generator-aware-row-scaling/results-revision/r1-internal-scaling/simple-gurobi-1pct/base-scaleflag2/resultados/caso28c_base_postprocesado.csv,/clusteruy/home/mathiasr/generator-aware-row-scaling/results-revision/r1-internal-scaling/simple-gurobi-1pct/base-scaleflag2/logs/caso28c_base.log
caso28d.txt,base,OK,0,1.661360285,0.002637858860617,-81771740.48732784,-90551900.0,OPTIMAL,-81773897.51042977,1.0,8789.0,0.24,14400.0,10800.0,35590.0,10414.0,8639.0,28073.0,27.680555555555557,20.00925925925926,21.121101432986794,4,Model contains large bounds | Model contains large matrix coefficients | Model contains large rhs | max constraint violation (1.0019e-06) exceeds tolerance,0.002,2000000000.0,0.003,2000.0,5.0,5000000000.0,1.0,10000000000.0,,,,,,,,,0.0,1.661360285,1.0,1.0,1.0,0.0,0.0,0.0,,,0.0,,,,22260.245753,,,1.557244,,,,1.557244,1.0,0.31083238481591,,,,,,,,BASE,BASE,,,,,,6.11226422383276e-09,7.45058059692383e-09,2.11767619475722e-07,1.0018702596426e-06,2925831.33602456,0.405116176129487,17583117.2403721,747147315.823355,4.39785985406616e-11,0.0,1.0018702596426e-06,0.0,0.0,0.0,0.0,0.0,1.0,0.0,0.0,0.0,0.0,-81771740.4873278,137.195298532149,0.0,747147315.823355,0.0,0.0,0.0,486.0,0.0,735.0,0.0,0.0,0.0,0.0,-90551881.765919,,,,,,BASE,0.0,0,/clusteruy/home/mathiasr/generator-aware-row-scaling/results-revision/r1-internal-scaling/simple-gurobi-1pct/base-scaleflag2/resultados/caso28d_base.csv,/clusteruy/home/mathiasr/generator-aware-row-scaling/results-revision/r1-internal-scaling/simple-gurobi-1pct/base-scaleflag2/resultados/caso28d_base_postprocesado.csv,/clusteruy/home/mathiasr/generator-aware-row-scaling/results-revision/r1-internal-scaling/simple-gurobi-1pct/base-scaleflag2/logs/caso28d_base.log
caso28e.txt,base,OK,0,1.763549485,0.014078180522183,-89502243.00293756,-89110900.0,OPTIMAL,-89514843.29027891,1.0,9301.0,0.25,14400.0,10800.0,35590.0,10414.0,8639.0,28073.0,27.680555555555557,20.00925925925926,21.121101432986794,4,Model contains large bounds | Model contains large matrix coefficients | Model contains large rhs | max constraint violation (1.2572e-06) exceeds tolerance,0.002,2000000000.0,0.003,2000.0,5.0,5000000000.0,1.0,10000000000.0,,,,,,,,,0.0,1.763549485,1.0,1.0,1.0,0.0,0.0,0.0,,,0.0,,,,181150.29791,,,1.75491,,,,1.75491,1.0,0.384410551113448,,,,,,,,BASE,BASE,,,,,,8.49473124118173e-09,2.60770320892334e-08,2.80097592622042e-07,1.25716906040907e-06,259212.029425376,0.346202825175532,9080139.8430761,46860661.494117,8.8710682576838e-08,0.0,1.25716906040907e-06,2.64840087890625e-09,0.0,0.0,0.0,0.0,1.0,0.0,0.0,0.0,0.0,-89502243.0029376,732.891213803348,0.0,46860661.494117,2.64840087890625e-09,0.0,0.0,563.0,0.0,761.0,0.0,0.0,0.0,0.0,-89110894.426103,,,,,,BASE,0.0,0,/clusteruy/home/mathiasr/generator-aware-row-scaling/results-revision/r1-internal-scaling/simple-gurobi-1pct/base-scaleflag2/resultados/caso28e_base.csv,/clusteruy/home/mathiasr/generator-aware-row-scaling/results-revision/r1-internal-scaling/simple-gurobi-1pct/base-scaleflag2/resultados/caso28e_base_postprocesado.csv,/clusteruy/home/mathiasr/generator-aware-row-scaling/results-revision/r1-internal-scaling/simple-gurobi-1pct/base-scaleflag2/logs/caso28e_base.log
caso28f.txt,base,OK,0,1.813260989,0.003811560958422,-85249437.2007826,-84730500.0,OPTIMAL,-85252686.53504822,1.0,8589.0,0.24,14400.0,10800.0,35590.0,10414.0,8639.0,28073.0,27.680555555555557,20.00925925925926,21.121101432986794,4,Model contains large bounds | Model contains large matrix coefficients | Model contains large rhs | max constraint violation (1.0022e-06) exceeds tolerance,0.002,2000000000.0,0.005,2000.0,5.0,5000000000.0,1.0,10000000000.0,,,,,,,,,0.0,1.813260989,1.0,1.0,1.0,0.0,0.0,0.0,,,0.0,,,,50366.473444,,,1.916763,,,,1.916763,1.0,0.339919401424561,,,,,,,,BASE,BASE,,,,,,7.24519034594411e-09,1.12049747258421e-08,2.6057823561132e-07,1.00221950560808e-06,371279.188218915,0.214266991990681,10402273.7096021,323350360.590815,3.89377419196535e-12,0.0,1.00221950560808e-06,0.0,0.0,0.0,0.0,0.0,1.0,0.0,0.0,0.0,0.0,-85249437.2007826,31.4861856021884,0.0,323350360.590815,0.0,0.0,0.0,442.0,0.0,728.0,0.0,0.0,0.0,0.0,-84730472.7951706,,,,,,BASE,0.0,0,/clusteruy/home/mathiasr/generator-aware-row-scaling/results-revision/r1-internal-scaling/simple-gurobi-1pct/base-scaleflag2/resultados/caso28f_base.csv,/clusteruy/home/mathiasr/generator-aware-row-scaling/results-revision/r1-internal-scaling/simple-gurobi-1pct/base-scaleflag2/resultados/caso28f_base_postprocesado.csv,/clusteruy/home/mathiasr/generator-aware-row-scaling/results-revision/r1-internal-scaling/simple-gurobi-1pct/base-scaleflag2/logs/caso28f_base.log
caso29a.txt,base,OK,0,1.214306235,0.933042778152705,-264139789.01958683,-263163000.0,OPTIMAL,-266604326.24526188,1.0,0.0,0.25,14400.0,10800.0,35590.0,10592.0,8571.0,28581.0,26.444444444444443,20.63888888888889,19.693734194998594,4,Model contains large bounds | Model contains large matrix coefficients | Model contains large rhs | max constraint violation (1.1921e-06) exceeds tolerance,0.002,2000000000.0,0.003,3000.0,5.0,5000000000.0,1.0,10000000000.0,,,,,,,,,0.0,1.214306235,1.0,1.0,1.0,0.0,0.0,0.0,,,0.0,,,,369877.371493,,,0.948999,,,,0.948999,1.0,0.389844379549225,,,,,,,,BASE,BASE,,,,,,5.82893627216528e-09,7.10133463144133e-10,1.93263404071331e-07,9.93488356471062e-07,915616.957740968,1.03385026560761,30923123.0590611,315695400.136077,9.09494701772928e-12,0.0,1.19209289550781e-06,0.0,0.0,0.0,0.0,0.0,1.0,0.0,0.0,0.0,0.0,-264139789.019587,2395.28209014216,0.0,315695400.136077,0.0,0.0,0.0,460.0,0.0,896.0,0.0,0.0,0.0,0.0,-263162808.708462,,,,,,BASE,0.0,0,/clusteruy/home/mathiasr/generator-aware-row-scaling/results-revision/r1-internal-scaling/simple-gurobi-1pct/base-scaleflag2/resultados/caso29a_base.csv,/clusteruy/home/mathiasr/generator-aware-row-scaling/results-revision/r1-internal-scaling/simple-gurobi-1pct/base-scaleflag2/resultados/caso29a_base_postprocesado.csv,/clusteruy/home/mathiasr/generator-aware-row-scaling/results-revision/r1-internal-scaling/simple-gurobi-1pct/base-scaleflag2/logs/caso29a_base.log
caso29b.txt,base,OK,0,2.057627834,0.015976372008121,-270632504.21109855,-268865000.0,OPTIMAL,-270675741.4667462,1.0,11121.0,0.25,14400.0,10800.0,35590.0,10592.0,8571.0,28581.0,26.444444444444443,20.63888888888889,19.693734194998594,4,Model contains large bounds | Model contains large matrix coefficients | Model contains large rhs | max constraint violation (1.0768e-06) exceeds tolerance,0.002,2000000000.0,0.003,3000.0,5.0,5000000000.0,1.0,10000000000.0,,,,,,,,,0.0,2.057627834,1.0,1.0,1.0,0.0,0.0,0.0,,,0.0,,,,155267.563575,,,1.937464,,,,1.937464,1.0,0.244151095028557,,,,,,,,BASE,BASE,,,,,,6.20956243448578e-09,7.45058059692383e-09,1.88143458217383e-07,1.07684172689915e-06,488653.238185299,1.07824736387232,23032297.7355313,54991833.4365253,7.27595761418343e-12,0.0,1.07684172689915e-06,0.0,0.0,0.0,0.0,0.0,1.0,0.0,0.0,0.0,0.0,-270632504.211099,3315.26932891649,0.0,54991833.4365253,0.0,0.0,0.0,521.0,0.0,906.0,0.0,0.0,0.0,0.0,-268864553.46621,,,,,,BASE,0.0,0,/clusteruy/home/mathiasr/generator-aware-row-scaling/results-revision/r1-internal-scaling/simple-gurobi-1pct/base-scaleflag2/resultados/caso29b_base.csv,/clusteruy/home/mathiasr/generator-aware-row-scaling/results-revision/r1-internal-scaling/simple-gurobi-1pct/base-scaleflag2/resultados/caso29b_base_postprocesado.csv,/clusteruy/home/mathiasr/generator-aware-row-scaling/results-revision/r1-internal-scaling/simple-gurobi-1pct/base-scaleflag2/logs/caso29b_base.log
caso29c.txt,base,OK,0,2.192963752,0.011887001745029,-267260214.1145025,-266469000.0,OPTIMAL,-267291983.34081805,1.0,10813.0,0.25,14400.0,10800.0,35590.0,10592.0,8571.0,28581.0,26.444444444444443,20.63888888888889,19.693734194998594,4,Model contains large bounds | Model contains large matrix coefficients | Model contains large rhs | max constraint violation (4.5663e-06) exceeds tolerance,0.002,2000000000.0,0.005,3000.0,5.0,5000000000.0,1.0,10000000000.0,,,,,,,,,0.0,2.192963752,1.0,1.0,1.0,0.0,0.0,0.0,,,0.0,,,,384544.458595,,,2.104618,,,,2.104618,1.0,0.224904678397626,,,,,,,,BASE,BASE,,,,,,7.00601322319182e-09,1.85573298949748e-09,1.9674887880683e-07,9.93488356471062e-07,911378.478761784,1.03385026560761,30837158.2033078,315695400.136077,3.63797880709171e-12,0.0,4.56627458333969e-06,0.0,0.0,0.0,0.0,0.0,6.0,0.0,0.0,0.0,0.0,-267260214.114502,2880.68076253896,0.0,315695400.136077,0.0,0.0,0.0,461.0,0.0,899.0,0.0,0.0,0.0,0.0,-266469136.158073,,,,,,BASE,0.0,0,/clusteruy/home/mathiasr/generator-aware-row-scaling/results-revision/r1-internal-scaling/simple-gurobi-1pct/base-scaleflag2/resultados/caso29c_base.csv,/clusteruy/home/mathiasr/generator-aware-row-scaling/results-revision/r1-internal-scaling/simple-gurobi-1pct/base-scaleflag2/resultados/caso29c_base_postprocesado.csv,/clusteruy/home/mathiasr/generator-aware-row-scaling/results-revision/r1-internal-scaling/simple-gurobi-1pct/base-scaleflag2/logs/caso29c_base.log
caso29d.txt,base,OK,0,1.966939158,0.274611532204384,-222217326.3464444,-221816000.0,OPTIMAL,-222827560.751148,1.0,8914.0,0.26,14400.0,10800.0,35590.0,10724.0,8463.0,28812.0,25.52777777777778,21.63888888888889,19.04467547063782,4,Model contains large bounds | Model contains large matrix coefficients | Model contains large rhs | max constraint violation (5.2750e-06) exceeds tolerance,0.002,2000000000.0,0.003,2000.0,5.0,5000000000.0,1.0,10000000000.0,,,,,,,,,0.0,1.966939158,1.0,1.0,1.0,0.0,0.0,0.0,,,0.0,,,,19759.325039,,,1.765461,,,,1.765461,1.0,0.259510518345562,,,,,,,,BASE,BASE,,,,,,3.01025349885776e-09,9.09494701772928e-13,8.19610431790353e-08,5.63217326998711e-07,1490491.9968014,5.48824819669552,59288777.7717999,715022907.150525,1.1468159755168e-11,0.0,5.27501106262207e-06,0.0,0.0,0.0,0.0,0.0,2.0,0.0,0.0,0.0,0.0,-222217326.346444,1835.65021320659,0.0,715022907.150525,0.0,0.0,0.0,294.0,0.0,1020.0,0.0,0.0,0.0,0.0,-221815792.724908,,,,,,BASE,0.0,0,/clusteruy/home/mathiasr/generator-aware-row-scaling/results-revision/r1-internal-scaling/simple-gurobi-1pct/base-scaleflag2/resultados/caso29d_base.csv,/clusteruy/home/mathiasr/generator-aware-row-scaling/results-revision/r1-internal-scaling/simple-gurobi-1pct/base-scaleflag2/resultados/caso29d_base_postprocesado.csv,/clusteruy/home/mathiasr/generator-aware-row-scaling/results-revision/r1-internal-scaling/simple-gurobi-1pct/base-scaleflag2/logs/caso29d_base.log
caso29e.txt,base,OK,0,2.306448056,0.244883808965727,-228097746.99740535,-228049000.0,OPTIMAL,-228656321.4484176,1.0,11014.0,0.25,14400.0,10800.0,35590.0,10724.0,8463.0,28812.0,25.52777777777778,21.63888888888889,19.04467547063782,4,Model contains large bounds | Model contains large matrix coefficients | Model contains large rhs | max constraint violation (1.4305e-06) exceeds tolerance,0.002,2000000000.0,0.003,2000.0,5.0,5000000000.0,1.0,10000000000.0,,,,,,,,,0.0,2.306448056,1.0,1.0,1.0,0.0,0.0,0.0,,,0.0,,,,206331.56661,,,2.079885,,,,2.079885,1.0,0.268730288226832,,,,,,,,BASE,BASE,,,,,,2.9106564209093e-09,9.09494701772928e-13,9.26712527871133e-08,5.63217326998711e-07,380583.609047884,3.23658335217122,17426758.9445131,65182954.8356169,7.27595761418343e-12,0.0,1.43051147460938e-06,0.0,0.0,0.0,0.0,0.0,1.0,0.0,0.0,0.0,0.0,-228097746.997405,1537.99668432778,0.0,65182954.8356169,0.0,0.0,0.0,739.0,0.0,1031.0,0.0,0.0,0.0,0.0,-228049189.5713,,,,,,BASE,0.0,0,/clusteruy/home/mathiasr/generator-aware-row-scaling/results-revision/r1-internal-scaling/simple-gurobi-1pct/base-scaleflag2/resultados/caso29e_base.csv,/clusteruy/home/mathiasr/generator-aware-row-scaling/results-revision/r1-internal-scaling/simple-gurobi-1pct/base-scaleflag2/resultados/caso29e_base_postprocesado.csv,/clusteruy/home/mathiasr/generator-aware-row-scaling/results-revision/r1-internal-scaling/simple-gurobi-1pct/base-scaleflag2/logs/caso29e_base.log
caso29f.txt,base,OK,0,1.983034443,0.284722752099488,-224640663.45569935,-224774000.0,OPTIMAL,-225280266.53502497,1.0,9702.0,0.25,14400.0,10800.0,35590.0,10724.0,8463.0,28812.0,25.52777777777778,21.63888888888889,19.04467547063782,4,Model contains large bounds | Model contains large matrix coefficients | Model contains large rhs | max constraint violation (1.4305e-06) exceeds tolerance,0.002,2000000000.0,0.005,2000.0,5.0,5000000000.0,1.0,10000000000.0,,,,,,,,,0.0,1.983034443,1.0,1.0,1.0,0.0,0.0,0.0,,,0.0,,,,25368.400429,,,1.718809,,,,1.718809,1.0,0.276523791629614,,,,,,,,BASE,BASE,,,,,,4.38437591809799e-09,9.09494701772928e-13,1.55996531248093e-07,7.35744833946228e-07,814917.679453321,3.87370245628639,33827517.4424598,323258703.017232,7.27595761418343e-12,0.0,1.43051147460938e-06,0.0,0.0,0.0,0.0,0.0,1.0,0.0,0.0,0.0,0.0,-224640663.455699,1997.44977067219,0.0,323258703.017232,0.0,0.0,0.0,511.0,0.0,1019.0,0.0,0.0,0.0,0.0,-224774160.519274,,,,,,BASE,0.0,0,/clusteruy/home/mathiasr/generator-aware-row-scaling/results-revision/r1-internal-scaling/simple-gurobi-1pct/base-scaleflag2/resultados/caso29f_base.csv,/clusteruy/home/mathiasr/generator-aware-row-scaling/results-revision/r1-internal-scaling/simple-gurobi-1pct/base-scaleflag2/resultados/caso29f_base_postprocesado.csv,/clusteruy/home/mathiasr/generator-aware-row-scaling/results-revision/r1-internal-scaling/simple-gurobi-1pct/base-scaleflag2/logs/caso29f_base.log
caso30a.txt,base,OK,0,66.497394092,0.003858625351316,-222104834.74472743,-221074000.0,OPTIMAL,-222113404.9381874,3927.0,342365.0,0.24,14400.0,10800.0,35590.0,10645.0,8790.0,28095.0,26.07638888888889,18.61111111111111,21.059286316381005,4,Model contains large bounds | Model contains large matrix coefficients | Model contains large rhs | max constraint violation (1.9073e-06) exceeds tolerance,0.002,2000000000.0,0.003,3000.0,5.0,4000000000.0,1.0,10000000000.0,,,,,,,,,0.0,66.497394092,1.0,1.0,1.0,0.0,0.0,0.0,,,0.0,,,,367770.577293,,,84.113442,,,4.345558,84.113442,1.0,0.996130696901578,,,,,,,,BASE,BASE,,,,,,5.3418309950332e-09,5.58793544769287e-09,1.58327165991068e-07,2.57045030593872e-07,624786.740449727,1.09701467247023,24705791.7042342,325036587.174459,2.95585778076202e-12,0.0,1.84610689757392e-06,0.0,0.0,0.0,0.0,0.0,3.0,0.0,0.0,0.0,0.0,-222104834.744727,483.374606302161,0.0,325036587.174459,0.0,0.0,0.0,577.0,0.0,877.0,0.0,0.0,0.0,0.0,-221073672.008333,,,,,,BASE,0.0,0,/clusteruy/home/mathiasr/generator-aware-row-scaling/results-revision/r1-internal-scaling/simple-gurobi-1pct/base-scaleflag2/resultados/caso30a_base.csv,/clusteruy/home/mathiasr/generator-aware-row-scaling/results-revision/r1-internal-scaling/simple-gurobi-1pct/base-scaleflag2/resultados/caso30a_base_postprocesado.csv,/clusteruy/home/mathiasr/generator-aware-row-scaling/results-revision/r1-internal-scaling/simple-gurobi-1pct/base-scaleflag2/logs/caso30a_base.log
caso30b.txt,base,OK,0,2.048298287,0.010293719989564,-227831096.75215542,-226772000.0,OPTIMAL,-227854549.04730424,1.0,10966.0,0.24,14400.0,10800.0,35590.0,10645.0,8790.0,28095.0,26.07638888888889,18.61111111111111,21.059286316381005,4,Model contains large bounds | Model contains large matrix coefficients | Model contains large rhs | max constraint violation (3.4780e-06) exceeds tolerance,0.002,2000000000.0,0.003,3000.0,5.0,4000000000.0,1.0,10000000000.0,,,,,,,,,0.0,2.048298287,1.0,1.0,1.0,0.0,0.0,0.0,,,0.0,,,,308002.642655,,,2.025343,,,,2.025343,1.0,0.265034228795698,,,,,,,,BASE,BASE,,,,,,5.4847439070995e-09,5.58793544769287e-09,1.65314413607121e-07,2.08616256713867e-07,347457.838794325,1.01401741238555,18326795.995804,43067140.5773613,1.81898940354586e-12,0.0,3.4780241549015e-06,0.0,0.0,0.0,0.0,0.0,2.0,0.0,0.0,0.0,0.0,-227831096.752155,609.790036219427,0.0,43067140.5773613,0.0,0.0,0.0,673.0,0.0,907.0,0.0,0.0,0.0,0.0,-226772114.923667,,,,,,BASE,0.0,0,/clusteruy/home/mathiasr/generator-aware-row-scaling/results-revision/r1-internal-scaling/simple-gurobi-1pct/base-scaleflag2/resultados/caso30b_base.csv,/clusteruy/home/mathiasr/generator-aware-row-scaling/results-revision/r1-internal-scaling/simple-gurobi-1pct/base-scaleflag2/resultados/caso30b_base_postprocesado.csv,/clusteruy/home/mathiasr/generator-aware-row-scaling/results-revision/r1-internal-scaling/simple-gurobi-1pct/base-scaleflag2/logs/caso30b_base.log
caso30c.txt,base,OK,0,63.55414184,0.002691654864515,-224884792.5021168,-223707000.0,OPTIMAL,-224890845.62457374,6695.0,377316.0,0.24,14400.0,10800.0,35590.0,10645.0,8790.0,28095.0,26.07638888888889,18.61111111111111,21.059286316381005,5,Model contains large bounds | Model contains large matrix coefficients | Model contains large rhs | max bound violation (1.0467e-04) exceeds tolerance | max constraint violation (2.1652e-04) exceeds tolerance,0.002,2000000000.0,0.005,3000.0,5.0,4000000000.0,1.0,10000000000.0,,,,,,,,,0.0,63.55414184,1.0,1.0,1.0,0.0,0.0,0.0,,,0.0,,,,368259.941126,,,72.239548,,,4.191101,72.239548,1.0,0.995876562917167,,,,,,,,BASE,BASE,,,,,,6.35404294638155e-08,7.27595761418343e-12,1.09430402517319e-07,0.000216523763986842,665072.166819151,1.17121647547294,25123250.8644021,332293086.338909,0.000216523763986842,0.0,0.000156813624592189,0.00010467099106591,0.0,0.0,5.0,0.0,7.0,3.0,0.0,0.0,0.0,-224884792.502117,483.374606302161,0.0,332293086.338909,0.0,0.0,0.0,597.0,0.0,881.0,0.0,0.0,0.0,0.0,-223706837.919775,,,,,,BASE,0.0,0,/clusteruy/home/mathiasr/generator-aware-row-scaling/results-revision/r1-internal-scaling/simple-gurobi-1pct/base-scaleflag2/resultados/caso30c_base.csv,/clusteruy/home/mathiasr/generator-aware-row-scaling/results-revision/r1-internal-scaling/simple-gurobi-1pct/base-scaleflag2/resultados/caso30c_base_postprocesado.csv,/clusteruy/home/mathiasr/generator-aware-row-scaling/results-revision/r1-internal-scaling/simple-gurobi-1pct/base-scaleflag2/logs/caso30c_base.log
caso30d.txt,base,OK,0,50.712657365,0.00523227495538,-197120481.31844115,-196097000.0,OPTIMAL,-197130795.2040171,8436.0,753462.0,0.24,14400.0,10800.0,35590.0,10872.0,8705.0,28527.0,24.5,19.39814814814815,19.84546220848553,4,Model contains large bounds | Model contains large matrix coefficients | Model contains large rhs | max constraint violation (4.5812e-06) exceeds tolerance,0.002,2000000000.0,0.003,2000.0,5.0,4000000000.0,1.0,10000000000.0,,,,,,,,,0.0,50.712657365,1.0,1.0,1.0,0.0,0.0,0.0,,,0.0,,,,220760.297588,,,59.27775,,0.031458,3.480811,59.27775,1.0,0.037793597273873,,,,,,,,BASE,BASE,,,,,,4.06924179394647e-09,2.27373675443232e-13,1.22243072837591e-07,2.08616256713867e-07,793027.05549339,3.41735242747898,37169018.9573819,144325306.928925,1.81898940354586e-12,0.0,4.58117574453354e-06,0.0,0.0,0.0,0.0,0.0,1.0,0.0,0.0,0.0,0.0,-197120481.318441,921.444260842058,0.0,144325306.928925,0.0,0.0,0.0,186.0,0.0,979.0,0.0,0.0,0.0,0.0,-196096589.387147,,,,,,BASE,0.0,0,/clusteruy/home/mathiasr/generator-aware-row-scaling/results-revision/r1-internal-scaling/simple-gurobi-1pct/base-scaleflag2/resultados/caso30d_base.csv,/clusteruy/home/mathiasr/generator-aware-row-scaling/results-revision/r1-internal-scaling/simple-gurobi-1pct/base-scaleflag2/resultados/caso30d_base_postprocesado.csv,/clusteruy/home/mathiasr/generator-aware-row-scaling/results-revision/r1-internal-scaling/simple-gurobi-1pct/base-scaleflag2/logs/caso30d_base.log
caso30e.txt,base,OK,0,2.997018153,0.14329784069377,-202104024.26693502,-202251000.0,OPTIMAL,-202393634.96966475,1.0,11140.0,0.24,14400.0,10800.0,35590.0,10872.0,8705.0,28527.0,24.5,19.39814814814815,19.84546220848553,4,Model contains large bounds | Model contains large matrix coefficients | Model contains large rhs | max constraint violation (3.8872e-06) exceeds tolerance,0.002,2000000000.0,0.003,2000.0,5.0,4000000000.0,1.0,10000000000.0,,,,,,,,,0.0,2.997018153,1.0,1.0,1.0,0.0,0.0,0.0,,,0.0,,,,560979.106452,,,3.015141,,,,3.015141,1.0,0.872334836540765,,,,,,,,BASE,BASE,,,,,,5.12385931173595e-09,2.3283064365387e-10,1.45286321640015e-07,4.02331352233887e-07,131170.005305469,1.68700167063642,4999569.48261836,19358457.9446188,1.19209289550781e-06,0.0,3.88734042644501e-06,0.0,0.0,0.0,1.0,0.0,5.0,0.0,0.0,0.0,0.0,-202104024.266935,1218.48398489622,0.0,19358457.9446188,0.0,0.0,0.0,873.0,0.0,995.0,0.0,0.0,0.0,0.0,-202250755.181676,,,,,,BASE,0.0,0,/clusteruy/home/mathiasr/generator-aware-row-scaling/results-revision/r1-internal-scaling/simple-gurobi-1pct/base-scaleflag2/resultados/caso30e_base.csv,/clusteruy/home/mathiasr/generator-aware-row-scaling/results-revision/r1-internal-scaling/simple-gurobi-1pct/base-scaleflag2/resultados/caso30e_base_postprocesado.csv,/clusteruy/home/mathiasr/generator-aware-row-scaling/results-revision/r1-internal-scaling/simple-gurobi-1pct/base-scaleflag2/logs/caso30e_base.log
caso30f.txt,base,OK,0,18.741704056,0.082046459914274,-199214215.6169699,-198698000.0,OPTIMAL,-199377663.82852963,2674.0,109294.0,0.24,14400.0,10800.0,35590.0,10872.0,8705.0,28527.0,24.5,19.39814814814815,19.84546220848553,4,Model contains large bounds | Model contains large matrix coefficients | Model contains large rhs | max constraint violation (5.5635e-06) exceeds tolerance,0.002,2000000000.0,0.005,2000.0,5.0,4000000000.0,1.0,10000000000.0,,,,,,,,,0.0,18.741704056,1.0,1.0,1.0,0.0,0.0,0.0,,,0.0,,,,29341.3342,,,17.882659,,0.030726,3.394156,17.882659,1.0,0.05412383214762,,,,,,,,BASE,BASE,,,,,,3.53265341310187e-09,5.6843418860808e-14,8.7544322013855e-08,2.42143869400024e-07,624949.311110698,2.84740211694225,21709691.5627407,627172204.90162,9.5367431640625e-07,0.0,5.56372106075287e-06,0.0,0.0,0.0,0.0,0.0,3.0,0.0,0.0,0.0,0.0,-199214215.61697,921.444260842058,0.0,627172204.90162,0.0,0.0,0.0,386.0,0.0,970.0,0.0,0.0,0.0,0.0,-198698021.151496,,,,,,BASE,0.0,0,/clusteruy/home/mathiasr/generator-aware-row-scaling/results-revision/r1-internal-scaling/simple-gurobi-1pct/base-scaleflag2/resultados/caso30f_base.csv,/clusteruy/home/mathiasr/generator-aware-row-scaling/results-revision/r1-internal-scaling/simple-gurobi-1pct/base-scaleflag2/resultados/caso30f_base_postprocesado.csv,/clusteruy/home/mathiasr/generator-aware-row-scaling/results-revision/r1-internal-scaling/simple-gurobi-1pct/base-scaleflag2/logs/caso30f_base.log
caso31a.txt,base,OK,0,1.234927042,0.000246743345485,-52453301.85961975,-69607200.0,OPTIMAL,-52453431.28465158,1.0,4306.0,0.24,14400.0,10800.0,35590.0,9783.0,8737.0,26455.0,32.0625,19.10185185185185,25.667322281539757,3,Model contains large bounds | Model contains large matrix coefficients | Model contains large rhs,0.002,2000000000.0,0.003,3000.0,5.0,4000000000.0,1.0,10000000000.0,,,,,,,,,0.0,1.234927042,1.0,1.0,1.0,0.0,0.0,0.0,,,0.0,,,,53330.558341,,,1.106253,,,,1.106253,1.0,0.453774866500437,,,,,,,,BASE,BASE,,,,,,2.95701979011077e-09,1.77635683940025e-15,1.08499079942703e-07,5.22006303071976e-07,1822033.03530301,1.62057881249968,17690436.7993119,723636430.416623,3.06632084158624e-08,0.0,6.6123902797699e-07,3.44336095739294e-09,0.0,0.0,0.0,0.0,0.0,0.0,0.0,0.0,0.0,-52453301.8596198,183.466445424902,0.0,723636430.416623,3.44336095739294e-09,0.0,0.0,618.0,0.0,712.0,0.0,0.0,0.0,0.0,-69607193.1774189,,,,,,BASE,0.0,0,/clusteruy/home/mathiasr/generator-aware-row-scaling/results-revision/r1-internal-scaling/simple-gurobi-1pct/base-scaleflag2/resultados/caso31a_base.csv,/clusteruy/home/mathiasr/generator-aware-row-scaling/results-revision/r1-internal-scaling/simple-gurobi-1pct/base-scaleflag2/resultados/caso31a_base_postprocesado.csv,/clusteruy/home/mathiasr/generator-aware-row-scaling/results-revision/r1-internal-scaling/simple-gurobi-1pct/base-scaleflag2/logs/caso31a_base.log
caso31b.txt,base,OK,0,1.482839413,0.007285272217368,-58793185.87041135,-59403600.0,OPTIMAL,-58797469.114047274,1.0,7801.0,0.24,14400.0,10800.0,35590.0,9783.0,8737.0,26455.0,32.0625,19.10185185185185,25.667322281539757,4,Model contains large bounds | Model contains large matrix coefficients | Model contains large rhs | max constraint violation (2.4711e-06) exceeds tolerance,0.002,2000000000.0,0.003,3000.0,5.0,4000000000.0,1.0,10000000000.0,,,,,,,,,0.0,1.482839413,1.0,1.0,1.0,0.0,0.0,0.0,,,0.0,,,,24687.547084,,,1.52404,,,,1.52404,1.0,0.521201556270195,,,,,,,,BASE,BASE,,,,,,4.77032388499175e-09,3.72529029846191e-09,1.54981680680066e-07,5.91113372472307e-07,129699.065366695,1.28816634549883,2921192.98325175,16659491.4681561,2.64957563445023e-07,0.0,2.47129355557263e-06,0.0,0.0,0.0,0.0,0.0,2.0,0.0,0.0,0.0,0.0,-58793185.8704114,68.7182079154163,0.0,16659491.4681561,0.0,0.0,0.0,1169.0,0.0,722.0,0.0,0.0,0.0,0.0,-59403638.8577427,,,,,,BASE,0.0,0,/clusteruy/home/mathiasr/generator-aware-row-scaling/results-revision/r1-internal-scaling/simple-gurobi-1pct/base-scaleflag2/resultados/caso31b_base.csv,/clusteruy/home/mathiasr/generator-aware-row-scaling/results-revision/r1-internal-scaling/simple-gurobi-1pct/base-scaleflag2/resultados/caso31b_base_postprocesado.csv,/clusteruy/home/mathiasr/generator-aware-row-scaling/results-revision/r1-internal-scaling/simple-gurobi-1pct/base-scaleflag2/logs/caso31b_base.log
caso31c.txt,base,OK,0,1.357204256,0.00052129826725,-55118409.76644112,-55729000.0,OPTIMAL,-55118697.09775617,1.0,6872.0,0.25,14400.0,10800.0,35590.0,9783.0,8737.0,26455.0,32.0625,19.10185185185185,25.667322281539757,3,Model contains large bounds | Model contains large matrix coefficients | Model contains large rhs,0.002,2000000000.0,0.005,3000.0,5.0,4000000000.0,1.0,10000000000.0,,,,,,,,,0.0,1.357204256,1.0,1.0,1.0,0.0,0.0,0.0,,,0.0,,,,63272.482807,,,1.393877,,,,1.393877,1.0,0.476214421390138,,,,,,,,BASE,BASE,,,,,,3.77827973239253e-09,3.72529029846191e-09,1.2875534594059e-07,5.85801899433136e-07,134589.989638806,0.716638892749345,3004748.68338358,17547210.4023617,7.105427357601e-15,0.0,5.85801899433136e-07,0.0,0.0,0.0,0.0,0.0,0.0,0.0,0.0,0.0,0.0,-55118409.7664411,35.1312186534374,0.0,17547210.4023617,0.0,0.0,0.0,928.0,0.0,639.0,0.0,0.0,0.0,0.0,-55728986.6422675,,,,,,BASE,0.0,0,/clusteruy/home/mathiasr/generator-aware-row-scaling/results-revision/r1-internal-scaling/simple-gurobi-1pct/base-scaleflag2/resultados/caso31c_base.csv,/clusteruy/home/mathiasr/generator-aware-row-scaling/results-revision/r1-internal-scaling/simple-gurobi-1pct/base-scaleflag2/resultados/caso31c_base_postprocesado.csv,/clusteruy/home/mathiasr/generator-aware-row-scaling/results-revision/r1-internal-scaling/simple-gurobi-1pct/base-scaleflag2/logs/caso31c_base.log
caso31d.txt,base,OK,0,1.797359589,0.001357523084237,-73701311.71545011,-74718400.0,OPTIMAL,-73702312.22777003,1.0,8888.0,0.25,14400.0,10800.0,35590.0,10486.0,8737.0,27864.0,27.180555555555557,19.10185185185185,21.708345040741783,3,Model contains large bounds | Model contains large matrix coefficients | Model contains large rhs,0.002,2000000000.0,0.003,2000.0,5.0,4000000000.0,1.0,10000000000.0,,,,,,,,,0.0,1.797359589,1.0,1.0,1.0,0.0,0.0,0.0,,,0.0,,,,340237.275684,,,1.71518,,,,1.71518,1.0,0.322969350723535,,,,,,,,BASE,BASE,,,,,,4.32724946885841e-09,1.11758708953857e-08,1.26659870147705e-07,4.51458618044853e-07,653503.816568761,0.381155863230719,17730576.9507577,713466769.163853,5.45696821063757e-12,0.0,4.51458618044853e-07,0.0,0.0,0.0,0.0,0.0,0.0,0.0,0.0,0.0,0.0,-73701311.7154501,104.5494061525,0.0,713466769.163853,0.0,0.0,0.0,338.0,0.0,694.0,0.0,0.0,0.0,0.0,-74718425.5395243,,,,,,BASE,0.0,0,/clusteruy/home/mathiasr/generator-aware-row-scaling/results-revision/r1-internal-scaling/simple-gurobi-1pct/base-scaleflag2/resultados/caso31d_base.csv,/clusteruy/home/mathiasr/generator-aware-row-scaling/results-revision/r1-internal-scaling/simple-gurobi-1pct/base-scaleflag2/resultados/caso31d_base_postprocesado.csv,/clusteruy/home/mathiasr/generator-aware-row-scaling/results-revision/r1-internal-scaling/simple-gurobi-1pct/base-scaleflag2/logs/caso31d_base.log
caso31e.txt,base,OK,0,1.768456121,0.013912491036281,-79254736.28467503,-78903300.0,OPTIMAL,-79265762.59275647,1.0,8388.0,0.24,14400.0,10800.0,35590.0,10486.0,8737.0,27864.0,27.180555555555557,19.10185185185185,21.708345040741783,4,Model contains large bounds | Model contains large matrix coefficients | Model contains large rhs | max constraint violation (2.3842e-06) exceeds tolerance,0.002,2000000000.0,0.003,2000.0,5.0,4000000000.0,1.0,10000000000.0,,,,,,,,,0.0,1.768456121,1.0,1.0,1.0,0.0,0.0,0.0,,,0.0,,,,188239.927153,,,1.702211,,,,1.702211,1.0,0.438210797949201,,,,,,,,BASE,BASE,,,,,,5.70999202523372e-09,2.05385731533163e-08,1.68744591064751e-07,4.05358150601387e-07,184967.705504086,0.411300237750209,6910544.26233688,27938188.17073,7.105427357601e-15,0.0,2.37755011767149e-06,0.0,0.0,0.0,0.0,0.0,1.0,0.0,0.0,0.0,0.0,-79254736.284675,269.081971444077,0.0,27938188.17073,0.0,0.0,0.0,364.0,0.0,796.0,0.0,0.0,0.0,0.0,-78903286.0663608,,,,,,BASE,0.0,0,/clusteruy/home/mathiasr/generator-aware-row-scaling/results-revision/r1-internal-scaling/simple-gurobi-1pct/base-scaleflag2/resultados/caso31e_base.csv,/clusteruy/home/mathiasr/generator-aware-row-scaling/results-revision/r1-internal-scaling/simple-gurobi-1pct/base-scaleflag2/resultados/caso31e_base_postprocesado.csv,/clusteruy/home/mathiasr/generator-aware-row-scaling/results-revision/r1-internal-scaling/simple-gurobi-1pct/base-scaleflag2/logs/caso31e_base.log
caso31f.txt,base,OK,0,1.572777018,0.001926566605868,-76347260.16239539,-75947300.0,OPTIMAL,-76348731.04321417,1.0,7800.0,0.25,14400.0,10800.0,35590.0,10486.0,8737.0,27864.0,27.180555555555557,19.10185185185185,21.708345040741783,4,Model contains large bounds | Model contains large matrix coefficients | Model contains large rhs | max constraint violation (8.8479e-06) exceeds tolerance,0.002,2000000000.0,0.005,2000.0,5.0,4000000000.0,1.0,10000000000.0,,,,,,,,,0.0,1.572777018,1.0,1.0,1.0,0.0,0.0,0.0,,,0.0,,,,85158.133994,,,1.480264,,,,1.480264,1.0,0.405739023959319,,,,,,,,BASE,BASE,,,,,,7.03466647205732e-09,2.23692040890453e-08,1.45286321640015e-07,6.54254108667374e-07,313812.177099923,0.263445611401171,12479309.8144107,271585651.903109,4.54747350886464e-13,0.0,8.80705192685127e-06,0.0,0.0,0.0,0.0,0.0,6.0,0.0,0.0,0.0,0.0,-76347260.1623954,47.4850537843167,0.0,271585651.903109,0.0,0.0,0.0,316.0,0.0,704.0,0.0,0.0,0.0,0.0,-75947302.0504065,,,,,,BASE,0.0,0,/clusteruy/home/mathiasr/generator-aware-row-scaling/results-revision/r1-internal-scaling/simple-gurobi-1pct/base-scaleflag2/resultados/caso31f_base.csv,/clusteruy/home/mathiasr/generator-aware-row-scaling/results-revision/r1-internal-scaling/simple-gurobi-1pct/base-scaleflag2/resultados/caso31f_base_postprocesado.csv,/clusteruy/home/mathiasr/generator-aware-row-scaling/results-revision/r1-internal-scaling/simple-gurobi-1pct/base-scaleflag2/logs/caso31f_base.log
caso32a.txt,base,OK,0,1.413348706,7.071161979e-05,-73703484.7055835,-90141800.0,OPTIMAL,-73703536.82251137,1.0,5744.0,0.25,14400.0,10800.0,35590.0,9980.0,8787.0,26789.0,30.694444444444443,18.63888888888889,24.728856420342794,3,Model contains large bounds | Model contains large matrix coefficients | Model contains large rhs,0.002,2000000000.0,0.003,3000.0,5.0,4000000000.0,1.0,10000000000.0,,,,,,,,,0.0,1.413348706,1.0,1.0,1.0,0.0,0.0,0.0,,,0.0,,,,34238.066641,,,1.208357,,,,1.208357,1.0,0.395278755637232,,,,,,,,BASE,BASE,,,,,,3.47640048666634e-09,2.16715534406779e-14,1.16883311420679e-07,2.30967998504639e-07,2000029.99444757,1.6932144087127,19081466.9068885,714617173.643801,1.4210854715202e-14,0.0,2.79862433671951e-07,0.0,0.0,0.0,0.0,0.0,0.0,0.0,0.0,0.0,0.0,-73703484.7055835,182.782234307907,0.0,714617173.643801,0.0,0.0,0.0,758.0,0.0,707.0,0.0,0.0,0.0,0.0,-90141786.9757966,,,,,,BASE,0.0,0,/clusteruy/home/mathiasr/generator-aware-row-scaling/results-revision/r1-internal-scaling/simple-gurobi-1pct/base-scaleflag2/resultados/caso32a_base.csv,/clusteruy/home/mathiasr/generator-aware-row-scaling/results-revision/r1-internal-scaling/simple-gurobi-1pct/base-scaleflag2/resultados/caso32a_base_postprocesado.csv,/clusteruy/home/mathiasr/generator-aware-row-scaling/results-revision/r1-internal-scaling/simple-gurobi-1pct/base-scaleflag2/logs/caso32a_base.log
caso32b.txt,base,OK,0,2.019758067,0.036217369738703,-79804551.49927722,-80599000.0,OPTIMAL,-79833454.60876203,1.0,8878.0,0.25,14400.0,10800.0,35590.0,9980.0,8787.0,26789.0,30.694444444444443,18.63888888888889,24.728856420342794,3,Model contains large bounds | Model contains large matrix coefficients | Model contains large rhs,0.002,2000000000.0,0.003,3000.0,5.0,4000000000.0,1.0,10000000000.0,,,,,,,,,0.0,2.019758067,1.0,1.0,1.0,0.0,0.0,0.0,,,0.0,,,,1.0948908016546378e+16,,,1.757538,,,,1.757538,1.0,0.833777272038653,,,,,,,,BASE,BASE,,,,,,4.78954898586284e-09,5.58793544769287e-09,1.55299203470349e-07,1.52736902236938e-07,180016.060010916,0.669720467963149,3198047.14708024,494183259.090488,9.5367431640625e-07,0.0,7.80390109866858e-07,0.0,0.0,0.0,0.0,0.0,0.0,0.0,0.0,0.0,0.0,-79804551.4992772,96.2062325876016,0.0,494183259.090488,0.0,0.0,0.0,878.0,0.0,756.0,0.0,0.0,0.0,0.0,-80598973.7916325,,,,,,BASE,0.0,0,/clusteruy/home/mathiasr/generator-aware-row-scaling/results-revision/r1-internal-scaling/simple-gurobi-1pct/base-scaleflag2/resultados/caso32b_base.csv,/clusteruy/home/mathiasr/generator-aware-row-scaling/results-revision/r1-internal-scaling/simple-gurobi-1pct/base-scaleflag2/resultados/caso32b_base_postprocesado.csv,/clusteruy/home/mathiasr/generator-aware-row-scaling/results-revision/r1-internal-scaling/simple-gurobi-1pct/base-scaleflag2/logs/caso32b_base.log
caso32c.txt,base,OK,0,1.685327591,0.00022915497364,-76419891.7428235,-76603700.0,OPTIMAL,-76420066.86280628,1.0,9403.0,0.25,14400.0,10800.0,35590.0,9980.0,8787.0,26789.0,30.694444444444443,18.63888888888889,24.728856420342794,3,Model contains large bounds | Model contains large matrix coefficients | Model contains large rhs,0.002,2000000000.0,0.005,3000.0,5.0,4000000000.0,1.0,10000000000.0,,,,,,,,,0.0,1.685327591,1.0,1.0,1.0,0.0,0.0,0.0,,,0.0,,,,647694191698186.8,,,1.56562,,,,1.56562,1.0,0.386086044371235,,,,,,,,BASE,BASE,,,,,,4.41426188039653e-09,7.45058059692383e-09,1.47628597915173e-07,3.94880771636963e-07,152176.508595832,0.486730999434174,3174137.04734401,21455630.1620493,1.4210854715202e-14,0.0,3.94880771636963e-07,0.0,0.0,0.0,0.0,0.0,0.0,0.0,0.0,0.0,0.0,-76419891.7428235,51.0174167881451,0.0,21455630.1620493,0.0,0.0,0.0,822.0,0.0,660.0,0.0,0.0,0.0,0.0,-76603748.7057997,,,,,,BASE,0.0,0,/clusteruy/home/mathiasr/generator-aware-row-scaling/results-revision/r1-internal-scaling/simple-gurobi-1pct/base-scaleflag2/resultados/caso32c_base.csv,/clusteruy/home/mathiasr/generator-aware-row-scaling/results-revision/r1-internal-scaling/simple-gurobi-1pct/base-scaleflag2/resultados/caso32c_base_postprocesado.csv,/clusteruy/home/mathiasr/generator-aware-row-scaling/results-revision/r1-internal-scaling/simple-gurobi-1pct/base-scaleflag2/logs/caso32c_base.log
caso32d.txt,base,OK,0,1.853897031,0.00827948662912,-89516628.12146114,-89111900.0,OPTIMAL,-89524039.6387173,1.0,9735.0,0.25,14400.0,10800.0,35590.0,10610.0,8787.0,28048.0,26.319444444444443,18.63888888888889,21.19134588367519,3,Model contains large bounds | Model contains large matrix coefficients | Model contains large rhs,0.002,2000000000.0,0.003,2000.0,5.0,4000000000.0,1.0,10000000000.0,,,,,,,,,0.0,1.853897031,1.0,1.0,1.0,0.0,0.0,0.0,,,0.0,,,,526099.556842,,,1.765991,,,,1.765991,1.0,0.294100634983676,,,,,,,,BASE,BASE,,,,,,5.20809148128511e-09,2.6775524020195e-08,1.46687962114811e-07,3.20374965667725e-07,403928.234232866,0.441444666838886,16249276.6479604,322901826.024166,1.09139364212751e-11,0.0,9.18866135179996e-07,0.0,0.0,0.0,0.0,0.0,0.0,0.0,0.0,0.0,0.0,-89516628.1214611,340.502607502449,0.0,322901826.024166,0.0,0.0,0.0,362.0,0.0,797.0,0.0,0.0,0.0,0.0,-89111900.9142728,,,,,,BASE,0.0,0,/clusteruy/home/mathiasr/generator-aware-row-scaling/results-revision/r1-internal-scaling/simple-gurobi-1pct/base-scaleflag2/resultados/caso32d_base.csv,/clusteruy/home/mathiasr/generator-aware-row-scaling/results-revision/r1-internal-scaling/simple-gurobi-1pct/base-scaleflag2/resultados/caso32d_base_postprocesado.csv,/clusteruy/home/mathiasr/generator-aware-row-scaling/results-revision/r1-internal-scaling/simple-gurobi-1pct/base-scaleflag2/logs/caso32d_base.log
caso32e.txt,base,OK,0,2.006594095,0.018397116624342,-94855813.16758735,-94353200.0,OPTIMAL,-94873263.90216076,1.0,10353.0,0.25,14400.0,10800.0,35590.0,10610.0,8787.0,28048.0,26.319444444444443,18.63888888888889,21.19134588367519,3,Model contains large bounds | Model contains large matrix coefficients | Model contains large rhs,0.002,2000000000.0,0.003,2000.0,5.0,4000000000.0,1.0,10000000000.0,,,,,,,,,0.0,2.006594095,1.0,1.0,1.0,0.0,0.0,0.0,,,0.0,,,,341811.153892,,,1.912078,,,,1.912078,1.0,0.377128052773085,,,,,,,,BASE,BASE,,,,,,5.53936368224468e-09,1.90979335457086e-08,1.61585630849004e-07,3.46451997756958e-07,286068.636606511,0.529570578780333,14185938.9147673,30606190.1585808,1.09139364212751e-11,0.0,8.99657607078552e-07,0.0,0.0,0.0,0.0,0.0,0.0,0.0,0.0,0.0,0.0,-94855813.1675874,776.856119273474,0.0,30606190.1585808,0.0,0.0,0.0,412.0,0.0,847.0,0.0,0.0,0.0,0.0,-94353155.1628226,,,,,,BASE,0.0,0,/clusteruy/home/mathiasr/generator-aware-row-scaling/results-revision/r1-internal-scaling/simple-gurobi-1pct/base-scaleflag2/resultados/caso32e_base.csv,/clusteruy/home/mathiasr/generator-aware-row-scaling/results-revision/r1-internal-scaling/simple-gurobi-1pct/base-scaleflag2/resultados/caso32e_base_postprocesado.csv,/clusteruy/home/mathiasr/generator-aware-row-scaling/results-revision/r1-internal-scaling/simple-gurobi-1pct/base-scaleflag2/logs/caso32e_base.log
caso32f.txt,base,OK,0,1.837142655,0.011818397423157,-92143869.78582788,-91739100.0,OPTIMAL,-92154759.71456024,1.0,9612.0,0.25,14400.0,10800.0,35590.0,10610.0,8787.0,28048.0,26.319444444444443,18.63888888888889,21.19134588367519,3,Model contains large bounds | Model contains large matrix coefficients | Model contains large rhs,0.002,2000000000.0,0.005,2000.0,5.0,4000000000.0,1.0,10000000000.0,,,,,,,,,0.0,1.837142655,1.0,1.0,1.0,0.0,0.0,0.0,,,0.0,,,,526099.556842,,,1.719387,,,,1.719387,1.0,0.343217806724812,,,,,,,,BASE,BASE,,,,,,5.20809148128511e-09,2.6775524020195e-08,1.46687962114811e-07,3.20374965667725e-07,403928.234232866,0.441444666838886,16249276.6479604,322901826.024166,1.09139364212751e-11,0.0,9.18866135179996e-07,0.0,0.0,0.0,0.0,0.0,0.0,0.0,0.0,0.0,0.0,-92143869.7858279,340.502607502449,0.0,322901826.024166,0.0,0.0,0.0,362.0,0.0,797.0,0.0,0.0,0.0,0.0,-91739142.5786396,,,,,,BASE,0.0,0,/clusteruy/home/mathiasr/generator-aware-row-scaling/results-revision/r1-internal-scaling/simple-gurobi-1pct/base-scaleflag2/resultados/caso32f_base.csv,/clusteruy/home/mathiasr/generator-aware-row-scaling/results-revision/r1-internal-scaling/simple-gurobi-1pct/base-scaleflag2/resultados/caso32f_base_postprocesado.csv,/clusteruy/home/mathiasr/generator-aware-row-scaling/results-revision/r1-internal-scaling/simple-gurobi-1pct/base-scaleflag2/logs/caso32f_base.log
caso33a.txt,base,OK,0,1.282804441,0.000118858831044,-42297752.95618236,-62344600.0,OPTIMAL,-42297803.23079708,1.0,4734.0,0.24,14400.0,10800.0,35590.0,9718.0,8759.0,26243.0,32.513888888888886,18.89814814814815,26.262995223377352,3,Model contains large bounds | Model contains large matrix coefficients | Model contains large rhs,0.002,2000000000.0,0.003,3000.0,5.0,4000000000.0,1.0,10000000000.0,,,,,,,,,0.0,1.282804441,1.0,1.0,1.0,0.0,0.0,0.0,,,0.0,,,,61204.625709,,,1.125874,,,,1.125874,1.0,0.47427406813317,,,,,,,,BASE,BASE,,,,,,3.67101188000394e-09,1.78745906964634e-15,1.22123747132719e-07,7.82310962677002e-08,1878387.22069501,1.73512061975301,17824779.81664,724562675.061075,3.5527136788005e-15,0.0,6.70552253723145e-07,0.0,0.0,0.0,0.0,0.0,0.0,0.0,0.0,0.0,0.0,-42297752.9561824,183.584278897417,0.0,724562675.061075,0.0,0.0,0.0,698.0,0.0,707.0,0.0,0.0,0.0,0.0,-62344560.8831839,,,,,,BASE,0.0,0,/clusteruy/home/mathiasr/generator-aware-row-scaling/results-revision/r1-internal-scaling/simple-gurobi-1pct/base-scaleflag2/resultados/caso33a_base.csv,/clusteruy/home/mathiasr/generator-aware-row-scaling/results-revision/r1-internal-scaling/simple-gurobi-1pct/base-scaleflag2/resultados/caso33a_base_postprocesado.csv,/clusteruy/home/mathiasr/generator-aware-row-scaling/results-revision/r1-internal-scaling/simple-gurobi-1pct/base-scaleflag2/logs/caso33a_base.log
caso33b.txt,base,OK,0,1.484548108,0.003971168222573,-48642597.15176617,-49154700.0,OPTIMAL,-48644528.8311269,1.0,8183.0,0.24,14400.0,10800.0,35590.0,9718.0,8759.0,26243.0,32.513888888888886,18.89814814814815,26.262995223377352,3,Model contains large bounds | Model contains large matrix coefficients | Model contains large rhs,0.002,2000000000.0,0.003,3000.0,5.0,4000000000.0,1.0,10000000000.0,,,,,,,,,0.0,1.484548108,1.0,1.0,1.0,0.0,0.0,0.0,,,0.0,,,,45685.047997,,,1.500589,,,,1.500589,1.0,0.581345130351581,,,,,,,,BASE,BASE,,,,,,4.40871376954378e-09,7.45058059692383e-09,1.45522644743323e-07,1.564621925354e-07,129790.446057353,1.15635678749895,3561297.31492714,17181962.1122294,7.105427357601e-15,0.0,5.80097548663616e-07,0.0,0.0,0.0,0.0,0.0,0.0,0.0,0.0,0.0,0.0,-48642597.1517662,53.4237454611566,0.0,17181962.1122294,0.0,0.0,0.0,999.0,0.0,720.0,0.0,0.0,0.0,0.0,-49154661.0657518,,,,,,BASE,0.0,0,/clusteruy/home/mathiasr/generator-aware-row-scaling/results-revision/r1-internal-scaling/simple-gurobi-1pct/base-scaleflag2/resultados/caso33b_base.csv,/clusteruy/home/mathiasr/generator-aware-row-scaling/results-revision/r1-internal-scaling/simple-gurobi-1pct/base-scaleflag2/resultados/caso33b_base_postprocesado.csv,/clusteruy/home/mathiasr/generator-aware-row-scaling/results-revision/r1-internal-scaling/simple-gurobi-1pct/base-scaleflag2/logs/caso33b_base.log
caso33c.txt,base,OK,0,1.61661557,0.000187129555945,-45069481.18162224,-45568200.0,OPTIMAL,-45069565.51994224,1.0,8260.0,0.25,14400.0,10800.0,35590.0,9718.0,8759.0,26243.0,32.513888888888886,18.89814814814815,26.262995223377352,3,Model contains large bounds | Model contains large matrix coefficients | Model contains large rhs,0.002,2000000000.0,0.005,3000.0,5.0,4000000000.0,1.0,10000000000.0,,,,,,,,,0.0,1.61661557,1.0,1.0,1.0,0.0,0.0,0.0,,,0.0,,,,37196.708105,,,1.590996,,,,1.590996,1.0,0.503672308687503,,,,,,,,BASE,BASE,,,,,,4.34947745229545e-09,7.45058059692383e-09,1.41807540785522e-07,1.7508864402771e-07,128870.533500991,0.781712304124951,3591125.77475937,17818870.4685841,1.32732890668479e-08,0.0,6.34230673313141e-07,3.30442470974392e-10,0.0,0.0,0.0,0.0,0.0,0.0,0.0,0.0,0.0,-45069481.1816222,4.8201875604102,0.0,17818870.4685841,3.30442470974392e-10,0.0,0.0,893.0,0.0,680.0,0.0,0.0,0.0,0.0,-45568230.0846094,,,,,,BASE,0.0,0,/clusteruy/home/mathiasr/generator-aware-row-scaling/results-revision/r1-internal-scaling/simple-gurobi-1pct/base-scaleflag2/resultados/caso33c_base.csv,/clusteruy/home/mathiasr/generator-aware-row-scaling/results-revision/r1-internal-scaling/simple-gurobi-1pct/base-scaleflag2/resultados/caso33c_base_postprocesado.csv,/clusteruy/home/mathiasr/generator-aware-row-scaling/results-revision/r1-internal-scaling/simple-gurobi-1pct/base-scaleflag2/logs/caso33c_base.log
caso33d.txt,base,OK,0,1.971122693,0.001312611635486,-66148196.351856746,-65931900.0,OPTIMAL,-66149064.620778725,1.0,9719.0,0.24,14400.0,10800.0,35590.0,10450.0,8759.0,27697.0,27.430555555555557,18.89814814814815,22.177577971340263,3,Model contains large bounds | Model contains large matrix coefficients | Model contains large rhs,0.002,2000000000.0,0.003,2000.0,5.0,4000000000.0,1.0,10000000000.0,,,,,,,,,0.0,1.971122693,1.0,1.0,1.0,0.0,0.0,0.0,,,0.0,,,,74274.16817,,,1.819031,,,,1.819031,1.0,0.322925984584739,,,,,,,,BASE,BASE,,,,,,5.44474511631122e-09,3.35276126861572e-08,1.41575001180172e-07,2.90572643280029e-07,157238.455386313,0.231424814855182,3717698.77714239,44001212.3650051,5.45696821063757e-12,0.0,4.1816383600235e-07,0.0,0.0,0.0,0.0,0.0,0.0,0.0,0.0,0.0,0.0,-66148196.3518567,261.896857448683,0.0,44001212.3650051,0.0,0.0,0.0,293.0,0.0,721.0,0.0,0.0,0.0,0.0,-65931854.6611061,,,,,,BASE,0.0,0,/clusteruy/home/mathiasr/generator-aware-row-scaling/results-revision/r1-internal-scaling/simple-gurobi-1pct/base-scaleflag2/resultados/caso33d_base.csv,/clusteruy/home/mathiasr/generator-aware-row-scaling/results-revision/r1-internal-scaling/simple-gurobi-1pct/base-scaleflag2/resultados/caso33d_base_postprocesado.csv,/clusteruy/home/mathiasr/generator-aware-row-scaling/results-revision/r1-internal-scaling/simple-gurobi-1pct/base-scaleflag2/logs/caso33d_base.log
caso33e.txt,base,OK,0,1.736602022,0.011265783210322,-71755756.63058986,-71647800.0,OPTIMAL,-71763840.47857279,1.0,8711.0,0.24,14400.0,10800.0,35590.0,10450.0,8759.0,27697.0,27.430555555555557,18.89814814814815,22.177577971340263,4,Model contains large bounds | Model contains large matrix coefficients | Model contains large rhs | max constraint violation (8.8215e-06) exceeds tolerance,0.002,2000000000.0,0.003,2000.0,5.0,4000000000.0,1.0,10000000000.0,,,,,,,,,0.0,1.736602022,1.0,1.0,1.0,0.0,0.0,0.0,,,0.0,,,,250220.67005,,,1.588179,,,,1.588179,1.0,0.458716878532805,,,,,,,,BASE,BASE,,,,,,6.53615762153126e-09,2.31695594266057e-08,1.56346941366792e-07,1.71363353729248e-07,119100.393467212,0.276176078539184,3163778.69900726,19529880.6281975,2.27373675443232e-13,0.0,8.83499160408974e-06,0.0,0.0,0.0,0.0,0.0,4.0,0.0,0.0,0.0,0.0,-71755756.6305899,235.787508163152,0.0,19529880.6281975,0.0,0.0,0.0,401.0,0.0,776.0,0.0,0.0,0.0,0.0,-71647794.6489923,,,,,,BASE,0.0,0,/clusteruy/home/mathiasr/generator-aware-row-scaling/results-revision/r1-internal-scaling/simple-gurobi-1pct/base-scaleflag2/resultados/caso33e_base.csv,/clusteruy/home/mathiasr/generator-aware-row-scaling/results-revision/r1-internal-scaling/simple-gurobi-1pct/base-scaleflag2/resultados/caso33e_base_postprocesado.csv,/clusteruy/home/mathiasr/generator-aware-row-scaling/results-revision/r1-internal-scaling/simple-gurobi-1pct/base-scaleflag2/logs/caso33e_base.log
caso33f.txt,base,OK,0,1.814734575,0.001851571181915,-68903725.33907786,-68687400.0,OPTIMAL,-68905001.1405995,1.0,9185.0,0.24,14400.0,10800.0,35590.0,10450.0,8759.0,27697.0,27.430555555555557,18.89814814814815,22.177577971340263,3,Model contains large bounds | Model contains large matrix coefficients | Model contains large rhs,0.002,2000000000.0,0.005,2000.0,5.0,4000000000.0,1.0,10000000000.0,,,,,,,,,0.0,1.814734575,1.0,1.0,1.0,0.0,0.0,0.0,,,0.0,,,,74274.168169,,,1.598453,,,,1.598453,1.0,0.40207098454382,,,,,,,,BASE,BASE,,,,,,5.44474511631122e-09,3.35276126861572e-08,1.41575001180172e-07,2.90572643280029e-07,157238.455386313,0.231424814855182,3717698.77714239,44001212.3650051,5.45696821063757e-12,0.0,4.1816383600235e-07,0.0,0.0,0.0,0.0,0.0,0.0,0.0,0.0,0.0,0.0,-68903725.3390779,261.896857448683,0.0,44001212.3650051,0.0,0.0,0.0,293.0,0.0,721.0,0.0,0.0,0.0,0.0,-68687383.6483272,,,,,,BASE,0.0,0,/clusteruy/home/mathiasr/generator-aware-row-scaling/results-revision/r1-internal-scaling/simple-gurobi-1pct/base-scaleflag2/resultados/caso33f_base.csv,/clusteruy/home/mathiasr/generator-aware-row-scaling/results-revision/r1-internal-scaling/simple-gurobi-1pct/base-scaleflag2/resultados/caso33f_base_postprocesado.csv,/clusteruy/home/mathiasr/generator-aware-row-scaling/results-revision/r1-internal-scaling/simple-gurobi-1pct/base-scaleflag2/logs/caso33f_base.log
caso34a.txt,base,OK,0,1.842489575,1.2673962023e-05,-279017613.54162645,-278713000.0,OPTIMAL,-279017648.90421283,1.0,9017.0,0.27,14400.0,10800.0,35590.0,11063.0,9033.0,30173.0,23.17361111111111,16.36111111111111,15.220567575161562,4,Model contains large bounds | Model contains large matrix coefficients | Model contains large rhs | max constraint violation (8.9342e-06) exceeds tolerance,0.002,1000000000.0,0.003,3000.0,5.0,4000000000.0,1.0,10000000000.0,,,,,,,,,0.0,1.842489575,1.0,1.0,1.0,0.0,0.0,0.0,,,0.0,,,,203208.856097,,,1.566995,,0.012714,1.354679,1.566995,1.0,0.287813821736875,,,,,,,,BASE,BASE,,,,,,2.576662577117e-09,5.6843418860808e-14,6.70552253723145e-08,1.60187482833862e-07,718110.431379324,1.56901744500023,37650928.563996,72371663.594332,9.5367431640625e-07,0.0,8.93417745828629e-06,0.0,0.0,0.0,0.0,0.0,2.0,0.0,0.0,0.0,0.0,-279017613.541626,75.8315318436144,0.0,72371663.594332,0.0,0.0,0.0,456.0,0.0,723.0,0.0,0.0,0.0,0.0,-278713452.881336,,,,,,BASE,0.0,0,/clusteruy/home/mathiasr/generator-aware-row-scaling/results-revision/r1-internal-scaling/simple-gurobi-1pct/base-scaleflag2/resultados/caso34a_base.csv,/clusteruy/home/mathiasr/generator-aware-row-scaling/results-revision/r1-internal-scaling/simple-gurobi-1pct/base-scaleflag2/resultados/caso34a_base_postprocesado.csv,/clusteruy/home/mathiasr/generator-aware-row-scaling/results-revision/r1-internal-scaling/simple-gurobi-1pct/base-scaleflag2/logs/caso34a_base.log
caso34b.txt,base,OK,0,1.531437696,0.601971652953933,-285147513.9507698,-287694000.0,OPTIMAL,-286864021.1538563,1.0,8961.0,0.27,14400.0,10800.0,35590.0,11063.0,9033.0,30173.0,23.17361111111111,16.36111111111111,15.220567575161562,4,Model contains large bounds | Model contains large matrix coefficients | Model contains large rhs | max constraint violation (7.6443e-06) exceeds tolerance,0.002,1000000000.0,0.003,3000.0,5.0,4000000000.0,1.0,10000000000.0,,,,,,,,,0.0,1.531437696,1.0,1.0,1.0,0.0,0.0,0.0,,,0.0,,,,116061.925478,,,1.449899,,,,1.449899,1.0,0.316472475997988,,,,,,,,BASE,BASE,,,,,,2.81503083737987e-09,5.6843418860808e-14,5.96107565797867e-08,2.83122062683105e-07,363142.344629056,3.39968984978075,17799870.205849,113403502.435382,7.27595761418343e-12,0.0,7.7318400144577e-06,0.0,0.0,0.0,0.0,0.0,4.0,0.0,0.0,0.0,0.0,-285147513.95077,2011.57407589471,0.0,113403502.435382,0.0,0.0,0.0,1117.0,0.0,732.0,0.0,0.0,0.0,0.0,-287693751.87637,,,,,,BASE,0.0,0,/clusteruy/home/mathiasr/generator-aware-row-scaling/results-revision/r1-internal-scaling/simple-gurobi-1pct/base-scaleflag2/resultados/caso34b_base.csv,/clusteruy/home/mathiasr/generator-aware-row-scaling/results-revision/r1-internal-scaling/simple-gurobi-1pct/base-scaleflag2/resultados/caso34b_base_postprocesado.csv,/clusteruy/home/mathiasr/generator-aware-row-scaling/results-revision/r1-internal-scaling/simple-gurobi-1pct/base-scaleflag2/logs/caso34b_base.log
caso34c.txt,base,OK,0,1.468677343,0.626708738196052,-280958204.3722421,-283680000.0,OPTIMAL,-282718993.98972166,1.0,8537.0,0.27,14400.0,10800.0,35590.0,11063.0,9033.0,30173.0,23.17361111111111,16.36111111111111,15.220567575161562,3,Model contains large bounds | Model contains large matrix coefficients | Model contains large rhs,0.002,1000000000.0,0.005,3000.0,5.0,4000000000.0,1.0,10000000000.0,,,,,,,,,0.0,1.468677343,1.0,1.0,1.0,0.0,0.0,0.0,,,0.0,,,,24211.811048,,,1.387728,,,,1.387728,1.0,0.306784765411642,,,,,,,,BASE,BASE,,,,,,1.61301105240103e-09,5.6843418860808e-14,5.58793544769287e-08,1.71363353729248e-07,499342.498852547,3.90800419854456,36700171.8862007,113355705.647942,7.27595761418343e-12,0.0,5.84870576858521e-07,0.0,0.0,0.0,0.0,0.0,0.0,0.0,0.0,0.0,0.0,-280958204.372242,1891.3036356051,0.0,113355705.647942,0.0,0.0,0.0,1038.0,0.0,721.0,0.0,0.0,0.0,0.0,-283679892.976646,,,,,,BASE,0.0,0,/clusteruy/home/mathiasr/generator-aware-row-scaling/results-revision/r1-internal-scaling/simple-gurobi-1pct/base-scaleflag2/resultados/caso34c_base.csv,/clusteruy/home/mathiasr/generator-aware-row-scaling/results-revision/r1-internal-scaling/simple-gurobi-1pct/base-scaleflag2/resultados/caso34c_base_postprocesado.csv,/clusteruy/home/mathiasr/generator-aware-row-scaling/results-revision/r1-internal-scaling/simple-gurobi-1pct/base-scaleflag2/logs/caso34c_base.log
caso34d.txt,base,OK,0,1.55047991,0.135066561097432,-183055742.59529626,-183261000.0,OPTIMAL,-183302989.6917111,1.0,8279.0,0.27,14400.0,10800.0,35590.0,11333.0,8815.0,30629.0,21.29861111111111,18.37962962962963,13.939308794605227,4,Model contains large bounds | Model contains large matrix coefficients | Model contains large rhs | max constraint violation (9.9656e-06) exceeds tolerance,0.002,1000000000.0,0.003,2000.0,5.0,4000000000.0,1.0,10000000000.0,,,,,,,,,0.0,1.55047991,1.0,1.0,1.0,0.0,0.0,0.0,,,0.0,,,,1071796.95599,,,1.431644,,,,1.431644,1.0,0.307557887351864,,,,,,,,BASE,BASE,,,,,,4.50341280647191e-09,3.72529029846191e-09,1.14786089397967e-07,8.19696388987268e-07,725845.703985602,0.325699848771729,42453907.7569071,67339493.2783516,1.43051147460938e-06,0.0,9.88040119409561e-06,0.0,0.0,0.0,1.0,0.0,1.0,0.0,0.0,0.0,0.0,-183055742.595296,6.83210755262291,0.0,67339493.2783516,0.0,0.0,0.0,258.0,0.0,874.0,0.0,0.0,0.0,0.0,-183261279.732781,,,,,,BASE,0.0,0,/clusteruy/home/mathiasr/generator-aware-row-scaling/results-revision/r1-internal-scaling/simple-gurobi-1pct/base-scaleflag2/resultados/caso34d_base.csv,/clusteruy/home/mathiasr/generator-aware-row-scaling/results-revision/r1-internal-scaling/simple-gurobi-1pct/base-scaleflag2/resultados/caso34d_base_postprocesado.csv,/clusteruy/home/mathiasr/generator-aware-row-scaling/results-revision/r1-internal-scaling/simple-gurobi-1pct/base-scaleflag2/logs/caso34d_base.log
caso34e.txt,base,OK,0,1.505672845,0.885003199857637,-189183058.1109646,-191191000.0,OPTIMAL,-190857334.22883517,1.0,8824.0,0.27,14400.0,10800.0,35590.0,11333.0,8815.0,30629.0,21.29861111111111,18.37962962962963,13.939308794605227,4,Model contains large bounds | Model contains large matrix coefficients | Model contains large rhs | max constraint violation (3.5763e-06) exceeds tolerance,0.002,1000000000.0,0.003,2000.0,5.0,4000000000.0,1.0,10000000000.0,,,,,,,,,0.0,1.505672845,1.0,1.0,1.0,0.0,0.0,0.0,,,0.0,,,,842678.597155,,,1.394534,,,,1.394534,1.0,0.319241148885745,,,,,,,,BASE,BASE,,,,,,3.98640883690413e-09,7.27595761418343e-12,1.37835741043091e-07,3.42726707458496e-07,310041.587293983,1.63709512896175,14800664.2224459,35455696.7058923,5.93731533426321e-08,0.0,3.57633689418435e-06,1.45630798339844e-09,0.0,0.0,0.0,0.0,2.0,0.0,0.0,0.0,0.0,-189183058.110965,904.678328822534,0.0,35455696.7058923,1.45630798339844e-09,0.0,0.0,449.0,0.0,952.0,0.0,0.0,0.0,0.0,-191190778.035908,,,,,,BASE,0.0,0,/clusteruy/home/mathiasr/generator-aware-row-scaling/results-revision/r1-internal-scaling/simple-gurobi-1pct/base-scaleflag2/resultados/caso34e_base.csv,/clusteruy/home/mathiasr/generator-aware-row-scaling/results-revision/r1-internal-scaling/simple-gurobi-1pct/base-scaleflag2/resultados/caso34e_base_postprocesado.csv,/clusteruy/home/mathiasr/generator-aware-row-scaling/results-revision/r1-internal-scaling/simple-gurobi-1pct/base-scaleflag2/logs/caso34e_base.log
caso34f.txt,base,OK,0,1.731721731,0.000953485620613,-186822733.4191614,-187235000.0,OPTIMAL,-186824514.7470606,1.0,9304.0,0.27,14400.0,10800.0,35590.0,11333.0,8815.0,30629.0,21.29861111111111,18.37962962962963,13.939308794605227,4,Model contains large bounds | Model contains large matrix coefficients | Model contains large rhs | max constraint violation (8.9621e-06) exceeds tolerance,0.002,1000000000.0,0.005,2000.0,5.0,4000000000.0,1.0,10000000000.0,,,,,,,,,0.0,1.731721731,1.0,1.0,1.0,0.0,0.0,0.0,,,0.0,,,,1066762.363626,,,1.650204,,0.019198,1.478449,1.650204,1.0,0.284356165561049,,,,,,,,BASE,BASE,,,,,,4.74182593802943e-09,3.72529029846191e-09,1.16069568321109e-07,8.19696388987268e-07,661873.178018088,0.199566906419737,37819781.2154777,66405407.296762,9.5367431640625e-07,0.0,8.91368836164474e-06,0.0,0.0,0.0,0.0,0.0,2.0,0.0,0.0,0.0,0.0,-186822733.419161,6.73979959387915,0.0,66405407.296762,0.0,0.0,0.0,250.0,0.0,875.0,0.0,0.0,0.0,0.0,-187235169.527784,,,,,,BASE,0.0,0,/clusteruy/home/mathiasr/generator-aware-row-scaling/results-revision/r1-internal-scaling/simple-gurobi-1pct/base-scaleflag2/resultados/caso34f_base.csv,/clusteruy/home/mathiasr/generator-aware-row-scaling/results-revision/r1-internal-scaling/simple-gurobi-1pct/base-scaleflag2/resultados/caso34f_base_postprocesado.csv,/clusteruy/home/mathiasr/generator-aware-row-scaling/results-revision/r1-internal-scaling/simple-gurobi-1pct/base-scaleflag2/logs/caso34f_base.log
caso35a.txt,base,OK,0,61.09492673,0.867818493299781,-572071042.2199811,-572440000.0,OPTIMAL,-577035580.5191789,16789.0,684808.0,0.21,14400.0,10800.0,35590.0,10026.0,8022.0,26876.0,30.375,25.72222222222222,24.484405731947177,3,Model contains large bounds | Model contains large matrix coefficients | Model contains large rhs,0.002,2000000000.0,0.003,3000.0,5.0,4000000000.0,1.0,10000000000.0,,,,,,,,,0.0,61.09492673,1.0,1.0,1.0,0.0,0.0,0.0,,,0.0,,,,728607.289467,,,75.5553,,0.058057,4.960901,75.5553,1.0,0.095150929460535,,,,,,,,BASE,BASE,,,,,,3.77342452927316e-09,1.13686837721616e-13,1.15483999252319e-07,2.36555933952332e-07,359152.840109456,3.4356952040135,12960246.4537343,370351177.401959,1.45519152283669e-11,0.0,7.13393092155457e-07,0.0,0.0,0.0,0.0,0.0,0.0,0.0,0.0,0.0,0.0,-572071042.219981,1054.18559528446,0.0,370351177.401959,0.0,0.0,0.0,289.0,0.0,1064.0,0.0,0.0,0.0,0.0,-572439519.003339,,,,,,BASE,0.0,0,/clusteruy/home/mathiasr/generator-aware-row-scaling/results-revision/r1-internal-scaling/simple-gurobi-1pct/base-scaleflag2/resultados/caso35a_base.csv,/clusteruy/home/mathiasr/generator-aware-row-scaling/results-revision/r1-internal-scaling/simple-gurobi-1pct/base-scaleflag2/resultados/caso35a_base_postprocesado.csv,/clusteruy/home/mathiasr/generator-aware-row-scaling/results-revision/r1-internal-scaling/simple-gurobi-1pct/base-scaleflag2/logs/caso35a_base.log
caso35b.txt,base,OK,0,2.406997897,0.9998989936346,-578489875.292994,-581736000.0,OPTIMAL,-584274189.7343267,1.0,10575.0,0.21,14400.0,10800.0,35590.0,10026.0,8022.0,26876.0,30.375,25.72222222222222,24.484405731947177,4,Model contains large bounds | Model contains large matrix coefficients | Model contains large rhs | max constraint violation (2.3842e-06) exceeds tolerance,0.002,2000000000.0,0.003,3000.0,5.0,4000000000.0,1.0,10000000000.0,,,,,,,,,0.0,2.406997897,1.0,1.0,1.0,0.0,0.0,0.0,,,0.0,,,,139901.821816,,,2.274696,,0.010041,2.01604,2.274696,1.0,0.163740731574619,,,,,,,,BASE,BASE,,,,,,3.81457217569276e-09,5.6843418860808e-14,1.15483999252319e-07,3.18512320518494e-07,234789.310212279,3.11455150806417,9208879.24503599,37948500.060896,3.63797880709171e-12,0.0,2.38418579101562e-06,0.0,0.0,0.0,0.0,0.0,1.0,0.0,0.0,0.0,0.0,-578489875.292994,1744.06052541234,0.0,37948500.060896,0.0,0.0,0.0,899.0,0.0,1061.0,0.0,0.0,0.0,0.0,-581736414.003247,,,,,,BASE,0.0,0,/clusteruy/home/mathiasr/generator-aware-row-scaling/results-revision/r1-internal-scaling/simple-gurobi-1pct/base-scaleflag2/resultados/caso35b_base.csv,/clusteruy/home/mathiasr/generator-aware-row-scaling/results-revision/r1-internal-scaling/simple-gurobi-1pct/base-scaleflag2/resultados/caso35b_base_postprocesado.csv,/clusteruy/home/mathiasr/generator-aware-row-scaling/results-revision/r1-internal-scaling/simple-gurobi-1pct/base-scaleflag2/logs/caso35b_base.log
caso35c.txt,base,OK,0,5.402359068,0.999985794499376,-574548682.0473292,-578188000.0,OPTIMAL,-580294087.2502859,57.0,42839.0,0.21,14400.0,10800.0,35590.0,10026.0,8022.0,26876.0,30.375,25.72222222222222,24.484405731947177,4,Model contains large bounds | Model contains large matrix coefficients | Model contains large rhs | max constraint violation (2.8848e-06) exceeds tolerance,0.002,2000000000.0,0.005,3000.0,5.0,4000000000.0,1.0,10000000000.0,,,,,,,,,0.0,5.402359068,1.0,1.0,1.0,0.0,0.0,0.0,,,0.0,,,,198423.663329,,,5.040217,,0.010052,3.414752,5.040217,1.0,0.072719919889209,,,,,,,,BASE,BASE,,,,,,2.68429213913281e-09,5.50670620214078e-14,9.22009348869324e-08,2.27242708206177e-07,347723.386076425,2.52780298123648,8178688.527545,381115111.196027,1.19229071060545e-11,0.0,2.88477167487144e-06,0.0,0.0,0.0,0.0,0.0,1.0,0.0,0.0,0.0,0.0,-574548682.047329,1644.35942249659,0.0,381115111.196027,0.0,0.0,0.0,742.0,0.0,1063.0,0.0,0.0,0.0,0.0,-578187749.254972,,,,,,BASE,0.0,0,/clusteruy/home/mathiasr/generator-aware-row-scaling/results-revision/r1-internal-scaling/simple-gurobi-1pct/base-scaleflag2/resultados/caso35c_base.csv,/clusteruy/home/mathiasr/generator-aware-row-scaling/results-revision/r1-internal-scaling/simple-gurobi-1pct/base-scaleflag2/resultados/caso35c_base_postprocesado.csv,/clusteruy/home/mathiasr/generator-aware-row-scaling/results-revision/r1-internal-scaling/simple-gurobi-1pct/base-scaleflag2/logs/caso35c_base.log
caso35d.txt,base,OK,0,0.834157929,0.888904077490668,-342065639.86075234,-343692000.0,OPTIMAL,-345106275.2811691,1.0,6656.0,0.21,14400.0,10800.0,35590.0,9648.0,7435.0,25927.0,33.0,31.15740740740741,27.150885080078673,4,Model contains large bounds | Model contains large matrix coefficients | Model contains large rhs | max constraint violation (2.8862e-06) exceeds tolerance,0.002,2000000000.0,0.003,2000.0,5.0,4000000000.0,1.0,10000000000.0,,,,,,,,,0.0,0.834157929,1.0,1.0,1.0,0.0,0.0,0.0,,,0.0,,,,134288.425414,,,0.895368,,,,0.895368,1.0,0.255914551019615,,,,,,,,BASE,BASE,,,,,,2.15118688430395e-09,2.8421709430404e-14,8.00937414169312e-08,9.63095885708753e-07,249100.858965122,4.83500025507015,11122204.7785609,30571944.2894932,2.8421709430404e-14,0.0,2.88616865873337e-06,0.0,0.0,0.0,0.0,0.0,1.0,0.0,0.0,0.0,0.0,-342065639.860752,56.2295319761761,0.0,30571944.2894932,0.0,0.0,0.0,9.0,0.0,1078.0,0.0,0.0,0.0,0.0,-343691913.832732,,,,,,BASE,0.0,0,/clusteruy/home/mathiasr/generator-aware-row-scaling/results-revision/r1-internal-scaling/simple-gurobi-1pct/base-scaleflag2/resultados/caso35d_base.csv,/clusteruy/home/mathiasr/generator-aware-row-scaling/results-revision/r1-internal-scaling/simple-gurobi-1pct/base-scaleflag2/resultados/caso35d_base_postprocesado.csv,/clusteruy/home/mathiasr/generator-aware-row-scaling/results-revision/r1-internal-scaling/simple-gurobi-1pct/base-scaleflag2/logs/caso35d_base.log
caso35e.txt,base,OK,0,0.793864585,0.82279938940327,-349736087.267019,-352727000.0,OPTIMAL,-352613713.6575749,1.0,6116.0,0.21,14400.0,10800.0,35590.0,9648.0,7435.0,25927.0,33.0,31.15740740740741,27.150885080078673,4,Model contains large bounds | Model contains large matrix coefficients | Model contains large rhs | max constraint violation (6.2268e-06) exceeds tolerance,0.002,2000000000.0,0.003,2000.0,5.0,4000000000.0,1.0,10000000000.0,,,,,,,,,0.0,0.793864585,1.0,1.0,1.0,0.0,0.0,0.0,,,0.0,,,,53210.969733,,,0.84745,,,,0.84745,1.0,0.27180650771823,,,,,,,,BASE,BASE,,,,,,3.02777234646877e-09,2.8421709430404e-14,9.12696123123169e-08,9.63095885708753e-07,947220.390264896,1.94197531642301,45727278.8084794,82592473.043399,7.27595761418343e-12,0.0,6.19189813733101e-06,0.0,0.0,0.0,0.0,0.0,4.0,0.0,0.0,0.0,0.0,-349736087.267019,5.29838498634282,0.0,82592473.043399,0.0,0.0,0.0,61.0,0.0,1084.0,0.0,0.0,0.0,0.0,-352726788.413335,,,,,,BASE,0.0,0,/clusteruy/home/mathiasr/generator-aware-row-scaling/results-revision/r1-internal-scaling/simple-gurobi-1pct/base-scaleflag2/resultados/caso35e_base.csv,/clusteruy/home/mathiasr/generator-aware-row-scaling/results-revision/r1-internal-scaling/simple-gurobi-1pct/base-scaleflag2/resultados/caso35e_base_postprocesado.csv,/clusteruy/home/mathiasr/generator-aware-row-scaling/results-revision/r1-internal-scaling/simple-gurobi-1pct/base-scaleflag2/logs/caso35e_base.log
caso35f.txt,base,OK,0,0.885440432,0.866030590213848,-345456684.5905124,-348458000.0,OPTIMAL,-348448445.1550048,1.0,6462.0,0.21,14400.0,10800.0,35590.0,9648.0,7435.0,25927.0,33.0,31.15740740740741,27.150885080078673,4,Model contains large bounds | Model contains large matrix coefficients | Model contains large rhs | max constraint violation (9.2983e-06) exceeds tolerance,0.002,2000000000.0,0.005,2000.0,5.0,4000000000.0,1.0,10000000000.0,,,,,,,,,0.0,0.885440432,1.0,1.0,1.0,0.0,0.0,0.0,,,0.0,,,,16138.220843,,,0.984422,,,,0.984422,1.0,0.258797193968292,,,,,,,,BASE,BASE,,,,,,3.05453070935534e-09,2.8421709430404e-14,9.12696123123169e-08,9.63095885708753e-07,928089.663953031,2.04691424324951,44840761.9209196,77146425.6215844,2.8421709430404e-14,0.0,9.33697447180748e-06,0.0,0.0,0.0,0.0,0.0,2.0,0.0,0.0,0.0,0.0,-345456684.590512,5.3927759161493,0.0,77146425.6215844,0.0,0.0,0.0,81.0,0.0,1079.0,0.0,0.0,0.0,0.0,-348458252.467815,,,,,,BASE,0.0,0,/clusteruy/home/mathiasr/generator-aware-row-scaling/results-revision/r1-internal-scaling/simple-gurobi-1pct/base-scaleflag2/resultados/caso35f_base.csv,/clusteruy/home/mathiasr/generator-aware-row-scaling/results-revision/r1-internal-scaling/simple-gurobi-1pct/base-scaleflag2/resultados/caso35f_base_postprocesado.csv,/clusteruy/home/mathiasr/generator-aware-row-scaling/results-revision/r1-internal-scaling/simple-gurobi-1pct/base-scaleflag2/logs/caso35f_base.log
caso42a.txt,base,OK,0,3.200646064,0.004047643906055,-410342804.65269434,-410122000.0,OPTIMAL,-410359413.8682208,1.0,12729.0,0.21,14400.0,10800.0,35590.0,9798.0,8177.0,26122.0,31.958333333333332,24.287037037037038,26.602978364709188,3,Model contains large bounds | Model contains large matrix coefficients | Model contains large rhs,0.003,2000000000.0,0.003,3000.0,5.0,7000000000.0,1.0,10000000000.0,,,,,,,,,0.0,3.200646064,1.0,1.0,1.0,0.0,0.0,0.0,,,0.0,,,,350174.805354,,,2.967019,,,,2.967019,1.0,0.908054689438233,,,,,,,,BASE,BASE,,,,,,5.19147101159527e-09,3.72529029846191e-09,1.57398171722889e-07,7.70203769207001e-07,178747.596735467,7.72958138904232,8165246.73292703,30229186.062436,3.63797880709171e-12,0.0,7.70203769207001e-07,0.0,0.0,0.0,0.0,0.0,0.0,0.0,0.0,0.0,0.0,-410342804.652694,877.390969251195,0.0,30229186.062436,0.0,0.0,0.0,1379.0,0.0,1041.0,0.0,0.0,0.0,0.0,-410122106.838885,,,,,,BASE,0.0,0,/clusteruy/home/mathiasr/generator-aware-row-scaling/results-revision/r1-internal-scaling/simple-gurobi-1pct/base-scaleflag2/resultados/caso42a_base.csv,/clusteruy/home/mathiasr/generator-aware-row-scaling/results-revision/r1-internal-scaling/simple-gurobi-1pct/base-scaleflag2/resultados/caso42a_base_postprocesado.csv,/clusteruy/home/mathiasr/generator-aware-row-scaling/results-revision/r1-internal-scaling/simple-gurobi-1pct/base-scaleflag2/logs/caso42a_base.log
caso42b.txt,base,OK,0,2.691622646,0.015902717275981,-424503668.3163221,-424606000.0,OPTIMAL,-424571175.9345206,1.0,12457.0,0.21,14400.0,10800.0,35590.0,9798.0,8177.0,26122.0,31.958333333333332,24.287037037037038,26.602978364709188,4,Model contains large bounds | Model contains large matrix coefficients | Model contains large rhs | max constraint violation (1.1160e-06) exceeds tolerance,0.003,2000000000.0,0.003,3000.0,5.0,7000000000.0,1.0,10000000000.0,,,,,,,,,0.0,2.691622646,1.0,1.0,1.0,0.0,0.0,0.0,,,0.0,,,,742207.615175,,,2.686782,,,,2.686782,1.0,0.166513797975747,,,,,,,,BASE,BASE,,,,,,6.49392388119119e-09,3.72529029846191e-09,2.08639539778233e-07,6.40749931335449e-07,110975.779329743,3.64198779075857,5193562.24543565,17315140.0586028,3.63797880709171e-12,0.0,1.115957275033e-06,0.0,0.0,0.0,0.0,0.0,1.0,0.0,0.0,0.0,0.0,-424503668.316322,1984.42825263451,0.0,17315140.0586028,0.0,0.0,0.0,1397.0,0.0,1033.0,0.0,0.0,0.0,0.0,-424605525.05878,,,,,,BASE,0.0,0,/clusteruy/home/mathiasr/generator-aware-row-scaling/results-revision/r1-internal-scaling/simple-gurobi-1pct/base-scaleflag2/resultados/caso42b_base.csv,/clusteruy/home/mathiasr/generator-aware-row-scaling/results-revision/r1-internal-scaling/simple-gurobi-1pct/base-scaleflag2/resultados/caso42b_base_postprocesado.csv,/clusteruy/home/mathiasr/generator-aware-row-scaling/results-revision/r1-internal-scaling/simple-gurobi-1pct/base-scaleflag2/logs/caso42b_base.log
caso42c.txt,base,OK,0,3.107752252,0.005943962739805,-417331261.72121346,-417166000.0,OPTIMAL,-417356067.7359117,1.0,12289.0,0.21,14400.0,10800.0,35590.0,9798.0,8177.0,26122.0,31.958333333333332,24.287037037037038,26.602978364709188,3,Model contains large bounds | Model contains large matrix coefficients | Model contains large rhs,0.003,2000000000.0,0.005,3000.0,5.0,7000000000.0,1.0,10000000000.0,,,,,,,,,0.0,3.107752252,1.0,1.0,1.0,0.0,0.0,0.0,,,0.0,,,,350174.805354,,,2.80757,,,,2.80757,1.0,0.904196248941923,,,,,,,,BASE,BASE,,,,,,5.18361083938695e-09,3.72529029846191e-09,1.564621925354e-07,8.20960849523544e-07,168562.991803944,8.68309035211405,8049793.97241527,17315140.0586028,3.63797880709171e-12,0.0,8.20960849523544e-07,0.0,0.0,0.0,0.0,0.0,0.0,0.0,0.0,0.0,0.0,-417331261.721213,1013.28476751082,0.0,17315140.0586028,0.0,0.0,0.0,1445.0,0.0,1038.0,0.0,0.0,0.0,0.0,-417166177.87639,,,,,,BASE,0.0,0,/clusteruy/home/mathiasr/generator-aware-row-scaling/results-revision/r1-internal-scaling/simple-gurobi-1pct/base-scaleflag2/resultados/caso42c_base.csv,/clusteruy/home/mathiasr/generator-aware-row-scaling/results-revision/r1-internal-scaling/simple-gurobi-1pct/base-scaleflag2/resultados/caso42c_base_postprocesado.csv,/clusteruy/home/mathiasr/generator-aware-row-scaling/results-revision/r1-internal-scaling/simple-gurobi-1pct/base-scaleflag2/logs/caso42c_base.log
caso42d.txt,base,OK,0,1.405952003,0.614656124733174,-313356460.8440429,-315983000.0,OPTIMAL,-315282525.5228679,1.0,8680.0,0.21,14400.0,10800.0,35590.0,9565.0,7727.0,25510.0,33.576388888888886,28.453703703703702,28.322562517561114,4,Model contains large bounds | Model contains large matrix coefficients | Model contains large rhs | max constraint violation (9.1405e-06) exceeds tolerance,0.003,2000000000.0,0.003,2000.0,5.0,7000000000.0,1.0,10000000000.0,,,,,,,,,0.0,1.405952003,1.0,1.0,1.0,0.0,0.0,0.0,,,0.0,,,,21783.752773,,,1.296122,,,,1.296122,1.0,0.250758175311416,,,,,,,,BASE,BASE,,,,,,2.87668474809314e-09,2.8421709430404e-14,5.72809949517251e-08,1.7508864402771e-07,616216.401877794,5.84478286028329,23658470.2612929,319812946.148909,7.27595761418343e-12,0.0,9.14046540856361e-06,0.0,0.0,0.0,0.0,0.0,2.0,0.0,0.0,0.0,0.0,-313356460.844043,1890.20223920709,0.0,319812946.148909,0.0,0.0,0.0,605.0,0.0,1054.0,0.0,0.0,0.0,0.0,-315982799.061545,,,,,,BASE,0.0,0,/clusteruy/home/mathiasr/generator-aware-row-scaling/results-revision/r1-internal-scaling/simple-gurobi-1pct/base-scaleflag2/resultados/caso42d_base.csv,/clusteruy/home/mathiasr/generator-aware-row-scaling/results-revision/r1-internal-scaling/simple-gurobi-1pct/base-scaleflag2/resultados/caso42d_base_postprocesado.csv,/clusteruy/home/mathiasr/generator-aware-row-scaling/results-revision/r1-internal-scaling/simple-gurobi-1pct/base-scaleflag2/logs/caso42d_base.log
caso42e.txt,base,OK,0,1.671030251,0.563235389021209,-326874786.56761956,-329156000.0,OPTIMAL,-328715861.04335594,1.0,9354.0,0.22,14400.0,10800.0,35590.0,9565.0,7727.0,25510.0,33.576388888888886,28.453703703703702,28.322562517561114,3,Model contains large bounds | Model contains large matrix coefficients | Model contains large rhs,0.003,2000000000.0,0.003,2000.0,5.0,7000000000.0,1.0,10000000000.0,,,,,,,,,0.0,1.671030251,1.0,1.0,1.0,0.0,0.0,0.0,,,0.0,,,,209476.955181,,,1.645513,,,,1.645513,1.0,0.243967574711964,,,,,,,,BASE,BASE,,,,,,3.62879860744534e-09,4.99156271871445e-14,1.14087015390396e-07,2.60770320892334e-07,275976.656229444,3.01204593704452,5195395.86504172,51105655.5282674,7.27595761418343e-12,0.0,9.5367431640625e-07,0.0,0.0,0.0,0.0,0.0,0.0,0.0,0.0,0.0,0.0,-326874786.56762,2002.42115972115,0.0,51105655.5282674,0.0,0.0,0.0,1014.0,0.0,1059.0,0.0,0.0,0.0,0.0,-329155898.368138,,,,,,BASE,0.0,0,/clusteruy/home/mathiasr/generator-aware-row-scaling/results-revision/r1-internal-scaling/simple-gurobi-1pct/base-scaleflag2/resultados/caso42e_base.csv,/clusteruy/home/mathiasr/generator-aware-row-scaling/results-revision/r1-internal-scaling/simple-gurobi-1pct/base-scaleflag2/resultados/caso42e_base_postprocesado.csv,/clusteruy/home/mathiasr/generator-aware-row-scaling/results-revision/r1-internal-scaling/simple-gurobi-1pct/base-scaleflag2/logs/caso42e_base.log
caso42f.txt,base,OK,0,1.499752259,0.604310928065603,-319721586.3956853,-322846000.0,OPTIMAL,-321653698.88165915,1.0,9134.0,0.21,14400.0,10800.0,35590.0,9565.0,7727.0,25510.0,33.576388888888886,28.453703703703702,28.322562517561114,3,Model contains large bounds | Model contains large matrix coefficients | Model contains large rhs,0.003,2000000000.0,0.005,2000.0,5.0,7000000000.0,1.0,10000000000.0,,,,,,,,,0.0,1.499752259,1.0,1.0,1.0,0.0,0.0,0.0,,,0.0,,,,28671.853014,,,1.367853,,,,1.367853,1.0,0.256417758106386,,,,,,,,BASE,BASE,,,,,,1.70855674868685e-09,2.8421709430404e-14,5.86733222007751e-08,1.78813934326172e-07,414725.842622253,5.21163554832188,7056836.04784255,319812946.148909,1.81898940354586e-12,0.0,2.38418579101562e-07,0.0,0.0,0.0,0.0,0.0,0.0,0.0,0.0,0.0,0.0,-319721586.395686,1890.20223920709,0.0,319812946.148909,0.0,0.0,0.0,759.0,0.0,1052.0,0.0,0.0,0.0,0.0,-322845630.764775,,,,,,BASE,0.0,0,/clusteruy/home/mathiasr/generator-aware-row-scaling/results-revision/r1-internal-scaling/simple-gurobi-1pct/base-scaleflag2/resultados/caso42f_base.csv,/clusteruy/home/mathiasr/generator-aware-row-scaling/results-revision/r1-internal-scaling/simple-gurobi-1pct/base-scaleflag2/resultados/caso42f_base_postprocesado.csv,/clusteruy/home/mathiasr/generator-aware-row-scaling/results-revision/r1-internal-scaling/simple-gurobi-1pct/base-scaleflag2/logs/caso42f_base.log
caso43a.txt,base,OK,0,51.916669868,0.011455919001729,-375870482.913786,-374832000.0,OPTIMAL,-375913542.33186,9571.0,594113.0,0.26,14400.0,10800.0,35590.0,11806.0,9203.0,31572.0,18.01388888888889,14.787037037037036,11.289688114638944,3,Model contains large bounds | Model contains large matrix coefficients | Model contains large rhs,0.003,1000000000.0,0.003,3000.0,5.0,7000000000.0,1.0,10000000000.0,,,,,,,,,0.0,51.916669868,1.0,1.0,1.0,0.0,0.0,0.0,,,0.0,,,,1092846.244794,,,65.021195,,3.410716,5.274145,65.021195,1.0,0.500559461417616,,,,,,,,BASE,BASE,,,,,,6.0785880665119e-09,7.45058059692383e-09,1.91857106983662e-07,3.24100255966187e-07,689974.051344192,6.31582070596228,28413049.4388424,355293157.790273,8.71257412882187e-08,0.0,8.96397978067398e-07,0.0,0.0,0.0,0.0,0.0,0.0,0.0,0.0,0.0,0.0,-375870482.913786,1498.36166102954,0.0,355293157.790273,0.0,0.0,0.0,1160.0,0.0,988.0,0.0,0.0,0.0,0.0,-374831871.248424,,,,,,BASE,0.0,0,/clusteruy/home/mathiasr/generator-aware-row-scaling/results-revision/r1-internal-scaling/simple-gurobi-1pct/base-scaleflag2/resultados/caso43a_base.csv,/clusteruy/home/mathiasr/generator-aware-row-scaling/results-revision/r1-internal-scaling/simple-gurobi-1pct/base-scaleflag2/resultados/caso43a_base_postprocesado.csv,/clusteruy/home/mathiasr/generator-aware-row-scaling/results-revision/r1-internal-scaling/simple-gurobi-1pct/base-scaleflag2/logs/caso43a_base.log
caso43b.txt,base,OK,0,22.052160506,0.320514689121795,-390763329.9824053,-396687000.0,OPTIMAL,-392015783.8547004,1330.0,185575.0,0.26,14400.0,10800.0,35590.0,11806.0,9203.0,31572.0,18.01388888888889,14.787037037037036,11.289688114638944,3,Model contains large bounds | Model contains large matrix coefficients | Model contains large rhs,0.003,1000000000.0,0.003,3000.0,5.0,7000000000.0,1.0,10000000000.0,,,,,,,,,0.0,22.052160506,1.0,1.0,1.0,0.0,0.0,0.0,,,0.0,,,,366768.781113,,,25.602415,,2.760588,5.665279,25.602415,1.0,0.987502894516408,,,,,,,,BASE,BASE,,,,,,3.67634868290229e-09,6.3948846218409e-14,9.68808308243757e-08,2.03028321266174e-07,865044.326180255,6.66631602469012,18085438.9446701,383537290.320061,3.63797880709171e-12,0.0,9.5367431640625e-07,0.0,0.0,0.0,0.0,0.0,0.0,0.0,0.0,0.0,0.0,-390763329.982405,30392.7314610454,0.0,383537290.320061,0.0,0.0,0.0,693.0,0.0,884.0,0.0,0.0,0.0,0.0,-396687271.14819,,,,,,BASE,0.0,0,/clusteruy/home/mathiasr/generator-aware-row-scaling/results-revision/r1-internal-scaling/simple-gurobi-1pct/base-scaleflag2/resultados/caso43b_base.csv,/clusteruy/home/mathiasr/generator-aware-row-scaling/results-revision/r1-internal-scaling/simple-gurobi-1pct/base-scaleflag2/resultados/caso43b_base_postprocesado.csv,/clusteruy/home/mathiasr/generator-aware-row-scaling/results-revision/r1-internal-scaling/simple-gurobi-1pct/base-scaleflag2/logs/caso43b_base.log
caso43c.txt,base,OK,0,56.119536668,0.992748601595638,-380128708.71712434,-391205000.0,OPTIMAL,-383902431.15717715,9298.0,895899.0,0.26,14400.0,10800.0,35590.0,11806.0,9203.0,31572.0,18.01388888888889,14.787037037037036,11.289688114638944,4,Model contains large bounds | Model contains large matrix coefficients | Model contains large rhs | max constraint violation (1.4165e-06) exceeds tolerance,0.003,1000000000.0,0.005,3000.0,5.0,7000000000.0,1.0,10000000000.0,,,,,,,,,0.0,56.119536668,1.0,1.0,1.0,0.0,0.0,0.0,,,0.0,,,,949131.114764,,,68.85704,,3.05377,5.272091,68.85704,1.0,0.560456379940408,,,,,,,,BASE,BASE,,,,,,3.00065122965253e-09,2.8421709430404e-14,8.5681676864624e-08,1.67638063430786e-07,1179153.04646778,4.78613141631166,11903798.8364359,854564376.316937,9.5367431640625e-07,0.0,1.41654163599014e-06,1.00658677842882e-08,0.0,3.44169137633799e-15,0.0,0.0,1.0,0.0,0.0,0.0,0.0,-380128708.717124,1289.03172309159,0.0,854564376.316937,1.00658677842882e-08,0.0,3.44169137633799e-15,981.0,0.0,881.0,0.0,0.0,0.0,0.0,-391205367.672988,,,,,,BASE,0.0,0,/clusteruy/home/mathiasr/generator-aware-row-scaling/results-revision/r1-internal-scaling/simple-gurobi-1pct/base-scaleflag2/resultados/caso43c_base.csv,/clusteruy/home/mathiasr/generator-aware-row-scaling/results-revision/r1-internal-scaling/simple-gurobi-1pct/base-scaleflag2/resultados/caso43c_base_postprocesado.csv,/clusteruy/home/mathiasr/generator-aware-row-scaling/results-revision/r1-internal-scaling/simple-gurobi-1pct/base-scaleflag2/logs/caso43c_base.log
caso43d.txt,base,OK,0,112.044890538,0.120245078564765,-287566868.5362464,-288987000.0,OPTIMAL,-287912653.54324406,15894.0,1692635.0,0.27,14400.0,10800.0,35590.0,11681.0,8846.0,31205.0,18.881944444444443,18.09259259259259,12.32087665074459,3,Model contains large bounds | Model contains large matrix coefficients | Model contains large rhs,0.003,1000000000.0,0.003,2000.0,5.0,7000000000.0,1.0,10000000000.0,,,,,,,,,0.0,112.044890538,1.0,1.0,1.0,0.0,0.0,0.0,,,0.0,,,,71255.221561,,,133.306668,,0.047797,4.065711,133.306668,1.0,0.035562572308424,,,,,,,,BASE,BASE,,,,,,2.92640289271839e-09,7.63833440942108e-14,9.49949026107788e-08,2.88709998130798e-07,1132981.13637155,3.07361573515344,37190235.2925482,797528060.131678,3.41060513164848e-12,0.0,5.82542270421982e-07,0.0,0.0,0.0,0.0,0.0,0.0,0.0,0.0,0.0,0.0,-287566868.536246,957.371041022932,0.0,797528060.131678,0.0,0.0,0.0,450.0,0.0,1046.0,0.0,0.0,0.0,0.0,-288986577.955669,,,,,,BASE,0.0,0,/clusteruy/home/mathiasr/generator-aware-row-scaling/results-revision/r1-internal-scaling/simple-gurobi-1pct/base-scaleflag2/resultados/caso43d_base.csv,/clusteruy/home/mathiasr/generator-aware-row-scaling/results-revision/r1-internal-scaling/simple-gurobi-1pct/base-scaleflag2/resultados/caso43d_base_postprocesado.csv,/clusteruy/home/mathiasr/generator-aware-row-scaling/results-revision/r1-internal-scaling/simple-gurobi-1pct/base-scaleflag2/logs/caso43d_base.log
caso43e.txt,base,OK,0,119.85596269,0.925976859498216,-300624525.53580046,-302028000.0,OPTIMAL,-303408239.0762383,13055.0,2243073.0,0.27,14400.0,10800.0,35590.0,11681.0,8846.0,31205.0,18.881944444444443,18.09259259259259,12.32087665074459,4,Model contains large bounds | Model contains large matrix coefficients | Model contains large rhs | max constraint violation (1.1569e-06) exceeds tolerance,0.003,1000000000.0,0.003,2000.0,5.0,7000000000.0,1.0,10000000000.0,,,,,,,,,0.0,119.85596269,1.0,1.0,1.0,0.0,0.0,0.0,,,0.0,,,,610385.514964,,,154.503878,,0.045397,4.210129,154.503878,1.0,0.042159947102133,,,,,,,,BASE,BASE,,,,,,3.90036391980243e-09,2.27373675443232e-13,1.25214573927224e-07,2.08616256713867e-07,674626.869243741,3.27126555135913,30017193.8096599,332875824.704951,2.72848410531878e-12,0.0,1.03958882391453e-06,0.0,0.0,0.0,0.0,0.0,1.0,0.0,0.0,0.0,0.0,-300624525.5358,1085.02051315932,0.0,332875824.704951,0.0,0.0,0.0,588.0,0.0,1064.0,0.0,0.0,0.0,0.0,-302028455.299712,,,,,,BASE,0.0,0,/clusteruy/home/mathiasr/generator-aware-row-scaling/results-revision/r1-internal-scaling/simple-gurobi-1pct/base-scaleflag2/resultados/caso43e_base.csv,/clusteruy/home/mathiasr/generator-aware-row-scaling/results-revision/r1-internal-scaling/simple-gurobi-1pct/base-scaleflag2/resultados/caso43e_base_postprocesado.csv,/clusteruy/home/mathiasr/generator-aware-row-scaling/results-revision/r1-internal-scaling/simple-gurobi-1pct/base-scaleflag2/logs/caso43e_base.log
caso43f.txt,base,OK,0,2.81117765,0.296271027913731,-294715118.3627522,-296128000.0,OPTIMAL,-295588273.8733427,1.0,11308.0,0.27,14400.0,10800.0,35590.0,11681.0,8846.0,31205.0,18.881944444444443,18.09259259259259,12.32087665074459,3,Model contains large bounds | Model contains large matrix coefficients | Model contains large rhs,0.003,1000000000.0,0.005,2000.0,5.0,7000000000.0,1.0,10000000000.0,,,,,,,,,0.0,2.81117765,1.0,1.0,1.0,0.0,0.0,0.0,,,0.0,,,,494266.287678,,,2.615142,,,,2.615142,1.0,0.857454320629962,,,,,,,,BASE,BASE,,,,,,2.07069433637991e-09,2.27373675443232e-13,7.07805156707764e-08,1.91852450370789e-07,486175.470356308,4.61727696880611,14691426.7780929,364395069.356676,9.5367431640625e-07,0.0,3.90224158763885e-07,0.0,0.0,0.0,0.0,0.0,0.0,0.0,0.0,0.0,0.0,-294715118.362752,1153.78406808994,0.0,364395069.356676,0.0,0.0,0.0,1015.0,0.0,1045.0,0.0,0.0,0.0,0.0,-296128040.96431,,,,,,BASE,0.0,0,/clusteruy/home/mathiasr/generator-aware-row-scaling/results-revision/r1-internal-scaling/simple-gurobi-1pct/base-scaleflag2/resultados/caso43f_base.csv,/clusteruy/home/mathiasr/generator-aware-row-scaling/results-revision/r1-internal-scaling/simple-gurobi-1pct/base-scaleflag2/resultados/caso43f_base_postprocesado.csv,/clusteruy/home/mathiasr/generator-aware-row-scaling/results-revision/r1-internal-scaling/simple-gurobi-1pct/base-scaleflag2/logs/caso43f_base.log
caso44a.txt,base,OK,0,2.645356278,0.750680966341227,-579792212.4771556,-579620000.0,OPTIMAL,-584144602.2605503,1.0,12845.0,0.27,14400.0,10800.0,35590.0,11914.0,9157.0,31826.0,17.26388888888889,15.212962962962964,10.576004495644844,3,Model contains large bounds | Model contains large matrix coefficients | Model contains large rhs,0.003,2000000000.0,0.003,3000.0,5.0,7000000000.0,1.0,10000000000.0,,,,,,,,,0.0,2.645356278,1.0,1.0,1.0,0.0,0.0,0.0,,,0.0,,,,238815.085904,,,2.603578,,,,2.603578,1.0,0.186243495659637,,,,,,,,BASE,BASE,,,,,,2.36686667629302e-09,7.27595761418343e-12,7.91624188423157e-08,1.78813934326172e-07,1072580.51091983,8.25569186746668,58250439.5030905,76216538.4050402,1.81898940354586e-12,0.0,3.30619513988495e-07,0.0,0.0,0.0,0.0,0.0,0.0,0.0,0.0,0.0,0.0,-579792212.477156,1703.72638238848,0.0,76216538.4050402,0.0,0.0,0.0,885.0,0.0,1080.0,0.0,0.0,0.0,0.0,-579619964.647171,,,,,,BASE,0.0,0,/clusteruy/home/mathiasr/generator-aware-row-scaling/results-revision/r1-internal-scaling/simple-gurobi-1pct/base-scaleflag2/resultados/caso44a_base.csv,/clusteruy/home/mathiasr/generator-aware-row-scaling/results-revision/r1-internal-scaling/simple-gurobi-1pct/base-scaleflag2/resultados/caso44a_base_postprocesado.csv,/clusteruy/home/mathiasr/generator-aware-row-scaling/results-revision/r1-internal-scaling/simple-gurobi-1pct/base-scaleflag2/logs/caso44a_base.log
caso44b.txt,base,OK,0,2.696764373,0.726831798458373,-596605602.288871,-597242000.0,OPTIMAL,-600941921.5176907,1.0,12804.0,0.27,14400.0,10800.0,35590.0,11914.0,9157.0,31826.0,17.26388888888889,15.212962962962964,10.576004495644844,4,Model contains large bounds | Model contains large matrix coefficients | Model contains large rhs | max constraint violation (6.4531e-06) exceeds tolerance,0.003,2000000000.0,0.003,3000.0,5.0,7000000000.0,1.0,10000000000.0,,,,,,,,,0.0,2.696764373,1.0,1.0,1.0,0.0,0.0,0.0,,,0.0,,,,216063.540102,,,2.622419,,,,2.622419,1.0,0.173106893886432,,,,,,,,BASE,BASE,,,,,,5.25049515451601e-09,1.45519152283669e-11,1.22012570500374e-07,2.58907675743103e-07,55908.8673081213,6.35464467024053,2289877.65814523,14764839.3458008,7.27595761418343e-12,0.0,6.45311956759542e-06,0.0,0.0,0.0,0.0,0.0,6.0,0.0,0.0,0.0,0.0,-596605602.288871,1404.87295109795,0.0,14764839.3458008,0.0,0.0,0.0,1989.0,0.0,1070.0,0.0,0.0,0.0,0.0,-597241803.258695,,,,,,BASE,0.0,0,/clusteruy/home/mathiasr/generator-aware-row-scaling/results-revision/r1-internal-scaling/simple-gurobi-1pct/base-scaleflag2/resultados/caso44b_base.csv,/clusteruy/home/mathiasr/generator-aware-row-scaling/results-revision/r1-internal-scaling/simple-gurobi-1pct/base-scaleflag2/resultados/caso44b_base_postprocesado.csv,/clusteruy/home/mathiasr/generator-aware-row-scaling/results-revision/r1-internal-scaling/simple-gurobi-1pct/base-scaleflag2/logs/caso44b_base.log
caso44c.txt,base,OK,0,3.113599449,0.702018742481513,-587764617.8150313,-588092000.0,OPTIMAL,-591890835.5937676,1.0,12354.0,0.26,14400.0,10800.0,35590.0,11914.0,9157.0,31826.0,17.26388888888889,15.212962962962964,10.576004495644844,4,Model contains large bounds | Model contains large matrix coefficients | Model contains large rhs | max constraint violation (5.1078e-06) exceeds tolerance,0.003,2000000000.0,0.005,3000.0,5.0,7000000000.0,1.0,10000000000.0,,,,,,,,,0.0,3.113599449,1.0,1.0,1.0,0.0,0.0,0.0,,,0.0,,,,215811.130394,,,2.665585,,,,2.665585,1.0,0.883946139778413,,,,,,,,BASE,BASE,,,,,,2.77620117155073e-09,7.27595761418343e-12,8.42887675389648e-08,1.67638063430786e-07,295539.449701769,18.9044602580932,16099038.0805635,27486862.844945,2.38418579101562e-07,0.0,5.10783866047859e-06,0.0,0.0,0.0,0.0,0.0,1.0,0.0,0.0,0.0,0.0,-587764617.815031,1280.31951853255,0.0,27486862.844945,0.0,0.0,0.0,2165.0,0.0,1073.0,0.0,0.0,0.0,0.0,-588091998.517453,,,,,,BASE,0.0,0,/clusteruy/home/mathiasr/generator-aware-row-scaling/results-revision/r1-internal-scaling/simple-gurobi-1pct/base-scaleflag2/resultados/caso44c_base.csv,/clusteruy/home/mathiasr/generator-aware-row-scaling/results-revision/r1-internal-scaling/simple-gurobi-1pct/base-scaleflag2/resultados/caso44c_base_postprocesado.csv,/clusteruy/home/mathiasr/generator-aware-row-scaling/results-revision/r1-internal-scaling/simple-gurobi-1pct/base-scaleflag2/logs/caso44c_base.log
caso44d.txt,base,OK,0,25.066409253,0.999342987490832,-366306781.4354938,-369549000.0,OPTIMAL,-369967442.5684728,379.0,461170.0,0.27,14400.0,10800.0,35590.0,11309.0,8280.0,30340.0,21.46527777777778,23.333333333333332,14.75133464456308,4,Model contains large bounds | Model contains large matrix coefficients | Model contains large rhs | max constraint violation (8.5831e-06) exceeds tolerance,0.003,2000000000.0,0.003,2000.0,5.0,7000000000.0,1.0,10000000000.0,,,,,,,,,0.0,25.066409253,1.0,1.0,1.0,0.0,0.0,0.0,,,0.0,,,,136177.632115,,,44.402331,,0.012436,3.388661,44.402331,1.0,0.022493103905257,,,,,,,,BASE,BASE,,,,,,1.94643311345209e-09,1.4210854715202e-14,4.65661287307739e-08,2.5331974029541e-07,174400.179730244,3.60978723755304,6385099.97982097,37254688.6605668,7.27595761418343e-12,0.0,8.58295243233442e-06,0.0,0.0,0.0,0.0,0.0,1.0,0.0,0.0,0.0,0.0,-366306781.435494,858.034757672707,0.0,37254688.6605668,0.0,0.0,0.0,106.0,0.0,1081.0,0.0,0.0,0.0,0.0,-369548648.117017,,,,,,BASE,0.0,0,/clusteruy/home/mathiasr/generator-aware-row-scaling/results-revision/r1-internal-scaling/simple-gurobi-1pct/base-scaleflag2/resultados/caso44d_base.csv,/clusteruy/home/mathiasr/generator-aware-row-scaling/results-revision/r1-internal-scaling/simple-gurobi-1pct/base-scaleflag2/resultados/caso44d_base_postprocesado.csv,/clusteruy/home/mathiasr/generator-aware-row-scaling/results-revision/r1-internal-scaling/simple-gurobi-1pct/base-scaleflag2/logs/caso44d_base.log
caso44e.txt,base,OK,0,22.047505296,0.998561795765209,-384712902.52992654,-388734000.0,OPTIMAL,-388554498.59796983,265.0,365705.0,0.28,14400.0,10800.0,35590.0,11309.0,8280.0,30340.0,21.46527777777778,23.333333333333332,14.75133464456308,3,Model contains large bounds | Model contains large matrix coefficients | Model contains large rhs,0.003,2000000000.0,0.003,2000.0,5.0,7000000000.0,1.0,10000000000.0,,,,,,,,,0.0,22.047505296,1.0,1.0,1.0,0.0,0.0,0.0,,,0.0,,,,15835.844347,,,36.184631,,0.011765,3.387338,36.184631,1.0,0.023487558077756,,,,,,,,BASE,BASE,,,,,,1.54128406827504e-09,1.4210854715202e-14,4.84287738800049e-08,2.04890966415405e-07,999801.975426074,1.92112504671051,42571226.6103411,94800556.9870271,7.27595761418343e-12,0.0,4.75440174341202e-07,0.0,0.0,0.0,0.0,0.0,0.0,0.0,0.0,0.0,0.0,-384712902.529926,637.354501776077,0.0,94800556.9870271,0.0,0.0,0.0,198.0,0.0,1080.0,0.0,0.0,0.0,0.0,-388734023.630592,,,,,,BASE,0.0,0,/clusteruy/home/mathiasr/generator-aware-row-scaling/results-revision/r1-internal-scaling/simple-gurobi-1pct/base-scaleflag2/resultados/caso44e_base.csv,/clusteruy/home/mathiasr/generator-aware-row-scaling/results-revision/r1-internal-scaling/simple-gurobi-1pct/base-scaleflag2/resultados/caso44e_base_postprocesado.csv,/clusteruy/home/mathiasr/generator-aware-row-scaling/results-revision/r1-internal-scaling/simple-gurobi-1pct/base-scaleflag2/logs/caso44e_base.log
caso44f.txt,base,OK,0,21.295906345,0.999595460810774,-375067757.1595572,-379104000.0,OPTIMAL,-378816917.43508893,349.0,359352.0,0.27,14400.0,10800.0,35590.0,11309.0,8280.0,30340.0,21.46527777777778,23.333333333333332,14.75133464456308,3,Model contains large bounds | Model contains large matrix coefficients | Model contains large rhs,0.003,2000000000.0,0.005,2000.0,5.0,7000000000.0,1.0,10000000000.0,,,,,,,,,0.0,21.295906345,1.0,1.0,1.0,0.0,0.0,0.0,,,0.0,,,,15825.745489,,,35.827496,,0.012255,3.022466,35.827496,1.0,0.023594792610103,,,,,,,,BASE,BASE,,,,,,1.25306933175374e-09,1.4210854715202e-14,4.4703483581543e-08,2.04890966415405e-07,987724.075123892,1.92047587273397,41879991.3289828,93606993.7091291,7.27595761418343e-12,0.0,4.41912561655045e-07,0.0,0.0,0.0,0.0,0.0,0.0,0.0,0.0,0.0,0.0,-375067757.159557,630.247849467523,0.0,93606993.7091291,0.0,0.0,0.0,199.0,0.0,1080.0,0.0,0.0,0.0,0.0,-379104171.021445,,,,,,BASE,0.0,0,/clusteruy/home/mathiasr/generator-aware-row-scaling/results-revision/r1-internal-scaling/simple-gurobi-1pct/base-scaleflag2/resultados/caso44f_base.csv,/clusteruy/home/mathiasr/generator-aware-row-scaling/results-revision/r1-internal-scaling/simple-gurobi-1pct/base-scaleflag2/resultados/caso44f_base_postprocesado.csv,/clusteruy/home/mathiasr/generator-aware-row-scaling/results-revision/r1-internal-scaling/simple-gurobi-1pct/base-scaleflag2/logs/caso44f_base.log
caso45a.txt,base,OK,0,48.802896941,0.891423626016822,-497153769.27061653,-492385000.0,OPTIMAL,-501585515.42752796,9649.0,150407.0,0.25,14400.0,10800.0,35590.0,11023.0,8715.0,29069.0,23.45138888888889,19.305555555555557,18.322562517561114,3,Model contains large bounds | Model contains large matrix coefficients | Model contains large rhs,0.003,2000000000.0,0.003,3000.0,5.0,7000000000.0,1.0,10000000000.0,,,,,,,,,0.0,48.802896941,1.0,1.0,1.0,0.0,0.0,0.0,,,0.0,,,,238138.132489,,,56.745152,,0.012448,3.778428,56.745152,1.0,0.019563218526654,,,,,,,,BASE,BASE,,,,,,4.78755235325513e-09,9.09494701772928e-13,1.55535526573658e-07,4.68455255031586e-07,1046059.88735894,3.56873420334362,44875349.3949083,101403581.810521,1.36424205265939e-12,0.0,9.5367431640625e-07,0.0,0.0,0.0,0.0,0.0,0.0,0.0,0.0,0.0,0.0,-497153769.270617,1315.10480699402,0.0,101403581.810521,0.0,0.0,0.0,263.0,0.0,1058.0,0.0,0.0,0.0,0.0,-492385372.292526,,,,,,BASE,0.0,0,/clusteruy/home/mathiasr/generator-aware-row-scaling/results-revision/r1-internal-scaling/simple-gurobi-1pct/base-scaleflag2/resultados/caso45a_base.csv,/clusteruy/home/mathiasr/generator-aware-row-scaling/results-revision/r1-internal-scaling/simple-gurobi-1pct/base-scaleflag2/resultados/caso45a_base_postprocesado.csv,/clusteruy/home/mathiasr/generator-aware-row-scaling/results-revision/r1-internal-scaling/simple-gurobi-1pct/base-scaleflag2/logs/caso45a_base.log
caso45b.txt,base,OK,0,46.038314924,0.919409665350615,-512260563.23108095,-511981000.0,OPTIMAL,-516970336.361207,10640.0,209663.0,0.24,14400.0,10800.0,35590.0,11023.0,8715.0,29069.0,23.45138888888889,19.305555555555557,18.322562517561114,4,Model contains large bounds | Model contains large matrix coefficients | Model contains large rhs | max constraint violation (1.9711e-05) exceeds tolerance,0.003,2000000000.0,0.003,3000.0,5.0,7000000000.0,1.0,10000000000.0,,,,,,,,,0.0,46.038314924,1.0,1.0,1.0,0.0,0.0,0.0,,,0.0,,,,70694.719712,,,51.26736,,0.012119,4.443087,51.26736,1.0,0.020438111505056,,,,,,,,BASE,BASE,,,,,,8.38611347621558e-09,5.00659270985515e-12,8.19656997919085e-08,8.51554796099663e-06,348680.249795109,6.96052275367569,15627556.7648759,29924168.0465772,1.29602995002642e-11,0.0,1.97109766304493e-05,0.0,0.0,0.0,0.0,0.0,7.0,0.0,0.0,0.0,0.0,-512260563.231081,1282.26906913787,0.0,29924168.0465772,0.0,0.0,0.0,1001.0,0.0,1072.0,0.0,0.0,0.0,0.0,-511981376.525918,,,,,,BASE,0.0,0,/clusteruy/home/mathiasr/generator-aware-row-scaling/results-revision/r1-internal-scaling/simple-gurobi-1pct/base-scaleflag2/resultados/caso45b_base.csv,/clusteruy/home/mathiasr/generator-aware-row-scaling/results-revision/r1-internal-scaling/simple-gurobi-1pct/base-scaleflag2/resultados/caso45b_base_postprocesado.csv,/clusteruy/home/mathiasr/generator-aware-row-scaling/results-revision/r1-internal-scaling/simple-gurobi-1pct/base-scaleflag2/logs/caso45b_base.log
caso45c.txt,base,OK,0,42.928711259,0.043574914118635,-508403272.54817045,-506079000.0,OPTIMAL,-508624808.83755964,15820.0,229659.0,0.24,14400.0,10800.0,35590.0,11023.0,8715.0,29069.0,23.45138888888889,19.305555555555557,18.322562517561114,4,Model contains large bounds | Model contains large matrix coefficients | Model contains large rhs | max constraint violation (7.7602e-05) exceeds tolerance,0.003,2000000000.0,0.005,3000.0,5.0,7000000000.0,1.0,10000000000.0,,,,,,,,,0.0,42.928711259,1.0,1.0,1.0,0.0,0.0,0.0,,,0.0,,,,136868.749193,,,44.679487,,0.012339,4.101997,44.679487,1.0,0.020896387569152,,,,,,,,BASE,BASE,,,,,,8.0752003060582e-09,9.47120160077451e-12,8.5681676864624e-08,7.76020029835678e-05,648794.703209284,2.69977050736361,22453882.0848647,60410809.9903284,3.38329755322775e-08,0.0,7.76020029835678e-05,0.0,0.0,0.0,0.0,0.0,1.0,0.0,0.0,0.0,0.0,-508403272.548171,902.982791044305,0.0,60410809.9903284,0.0,0.0,0.0,382.0,0.0,1055.0,0.0,0.0,0.0,0.0,-506078702.154899,,,,,,BASE,0.0,0,/clusteruy/home/mathiasr/generator-aware-row-scaling/results-revision/r1-internal-scaling/simple-gurobi-1pct/base-scaleflag2/resultados/caso45c_base.csv,/clusteruy/home/mathiasr/generator-aware-row-scaling/results-revision/r1-internal-scaling/simple-gurobi-1pct/base-scaleflag2/resultados/caso45c_base_postprocesado.csv,/clusteruy/home/mathiasr/generator-aware-row-scaling/results-revision/r1-internal-scaling/simple-gurobi-1pct/base-scaleflag2/logs/caso45c_base.log
caso45d.txt,base,OK,0,1.198364189,0.917167188924019,-340648817.7637311,-341503000.0,OPTIMAL,-343773136.94971764,1.0,8574.0,0.25,14400.0,10800.0,35590.0,10530.0,7955.0,27835.0,26.875,26.34259259259259,21.78982860354032,4,Model contains large bounds | Model contains large matrix coefficients | Model contains large rhs | max constraint violation (5.1251e-06) exceeds tolerance,0.003,2000000000.0,0.003,2000.0,5.0,7000000000.0,1.0,10000000000.0,,,,,,,,,0.0,1.198364189,1.0,1.0,1.0,0.0,0.0,0.0,,,0.0,,,,262221.097755,,,1.282482,,,,1.282482,1.0,0.26079668485836,,,,,,,,BASE,BASE,,,,,,1.7194053410373e-09,2.8421709430404e-14,5.40167093276978e-08,2.03028321266174e-07,651323.908923628,2.36199246440766,27262047.9796604,45271285.1849986,2.8421709430404e-14,0.0,5.12506812810898e-06,0.0,0.0,0.0,0.0,0.0,1.0,0.0,0.0,0.0,0.0,-340648817.763731,22.4489228200255,0.0,45271285.1849986,0.0,0.0,0.0,15.0,0.0,1081.0,0.0,0.0,0.0,0.0,-341503453.678229,,,,,,BASE,0.0,0,/clusteruy/home/mathiasr/generator-aware-row-scaling/results-revision/r1-internal-scaling/simple-gurobi-1pct/base-scaleflag2/resultados/caso45d_base.csv,/clusteruy/home/mathiasr/generator-aware-row-scaling/results-revision/r1-internal-scaling/simple-gurobi-1pct/base-scaleflag2/resultados/caso45d_base_postprocesado.csv,/clusteruy/home/mathiasr/generator-aware-row-scaling/results-revision/r1-internal-scaling/simple-gurobi-1pct/base-scaleflag2/logs/caso45d_base.log
caso45e.txt,base,OK,0,73.749021798,0.19454503714316,-358101677.67803806,-359670000.0,OPTIMAL,-358798346.7198871,7285.0,2588897.0,0.25,14400.0,10800.0,35590.0,10530.0,7955.0,27835.0,26.875,26.34259259259259,21.78982860354032,3,Model contains large bounds | Model contains large matrix coefficients | Model contains large rhs,0.003,2000000000.0,0.003,2000.0,5.0,7000000000.0,1.0,10000000000.0,,,,,,,,,0.0,73.749021798,1.0,1.0,1.0,0.0,0.0,0.0,,,0.0,,,,15383.789165,,,108.552053,,0.029766,3.324573,108.552053,1.0,0.030962661851347,,,,,,,,BASE,BASE,,,,,,1.35398675108231e-09,2.8421709430404e-14,6.14672899246216e-08,1.88127160072327e-07,1498838.8073164,2.24511963838663,66480362.4364526,118722812.391909,2.8421709430404e-14,0.0,3.71597707271576e-07,0.0,0.0,0.0,0.0,0.0,0.0,0.0,0.0,0.0,0.0,-358101677.678038,22.4489228200255,0.0,118722812.391909,0.0,0.0,0.0,289.0,0.0,1080.0,0.0,0.0,0.0,0.0,-359670484.542742,,,,,,BASE,0.0,0,/clusteruy/home/mathiasr/generator-aware-row-scaling/results-revision/r1-internal-scaling/simple-gurobi-1pct/base-scaleflag2/resultados/caso45e_base.csv,/clusteruy/home/mathiasr/generator-aware-row-scaling/results-revision/r1-internal-scaling/simple-gurobi-1pct/base-scaleflag2/resultados/caso45e_base_postprocesado.csv,/clusteruy/home/mathiasr/generator-aware-row-scaling/results-revision/r1-internal-scaling/simple-gurobi-1pct/base-scaleflag2/logs/caso45e_base.log
caso45f.txt,base,OK,0,1.161271711,0.874920804310111,-348889011.57994896,-350644000.0,OPTIMAL,-351941514.12621385,1.0,8731.0,0.25,14400.0,10800.0,35590.0,10530.0,7955.0,27835.0,26.875,26.34259259259259,21.78982860354032,4,Model contains large bounds | Model contains large matrix coefficients | Model contains large rhs | max constraint violation (4.3521e-06) exceeds tolerance,0.003,2000000000.0,0.005,2000.0,5.0,7000000000.0,1.0,10000000000.0,,,,,,,,,0.0,1.161271711,1.0,1.0,1.0,0.0,0.0,0.0,,,0.0,,,,15383.369726,,,1.209457,,,,1.209457,1.0,0.247767575966211,,,,,,,,BASE,BASE,,,,,,1.68555021060982e-09,2.8421709430404e-14,5.5389537010342e-08,1.9557774066925e-07,1425288.89904209,2.63187643963408,64887172.7162366,104507623.851775,2.8421709430404e-14,0.0,4.35207039117813e-06,0.0,0.0,0.0,0.0,0.0,1.0,0.0,0.0,0.0,0.0,-348889011.579949,22.4489228200255,0.0,104507623.851775,0.0,0.0,0.0,173.0,0.0,1081.0,0.0,0.0,0.0,0.0,-350643930.857821,,,,,,BASE,0.0,0,/clusteruy/home/mathiasr/generator-aware-row-scaling/results-revision/r1-internal-scaling/simple-gurobi-1pct/base-scaleflag2/resultados/caso45f_base.csv,/clusteruy/home/mathiasr/generator-aware-row-scaling/results-revision/r1-internal-scaling/simple-gurobi-1pct/base-scaleflag2/resultados/caso45f_base_postprocesado.csv,/clusteruy/home/mathiasr/generator-aware-row-scaling/results-revision/r1-internal-scaling/simple-gurobi-1pct/base-scaleflag2/logs/caso45f_base.log
caso46a.txt,base,OK,0,44.758408811,0.026823698176966,-323886351.9421849,-391574000.0,OPTIMAL,-323973230.2396663,11035.0,435652.0,0.25,14400.0,10800.0,35590.0,10720.0,8791.0,28374.0,25.555555555555557,18.60185185185185,20.27535824669851,3,Model contains large bounds | Model contains large matrix coefficients | Model contains large rhs,0.003,2000000000.0,0.003,3000.0,5.0,7000000000.0,1.0,10000000000.0,,,,,,,,,0.0,44.758408811,1.0,1.0,1.0,0.0,0.0,0.0,,,0.0,,,,34128.945727,,,51.473716,,0.037063,3.304478,51.473716,1.0,0.041478374843123,,,,,,,,BASE,BASE,,,,,,2.12636838007207e-09,2.73669975570093e-14,6.70552253723145e-08,1.97440385818481e-07,7562092.10126601,33.3910690998615,144314426.106246,804405287.709359,2.91038304567337e-11,0.0,4.76720742881298e-07,0.0,0.0,0.0,0.0,0.0,0.0,0.0,0.0,0.0,0.0,-323886351.942185,2387.47866413715,0.0,804405287.709359,0.0,0.0,0.0,563.0,0.0,903.0,0.0,0.0,0.0,0.0,-391573807.0173,,,,,,BASE,0.0,0,/clusteruy/home/mathiasr/generator-aware-row-scaling/results-revision/r1-internal-scaling/simple-gurobi-1pct/base-scaleflag2/resultados/caso46a_base.csv,/clusteruy/home/mathiasr/generator-aware-row-scaling/results-revision/r1-internal-scaling/simple-gurobi-1pct/base-scaleflag2/resultados/caso46a_base_postprocesado.csv,/clusteruy/home/mathiasr/generator-aware-row-scaling/results-revision/r1-internal-scaling/simple-gurobi-1pct/base-scaleflag2/logs/caso46a_base.log
caso46b.txt,base,OK,0,71.768542049,0.748292611863495,-335716554.9009026,-335961000.0,OPTIMAL,-338228697.07802874,15027.0,715858.0,0.24,14400.0,10800.0,35590.0,10720.0,8791.0,28374.0,25.555555555555557,18.60185185185185,20.27535824669851,5,Model contains large bounds | Model contains large matrix coefficients | Model contains large rhs | max bound violation (3.5692e-05) exceeds tolerance | max constraint violation (2.1514e-04) exceeds tolerance,0.003,2000000000.0,0.003,3000.0,5.0,7000000000.0,1.0,10000000000.0,,,,,,,,,0.0,71.768542049,1.0,1.0,1.0,0.0,0.0,0.0,,,0.0,,,,360743.340707,,,82.893268,,0.033301,4.225767,82.893268,1.0,0.037208229926921,,,,,,,,BASE,BASE,,,,,,3.47712748181578e-08,7.27595761418343e-12,1.04540959000587e-07,0.000215140111752388,181293.952432446,1.4275279862504,5679226.40936583,77687274.6597841,7.56017470848747e-12,0.0,0.000215140111752388,3.56919283943506e-05,0.0,0.0,0.0,0.0,9.0,4.0,0.0,0.0,0.0,-335716554.900903,1314.70194475076,0.0,77687274.6597841,0.0,0.0,0.0,1065.0,0.0,895.0,0.0,0.0,0.0,0.0,-335960830.16477,,,,,,BASE,0.0,0,/clusteruy/home/mathiasr/generator-aware-row-scaling/results-revision/r1-internal-scaling/simple-gurobi-1pct/base-scaleflag2/resultados/caso46b_base.csv,/clusteruy/home/mathiasr/generator-aware-row-scaling/results-revision/r1-internal-scaling/simple-gurobi-1pct/base-scaleflag2/resultados/caso46b_base_postprocesado.csv,/clusteruy/home/mathiasr/generator-aware-row-scaling/results-revision/r1-internal-scaling/simple-gurobi-1pct/base-scaleflag2/logs/caso46b_base.log
caso46c.txt,base,OK,0,58.337416357,0.616570956944381,-328037165.072962,-329295000.0,OPTIMAL,-330059746.96078557,9411.0,479385.0,0.24,14400.0,10800.0,35590.0,10720.0,8791.0,28374.0,25.555555555555557,18.60185185185185,20.27535824669851,3,Model contains large bounds | Model contains large matrix coefficients | Model contains large rhs,0.003,2000000000.0,0.005,3000.0,5.0,7000000000.0,1.0,10000000000.0,,,,,,,,,0.0,58.337416357,1.0,1.0,1.0,0.0,0.0,0.0,,,0.0,,,,176140.664868,,,62.47268,,0.033185,3.84139,62.47268,1.0,0.036436948044285,,,,,,,,BASE,BASE,,,,,,4.52212193566185e-09,5.82076609134674e-11,1.30394473671913e-07,3.48314642906189e-07,597590.811546805,1.66949995922818,10304237.2260709,848630764.672976,7.27595761418343e-12,0.0,9.5367431640625e-07,0.0,0.0,0.0,0.0,0.0,0.0,0.0,0.0,0.0,0.0,-328037165.072962,1042.95413976199,0.0,848630764.672976,0.0,0.0,0.0,701.0,0.0,869.0,0.0,0.0,0.0,0.0,-329294622.597861,,,,,,BASE,0.0,0,/clusteruy/home/mathiasr/generator-aware-row-scaling/results-revision/r1-internal-scaling/simple-gurobi-1pct/base-scaleflag2/resultados/caso46c_base.csv,/clusteruy/home/mathiasr/generator-aware-row-scaling/results-revision/r1-internal-scaling/simple-gurobi-1pct/base-scaleflag2/resultados/caso46c_base_postprocesado.csv,/clusteruy/home/mathiasr/generator-aware-row-scaling/results-revision/r1-internal-scaling/simple-gurobi-1pct/base-scaleflag2/logs/caso46c_base.log
caso46d.txt,base,OK,0,30.559389169,4.353287011e-06,-240522767.18991402,-260314000.0,OPTIMAL,-240522777.6605604,10676.0,153837.0,0.24,14400.0,10800.0,35590.0,10730.0,8444.0,28281.0,25.48611111111111,21.814814814814813,20.536667603259342,4,Model contains large bounds | Model contains large matrix coefficients | Model contains large rhs | max constraint violation (9.8194e-06) exceeds tolerance,0.003,2000000000.0,0.003,2000.0,5.0,7000000000.0,1.0,10000000000.0,,,,,,,,,0.0,30.559389169,1.0,1.0,1.0,0.0,0.0,0.0,,,0.0,,,,269522.881539,,,33.426813,,0.038887,2.60828,33.426813,1.0,0.045708000029028,,,,,,,,BASE,BASE,,,,,,2.12347179105864e-09,1.4210854715202e-14,5.30946999788286e-08,2.01165676116943e-07,5966324.73230492,4.18968226769204,62538405.8019383,861928032.834632,5.0000000000008e-09,0.0,9.81951598078012e-06,0.0,0.0,8.69798460880046e-06,0.0,0.0,1.0,0.0,0.0,1.0,0.0,-240522767.189914,703.478420299114,0.0,861928032.834632,0.0,0.0,8.69798460880046e-06,246.0,0.0,951.0,0.0,0.0,1.0,0.0,-260313927.528021,,,,,,BASE,0.0,0,/clusteruy/home/mathiasr/generator-aware-row-scaling/results-revision/r1-internal-scaling/simple-gurobi-1pct/base-scaleflag2/resultados/caso46d_base.csv,/clusteruy/home/mathiasr/generator-aware-row-scaling/results-revision/r1-internal-scaling/simple-gurobi-1pct/base-scaleflag2/resultados/caso46d_base_postprocesado.csv,/clusteruy/home/mathiasr/generator-aware-row-scaling/results-revision/r1-internal-scaling/simple-gurobi-1pct/base-scaleflag2/logs/caso46d_base.log
caso46e.txt,base,OK,0,1.738077563,0.422169142374243,-255482660.95591056,-256856000.0,OPTIMAL,-256561229.91458303,1.0,9378.0,0.24,14400.0,10800.0,35590.0,10730.0,8444.0,28281.0,25.48611111111111,21.814814814814813,20.536667603259342,4,Model contains large bounds | Model contains large matrix coefficients | Model contains large rhs | max constraint violation (8.0466e-06) exceeds tolerance,0.003,2000000000.0,0.003,2000.0,5.0,7000000000.0,1.0,10000000000.0,,,,,,,,,0.0,1.738077563,1.0,1.0,1.0,0.0,0.0,0.0,,,0.0,,,,91646.617442,,,1.571962,,,,1.571962,1.0,0.269497974186727,,,,,,,,BASE,BASE,,,,,,6.65818363774125e-09,2.91038304567337e-11,1.34129077196122e-07,3.48314642906189e-07,596013.322567975,1.61844911624655,25189327.8412379,77283261.3449895,3.63797880709171e-12,0.0,8.04662704467773e-06,0.0,0.0,0.0,0.0,0.0,7.0,0.0,0.0,0.0,0.0,-255482660.955911,546.561482649195,0.0,77283261.3449895,0.0,0.0,0.0,643.0,0.0,959.0,0.0,0.0,0.0,0.0,-256856338.904254,,,,,,BASE,0.0,0,/clusteruy/home/mathiasr/generator-aware-row-scaling/results-revision/r1-internal-scaling/simple-gurobi-1pct/base-scaleflag2/resultados/caso46e_base.csv,/clusteruy/home/mathiasr/generator-aware-row-scaling/results-revision/r1-internal-scaling/simple-gurobi-1pct/base-scaleflag2/resultados/caso46e_base_postprocesado.csv,/clusteruy/home/mathiasr/generator-aware-row-scaling/results-revision/r1-internal-scaling/simple-gurobi-1pct/base-scaleflag2/logs/caso46e_base.log
caso46f.txt,base,OK,0,80.117573842,0.066866143364807,-247251037.3616742,-261867000.0,OPTIMAL,-247416364.59478742,7402.0,1671084.0,0.24,14400.0,10800.0,35590.0,10730.0,8444.0,28281.0,25.48611111111111,21.814814814814813,20.536667603259342,3,Model contains large bounds | Model contains large matrix coefficients | Model contains large rhs,0.003,2000000000.0,0.005,2000.0,5.0,7000000000.0,1.0,10000000000.0,,,,,,,,,0.0,80.117573842,1.0,1.0,1.0,0.0,0.0,0.0,,,0.0,,,,240815005625910.44,,,91.760192,,0.038603,3.233319,91.760192,1.0,0.041727317190999,,,,,,,,BASE,BASE,,,,,,1.96649575985644e-09,2.31259456029415e-14,6.51925802230835e-08,2.81259417533875e-07,2012885.1571935,3.20347450845423,37252722.3191262,874704616.381743,4.00177668780088e-11,0.0,4.60073351860046e-07,0.0,0.0,0.0,0.0,0.0,0.0,0.0,0.0,0.0,0.0,-247251037.361674,532.346982080548,0.0,874704616.381743,0.0,0.0,0.0,406.0,0.0,946.0,0.0,0.0,0.0,0.0,-261866572.701817,,,,,,BASE,0.0,0,/clusteruy/home/mathiasr/generator-aware-row-scaling/results-revision/r1-internal-scaling/simple-gurobi-1pct/base-scaleflag2/resultados/caso46f_base.csv,/clusteruy/home/mathiasr/generator-aware-row-scaling/results-revision/r1-internal-scaling/simple-gurobi-1pct/base-scaleflag2/resultados/caso46f_base_postprocesado.csv,/clusteruy/home/mathiasr/generator-aware-row-scaling/results-revision/r1-internal-scaling/simple-gurobi-1pct/base-scaleflag2/logs/caso46f_base.log
caso47a.txt,base,OK,0,2.691625358,0.000524245611056,-201163907.71556538,-232292000.0,OPTIMAL,-201164962.3085226,1.0,9031.0,0.24,14400.0,10800.0,35590.0,10382.0,8582.0,28309.0,27.90277777777778,20.537037037037038,20.45799381848834,4,Model contains large bounds | Model contains large matrix coefficients | Model contains large rhs | max constraint violation (1.0202e-06) exceeds tolerance,0.003,2000000000.0,0.003,3000.0,5.0,7000000000.0,1.0,10000000000.0,,,,,,,,,0.0,2.691625358,1.0,1.0,1.0,0.0,0.0,0.0,,,0.0,,,,63102.309831,,,2.015288,,0.036951,2.353013,2.015288,1.0,0.109703307154078,,,,,,,,BASE,BASE,,,,,,4.38806563174593e-09,1.68934310984523e-14,1.2153759598732e-07,1.02016929304227e-06,4672647.44107277,4.13541456630547,104339436.962421,778826032.040136,9.09494701772928e-13,0.0,1.02016929304227e-06,0.0,0.0,0.0,0.0,0.0,1.0,0.0,0.0,0.0,0.0,-201163907.715565,1065.67351107924,0.0,778826032.040136,0.0,0.0,0.0,529.0,0.0,801.0,0.0,0.0,0.0,0.0,-232291725.958268,,,,,,BASE,0.0,0,/clusteruy/home/mathiasr/generator-aware-row-scaling/results-revision/r1-internal-scaling/simple-gurobi-1pct/base-scaleflag2/resultados/caso47a_base.csv,/clusteruy/home/mathiasr/generator-aware-row-scaling/results-revision/r1-internal-scaling/simple-gurobi-1pct/base-scaleflag2/resultados/caso47a_base_postprocesado.csv,/clusteruy/home/mathiasr/generator-aware-row-scaling/results-revision/r1-internal-scaling/simple-gurobi-1pct/base-scaleflag2/logs/caso47a_base.log
caso47b.txt,base,OK,0,1.405945205,0.379256719173168,-213748015.81037778,-209656000.0,OPTIMAL,-214558669.52243796,1.0,9384.0,0.24,14400.0,10800.0,35590.0,10382.0,8582.0,28309.0,27.90277777777778,20.537037037037038,20.45799381848834,3,Model contains large bounds | Model contains large matrix coefficients | Model contains large rhs,0.003,2000000000.0,0.003,3000.0,5.0,7000000000.0,1.0,10000000000.0,,,,,,,,,0.0,1.405945205,1.0,1.0,1.0,0.0,0.0,0.0,,,0.0,,,,1406984.164203,,,1.300584,,,,1.300584,1.0,0.207426321942291,,,,,,,,BASE,BASE,,,,,,2.90996299703822e-09,7.105427357601e-15,9.3136914074421e-08,6.22589141130447e-07,147527.064145805,1.30297980500012,7672299.20901049,11903968.1440497,3.63797880709171e-12,0.0,6.22589141130447e-07,0.0,0.0,0.0,0.0,0.0,0.0,0.0,0.0,0.0,0.0,-213748015.810378,712.376582212404,0.0,11903968.1440497,0.0,0.0,0.0,394.0,0.0,721.0,0.0,0.0,0.0,0.0,-209656088.233446,,,,,,BASE,0.0,0,/clusteruy/home/mathiasr/generator-aware-row-scaling/results-revision/r1-internal-scaling/simple-gurobi-1pct/base-scaleflag2/resultados/caso47b_base.csv,/clusteruy/home/mathiasr/generator-aware-row-scaling/results-revision/r1-internal-scaling/simple-gurobi-1pct/base-scaleflag2/resultados/caso47b_base_postprocesado.csv,/clusteruy/home/mathiasr/generator-aware-row-scaling/results-revision/r1-internal-scaling/simple-gurobi-1pct/base-scaleflag2/logs/caso47b_base.log
caso47c.txt,base,OK,0,11.631862867,0.000892106006127,-207205324.9159476,-219772000.0,OPTIMAL,-207207173.40709618,153.0,48403.0,0.24,14400.0,10800.0,35590.0,10382.0,8582.0,28309.0,27.90277777777778,20.537037037037038,20.45799381848834,3,Model contains large bounds | Model contains large matrix coefficients | Model contains large rhs,0.003,2000000000.0,0.005,3000.0,5.0,7000000000.0,1.0,10000000000.0,,,,,,,,,0.0,11.631862867,1.0,1.0,1.0,0.0,0.0,0.0,,,0.0,,,,682792332306417.0,,,10.895361,,0.016544,5.030816,10.895361,1.0,0.035024549336797,,,,,,,,BASE,BASE,,,,,,4.53856263728063e-09,2.8421709430404e-14,1.41585478559137e-07,8.79634171724319e-07,2299887.211332,1.55792701306154,66346036.9830819,836346711.291703,2.250999386888e-11,0.0,8.79634171724319e-07,0.0,5.6843418860808e-14,5.55111512312578e-16,0.0,0.0,0.0,0.0,0.0,0.0,0.0,-207205324.915948,855.017119354277,0.0,836346711.291703,0.0,5.6843418860808e-14,5.55111512312578e-16,346.0,0.0,796.0,0.0,0.0,0.0,0.0,-219772278.236084,,,,,,BASE,0.0,0,/clusteruy/home/mathiasr/generator-aware-row-scaling/results-revision/r1-internal-scaling/simple-gurobi-1pct/base-scaleflag2/resultados/caso47c_base.csv,/clusteruy/home/mathiasr/generator-aware-row-scaling/results-revision/r1-internal-scaling/simple-gurobi-1pct/base-scaleflag2/resultados/caso47c_base_postprocesado.csv,/clusteruy/home/mathiasr/generator-aware-row-scaling/results-revision/r1-internal-scaling/simple-gurobi-1pct/base-scaleflag2/logs/caso47c_base.log
caso47d.txt,base,OK,0,3.113862766,0.627594121721966,-184612971.71534723,-198585000.0,OPTIMAL,-185771591.873769,1.0,8777.0,0.24,14400.0,10800.0,35590.0,10688.0,8576.0,28903.0,25.77777777777778,20.59259259259259,18.78898567013206,5,Markowitz tolerance tightened to 0.03125 | Model contains large bounds | Model contains large matrix coefficients | Model contains large rhs | max constraint violation (5.9605e-06) exceeds tolerance,0.003,2000000000.0,0.003,2000.0,5.0,7000000000.0,1.0,10000000000.0,,,,,,,,,0.0,3.113862766,1.0,1.0,1.0,0.0,0.0,0.0,,,0.0,,,,314043.500943,,,2.116458,,,,2.116458,1.0,0.641878740346039,,,,,,,,BASE,BASE,,,,,,4.39557010909633e-09,1.4210854715202e-14,1.08974054455757e-07,5.96046447753906e-06,6268951.60801081,7.24611458982109,138422974.487364,862830329.364901,2.38418579101562e-06,0.0,5.96046447753906e-06,0.0,0.0,0.0,3.0,0.0,3.0,0.0,0.0,0.0,0.0,-184612971.715347,1285.14167343845,0.0,862830329.364901,0.0,0.0,0.0,271.0,0.0,905.0,0.0,0.0,0.0,0.0,-198584945.231752,,,,,,BASE,0.0,0,/clusteruy/home/mathiasr/generator-aware-row-scaling/results-revision/r1-internal-scaling/simple-gurobi-1pct/base-scaleflag2/resultados/caso47d_base.csv,/clusteruy/home/mathiasr/generator-aware-row-scaling/results-revision/r1-internal-scaling/simple-gurobi-1pct/base-scaleflag2/resultados/caso47d_base_postprocesado.csv,/clusteruy/home/mathiasr/generator-aware-row-scaling/results-revision/r1-internal-scaling/simple-gurobi-1pct/base-scaleflag2/logs/caso47d_base.log
caso47e.txt,base,OK,0,7.932404644,0.18036293280039,-198116852.0617683,-203983000.0,OPTIMAL,-198474181.4265187,21.0,17421.0,0.24,14400.0,10800.0,35590.0,10688.0,8576.0,28903.0,25.77777777777778,20.59259259259259,18.78898567013206,4,Model contains large bounds | Model contains large matrix coefficients | Model contains large rhs | max constraint violation (1.2955e-06) exceeds tolerance,0.003,2000000000.0,0.003,2000.0,5.0,7000000000.0,1.0,10000000000.0,,,,,,,,,0.0,7.932404644,1.0,1.0,1.0,0.0,0.0,0.0,,,0.0,,,,1169672.34182,,,5.767236,,0.511411,6.256258,5.767236,1.0,0.527591810797059,,,,,,,,BASE,BASE,,,,,,5.56068312618507e-09,4.65661287307739e-10,1.62055948749185e-07,1.05495564639568e-06,1091338.65449743,10.2164553005581,30923953.0726576,844125536.16999,7.15255737304688e-07,0.0,1.21467746794224e-06,0.0,0.0,0.0,0.0,0.0,2.0,0.0,0.0,0.0,0.0,-198116852.061768,955.25101031884,0.0,844125536.16999,0.0,0.0,0.0,922.0,0.0,915.0,0.0,0.0,0.0,0.0,-203983146.644921,,,,,,BASE,0.0,0,/clusteruy/home/mathiasr/generator-aware-row-scaling/results-revision/r1-internal-scaling/simple-gurobi-1pct/base-scaleflag2/resultados/caso47e_base.csv,/clusteruy/home/mathiasr/generator-aware-row-scaling/results-revision/r1-internal-scaling/simple-gurobi-1pct/base-scaleflag2/resultados/caso47e_base_postprocesado.csv,/clusteruy/home/mathiasr/generator-aware-row-scaling/results-revision/r1-internal-scaling/simple-gurobi-1pct/base-scaleflag2/logs/caso47e_base.log
caso47f.txt,base,OK,0,3.906213444,0.002539980247695,-191242067.21917596,-199263000.0,OPTIMAL,-191246924.72990862,1.0,11248.0,0.24,14400.0,10800.0,35590.0,10688.0,8576.0,28903.0,25.77777777777778,20.59259259259259,18.78898567013206,4,Model contains large bounds | Model contains large matrix coefficients | Model contains large rhs | max constraint violation (8.4396e-06) exceeds tolerance,0.003,2000000000.0,0.005,2000.0,5.0,7000000000.0,1.0,10000000000.0,,,,,,,,,0.0,3.906213444,1.0,1.0,1.0,0.0,0.0,0.0,,,0.0,,,,188508.594846,,,2.642655,,0.575306,3.190078,2.642655,1.0,0.588403429462517,,,,,,,,BASE,BASE,,,,,,4.08459939415443e-09,4.89164264649834e-14,9.03476029634478e-08,6.04288652539253e-06,2640752.18761236,5.53140258798946,72056902.3239108,844845474.43591,9.5367431640625e-07,0.0,8.43964517116547e-06,3.44336095739294e-09,0.0,0.0,0.0,0.0,3.0,0.0,0.0,0.0,0.0,-191242067.219176,1276.0545349719,0.0,844845474.43591,3.44336095739294e-09,0.0,0.0,466.0,0.0,909.0,0.0,0.0,0.0,0.0,-199262646.725838,,,,,,BASE,0.0,0,/clusteruy/home/mathiasr/generator-aware-row-scaling/results-revision/r1-internal-scaling/simple-gurobi-1pct/base-scaleflag2/resultados/caso47f_base.csv,/clusteruy/home/mathiasr/generator-aware-row-scaling/results-revision/r1-internal-scaling/simple-gurobi-1pct/base-scaleflag2/resultados/caso47f_base_postprocesado.csv,/clusteruy/home/mathiasr/generator-aware-row-scaling/results-revision/r1-internal-scaling/simple-gurobi-1pct/base-scaleflag2/logs/caso47f_base.log
caso48a.txt,base,OK,0,1.392619092,0.280410897134316,-303209751.4652654,-373361000.0,OPTIMAL,-304059984.6495479,1.0,7390.0,0.24,14400.0,10800.0,35590.0,10422.0,8576.0,27872.0,27.625,20.59259259259259,21.685866816521497,4,Model contains large bounds | Model contains large matrix coefficients | Model contains large rhs | max constraint violation (1.6689e-06) exceeds tolerance,0.002,2000000000.0,0.003,3000.0,5.0,6000000000.0,1.0,10000000000.0,,,,,,,,,0.0,1.392619092,1.0,1.0,1.0,0.0,0.0,0.0,,,0.0,,,,53826.313197,,,1.314628,,,,1.314628,1.0,0.275855082115123,,,,,,,,BASE,BASE,,,,,,1.62439808377187e-09,2.8421709430404e-14,3.53902578353882e-08,4.52731910627335e-07,8780400.30704469,21.3782513841219,432761513.892247,867689889.131513,2.8421709430404e-14,0.0,1.66893005371094e-06,0.0,0.0,0.0,0.0,0.0,1.0,0.0,0.0,0.0,0.0,-303209751.465266,1146.55903575565,0.0,867689889.131513,0.0,0.0,0.0,295.0,0.0,881.0,0.0,0.0,0.0,0.0,-373361013.474706,,,,,,BASE,0.0,0,/clusteruy/home/mathiasr/generator-aware-row-scaling/results-revision/r1-internal-scaling/simple-gurobi-1pct/base-scaleflag2/resultados/caso48a_base.csv,/clusteruy/home/mathiasr/generator-aware-row-scaling/results-revision/r1-internal-scaling/simple-gurobi-1pct/base-scaleflag2/resultados/caso48a_base_postprocesado.csv,/clusteruy/home/mathiasr/generator-aware-row-scaling/results-revision/r1-internal-scaling/simple-gurobi-1pct/base-scaleflag2/logs/caso48a_base.log
caso48b.txt,base,OK,0,1.67869366,0.558635428281108,-315122684.05022895,-317009000.0,OPTIMAL,-316883071.0058839,1.0,9231.0,0.24,14400.0,10800.0,35590.0,10422.0,8576.0,27872.0,27.625,20.59259259259259,21.685866816521497,3,Model contains large bounds | Model contains large matrix coefficients | Model contains large rhs,0.002,2000000000.0,0.003,3000.0,5.0,6000000000.0,1.0,10000000000.0,,,,,,,,,0.0,1.67869366,1.0,1.0,1.0,0.0,0.0,0.0,,,0.0,,,,350497.82365,,,1.577234,,,,1.577234,1.0,0.257803430204393,,,,,,,,BASE,BASE,,,,,,4.38394242179176e-09,4.65661287307739e-10,1.31354609038681e-07,8.41682776808739e-07,79448.4722712271,1.08023482433891,2153061.35008848,17162977.9628967,7.27595761418343e-12,0.0,8.41682776808739e-07,0.0,0.0,0.0,0.0,0.0,0.0,0.0,0.0,0.0,0.0,-315122684.050229,1166.18293527224,0.0,17162977.9628967,0.0,0.0,0.0,816.0,0.0,909.0,0.0,0.0,0.0,0.0,-317009217.851367,,,,,,BASE,0.0,0,/clusteruy/home/mathiasr/generator-aware-row-scaling/results-revision/r1-internal-scaling/simple-gurobi-1pct/base-scaleflag2/resultados/caso48b_base.csv,/clusteruy/home/mathiasr/generator-aware-row-scaling/results-revision/r1-internal-scaling/simple-gurobi-1pct/base-scaleflag2/resultados/caso48b_base_postprocesado.csv,/clusteruy/home/mathiasr/generator-aware-row-scaling/results-revision/r1-internal-scaling/simple-gurobi-1pct/base-scaleflag2/logs/caso48b_base.log
caso48c.txt,base,OK,0,1.662883601,0.318468923305997,-308508120.99078214,-312118000.0,OPTIMAL,-309490623.48201305,1.0,8560.0,0.24,14400.0,10800.0,35590.0,10422.0,8576.0,27872.0,27.625,20.59259259259259,21.685866816521497,4,Model contains large bounds | Model contains large matrix coefficients | Model contains large rhs | max constraint violation (1.0317e-06) exceeds tolerance,0.002,2000000000.0,0.005,3000.0,5.0,6000000000.0,1.0,10000000000.0,,,,,,,,,0.0,1.662883601,1.0,1.0,1.0,0.0,0.0,0.0,,,0.0,,,,153477.816391,,,1.450532,,,,1.450532,1.0,0.270038587130866,,,,,,,,BASE,BASE,,,,,,3.64849312682348e-09,1.45519152283669e-11,1.03847123682499e-07,1.03170168586075e-06,832754.546729738,1.51324023524998,27475996.599145,398858572.459566,1.13686837721616e-13,0.0,1.03170168586075e-06,0.0,0.0,0.0,0.0,0.0,1.0,0.0,0.0,0.0,0.0,-308508120.990782,1086.90238122523,0.0,398858572.459566,0.0,0.0,0.0,639.0,0.0,858.0,0.0,0.0,0.0,0.0,-312118113.288935,,,,,,BASE,0.0,0,/clusteruy/home/mathiasr/generator-aware-row-scaling/results-revision/r1-internal-scaling/simple-gurobi-1pct/base-scaleflag2/resultados/caso48c_base.csv,/clusteruy/home/mathiasr/generator-aware-row-scaling/results-revision/r1-internal-scaling/simple-gurobi-1pct/base-scaleflag2/resultados/caso48c_base_postprocesado.csv,/clusteruy/home/mathiasr/generator-aware-row-scaling/results-revision/r1-internal-scaling/simple-gurobi-1pct/base-scaleflag2/logs/caso48c_base.log
caso48d.txt,base,OK,0,1.457945643,0.751153808998597,-218824988.207739,-239365000.0,OPTIMAL,-220468700.44170216,1.0,7813.0,0.24,14400.0,10800.0,35590.0,10617.0,8426.0,28214.0,26.270833333333332,21.98148148148148,20.724922731104243,3,Model contains large bounds | Model contains large matrix coefficients | Model contains large rhs,0.002,2000000000.0,0.003,2000.0,5.0,6000000000.0,1.0,10000000000.0,,,,,,,,,0.0,1.457945643,1.0,1.0,1.0,0.0,0.0,0.0,,,0.0,,,,25405.242289,,,1.268985,,,,1.268985,1.0,0.314310222697994,,,,,,,,BASE,BASE,,,,,,1.81052415953083e-09,2.8421709430404e-14,6.14719465374948e-08,4.30503860116005e-07,6390405.15058274,10.0320661790128,78359847.299795,861277199.488555,4.10210247991927e-08,0.0,9.5367431640625e-07,0.0,0.0,0.0,0.0,0.0,0.0,0.0,0.0,0.0,0.0,-218824988.207739,841.472811271153,0.0,861277199.488555,0.0,0.0,0.0,255.0,0.0,927.0,0.0,0.0,0.0,0.0,-239365207.87293,,,,,,BASE,0.0,0,/clusteruy/home/mathiasr/generator-aware-row-scaling/results-revision/r1-internal-scaling/simple-gurobi-1pct/base-scaleflag2/resultados/caso48d_base.csv,/clusteruy/home/mathiasr/generator-aware-row-scaling/results-revision/r1-internal-scaling/simple-gurobi-1pct/base-scaleflag2/resultados/caso48d_base_postprocesado.csv,/clusteruy/home/mathiasr/generator-aware-row-scaling/results-revision/r1-internal-scaling/simple-gurobi-1pct/base-scaleflag2/logs/caso48d_base.log
caso48e.txt,base,OK,0,1.753655136,0.651878147808796,-232100329.97410035,-233408000.0,OPTIMAL,-233613341.30619362,1.0,9686.0,0.24,14400.0,10800.0,35590.0,10617.0,8426.0,28214.0,26.270833333333332,21.98148148148148,20.724922731104243,4,Model contains large bounds | Model contains large matrix coefficients | Model contains large rhs | max constraint violation (8.9369e-06) exceeds tolerance,0.002,2000000000.0,0.003,2000.0,5.0,6000000000.0,1.0,10000000000.0,,,,,,,,,0.0,1.753655136,1.0,1.0,1.0,0.0,0.0,0.0,,,0.0,,,,300024.886259,,,1.712239,,,,1.712239,1.0,0.264685302020562,,,,,,,,BASE,BASE,,,,,,4.90044804217416e-09,1.16415321826935e-10,1.19209289550781e-07,3.8237776607275e-06,208211.060495001,1.35464660902671,6485501.86591962,39125383.664118,7.27595761418343e-12,0.0,8.93697142601013e-06,0.0,0.0,0.0,0.0,0.0,2.0,0.0,0.0,0.0,0.0,-232100329.9741,879.93565432365,0.0,39125383.664118,0.0,0.0,0.0,787.0,0.0,949.0,0.0,0.0,0.0,0.0,-233408055.316766,,,,,,BASE,0.0,0,/clusteruy/home/mathiasr/generator-aware-row-scaling/results-revision/r1-internal-scaling/simple-gurobi-1pct/base-scaleflag2/resultados/caso48e_base.csv,/clusteruy/home/mathiasr/generator-aware-row-scaling/results-revision/r1-internal-scaling/simple-gurobi-1pct/base-scaleflag2/resultados/caso48e_base_postprocesado.csv,/clusteruy/home/mathiasr/generator-aware-row-scaling/results-revision/r1-internal-scaling/simple-gurobi-1pct/base-scaleflag2/logs/caso48e_base.log
caso48f.txt,base,OK,0,1.645176593,0.739809283822557,-224601177.5972079,-226530000.0,OPTIMAL,-226262797.96064684,1.0,9527.0,0.24,14400.0,10800.0,35590.0,10617.0,8426.0,28214.0,26.270833333333332,21.98148148148148,20.724922731104243,4,Model contains large bounds | Model contains large matrix coefficients | Model contains large rhs | max constraint violation (1.7485e-06) exceeds tolerance,0.002,2000000000.0,0.005,2000.0,5.0,6000000000.0,1.0,10000000000.0,,,,,,,,,0.0,1.645176593,1.0,1.0,1.0,0.0,0.0,0.0,,,0.0,,,,33982.219509,,,1.495877,,,,1.495877,1.0,0.282380591791586,,,,,,,,BASE,BASE,,,,,,3.52372105742969e-09,2.91038304567337e-11,8.80239531397823e-08,1.73691660165787e-06,334441.522157472,1.60168561978194,7495514.39118264,389805203.677182,4.10210247991927e-08,0.0,1.73691660165787e-06,0.0,0.0,0.0,0.0,0.0,1.0,0.0,0.0,0.0,0.0,-224601177.597208,881.767218278532,0.0,389805203.677182,0.0,0.0,0.0,663.0,0.0,923.0,0.0,0.0,0.0,0.0,-226529723.608448,,,,,,BASE,0.0,0,/clusteruy/home/mathiasr/generator-aware-row-scaling/results-revision/r1-internal-scaling/simple-gurobi-1pct/base-scaleflag2/resultados/caso48f_base.csv,/clusteruy/home/mathiasr/generator-aware-row-scaling/results-revision/r1-internal-scaling/simple-gurobi-1pct/base-scaleflag2/resultados/caso48f_base_postprocesado.csv,/clusteruy/home/mathiasr/generator-aware-row-scaling/results-revision/r1-internal-scaling/simple-gurobi-1pct/base-scaleflag2/logs/caso48f_base.log
