class,instance,kernel,reps_sa,reps_flat,median_sa_s,median_flat_s,median_diff_s,min_sa_s,min_flat_s,cv_sa,cv_flat,rel_iqr_sa,rel_iqr_flat,meta_sa_s,meta_flat_s,diag_sa_s,diag_flat_s,apply_sa_s,apply_flat_s,cached_sa_s,cached_flat_s
Simple,caso01a.txt,Augmented,20,20,0.008391,0.001420,0.006971,0.008296,0.001374,0.0101,0.1140,0.0111,0.0386,0.006983,0.000072,0.000647,0.000633,0.000713,0.000650,0.001359,0.001299
Simple,caso01a.txt,Matrix-only,20,20,0.008611,0.001458,0.007153,0.008408,0.001362,0.0108,0.0596,0.0149,0.0780,0.006991,0.000073,0.000648,0.000678,0.000876,0.000653,0.001524,0.001336
Simple,caso01b.txt,Augmented,20,20,0.008411,0.001407,0.007004,0.008271,0.001348,0.0094,0.0575,0.0148,0.0545,0.006988,0.000072,0.000648,0.000631,0.000713,0.000648,0.001362,0.001286
Simple,caso01b.txt,Matrix-only,20,20,0.008535,0.001395,0.007140,0.008437,0.001358,0.0119,0.0693,0.0134,0.0400,0.006965,0.000073,0.000647,0.000624,0.000877,0.000648,0.001523,0.001274
Simple,caso01c.txt,Augmented,20,20,0.008434,0.001391,0.007043,0.008295,0.001362,0.0553,0.0185,0.0154,0.0183,0.006991,0.000072,0.000654,0.000617,0.000709,0.000645,0.001360,0.001268
Simple,caso01c.txt,Matrix-only,20,20,0.008565,0.001392,0.007172,0.008427,0.001361,0.0126,0.0672,0.0106,0.0327,0.007006,0.000072,0.000645,0.000621,0.000878,0.000645,0.001523,0.001274
Simple,caso01d.txt,Augmented,20,20,0.008433,0.001453,0.006979,0.008293,0.001391,0.0125,0.0518,0.0165,0.0726,0.007024,0.000073,0.000646,0.000663,0.000711,0.000654,0.001357,0.001330
Simple,caso01d.txt,Matrix-only,20,20,0.008622,0.001395,0.007227,0.008457,0.001370,0.0121,0.0699,0.0191,0.0347,0.006998,0.000072,0.000649,0.000628,0.000882,0.000646,0.001530,0.001275
Simple,caso01e.txt,Augmented,20,20,0.008377,0.001395,0.006982,0.008292,0.001367,0.0080,0.0791,0.0090,0.0610,0.006959,0.000073,0.000646,0.000621,0.000714,0.000647,0.001360,0.001273
Simple,caso01e.txt,Matrix-only,20,20,0.008569,0.001394,0.007175,0.008464,0.001365,0.0152,0.0263,0.0157,0.0395,0.006994,0.000072,0.000645,0.000621,0.000880,0.000646,0.001525,0.001276
Simple,caso01f.txt,Augmented,20,20,0.008407,0.001391,0.007017,0.008332,0.001365,0.0098,0.0293,0.0164,0.0207,0.006999,0.000073,0.000646,0.000625,0.000707,0.000648,0.001356,0.001273
Simple,caso01f.txt,Matrix-only,20,20,0.008654,0.001447,0.007207,0.008491,0.001368,0.0118,0.0988,0.0166,0.0919,0.007013,0.000073,0.000659,0.000673,0.000885,0.000649,0.001558,0.001325
Simple,caso02a.txt,Augmented,20,20,0.008371,0.001412,0.006959,0.008263,0.001351,0.0113,0.0516,0.0093,0.0361,0.006971,0.000073,0.000646,0.000642,0.000711,0.000649,0.001361,0.001290
Simple,caso02a.txt,Matrix-only,20,20,0.008557,0.001391,0.007166,0.008443,0.001353,0.0142,0.0397,0.0107,0.0465,0.006957,0.000072,0.000647,0.000623,0.000887,0.000648,0.001532,0.001271
Simple,caso02b.txt,Augmented,20,20,0.008378,0.001395,0.006983,0.008295,0.001367,0.0109,0.0362,0.0103,0.0431,0.006978,0.000073,0.000648,0.000625,0.000711,0.000645,0.001358,0.001274
Simple,caso02b.txt,Matrix-only,20,20,0.008551,0.001449,0.007101,0.008435,0.001367,0.0097,0.0732,0.0117,0.1298,0.006956,0.000073,0.000646,0.000631,0.000878,0.000650,0.001523,0.001307
Simple,caso02c.txt,Augmented,20,20,0.008432,0.001442,0.006989,0.008302,0.001381,0.0109,0.0488,0.0168,0.0504,0.007011,0.000073,0.000655,0.000664,0.000715,0.000649,0.001369,0.001319
Simple,caso02c.txt,Matrix-only,20,20,0.008547,0.001399,0.007148,0.008425,0.001372,0.0127,0.0697,0.0113,0.0540,0.006982,0.000073,0.000646,0.000627,0.000877,0.000649,0.001524,0.001280
Simple,caso02d.txt,Augmented,20,20,0.008441,0.001405,0.007036,0.008378,0.001367,0.0054,0.0538,0.0085,0.0504,0.007033,0.000072,0.000644,0.000630,0.000709,0.000647,0.001355,0.001282
Simple,caso02d.txt,Matrix-only,20,20,0.008577,0.001387,0.007191,0.008533,0.001372,0.0116,0.0244,0.0175,0.0120,0.007028,0.000072,0.000647,0.000623,0.000873,0.000641,0.001519,0.001266
Simple,caso02e.txt,Augmented,20,20,0.008481,0.001399,0.007082,0.008355,0.001356,0.0645,0.0563,0.0166,0.0498,0.007028,0.000073,0.000654,0.000635,0.000721,0.000646,0.001373,0.001282
Simple,caso02e.txt,Matrix-only,20,20,0.008623,0.001432,0.007191,0.008521,0.001372,0.0086,0.0475,0.0097,0.0450,0.007029,0.000072,0.000653,0.000643,0.000882,0.000647,0.001538,0.001297
Simple,caso02f.txt,Augmented,20,20,0.008405,0.001392,0.007012,0.008327,0.001349,0.0091,0.0567,0.0109,0.0684,0.007009,0.000072,0.000642,0.000620,0.000702,0.000646,0.001343,0.001272
Simple,caso02f.txt,Matrix-only,20,20,0.008646,0.001386,0.007261,0.008506,0.001350,0.0156,0.0505,0.0093,0.0407,0.007052,0.000073,0.000646,0.000621,0.000879,0.000645,0.001527,0.001269
Simple,caso03a.txt,Augmented,20,20,0.008367,0.001414,0.006953,0.008255,0.001358,0.0096,0.0750,0.0113,0.0752,0.006961,0.000072,0.000648,0.000647,0.000710,0.000649,0.001359,0.001293
Simple,caso03a.txt,Matrix-only,20,20,0.008641,0.001464,0.007177,0.008444,0.001365,0.0211,0.0735,0.0263,0.0590,0.007039,0.000073,0.000652,0.000693,0.000879,0.000648,0.001532,0.001343
Simple,caso03b.txt,Augmented,20,20,0.008532,0.001419,0.007112,0.008323,0.001363,0.0338,0.0788,0.0210,0.1187,0.007051,0.000072,0.000652,0.000644,0.000713,0.000651,0.001369,0.001300
Simple,caso03b.txt,Matrix-only,20,20,0.008637,0.001395,0.007241,0.008491,0.001353,0.0224,0.0409,0.0175,0.0336,0.006988,0.000072,0.000649,0.000631,0.000882,0.000642,0.001532,0.001275
Simple,caso03c.txt,Augmented,20,20,0.008394,0.001418,0.006976,0.008272,0.001351,0.0155,0.0592,0.0146,0.0740,0.006957,0.000072,0.000651,0.000651,0.000703,0.000646,0.001358,0.001293
Simple,caso03c.txt,Matrix-only,20,20,0.008672,0.001446,0.007226,0.008493,0.001371,0.2097,0.1510,0.1111,0.1649,0.007022,0.000073,0.000669,0.000675,0.000881,0.000648,0.001548,0.001322
Simple,caso03d.txt,Augmented,20,20,0.008685,0.001694,0.006990,0.008409,0.001396,0.0160,0.0945,0.0242,0.1059,0.007153,0.000075,0.000730,0.000823,0.000730,0.000678,0.001459,0.001527
Simple,caso03d.txt,Matrix-only,20,20,0.008569,0.001428,0.007141,0.008469,0.001362,0.0095,0.0384,0.0132,0.0442,0.006987,0.000072,0.000649,0.000645,0.000882,0.000646,0.001531,0.001305
Simple,caso03e.txt,Augmented,20,20,0.008385,0.001404,0.006981,0.008285,0.001365,0.0155,0.0414,0.0093,0.0432,0.006981,0.000071,0.000649,0.000624,0.000709,0.000648,0.001360,0.001286
Simple,caso03e.txt,Matrix-only,20,20,0.008539,0.001396,0.007143,0.008413,0.001344,0.0163,0.0360,0.0147,0.0450,0.006963,0.000072,0.000648,0.000634,0.000876,0.000639,0.001526,0.001273
Simple,caso03f.txt,Augmented,20,20,0.008468,0.001402,0.007066,0.008213,0.001374,0.0136,0.0368,0.0225,0.0473,0.007016,0.000072,0.000657,0.000629,0.000714,0.000649,0.001372,0.001284
Simple,caso03f.txt,Matrix-only,20,20,0.008711,0.001452,0.007259,0.008450,0.001365,0.0146,0.0729,0.0145,0.0798,0.007035,0.000072,0.000684,0.000673,0.000891,0.000650,0.001570,0.001331
Simple,caso04a.txt,Augmented,20,20,0.008505,0.001396,0.007110,0.008351,0.001360,0.0147,0.0418,0.0145,0.0496,0.007049,0.000074,0.000649,0.000631,0.000714,0.000645,0.001361,0.001273
Simple,caso04a.txt,Matrix-only,20,20,0.008654,0.001432,0.007222,0.008537,0.001376,0.0107,0.0670,0.0199,0.0800,0.007065,0.000075,0.000651,0.000664,0.000879,0.000647,0.001531,0.001302
Simple,caso04b.txt,Augmented,20,20,0.008460,0.001433,0.007026,0.008359,0.001346,0.0090,0.0992,0.0141,0.0968,0.007047,0.000074,0.000644,0.000657,0.000712,0.000653,0.001356,0.001311
Simple,caso04b.txt,Matrix-only,20,20,0.008648,0.001430,0.007219,0.008480,0.001357,0.0131,0.0499,0.0192,0.0748,0.007052,0.000074,0.000649,0.000675,0.000888,0.000646,0.001533,0.001312
Simple,caso04c.txt,Augmented,20,20,0.008505,0.001439,0.007066,0.008331,0.001378,0.0104,0.0613,0.0117,0.0565,0.007065,0.000074,0.000651,0.000684,0.000712,0.000651,0.001365,0.001322
Simple,caso04c.txt,Matrix-only,20,20,0.008621,0.001445,0.007176,0.008499,0.001370,0.0123,0.0677,0.0175,0.0968,0.007032,0.000074,0.000647,0.000657,0.000881,0.000646,0.001524,0.001322
Simple,caso04d.txt,Augmented,20,20,0.008481,0.001420,0.007061,0.008347,0.001372,0.0105,0.0626,0.0108,0.1122,0.007054,0.000073,0.000649,0.000634,0.000710,0.000656,0.001360,0.001297
Simple,caso04d.txt,Matrix-only,20,20,0.008637,0.001400,0.007237,0.008503,0.001372,0.0161,0.4877,0.0225,0.0762,0.007041,0.000074,0.000650,0.000631,0.000881,0.000650,0.001529,0.001277
Simple,caso04e.txt,Augmented,20,20,0.008445,0.001421,0.007024,0.008344,0.001376,0.0109,0.0532,0.0162,0.0977,0.007039,0.000073,0.000649,0.000641,0.000711,0.000655,0.001361,0.001301
Simple,caso04e.txt,Matrix-only,20,20,0.008593,0.001415,0.007179,0.008467,0.001368,0.0121,0.1727,0.0133,0.0413,0.007005,0.000074,0.000649,0.000646,0.000881,0.000648,0.001528,0.001291
Simple,caso04f.txt,Augmented,20,20,0.008446,0.001390,0.007056,0.008327,0.001345,0.0087,0.0350,0.0123,0.0213,0.007031,0.000073,0.000645,0.000628,0.000707,0.000644,0.001355,0.001270
Simple,caso04f.txt,Matrix-only,20,20,0.008595,0.001410,0.007185,0.008505,0.001371,0.0166,0.0478,0.0226,0.0318,0.007032,0.000073,0.000649,0.000635,0.000876,0.000647,0.001524,0.001287
Simple,caso05a.txt,Augmented,20,20,0.008507,0.001390,0.007117,0.008405,0.001361,0.0131,0.0635,0.0127,0.0082,0.007098,0.000072,0.000646,0.000623,0.000711,0.000648,0.001355,0.001269
Simple,caso05a.txt,Matrix-only,20,20,0.008687,0.001398,0.007289,0.008534,0.001371,0.0084,0.0534,0.0145,0.0335,0.007081,0.000074,0.000647,0.000631,0.000881,0.000647,0.001527,0.001278
Simple,caso05b.txt,Augmented,20,20,0.008569,0.001440,0.007130,0.008398,0.001389,0.0110,0.0439,0.0146,0.0430,0.007140,0.000074,0.000648,0.000656,0.000713,0.000652,0.001362,0.001318
Simple,caso05b.txt,Matrix-only,20,20,0.008706,0.001411,0.007296,0.008574,0.001364,0.0128,0.0519,0.0232,0.0483,0.007117,0.000073,0.000647,0.000637,0.000883,0.000647,0.001526,0.001286
Simple,caso05c.txt,Augmented,20,20,0.008493,0.001389,0.007104,0.008396,0.001360,0.0099,0.0298,0.0099,0.0309,0.007070,0.000073,0.000643,0.000622,0.000708,0.000645,0.001351,0.001269
Simple,caso05c.txt,Matrix-only,20,20,0.008673,0.001407,0.007266,0.008547,0.001373,0.0097,0.0480,0.0110,0.0537,0.007113,0.000074,0.000646,0.000636,0.000876,0.000644,0.001522,0.001285
Simple,caso05d.txt,Augmented,20,20,0.008490,0.001431,0.007059,0.008412,0.001376,0.0103,0.0695,0.0156,0.0594,0.007093,0.000073,0.000646,0.000652,0.000709,0.000651,0.001355,0.001309
Simple,caso05d.txt,Matrix-only,20,20,0.008702,0.001410,0.007292,0.008550,0.001382,0.0126,0.0664,0.0176,0.0462,0.007131,0.000074,0.000648,0.000634,0.000884,0.000648,0.001533,0.001281
Simple,caso05e.txt,Augmented,20,20,0.008527,0.001403,0.007124,0.008410,0.001375,0.0090,0.0502,0.0132,0.0499,0.007119,0.000074,0.000645,0.000636,0.000712,0.000649,0.001357,0.001280
Simple,caso05e.txt,Matrix-only,20,20,0.008679,0.001405,0.007274,0.008522,0.001365,0.0084,0.0358,0.0111,0.0409,0.007111,0.000074,0.000643,0.000634,0.000875,0.000647,0.001520,0.001281
Simple,caso05f.txt,Augmented,20,20,0.008506,0.001410,0.007096,0.008409,0.001357,0.0070,0.0260,0.0092,0.0414,0.007104,0.000073,0.000646,0.000636,0.000709,0.000650,0.001354,0.001283
Simple,caso05f.txt,Matrix-only,20,20,0.008683,0.001425,0.007257,0.008584,0.001369,0.0109,0.0464,0.0194,0.0611,0.007089,0.000074,0.000647,0.000653,0.000881,0.000650,0.001525,0.001299
Simple,caso09a.txt,Augmented,20,20,0.008546,0.001477,0.007069,0.008362,0.001384,0.0142,0.0924,0.0216,0.0926,0.007098,0.000073,0.000663,0.000696,0.000718,0.000656,0.001374,0.001352
Simple,caso09a.txt,Matrix-only,20,20,0.008629,0.001404,0.007225,0.008525,0.001354,0.0090,0.0726,0.0060,0.0299,0.007075,0.000073,0.000643,0.000636,0.000875,0.000651,0.001520,0.001280
Simple,caso09b.txt,Augmented,20,20,0.008468,0.001386,0.007082,0.008387,0.001360,0.0116,0.0412,0.0108,0.0127,0.007069,0.000072,0.000645,0.000623,0.000712,0.000645,0.001360,0.001267
Simple,caso09b.txt,Matrix-only,20,20,0.008602,0.001413,0.007189,0.008473,0.001366,0.0088,0.0392,0.0068,0.0638,0.007029,0.000072,0.000644,0.000639,0.000879,0.000644,0.001524,0.001282
Simple,caso09c.txt,Augmented,20,20,0.008508,0.001393,0.007115,0.008390,0.001363,0.0118,0.0676,0.0155,0.0622,0.007100,0.000072,0.000651,0.000625,0.000712,0.000644,0.001362,0.001273
Simple,caso09c.txt,Matrix-only,20,20,0.008687,0.001451,0.007236,0.008540,0.001363,0.0122,0.1712,0.0153,0.0969,0.007061,0.000073,0.000668,0.000690,0.000882,0.000645,0.001547,0.001328
Simple,caso09d.txt,Augmented,20,20,0.008484,0.001392,0.007092,0.008370,0.001372,0.0083,0.0323,0.0101,0.0157,0.007047,0.000072,0.000652,0.000624,0.000711,0.000646,0.001365,0.001273
Simple,caso09d.txt,Matrix-only,20,20,0.008621,0.001391,0.007230,0.008504,0.001368,0.0077,0.0399,0.0099,0.0511,0.007060,0.000072,0.000647,0.000629,0.000877,0.000644,0.001523,0.001273
Simple,caso09e.txt,Augmented,20,20,0.008447,0.001390,0.007057,0.008363,0.001371,0.0115,0.0617,0.0156,0.0429,0.007039,0.000072,0.000647,0.000621,0.000710,0.000649,0.001359,0.001272
Simple,caso09e.txt,Matrix-only,20,20,0.008668,0.001413,0.007255,0.008499,0.001372,0.0139,0.0444,0.0175,0.0581,0.007058,0.000073,0.000648,0.000639,0.000884,0.000645,0.001534,0.001290
Simple,caso09f.txt,Augmented,20,20,0.008511,0.001461,0.007050,0.008385,0.001360,0.0108,0.0410,0.0126,0.0702,0.007101,0.000073,0.000645,0.000695,0.000713,0.000652,0.001358,0.001336
Simple,caso09f.txt,Matrix-only,20,20,0.008595,0.001394,0.007201,0.008481,0.001364,0.0115,0.0598,0.0108,0.0512,0.007040,0.000072,0.000644,0.000630,0.000875,0.000645,0.001519,0.001277
Simple,caso10a.txt,Augmented,20,20,0.008409,0.001401,0.007008,0.008308,0.001385,0.0104,0.0481,0.0170,0.0226,0.007007,0.000073,0.000650,0.000634,0.000710,0.000646,0.001359,0.001280
Simple,caso10a.txt,Matrix-only,20,20,0.008565,0.001412,0.007153,0.008484,0.001358,0.0113,0.0584,0.0081,0.0676,0.006994,0.000072,0.000649,0.000634,0.000878,0.000644,0.001526,0.001294
Simple,caso10b.txt,Augmented,20,20,0.008498,0.001405,0.007093,0.008321,0.001372,0.0116,0.0430,0.0194,0.0562,0.007049,0.000074,0.000652,0.000636,0.000716,0.000646,0.001371,0.001279
Simple,caso10b.txt,Matrix-only,20,20,0.008602,0.001404,0.007198,0.008450,0.001378,0.0123,0.0513,0.0157,0.0638,0.007006,0.000072,0.000655,0.000631,0.000880,0.000646,0.001534,0.001285
Simple,caso10c.txt,Augmented,20,20,0.008455,0.001394,0.007061,0.008301,0.001376,0.0140,0.0354,0.0157,0.0215,0.007038,0.000072,0.000652,0.000624,0.000713,0.000648,0.001369,0.001275
Simple,caso10c.txt,Matrix-only,20,20,0.008631,0.001395,0.007236,0.008474,0.001366,0.0126,0.0310,0.0216,0.0450,0.007030,0.000072,0.000651,0.000625,0.000880,0.000645,0.001529,0.001271
Simple,caso10d.txt,Augmented,20,20,0.008430,0.001409,0.007021,0.008343,0.001357,0.0104,0.0406,0.0144,0.0430,0.007006,0.000072,0.000649,0.000629,0.000715,0.000647,0.001365,0.001288
Simple,caso10d.txt,Matrix-only,20,20,0.008600,0.001426,0.007175,0.008447,0.001361,0.0128,0.0528,0.0149,0.0588,0.007004,0.000073,0.000651,0.000649,0.000880,0.000644,0.001529,0.001307
Simple,caso10e.txt,Augmented,20,20,0.008479,0.001405,0.007074,0.008359,0.001369,0.0070,0.0515,0.0109,0.0405,0.007051,0.000072,0.000654,0.000629,0.000714,0.000649,0.001365,0.001282
Simple,caso10e.txt,Matrix-only,20,20,0.008553,0.001386,0.007167,0.008425,0.001359,0.0116,0.0226,0.0147,0.0153,0.006987,0.000072,0.000647,0.000622,0.000872,0.000643,0.001521,0.001267
Simple,caso10f.txt,Augmented,20,20,0.008405,0.001393,0.007013,0.008265,0.001362,0.0418,0.0404,0.0130,0.0659,0.006986,0.000073,0.000650,0.000626,0.000714,0.000646,0.001364,0.001273
Simple,caso10f.txt,Matrix-only,20,20,0.008586,0.001397,0.007188,0.008443,0.001356,0.0152,0.0738,0.0205,0.0371,0.006996,0.000072,0.000650,0.000626,0.000882,0.000643,0.001533,0.001279
Simple,caso11a.txt,Augmented,20,20,0.008513,0.001413,0.007100,0.008390,0.001359,0.0514,0.0498,0.0086,0.0580,0.007078,0.000073,0.000660,0.000645,0.000712,0.000650,0.001378,0.001292
Simple,caso11a.txt,Matrix-only,20,20,0.008620,0.001389,0.007230,0.008521,0.001359,0.0111,0.0271,0.0135,0.0289,0.007036,0.000072,0.000650,0.000625,0.000882,0.000641,0.001536,0.001270
Simple,caso11b.txt,Augmented,20,20,0.008444,0.001393,0.007051,0.008358,0.001374,0.0064,0.0509,0.0065,0.0343,0.007043,0.000072,0.000648,0.000627,0.000711,0.000649,0.001360,0.001275
Simple,caso11b.txt,Matrix-only,20,20,0.008630,0.001411,0.007219,0.008556,0.001346,0.0843,0.0630,0.0129,0.0528,0.007054,0.000073,0.000649,0.000642,0.000877,0.000648,0.001528,0.001292
Simple,caso11c.txt,Augmented,20,20,0.008455,0.001389,0.007066,0.008355,0.001352,0.0107,0.0492,0.0165,0.0540,0.007029,0.000072,0.000646,0.000622,0.000709,0.000647,0.001357,0.001270
Simple,caso11c.txt,Matrix-only,20,20,0.008707,0.001452,0.007256,0.008507,0.001361,0.0127,0.0814,0.0206,0.1261,0.007078,0.000073,0.000660,0.000686,0.000880,0.000646,0.001543,0.001327
Simple,caso11d.txt,Augmented,20,20,0.008429,0.001391,0.007038,0.008298,0.001352,0.0097,0.0442,0.0136,0.0332,0.006998,0.000072,0.000647,0.000622,0.000711,0.000648,0.001360,0.001269
Simple,caso11d.txt,Matrix-only,20,20,0.008526,0.001393,0.007133,0.008410,0.001355,0.0087,0.0479,0.0077,0.0741,0.006955,0.000073,0.000646,0.000622,0.000873,0.000647,0.001522,0.001273
Simple,caso11e.txt,Augmented,20,20,0.008401,0.001389,0.007012,0.008277,0.001358,0.0109,0.0161,0.0147,0.0167,0.007010,0.000072,0.000646,0.000621,0.000705,0.000646,0.001349,0.001266
Simple,caso11e.txt,Matrix-only,20,20,0.008566,0.001386,0.007181,0.008437,0.001359,0.0112,0.0657,0.0119,0.0478,0.006983,0.000072,0.000649,0.000627,0.000880,0.000641,0.001528,0.001267
Simple,caso11f.txt,Augmented,20,20,0.008473,0.001435,0.007038,0.008348,0.001361,0.0094,0.0483,0.0116,0.0570,0.007028,0.000073,0.000655,0.000664,0.000714,0.000647,0.001372,0.001315
Simple,caso11f.txt,Matrix-only,20,20,0.008554,0.001396,0.007158,0.008474,0.001358,0.0104,0.0448,0.0106,0.0370,0.006992,0.000072,0.000646,0.000627,0.000876,0.000647,0.001522,0.001275
Simple,caso12a.txt,Augmented,20,20,0.008455,0.001393,0.007061,0.008357,0.001363,0.0092,0.0615,0.0135,0.0140,0.007007,0.000072,0.000651,0.000625,0.000715,0.000646,0.001366,0.001272
Simple,caso12a.txt,Matrix-only,20,20,0.008607,0.001414,0.007193,0.008497,0.001360,0.0116,0.1156,0.0087,0.0480,0.007012,0.000073,0.000649,0.000642,0.000880,0.000643,0.001529,0.001293
Simple,caso12b.txt,Augmented,20,20,0.008427,0.001389,0.007038,0.008292,0.001346,0.0133,0.0379,0.0221,0.0164,0.007036,0.000071,0.000647,0.000623,0.000709,0.000645,0.001356,0.001270
Simple,caso12b.txt,Matrix-only,20,20,0.008586,0.001472,0.007114,0.008486,0.001349,0.0136,0.0622,0.0200,0.0892,0.007034,0.000072,0.000650,0.000676,0.000873,0.000648,0.001525,0.001339
Simple,caso12c.txt,Augmented,20,20,0.008429,0.001391,0.007038,0.008321,0.001376,0.0151,0.0218,0.0139,0.0085,0.007003,0.000072,0.000648,0.000626,0.000706,0.000647,0.001355,0.001272
Simple,caso12c.txt,Matrix-only,20,20,0.008569,0.001397,0.007172,0.008492,0.001367,0.0097,0.0560,0.0107,0.0444,0.006994,0.000071,0.000649,0.000629,0.000875,0.000648,0.001525,0.001277
Simple,caso12d.txt,Augmented,20,20,0.008460,0.001423,0.007037,0.008350,0.001365,0.0345,0.0635,0.0162,0.1028,0.007029,0.000072,0.000649,0.000654,0.000712,0.000646,0.001362,0.001300
Simple,caso12d.txt,Matrix-only,20,20,0.008613,0.001398,0.007215,0.008432,0.001379,0.0092,0.0379,0.0126,0.0393,0.007041,0.000072,0.000648,0.000631,0.000873,0.000646,0.001524,0.001274
Simple,caso12e.txt,Augmented,20,20,0.008458,0.001422,0.007036,0.008297,0.001362,0.0135,0.0549,0.0213,0.0593,0.007005,0.000072,0.000652,0.000640,0.000712,0.000647,0.001365,0.001299
Simple,caso12e.txt,Matrix-only,20,20,0.008537,0.001382,0.007156,0.008461,0.001362,0.0063,0.0599,0.0070,0.0206,0.006979,0.000071,0.000648,0.000622,0.000873,0.000641,0.001525,0.001265
Simple,caso12f.txt,Augmented,20,20,0.008425,0.001387,0.007038,0.008303,0.001349,0.0146,0.0402,0.0192,0.0113,0.007005,0.000071,0.000647,0.000623,0.000710,0.000641,0.001360,0.001269
Simple,caso12f.txt,Matrix-only,20,20,0.008546,0.001394,0.007152,0.008464,0.001353,0.0119,0.0406,0.0118,0.0369,0.006987,0.000071,0.000651,0.000622,0.000874,0.000647,0.001526,0.001272
Simple,caso14a.txt,Augmented,20,20,0.008503,0.001409,0.007094,0.008377,0.001354,0.0100,0.0531,0.0133,0.0652,0.007083,0.000072,0.000658,0.000641,0.000710,0.000645,0.001369,0.001288
Simple,caso14a.txt,Matrix-only,20,20,0.008637,0.001423,0.007214,0.008523,0.001379,0.0102,0.0490,0.0126,0.0755,0.007073,0.000072,0.000653,0.000629,0.000877,0.000650,0.001530,0.001302
Simple,caso14b.txt,Augmented,20,20,0.008461,0.001393,0.007068,0.008344,0.001350,0.0089,0.0317,0.0110,0.0256,0.007060,0.000072,0.000649,0.000625,0.000709,0.000645,0.001357,0.001272
Simple,caso14b.txt,Matrix-only,20,20,0.008622,0.001387,0.007235,0.008509,0.001353,0.0124,0.0463,0.0231,0.0397,0.007070,0.000072,0.000649,0.000631,0.000879,0.000642,0.001528,0.001270
Simple,caso14c.txt,Augmented,20,20,0.008448,0.001402,0.007046,0.008338,0.001355,0.0076,0.0351,0.0072,0.0484,0.007052,0.000072,0.000648,0.000635,0.000709,0.000646,0.001360,0.001283
Simple,caso14c.txt,Matrix-only,20,20,0.008679,0.001416,0.007262,0.008505,0.001367,0.0119,0.0479,0.0233,0.0644,0.007088,0.000073,0.000655,0.000646,0.000879,0.000647,0.001532,0.001297
Simple,caso14d.txt,Augmented,20,20,0.008510,0.001410,0.007100,0.008338,0.001364,0.0119,0.0320,0.0166,0.0572,0.007069,0.000072,0.000649,0.000642,0.000706,0.000644,0.001359,0.001287
Simple,caso14d.txt,Matrix-only,20,20,0.008615,0.001391,0.007224,0.008489,0.001372,0.0073,0.0309,0.0093,0.0250,0.007039,0.000072,0.000650,0.000626,0.000874,0.000647,0.001526,0.001273
Simple,caso14e.txt,Augmented,20,20,0.008459,0.001392,0.007067,0.008366,0.001368,0.0101,0.0484,0.0139,0.0346,0.007050,0.000073,0.000649,0.000625,0.000708,0.000649,0.001356,0.001271
Simple,caso14e.txt,Matrix-only,20,20,0.008565,0.001396,0.007168,0.008467,0.001362,0.0148,0.0315,0.0075,0.0299,0.007022,0.000073,0.000646,0.000626,0.000840,0.000643,0.001481,0.001273
Simple,caso14f.txt,Augmented,20,20,0.008492,0.001394,0.007097,0.008369,0.001350,0.0358,0.1173,0.0426,0.0499,0.007082,0.000073,0.000649,0.000624,0.000703,0.000642,0.001358,0.001268
Simple,caso14f.txt,Matrix-only,20,20,0.008618,0.001375,0.007243,0.008510,0.001353,0.0086,0.0354,0.0115,0.0501,0.007068,0.000072,0.000647,0.000619,0.000840,0.000640,0.001488,0.001259
Simple,caso19a.txt,Augmented,20,20,0.008546,0.001521,0.007025,0.008368,0.001477,0.0644,0.0578,0.0212,0.0809,0.007043,0.000074,0.000708,0.000732,0.000721,0.000647,0.001428,0.001379
Simple,caso19a.txt,Matrix-only,20,20,0.008660,0.001521,0.007139,0.008562,0.001476,0.0071,0.0301,0.0068,0.0403,0.006963,0.000074,0.000709,0.000732,0.000913,0.000644,0.001630,0.001390
Simple,caso19b.txt,Augmented,20,20,0.008456,0.001512,0.006944,0.008383,0.001481,0.0059,0.0354,0.0075,0.0276,0.006967,0.000074,0.000707,0.000729,0.000721,0.000646,0.001430,0.001377
Simple,caso19b.txt,Matrix-only,20,20,0.008651,0.001518,0.007133,0.008562,0.001473,0.0062,0.0459,0.0089,0.0464,0.006968,0.000073,0.000710,0.000739,0.000912,0.000642,0.001623,0.001381
Simple,caso19c.txt,Augmented,20,20,0.008466,0.001571,0.006895,0.008372,0.001489,0.0064,0.0461,0.0084,0.0574,0.006967,0.000074,0.000706,0.000735,0.000722,0.000651,0.001425,0.001435
Simple,caso19c.txt,Matrix-only,20,20,0.008666,0.001520,0.007146,0.008406,0.001487,0.0255,0.0374,0.0099,0.0181,0.006973,0.000074,0.000708,0.000733,0.000910,0.000645,0.001621,0.001381
Simple,caso19d.txt,Augmented,20,20,0.008344,0.001385,0.006958,0.008246,0.001358,0.0105,0.0268,0.0103,0.0190,0.006949,0.000073,0.000642,0.000615,0.000695,0.000638,0.001336,0.001255
Simple,caso19d.txt,Matrix-only,20,20,0.008477,0.001373,0.007103,0.008349,0.001356,0.0112,0.0169,0.0143,0.0122,0.006917,0.000072,0.000647,0.000604,0.000836,0.000641,0.001479,0.001247
Simple,caso19e.txt,Augmented,20,20,0.008355,0.001439,0.006916,0.008265,0.001366,0.0104,0.0500,0.0127,0.0909,0.006945,0.000074,0.000643,0.000657,0.000702,0.000646,0.001345,0.001295
Simple,caso19e.txt,Matrix-only,20,20,0.008546,0.001439,0.007107,0.008486,0.001377,0.0097,0.0452,0.0134,0.0332,0.006978,0.000073,0.000648,0.000636,0.000878,0.000656,0.001527,0.001315
Simple,caso19f.txt,Augmented,20,20,0.008378,0.001405,0.006973,0.008276,0.001365,0.0084,0.0527,0.0113,0.0572,0.006966,0.000074,0.000650,0.000632,0.000709,0.000651,0.001362,0.001282
Simple,caso19f.txt,Matrix-only,20,20,0.008616,0.001561,0.007055,0.008468,0.001358,0.2287,0.2214,0.3778,0.3728,0.006995,0.000076,0.000692,0.000733,0.000915,0.000650,0.001595,0.001415
Simple,caso20a.txt,Augmented,20,20,0.010367,0.001875,0.008492,0.008443,0.001397,0.1490,0.1413,0.2946,0.1897,0.008633,0.000107,0.000743,0.000806,0.000875,0.000861,0.001658,0.001704
Simple,caso20a.txt,Matrix-only,20,20,0.008700,0.001400,0.007300,0.008566,0.001369,0.0119,0.0542,0.0117,0.0522,0.007116,0.000072,0.000651,0.000632,0.000880,0.000645,0.001530,0.001281
Simple,caso20b.txt,Augmented,20,20,0.008503,0.001405,0.007097,0.008431,0.001372,0.0091,0.0349,0.0096,0.0381,0.007083,0.000072,0.000656,0.000625,0.000711,0.000648,0.001367,0.001278
Simple,caso20b.txt,Matrix-only,20,20,0.008731,0.001391,0.007339,0.008607,0.001353,0.0082,0.0373,0.0138,0.0553,0.007142,0.000072,0.000651,0.000630,0.000875,0.000645,0.001526,0.001271
Simple,caso20c.txt,Augmented,20,20,0.008524,0.001413,0.007112,0.008417,0.001361,0.0076,0.0932,0.0095,0.0745,0.007106,0.000072,0.000648,0.000635,0.000711,0.000647,0.001359,0.001290
Simple,caso20c.txt,Matrix-only,20,20,0.008760,0.001452,0.007309,0.008577,0.001369,0.0109,0.0802,0.0150,0.0633,0.007129,0.000073,0.000653,0.000676,0.000886,0.000653,0.001537,0.001331
Simple,caso20d.txt,Augmented,20,20,0.008422,0.001413,0.007009,0.008332,0.001374,0.0073,0.0479,0.0071,0.0498,0.007010,0.000073,0.000654,0.000639,0.000710,0.000646,0.001362,0.001283
Simple,caso20d.txt,Matrix-only,20,20,0.008629,0.001393,0.007235,0.008429,0.001370,0.0141,0.0379,0.0191,0.0341,0.007038,0.000073,0.000651,0.000626,0.000875,0.000645,0.001527,0.001273
Simple,caso20e.txt,Augmented,20,20,0.008424,0.001404,0.007020,0.008300,0.001372,0.0116,0.0378,0.0103,0.0567,0.007016,0.000072,0.000650,0.000633,0.000708,0.000648,0.001363,0.001285
Simple,caso20e.txt,Matrix-only,20,20,0.008591,0.001391,0.007200,0.008508,0.001368,0.0101,0.0481,0.0129,0.0259,0.007047,0.000072,0.000648,0.000627,0.000873,0.000645,0.001523,0.001274
Simple,caso20f.txt,Augmented,20,20,0.008487,0.001445,0.007042,0.008385,0.001359,0.0135,0.0420,0.0187,0.0762,0.007066,0.000073,0.000658,0.000676,0.000713,0.000649,0.001370,0.001320
Simple,caso20f.txt,Matrix-only,20,20,0.008596,0.001405,0.007191,0.008504,0.001364,0.0062,0.0403,0.0097,0.0254,0.007021,0.000073,0.000650,0.000637,0.000875,0.000646,0.001526,0.001279
Simple,caso21a.txt,Augmented,20,20,0.008437,0.001386,0.007051,0.008339,0.001365,0.0112,0.0306,0.0143,0.0261,0.007025,0.000072,0.000646,0.000620,0.000708,0.000645,0.001356,0.001266
Simple,caso21a.txt,Matrix-only,20,20,0.008594,0.001388,0.007206,0.008415,0.001376,0.0128,0.0461,0.0180,0.0293,0.007028,0.000072,0.000648,0.000625,0.000874,0.000645,0.001522,0.001270
Simple,caso21b.txt,Augmented,20,20,0.008424,0.001389,0.007035,0.008328,0.001361,0.0101,0.0691,0.0111,0.0211,0.007024,0.000072,0.000647,0.000623,0.000712,0.000648,0.001358,0.001269
Simple,caso21b.txt,Matrix-only,20,20,0.008665,0.001416,0.007249,0.008470,0.001368,0.0252,0.0571,0.0207,0.0578,0.007018,0.000073,0.000651,0.000644,0.000882,0.000646,0.001538,0.001295
Simple,caso21c.txt,Augmented,20,20,0.008440,0.001403,0.007037,0.008347,0.001378,0.0121,0.0429,0.0176,0.0237,0.007027,0.000073,0.000647,0.000634,0.000715,0.000647,0.001363,0.001281
Simple,caso21c.txt,Matrix-only,20,20,0.008589,0.001386,0.007203,0.008496,0.001372,0.0123,0.0515,0.0194,0.0390,0.007018,0.000072,0.000648,0.000624,0.000880,0.000641,0.001526,0.001265
Simple,caso21d.txt,Augmented,20,20,0.008614,0.001599,0.007015,0.008325,0.001380,0.0193,0.0557,0.0212,0.0503,0.007091,0.000073,0.000732,0.000794,0.000725,0.000670,0.001457,0.001471
Simple,caso21d.txt,Matrix-only,20,20,0.008546,0.001397,0.007149,0.008406,0.001352,0.0137,0.0685,0.0166,0.0450,0.006985,0.000072,0.000646,0.000627,0.000880,0.000643,0.001525,0.001278
Simple,caso21e.txt,Augmented,20,20,0.008440,0.001436,0.007005,0.008287,0.001379,0.0129,0.0469,0.0140,0.0702,0.007028,0.000073,0.000651,0.000647,0.000713,0.000650,0.001367,0.001312
Simple,caso21e.txt,Matrix-only,20,20,0.008516,0.001391,0.007125,0.008442,0.001367,0.0126,0.0634,0.0205,0.0497,0.006937,0.000071,0.000646,0.000622,0.000879,0.000642,0.001528,0.001263
Simple,caso21f.txt,Augmented,20,20,0.008391,0.001382,0.007008,0.008267,0.001373,0.0142,0.0355,0.0140,0.0373,0.006973,0.000072,0.000646,0.000619,0.000709,0.000644,0.001357,0.001263
Simple,caso21f.txt,Matrix-only,20,20,0.008554,0.001385,0.007169,0.008431,0.001351,0.0424,0.0657,0.0153,0.0508,0.006960,0.000071,0.000649,0.000621,0.000879,0.000642,0.001528,0.001267
Simple,caso22a.txt,Augmented,20,20,0.008417,0.001409,0.007008,0.008316,0.001375,0.0145,0.0517,0.0129,0.0802,0.006995,0.000072,0.000650,0.000636,0.000712,0.000650,0.001364,0.001291
Simple,caso22a.txt,Matrix-only,20,20,0.008641,0.001445,0.007196,0.008504,0.001381,0.0126,0.0388,0.0168,0.0636,0.007012,0.000072,0.000669,0.000654,0.000885,0.000653,0.001548,0.001324
Simple,caso22b.txt,Augmented,20,20,0.008381,0.001433,0.006948,0.008302,0.001375,0.0122,0.1250,0.0161,0.0653,0.006975,0.000072,0.000651,0.000661,0.000716,0.000649,0.001368,0.001315
Simple,caso22b.txt,Matrix-only,20,20,0.008579,0.001461,0.007118,0.008435,0.001355,0.0124,0.0567,0.0153,0.0905,0.006990,0.000073,0.000652,0.000674,0.000882,0.000651,0.001534,0.001338
Simple,caso22c.txt,Augmented,20,20,0.008433,0.001395,0.007039,0.008324,0.001376,0.0185,0.0384,0.0200,0.0464,0.006994,0.000071,0.000654,0.000625,0.000714,0.000650,0.001366,0.001276
Simple,caso22c.txt,Matrix-only,20,20,0.008581,0.001397,0.007184,0.008444,0.001368,0.0085,0.0425,0.0112,0.0778,0.006997,0.000071,0.000648,0.000636,0.000879,0.000648,0.001530,0.001278
Simple,caso22d.txt,Augmented,20,20,0.008484,0.001457,0.007027,0.008367,0.001388,0.0244,0.0372,0.0189,0.0384,0.007046,0.000072,0.000652,0.000683,0.000716,0.000647,0.001369,0.001335
Simple,caso22d.txt,Matrix-only,20,20,0.008557,0.001399,0.007159,0.008473,0.001370,0.0119,0.0582,0.0203,0.0485,0.006970,0.000072,0.000652,0.000635,0.000882,0.000646,0.001533,0.001278
Simple,caso22e.txt,Augmented,20,20,0.008438,0.001431,0.007007,0.008300,0.001378,0.0096,0.0441,0.0117,0.0683,0.007030,0.000072,0.000650,0.000635,0.000711,0.000654,0.001362,0.001304
Simple,caso22e.txt,Matrix-only,20,20,0.008586,0.001406,0.007179,0.008486,0.001379,0.0131,0.0311,0.0244,0.0435,0.006999,0.000072,0.000651,0.000639,0.000883,0.000649,0.001533,0.001286
Simple,caso22f.txt,Augmented,20,20,0.008485,0.001462,0.007023,0.008356,0.001380,0.0203,0.0874,0.0343,0.1133,0.007058,0.000072,0.000685,0.000692,0.000724,0.000655,0.001420,0.001340
Simple,caso22f.txt,Matrix-only,20,20,0.008840,0.001608,0.007233,0.008754,0.001471,0.0138,0.0425,0.0112,0.0367,0.007099,0.000073,0.000733,0.000810,0.000939,0.000664,0.001679,0.001480
Simple,caso23a.txt,Augmented,20,20,0.008663,0.001576,0.007087,0.008537,0.001480,0.0107,0.0614,0.0152,0.0639,0.007162,0.000075,0.000723,0.000783,0.000729,0.000667,0.001457,0.001445
Simple,caso23a.txt,Matrix-only,20,20,0.008862,0.001597,0.007265,0.008640,0.001542,0.0084,0.0519,0.0075,0.0517,0.007131,0.000074,0.000719,0.000796,0.000932,0.000667,0.001658,0.001473
Simple,caso23b.txt,Augmented,20,20,0.008613,0.001592,0.007020,0.008400,0.001524,0.0135,0.0363,0.0217,0.0357,0.007111,0.000073,0.000718,0.000781,0.000732,0.000670,0.001450,0.001459
Simple,caso23b.txt,Matrix-only,20,20,0.008809,0.001580,0.007229,0.008668,0.001482,0.0218,0.0578,0.0184,0.0204,0.007096,0.000074,0.000721,0.000788,0.000930,0.000662,0.001653,0.001452
Simple,caso23c.txt,Augmented,20,20,0.008510,0.001436,0.007074,0.008331,0.001374,0.0185,0.0732,0.0277,0.1237,0.007017,0.000073,0.000660,0.000669,0.000720,0.000650,0.001384,0.001313
Simple,caso23c.txt,Matrix-only,20,20,0.008565,0.001388,0.007178,0.008435,0.001340,0.0103,0.0888,0.0114,0.0177,0.006986,0.000072,0.000642,0.000616,0.000877,0.000645,0.001519,0.001267
Simple,caso23d.txt,Augmented,20,20,0.008411,0.001395,0.007016,0.008321,0.001346,0.0082,0.0493,0.0096,0.0503,0.006986,0.000072,0.000646,0.000627,0.000713,0.000645,0.001362,0.001273
Simple,caso23d.txt,Matrix-only,20,20,0.008543,0.001410,0.007133,0.008452,0.001370,0.0486,0.0423,0.0126,0.0659,0.006976,0.000073,0.000642,0.000631,0.000876,0.000643,0.001520,0.001277
Simple,caso23e.txt,Augmented,20,20,0.008451,0.001449,0.007002,0.008310,0.001359,0.0122,0.1117,0.0202,0.0693,0.007019,0.000073,0.000644,0.000674,0.000713,0.000649,0.001358,0.001323
Simple,caso23e.txt,Matrix-only,20,20,0.008585,0.001406,0.007179,0.008483,0.001349,0.0349,0.0441,0.0121,0.0319,0.007023,0.000072,0.000642,0.000622,0.000877,0.000643,0.001517,0.001283
Simple,caso23f.txt,Augmented,20,20,0.008451,0.001418,0.007032,0.008314,0.001375,0.0118,0.0362,0.0171,0.0420,0.007034,0.000072,0.000644,0.000642,0.000710,0.000650,0.001355,0.001292
Simple,caso23f.txt,Matrix-only,20,20,0.008564,0.001397,0.007166,0.008431,0.001354,0.0103,0.0492,0.0110,0.0381,0.006978,0.000073,0.000641,0.000623,0.000879,0.000640,0.001523,0.001275
Simple,caso24a.txt,Augmented,20,20,0.008440,0.001397,0.007043,0.008329,0.001357,0.0108,0.0472,0.0113,0.0422,0.007040,0.000072,0.000648,0.000622,0.000711,0.000651,0.001358,0.001277
Simple,caso24a.txt,Matrix-only,20,20,0.008639,0.001451,0.007188,0.008459,0.001354,0.0131,0.0745,0.0133,0.0811,0.007028,0.000073,0.000653,0.000671,0.000882,0.000647,0.001532,0.001334
Simple,caso24b.txt,Augmented,20,20,0.008426,0.001397,0.007029,0.008327,0.001359,0.0084,0.0613,0.0108,0.0236,0.007016,0.000072,0.000647,0.000627,0.000713,0.000650,0.001363,0.001276
Simple,caso24b.txt,Matrix-only,20,20,0.008556,0.001392,0.007165,0.008463,0.001372,0.0102,0.0393,0.0168,0.0488,0.006993,0.000072,0.000647,0.000624,0.000876,0.000644,0.001523,0.001271
Simple,caso24c.txt,Augmented,20,20,0.008401,0.001398,0.007003,0.008362,0.001374,0.0076,0.0696,0.0055,0.0322,0.006998,0.000071,0.000648,0.000625,0.000711,0.000648,0.001359,0.001278
Simple,caso24c.txt,Matrix-only,20,20,0.008579,0.001396,0.007183,0.008442,0.001363,0.0169,0.0468,0.0238,0.0603,0.007010,0.000072,0.000645,0.000624,0.000873,0.000647,0.001519,0.001271
Simple,caso24d.txt,Augmented,20,20,0.008484,0.001415,0.007068,0.008294,0.001346,0.0123,0.0569,0.0163,0.0868,0.007061,0.000073,0.000651,0.000640,0.000713,0.000646,0.001366,0.001295
Simple,caso24d.txt,Matrix-only,20,20,0.008583,0.001410,0.007173,0.008492,0.001351,0.0308,0.0433,0.0169,0.0527,0.007018,0.000072,0.000647,0.000635,0.000880,0.000643,0.001526,0.001289
Simple,caso24e.txt,Augmented,20,20,0.008442,0.001395,0.007047,0.008309,0.001376,0.0125,0.0427,0.0192,0.0619,0.007018,0.000072,0.000650,0.000627,0.000712,0.000650,0.001358,0.001276
Simple,caso24e.txt,Matrix-only,20,20,0.008553,0.001411,0.007142,0.008385,0.001375,0.0108,0.1026,0.0124,0.0668,0.006992,0.000072,0.000647,0.000635,0.000879,0.000648,0.001525,0.001284
Simple,caso24f.txt,Augmented,20,20,0.008428,0.001384,0.007043,0.008337,0.001351,0.0087,0.0291,0.0119,0.0125,0.007008,0.000071,0.000648,0.000621,0.000714,0.000646,0.001361,0.001266
Simple,caso24f.txt,Matrix-only,20,20,0.008672,0.001451,0.007221,0.008432,0.001385,0.0102,0.0376,0.0097,0.0560,0.007068,0.000072,0.000651,0.000678,0.000880,0.000651,0.001540,0.001331
Simple,caso25a.txt,Augmented,20,20,0.008408,0.001414,0.006994,0.008307,0.001383,0.0102,0.0262,0.0152,0.0415,0.006975,0.000074,0.000646,0.000642,0.000712,0.000648,0.001363,0.001289
Simple,caso25a.txt,Matrix-only,20,20,0.008552,0.001393,0.007159,0.008435,0.001370,0.0447,0.0410,0.0142,0.0374,0.006978,0.000072,0.000646,0.000623,0.000878,0.000643,0.001523,0.001272
Simple,caso25b.txt,Augmented,20,20,0.008407,0.001389,0.007018,0.008279,0.001355,0.0094,0.0259,0.0141,0.0328,0.006965,0.000073,0.000649,0.000621,0.000715,0.000649,0.001364,0.001271
Simple,caso25b.txt,Matrix-only,20,20,0.008553,0.001398,0.007155,0.008408,0.001365,0.0110,0.0412,0.0080,0.0718,0.006979,0.000072,0.000645,0.000632,0.000878,0.000646,0.001523,0.001279
Simple,caso25c.txt,Augmented,20,20,0.008458,0.001419,0.007039,0.008368,0.001368,0.0113,0.0483,0.0148,0.0586,0.007015,0.000073,0.000660,0.000648,0.000716,0.000648,0.001373,0.001296
Simple,caso25c.txt,Matrix-only,20,20,0.008564,0.001395,0.007169,0.008423,0.001371,0.0328,0.0274,0.0115,0.0174,0.006991,0.000073,0.000649,0.000628,0.000877,0.000645,0.001526,0.001272
Simple,caso25d.txt,Augmented,20,20,0.008409,0.001398,0.007011,0.008274,0.001353,0.0106,0.0502,0.0115,0.0627,0.006980,0.000074,0.000648,0.000624,0.000709,0.000648,0.001362,0.001279
Simple,caso25d.txt,Matrix-only,20,20,0.008578,0.001384,0.007194,0.008457,0.001357,0.0125,0.0495,0.0203,0.0184,0.006992,0.000073,0.000650,0.000619,0.000881,0.000644,0.001530,0.001265
Simple,caso25e.txt,Augmented,20,20,0.008432,0.001419,0.007014,0.008315,0.001378,0.0107,0.0452,0.0109,0.0450,0.006975,0.000073,0.000652,0.000637,0.000716,0.000653,0.001373,0.001299
Simple,caso25e.txt,Matrix-only,20,20,0.008606,0.001421,0.007185,0.008423,0.001366,0.0117,0.0545,0.0184,0.0615,0.007030,0.000074,0.000654,0.000648,0.000880,0.000646,0.001534,0.001291
Simple,caso25f.txt,Augmented,20,20,0.008419,0.001400,0.007019,0.008274,0.001359,0.0090,0.0382,0.0139,0.0516,0.006981,0.000073,0.000644,0.000625,0.000710,0.000645,0.001362,0.001275
Simple,caso25f.txt,Matrix-only,20,20,0.008567,0.001404,0.007162,0.008461,0.001374,0.0098,0.0496,0.0151,0.0370,0.006998,0.000073,0.000646,0.000641,0.000876,0.000646,0.001523,0.001284
Simple,caso26a.txt,Augmented,20,20,0.008416,0.001397,0.007019,0.008318,0.001364,0.0135,0.0339,0.0126,0.0340,0.007012,0.000072,0.000644,0.000624,0.000708,0.000649,0.001353,0.001278
Simple,caso26a.txt,Matrix-only,20,20,0.008612,0.001405,0.007207,0.008537,0.001362,0.0103,0.0564,0.0107,0.0947,0.007045,0.000072,0.000644,0.000636,0.000875,0.000647,0.001525,0.001287
Simple,caso26b.txt,Augmented,20,20,0.008563,0.001452,0.007111,0.008338,0.001385,0.0134,0.0739,0.0200,0.1218,0.007103,0.000073,0.000665,0.000689,0.000722,0.000647,0.001383,0.001329
Simple,caso26b.txt,Matrix-only,20,20,0.008618,0.001408,0.007211,0.008473,0.001368,0.0188,0.0352,0.0159,0.0569,0.007040,0.000072,0.000648,0.000634,0.000881,0.000647,0.001529,0.001280
Simple,caso26c.txt,Augmented,20,20,0.008412,0.001411,0.007001,0.008326,0.001363,0.0076,0.0509,0.0127,0.0599,0.007004,0.000072,0.000644,0.000635,0.000711,0.000647,0.001356,0.001289
Simple,caso26c.txt,Matrix-only,20,20,0.008564,0.001396,0.007168,0.008451,0.001367,0.0093,0.0282,0.0145,0.0431,0.006993,0.000072,0.000642,0.000627,0.000878,0.000644,0.001520,0.001274
Simple,caso26d.txt,Augmented,20,20,0.008407,0.001470,0.006937,0.008282,0.001357,0.0143,0.1571,0.0228,0.1253,0.006987,0.000073,0.000646,0.000689,0.000715,0.000651,0.001360,0.001346
Simple,caso26d.txt,Matrix-only,20,20,0.008559,0.001396,0.007162,0.008471,0.001368,0.0115,0.0486,0.0124,0.0620,0.006974,0.000072,0.000648,0.000630,0.000882,0.000647,0.001530,0.001275
Simple,caso26e.txt,Augmented,20,20,0.008371,0.001395,0.006975,0.008295,0.001360,0.0060,0.0379,0.0083,0.0282,0.006945,0.000071,0.000644,0.000630,0.000712,0.000648,0.001358,0.001277
Simple,caso26e.txt,Matrix-only,20,20,0.008549,0.001395,0.007153,0.008425,0.001358,0.0115,0.0822,0.0109,0.0493,0.006973,0.000072,0.000645,0.000623,0.000876,0.000645,0.001523,0.001273
Simple,caso26f.txt,Augmented,20,20,0.008385,0.001401,0.006985,0.008246,0.001351,0.0101,0.0558,0.0126,0.0490,0.006969,0.000072,0.000646,0.000624,0.000715,0.000644,0.001363,0.001281
Simple,caso26f.txt,Matrix-only,20,20,0.008554,0.001448,0.007105,0.008403,0.001377,0.0113,0.0656,0.0166,0.0831,0.006967,0.000072,0.000649,0.000680,0.000880,0.000645,0.001537,0.001323
Simple,caso27a.txt,Augmented,20,20,0.008459,0.001396,0.007064,0.008333,0.001379,0.0104,0.0341,0.0147,0.0081,0.007048,0.000072,0.000650,0.000627,0.000711,0.000646,0.001363,0.001278
Simple,caso27a.txt,Matrix-only,20,20,0.008700,0.001450,0.007250,0.008475,0.001369,0.0249,0.0770,0.0208,0.0979,0.007076,0.000073,0.000684,0.000666,0.000882,0.000649,0.001566,0.001329
Simple,caso27b.txt,Augmented,20,20,0.008655,0.001591,0.007063,0.008539,0.001540,0.0116,0.0345,0.0210,0.0329,0.007117,0.000074,0.000732,0.000800,0.000734,0.000665,0.001466,0.001463
Simple,caso27b.txt,Matrix-only,20,20,0.008719,0.001399,0.007320,0.008478,0.001361,0.0208,0.1172,0.0297,0.1265,0.007083,0.000073,0.000687,0.000639,0.000896,0.000644,0.001584,0.001279
Simple,caso27c.txt,Augmented,20,20,0.008477,0.001480,0.006996,0.008318,0.001392,0.0147,0.0631,0.0181,0.0951,0.007040,0.000074,0.000654,0.000693,0.000718,0.000653,0.001373,0.001353
Simple,caso27c.txt,Matrix-only,20,20,0.008624,0.001403,0.007222,0.008450,0.001369,0.0102,0.0565,0.0151,0.0564,0.007027,0.000072,0.000650,0.000638,0.000879,0.000644,0.001528,0.001283
Simple,caso27d.txt,Augmented,20,20,0.008400,0.001396,0.007004,0.008322,0.001361,0.0080,0.0305,0.0091,0.0350,0.007000,0.000072,0.000647,0.000626,0.000706,0.000643,0.001355,0.001274
Simple,caso27d.txt,Matrix-only,20,20,0.008591,0.001411,0.007181,0.008480,0.001375,0.0107,0.0591,0.0143,0.0695,0.007011,0.000073,0.000647,0.000641,0.000874,0.000645,0.001522,0.001291
Simple,caso27e.txt,Augmented,20,20,0.008424,0.001428,0.006996,0.008298,0.001380,0.0148,0.0904,0.0109,0.0618,0.007013,0.000072,0.000651,0.000646,0.000710,0.000647,0.001364,0.001307
Simple,caso27e.txt,Matrix-only,20,20,0.008636,0.001469,0.007167,0.008503,0.001381,0.0123,0.0602,0.0208,0.0815,0.007004,0.000073,0.000664,0.000692,0.000895,0.000651,0.001558,0.001348
Simple,caso27f.txt,Augmented,20,20,0.008437,0.001391,0.007047,0.008352,0.001375,0.0075,0.0260,0.0131,0.0170,0.007027,0.000072,0.000650,0.000626,0.000710,0.000644,0.001360,0.001272
Simple,caso27f.txt,Matrix-only,20,20,0.008602,0.001388,0.007214,0.008457,0.001373,0.0097,0.0223,0.0129,0.0278,0.007000,0.000072,0.000649,0.000625,0.000877,0.000644,0.001531,0.001269
Simple,caso28a.txt,Augmented,20,20,0.008411,0.001397,0.007014,0.008266,0.001357,0.0088,0.1469,0.0077,0.0372,0.006985,0.000072,0.000646,0.000621,0.000709,0.000649,0.001357,0.001276
Simple,caso28a.txt,Matrix-only,20,20,0.008560,0.001393,0.007167,0.008411,0.001372,0.0106,0.0621,0.0115,0.0560,0.007000,0.000072,0.000646,0.000625,0.000878,0.000645,0.001525,0.001273
Simple,caso28b.txt,Augmented,20,20,0.008447,0.001421,0.007025,0.008304,0.001385,0.0117,0.0500,0.0186,0.0727,0.006982,0.000074,0.000652,0.000647,0.000714,0.000646,0.001363,0.001288
Simple,caso28b.txt,Matrix-only,20,20,0.008590,0.001400,0.007190,0.008442,0.001359,0.0228,0.0605,0.0243,0.0669,0.007032,0.000073,0.000644,0.000626,0.000876,0.000643,0.001523,0.001270
Simple,caso28c.txt,Augmented,20,20,0.008375,0.001423,0.006952,0.008279,0.001364,0.0097,0.0556,0.0143,0.0575,0.006979,0.000073,0.000644,0.000624,0.000710,0.000649,0.001355,0.001296
Simple,caso28c.txt,Matrix-only,20,20,0.008578,0.001403,0.007175,0.008460,0.001373,0.0123,0.1215,0.0108,0.0599,0.007019,0.000072,0.000643,0.000624,0.000875,0.000651,0.001520,0.001280
Simple,caso28d.txt,Augmented,20,20,0.008396,0.001413,0.006983,0.008268,0.001365,0.0171,0.0823,0.0186,0.0429,0.007002,0.000072,0.000644,0.000630,0.000711,0.000648,0.001357,0.001290
Simple,caso28d.txt,Matrix-only,20,20,0.008617,0.001410,0.007208,0.008458,0.001378,0.0111,0.0571,0.0159,0.0647,0.007024,0.000074,0.000650,0.000642,0.000881,0.000652,0.001534,0.001286
Simple,caso28e.txt,Augmented,20,20,0.008427,0.001396,0.007031,0.008259,0.001348,0.0426,0.0261,0.0174,0.0146,0.006987,0.000072,0.000648,0.000624,0.000716,0.000649,0.001365,0.001273
Simple,caso28e.txt,Matrix-only,20,20,0.008584,0.001398,0.007186,0.008492,0.001366,0.0107,0.0675,0.0148,0.0425,0.006985,0.000072,0.000647,0.000634,0.000882,0.000645,0.001531,0.001277
Simple,caso28f.txt,Augmented,20,20,0.008412,0.001400,0.007012,0.008308,0.001349,0.0121,0.0408,0.0102,0.0359,0.007003,0.000072,0.000644,0.000620,0.000711,0.000648,0.001356,0.001274
Simple,caso28f.txt,Matrix-only,20,20,0.008582,0.001389,0.007193,0.008474,0.001371,0.0096,0.0458,0.0163,0.0355,0.007009,0.000073,0.000645,0.000620,0.000876,0.000646,0.001523,0.001267
Simple,caso29a.txt,Augmented,20,20,0.008485,0.001407,0.007077,0.008333,0.001361,0.0104,0.0501,0.0150,0.0421,0.007072,0.000073,0.000647,0.000631,0.000711,0.000647,0.001363,0.001286
Simple,caso29a.txt,Matrix-only,20,20,0.008644,0.001391,0.007254,0.008445,0.001370,0.0138,0.1374,0.0194,0.0291,0.007036,0.000072,0.000644,0.000623,0.000876,0.000649,0.001522,0.001270
Simple,caso29b.txt,Augmented,20,20,0.008440,0.001414,0.007026,0.008335,0.001372,0.0107,0.0690,0.0178,0.0617,0.007019,0.000074,0.000641,0.000640,0.000705,0.000648,0.001349,0.001290
Simple,caso29b.txt,Matrix-only,20,20,0.008621,0.001385,0.007236,0.008528,0.001358,0.0083,0.0424,0.0109,0.0434,0.007046,0.000073,0.000642,0.000624,0.000873,0.000644,0.001517,0.001265
Simple,caso29c.txt,Augmented,20,20,0.008394,0.001408,0.006985,0.008304,0.001368,0.0958,0.1028,0.0134,0.0385,0.007012,0.000073,0.000643,0.000630,0.000703,0.000650,0.001347,0.001278
Simple,caso29c.txt,Matrix-only,20,20,0.008674,0.001485,0.007189,0.008518,0.001360,0.0369,0.0785,0.0203,0.1153,0.007058,0.000074,0.000648,0.000704,0.000862,0.000646,0.001538,0.001359
Simple,caso29d.txt,Augmented,20,20,0.008575,0.001538,0.007037,0.008432,0.001456,0.0245,0.0706,0.0120,0.0623,0.007060,0.000074,0.000705,0.000742,0.000723,0.000649,0.001429,0.001404
Simple,caso29d.txt,Matrix-only,20,20,0.008728,0.001490,0.007238,0.008513,0.001360,0.0234,0.0835,0.0176,0.1064,0.007067,0.000073,0.000701,0.000713,0.000916,0.000651,0.001624,0.001364
Simple,caso29e.txt,Augmented,20,20,0.008432,0.001405,0.007027,0.008352,0.001347,0.0207,0.0409,0.0117,0.0442,0.007029,0.000072,0.000640,0.000618,0.000695,0.000644,0.001339,0.001284
Simple,caso29e.txt,Matrix-only,20,20,0.008567,0.001425,0.007141,0.008463,0.001361,0.0335,0.0880,0.0182,0.0672,0.007021,0.000073,0.000640,0.000631,0.000844,0.000648,0.001482,0.001301
Simple,caso29f.txt,Augmented,20,20,0.008439,0.001400,0.007039,0.008343,0.001347,0.0276,0.0867,0.0067,0.0879,0.007051,0.000073,0.000637,0.000623,0.000696,0.000639,0.001333,0.001270
Simple,caso29f.txt,Matrix-only,20,20,0.008575,0.001371,0.007204,0.008466,0.001350,0.0208,0.0340,0.0139,0.0182,0.007045,0.000072,0.000638,0.000612,0.000838,0.000642,0.001476,0.001252
Simple,caso30a.txt,Augmented,20,20,0.008438,0.001428,0.007010,0.008333,0.001370,0.0085,0.0383,0.0117,0.0547,0.007030,0.000072,0.000651,0.000639,0.000707,0.000650,0.001358,0.001295
Simple,caso30a.txt,Matrix-only,20,20,0.008677,0.001462,0.007214,0.008488,0.001365,0.0154,0.0719,0.0190,0.0793,0.007071,0.000074,0.000670,0.000694,0.000878,0.000646,0.001557,0.001336
Simple,caso30b.txt,Augmented,20,20,0.008570,0.001528,0.007041,0.008335,0.001415,0.0218,0.0644,0.0128,0.0794,0.007078,0.000075,0.000672,0.000716,0.000716,0.000657,0.001382,0.001369
Simple,caso30b.txt,Matrix-only,20,20,0.008765,0.001483,0.007282,0.008527,0.001384,0.0122,0.0571,0.0160,0.0867,0.007109,0.000075,0.000663,0.000695,0.000889,0.000657,0.001570,0.001356
Simple,caso30c.txt,Augmented,20,20,0.008593,0.001526,0.007067,0.008445,0.001397,0.0094,0.0606,0.0127,0.0769,0.007136,0.000074,0.000655,0.000726,0.000715,0.000660,0.001375,0.001399
Simple,caso30c.txt,Matrix-only,20,20,0.008546,0.001377,0.007169,0.008416,0.001363,0.0126,0.0657,0.0145,0.0194,0.006992,0.000073,0.000641,0.000612,0.000843,0.000643,0.001489,0.001249
Simple,caso30d.txt,Augmented,20,20,0.008381,0.001380,0.007000,0.008307,0.001356,0.0062,0.0405,0.0065,0.0401,0.006985,0.000072,0.000640,0.000606,0.000695,0.000643,0.001335,0.001250
Simple,caso30d.txt,Matrix-only,20,20,0.008564,0.001383,0.007181,0.008429,0.001359,0.0131,0.0383,0.0180,0.0252,0.006984,0.000073,0.000643,0.000615,0.000837,0.000638,0.001479,0.001254
Simple,caso30e.txt,Augmented,20,20,0.008363,0.001384,0.006978,0.008297,0.001359,0.0084,0.0268,0.0104,0.0243,0.006975,0.000072,0.000643,0.000610,0.000693,0.000640,0.001335,0.001253
Simple,caso30e.txt,Matrix-only,20,20,0.008517,0.001393,0.007124,0.008452,0.001356,0.2523,0.0511,0.0131,0.0601,0.006983,0.000073,0.000641,0.000607,0.000832,0.000643,0.001475,0.001263
Simple,caso30f.txt,Augmented,20,20,0.008422,0.001415,0.007006,0.008315,0.001376,0.0450,0.0392,0.0167,0.0693,0.007022,0.000073,0.000651,0.000637,0.000701,0.000648,0.001355,0.001290
Simple,caso30f.txt,Matrix-only,20,20,0.008625,0.001440,0.007186,0.008485,0.001373,0.0095,0.0423,0.0143,0.0561,0.007032,0.000073,0.000656,0.000655,0.000880,0.000645,0.001544,0.001320
Simple,caso31a.txt,Augmented,20,20,0.008426,0.001417,0.007009,0.008321,0.001360,0.0082,0.0603,0.0117,0.0668,0.007031,0.000072,0.000646,0.000631,0.000710,0.000654,0.001361,0.001296
Simple,caso31a.txt,Matrix-only,20,20,0.008614,0.001390,0.007224,0.008433,0.001364,0.0180,0.0376,0.0118,0.0242,0.007018,0.000072,0.000650,0.000623,0.000882,0.000645,0.001529,0.001270
Simple,caso31b.txt,Augmented,20,20,0.008451,0.001401,0.007050,0.008285,0.001379,0.0215,0.0581,0.0130,0.0764,0.007030,0.000073,0.000649,0.000635,0.000715,0.000650,0.001364,0.001280
Simple,caso31b.txt,Matrix-only,20,20,0.008616,0.001404,0.007213,0.008497,0.001371,0.0084,0.0601,0.0142,0.0727,0.007020,0.000072,0.000647,0.000638,0.000876,0.000647,0.001522,0.001285
Simple,caso31c.txt,Augmented,20,20,0.008423,0.001493,0.006931,0.008270,0.001390,0.0117,0.0922,0.0165,0.1699,0.007029,0.000073,0.000647,0.000686,0.000708,0.000657,0.001358,0.001366
Simple,caso31c.txt,Matrix-only,20,20,0.008608,0.001428,0.007180,0.008464,0.001382,0.0447,0.0346,0.0132,0.0609,0.007023,0.000073,0.000648,0.000662,0.000877,0.000644,0.001529,0.001301
Simple,caso31d.txt,Augmented,20,20,0.008497,0.001408,0.007090,0.008309,0.001360,0.0131,0.0437,0.0160,0.0431,0.007052,0.000073,0.000655,0.000641,0.000718,0.000648,0.001372,0.001285
Simple,caso31d.txt,Matrix-only,20,20,0.008564,0.001396,0.007168,0.008493,0.001364,0.0179,0.0408,0.0229,0.0430,0.006993,0.000073,0.000649,0.000630,0.000877,0.000647,0.001529,0.001273
Simple,caso31e.txt,Augmented,20,20,0.008429,0.001406,0.007023,0.008301,0.001374,0.0113,0.0637,0.0190,0.0399,0.007010,0.000072,0.000647,0.000634,0.000711,0.000645,0.001359,0.001283
Simple,caso31e.txt,Matrix-only,20,20,0.008618,0.001416,0.007202,0.008519,0.001395,0.0125,0.0643,0.0170,0.1213,0.007029,0.000073,0.000654,0.000646,0.000876,0.000653,0.001528,0.001295
Simple,caso31f.txt,Augmented,20,20,0.008402,0.001410,0.006992,0.008313,0.001357,0.0105,0.1772,0.0103,0.0672,0.006997,0.000073,0.000648,0.000634,0.000710,0.000651,0.001357,0.001291
Simple,caso31f.txt,Matrix-only,20,20,0.008603,0.001407,0.007196,0.008494,0.001358,0.0084,0.0618,0.0135,0.0605,0.007011,0.000073,0.000645,0.000643,0.000879,0.000647,0.001525,0.001284
Simple,caso32a.txt,Augmented,20,20,0.008557,0.001396,0.007161,0.008449,0.001352,0.0132,0.0769,0.0189,0.0862,0.007145,0.000072,0.000656,0.000629,0.000718,0.000648,0.001375,0.001274
Simple,caso32a.txt,Matrix-only,20,20,0.008676,0.001402,0.007275,0.008537,0.001379,0.0133,0.0788,0.0105,0.0394,0.007093,0.000072,0.000650,0.000646,0.000881,0.000644,0.001529,0.001284
Simple,caso32b.txt,Augmented,20,20,0.008594,0.001489,0.007105,0.008451,0.001388,0.0125,0.0748,0.0123,0.1084,0.007153,0.000073,0.000654,0.000705,0.000716,0.000655,0.001370,0.001362
Simple,caso32b.txt,Matrix-only,20,20,0.008734,0.001405,0.007330,0.008588,0.001367,0.0114,0.0254,0.0162,0.0258,0.007137,0.000072,0.000655,0.000643,0.000891,0.000646,0.001542,0.001286
Simple,caso32c.txt,Augmented,20,20,0.008544,0.001397,0.007147,0.008418,0.001352,0.0158,0.0569,0.0237,0.0268,0.007138,0.000071,0.000651,0.000631,0.000711,0.000645,0.001363,0.001276
Simple,caso32c.txt,Matrix-only,20,20,0.008702,0.001399,0.007303,0.008625,0.001368,0.0070,0.0652,0.0102,0.0701,0.007123,0.000072,0.000649,0.000628,0.000875,0.000645,0.001526,0.001277
Simple,caso32d.txt,Augmented,20,20,0.008528,0.001410,0.007119,0.008370,0.001376,0.0114,0.0643,0.0113,0.0606,0.007122,0.000072,0.000649,0.000643,0.000705,0.000649,0.001356,0.001289
Simple,caso32d.txt,Matrix-only,20,20,0.008735,0.001452,0.007283,0.008542,0.001365,0.0129,0.0553,0.0159,0.0907,0.007147,0.000073,0.000651,0.000681,0.000882,0.000650,0.001534,0.001327
Simple,caso32e.txt,Augmented,20,20,0.008508,0.001403,0.007105,0.008409,0.001350,0.0071,0.1610,0.0087,0.0511,0.007099,0.000071,0.000651,0.000632,0.000712,0.000648,0.001363,0.001283
Simple,caso32e.txt,Matrix-only,20,20,0.008683,0.001387,0.007296,0.008601,0.001360,0.0090,0.0427,0.0106,0.0110,0.007108,0.000071,0.000647,0.000622,0.000878,0.000645,0.001525,0.001269
Simple,caso32f.txt,Augmented,20,20,0.008509,0.001386,0.007123,0.008420,0.001370,0.0087,0.0073,0.0067,0.0090,0.007099,0.000071,0.000650,0.000623,0.000711,0.000646,0.001363,0.001268
Simple,caso32f.txt,Matrix-only,20,20,0.008652,0.001381,0.007270,0.008542,0.001369,0.0078,0.0339,0.0043,0.0123,0.007068,0.000071,0.000649,0.000621,0.000880,0.000643,0.001528,0.001265
Simple,caso33a.txt,Augmented,20,20,0.008365,0.001384,0.006980,0.008279,0.001356,0.0071,0.0336,0.0080,0.0081,0.006965,0.000072,0.000644,0.000618,0.000711,0.000649,0.001356,0.001268
Simple,caso33a.txt,Matrix-only,20,20,0.008562,0.001379,0.007183,0.008488,0.001360,0.0096,0.0144,0.0088,0.0104,0.006995,0.000072,0.000645,0.000618,0.000877,0.000642,0.001523,0.001260
Simple,caso33b.txt,Augmented,20,20,0.008361,0.001383,0.006978,0.008294,0.001358,0.0458,0.0117,0.0136,0.0055,0.006958,0.000072,0.000644,0.000621,0.000709,0.000645,0.001355,0.001265
Simple,caso33b.txt,Matrix-only,20,20,0.008522,0.001381,0.007141,0.008448,0.001368,0.0061,0.0201,0.0082,0.0103,0.006956,0.000072,0.000645,0.000620,0.000876,0.000642,0.001520,0.001263
Simple,caso33c.txt,Augmented,20,20,0.008452,0.001411,0.007041,0.008307,0.001375,0.0126,0.0359,0.0218,0.0482,0.007021,0.000073,0.000648,0.000644,0.000718,0.000650,0.001364,0.001291
Simple,caso33c.txt,Matrix-only,20,20,0.008584,0.001411,0.007173,0.008490,0.001378,0.0120,0.0343,0.0175,0.0502,0.007006,0.000072,0.000648,0.000639,0.000887,0.000647,0.001535,0.001292
Simple,caso33d.txt,Augmented,20,20,0.008416,0.001451,0.006965,0.008269,0.001353,0.0204,0.0666,0.0099,0.0988,0.006999,0.000073,0.000645,0.000683,0.000712,0.000650,0.001360,0.001329
Simple,caso33d.txt,Matrix-only,20,20,0.008597,0.001442,0.007155,0.008444,0.001372,0.0118,0.0483,0.0211,0.0615,0.007039,0.000073,0.000645,0.000675,0.000843,0.000642,0.001508,0.001323
Simple,caso33e.txt,Augmented,20,20,0.008542,0.001430,0.007112,0.008274,0.001371,0.0209,0.1125,0.0295,0.1226,0.007076,0.000074,0.000668,0.000660,0.000709,0.000645,0.001360,0.001308
Simple,caso33e.txt,Matrix-only,20,20,0.008616,0.001417,0.007199,0.008474,0.001370,0.0256,0.0341,0.0150,0.0532,0.007031,0.000072,0.000648,0.000643,0.000871,0.000648,0.001521,0.001297
Simple,caso33f.txt,Augmented,20,20,0.008471,0.001445,0.007026,0.008284,0.001360,0.0152,0.0688,0.0207,0.1028,0.007045,0.000073,0.000662,0.000680,0.000708,0.000648,0.001367,0.001320
Simple,caso33f.txt,Matrix-only,20,20,0.008602,0.001427,0.007175,0.008418,0.001379,0.0127,0.0337,0.0148,0.0426,0.006987,0.000073,0.000651,0.000655,0.000880,0.000647,0.001526,0.001308
Simple,caso34a.txt,Augmented,20,20,0.008528,0.001440,0.007088,0.008394,0.001384,0.0178,0.0433,0.0272,0.0481,0.007122,0.000073,0.000655,0.000674,0.000704,0.000641,0.001364,0.001317
Simple,caso34a.txt,Matrix-only,20,20,0.008742,0.001484,0.007258,0.008512,0.001380,0.0156,0.0737,0.0241,0.0761,0.007107,0.000074,0.000695,0.000709,0.000874,0.000652,0.001557,0.001359
Simple,caso34b.txt,Augmented,20,20,0.008470,0.001408,0.007062,0.008338,0.001375,0.0169,0.0558,0.0172,0.0701,0.007057,0.000073,0.000650,0.000639,0.000711,0.000644,0.001363,0.001286
Simple,caso34b.txt,Matrix-only,20,20,0.008626,0.001429,0.007198,0.008472,0.001379,0.0149,0.0527,0.0202,0.0531,0.007052,0.000073,0.000653,0.000652,0.000879,0.000645,0.001535,0.001304
Simple,caso34c.txt,Augmented,20,20,0.008533,0.001446,0.007087,0.008398,0.001398,0.0207,0.0624,0.0172,0.0378,0.007111,0.000073,0.000653,0.000651,0.000711,0.000649,0.001365,0.001316
Simple,caso34c.txt,Matrix-only,20,20,0.008617,0.001430,0.007186,0.008517,0.001379,0.0115,0.0307,0.0089,0.0329,0.007038,0.000073,0.000651,0.000660,0.000880,0.000644,0.001533,0.001309
Simple,caso34d.txt,Augmented,20,20,0.008499,0.001427,0.007072,0.008406,0.001411,0.0100,0.0277,0.0094,0.0294,0.007044,0.000073,0.000659,0.000651,0.000716,0.000650,0.001371,0.001304
Simple,caso34d.txt,Matrix-only,20,20,0.008645,0.001441,0.007205,0.008516,0.001383,0.0099,0.0342,0.0154,0.0374,0.007054,0.000073,0.000655,0.000667,0.000882,0.000646,0.001533,0.001317
Simple,caso34e.txt,Augmented,20,20,0.008495,0.001453,0.007042,0.008400,0.001402,0.0065,0.0267,0.0068,0.0228,0.007082,0.000073,0.000652,0.000679,0.000713,0.000651,0.001367,0.001333
Simple,caso34e.txt,Matrix-only,20,20,0.008663,0.001419,0.007244,0.008524,0.001371,0.0101,0.0380,0.0166,0.0205,0.007032,0.000073,0.000664,0.000659,0.000888,0.000641,0.001553,0.001296
Simple,caso34f.txt,Augmented,20,20,0.008504,0.001430,0.007074,0.008306,0.001376,0.0079,0.0447,0.0093,0.0451,0.007058,0.000073,0.000659,0.000666,0.000716,0.000644,0.001373,0.001312
Simple,caso34f.txt,Matrix-only,20,20,0.008678,0.001419,0.007259,0.008549,0.001369,0.0124,0.0580,0.0135,0.0473,0.007072,0.000073,0.000656,0.000648,0.000895,0.000648,0.001558,0.001299
Simple,caso35a.txt,Augmented,20,20,0.008531,0.001440,0.007091,0.008343,0.001400,0.0093,0.0308,0.0124,0.0256,0.007074,0.000073,0.000651,0.000668,0.000713,0.000648,0.001366,0.001316
Simple,caso35a.txt,Matrix-only,20,20,0.008758,0.001508,0.007250,0.008512,0.001386,0.0194,0.0823,0.0251,0.1442,0.007113,0.000074,0.000710,0.000737,0.000904,0.000649,0.001617,0.001383
Simple,caso35b.txt,Augmented,20,20,0.008557,0.001472,0.007085,0.008476,0.001395,0.0093,0.0527,0.0155,0.0549,0.007138,0.000073,0.000660,0.000701,0.000714,0.000653,0.001376,0.001349
Simple,caso35b.txt,Matrix-only,20,20,0.008764,0.001494,0.007270,0.008552,0.001388,0.0157,0.0497,0.0271,0.0469,0.007127,0.000074,0.000659,0.000696,0.000879,0.000652,0.001532,0.001369
Simple,caso35c.txt,Augmented,20,20,0.008590,0.001519,0.007071,0.008406,0.001380,0.0145,0.0539,0.0213,0.0733,0.007128,0.000073,0.000708,0.000742,0.000724,0.000657,0.001431,0.001397
Simple,caso35c.txt,Matrix-only,20,20,0.008714,0.001490,0.007224,0.008546,0.001415,0.0171,0.0792,0.0150,0.0468,0.007097,0.000073,0.000663,0.000716,0.000882,0.000652,0.001536,0.001366
Simple,caso35d.txt,Augmented,20,20,0.008595,0.001584,0.007012,0.008438,0.001401,0.0075,0.0481,0.0094,0.0656,0.007095,0.000072,0.000720,0.000794,0.000729,0.000664,0.001451,0.001462
Simple,caso35d.txt,Matrix-only,20,20,0.008694,0.001469,0.007226,0.008453,0.001386,0.0094,0.0397,0.0105,0.0381,0.007065,0.000072,0.000657,0.000699,0.000881,0.000647,0.001548,0.001347
Simple,caso35e.txt,Augmented,20,20,0.008516,0.001453,0.007063,0.008401,0.001401,0.0075,0.0382,0.0091,0.0548,0.007073,0.000073,0.000658,0.000684,0.000715,0.000648,0.001371,0.001332
Simple,caso35e.txt,Matrix-only,20,20,0.008749,0.001490,0.007258,0.008525,0.001386,0.0157,0.0681,0.0052,0.0582,0.007133,0.000073,0.000693,0.000708,0.000892,0.000656,0.001601,0.001366
Simple,caso35f.txt,Augmented,20,20,0.008551,0.001491,0.007059,0.008382,0.001403,0.0122,0.1099,0.0143,0.0714,0.007107,0.000073,0.000662,0.000705,0.000715,0.000651,0.001371,0.001367
Simple,caso35f.txt,Matrix-only,20,20,0.008665,0.001439,0.007226,0.008447,0.001380,0.0131,0.0473,0.0138,0.0751,0.007064,0.000073,0.000650,0.000649,0.000844,0.000647,0.001486,0.001312
Simple,caso42a.txt,Augmented,20,20,0.008533,0.001459,0.007073,0.008375,0.001395,0.0145,0.0920,0.0270,0.1146,0.007100,0.000073,0.000649,0.000684,0.000704,0.000648,0.001357,0.001330
Simple,caso42a.txt,Matrix-only,20,20,0.008625,0.001430,0.007195,0.008489,0.001359,0.0112,0.0468,0.0126,0.0515,0.007049,0.000072,0.000649,0.000639,0.000880,0.000645,0.001527,0.001308
Simple,caso42b.txt,Augmented,20,20,0.008433,0.001408,0.007025,0.008362,0.001392,0.0114,0.0234,0.0077,0.0327,0.007013,0.000072,0.000650,0.000631,0.000711,0.000650,0.001362,0.001287
Simple,caso42b.txt,Matrix-only,20,20,0.008647,0.001437,0.007210,0.008533,0.001379,0.0267,0.0627,0.0186,0.0484,0.007045,0.000073,0.000655,0.000655,0.000890,0.000646,0.001540,0.001312
Simple,caso42c.txt,Augmented,20,20,0.008528,0.001414,0.007114,0.008346,0.001373,0.0165,0.0598,0.0173,0.0466,0.007090,0.000073,0.000656,0.000633,0.000705,0.000647,0.001360,0.001277
Simple,caso42c.txt,Matrix-only,20,20,0.008836,0.001552,0.007284,0.008530,0.001369,0.0886,0.1829,0.0254,0.1519,0.007159,0.000075,0.000706,0.000720,0.000908,0.000650,0.001622,0.001383
Simple,caso42d.txt,Augmented,20,20,0.008491,0.001412,0.007079,0.008360,0.001372,0.0114,0.0970,0.0157,0.0347,0.007070,0.000073,0.000649,0.000644,0.000713,0.000644,0.001366,0.001287
Simple,caso42d.txt,Matrix-only,20,20,0.008662,0.001405,0.007257,0.008467,0.001373,0.0181,0.0254,0.0273,0.0308,0.007073,0.000072,0.000650,0.000643,0.000875,0.000640,0.001533,0.001278
Simple,caso42e.txt,Augmented,20,20,0.008449,0.001415,0.007034,0.008337,0.001366,0.0272,0.0441,0.0165,0.0498,0.007050,0.000073,0.000646,0.000650,0.000706,0.000644,0.001353,0.001296
Simple,caso42e.txt,Matrix-only,20,20,0.008680,0.001461,0.007220,0.008461,0.001383,0.0321,0.1128,0.0264,0.1211,0.007087,0.000074,0.000654,0.000650,0.000877,0.000651,0.001533,0.001320
Simple,caso42f.txt,Augmented,20,20,0.008575,0.001593,0.006982,0.008417,0.001408,0.0868,0.1700,0.0185,0.1535,0.007105,0.000076,0.000701,0.000773,0.000720,0.000656,0.001421,0.001465
Simple,caso42f.txt,Matrix-only,20,20,0.008702,0.001470,0.007232,0.008480,0.001382,0.0133,0.0377,0.0157,0.0382,0.007082,0.000073,0.000676,0.000699,0.000880,0.000651,0.001557,0.001347
Simple,caso43a.txt,Augmented,20,20,0.008479,0.001482,0.006998,0.008315,0.001404,0.0100,0.0692,0.0118,0.0818,0.007060,0.000074,0.000645,0.000703,0.000708,0.000651,0.001357,0.001349
Simple,caso43a.txt,Matrix-only,20,20,0.008685,0.001470,0.007215,0.008516,0.001384,0.0119,0.0348,0.0130,0.0706,0.007063,0.000075,0.000655,0.000679,0.000881,0.000648,0.001535,0.001340
Simple,caso43b.txt,Augmented,20,20,0.008472,0.001428,0.007043,0.008330,0.001386,0.0102,0.0435,0.0152,0.0390,0.007043,0.000074,0.000658,0.000660,0.000701,0.000646,0.001365,0.001302
Simple,caso43b.txt,Matrix-only,20,20,0.008704,0.001526,0.007177,0.008497,0.001413,0.0120,0.0490,0.0156,0.0830,0.007084,0.000075,0.000679,0.000744,0.000889,0.000657,0.001577,0.001400
Simple,caso43c.txt,Augmented,20,20,0.008540,0.001477,0.007063,0.008369,0.001384,0.0142,0.0491,0.0144,0.0517,0.007076,0.000074,0.000704,0.000695,0.000719,0.000653,0.001429,0.001351
Simple,caso43c.txt,Matrix-only,20,20,0.008656,0.001453,0.007203,0.008442,0.001388,0.0132,0.0377,0.0160,0.0676,0.007070,0.000075,0.000689,0.000648,0.000911,0.000645,0.001604,0.001327
Simple,caso43d.txt,Augmented,20,20,0.008529,0.001487,0.007042,0.008379,0.001382,0.0206,0.0564,0.0160,0.0760,0.007079,0.000075,0.000665,0.000699,0.000714,0.000650,0.001379,0.001355
Simple,caso43d.txt,Matrix-only,20,20,0.008672,0.001476,0.007196,0.008551,0.001399,0.0096,0.0338,0.0134,0.0554,0.007058,0.000074,0.000667,0.000688,0.000882,0.000650,0.001544,0.001341
Simple,caso43e.txt,Augmented,20,20,0.008512,0.001520,0.006992,0.008353,0.001389,0.0113,0.0421,0.0154,0.0544,0.007077,0.000075,0.000664,0.000718,0.000712,0.000661,0.001378,0.001391
Simple,caso43e.txt,Matrix-only,20,20,0.008647,0.001473,0.007174,0.008532,0.001397,0.0112,0.0430,0.0206,0.0569,0.007048,0.000074,0.000661,0.000703,0.000860,0.000646,0.001533,0.001345
Simple,caso43f.txt,Augmented,20,20,0.008565,0.001522,0.007043,0.008456,0.001421,0.0116,0.0414,0.0153,0.0645,0.007118,0.000074,0.000703,0.000735,0.000725,0.000661,0.001430,0.001399
Simple,caso43f.txt,Matrix-only,20,20,0.008799,0.001567,0.007232,0.008573,0.001401,0.1463,0.1728,0.1087,0.1347,0.007106,0.000076,0.000717,0.000772,0.000928,0.000654,0.001646,0.001434
Simple,caso44a.txt,Augmented,20,20,0.008606,0.001574,0.007032,0.008448,0.001393,0.0755,0.0607,0.0087,0.0633,0.007078,0.000073,0.000729,0.000765,0.000732,0.000662,0.001464,0.001449
Simple,caso44a.txt,Matrix-only,20,20,0.008557,0.001417,0.007139,0.008440,0.001353,0.0153,0.0472,0.0195,0.0713,0.006988,0.000073,0.000646,0.000645,0.000846,0.000645,0.001486,0.001296
Simple,caso44b.txt,Augmented,20,20,0.008482,0.001432,0.007050,0.008284,0.001367,0.0581,0.0791,0.0165,0.0628,0.007053,0.000073,0.000648,0.000664,0.000702,0.000643,0.001344,0.001308
Simple,caso44b.txt,Matrix-only,20,20,0.008743,0.001514,0.007229,0.008522,0.001387,0.0310,0.0546,0.0191,0.0732,0.007050,0.000073,0.000707,0.000732,0.000913,0.000650,0.001629,0.001387
Simple,caso44c.txt,Augmented,20,20,0.008526,0.001432,0.007095,0.008350,0.001376,0.0740,0.3364,0.0170,0.1037,0.007065,0.000073,0.000708,0.000659,0.000723,0.000648,0.001429,0.001305
Simple,caso44c.txt,Matrix-only,20,20,0.008582,0.001401,0.007181,0.008457,0.001352,0.0099,0.0325,0.0182,0.0363,0.007004,0.000072,0.000647,0.000615,0.000833,0.000645,0.001483,0.001268
Simple,caso44d.txt,Augmented,20,20,0.008376,0.001388,0.006988,0.008289,0.001357,0.0056,0.0415,0.0063,0.0687,0.006978,0.000072,0.000641,0.000624,0.000696,0.000640,0.001340,0.001261
Simple,caso44d.txt,Matrix-only,20,20,0.008577,0.001391,0.007187,0.008449,0.001367,0.0768,0.0339,0.0123,0.0351,0.007000,0.000072,0.000649,0.000626,0.000876,0.000643,0.001524,0.001269
Simple,caso44e.txt,Augmented,20,20,0.008647,0.001508,0.007139,0.008321,0.001382,0.1028,0.1142,0.0359,0.1647,0.007144,0.000073,0.000719,0.000722,0.000727,0.000661,0.001447,0.001377
Simple,caso44e.txt,Matrix-only,20,20,0.008604,0.001392,0.007213,0.008515,0.001354,0.0114,0.0533,0.0114,0.0233,0.007046,0.000072,0.000651,0.000626,0.000885,0.000644,0.001537,0.001273
Simple,caso44f.txt,Augmented,20,20,0.008448,0.001404,0.007043,0.008349,0.001377,0.0436,0.0625,0.0200,0.0743,0.007041,0.000072,0.000652,0.000639,0.000716,0.000649,0.001369,0.001286
Simple,caso44f.txt,Matrix-only,20,20,0.008695,0.001477,0.007218,0.008460,0.001360,0.0130,0.0907,0.0140,0.1135,0.007079,0.000073,0.000649,0.000704,0.000879,0.000656,0.001539,0.001356
Simple,caso45a.txt,Augmented,20,20,0.008429,0.001420,0.007009,0.008333,0.001357,0.0078,0.0663,0.0099,0.0577,0.007014,0.000072,0.000649,0.000654,0.000711,0.000647,0.001362,0.001302
Simple,caso45a.txt,Matrix-only,20,20,0.008577,0.001402,0.007175,0.008442,0.001370,0.0140,0.0469,0.0224,0.0397,0.006971,0.000072,0.000653,0.000631,0.000883,0.000645,0.001530,0.001283
Simple,caso45b.txt,Augmented,20,20,0.008383,0.001433,0.006951,0.008232,0.001350,0.0176,0.0833,0.0292,0.1286,0.006974,0.000072,0.000648,0.000663,0.000703,0.000650,0.001348,0.001311
Simple,caso45b.txt,Matrix-only,20,20,0.008715,0.001569,0.007146,0.008455,0.001385,0.0984,0.1107,0.0291,0.0486,0.007040,0.000073,0.000709,0.000780,0.000918,0.000657,0.001626,0.001443
Simple,caso45c.txt,Augmented,20,20,0.008747,0.001548,0.007199,0.008402,0.001397,0.1590,0.1288,0.3221,0.1861,0.007252,0.000074,0.000738,0.000764,0.000734,0.000655,0.001464,0.001420
Simple,caso45c.txt,Matrix-only,20,20,0.008596,0.001422,0.007175,0.008484,0.001378,0.0475,0.0735,0.0207,0.0754,0.007010,0.000072,0.000651,0.000656,0.000880,0.000649,0.001537,0.001298
Simple,caso45d.txt,Augmented,20,20,0.008459,0.001437,0.007022,0.008361,0.001363,0.0117,0.0515,0.0180,0.0408,0.007040,0.000072,0.000656,0.000667,0.000713,0.000651,0.001373,0.001318
Simple,caso45d.txt,Matrix-only,20,20,0.008563,0.001420,0.007142,0.008463,0.001366,0.0153,0.0369,0.0100,0.0467,0.007003,0.000072,0.000649,0.000638,0.000880,0.000645,0.001529,0.001299
Simple,caso45e.txt,Augmented,20,20,0.008417,0.001388,0.007029,0.008273,0.001365,0.0149,0.0616,0.0140,0.0311,0.007006,0.000072,0.000647,0.000623,0.000708,0.000646,0.001354,0.001268
Simple,caso45e.txt,Matrix-only,20,20,0.008549,0.001434,0.007115,0.008427,0.001371,0.0154,0.0421,0.0272,0.0339,0.007013,0.000072,0.000647,0.000664,0.000880,0.000646,0.001531,0.001312
Simple,caso45f.txt,Augmented,20,20,0.008500,0.001467,0.007033,0.008304,0.001349,0.0156,0.0787,0.0150,0.0869,0.007042,0.000072,0.000678,0.000686,0.000718,0.000653,0.001412,0.001339
Simple,caso45f.txt,Matrix-only,20,20,0.008577,0.001378,0.007198,0.008467,0.001352,0.0108,0.0218,0.0087,0.0083,0.007008,0.000071,0.000648,0.000618,0.000875,0.000643,0.001522,0.001261
Simple,caso46a.txt,Augmented,20,20,0.008388,0.001406,0.006982,0.008244,0.001372,0.0121,0.0379,0.0153,0.0392,0.006955,0.000072,0.000650,0.000635,0.000711,0.000648,0.001361,0.001285
Simple,caso46a.txt,Matrix-only,20,20,0.008511,0.001382,0.007129,0.008382,0.001365,0.0083,0.0119,0.0085,0.0061,0.006961,0.000071,0.000645,0.000621,0.000874,0.000641,0.001521,0.001262
Simple,caso46b.txt,Augmented,20,20,0.008378,0.001386,0.006992,0.008255,0.001373,0.0083,0.0262,0.0093,0.0084,0.006935,0.000071,0.000648,0.000621,0.000710,0.000646,0.001361,0.001270
Simple,caso46b.txt,Matrix-only,20,20,0.008513,0.001389,0.007124,0.008414,0.001351,0.0145,0.0857,0.0168,0.0193,0.006944,0.000071,0.000649,0.000620,0.000878,0.000647,0.001526,0.001272
Simple,caso46c.txt,Augmented,20,20,0.008317,0.001386,0.006931,0.008279,0.001375,0.0054,0.0120,0.0097,0.0090,0.006918,0.000071,0.000648,0.000622,0.000708,0.000646,0.001358,0.001268
Simple,caso46c.txt,Matrix-only,20,20,0.008503,0.001387,0.007115,0.008361,0.001369,0.0066,0.0284,0.0079,0.0140,0.006935,0.000071,0.000646,0.000621,0.000873,0.000646,0.001522,0.001268
Simple,caso46d.txt,Augmented,20,20,0.008343,0.001386,0.006958,0.008239,0.001378,0.0086,0.0099,0.0122,0.0058,0.006932,0.000071,0.000649,0.000623,0.000707,0.000643,0.001355,0.001269
Simple,caso46d.txt,Matrix-only,20,20,0.008542,0.001395,0.007147,0.008425,0.001368,0.0186,0.0464,0.0255,0.0524,0.006959,0.000071,0.000649,0.000621,0.000880,0.000649,0.001527,0.001277
Simple,caso46e.txt,Augmented,20,20,0.008381,0.001427,0.006954,0.008238,0.001373,0.0207,0.0457,0.0202,0.0725,0.006983,0.000072,0.000651,0.000658,0.000710,0.000650,0.001365,0.001307
Simple,caso46e.txt,Matrix-only,20,20,0.008724,0.001495,0.007229,0.008434,0.001385,0.0160,0.0599,0.0245,0.0706,0.007050,0.000073,0.000676,0.000708,0.000896,0.000650,0.001569,0.001370
Simple,caso46f.txt,Augmented,20,20,0.008460,0.001482,0.006978,0.008239,0.001390,0.0135,0.0936,0.0170,0.0837,0.007005,0.000073,0.000662,0.000710,0.000713,0.000651,0.001369,0.001357
Simple,caso46f.txt,Matrix-only,20,20,0.008551,0.001420,0.007131,0.008425,0.001354,0.0137,0.0474,0.0130,0.0702,0.006985,0.000073,0.000647,0.000652,0.000848,0.000644,0.001509,0.001298
Simple,caso47a.txt,Augmented,20,20,0.008424,0.001476,0.006948,0.008237,0.001373,0.0270,0.1030,0.0274,0.1176,0.006984,0.000073,0.000638,0.000689,0.000695,0.000649,0.001335,0.001350
Simple,caso47a.txt,Matrix-only,20,20,0.008528,0.001407,0.007121,0.008365,0.001353,0.0118,0.1364,0.0143,0.0586,0.006945,0.000074,0.000655,0.000631,0.000881,0.000640,0.001527,0.001288
Simple,caso47b.txt,Augmented,20,20,0.008353,0.001437,0.006916,0.008268,0.001358,0.0099,0.0483,0.0080,0.0412,0.006960,0.000073,0.000640,0.000642,0.000707,0.000650,0.001345,0.001316
Simple,caso47b.txt,Matrix-only,20,20,0.008530,0.001383,0.007147,0.008365,0.001350,0.0097,0.0697,0.0143,0.1053,0.006963,0.000073,0.000641,0.000619,0.000861,0.000645,0.001513,0.001261
Simple,caso47c.txt,Augmented,20,20,0.008301,0.001378,0.006923,0.008229,0.001347,0.0069,0.0183,0.0058,0.0133,0.006910,0.000071,0.000640,0.000614,0.000709,0.000646,0.001350,0.001260
Simple,caso47c.txt,Matrix-only,20,20,0.008469,0.001381,0.007088,0.008399,0.001342,0.0089,0.0203,0.0138,0.0092,0.006897,0.000071,0.000641,0.000615,0.000877,0.000643,0.001519,0.001260
Simple,caso47d.txt,Augmented,20,20,0.008370,0.001400,0.006971,0.008257,0.001347,0.0199,0.0368,0.0203,0.0368,0.006974,0.000072,0.000641,0.000620,0.000706,0.000645,0.001349,0.001266
Simple,caso47d.txt,Matrix-only,20,20,0.008476,0.001373,0.007103,0.008387,0.001360,0.0077,0.0147,0.0118,0.0084,0.006925,0.000071,0.000639,0.000612,0.000871,0.000643,0.001511,0.001255
Simple,caso47e.txt,Augmented,20,20,0.008358,0.001386,0.006972,0.008254,0.001362,0.0077,0.0261,0.0094,0.0082,0.006952,0.000072,0.000643,0.000616,0.000708,0.000650,0.001352,0.001267
Simple,caso47e.txt,Matrix-only,20,20,0.008490,0.001380,0.007110,0.008399,0.001353,0.0185,0.0159,0.0115,0.0157,0.006926,0.000072,0.000640,0.000615,0.000873,0.000644,0.001513,0.001259
Simple,caso47f.txt,Augmented,20,20,0.008310,0.001380,0.006929,0.008237,0.001354,0.0070,0.0225,0.0084,0.0151,0.006916,0.000072,0.000641,0.000614,0.000710,0.000647,0.001351,0.001262
Simple,caso47f.txt,Matrix-only,20,20,0.008491,0.001385,0.007106,0.008394,0.001354,0.0090,0.0196,0.0148,0.0225,0.006943,0.000072,0.000640,0.000616,0.000874,0.000645,0.001516,0.001266
Simple,caso48a.txt,Augmented,20,20,0.008381,0.001387,0.006994,0.008307,0.001358,0.0345,0.0167,0.0106,0.0126,0.006983,0.000072,0.000645,0.000620,0.000710,0.000644,0.001354,0.001269
Simple,caso48a.txt,Matrix-only,20,20,0.008546,0.001382,0.007165,0.008468,0.001368,0.0074,0.0180,0.0081,0.0191,0.006969,0.000072,0.000644,0.000617,0.000877,0.000641,0.001522,0.001261
Simple,caso48b.txt,Augmented,20,20,0.008399,0.001388,0.007011,0.008262,0.001364,0.0097,0.0412,0.0091,0.0102,0.006997,0.000072,0.000645,0.000620,0.000711,0.000648,0.001357,0.001267
Simple,caso48b.txt,Matrix-only,20,20,0.008497,0.001378,0.007119,0.008403,0.001362,0.0468,0.0736,0.0109,0.0117,0.006945,0.000072,0.000643,0.000616,0.000875,0.000644,0.001519,0.001260
Simple,caso48c.txt,Augmented,20,20,0.008384,0.001379,0.007005,0.008272,0.001371,0.0083,0.0724,0.0122,0.0081,0.006978,0.000072,0.000646,0.000616,0.000710,0.000645,0.001357,0.001262
Simple,caso48c.txt,Matrix-only,20,20,0.008512,0.001381,0.007131,0.008414,0.001348,0.0313,0.0184,0.0063,0.0071,0.006955,0.000072,0.000643,0.000617,0.000876,0.000643,0.001520,0.001262
Simple,caso48d.txt,Augmented,20,20,0.008411,0.001378,0.007032,0.008343,0.001354,0.0065,0.0196,0.0086,0.0116,0.007009,0.000072,0.000644,0.000614,0.000711,0.000643,0.001356,0.001261
Simple,caso48d.txt,Matrix-only,20,20,0.008532,0.001374,0.007158,0.008409,0.001365,0.0063,0.0090,0.0058,0.0060,0.006970,0.000072,0.000643,0.000615,0.000875,0.000640,0.001518,0.001257
Simple,caso48e.txt,Augmented,20,20,0.008370,0.001384,0.006986,0.008342,0.001352,0.0066,0.0298,0.0072,0.0149,0.006969,0.000072,0.000643,0.000621,0.000709,0.000644,0.001355,0.001266
Simple,caso48e.txt,Matrix-only,20,20,0.008555,0.001378,0.007177,0.008436,0.001360,0.0079,0.0164,0.0073,0.0126,0.006978,0.000072,0.000642,0.000614,0.000874,0.000643,0.001518,0.001263
Simple,caso48f.txt,Augmented,20,20,0.008430,0.001415,0.007015,0.008327,0.001361,0.0348,0.0369,0.0156,0.0500,0.007020,0.000072,0.000644,0.000632,0.000710,0.000641,0.001356,0.001273
Simple,caso48f.txt,Matrix-only,20,20,0.008547,0.001387,0.007160,0.008437,0.001360,0.0077,0.0263,0.0116,0.0223,0.006996,0.000073,0.000644,0.000620,0.000870,0.000644,0.001518,0.001264
SG-Ter-Mer,instance001.txt,Augmented,20,20,0.005396,0.001015,0.004381,0.005291,0.000971,0.0106,0.0380,0.0135,0.0617,0.004414,0.000051,0.000464,0.000430,0.000451,0.000485,0.000917,0.000915
SG-Ter-Mer,instance001.txt,Matrix-only,20,20,0.005470,0.000980,0.004490,0.005378,0.000959,0.0081,0.0193,0.0090,0.0190,0.004413,0.000050,0.000463,0.000413,0.000548,0.000469,0.001011,0.000884
SG-Ter-Mer,instance002.txt,Augmented,20,20,0.005376,0.001001,0.004375,0.005309,0.000987,0.0092,0.0428,0.0102,0.0189,0.004408,0.000051,0.000465,0.000413,0.000452,0.000487,0.000916,0.000899
SG-Ter-Mer,instance002.txt,Matrix-only,20,20,0.005495,0.000982,0.004513,0.005386,0.000971,0.0095,0.0185,0.0093,0.0238,0.004420,0.000050,0.000460,0.000416,0.000548,0.000466,0.001011,0.000886
SG-Ter-Mer,instance003.txt,Augmented,20,20,0.005338,0.000993,0.004345,0.005289,0.000975,0.0073,0.0170,0.0092,0.0171,0.004380,0.000050,0.000462,0.000411,0.000455,0.000485,0.000917,0.000897
SG-Ter-Mer,instance003.txt,Matrix-only,20,20,0.005526,0.001022,0.004504,0.005397,0.000969,0.0162,0.0767,0.0153,0.0883,0.004431,0.000051,0.000473,0.000452,0.000565,0.000469,0.001043,0.000919
SG-Ter-Mer,instance004.txt,Augmented,20,20,0.005365,0.000994,0.004372,0.005273,0.000986,0.0079,0.0210,0.0128,0.0182,0.004402,0.000051,0.000461,0.000412,0.000452,0.000483,0.000913,0.000895
SG-Ter-Mer,instance004.txt,Matrix-only,20,20,0.005458,0.000976,0.004482,0.005404,0.000966,0.0071,0.0205,0.0093,0.0182,0.004405,0.000050,0.000461,0.000410,0.000548,0.000469,0.001011,0.000881
SG-Ter-Mer,instance005.txt,Augmented,20,20,0.005389,0.001002,0.004387,0.005302,0.000968,0.0114,0.0820,0.0102,0.0532,0.004424,0.000051,0.000460,0.000416,0.000452,0.000479,0.000914,0.000897
SG-Ter-Mer,instance005.txt,Matrix-only,20,20,0.005494,0.000994,0.004501,0.005414,0.000965,0.0109,0.0292,0.0099,0.0455,0.004427,0.000051,0.000464,0.000423,0.000551,0.000466,0.001010,0.000893
SG-Ter-Mer,instance009.txt,Augmented,20,20,0.005356,0.000993,0.004363,0.005272,0.000981,0.0209,0.0193,0.0144,0.0133,0.004401,0.000050,0.000462,0.000412,0.000452,0.000485,0.000915,0.000897
SG-Ter-Mer,instance009.txt,Matrix-only,20,20,0.005469,0.000990,0.004479,0.005393,0.000962,0.0180,0.0570,0.0235,0.0279,0.004420,0.000051,0.000462,0.000423,0.000551,0.000465,0.001012,0.000891
SG-Ter-Mer,instance010.txt,Augmented,20,20,0.005355,0.000989,0.004366,0.005319,0.000978,0.0076,0.0104,0.0095,0.0064,0.004387,0.000050,0.000462,0.000411,0.000454,0.000482,0.000916,0.000893
SG-Ter-Mer,instance010.txt,Matrix-only,20,20,0.005445,0.000973,0.004472,0.005395,0.000961,0.0074,0.0355,0.0102,0.0142,0.004399,0.000050,0.000460,0.000410,0.000545,0.000466,0.001004,0.000875
SG-Ter-Mer,instance011.txt,Augmented,20,20,0.005387,0.000993,0.004394,0.005311,0.000986,0.0079,0.0167,0.0055,0.0088,0.004413,0.000050,0.000461,0.000410,0.000454,0.000484,0.000916,0.000895
SG-Ter-Mer,instance011.txt,Matrix-only,20,20,0.005485,0.000979,0.004506,0.005373,0.000958,0.0129,0.0264,0.0142,0.0298,0.004431,0.000051,0.000464,0.000412,0.000551,0.000467,0.001013,0.000883
SG-Ter-Mer,instance012.txt,Augmented,20,20,0.005374,0.000991,0.004383,0.005293,0.000969,0.0062,0.0117,0.0063,0.0071,0.004412,0.000050,0.000460,0.000411,0.000452,0.000483,0.000913,0.000894
SG-Ter-Mer,instance012.txt,Matrix-only,20,20,0.005460,0.000980,0.004480,0.005402,0.000964,0.0098,0.0190,0.0093,0.0242,0.004412,0.000050,0.000461,0.000411,0.000547,0.000471,0.001008,0.000882
SG-Ter-Mer,instance014.txt,Augmented,20,20,0.005323,0.000988,0.004335,0.005231,0.000970,0.0099,0.0156,0.0136,0.0083,0.004362,0.000050,0.000460,0.000410,0.000448,0.000480,0.000908,0.000891
SG-Ter-Mer,instance014.txt,Matrix-only,20,20,0.005417,0.000977,0.004440,0.005353,0.000959,0.0071,0.0361,0.0080,0.0087,0.004373,0.000050,0.000458,0.000411,0.000548,0.000465,0.001006,0.000878
SG-Ter-Mer,instance019.txt,Augmented,20,20,0.005355,0.000992,0.004364,0.005290,0.000979,0.0061,0.0170,0.0103,0.0086,0.004395,0.000050,0.000462,0.000410,0.000450,0.000484,0.000912,0.000895
SG-Ter-Mer,instance019.txt,Matrix-only,20,20,0.005452,0.000972,0.004480,0.005393,0.000964,0.0073,0.0114,0.0086,0.0047,0.004396,0.000050,0.000461,0.000410,0.000550,0.000466,0.001011,0.000876
SG-Ter-Mer,instance020.txt,Augmented,20,20,0.005366,0.000993,0.004373,0.005306,0.000983,0.0057,0.0253,0.0064,0.0089,0.004406,0.000050,0.000461,0.000409,0.000451,0.000484,0.000914,0.000895
SG-Ter-Mer,instance020.txt,Matrix-only,20,20,0.005453,0.000974,0.004479,0.005393,0.000970,0.0073,0.0145,0.0115,0.0090,0.004397,0.000051,0.000460,0.000410,0.000547,0.000466,0.001009,0.000877
SG-Ter-Mer,instance021.txt,Augmented,20,20,0.005364,0.000990,0.004374,0.005293,0.000980,0.0071,0.0190,0.0111,0.0060,0.004398,0.000050,0.000462,0.000410,0.000452,0.000483,0.000914,0.000894
SG-Ter-Mer,instance021.txt,Matrix-only,20,20,0.005445,0.000975,0.004470,0.005397,0.000963,0.0049,0.0134,0.0086,0.0125,0.004390,0.000051,0.000460,0.000412,0.000549,0.000466,0.001008,0.000879
SG-Ter-Mer,instance022.txt,Augmented,20,20,0.005339,0.000995,0.004344,0.005301,0.000977,0.0050,0.0170,0.0058,0.0160,0.004391,0.000050,0.000460,0.000410,0.000451,0.000483,0.000911,0.000896
SG-Ter-Mer,instance022.txt,Matrix-only,20,20,0.005449,0.000971,0.004477,0.005383,0.000966,0.0098,0.0178,0.0096,0.0051,0.004398,0.000050,0.000459,0.000409,0.000550,0.000466,0.001009,0.000876
SG-Ter-Mer,instance023.txt,Augmented,20,20,0.005373,0.000994,0.004379,0.005319,0.000984,0.0063,0.0212,0.0063,0.0354,0.004416,0.000050,0.000462,0.000412,0.000452,0.000484,0.000914,0.000897
SG-Ter-Mer,instance023.txt,Matrix-only,20,20,0.005444,0.000976,0.004468,0.005392,0.000957,0.0064,0.0171,0.0101,0.0093,0.004394,0.000050,0.000459,0.000409,0.000545,0.000467,0.001005,0.000877
SG-Ter-Mer,instance024.txt,Augmented,20,20,0.005370,0.000991,0.004378,0.005286,0.000980,0.0077,0.0129,0.0114,0.0070,0.004405,0.000050,0.000462,0.000410,0.000451,0.000483,0.000913,0.000893
SG-Ter-Mer,instance024.txt,Matrix-only,20,20,0.005449,0.000976,0.004474,0.005396,0.000963,0.0063,0.0171,0.0077,0.0134,0.004396,0.000050,0.000460,0.000411,0.000549,0.000466,0.001009,0.000879
SG-Ter-Mer,instance025.txt,Augmented,20,20,0.005376,0.000989,0.004387,0.005287,0.000985,0.0082,0.0048,0.0114,0.0030,0.004421,0.000050,0.000462,0.000411,0.000453,0.000483,0.000916,0.000894
SG-Ter-Mer,instance025.txt,Matrix-only,20,20,0.005451,0.000972,0.004479,0.005391,0.000961,0.0074,0.0120,0.0125,0.0079,0.004399,0.000050,0.000461,0.000411,0.000549,0.000464,0.001011,0.000876
SG-Ter-Mer,instance026.txt,Augmented,20,20,0.005362,0.000990,0.004372,0.005314,0.000980,0.0062,0.0059,0.0088,0.0058,0.004403,0.000050,0.000461,0.000410,0.000453,0.000484,0.000914,0.000893
SG-Ter-Mer,instance026.txt,Matrix-only,20,20,0.005449,0.000976,0.004473,0.005399,0.000969,0.0066,0.0077,0.0077,0.0064,0.004399,0.000050,0.000461,0.000410,0.000547,0.000466,0.001009,0.000878
SG-Ter-Mer,instance027.txt,Augmented,20,20,0.005364,0.000991,0.004373,0.005282,0.000974,0.0086,0.0070,0.0084,0.0069,0.004391,0.000050,0.000461,0.000410,0.000456,0.000484,0.000918,0.000896
SG-Ter-Mer,instance027.txt,Matrix-only,20,20,0.005449,0.000978,0.004472,0.005387,0.000970,0.0057,0.0157,0.0050,0.0085,0.004400,0.000050,0.000460,0.000409,0.000551,0.000468,0.001011,0.000877
SG-Ter-Mer,instance028.txt,Augmented,20,20,0.005346,0.000986,0.004360,0.005289,0.000975,0.0070,0.0149,0.0097,0.0052,0.004393,0.000050,0.000456,0.000404,0.000441,0.000476,0.000897,0.000882
SG-Ter-Mer,instance028.txt,Matrix-only,20,20,0.005432,0.000969,0.004463,0.005365,0.000962,0.0104,0.0146,0.0125,0.0087,0.004405,0.000050,0.000457,0.000405,0.000525,0.000459,0.000981,0.000864
SG-Ter-Mer,instance029.txt,Augmented,20,20,0.005343,0.000986,0.004356,0.005286,0.000979,0.0183,0.0173,0.0096,0.0303,0.004390,0.000050,0.000458,0.000405,0.000439,0.000474,0.000897,0.000881
SG-Ter-Mer,instance029.txt,Matrix-only,20,20,0.005426,0.000972,0.004454,0.005334,0.000961,0.0095,0.0205,0.0087,0.0142,0.004400,0.000050,0.000454,0.000407,0.000525,0.000460,0.000980,0.000867
SG-Ter-Mer,instance030.txt,Augmented,20,20,0.005334,0.000984,0.004351,0.005290,0.000977,0.0064,0.0124,0.0060,0.0033,0.004391,0.000050,0.000455,0.000406,0.000440,0.000473,0.000895,0.000881
SG-Ter-Mer,instance030.txt,Matrix-only,20,20,0.005399,0.000972,0.004427,0.005354,0.000965,0.0083,0.0173,0.0103,0.0058,0.004366,0.000050,0.000455,0.000404,0.000524,0.000462,0.000979,0.000867
SG-Ter-Mer,instance031.txt,Augmented,20,20,0.005345,0.000998,0.004346,0.005299,0.000981,0.0058,0.0161,0.0058,0.0100,0.004385,0.000050,0.000460,0.000410,0.000455,0.000488,0.000918,0.000901
SG-Ter-Mer,instance031.txt,Matrix-only,20,20,0.005440,0.000974,0.004466,0.005368,0.000964,0.0077,0.0110,0.0098,0.0149,0.004395,0.000050,0.000458,0.000408,0.000531,0.000467,0.000987,0.000875
SG-Ter-Mer,instance032.txt,Augmented,20,20,0.005329,0.000999,0.004330,0.005274,0.000972,0.0148,0.0248,0.0123,0.0424,0.004381,0.000051,0.000458,0.000412,0.000442,0.000477,0.000901,0.000891
SG-Ter-Mer,instance032.txt,Matrix-only,20,20,0.005443,0.000974,0.004469,0.005354,0.000953,0.0110,0.0340,0.0134,0.0439,0.004386,0.000051,0.000458,0.000410,0.000533,0.000462,0.000988,0.000877
SG-Ter-Mer,instance033.txt,Augmented,20,20,0.005331,0.000982,0.004349,0.005280,0.000969,0.0188,0.0216,0.0101,0.0188,0.004386,0.000051,0.000458,0.000408,0.000441,0.000477,0.000899,0.000883
SG-Ter-Mer,instance033.txt,Matrix-only,20,20,0.005429,0.000994,0.004435,0.005370,0.000947,0.0147,0.0350,0.0185,0.0431,0.004392,0.000051,0.000459,0.000418,0.000529,0.000461,0.000988,0.000885
SG-Ter-Mer,instance034.txt,Augmented,20,20,0.005320,0.000985,0.004335,0.005284,0.000969,0.0046,0.0298,0.0065,0.0391,0.004378,0.000051,0.000459,0.000409,0.000440,0.000475,0.000900,0.000884
SG-Ter-Mer,instance034.txt,Matrix-only,20,20,0.005406,0.000972,0.004434,0.005329,0.000957,0.0135,0.0267,0.0124,0.0170,0.004379,0.000050,0.000457,0.000407,0.000525,0.000463,0.000981,0.000871
SG-Ter-Mer,instance035.txt,Augmented,20,20,0.005340,0.000985,0.004355,0.005283,0.000973,0.0104,0.0255,0.0201,0.0167,0.004374,0.000051,0.000459,0.000409,0.000444,0.000475,0.000901,0.000884
SG-Ter-Mer,instance035.txt,Matrix-only,20,20,0.005423,0.000967,0.004456,0.005367,0.000958,0.0387,0.0359,0.0121,0.0148,0.004390,0.000050,0.000455,0.000406,0.000527,0.000462,0.000984,0.000868
SG-Ter-Mer,instance042.txt,Augmented,20,20,0.005316,0.000979,0.004338,0.005270,0.000970,0.0061,0.0059,0.0080,0.0110,0.004365,0.000050,0.000458,0.000404,0.000438,0.000474,0.000897,0.000879
SG-Ter-Mer,instance042.txt,Matrix-only,20,20,0.005406,0.000966,0.004440,0.005361,0.000955,0.0067,0.0150,0.0081,0.0103,0.004378,0.000050,0.000456,0.000406,0.000527,0.000463,0.000984,0.000869
SG-Ter-Mer,instance043.txt,Augmented,20,20,0.005368,0.001018,0.004351,0.005307,0.000974,0.0067,0.0351,0.0062,0.0597,0.004417,0.000051,0.000460,0.000422,0.000441,0.000475,0.000901,0.000915
SG-Ter-Mer,instance043.txt,Matrix-only,20,20,0.005462,0.001020,0.004442,0.005364,0.000957,0.0123,0.0430,0.0149,0.0731,0.004376,0.000051,0.000475,0.000454,0.000564,0.000463,0.001042,0.000918
SG-Ter-Mer,instance044.txt,Augmented,20,20,0.005307,0.000978,0.004329,0.005261,0.000969,0.0422,0.0165,0.0072,0.0045,0.004365,0.000050,0.000458,0.000406,0.000438,0.000474,0.000896,0.000880
SG-Ter-Mer,instance044.txt,Matrix-only,20,20,0.005395,0.000967,0.004428,0.005328,0.000956,0.0081,0.0251,0.0132,0.0316,0.004369,0.000050,0.000455,0.000404,0.000526,0.000463,0.000982,0.000870
SG-Ter-Mer,instance045.txt,Augmented,20,20,0.005320,0.000990,0.004330,0.005264,0.000969,0.0062,0.0476,0.0078,0.0429,0.004377,0.000050,0.000457,0.000408,0.000440,0.000476,0.000896,0.000892
SG-Ter-Mer,instance045.txt,Matrix-only,20,20,0.005423,0.000965,0.004458,0.005354,0.000951,0.0064,0.0214,0.0066,0.0125,0.004403,0.000050,0.000456,0.000404,0.000525,0.000463,0.000981,0.000867
SG-Ter-Mer,instance046.txt,Augmented,20,20,0.005332,0.000982,0.004350,0.005262,0.000969,0.0074,0.0198,0.0076,0.0209,0.004393,0.000050,0.000457,0.000406,0.000438,0.000475,0.000896,0.000884
SG-Ter-Mer,instance046.txt,Matrix-only,20,20,0.005423,0.000971,0.004452,0.005388,0.000962,0.0072,0.0163,0.0052,0.0338,0.004400,0.000050,0.000456,0.000407,0.000525,0.000462,0.000981,0.000873
SG-Ter-Mer,instance047.txt,Augmented,20,20,0.005341,0.000993,0.004349,0.005267,0.000971,0.0074,0.0178,0.0081,0.0117,0.004391,0.000050,0.000460,0.000410,0.000449,0.000480,0.000910,0.000893
SG-Ter-Mer,instance047.txt,Matrix-only,20,20,0.005427,0.000976,0.004451,0.005341,0.000961,0.0102,0.0250,0.0155,0.0435,0.004403,0.000050,0.000454,0.000406,0.000526,0.000464,0.000980,0.000875
SG-Ter-Mer,instance048.txt,Augmented,20,20,0.005329,0.000979,0.004350,0.005262,0.000969,0.0074,0.0212,0.0058,0.0333,0.004392,0.000050,0.000456,0.000406,0.000439,0.000475,0.000895,0.000882
SG-Ter-Mer,instance048.txt,Matrix-only,20,20,0.005422,0.000967,0.004455,0.005343,0.000961,0.0080,0.0173,0.0109,0.0127,0.004397,0.000050,0.000456,0.000404,0.000525,0.000466,0.000980,0.000871
SG-Ter-Mer,instance049.txt,Augmented,20,20,0.005283,0.000979,0.004305,0.005217,0.000967,0.0096,0.0150,0.0134,0.0091,0.004336,0.000050,0.000457,0.000405,0.000441,0.000474,0.000897,0.000878
SG-Ter-Mer,instance049.txt,Matrix-only,20,20,0.005399,0.000970,0.004429,0.005314,0.000955,0.0083,0.0142,0.0089,0.0123,0.004350,0.000050,0.000457,0.000410,0.000543,0.000464,0.001001,0.000872
SG-Ter-Mer,instance050.txt,Augmented,20,20,0.005276,0.000980,0.004296,0.005214,0.000965,0.0104,0.0211,0.0156,0.0060,0.004342,0.000050,0.000457,0.000404,0.000438,0.000475,0.000895,0.000881
SG-Ter-Mer,instance050.txt,Matrix-only,20,20,0.005357,0.000965,0.004391,0.005314,0.000958,0.0062,0.0138,0.0058,0.0087,0.004330,0.000050,0.000455,0.000404,0.000524,0.000463,0.000981,0.000869
SG-Ter-Mer,instance051.txt,Augmented,20,20,0.005261,0.000977,0.004284,0.005221,0.000965,0.0069,0.0405,0.0056,0.0079,0.004322,0.000050,0.000455,0.000406,0.000438,0.000474,0.000895,0.000879
SG-Ter-Mer,instance051.txt,Matrix-only,20,20,0.005393,0.000968,0.004424,0.005293,0.000958,0.0091,0.0200,0.0130,0.0172,0.004352,0.000050,0.000458,0.000408,0.000536,0.000464,0.000993,0.000873
SG-Ter-Mer,instance052.txt,Augmented,20,20,0.005314,0.000988,0.004326,0.005241,0.000968,0.0157,0.0272,0.0144,0.0115,0.004362,0.000050,0.000460,0.000410,0.000450,0.000481,0.000910,0.000892
SG-Ter-Mer,instance052.txt,Matrix-only,20,20,0.005406,0.000976,0.004430,0.005357,0.000969,0.0050,0.0181,0.0066,0.0145,0.004359,0.000050,0.000457,0.000411,0.000546,0.000466,0.001004,0.000877
SG-Ter-Mer,instance053.txt,Augmented,20,20,0.005327,0.000996,0.004331,0.005207,0.000982,0.0195,0.0715,0.0229,0.0373,0.004358,0.000050,0.000460,0.000414,0.000451,0.000482,0.000913,0.000896
SG-Ter-Mer,instance053.txt,Matrix-only,20,20,0.005434,0.000986,0.004448,0.005349,0.000954,0.0324,0.0334,0.0201,0.0446,0.004365,0.000051,0.000459,0.000415,0.000550,0.000467,0.001007,0.000883
SG-Ter-Mer,instance057.txt,Augmented,20,20,0.005335,0.000993,0.004342,0.005271,0.000981,0.0083,0.0170,0.0123,0.0134,0.004370,0.000050,0.000459,0.000411,0.000451,0.000482,0.000911,0.000895
SG-Ter-Mer,instance057.txt,Matrix-only,20,20,0.005477,0.001012,0.004465,0.005391,0.000970,0.0152,0.0457,0.0221,0.0847,0.004399,0.000051,0.000467,0.000437,0.000556,0.000470,0.001016,0.000906
SG-Ter-Mer,instance058.txt,Augmented,20,20,0.005314,0.000991,0.004323,0.005259,0.000977,0.0066,0.0214,0.0080,0.0257,0.004363,0.000050,0.000459,0.000411,0.000450,0.000480,0.000911,0.000893
SG-Ter-Mer,instance058.txt,Matrix-only,20,20,0.005416,0.000973,0.004444,0.005360,0.000962,0.0096,0.0164,0.0089,0.0139,0.004358,0.000050,0.000459,0.000411,0.000547,0.000465,0.001005,0.000876
SG-Ter-Mer,instance059.txt,Augmented,20,20,0.005319,0.000988,0.004331,0.005277,0.000978,0.0092,0.0224,0.0143,0.0359,0.004359,0.000050,0.000460,0.000411,0.000450,0.000482,0.000912,0.000893
SG-Ter-Mer,instance059.txt,Matrix-only,20,20,0.005406,0.000971,0.004435,0.005354,0.000956,0.0074,0.0195,0.0079,0.0090,0.004359,0.000050,0.000457,0.000410,0.000545,0.000465,0.001004,0.000874
SG-Ter-Mer,instance060.txt,Augmented,20,20,0.005304,0.000993,0.004311,0.005244,0.000979,0.0054,0.0148,0.0077,0.0068,0.004342,0.000050,0.000461,0.000412,0.000451,0.000481,0.000914,0.000895
SG-Ter-Mer,instance060.txt,Matrix-only,20,20,0.005403,0.000976,0.004427,0.005336,0.000956,0.0081,0.0227,0.0100,0.0261,0.004355,0.000051,0.000460,0.000413,0.000546,0.000464,0.001007,0.000881
SG-Ter-Mer,instance062.txt,Augmented,20,20,0.005332,0.000993,0.004339,0.005280,0.000976,0.0058,0.0218,0.0066,0.0378,0.004381,0.000050,0.000460,0.000410,0.000450,0.000483,0.000910,0.000896
SG-Ter-Mer,instance062.txt,Matrix-only,20,20,0.005450,0.000976,0.004474,0.005386,0.000969,0.0356,0.0158,0.0087,0.0098,0.004389,0.000050,0.000459,0.000411,0.000547,0.000467,0.001006,0.000880
SG-Ter-Mer,instance067.txt,Augmented,20,20,0.005324,0.000990,0.004334,0.005260,0.000983,0.0065,0.0162,0.0069,0.0078,0.004370,0.000050,0.000460,0.000411,0.000449,0.000484,0.000910,0.000894
SG-Ter-Mer,instance067.txt,Matrix-only,20,20,0.005412,0.000974,0.004439,0.005343,0.000966,0.0094,0.0203,0.0144,0.0160,0.004363,0.000050,0.000458,0.000412,0.000544,0.000464,0.001004,0.000877
SG-Ter-Mer,instance068.txt,Augmented,20,20,0.005319,0.000992,0.004327,0.005258,0.000974,0.0079,0.0172,0.0123,0.0136,0.004357,0.000050,0.000459,0.000412,0.000449,0.000482,0.000911,0.000896
SG-Ter-Mer,instance068.txt,Matrix-only,20,20,0.005405,0.000971,0.004434,0.005346,0.000957,0.0056,0.0200,0.0080,0.0131,0.004359,0.000050,0.000457,0.000412,0.000545,0.000463,0.001001,0.000875
SG-Ter-Mer,instance069.txt,Augmented,20,20,0.005361,0.001005,0.004356,0.005291,0.000984,0.0104,0.0245,0.0163,0.0306,0.004382,0.000051,0.000461,0.000419,0.000450,0.000483,0.000913,0.000903
SG-Ter-Mer,instance069.txt,Matrix-only,20,20,0.005495,0.001009,0.004486,0.005354,0.000964,0.0154,0.0504,0.0180,0.0504,0.004431,0.000051,0.000460,0.000433,0.000552,0.000466,0.001011,0.000904
SG-Ter-Mer,instance070.txt,Augmented,20,20,0.005332,0.001015,0.004317,0.005256,0.000978,0.0109,0.0466,0.0078,0.0393,0.004372,0.000050,0.000462,0.000417,0.000450,0.000483,0.000911,0.000915
SG-Ter-Mer,instance070.txt,Matrix-only,20,20,0.005413,0.000978,0.004435,0.005356,0.000965,0.0068,0.0174,0.0075,0.0147,0.004366,0.000050,0.000459,0.000410,0.000545,0.000465,0.001007,0.000878
SG-Ter-Mer,instance071.txt,Augmented,20,20,0.005363,0.001002,0.004361,0.005308,0.000978,0.0075,0.0267,0.0138,0.0298,0.004389,0.000051,0.000461,0.000419,0.000453,0.000482,0.000912,0.000904
SG-Ter-Mer,instance071.txt,Matrix-only,20,20,0.005437,0.000977,0.004460,0.005365,0.000965,0.0064,0.0247,0.0059,0.0217,0.004393,0.000050,0.000457,0.000411,0.000547,0.000465,0.001005,0.000877
SG-Ter-Mer,instance072.txt,Augmented,20,20,0.005358,0.000992,0.004366,0.005295,0.000982,0.0095,0.0065,0.0084,0.0079,0.004398,0.000050,0.000461,0.000411,0.000451,0.000484,0.000915,0.000895
SG-Ter-Mer,instance072.txt,Matrix-only,20,20,0.005458,0.000976,0.004482,0.005375,0.000949,0.0077,0.0256,0.0125,0.0152,0.004404,0.000050,0.000460,0.000411,0.000548,0.000467,0.001010,0.000880
SG-Ter-Mer,instance073.txt,Augmented,20,20,0.005308,0.000990,0.004317,0.005239,0.000974,0.0070,0.0087,0.0097,0.0067,0.004354,0.000051,0.000460,0.000411,0.000447,0.000483,0.000908,0.000893
SG-Ter-Mer,instance073.txt,Matrix-only,20,20,0.005383,0.000973,0.004410,0.005330,0.000961,0.0086,0.0162,0.0115,0.0098,0.004337,0.000050,0.000458,0.000410,0.000543,0.000462,0.001001,0.000873
SG-Ter-Mer,instance074.txt,Augmented,20,20,0.005331,0.000990,0.004341,0.005255,0.000971,0.0087,0.0106,0.0089,0.0101,0.004376,0.000050,0.000459,0.000411,0.000450,0.000480,0.000908,0.000892
SG-Ter-Mer,instance074.txt,Matrix-only,20,20,0.005419,0.000974,0.004444,0.005320,0.000961,0.0072,0.0240,0.0097,0.0154,0.004378,0.000050,0.000456,0.000410,0.000546,0.000465,0.001004,0.000877
SG-Ter-Mer,instance075.txt,Augmented,20,20,0.005332,0.000994,0.004338,0.005261,0.000975,0.0076,0.0199,0.0075,0.0082,0.004374,0.000050,0.000460,0.000411,0.000452,0.000484,0.000912,0.000896
SG-Ter-Mer,instance075.txt,Matrix-only,20,20,0.005439,0.000974,0.004465,0.005345,0.000953,0.0073,0.0246,0.0109,0.0108,0.004381,0.000050,0.000459,0.000410,0.000549,0.000465,0.001010,0.000877
SG-Ter-Mer,instance076.txt,Augmented,20,20,0.005330,0.000989,0.004341,0.005259,0.000968,0.0059,0.0077,0.0066,0.0062,0.004373,0.000050,0.000460,0.000410,0.000450,0.000481,0.000910,0.000893
SG-Ter-Mer,instance076.txt,Matrix-only,20,20,0.005393,0.000973,0.004420,0.005346,0.000960,0.0095,0.0144,0.0091,0.0065,0.004351,0.000051,0.000459,0.000411,0.000545,0.000462,0.001003,0.000876
SG-Ter-Mer,instance077.txt,Augmented,20,20,0.005309,0.000991,0.004319,0.005254,0.000977,0.0074,0.0057,0.0067,0.0058,0.004357,0.000050,0.000460,0.000412,0.000450,0.000482,0.000909,0.000894
SG-Ter-Mer,instance077.txt,Matrix-only,20,20,0.005437,0.000970,0.004467,0.005331,0.000961,0.0082,0.0145,0.0122,0.0116,0.004379,0.000050,0.000458,0.000410,0.000544,0.000464,0.001004,0.000874
SG-Ter-Mer,instance078.txt,Augmented,20,20,0.005336,0.000990,0.004346,0.005259,0.000979,0.0060,0.0167,0.0084,0.0120,0.004386,0.000051,0.000461,0.000412,0.000448,0.000481,0.000910,0.000894
SG-Ter-Mer,instance078.txt,Matrix-only,20,20,0.005411,0.000972,0.004439,0.005329,0.000963,0.0113,0.0162,0.0138,0.0103,0.004360,0.000050,0.000458,0.000411,0.000546,0.000464,0.001004,0.000876
SG-Ter-Mer,instance079.txt,Augmented,20,20,0.005335,0.000996,0.004339,0.005278,0.000977,0.0093,0.0117,0.0115,0.0090,0.004373,0.000050,0.000459,0.000410,0.000455,0.000489,0.000914,0.000899
SG-Ter-Mer,instance079.txt,Matrix-only,20,20,0.005429,0.000979,0.004449,0.005380,0.000966,0.0070,0.0295,0.0102,0.0418,0.004370,0.000050,0.000459,0.000412,0.000554,0.000470,0.001012,0.000886
SG-Ter-Mer,instance080.txt,Augmented,20,20,0.005336,0.000990,0.004346,0.005267,0.000978,0.0077,0.0290,0.0123,0.0199,0.004373,0.000051,0.000459,0.000412,0.000453,0.000481,0.000912,0.000893
SG-Ter-Mer,instance080.txt,Matrix-only,20,20,0.005433,0.000990,0.004443,0.005356,0.000964,0.0376,0.1239,0.0220,0.0564,0.004374,0.000051,0.000461,0.000423,0.000547,0.000465,0.001007,0.000891
SG-Ter-Mer,instance081.txt,Augmented,20,20,0.005357,0.001020,0.004337,0.005263,0.000985,0.0155,0.0401,0.0163,0.0440,0.004388,0.000051,0.000462,0.000434,0.000453,0.000485,0.000916,0.000920
SG-Ter-Mer,instance081.txt,Matrix-only,20,20,0.005444,0.000989,0.004455,0.005360,0.000967,0.0179,0.0405,0.0152,0.0294,0.004380,0.000051,0.000461,0.000424,0.000549,0.000469,0.001011,0.000890
SG-Ter-Mer,instance082.txt,Augmented,20,20,0.005313,0.000992,0.004320,0.005238,0.000976,0.0064,0.0208,0.0104,0.0126,0.004357,0.000050,0.000459,0.000412,0.000450,0.000481,0.000910,0.000895
SG-Ter-Mer,instance082.txt,Matrix-only,20,20,0.005413,0.000978,0.004435,0.005321,0.000963,0.0117,0.0265,0.0152,0.0143,0.004355,0.000051,0.000458,0.000415,0.000545,0.000465,0.001005,0.000881
SG-Ter-Mer,instance083.txt,Augmented,20,20,0.005364,0.001031,0.004334,0.005273,0.000979,0.0109,0.0369,0.0153,0.0442,0.004388,0.000051,0.000460,0.000428,0.000451,0.000488,0.000913,0.000927
SG-Ter-Mer,instance083.txt,Matrix-only,20,20,0.005474,0.001033,0.004441,0.005351,0.000969,0.0193,0.0481,0.0211,0.0530,0.004394,0.000052,0.000475,0.000454,0.000557,0.000471,0.001034,0.000928
SG-Ter-Mer,instance090.txt,Augmented,20,20,0.005391,0.001030,0.004361,0.005298,0.000991,0.0150,0.0434,0.0139,0.0786,0.004416,0.000052,0.000475,0.000445,0.000462,0.000486,0.000942,0.000928
SG-Ter-Mer,instance090.txt,Matrix-only,20,20,0.005486,0.001015,0.004471,0.005389,0.000971,0.0142,0.0451,0.0207,0.0542,0.004417,0.000052,0.000466,0.000447,0.000552,0.000467,0.001017,0.000911
SG-Ter-Mer,instance091.txt,Augmented,20,20,0.005306,0.000991,0.004315,0.005281,0.000983,0.0077,0.0171,0.0051,0.0095,0.004363,0.000050,0.000460,0.000411,0.000449,0.000482,0.000910,0.000896
SG-Ter-Mer,instance091.txt,Matrix-only,20,20,0.005396,0.000975,0.004421,0.005352,0.000966,0.0082,0.0123,0.0101,0.0080,0.004345,0.000050,0.000459,0.000411,0.000547,0.000465,0.001005,0.000878
SG-Ter-Mer,instance092.txt,Augmented,20,20,0.005318,0.000990,0.004328,0.005248,0.000986,0.0083,0.0224,0.0102,0.0106,0.004358,0.000050,0.000459,0.000412,0.000452,0.000481,0.000911,0.000894
SG-Ter-Mer,instance092.txt,Matrix-only,20,20,0.005395,0.000978,0.004417,0.005341,0.000967,0.0044,0.0165,0.0065,0.0088,0.004338,0.000050,0.000457,0.000411,0.000548,0.000464,0.001006,0.000877
SG-Ter-Mer,instance093.txt,Augmented,20,20,0.005314,0.000992,0.004321,0.005250,0.000981,0.0083,0.0264,0.0074,0.0093,0.004349,0.000050,0.000461,0.000410,0.000451,0.000482,0.000911,0.000894
SG-Ter-Mer,instance093.txt,Matrix-only,20,20,0.005413,0.000974,0.004439,0.005351,0.000965,0.0083,0.0150,0.0103,0.0070,0.004371,0.000050,0.000457,0.000410,0.000549,0.000467,0.001007,0.000878
SG-Ter-Mer,instance094.txt,Augmented,20,20,0.005322,0.000992,0.004330,0.005273,0.000979,0.0076,0.0202,0.0114,0.0174,0.004363,0.000050,0.000459,0.000411,0.000453,0.000482,0.000913,0.000895
SG-Ter-Mer,instance094.txt,Matrix-only,20,20,0.005383,0.000975,0.004408,0.005351,0.000967,0.0163,0.0127,0.0053,0.0083,0.004335,0.000050,0.000457,0.000411,0.000548,0.000465,0.001007,0.000877
SG-Ter-Mer,instance095.txt,Augmented,20,20,0.005323,0.000991,0.004332,0.005258,0.000982,0.0065,0.0341,0.0073,0.0094,0.004370,0.000050,0.000459,0.000410,0.000451,0.000482,0.000910,0.000893
SG-Ter-Mer,instance095.txt,Matrix-only,20,20,0.005430,0.000974,0.004456,0.005356,0.000969,0.0092,0.0202,0.0103,0.0113,0.004370,0.000050,0.000457,0.000411,0.000548,0.000464,0.001006,0.000877
SG-Ter-Mer,instance096.txt,Augmented,20,20,0.005349,0.000990,0.004359,0.005294,0.000979,0.0058,0.0165,0.0075,0.0071,0.004384,0.000050,0.000462,0.000411,0.000453,0.000483,0.000919,0.000894
SG-Ter-Mer,instance096.txt,Matrix-only,20,20,0.005465,0.000976,0.004488,0.005385,0.000967,0.0060,0.0177,0.0069,0.0099,0.004412,0.000050,0.000460,0.000412,0.000548,0.000466,0.001010,0.000880
Full,instance001.txt,Augmented,20,20,0.013593,0.002392,0.011200,0.013369,0.002296,0.0079,0.0196,0.0114,0.0345,0.011278,0.000119,0.001097,0.001093,0.001148,0.001114,0.002247,0.002210
Full,instance001.txt,Matrix-only,20,20,0.013792,0.002365,0.011426,0.013720,0.002286,0.0059,0.0318,0.0061,0.0222,0.011234,0.000119,0.001096,0.001091,0.001411,0.001097,0.002507,0.002186
Full,instance002.txt,Augmented,20,20,0.013483,0.002379,0.011103,0.013381,0.002324,0.0061,0.0339,0.0098,0.0315,0.011145,0.000119,0.001098,0.001083,0.001147,0.001115,0.002250,0.002201
Full,instance002.txt,Matrix-only,20,20,0.013803,0.002383,0.011420,0.013641,0.002305,0.0081,0.0226,0.0102,0.0350,0.011204,0.000119,0.001095,0.001105,0.001417,0.001096,0.002512,0.002201
Full,instance003.txt,Augmented,20,20,0.013546,0.002389,0.011157,0.013378,0.002307,0.0055,0.0159,0.0043,0.0247,0.011240,0.000118,0.001100,0.001086,0.001146,0.001115,0.002246,0.002204
Full,instance003.txt,Matrix-only,20,20,0.013809,0.002392,0.011417,0.013636,0.002320,0.0069,0.0177,0.0091,0.0177,0.011232,0.000119,0.001097,0.001104,0.001414,0.001100,0.002513,0.002210
Full,instance004.txt,Augmented,20,20,0.013595,0.002379,0.011216,0.013507,0.002298,0.0044,0.0166,0.0059,0.0255,0.011291,0.000118,0.001096,0.001086,0.001151,0.001109,0.002248,0.002193
Full,instance004.txt,Matrix-only,20,20,0.013814,0.002371,0.011442,0.013706,0.002307,0.0071,0.0154,0.0098,0.0151,0.011256,0.000119,0.001093,0.001093,0.001411,0.001100,0.002505,0.002194
Full,instance005.txt,Augmented,20,20,0.013618,0.002376,0.011242,0.013463,0.002329,0.0087,0.0172,0.0130,0.0255,0.011324,0.000118,0.001094,0.001086,0.001145,0.001110,0.002239,0.002195
Full,instance005.txt,Matrix-only,20,20,0.013873,0.002371,0.011503,0.013662,0.002252,0.0070,0.0151,0.0087,0.0230,0.011292,0.000118,0.001094,0.001090,0.001414,0.001094,0.002508,0.002195
Full,instance009.txt,Augmented,20,20,0.013549,0.002407,0.011143,0.013407,0.002330,0.0075,0.0193,0.0053,0.0297,0.011259,0.000119,0.001098,0.001100,0.001145,0.001117,0.002248,0.002225
Full,instance009.txt,Matrix-only,20,20,0.013807,0.002379,0.011428,0.013620,0.002305,0.0100,0.0190,0.0086,0.0259,0.011220,0.000119,0.001095,0.001093,0.001416,0.001103,0.002511,0.002194
Full,instance010.txt,Augmented,20,20,0.013587,0.002394,0.011194,0.013438,0.002293,0.0063,0.0191,0.0080,0.0293,0.011280,0.000118,0.001100,0.001096,0.001143,0.001113,0.002244,0.002215
Full,instance010.txt,Matrix-only,20,20,0.013836,0.002372,0.011464,0.013654,0.002304,0.0059,0.0132,0.0070,0.0194,0.011272,0.000118,0.001099,0.001099,0.001411,0.001096,0.002511,0.002195
Full,instance011.txt,Augmented,20,20,0.013689,0.002398,0.011291,0.013593,0.002294,0.0064,0.0210,0.0053,0.0351,0.011360,0.000118,0.001100,0.001107,0.001147,0.001106,0.002247,0.002215
Full,instance011.txt,Matrix-only,20,20,0.013997,0.002387,0.011610,0.013830,0.002302,0.0121,0.0245,0.0091,0.0158,0.011426,0.000118,0.001097,0.001106,0.001418,0.001097,0.002516,0.002210
Full,instance012.txt,Augmented,20,20,0.013548,0.002402,0.011146,0.013411,0.002280,0.0057,0.0200,0.0090,0.0278,0.011222,0.000118,0.001098,0.001096,0.001146,0.001111,0.002246,0.002218
Full,instance012.txt,Matrix-only,20,20,0.013834,0.002377,0.011457,0.013690,0.002292,0.0071,0.0209,0.0094,0.0216,0.011259,0.000118,0.001097,0.001092,0.001410,0.001093,0.002508,0.002193
Full,instance014.txt,Augmented,20,20,0.013658,0.002400,0.011258,0.013422,0.002271,0.0233,0.0395,0.0083,0.0480,0.011340,0.000118,0.001101,0.001111,0.001145,0.001112,0.002250,0.002224
Full,instance014.txt,Matrix-only,20,20,0.013913,0.002401,0.011512,0.013777,0.002313,0.0117,0.0246,0.0085,0.0355,0.011346,0.000119,0.001102,0.001100,0.001415,0.001100,0.002521,0.002216
Full,instance019.txt,Augmented,20,20,0.013841,0.002541,0.011300,0.013462,0.002259,0.0182,0.0873,0.0308,0.1259,0.011419,0.000119,0.001163,0.001214,0.001166,0.001130,0.002319,0.002355
Full,instance019.txt,Matrix-only,20,20,0.014145,0.002616,0.011529,0.013682,0.002307,0.0190,0.0621,0.0213,0.0588,0.011392,0.000119,0.001201,0.001302,0.001485,0.001112,0.002682,0.002427
Full,instance020.txt,Augmented,20,20,0.013896,0.002532,0.011364,0.013581,0.002315,0.0208,0.0637,0.0257,0.0803,0.011504,0.000119,0.001132,0.001223,0.001162,0.001121,0.002290,0.002348
Full,instance020.txt,Matrix-only,20,20,0.014175,0.002430,0.011745,0.013821,0.002291,0.0187,0.0675,0.0328,0.0726,0.011430,0.000119,0.001198,0.001148,0.001488,0.001096,0.002686,0.002244
Full,instance021.txt,Augmented,20,20,0.013706,0.002467,0.011240,0.013475,0.002329,0.0118,0.0462,0.0171,0.0743,0.011355,0.000119,0.001135,0.001164,0.001157,0.001124,0.002281,0.002283
Full,instance021.txt,Matrix-only,20,20,0.014198,0.002518,0.011680,0.013819,0.002330,0.0179,0.0593,0.0298,0.0586,0.011501,0.000120,0.001205,0.001215,0.001487,0.001103,0.002693,0.002323
Full,instance022.txt,Augmented,20,20,0.013805,0.002621,0.011183,0.013354,0.002407,0.0146,0.0668,0.0179,0.0981,0.011364,0.000120,0.001171,0.001324,0.001164,0.001137,0.002358,0.002430
Full,instance022.txt,Matrix-only,20,20,0.013894,0.002398,0.011497,0.013743,0.002305,0.0402,0.0457,0.0195,0.0444,0.011291,0.000118,0.001104,0.001114,0.001418,0.001102,0.002520,0.002219
Full,instance023.txt,Augmented,20,20,0.013612,0.002568,0.011044,0.013348,0.002334,0.0163,0.0693,0.0163,0.0825,0.011237,0.000121,0.001173,0.001262,0.001157,0.001121,0.002327,0.002381
Full,instance023.txt,Matrix-only,20,20,0.013934,0.002532,0.011402,0.013670,0.002271,0.0158,0.0575,0.0281,0.0971,0.011218,0.000119,0.001141,0.001237,0.001447,0.001103,0.002588,0.002352
Full,instance024.txt,Augmented,20,20,0.013546,0.002510,0.011036,0.013406,0.002309,0.0116,0.0479,0.0172,0.0756,0.011187,0.000118,0.001118,0.001204,0.001151,0.001126,0.002264,0.002328
Full,instance024.txt,Matrix-only,20,20,0.013895,0.002453,0.011442,0.013580,0.002299,0.0121,0.0474,0.0247,0.0571,0.011171,0.000119,0.001158,0.001165,0.001455,0.001102,0.002605,0.002274
Full,instance025.txt,Augmented,20,20,0.013643,0.002503,0.011140,0.013477,0.002329,0.0120,0.0501,0.0187,0.0944,0.011282,0.000119,0.001124,0.001200,0.001158,0.001122,0.002281,0.002320
Full,instance025.txt,Matrix-only,20,20,0.013928,0.002475,0.011453,0.013675,0.002284,0.0122,0.0369,0.0220,0.0502,0.011266,0.000119,0.001142,0.001183,0.001459,0.001103,0.002601,0.002295
Full,instance026.txt,Augmented,20,20,0.013744,0.002475,0.011270,0.013475,0.002294,0.0106,0.0414,0.0182,0.0740,0.011305,0.000119,0.001138,0.001173,0.001159,0.001121,0.002295,0.002291
Full,instance026.txt,Matrix-only,20,20,0.014088,0.002411,0.011677,0.013806,0.002320,0.0111,0.0494,0.0181,0.0805,0.011349,0.000120,0.001162,0.001116,0.001444,0.001101,0.002601,0.002207
Full,instance027.txt,Augmented,20,20,0.013613,0.002555,0.011058,0.013407,0.002284,0.0093,0.0422,0.0098,0.0623,0.011229,0.000119,0.001142,0.001236,0.001158,0.001126,0.002298,0.002362
Full,instance027.txt,Matrix-only,20,20,0.014029,0.002459,0.011570,0.013659,0.002321,0.0153,0.0546,0.0260,0.0804,0.011400,0.000120,0.001103,0.001161,0.001430,0.001110,0.002534,0.002264
Full,instance028.txt,Augmented,20,20,0.013649,0.002452,0.011197,0.013376,0.002313,0.0111,0.0438,0.0190,0.0660,0.011220,0.000119,0.001162,0.001133,0.001163,0.001115,0.002309,0.002236
Full,instance028.txt,Matrix-only,20,20,0.013920,0.002459,0.011461,0.013636,0.002319,0.0157,0.0542,0.0234,0.0742,0.011203,0.000120,0.001162,0.001187,0.001460,0.001113,0.002618,0.002278
Full,instance029.txt,Augmented,20,20,0.013664,0.002484,0.011180,0.013395,0.002320,0.0103,0.0515,0.0207,0.0895,0.011240,0.000119,0.001116,0.001194,0.001149,0.001118,0.002266,0.002306
Full,instance029.txt,Matrix-only,20,20,0.013957,0.002554,0.011403,0.013623,0.002315,0.0190,0.0999,0.0297,0.1005,0.011235,0.000118,0.001180,0.001256,0.001449,0.001119,0.002633,0.002373
Full,instance030.txt,Augmented,20,20,0.013950,0.002821,0.011129,0.013584,0.002426,0.0221,0.1358,0.0246,0.1818,0.011452,0.000120,0.001216,0.001462,0.001162,0.001139,0.002395,0.002628
Full,instance030.txt,Matrix-only,20,20,0.014299,0.002734,0.011564,0.013940,0.002472,0.0178,0.0766,0.0141,0.0999,0.011488,0.000121,0.001231,0.001426,0.001492,0.001125,0.002718,0.002550
Full,instance031.txt,Augmented,20,20,0.013864,0.002748,0.011116,0.013546,0.002506,0.0122,0.0380,0.0167,0.0519,0.011409,0.000119,0.001206,0.001366,0.001174,0.001150,0.002383,0.002559
Full,instance031.txt,Matrix-only,20,20,0.014097,0.002628,0.011469,0.013833,0.002356,0.0137,0.0547,0.0186,0.0763,0.011368,0.000120,0.001177,0.001339,0.001461,0.001103,0.002643,0.002437
Full,instance032.txt,Augmented,20,20,0.013636,0.002522,0.011114,0.013439,0.002300,0.0106,0.0468,0.0160,0.0614,0.011267,0.000120,0.001135,0.001213,0.001139,0.001106,0.002273,0.002330
Full,instance032.txt,Matrix-only,20,20,0.013882,0.002337,0.011545,0.013683,0.002283,0.0079,0.0434,0.0106,0.0385,0.011306,0.000119,0.001099,0.001066,0.001361,0.001083,0.002448,0.002150
Full,instance033.txt,Augmented,20,20,0.013435,0.002355,0.011080,0.013348,0.002267,0.0136,0.0617,0.0049,0.0518,0.011166,0.000121,0.001084,0.001080,0.001119,0.001095,0.002208,0.002169
Full,instance033.txt,Matrix-only,20,20,0.013734,0.002370,0.011365,0.013607,0.002280,0.0066,0.0219,0.0088,0.0355,0.011189,0.000118,0.001091,0.001097,0.001416,0.001095,0.002507,0.002188
Full,instance034.txt,Augmented,20,20,0.013540,0.002398,0.011142,0.013433,0.002272,0.0062,0.0219,0.0078,0.0211,0.011246,0.000118,0.001100,0.001100,0.001147,0.001110,0.002246,0.002220
Full,instance034.txt,Matrix-only,20,20,0.013788,0.002372,0.011416,0.013717,0.002287,0.0068,0.0142,0.0039,0.0107,0.011213,0.000118,0.001098,0.001100,0.001416,0.001090,0.002516,0.002195
Full,instance035.txt,Augmented,20,20,0.013602,0.002374,0.011228,0.013395,0.002271,0.0093,0.0389,0.0097,0.0326,0.011299,0.000119,0.001104,0.001081,0.001140,0.001100,0.002244,0.002186
Full,instance035.txt,Matrix-only,20,20,0.013824,0.002344,0.011481,0.013597,0.002255,0.0097,0.0405,0.0108,0.0414,0.011246,0.000120,0.001097,0.001070,0.001413,0.001092,0.002510,0.002169
Full,instance042.txt,Augmented,20,20,0.013630,0.002403,0.011227,0.013465,0.002336,0.0078,0.0479,0.0066,0.0733,0.011307,0.000119,0.001102,0.001106,0.001143,0.001109,0.002244,0.002219
Full,instance042.txt,Matrix-only,20,20,0.013888,0.002382,0.011505,0.013705,0.002280,0.0059,0.0321,0.0076,0.0202,0.011311,0.000121,0.001096,0.001101,0.001416,0.001093,0.002515,0.002198
Full,instance043.txt,Augmented,20,20,0.013526,0.002391,0.011136,0.013408,0.002321,0.0058,0.0339,0.0065,0.0331,0.011219,0.000118,0.001097,0.001107,0.001143,0.001113,0.002242,0.002212
Full,instance043.txt,Matrix-only,20,20,0.013824,0.002372,0.011452,0.013701,0.002278,0.0067,0.0448,0.0087,0.0335,0.011252,0.000119,0.001097,0.001100,0.001416,0.001102,0.002512,0.002194
Full,instance044.txt,Augmented,20,20,0.013468,0.002374,0.011094,0.013355,0.002306,0.0044,0.0178,0.0069,0.0257,0.011165,0.000118,0.001097,0.001084,0.001143,0.001106,0.002240,0.002198
Full,instance044.txt,Matrix-only,20,20,0.013716,0.002381,0.011335,0.013617,0.002314,0.0050,0.0191,0.0045,0.0285,0.011146,0.000118,0.001095,0.001102,0.001409,0.001096,0.002505,0.002200
Full,instance045.txt,Augmented,20,20,0.013500,0.002388,0.011113,0.013396,0.002278,0.0090,0.0195,0.0106,0.0261,0.011198,0.000118,0.001095,0.001097,0.001139,0.001114,0.002235,0.002208
Full,instance045.txt,Matrix-only,20,20,0.013795,0.002376,0.011419,0.013648,0.002248,0.0090,0.0438,0.0113,0.0301,0.011239,0.000119,0.001096,0.001101,0.001409,0.001095,0.002508,0.002198
Full,instance046.txt,Augmented,20,20,0.013435,0.002400,0.011034,0.013363,0.002300,0.0071,0.0209,0.0096,0.0266,0.011120,0.000119,0.001097,0.001103,0.001145,0.001118,0.002243,0.002216
Full,instance046.txt,Matrix-only,20,20,0.013714,0.002371,0.011344,0.013507,0.002304,0.0075,0.0110,0.0091,0.0115,0.011142,0.000119,0.001097,0.001095,0.001412,0.001097,0.002513,0.002192
Full,instance047.txt,Augmented,20,20,0.013452,0.002386,0.011066,0.013296,0.002307,0.0127,0.0459,0.0136,0.0394,0.011109,0.000119,0.001091,0.001082,0.001151,0.001111,0.002244,0.002199
Full,instance047.txt,Matrix-only,20,20,0.013630,0.002355,0.011275,0.013501,0.002276,0.0058,0.0221,0.0047,0.0221,0.011064,0.000119,0.001090,0.001077,0.001414,0.001091,0.002504,0.002173
Full,instance048.txt,Augmented,20,20,0.013500,0.002391,0.011109,0.013387,0.002285,0.0087,0.0213,0.0097,0.0312,0.011188,0.000120,0.001097,0.001084,0.001146,0.001113,0.002245,0.002200
Full,instance048.txt,Matrix-only,20,20,0.013744,0.002384,0.011360,0.013620,0.002333,0.0059,0.0133,0.0097,0.0100,0.011172,0.000120,0.001094,0.001102,0.001418,0.001100,0.002512,0.002205
