simple caso01a.txt Base verified route_relative_difference 0.0
simple caso01a.txt Flat-GM verified route_relative_difference 2.2427239466371236e-14
simple caso01a.txt Flat-L2 verified route_relative_difference 0.0
simple caso01a.txt Role-Hybrid verified route_relative_difference 2.2427239466371236e-14
simple caso01a.txt SA-Mat verified route_relative_difference 2.2427239466371236e-14
simple caso01b.txt Base verified route_relative_difference 1.2095250193140509e-14
simple caso01b.txt Flat-GM verified route_relative_difference 1.2725255782833414e-14
simple caso01b.txt Flat-L2 verified route_relative_difference 0.0
simple caso01b.txt Role-Hybrid verified route_relative_difference 1.2725255782833414e-14
simple caso01b.txt SA-Mat verified route_relative_difference 1.2725255782833414e-14
simple caso01c.txt Base verified route_relative_difference 2.3792520769214983e-16
simple caso01c.txt Flat-GM verified route_relative_difference 3.461054347057271e-14
simple caso01c.txt Flat-L2 verified route_relative_difference 0.0
simple caso01c.txt Role-Hybrid verified route_relative_difference 3.461054347057271e-14
simple caso01c.txt SA-Mat verified route_relative_difference 3.461054347057271e-14
simple caso01d.txt Base verified route_relative_difference 1.1896260384607491e-16
simple caso01d.txt Flat-GM verified route_relative_difference 1.4175158964584427e-14
simple caso01d.txt Flat-L2 verified route_relative_difference 0.0
simple caso01d.txt Role-Hybrid verified route_relative_difference 1.4175158964584427e-14
simple caso01d.txt SA-Mat verified route_relative_difference 1.4175158964584427e-14
simple caso01e.txt Base verified route_relative_difference 0.0
simple caso01e.txt Flat-GM verified route_relative_difference 3.531185650781184e-14
simple caso01e.txt Flat-L2 verified route_relative_difference 0.0
simple caso01e.txt Role-Hybrid verified route_relative_difference 3.531185650781184e-14
simple caso01e.txt SA-Mat verified route_relative_difference 3.531185650781184e-14
simple caso01f.txt Base verified route_relative_difference 1.1896260384607491e-16
simple caso01f.txt Flat-GM verified route_relative_difference 1.7776362825172178e-15
simple caso01f.txt Flat-L2 verified route_relative_difference 0.0
simple caso01f.txt Role-Hybrid verified route_relative_difference 1.7776362825172178e-15
simple caso01f.txt SA-Mat verified route_relative_difference 1.7776362825172178e-15
simple caso02a.txt Base verified route_relative_difference 0.0
simple caso02a.txt Flat-GM verified route_relative_difference 3.36701586447641e-14
simple caso02a.txt Flat-L2 verified route_relative_difference 6.580091845805488e-16
simple caso02a.txt Role-Hybrid verified route_relative_difference 3.36701586447641e-14
simple caso02a.txt SA-Mat verified route_relative_difference 3.36701586447641e-14
simple caso02b.txt Base verified route_relative_difference 3.400113438708131e-14
simple caso02b.txt Flat-GM verified route_relative_difference 3.2858283759130105e-14
simple caso02b.txt Flat-L2 verified route_relative_difference 1.331146563310148e-14
simple caso02b.txt Role-Hybrid verified route_relative_difference 3.2858283759130105e-14
simple caso02b.txt SA-Mat verified route_relative_difference 3.2858283759130105e-14
simple caso02c.txt Base verified route_relative_difference 0.0
simple caso02c.txt Flat-GM verified route_relative_difference 2.8258274906310252e-14
simple caso02c.txt Flat-L2 verified route_relative_difference 2.5112710010565966e-16
simple caso02c.txt Role-Hybrid verified route_relative_difference 2.8258274906310252e-14
simple caso02c.txt SA-Mat verified route_relative_difference 2.8258274906310252e-14
simple caso02d.txt Base verified route_relative_difference 2.266561484692978e-16
simple caso02d.txt Flat-GM verified route_relative_difference 2.0203070322938584e-14
simple caso02d.txt Flat-L2 verified route_relative_difference 0.0
simple caso02d.txt Role-Hybrid verified route_relative_difference 2.0203070322938584e-14
simple caso02d.txt SA-Mat verified route_relative_difference 2.0203070322938584e-14
simple caso02e.txt Base verified route_relative_difference 0.0
simple caso02e.txt Flat-GM verified route_relative_difference 0.12057279064356247
simple caso02e.txt Flat-L2 verified route_relative_difference 0.0
simple caso02e.txt Role-Hybrid verified route_relative_difference 0.12057279064356247
simple caso02e.txt SA-Mat verified route_relative_difference 0.12057279064356247
simple caso02f.txt Base verified route_relative_difference 0.0
simple caso02f.txt Flat-GM verified route_relative_difference 3.5088727252884567e-14
simple caso02f.txt Flat-L2 verified route_relative_difference 1.4122978083769602e-16
simple caso02f.txt Role-Hybrid verified route_relative_difference 3.5088727252884567e-14
simple caso02f.txt SA-Mat verified route_relative_difference 3.5088727252884567e-14
simple caso03a.txt Base verified route_relative_difference 2.2267118606876385e-16
simple caso03a.txt Flat-GM verified route_relative_difference 3.1123802135708355e-16
simple caso03a.txt Flat-L2 verified route_relative_difference 0.0
simple caso03a.txt Role-Hybrid verified route_relative_difference 3.1123802135708355e-16
simple caso03a.txt SA-Mat verified route_relative_difference 3.1123802135708355e-16
simple caso03b.txt Base verified route_relative_difference 0.0
simple caso03b.txt Flat-GM verified route_relative_difference 3.8765908849779505e-15
simple caso03b.txt Flat-L2 verified route_relative_difference 0.0
simple caso03b.txt Role-Hybrid verified route_relative_difference 3.8765908849779505e-15
simple caso03b.txt SA-Mat verified route_relative_difference 3.8765908849779505e-15
simple caso03c.txt Base verified route_relative_difference 0.0
simple caso03c.txt Flat-GM verified route_relative_difference 9.262687468391049e-15
simple caso03c.txt Flat-L2 verified route_relative_difference 0.0
simple caso03c.txt Role-Hybrid verified route_relative_difference 9.262687468391049e-15
simple caso03c.txt SA-Mat verified route_relative_difference 9.262687468391049e-15
simple caso03d.txt Base verified route_relative_difference 1.1133554871284139e-16
simple caso03d.txt Flat-GM verified route_relative_difference 1.1375464566535326e-14
simple caso03d.txt Flat-L2 verified route_relative_difference 1.629848199965699e-15
simple caso03d.txt Role-Hybrid verified route_relative_difference 1.1375464566535326e-14
simple caso03d.txt SA-Mat verified route_relative_difference 1.1375464566535326e-14
simple caso03e.txt Base verified route_relative_difference 0.0
simple caso03e.txt Flat-GM verified route_relative_difference 2.577851491448719e-14
simple caso03e.txt Flat-L2 verified route_relative_difference 2.494017130881885e-16
simple caso03e.txt Role-Hybrid verified route_relative_difference 2.577851491448719e-14
simple caso03e.txt SA-Mat verified route_relative_difference 2.577851491448719e-14
simple caso03f.txt Base verified route_relative_difference 0.0
simple caso03f.txt Flat-GM verified route_relative_difference 2.5213964546831352e-15
simple caso03f.txt Flat-L2 verified route_relative_difference 4.826852249810065e-16
simple caso03f.txt Role-Hybrid verified route_relative_difference 2.5213964546831352e-15
simple caso03f.txt SA-Mat verified route_relative_difference 2.5213964546831352e-15
simple caso04a.txt Base verified route_relative_difference 1.3484657515435475e-14
simple caso04a.txt Flat-GM verified route_relative_difference 3.434316794300042e-14
simple caso04a.txt Flat-L2 verified route_relative_difference 1.84685250730104e-14
simple caso04a.txt Role-Hybrid verified route_relative_difference 3.434316794300042e-14
simple caso04a.txt SA-Mat verified route_relative_difference 3.434316794300042e-14
simple caso04b.txt Base verified route_relative_difference 2.287662941822364e-14
simple caso04b.txt Flat-GM verified route_relative_difference 1.5801326748915583e-14
simple caso04b.txt Flat-L2 verified route_relative_difference 2.128930709634703e-14
simple caso04b.txt Role-Hybrid verified route_relative_difference 1.5801326748915583e-14
simple caso04b.txt SA-Mat verified route_relative_difference 1.5801326748915583e-14
simple caso04c.txt Base verified route_relative_difference 9.712305134548219e-15
simple caso04c.txt Flat-GM verified route_relative_difference 2.3883891194142753e-14
simple caso04c.txt Flat-L2 verified route_relative_difference 7.740106552365491e-15
simple caso04c.txt Role-Hybrid verified route_relative_difference 2.3883891194142753e-14
simple caso04c.txt SA-Mat verified route_relative_difference 2.3883891194142753e-14
simple caso04d.txt Base verified route_relative_difference 0.0
simple caso04d.txt Flat-GM verified route_relative_difference 4.368285955126177e-15
simple caso04d.txt Flat-L2 verified route_relative_difference 6.135056414133403e-16
simple caso04d.txt Role-Hybrid verified route_relative_difference 4.368285955126177e-15
simple caso04d.txt SA-Mat verified route_relative_difference 4.368285955126177e-15
simple caso04e.txt Base verified route_relative_difference 0.0
simple caso04e.txt Flat-GM verified route_relative_difference 6.19618242795755e-15
simple caso04e.txt Flat-L2 verified route_relative_difference 1.632494479731762e-16
simple caso04e.txt Role-Hybrid verified route_relative_difference 6.19618242795755e-15
simple caso04e.txt SA-Mat verified route_relative_difference 6.19618242795755e-15
simple caso04f.txt Base verified route_relative_difference 0.0
simple caso04f.txt Flat-GM verified route_relative_difference 1.1601776041907789e-14
simple caso04f.txt Flat-L2 verified route_relative_difference 0.0
simple caso04f.txt Role-Hybrid verified route_relative_difference 1.1601776041907789e-14
simple caso04f.txt SA-Mat verified route_relative_difference 1.1601776041907789e-14
simple caso05a.txt Base verified route_relative_difference 9.815225434880158e-15
simple caso05a.txt Flat-GM verified route_relative_difference 1.328946599142508e-14
simple caso05a.txt Flat-L2 verified route_relative_difference 1.9295890688133363e-15
simple caso05a.txt Role-Hybrid verified route_relative_difference 1.328946599142508e-14
simple caso05a.txt SA-Mat verified route_relative_difference 1.328946599142508e-14
simple caso05b.txt Base verified route_relative_difference 8.821171192796704e-15
simple caso05b.txt Flat-GM verified route_relative_difference 1.68319079596218e-14
simple caso05b.txt Flat-L2 verified route_relative_difference 4.268717650307058e-15
simple caso05b.txt Role-Hybrid verified route_relative_difference 1.68319079596218e-14
simple caso05b.txt SA-Mat verified route_relative_difference 1.68319079596218e-14
simple caso05c.txt Base verified route_relative_difference 9.596175378541932e-15
simple caso05c.txt Flat-GM verified route_relative_difference 3.575298943802896e-15
simple caso05c.txt Flat-L2 verified route_relative_difference 7.700104930667685e-16
simple caso05c.txt Role-Hybrid verified route_relative_difference 3.575298943802896e-15
simple caso05c.txt SA-Mat verified route_relative_difference 3.575298943802896e-15
simple caso05d.txt Base verified route_relative_difference 0.0
simple caso05d.txt Flat-GM verified route_relative_difference 8.650500777577117e-15
simple caso05d.txt Flat-L2 verified route_relative_difference 2.9912851749727154e-16
simple caso05d.txt Role-Hybrid verified route_relative_difference 8.650500777577117e-15
simple caso05d.txt SA-Mat verified route_relative_difference 8.650500777577117e-15
simple caso05e.txt Base verified route_relative_difference 2.053657111378894e-16
simple caso05e.txt Flat-GM verified route_relative_difference 9.582022766470045e-15
simple caso05e.txt Flat-L2 verified route_relative_difference 4.486927762459073e-16
simple caso05e.txt Role-Hybrid verified route_relative_difference 9.582022766470045e-15
simple caso05e.txt SA-Mat verified route_relative_difference 9.582022766470045e-15
simple caso05f.txt Base verified route_relative_difference 0.0
simple caso05f.txt Flat-GM verified route_relative_difference 1.3478755113404073e-14
simple caso05f.txt Flat-L2 verified route_relative_difference 1.670908469120166e-14
simple caso05f.txt Role-Hybrid verified route_relative_difference 1.3478755113404073e-14
simple caso05f.txt SA-Mat verified route_relative_difference 1.3478755113404073e-14
simple caso09a.txt Base verified route_relative_difference 1.783820139354463e-15
simple caso09a.txt Flat-GM verified route_relative_difference 5.471804847982406e-15
simple caso09a.txt Flat-L2 verified route_relative_difference 2.3658486228826605e-15
simple caso09a.txt Role-Hybrid verified route_relative_difference 5.471804847982406e-15
simple caso09a.txt SA-Mat verified route_relative_difference 5.471804847982406e-15
simple caso09b.txt Base verified route_relative_difference 1.3537538831595398e-14
simple caso09b.txt Flat-GM verified route_relative_difference 2.4053082247964286e-14
simple caso09b.txt Flat-L2 verified route_relative_difference 5.4844571209890315e-14
simple caso09b.txt Role-Hybrid verified route_relative_difference 2.4053082247964286e-14
simple caso09b.txt SA-Mat verified route_relative_difference 2.4053082247964286e-14
simple caso09c.txt Base verified route_relative_difference 2.3784268524726207e-15
simple caso09c.txt Flat-GM verified route_relative_difference 1.8239349493274672e-15
simple caso09c.txt Flat-L2 verified route_relative_difference 2.9730434719365305e-15
simple caso09c.txt Role-Hybrid verified route_relative_difference 1.8239349493274672e-15
simple caso09c.txt SA-Mat verified route_relative_difference 1.8239349493274672e-15
simple caso09d.txt Base verified route_relative_difference 2.05615810866121e-16
simple caso09d.txt Flat-GM verified route_relative_difference 2.2157916837613112e-14
simple caso09d.txt Flat-L2 verified route_relative_difference 1.7401119116787559e-16
simple caso09d.txt Role-Hybrid verified route_relative_difference 2.2157916837613112e-14
simple caso09d.txt SA-Mat verified route_relative_difference 2.2157916837613112e-14
simple caso09e.txt Base verified route_relative_difference 9.579544357751527e-15
simple caso09e.txt Flat-GM verified route_relative_difference 2.3645624230102703e-14
simple caso09e.txt Flat-L2 verified route_relative_difference 0.0
simple caso09e.txt Role-Hybrid verified route_relative_difference 2.3645624230102703e-14
simple caso09e.txt SA-Mat verified route_relative_difference 2.3645624230102703e-14
simple caso09f.txt Base verified route_relative_difference 2.0561581086612095e-16
simple caso09f.txt Flat-GM verified route_relative_difference 1.9353118610943263e-14
simple caso09f.txt Flat-L2 verified route_relative_difference 1.3776795328441335e-16
simple caso09f.txt Role-Hybrid verified route_relative_difference 1.9353118610943263e-14
simple caso09f.txt SA-Mat verified route_relative_difference 1.9353118610943263e-14
simple caso10a.txt Base verified route_relative_difference 6.305518080730376e-15
simple caso10a.txt Flat-GM verified route_relative_difference 2.007476318679003e-14
simple caso10a.txt Flat-L2 verified route_relative_difference 0.0
simple caso10a.txt Role-Hybrid verified route_relative_difference 2.007476318679003e-14
simple caso10a.txt SA-Mat verified route_relative_difference 2.007476318679003e-14
simple caso10b.txt Base verified route_relative_difference 3.75400908061786e-15
simple caso10b.txt Flat-GM verified route_relative_difference 1.2014755108589663e-14
simple caso10b.txt Flat-L2 verified route_relative_difference 1.9535555458315694e-14
simple caso10b.txt Role-Hybrid verified route_relative_difference 1.2014755108589663e-14
simple caso10b.txt SA-Mat verified route_relative_difference 1.2014755108589663e-14
simple caso10c.txt Base verified route_relative_difference 7.205773329941847e-15
simple caso10c.txt Flat-GM verified route_relative_difference 1.7364118035017127e-14
simple caso10c.txt Flat-L2 verified route_relative_difference 1.3357534706177805e-16
simple caso10c.txt Role-Hybrid verified route_relative_difference 1.7364118035017127e-14
simple caso10c.txt SA-Mat verified route_relative_difference 1.7364118035017127e-14
simple caso10d.txt Base verified route_relative_difference 0.0
simple caso10d.txt Flat-GM verified route_relative_difference 1.526612303695548e-14
simple caso10d.txt Flat-L2 verified route_relative_difference 2.6566507923658433e-16
simple caso10d.txt Role-Hybrid verified route_relative_difference 1.526612303695548e-14
simple caso10d.txt SA-Mat verified route_relative_difference 1.526612303695548e-14
simple caso10e.txt Base verified route_relative_difference 0.0
simple caso10e.txt Flat-GM verified route_relative_difference 1.3953862460422995e-14
simple caso10e.txt Flat-L2 verified route_relative_difference 1.4884052232422213e-14
simple caso10e.txt Role-Hybrid verified route_relative_difference 1.3953862460422995e-14
simple caso10e.txt SA-Mat verified route_relative_difference 1.3953862460422995e-14
simple caso10f.txt Base verified route_relative_difference 0.0
simple caso10f.txt Flat-GM verified route_relative_difference 9.260101474265906e-16
simple caso10f.txt Flat-L2 verified route_relative_difference 2.6566507923658433e-16
simple caso10f.txt Role-Hybrid verified route_relative_difference 9.260101474265906e-16
simple caso10f.txt SA-Mat verified route_relative_difference 9.260101474265906e-16
simple caso11a.txt Base verified route_relative_difference 2.175855263605026e-15
simple caso11a.txt Flat-GM verified route_relative_difference 1.3456603017584023e-14
simple caso11a.txt Flat-L2 verified route_relative_difference 8.83944392447673e-15
simple caso11a.txt Role-Hybrid verified route_relative_difference 1.3456603017584023e-14
simple caso11a.txt SA-Mat verified route_relative_difference 1.3456603017584023e-14
simple caso11b.txt Base verified route_relative_difference 1.508723688285269e-14
simple caso11b.txt Flat-GM verified route_relative_difference 2.3794929077977204e-14
simple caso11b.txt Flat-L2 verified route_relative_difference 1.8162842337938214e-16
simple caso11b.txt Role-Hybrid verified route_relative_difference 2.3794929077977204e-14
simple caso11b.txt SA-Mat verified route_relative_difference 2.3794929077977204e-14
simple caso11c.txt Base verified route_relative_difference 1.7569027648404296e-14
simple caso11c.txt Flat-GM verified route_relative_difference 1.7648627659822768e-14
simple caso11c.txt Flat-L2 verified route_relative_difference 1.0541454879122501e-14
simple caso11c.txt Role-Hybrid verified route_relative_difference 1.7648627659822768e-14
simple caso11c.txt SA-Mat verified route_relative_difference 1.7648627659822768e-14
simple caso11d.txt Base verified route_relative_difference 0.0
simple caso11d.txt Flat-GM verified route_relative_difference 4.4401338260929134e-14
simple caso11d.txt Flat-L2 verified route_relative_difference 0.0
simple caso11d.txt Role-Hybrid verified route_relative_difference 4.4401338260929134e-14
simple caso11d.txt SA-Mat verified route_relative_difference 4.4401338260929134e-14
simple caso11e.txt Base verified route_relative_difference 0.0
simple caso11e.txt Flat-GM verified route_relative_difference 9.042642902660149e-15
simple caso11e.txt Flat-L2 verified route_relative_difference 0.0
simple caso11e.txt Role-Hybrid verified route_relative_difference 9.042642902660149e-15
simple caso11e.txt SA-Mat verified route_relative_difference 9.042642902660149e-15
simple caso11f.txt Base verified route_relative_difference 2.454850452472248e-16
simple caso11f.txt Flat-GM verified route_relative_difference 3.532193361922565e-14
simple caso11f.txt Flat-L2 verified route_relative_difference 0.0
simple caso11f.txt Role-Hybrid verified route_relative_difference 3.532193361922565e-14
simple caso11f.txt SA-Mat verified route_relative_difference 3.532193361922565e-14
simple caso12a.txt Base verified route_relative_difference 2.115592717825526e-14
simple caso12a.txt Flat-GM verified route_relative_difference 6.7659940577833515e-15
simple caso12a.txt Flat-L2 verified route_relative_difference 6.289670457603569e-15
simple caso12a.txt Role-Hybrid verified route_relative_difference 6.7659940577833515e-15
simple caso12a.txt SA-Mat verified route_relative_difference 6.7659940577833515e-15
simple caso12b.txt Base verified route_relative_difference 6.576156740632961e-15
simple caso12b.txt Flat-GM verified route_relative_difference 2.5759309142422082e-15
simple caso12b.txt Flat-L2 verified route_relative_difference 1.2264968117497976e-14
simple caso12b.txt Role-Hybrid verified route_relative_difference 2.5759309142422082e-15
simple caso12b.txt SA-Mat verified route_relative_difference 2.5759309142422082e-15
simple caso12c.txt Base verified route_relative_difference 1.2308241512391311e-14
simple caso12c.txt Flat-GM verified route_relative_difference 4.299550524835376e-15
simple caso12c.txt Flat-L2 verified route_relative_difference 1.303602854405561e-15
simple caso12c.txt Role-Hybrid verified route_relative_difference 4.299550524835376e-15
simple caso12c.txt SA-Mat verified route_relative_difference 4.299550524835376e-15
simple caso12d.txt Base verified route_relative_difference 1.924782630423938e-16
simple caso12d.txt Flat-GM verified route_relative_difference 1.6826495422889606e-14
simple caso12d.txt Flat-L2 verified route_relative_difference 1.576696334850723e-14
simple caso12d.txt Role-Hybrid verified route_relative_difference 1.6826495422889606e-14
simple caso12d.txt SA-Mat verified route_relative_difference 1.6826495422889606e-14
simple caso12e.txt Base verified route_relative_difference 1.924782630423938e-16
simple caso12e.txt Flat-GM verified route_relative_difference 1.0417275027766162e-14
simple caso12e.txt Flat-L2 verified route_relative_difference 2.346095234025516e-14
simple caso12e.txt Role-Hybrid verified route_relative_difference 1.0417275027766162e-14
simple caso12e.txt SA-Mat verified route_relative_difference 1.0417275027766162e-14
simple caso12f.txt Base verified route_relative_difference 1.924782630423938e-16
simple caso12f.txt Flat-GM verified route_relative_difference 1.57226910159956e-15
simple caso12f.txt Flat-L2 verified route_relative_difference 2.3458718197572497e-14
simple caso12f.txt Role-Hybrid verified route_relative_difference 1.57226910159956e-15
simple caso12f.txt SA-Mat verified route_relative_difference 1.57226910159956e-15
simple caso14a.txt Base verified route_relative_difference 1.8768038256872845e-16
simple caso14a.txt Flat-GM verified route_relative_difference 4.09451054522271e-14
simple caso14a.txt Flat-L2 verified route_relative_difference 1.8563874640264693e-14
simple caso14a.txt Role-Hybrid verified route_relative_difference 4.09451054522271e-14
simple caso14a.txt SA-Mat verified route_relative_difference 4.09451054522271e-14
simple caso14b.txt Base verified route_relative_difference 1.8768038256872845e-16
simple caso14b.txt Flat-GM verified route_relative_difference 1.1996094398981483e-14
simple caso14b.txt Flat-L2 verified route_relative_difference 1.2110349173702225e-15
simple caso14b.txt Role-Hybrid verified route_relative_difference 1.1996094398981483e-14
simple caso14b.txt SA-Mat verified route_relative_difference 1.1996094398981483e-14
simple caso14c.txt Base verified route_relative_difference 1.8768038256872845e-16
simple caso14c.txt Flat-GM verified route_relative_difference 4.0223127421254844e-14
simple caso14c.txt Flat-L2 verified route_relative_difference 1.8927360368219303e-14
simple caso14c.txt Role-Hybrid verified route_relative_difference 4.0223127421254844e-14
simple caso14c.txt SA-Mat verified route_relative_difference 4.0223127421254844e-14
simple caso14d.txt Base verified route_relative_difference 2.353811659905527e-16
simple caso14d.txt Flat-GM verified route_relative_difference 1.450186138269547e-14
simple caso14d.txt Flat-L2 verified route_relative_difference 6.701658990388677e-15
simple caso14d.txt Role-Hybrid verified route_relative_difference 1.450186138269547e-14
simple caso14d.txt SA-Mat verified route_relative_difference 1.450186138269547e-14
simple caso14e.txt Base verified route_relative_difference 0.0
simple caso14e.txt Flat-GM verified route_relative_difference 1.4153765578323826e-14
simple caso14e.txt Flat-L2 verified route_relative_difference 4.663349040065413e-15
simple caso14e.txt Role-Hybrid verified route_relative_difference 1.4153765578323826e-14
simple caso14e.txt SA-Mat verified route_relative_difference 1.4153765578323826e-14
simple caso14f.txt Base verified route_relative_difference 9.459400773436146e-15
simple caso14f.txt Flat-GM verified route_relative_difference 1.140164558567185e-14
simple caso14f.txt Flat-L2 verified route_relative_difference 5.162993579845514e-15
simple caso14f.txt Role-Hybrid verified route_relative_difference 1.140164558567185e-14
simple caso14f.txt SA-Mat verified route_relative_difference 1.140164558567185e-14
simple caso19a.txt Base verified route_relative_difference 0.0
simple caso19a.txt Flat-GM verified route_relative_difference 1.3432947811110912e-14
simple caso19a.txt Flat-L2 verified route_relative_difference 2.2932405720818626e-16
simple caso19a.txt Role-Hybrid verified route_relative_difference 1.3432947811110912e-14
simple caso19a.txt SA-Mat verified route_relative_difference 1.3432947811110912e-14
simple caso19b.txt Base verified route_relative_difference 1.4057485297898043e-14
simple caso19b.txt Flat-GM verified route_relative_difference 1.0217945228670522e-14
simple caso19b.txt Flat-L2 verified route_relative_difference 2.2932405720818626e-16
simple caso19b.txt Role-Hybrid verified route_relative_difference 1.0217945228670522e-14
simple caso19b.txt SA-Mat verified route_relative_difference 1.0217945228670522e-14
simple caso19c.txt Base verified route_relative_difference 0.0
simple caso19c.txt Flat-GM verified route_relative_difference 1.5709718626553516e-14
simple caso19c.txt Flat-L2 verified route_relative_difference 2.2932405720818626e-16
simple caso19c.txt Role-Hybrid verified route_relative_difference 1.5709718626553516e-14
simple caso19c.txt SA-Mat verified route_relative_difference 1.5709718626553516e-14
simple caso19d.txt Base verified route_relative_difference 0.0
simple caso19d.txt Flat-GM verified route_relative_difference 3.564520569900269e-14
simple caso19d.txt Flat-L2 verified route_relative_difference 0.0
simple caso19d.txt Role-Hybrid verified route_relative_difference 3.564520569900269e-14
simple caso19d.txt SA-Mat verified route_relative_difference 3.564520569900269e-14
simple caso19e.txt Base verified route_relative_difference 0.0
simple caso19e.txt Flat-GM verified route_relative_difference 1.5094647158153786e-16
simple caso19e.txt Flat-L2 verified route_relative_difference 2.2932405720818626e-16
simple caso19e.txt Role-Hybrid verified route_relative_difference 1.5094647158153786e-16
simple caso19e.txt SA-Mat verified route_relative_difference 1.5094647158153786e-16
simple caso19f.txt Base verified route_relative_difference 0.0
simple caso19f.txt Flat-GM verified route_relative_difference 3.2424736591166436e-15
simple caso19f.txt Flat-L2 verified route_relative_difference 4.1034483084719145e-16
simple caso19f.txt Role-Hybrid verified route_relative_difference 3.2424736591166436e-15
simple caso19f.txt SA-Mat verified route_relative_difference 3.2424736591166436e-15
simple caso20a.txt Base verified route_relative_difference 0.13044391902196978
simple caso20a.txt Flat-GM verified route_relative_difference 4.218777484804095e-15
simple caso20a.txt Flat-L2 verified route_relative_difference 5.132948243842518e-14
simple caso20a.txt Role-Hybrid verified route_relative_difference 4.218777484804095e-15
simple caso20a.txt SA-Mat verified route_relative_difference 4.218777484804095e-15
simple caso20b.txt Base verified route_relative_difference 2.1264958874644953e-14
simple caso20b.txt Flat-GM verified route_relative_difference 1.266950398085668e-15
simple caso20b.txt Flat-L2 verified route_relative_difference 7.491913013734817e-15
simple caso20b.txt Role-Hybrid verified route_relative_difference 1.266950398085668e-15
simple caso20b.txt SA-Mat verified route_relative_difference 1.266950398085668e-15
simple caso20c.txt Base verified route_relative_difference 0.010007451674364188
simple caso20c.txt Flat-GM verified route_relative_difference 0.0
simple caso20c.txt Flat-L2 verified route_relative_difference 3.9593287304901896e-14
simple caso20c.txt Role-Hybrid verified route_relative_difference 0.0
simple caso20c.txt SA-Mat verified route_relative_difference 0.0
simple caso20d.txt Base verified route_relative_difference 0.0
simple caso20d.txt Flat-GM verified route_relative_difference 2.8062997160535838e-14
simple caso20d.txt Flat-L2 verified route_relative_difference 3.944367484066895e-16
simple caso20d.txt Role-Hybrid verified route_relative_difference 2.8062997160535838e-14
simple caso20d.txt SA-Mat verified route_relative_difference 2.8062997160535838e-14
simple caso20e.txt Base verified route_relative_difference 0.0
simple caso20e.txt Flat-GM verified route_relative_difference 5.483997026495926e-15
simple caso20e.txt Flat-L2 verified route_relative_difference 2.184301700818253e-16
simple caso20e.txt Role-Hybrid verified route_relative_difference 5.483997026495926e-15
simple caso20e.txt SA-Mat verified route_relative_difference 5.483997026495926e-15
simple caso20f.txt Base verified route_relative_difference 3.0193449025189146e-16
simple caso20f.txt Flat-GM verified route_relative_difference 2.92675156364171e-14
simple caso20f.txt Flat-L2 verified route_relative_difference 2.1843017068434283e-16
simple caso20f.txt Role-Hybrid verified route_relative_difference 2.92675156364171e-14
simple caso20f.txt SA-Mat verified route_relative_difference 2.92675156364171e-14
simple caso21a.txt Base verified route_relative_difference 4.930662632659121e-15
simple caso21a.txt Flat-GM verified route_relative_difference 3.4808270166601965e-14
simple caso21a.txt Flat-L2 verified route_relative_difference 2.865333905224428e-15
simple caso21a.txt Role-Hybrid verified route_relative_difference 3.4808270166601965e-14
simple caso21a.txt SA-Mat verified route_relative_difference 3.4808270166601965e-14
simple caso21b.txt Base verified route_relative_difference 0.0
simple caso21b.txt Flat-GM verified route_relative_difference 4.9144389238390165e-15
simple caso21b.txt Flat-L2 verified route_relative_difference 4.8472103152143304e-15
simple caso21b.txt Role-Hybrid verified route_relative_difference 4.9144389238390165e-15
simple caso21b.txt SA-Mat verified route_relative_difference 4.9144389238390165e-15
simple caso21c.txt Base verified route_relative_difference 0.0
simple caso21c.txt Flat-GM verified route_relative_difference 2.7496941726950834e-14
simple caso21c.txt Flat-L2 verified route_relative_difference 3.33863828557072e-15
simple caso21c.txt Role-Hybrid verified route_relative_difference 2.7496941726950834e-14
simple caso21c.txt SA-Mat verified route_relative_difference 2.7496941726950834e-14
simple caso21d.txt Base verified route_relative_difference 0.0
simple caso21d.txt Flat-GM verified route_relative_difference 1.357035893794244e-14
simple caso21d.txt Flat-L2 verified route_relative_difference 0.0
simple caso21d.txt Role-Hybrid verified route_relative_difference 1.357035893794244e-14
simple caso21d.txt SA-Mat verified route_relative_difference 1.357035893794244e-14
simple caso21e.txt Base verified route_relative_difference 0.0
simple caso21e.txt Flat-GM verified route_relative_difference 2.3334131128011193e-15
simple caso21e.txt Flat-L2 verified route_relative_difference 1.7198464185472587e-16
simple caso21e.txt Role-Hybrid verified route_relative_difference 2.3334131128011193e-15
simple caso21e.txt SA-Mat verified route_relative_difference 2.3334131128011193e-15
simple caso21f.txt Base verified route_relative_difference 0.0
simple caso21f.txt Flat-GM verified route_relative_difference 7.266121555032467e-15
simple caso21f.txt Flat-L2 verified route_relative_difference 0.0
simple caso21f.txt Role-Hybrid verified route_relative_difference 7.266121555032467e-15
simple caso21f.txt SA-Mat verified route_relative_difference 7.266121555032467e-15
simple caso22a.txt Base verified route_relative_difference 2.1785124860627125e-16
simple caso22a.txt Flat-GM verified route_relative_difference 2.9966066156774347e-14
simple caso22a.txt Flat-L2 verified route_relative_difference 1.491948716667948e-16
simple caso22a.txt Role-Hybrid verified route_relative_difference 2.9966066156774347e-14
simple caso22a.txt SA-Mat verified route_relative_difference 2.9966066156774347e-14
simple caso22b.txt Base verified route_relative_difference 3.295152488108541e-15
simple caso22b.txt Flat-GM verified route_relative_difference 2.4829382543336422e-14
simple caso22b.txt Flat-L2 verified route_relative_difference 7.128925409933366e-15
simple caso22b.txt Role-Hybrid verified route_relative_difference 2.4829382543336422e-14
simple caso22b.txt SA-Mat verified route_relative_difference 2.4829382543336422e-14
simple caso22c.txt Base verified route_relative_difference 2.34255763679725e-16
simple caso22c.txt Flat-GM verified route_relative_difference 1.8647504050067856e-14
simple caso22c.txt Flat-L2 verified route_relative_difference 1.491948716667948e-16
simple caso22c.txt Role-Hybrid verified route_relative_difference 1.8647504050067856e-14
simple caso22c.txt SA-Mat verified route_relative_difference 1.8647504050067856e-14
simple caso22d.txt Base verified route_relative_difference 2.34255763679725e-16
simple caso22d.txt Flat-GM verified route_relative_difference 2.2694718970133885e-14
simple caso22d.txt Flat-L2 verified route_relative_difference 0.0
simple caso22d.txt Role-Hybrid verified route_relative_difference 2.2694718970133885e-14
simple caso22d.txt SA-Mat verified route_relative_difference 2.2694718970133885e-14
simple caso22e.txt Base verified route_relative_difference 0.0
simple caso22e.txt Flat-GM verified route_relative_difference 1.1683469555549186e-14
simple caso22e.txt Flat-L2 verified route_relative_difference 7.944963671297029e-15
simple caso22e.txt Role-Hybrid verified route_relative_difference 1.1683469555549186e-14
simple caso22e.txt SA-Mat verified route_relative_difference 1.1683469555549186e-14
simple caso22f.txt Base verified route_relative_difference 2.34255763679725e-16
simple caso22f.txt Flat-GM verified route_relative_difference 1.070646588076826e-15
simple caso22f.txt Flat-L2 verified route_relative_difference 1.5422639523175538e-15
simple caso22f.txt Role-Hybrid verified route_relative_difference 1.070646588076826e-15
simple caso22f.txt SA-Mat verified route_relative_difference 1.070646588076826e-15
simple caso23a.txt Base verified route_relative_difference 1.7771427400755717e-16
simple caso23a.txt Flat-GM verified route_relative_difference 2.4237519227586767e-14
simple caso23a.txt Flat-L2 verified route_relative_difference 0.0
simple caso23a.txt Role-Hybrid verified route_relative_difference 2.4237519227586767e-14
simple caso23a.txt SA-Mat verified route_relative_difference 2.4237519227586767e-14
simple caso23b.txt Base verified route_relative_difference 0.0
simple caso23b.txt Flat-GM verified route_relative_difference 4.6366482472414485e-15
simple caso23b.txt Flat-L2 verified route_relative_difference 0.0
simple caso23b.txt Role-Hybrid verified route_relative_difference 4.6366482472414485e-15
simple caso23b.txt SA-Mat verified route_relative_difference 4.6366482472414485e-15
simple caso23c.txt Base verified route_relative_difference 0.0
simple caso23c.txt Flat-GM verified route_relative_difference 2.8993779630444174e-14
simple caso23c.txt Flat-L2 verified route_relative_difference 0.0
simple caso23c.txt Role-Hybrid verified route_relative_difference 2.8993779630444174e-14
simple caso23c.txt SA-Mat verified route_relative_difference 2.8993779630444174e-14
simple caso23d.txt Base verified route_relative_difference 0.0
simple caso23d.txt Flat-GM verified route_relative_difference 3.697689853326981e-14
simple caso23d.txt Flat-L2 verified route_relative_difference 3.0488430310757436e-16
simple caso23d.txt Role-Hybrid verified route_relative_difference 3.697689853326981e-14
simple caso23d.txt SA-Mat verified route_relative_difference 3.697689853326981e-14
simple caso23e.txt Base verified route_relative_difference 0.0
simple caso23e.txt Flat-GM verified route_relative_difference 1.235992534558474e-14
simple caso23e.txt Flat-L2 verified route_relative_difference 0.0
simple caso23e.txt Role-Hybrid verified route_relative_difference 1.235992534558474e-14
simple caso23e.txt SA-Mat verified route_relative_difference 1.235992534558474e-14
simple caso23f.txt Base verified route_relative_difference 0.0
simple caso23f.txt Flat-GM verified route_relative_difference 1.1538769868698513e-14
simple caso23f.txt Flat-L2 verified route_relative_difference 0.0
simple caso23f.txt Role-Hybrid verified route_relative_difference 1.1538769868698513e-14
simple caso23f.txt SA-Mat verified route_relative_difference 1.1538769868698513e-14
simple caso24a.txt Base verified route_relative_difference 4.630891228168204e-16
simple caso24a.txt Flat-GM verified route_relative_difference 6.1546080141052254e-15
simple caso24a.txt Flat-L2 verified route_relative_difference 0.0
simple caso24a.txt Role-Hybrid verified route_relative_difference 6.1546080141052254e-15
simple caso24a.txt SA-Mat verified route_relative_difference 6.1546080141052254e-15
simple caso24b.txt Base verified route_relative_difference 0.0
simple caso24b.txt Flat-GM verified route_relative_difference 1.412595891230981e-14
simple caso24b.txt Flat-L2 verified route_relative_difference 1.5798378633363307e-16
simple caso24b.txt Role-Hybrid verified route_relative_difference 1.412595891230981e-14
simple caso24b.txt SA-Mat verified route_relative_difference 1.412595891230981e-14
simple caso24c.txt Base verified route_relative_difference 0.0
simple caso24c.txt Flat-GM verified route_relative_difference 1.1233125614868864e-14
simple caso24c.txt Flat-L2 verified route_relative_difference 2.630198490723478e-16
simple caso24c.txt Role-Hybrid verified route_relative_difference 1.1233125614868864e-14
simple caso24c.txt SA-Mat verified route_relative_difference 1.1233125614868864e-14
simple caso24d.txt Base verified route_relative_difference 0.0
simple caso24d.txt Flat-GM verified route_relative_difference 5.9284680896694225e-15
simple caso24d.txt Flat-L2 verified route_relative_difference 1.5798378633363307e-16
simple caso24d.txt Role-Hybrid verified route_relative_difference 5.9284680896694225e-15
simple caso24d.txt SA-Mat verified route_relative_difference 5.9284680896694225e-15
simple caso24e.txt Base verified route_relative_difference 0.0
simple caso24e.txt Flat-GM verified route_relative_difference 1.6811086314477052e-14
simple caso24e.txt Flat-L2 verified route_relative_difference 1.4873033997263603e-16
simple caso24e.txt Role-Hybrid verified route_relative_difference 1.6811086314477052e-14
simple caso24e.txt SA-Mat verified route_relative_difference 1.6811086314477052e-14
simple caso24f.txt Base verified route_relative_difference 0.0
simple caso24f.txt Flat-GM verified route_relative_difference 5.948600753721282e-16
simple caso24f.txt Flat-L2 verified route_relative_difference 1.7057816568286642e-15
simple caso24f.txt Role-Hybrid verified route_relative_difference 5.948600753721282e-16
simple caso24f.txt SA-Mat verified route_relative_difference 5.948600753721282e-16
simple caso25a.txt Base verified route_relative_difference 0.0
simple caso25a.txt Flat-GM verified route_relative_difference 6.9742687371945336e-15
simple caso25a.txt Flat-L2 verified route_relative_difference 0.0
simple caso25a.txt Role-Hybrid verified route_relative_difference 6.9742687371945336e-15
simple caso25a.txt SA-Mat verified route_relative_difference 6.9742687371945336e-15
simple caso25b.txt Base verified route_relative_difference 0.0
simple caso25b.txt Flat-GM verified route_relative_difference 3.79174211803158e-15
simple caso25b.txt Flat-L2 verified route_relative_difference 0.0
simple caso25b.txt Role-Hybrid verified route_relative_difference 3.79174211803158e-15
simple caso25b.txt SA-Mat verified route_relative_difference 3.79174211803158e-15
simple caso25c.txt Base verified route_relative_difference 0.0
simple caso25c.txt Flat-GM verified route_relative_difference 1.5691631003406927e-14
simple caso25c.txt Flat-L2 verified route_relative_difference 3.3632267641508095e-16
simple caso25c.txt Role-Hybrid verified route_relative_difference 1.5691631003406927e-14
simple caso25c.txt SA-Mat verified route_relative_difference 1.5691631003406927e-14
simple caso25d.txt Base verified route_relative_difference 1.1896260384607491e-16
simple caso25d.txt Flat-GM verified route_relative_difference 2.2659375609237262e-14
simple caso25d.txt Flat-L2 verified route_relative_difference 0.0
simple caso25d.txt Role-Hybrid verified route_relative_difference 2.2659375609237262e-14
simple caso25d.txt SA-Mat verified route_relative_difference 2.2659375609237262e-14
simple caso25e.txt Base verified route_relative_difference 0.0
simple caso25e.txt Flat-GM verified route_relative_difference 1.5783779764880234e-15
simple caso25e.txt Flat-L2 verified route_relative_difference 0.0
simple caso25e.txt Role-Hybrid verified route_relative_difference 1.5783779764880234e-15
simple caso25e.txt SA-Mat verified route_relative_difference 1.5783779764880234e-15
simple caso25f.txt Base verified route_relative_difference 2.3792520814995426e-16
simple caso25f.txt Flat-GM verified route_relative_difference 4.725402457733658e-16
simple caso25f.txt Flat-L2 verified route_relative_difference 0.0
simple caso25f.txt Role-Hybrid verified route_relative_difference 4.725402457733658e-16
simple caso25f.txt SA-Mat verified route_relative_difference 4.725402457733658e-16
simple caso26a.txt Base verified route_relative_difference 2.3311711261981664e-16
simple caso26a.txt Flat-GM verified route_relative_difference 1.0815816147803998e-14
simple caso26a.txt Flat-L2 verified route_relative_difference 3.913913599845605e-15
simple caso26a.txt Role-Hybrid verified route_relative_difference 1.0815816147803998e-14
simple caso26a.txt SA-Mat verified route_relative_difference 1.0815816147803998e-14
simple caso26b.txt Base verified route_relative_difference 1.0973259498656541e-14
simple caso26b.txt Flat-GM verified route_relative_difference 6.029255287701057e-15
simple caso26b.txt Flat-L2 verified route_relative_difference 1.2108484697739019e-14
simple caso26b.txt Role-Hybrid verified route_relative_difference 6.029255287701057e-15
simple caso26b.txt SA-Mat verified route_relative_difference 6.029255287701057e-15
simple caso26c.txt Base verified route_relative_difference 0.0
simple caso26c.txt Flat-GM verified route_relative_difference 0.0
simple caso26c.txt Flat-L2 verified route_relative_difference 0.0
simple caso26c.txt Role-Hybrid verified route_relative_difference 0.0
simple caso26c.txt SA-Mat verified route_relative_difference 0.0
simple caso26d.txt Base verified route_relative_difference 0.0
simple caso26d.txt Flat-GM verified route_relative_difference 3.463123610108672e-14
simple caso26d.txt Flat-L2 verified route_relative_difference 0.0
simple caso26d.txt Role-Hybrid verified route_relative_difference 3.463123610108672e-14
simple caso26d.txt SA-Mat verified route_relative_difference 3.463123610108672e-14
simple caso26e.txt Base verified route_relative_difference 0.0
simple caso26e.txt Flat-GM verified route_relative_difference 2.6709914884165362e-14
simple caso26e.txt Flat-L2 verified route_relative_difference 0.0
simple caso26e.txt Role-Hybrid verified route_relative_difference 2.6709914884165362e-14
simple caso26e.txt SA-Mat verified route_relative_difference 2.6709914884165362e-14
simple caso26f.txt Base verified route_relative_difference 2.331171126198166e-16
simple caso26f.txt Flat-GM verified route_relative_difference 4.158980416306579e-15
simple caso26f.txt Flat-L2 verified route_relative_difference 0.0
simple caso26f.txt Role-Hybrid verified route_relative_difference 4.158980416306579e-15
simple caso26f.txt SA-Mat verified route_relative_difference 4.158980416306579e-15
simple caso27a.txt Base verified route_relative_difference 0.0
simple caso27a.txt Flat-GM verified route_relative_difference 1.0998763220660181e-14
simple caso27a.txt Flat-L2 verified route_relative_difference 0.0
simple caso27a.txt Role-Hybrid verified route_relative_difference 1.0998763220660181e-14
simple caso27a.txt SA-Mat verified route_relative_difference 1.0998763220660181e-14
simple caso27b.txt Base verified route_relative_difference 8.539444953603966e-15
simple caso27b.txt Flat-GM verified route_relative_difference 6.834297812786794e-15
simple caso27b.txt Flat-L2 verified route_relative_difference 0.0
simple caso27b.txt Role-Hybrid verified route_relative_difference 6.834297812786794e-15
simple caso27b.txt SA-Mat verified route_relative_difference 6.834297812786794e-15
simple caso27c.txt Base verified route_relative_difference 0.0
simple caso27c.txt Flat-GM verified route_relative_difference 5.3385329957723854e-15
simple caso27c.txt Flat-L2 verified route_relative_difference 4.79837279347881e-16
simple caso27c.txt Role-Hybrid verified route_relative_difference 5.3385329957723854e-15
simple caso27c.txt SA-Mat verified route_relative_difference 5.3385329957723854e-15
simple caso27d.txt Base verified route_relative_difference 1.4749406155604072e-16
simple caso27d.txt Flat-GM verified route_relative_difference 2.928970919424698e-14
simple caso27d.txt Flat-L2 verified route_relative_difference 0.0
simple caso27d.txt Role-Hybrid verified route_relative_difference 2.928970919424698e-14
simple caso27d.txt SA-Mat verified route_relative_difference 2.928970919424698e-14
simple caso27e.txt Base verified route_relative_difference 0.0
simple caso27e.txt Flat-GM verified route_relative_difference 2.4983086245900122e-14
simple caso27e.txt Flat-L2 verified route_relative_difference 0.0
simple caso27e.txt Role-Hybrid verified route_relative_difference 2.4983086245900122e-14
simple caso27e.txt SA-Mat verified route_relative_difference 2.4983086245900122e-14
simple caso27f.txt Base verified route_relative_difference 0.0
simple caso27f.txt Flat-GM verified route_relative_difference 8.248124516028173e-15
simple caso27f.txt Flat-L2 verified route_relative_difference 0.0
simple caso27f.txt Role-Hybrid verified route_relative_difference 8.248124516028173e-15
simple caso27f.txt SA-Mat verified route_relative_difference 8.248124516028173e-15
simple caso28a.txt Base verified route_relative_difference 3.5330833372543767e-15
simple caso28a.txt Flat-GM verified route_relative_difference 8.145602353292461e-15
simple caso28a.txt Flat-L2 verified route_relative_difference 0.0
simple caso28a.txt Role-Hybrid verified route_relative_difference 8.145602353292461e-15
simple caso28a.txt SA-Mat verified route_relative_difference 8.145602353292461e-15
simple caso28b.txt Base verified route_relative_difference 8.202488632214365e-16
simple caso28b.txt Flat-GM verified route_relative_difference 3.925818477289084e-15
simple caso28b.txt Flat-L2 verified route_relative_difference 1.6451768341056862e-15
simple caso28b.txt Role-Hybrid verified route_relative_difference 3.925818477289084e-15
simple caso28b.txt SA-Mat verified route_relative_difference 3.925818477289084e-15
simple caso28c.txt Base verified route_relative_difference 2.251022209503127e-16
simple caso28c.txt Flat-GM verified route_relative_difference 1.4465978938995632e-15
simple caso28c.txt Flat-L2 verified route_relative_difference 3.003741135185887e-15
simple caso28c.txt Role-Hybrid verified route_relative_difference 1.4465978938995632e-15
simple caso28c.txt SA-Mat verified route_relative_difference 1.4465978938995632e-15
simple caso28d.txt Base verified route_relative_difference 0.0
simple caso28d.txt Flat-GM verified route_relative_difference 1.1528102138266458e-14
simple caso28d.txt Flat-L2 verified route_relative_difference 0.0
simple caso28d.txt Role-Hybrid verified route_relative_difference 1.1528102138266458e-14
simple caso28d.txt SA-Mat verified route_relative_difference 1.1528102138266458e-14
simple caso28e.txt Base verified route_relative_difference 2.4441871596128157e-15
simple caso28e.txt Flat-GM verified route_relative_difference 6.852417342144245e-16
simple caso28e.txt Flat-L2 verified route_relative_difference 1.0008897573761519e-14
simple caso28e.txt Role-Hybrid verified route_relative_difference 6.852417342144245e-16
simple caso28e.txt SA-Mat verified route_relative_difference 6.852417342144245e-16
simple caso28f.txt Base verified route_relative_difference 1.1255111015491995e-16
simple caso28f.txt Flat-GM verified route_relative_difference 2.5475616822838916e-15
simple caso28f.txt Flat-L2 verified route_relative_difference 0.0
simple caso28f.txt Role-Hybrid verified route_relative_difference 2.5475616822838916e-15
simple caso28f.txt SA-Mat verified route_relative_difference 2.5475616822838916e-15
simple caso29a.txt Base verified route_relative_difference 0.0
simple caso29a.txt Flat-GM verified route_relative_difference 2.356372246776428e-14
simple caso29a.txt Flat-L2 verified route_relative_difference 0.0
simple caso29a.txt Role-Hybrid verified route_relative_difference 2.356372246776428e-14
simple caso29a.txt SA-Mat verified route_relative_difference 2.356372246776428e-14
simple caso29b.txt Base verified route_relative_difference 2.873308639260471e-14
simple caso29b.txt Flat-GM verified route_relative_difference 4.397923251685059e-15
simple caso29b.txt Flat-L2 verified route_relative_difference 1.8810928341242122e-14
simple caso29b.txt Role-Hybrid verified route_relative_difference 4.397923251685059e-15
simple caso29b.txt SA-Mat verified route_relative_difference 4.397923251685059e-15
simple caso29c.txt Base verified route_relative_difference 0.0
simple caso29c.txt Flat-GM verified route_relative_difference 2.4156512589545124e-14
simple caso29c.txt Flat-L2 verified route_relative_difference 0.0
simple caso29c.txt Role-Hybrid verified route_relative_difference 2.4156512589545124e-14
simple caso29c.txt SA-Mat verified route_relative_difference 2.4156512589545124e-14
simple caso29d.txt Base verified route_relative_difference 2.1797739639817475e-16
simple caso29d.txt Flat-GM verified route_relative_difference 9.068185931968147e-15
simple caso29d.txt Flat-L2 verified route_relative_difference 1.2195257959402503e-16
simple caso29d.txt Role-Hybrid verified route_relative_difference 9.068185931968147e-15
simple caso29d.txt SA-Mat verified route_relative_difference 9.068185931968147e-15
simple caso29e.txt Base verified route_relative_difference 2.1797748404409112e-16
simple caso29e.txt Flat-GM verified route_relative_difference 6.879879373735564e-15
simple caso29e.txt Flat-L2 verified route_relative_difference 0.18497451819857522
simple caso29e.txt Role-Hybrid verified route_relative_difference 6.879879373735564e-15
simple caso29e.txt SA-Mat verified route_relative_difference 6.879879373735564e-15
simple caso29f.txt Base verified route_relative_difference 0.0
simple caso29f.txt Flat-GM verified route_relative_difference 1.9661047187740987e-14
simple caso29f.txt Flat-L2 verified route_relative_difference 4.724989720733634e-16
simple caso29f.txt Role-Hybrid verified route_relative_difference 1.9661047187740987e-14
simple caso29f.txt SA-Mat verified route_relative_difference 1.9661047187740987e-14
simple caso30a.txt Base verified route_relative_difference 0.0
simple caso30a.txt Flat-GM verified route_relative_difference 1.9120347081924513e-14
simple caso30a.txt Flat-L2 verified route_relative_difference 0.0
simple caso30a.txt Role-Hybrid verified route_relative_difference 1.9120347081924513e-14
simple caso30a.txt SA-Mat verified route_relative_difference 1.9120347081924513e-14
simple caso30b.txt Base verified route_relative_difference 3.9757964161656715e-14
simple caso30b.txt Flat-GM verified route_relative_difference 8.188988287646648e-15
simple caso30b.txt Flat-L2 verified route_relative_difference 1.0559736167553423e-14
simple caso30b.txt Role-Hybrid verified route_relative_difference 8.188988287646648e-15
simple caso30b.txt SA-Mat verified route_relative_difference 8.188988287646648e-15
simple caso30c.txt Base verified route_relative_difference 2.133515281711124e-16
simple caso30c.txt Flat-GM verified route_relative_difference 1.9120347070679696e-14
simple caso30c.txt Flat-L2 verified route_relative_difference 0.0
simple caso30c.txt Role-Hybrid verified route_relative_difference 1.9120347070679696e-14
simple caso30c.txt SA-Mat verified route_relative_difference 1.9120347070679696e-14
simple caso30d.txt Base verified route_relative_difference 1.716447119279627e-16
simple caso30d.txt Flat-GM verified route_relative_difference 2.4501547104190204e-14
simple caso30d.txt Flat-L2 verified route_relative_difference 5.845752213849998e-16
simple caso30d.txt Role-Hybrid verified route_relative_difference 2.4501547104190204e-14
simple caso30d.txt SA-Mat verified route_relative_difference 2.4501547104190204e-14
simple caso30e.txt Base verified route_relative_difference 2.1627980784088462e-16
simple caso30e.txt Flat-GM verified route_relative_difference 2.2956291028886753e-15
simple caso30e.txt Flat-L2 verified route_relative_difference 0.0
simple caso30e.txt Role-Hybrid verified route_relative_difference 2.2956291028886753e-15
simple caso30e.txt SA-Mat verified route_relative_difference 2.2956291028886753e-15
simple caso30f.txt Base verified route_relative_difference 0.0
simple caso30f.txt Flat-GM verified route_relative_difference 4.863138182066384e-14
simple caso30f.txt Flat-L2 verified route_relative_difference 4.3843141603874995e-16
simple caso30f.txt Role-Hybrid verified route_relative_difference 4.863138182066384e-14
simple caso30f.txt SA-Mat verified route_relative_difference 4.863138182066384e-14
simple caso31a.txt Base verified route_relative_difference 0.0
simple caso31a.txt Flat-GM verified route_relative_difference 6.951474026167931e-15
simple caso31a.txt Flat-L2 verified route_relative_difference 2.2338701484409585e-15
simple caso31a.txt Role-Hybrid verified route_relative_difference 6.951474026167931e-15
simple caso31a.txt SA-Mat verified route_relative_difference 6.951474026167931e-15
simple caso31b.txt Base verified route_relative_difference 0.0
simple caso31b.txt Flat-GM verified route_relative_difference 2.7775187673684192e-15
simple caso31b.txt Flat-L2 verified route_relative_difference 1.601353164536378e-16
simple caso31b.txt Role-Hybrid verified route_relative_difference 2.7775187673684192e-15
simple caso31b.txt SA-Mat verified route_relative_difference 2.7775187673684192e-15
simple caso31c.txt Base verified route_relative_difference 0.0
simple caso31c.txt Flat-GM verified route_relative_difference 4.253841259827379e-15
simple caso31c.txt Flat-L2 verified route_relative_difference 0.0
simple caso31c.txt Role-Hybrid verified route_relative_difference 4.253841259827379e-15
simple caso31c.txt SA-Mat verified route_relative_difference 4.253841259827379e-15
simple caso31d.txt Base verified route_relative_difference 2.9570227329343137e-15
simple caso31d.txt Flat-GM verified route_relative_difference 2.4284889203761115e-15
simple caso31d.txt Flat-L2 verified route_relative_difference 1.1808328960103525e-15
simple caso31d.txt Role-Hybrid verified route_relative_difference 2.4284889203761115e-15
simple caso31d.txt SA-Mat verified route_relative_difference 2.4284889203761115e-15
simple caso31e.txt Base verified route_relative_difference 3.680872087458124e-15
simple caso31e.txt Flat-GM verified route_relative_difference 9.536683905275431e-16
simple caso31e.txt Flat-L2 verified route_relative_difference 0.0
simple caso31e.txt Role-Hybrid verified route_relative_difference 9.536683905275431e-16
simple caso31e.txt SA-Mat verified route_relative_difference 9.536683905275431e-16
simple caso31f.txt Base verified route_relative_difference 2.1093762889518247e-16
simple caso31f.txt Flat-GM verified route_relative_difference 1.367486392941056e-14
simple caso31f.txt Flat-L2 verified route_relative_difference 0.0
simple caso31f.txt Role-Hybrid verified route_relative_difference 1.367486392941056e-14
simple caso31f.txt SA-Mat verified route_relative_difference 1.367486392941056e-14
simple caso32a.txt Base verified route_relative_difference 1.6845208081387074e-15
simple caso32a.txt Flat-GM verified route_relative_difference 3.0484456890425e-15
simple caso32a.txt Flat-L2 verified route_relative_difference 7.681082281809632e-16
simple caso32a.txt Role-Hybrid verified route_relative_difference 3.0484456890425e-15
simple caso32a.txt SA-Mat verified route_relative_difference 3.0484456890425e-15
simple caso32b.txt Base verified route_relative_difference 0.0
simple caso32b.txt Flat-GM verified route_relative_difference 5.740377047374742e-15
simple caso32b.txt Flat-L2 verified route_relative_difference 1.6387117958060996e-16
simple caso32b.txt Role-Hybrid verified route_relative_difference 5.740377047374742e-15
simple caso32b.txt SA-Mat verified route_relative_difference 5.740377047374742e-15
simple caso32c.txt Base verified route_relative_difference 2.1580155127807679e-16
simple caso32c.txt Flat-GM verified route_relative_difference 7.83146486073346e-15
simple caso32c.txt Flat-L2 verified route_relative_difference 1.229033840184555e-16
simple caso32c.txt Role-Hybrid verified route_relative_difference 7.83146486073346e-15
simple caso32c.txt SA-Mat verified route_relative_difference 7.83146486073346e-15
simple caso32d.txt Base verified route_relative_difference 2.1580146586201958e-16
simple caso32d.txt Flat-GM verified route_relative_difference 0.012331981729503718
simple caso32d.txt Flat-L2 verified route_relative_difference 2.458067694041705e-16
simple caso32d.txt Role-Hybrid verified route_relative_difference 0.012331981729503718
simple caso32d.txt SA-Mat verified route_relative_difference 0.012331981729503718
simple caso32e.txt Base verified route_relative_difference 6.37562428173424e-15
simple caso32e.txt Flat-GM verified route_relative_difference 2.3874653356595088e-15
simple caso32e.txt Flat-L2 verified route_relative_difference 6.021442353519619e-15
simple caso32e.txt Role-Hybrid verified route_relative_difference 2.3874653356595088e-15
simple caso32e.txt SA-Mat verified route_relative_difference 2.3874653356595088e-15
simple caso32f.txt Base verified route_relative_difference 2.1580146586201958e-16
simple caso32f.txt Flat-GM verified route_relative_difference 4.273338119580145e-15
simple caso32f.txt Flat-L2 verified route_relative_difference 2.458067694041705e-16
simple caso32f.txt Role-Hybrid verified route_relative_difference 4.273338119580145e-15
simple caso32f.txt SA-Mat verified route_relative_difference 4.273338119580145e-15
simple caso33a.txt Base verified route_relative_difference 0.0
simple caso33a.txt Flat-GM verified route_relative_difference 2.3859859452955376e-14
simple caso33a.txt Flat-L2 verified route_relative_difference 1.6007313806164723e-16
simple caso33a.txt Role-Hybrid verified route_relative_difference 2.3859859452955376e-14
simple caso33a.txt SA-Mat verified route_relative_difference 2.3859859452955376e-14
simple caso33b.txt Base verified route_relative_difference 0.0
simple caso33b.txt Flat-GM verified route_relative_difference 3.737123013929124e-15
simple caso33b.txt Flat-L2 verified route_relative_difference 1.658398903504949e-16
simple caso33b.txt Role-Hybrid verified route_relative_difference 3.737123013929124e-15
simple caso33b.txt SA-Mat verified route_relative_difference 3.737123013929124e-15
simple caso33c.txt Base verified route_relative_difference 2.1653992268446095e-16
simple caso33c.txt Flat-GM verified route_relative_difference 5.914870036891953e-15
simple caso33c.txt Flat-L2 verified route_relative_difference 1.243799177797531e-16
simple caso33c.txt Role-Hybrid verified route_relative_difference 5.914870036891953e-15
simple caso33c.txt SA-Mat verified route_relative_difference 5.914870036891953e-15
simple caso33d.txt Base verified route_relative_difference 2.1653992534130262e-16
simple caso33d.txt Flat-GM verified route_relative_difference 1.3192712315989801e-14
simple caso33d.txt Flat-L2 verified route_relative_difference 0.0
simple caso33d.txt Role-Hybrid verified route_relative_difference 1.3192712315989801e-14
simple caso33d.txt SA-Mat verified route_relative_difference 1.3192712315989801e-14
simple caso33e.txt Base verified route_relative_difference 0.0
simple caso33e.txt Flat-GM verified route_relative_difference 1.1142725534130946e-14
simple caso33e.txt Flat-L2 verified route_relative_difference 0.0
simple caso33e.txt Role-Hybrid verified route_relative_difference 1.1142725534130946e-14
simple caso33e.txt SA-Mat verified route_relative_difference 1.1142725534130946e-14
simple caso33f.txt Base verified route_relative_difference 0.0
simple caso33f.txt Flat-GM verified route_relative_difference 1.015579468915808e-15
simple caso33f.txt Flat-L2 verified route_relative_difference 1.5966763547194038e-15
simple caso33f.txt Role-Hybrid verified route_relative_difference 1.015579468915808e-15
simple caso33f.txt SA-Mat verified route_relative_difference 1.015579468915808e-15
simple caso34a.txt Base verified route_relative_difference 0.0
simple caso34a.txt Flat-GM verified route_relative_difference 1.7633680616754503e-14
simple caso34a.txt Flat-L2 verified route_relative_difference 0.0
simple caso34a.txt Role-Hybrid verified route_relative_difference 1.7633680616754503e-14
simple caso34a.txt SA-Mat verified route_relative_difference 1.7633680616754503e-14
simple caso34b.txt Base verified route_relative_difference 0.0
simple caso34b.txt Flat-GM verified route_relative_difference 2.427331874081212e-15
simple caso34b.txt Flat-L2 verified route_relative_difference 3.9940636738120463e-16
simple caso34b.txt Role-Hybrid verified route_relative_difference 2.427331874081212e-15
simple caso34b.txt SA-Mat verified route_relative_difference 2.427331874081212e-15
simple caso34c.txt Base verified route_relative_difference 0.0
simple caso34c.txt Flat-GM verified route_relative_difference 4.7547017863433365e-15
simple caso34c.txt Flat-L2 verified route_relative_difference 3.9940636738120463e-16
simple caso34c.txt Role-Hybrid verified route_relative_difference 4.7547017863433365e-15
simple caso34c.txt SA-Mat verified route_relative_difference 4.7547017863433365e-15
simple caso34d.txt Base verified route_relative_difference 1.8328042323555675e-16
simple caso34d.txt Flat-GM verified route_relative_difference 1.4196618047139594e-14
simple caso34d.txt Flat-L2 verified route_relative_difference 0.0
simple caso34d.txt Role-Hybrid verified route_relative_difference 1.4196618047139594e-14
simple caso34d.txt SA-Mat verified route_relative_difference 1.4196618047139594e-14
simple caso34e.txt Base verified route_relative_difference 0.0
simple caso34e.txt Flat-GM verified route_relative_difference 9.930758333916687e-15
simple caso34e.txt Flat-L2 verified route_relative_difference 0.0
simple caso34e.txt Role-Hybrid verified route_relative_difference 9.930758333916687e-15
simple caso34e.txt SA-Mat verified route_relative_difference 9.930758333916687e-15
simple caso34f.txt Base verified route_relative_difference 0.0
simple caso34f.txt Flat-GM verified route_relative_difference 8.086784568539702e-15
simple caso34f.txt Flat-L2 verified route_relative_difference 0.0
simple caso34f.txt Role-Hybrid verified route_relative_difference 8.086784568539702e-15
simple caso34f.txt SA-Mat verified route_relative_difference 8.086784568539702e-15
simple caso35a.txt Base verified route_relative_difference 0.0
simple caso35a.txt Flat-GM verified route_relative_difference 6.556560175967732e-16
simple caso35a.txt Flat-L2 verified route_relative_difference 3.4127475303345383e-15
simple caso35a.txt Role-Hybrid verified route_relative_difference 6.556560175967732e-16
simple caso35a.txt SA-Mat verified route_relative_difference 6.556560175967732e-16
simple caso35b.txt Base verified route_relative_difference 0.0
simple caso35b.txt Flat-GM verified route_relative_difference 5.615703528580394e-15
simple caso35b.txt Flat-L2 verified route_relative_difference 5.339648545831922e-15
simple caso35b.txt Role-Hybrid verified route_relative_difference 5.615703528580394e-15
simple caso35b.txt SA-Mat verified route_relative_difference 5.615703528580394e-15
simple caso35c.txt Base verified route_relative_difference 0.0
simple caso35c.txt Flat-GM verified route_relative_difference 1.9710817344748062e-14
simple caso35c.txt Flat-L2 verified route_relative_difference 8.727513727910441e-16
simple caso35c.txt Role-Hybrid verified route_relative_difference 1.9710817344748062e-14
simple caso35c.txt SA-Mat verified route_relative_difference 1.9710817344748062e-14
simple caso35d.txt Base verified route_relative_difference 0.0
simple caso35d.txt Flat-GM verified route_relative_difference 1.804896082513e-14
simple caso35d.txt Flat-L2 verified route_relative_difference 3.5415657197221226e-16
simple caso35d.txt Role-Hybrid verified route_relative_difference 1.804896082513e-14
simple caso35d.txt SA-Mat verified route_relative_difference 1.804896082513e-14
simple caso35e.txt Base verified route_relative_difference 0.0
simple caso35e.txt Flat-GM verified route_relative_difference 2.65185500103502e-15
simple caso35e.txt Flat-L2 verified route_relative_difference 0.0
simple caso35e.txt Role-Hybrid verified route_relative_difference 2.65185500103502e-15
simple caso35e.txt SA-Mat verified route_relative_difference 2.65185500103502e-15
simple caso35f.txt Base verified route_relative_difference 0.0
simple caso35f.txt Flat-GM verified route_relative_difference 1.695507869692516e-14
simple caso35f.txt Flat-L2 verified route_relative_difference 0.0
simple caso35f.txt Role-Hybrid verified route_relative_difference 1.695507869692516e-14
simple caso35f.txt SA-Mat verified route_relative_difference 1.695507869692516e-14
simple caso42a.txt Base verified route_relative_difference 2.705435821499736e-14
simple caso42a.txt Flat-GM verified route_relative_difference 1.528854076227528e-14
simple caso42a.txt Flat-L2 verified route_relative_difference 2.4933414501265875e-15
simple caso42a.txt Role-Hybrid verified route_relative_difference 1.528854076227528e-14
simple caso42a.txt SA-Mat verified route_relative_difference 1.528854076227528e-14
simple caso42b.txt Base verified route_relative_difference 2.957124612237599e-15
simple caso42b.txt Flat-GM verified route_relative_difference 3.1908704743151445e-14
simple caso42b.txt Flat-L2 verified route_relative_difference 4.0220604869925795e-15
simple caso42b.txt Role-Hybrid verified route_relative_difference 3.1908704743151445e-14
simple caso42b.txt SA-Mat verified route_relative_difference 3.1908704743151445e-14
simple caso42c.txt Base verified route_relative_difference 3.0233416757029974e-14
simple caso42c.txt Flat-GM verified route_relative_difference 7.780775634574904e-15
simple caso42c.txt Flat-L2 verified route_relative_difference 2.1397046795465777e-15
simple caso42c.txt Role-Hybrid verified route_relative_difference 7.780775634574904e-15
simple caso42c.txt SA-Mat verified route_relative_difference 7.780775634574904e-15
simple caso42d.txt Base verified route_relative_difference 1.145221497130814e-16
simple caso42d.txt Flat-GM verified route_relative_difference 4.084300552544103e-15
simple caso42d.txt Flat-L2 verified route_relative_difference 0.0
simple caso42d.txt Role-Hybrid verified route_relative_difference 4.084300552544103e-15
simple caso42d.txt SA-Mat verified route_relative_difference 4.084300552544103e-15
simple caso42e.txt Base verified route_relative_difference 1.145221497130814e-16
simple caso42e.txt Flat-GM verified route_relative_difference 1.0616250499979107e-14
simple caso42e.txt Flat-L2 verified route_relative_difference 0.0
simple caso42e.txt Role-Hybrid verified route_relative_difference 1.0616250499979107e-14
simple caso42e.txt SA-Mat verified route_relative_difference 1.0616250499979107e-14
simple caso42f.txt Base verified route_relative_difference 0.0
simple caso42f.txt Flat-GM verified route_relative_difference 1.4555474594941985e-14
simple caso42f.txt Flat-L2 verified route_relative_difference 1.5355276848284333e-16
simple caso42f.txt Role-Hybrid verified route_relative_difference 1.4555474594941985e-14
simple caso42f.txt SA-Mat verified route_relative_difference 1.4555474594941985e-14
simple caso43a.txt Base verified route_relative_difference 1.583368897107377e-14
simple caso43a.txt Flat-GM verified route_relative_difference 5.83210687914247e-16
simple caso43a.txt Flat-L2 verified route_relative_difference 1.3974477526190366e-14
simple caso43a.txt Role-Hybrid verified route_relative_difference 5.83210687914247e-16
simple caso43a.txt SA-Mat verified route_relative_difference 5.83210687914247e-16
simple caso43b.txt Base verified route_relative_difference 1.102103244485194e-14
simple caso43b.txt Flat-GM verified route_relative_difference 3.9201767047279095e-16
simple caso43b.txt Flat-L2 verified route_relative_difference 1.1894123465998602e-14
simple caso43b.txt Role-Hybrid verified route_relative_difference 3.9201767047279095e-16
simple caso43b.txt SA-Mat verified route_relative_difference 3.9201767047279095e-16
simple caso43c.txt Base verified route_relative_difference 0.16136105182708707
simple caso43c.txt Flat-GM verified route_relative_difference 4.471282348556785e-15
simple caso43c.txt Flat-L2 verified route_relative_difference 1.8456857132095764e-14
simple caso43c.txt Role-Hybrid verified route_relative_difference 4.471282348556785e-15
simple caso43c.txt SA-Mat verified route_relative_difference 4.471282348556785e-15
simple caso43d.txt Base verified route_relative_difference 1.5868016657866365e-16
simple caso43d.txt Flat-GM verified route_relative_difference 9.882147458485234e-15
simple caso43d.txt Flat-L2 verified route_relative_difference 2.2987759225662817e-16
simple caso43d.txt Role-Hybrid verified route_relative_difference 9.882147458485234e-15
simple caso43d.txt SA-Mat verified route_relative_difference 9.882147458485234e-15
simple caso43e.txt Base verified route_relative_difference 0.0
simple caso43e.txt Flat-GM verified route_relative_difference 2.904892985035649e-14
simple caso43e.txt Flat-L2 verified route_relative_difference 5.746939924824728e-16
simple caso43e.txt Role-Hybrid verified route_relative_difference 2.904892985035649e-14
simple caso43e.txt SA-Mat verified route_relative_difference 2.904892985035649e-14
simple caso43f.txt Base verified route_relative_difference 1.5868016657866365e-16
simple caso43f.txt Flat-GM verified route_relative_difference 2.0945999318722862e-14
simple caso43f.txt Flat-L2 verified route_relative_difference 2.2987759225662817e-16
simple caso43f.txt Role-Hybrid verified route_relative_difference 2.0945999318722862e-14
simple caso43f.txt SA-Mat verified route_relative_difference 2.0945999318722862e-14
simple caso44a.txt Base verified route_relative_difference 0.0
simple caso44a.txt Flat-GM verified route_relative_difference 3.6393781124997753e-14
simple caso44a.txt Flat-L2 verified route_relative_difference 2.266110276838871e-16
simple caso44a.txt Role-Hybrid verified route_relative_difference 3.6393781124997753e-14
simple caso44a.txt SA-Mat verified route_relative_difference 3.6393781124997753e-14
simple caso44b.txt Base verified route_relative_difference 0.0
simple caso44b.txt Flat-GM verified route_relative_difference 1.0054309616704492e-14
simple caso44b.txt Flat-L2 verified route_relative_difference 2.266110276838871e-16
simple caso44b.txt Role-Hybrid verified route_relative_difference 1.0054309616704492e-14
simple caso44b.txt SA-Mat verified route_relative_difference 1.0054309616704492e-14
simple caso44c.txt Base verified route_relative_difference 0.0
simple caso44c.txt Flat-GM verified route_relative_difference 3.61334103577581e-14
simple caso44c.txt Flat-L2 verified route_relative_difference 2.266110276838871e-16
simple caso44c.txt Role-Hybrid verified route_relative_difference 3.61334103577581e-14
simple caso44c.txt SA-Mat verified route_relative_difference 3.61334103577581e-14
simple caso44d.txt Base verified route_relative_difference 0.0
simple caso44d.txt Flat-GM verified route_relative_difference 9.323034309198845e-15
simple caso44d.txt Flat-L2 verified route_relative_difference 1.9683468376583092e-16
simple caso44d.txt Role-Hybrid verified route_relative_difference 9.323034309198845e-15
simple caso44d.txt SA-Mat verified route_relative_difference 9.323034309198845e-15
simple caso44e.txt Base verified route_relative_difference 0.0
simple caso44e.txt Flat-GM verified route_relative_difference 2.4945782647494143e-14
simple caso44e.txt Flat-L2 verified route_relative_difference 0.0
simple caso44e.txt Role-Hybrid verified route_relative_difference 2.4945782647494143e-14
simple caso44e.txt SA-Mat verified route_relative_difference 2.4945782647494143e-14
simple caso44f.txt Base verified route_relative_difference 0.0
simple caso44f.txt Flat-GM verified route_relative_difference 9.323034309198845e-15
simple caso44f.txt Flat-L2 verified route_relative_difference 1.9683468376583092e-16
simple caso44f.txt Role-Hybrid verified route_relative_difference 9.323034309198845e-15
simple caso44f.txt SA-Mat verified route_relative_difference 9.323034309198845e-15
simple caso45a.txt Base verified route_relative_difference 1.1738894515501527e-16
simple caso45a.txt Flat-GM verified route_relative_difference 3.7271835166371295e-14
simple caso45a.txt Flat-L2 verified route_relative_difference 4.052299154429297e-15
simple caso45a.txt Role-Hybrid verified route_relative_difference 3.7271835166371295e-14
simple caso45a.txt SA-Mat verified route_relative_difference 3.7271835166371295e-14
simple caso45b.txt Base verified route_relative_difference 1.7608343863033354e-16
simple caso45b.txt Flat-GM verified route_relative_difference 1.3035608823294519e-14
simple caso45b.txt Flat-L2 verified route_relative_difference 1.714162711155132e-16
simple caso45b.txt Role-Hybrid verified route_relative_difference 1.3035608823294519e-14
simple caso45b.txt SA-Mat verified route_relative_difference 1.3035608823294519e-14
simple caso45c.txt Base verified route_relative_difference 0.0
simple caso45c.txt Flat-GM verified route_relative_difference 8.538323119807969e-16
simple caso45c.txt Flat-L2 verified route_relative_difference 0.0
simple caso45c.txt Role-Hybrid verified route_relative_difference 8.538323119807969e-16
simple caso45c.txt SA-Mat verified route_relative_difference 8.538323119807969e-16
simple caso45d.txt Base verified route_relative_difference 0.0
simple caso45d.txt Flat-GM verified route_relative_difference 4.181721056397761e-14
simple caso45d.txt Flat-L2 verified route_relative_difference 0.0
simple caso45d.txt Role-Hybrid verified route_relative_difference 4.181721056397761e-14
simple caso45d.txt SA-Mat verified route_relative_difference 4.181721056397761e-14
simple caso45e.txt Base verified route_relative_difference 0.0
simple caso45e.txt Flat-GM verified route_relative_difference 2.2786185415102697e-14
simple caso45e.txt Flat-L2 verified route_relative_difference 0.0
simple caso45e.txt Role-Hybrid verified route_relative_difference 2.2786185415102697e-14
simple caso45e.txt SA-Mat verified route_relative_difference 2.2786185415102697e-14
simple caso45f.txt Base verified route_relative_difference 0.0
simple caso45f.txt Flat-GM verified route_relative_difference 4.181721056397761e-14
simple caso45f.txt Flat-L2 verified route_relative_difference 0.0
simple caso45f.txt Role-Hybrid verified route_relative_difference 4.181721056397761e-14
simple caso45f.txt SA-Mat verified route_relative_difference 4.181721056397761e-14
simple caso46a.txt Base verified route_relative_difference 2.7907956533504557e-16
simple caso46a.txt Flat-GM verified route_relative_difference 1.5052077292170206e-14
simple caso46a.txt Flat-L2 verified route_relative_difference 1.395402602742469e-16
simple caso46a.txt Role-Hybrid verified route_relative_difference 1.5052077292170206e-14
simple caso46a.txt SA-Mat verified route_relative_difference 1.5052077292170206e-14
simple caso46b.txt Base verified route_relative_difference 1.80725246873821e-16
simple caso46b.txt Flat-GM verified route_relative_difference 7.32711994164753e-16
simple caso46b.txt Flat-L2 verified route_relative_difference 0.0
simple caso46b.txt Role-Hybrid verified route_relative_difference 7.32711994164753e-16
simple caso46b.txt SA-Mat verified route_relative_difference 7.32711994164753e-16
simple caso46c.txt Base verified route_relative_difference 1.557884514054865e-16
simple caso46c.txt Flat-GM verified route_relative_difference 2.5156601514891346e-15
simple caso46c.txt Flat-L2 verified route_relative_difference 1.233970608428689e-16
simple caso46c.txt Role-Hybrid verified route_relative_difference 2.5156601514891346e-15
simple caso46c.txt SA-Mat verified route_relative_difference 2.5156601514891346e-15
simple caso46d.txt Base verified route_relative_difference 0.0
simple caso46d.txt Flat-GM verified route_relative_difference 2.8580343955257884e-14
simple caso46d.txt Flat-L2 verified route_relative_difference 3.803095210345945e-15
simple caso46d.txt Role-Hybrid verified route_relative_difference 2.8580343955257884e-14
simple caso46d.txt SA-Mat verified route_relative_difference 2.8580343955257884e-14
simple caso46e.txt Base verified route_relative_difference 0.0
simple caso46e.txt Flat-GM verified route_relative_difference 5.0875344929396594e-15
simple caso46e.txt Flat-L2 verified route_relative_difference 0.0
simple caso46e.txt Role-Hybrid verified route_relative_difference 5.0875344929396594e-15
simple caso46e.txt SA-Mat verified route_relative_difference 5.0875344929396594e-15
simple caso46f.txt Base verified route_relative_difference 0.0
simple caso46f.txt Flat-GM verified route_relative_difference 8.513129933326697e-16
simple caso46f.txt Flat-L2 verified route_relative_difference 0.0
simple caso46f.txt Role-Hybrid verified route_relative_difference 8.513129933326697e-16
simple caso46f.txt SA-Mat verified route_relative_difference 8.513129933326697e-16
simple caso47a.txt Base verified route_relative_difference 0.0
simple caso47a.txt Flat-GM verified route_relative_difference 1.8977243470083017e-14
simple caso47a.txt Flat-L2 verified route_relative_difference 1.1452245725583316e-16
simple caso47a.txt Role-Hybrid verified route_relative_difference 1.8977243470083017e-14
simple caso47a.txt SA-Mat verified route_relative_difference 1.8977243470083017e-14
simple caso47b.txt Base verified route_relative_difference 1.5684550754942042e-14
simple caso47b.txt Flat-GM verified route_relative_difference 5.265236460211084e-15
simple caso47b.txt Flat-L2 verified route_relative_difference 0.0
simple caso47b.txt Role-Hybrid verified route_relative_difference 5.265236460211084e-15
simple caso47b.txt SA-Mat verified route_relative_difference 5.265236460211084e-15
simple caso47c.txt Base verified route_relative_difference 0.0
simple caso47c.txt Flat-GM verified route_relative_difference 4.957597794368246e-15
simple caso47c.txt Flat-L2 verified route_relative_difference 0.0
simple caso47c.txt Role-Hybrid verified route_relative_difference 4.957597794368246e-15
simple caso47c.txt SA-Mat verified route_relative_difference 4.957597794368246e-15
simple caso47d.txt Base verified route_relative_difference 1.4061585143149497e-16
simple caso47d.txt Flat-GM verified route_relative_difference 7.681187940236879e-14
simple caso47d.txt Flat-L2 verified route_relative_difference 4.2184784107754084e-16
simple caso47d.txt Role-Hybrid verified route_relative_difference 7.681187940236879e-14
simple caso47d.txt SA-Mat verified route_relative_difference 7.681187940236879e-14
simple caso47e.txt Base verified route_relative_difference 3.844419087130069e-15
simple caso47e.txt Flat-GM verified route_relative_difference 3.4149845171876043e-14
simple caso47e.txt Flat-L2 verified route_relative_difference 1.1785678351879434e-14
simple caso47e.txt Role-Hybrid verified route_relative_difference 3.4149845171876043e-14
simple caso47e.txt SA-Mat verified route_relative_difference 3.4149845171876043e-14
simple caso47f.txt Base verified route_relative_difference 1.4061585143149497e-16
simple caso47f.txt Flat-GM verified route_relative_difference 4.682790735176429e-16
simple caso47f.txt Flat-L2 verified route_relative_difference 1.7599676953333264e-15
simple caso47f.txt Role-Hybrid verified route_relative_difference 4.682790735176429e-16
simple caso47f.txt SA-Mat verified route_relative_difference 4.682790735176429e-16
simple caso48a.txt Base verified route_relative_difference 0.0
simple caso48a.txt Flat-GM verified route_relative_difference 1.725316092633871e-14
simple caso48a.txt Flat-L2 verified route_relative_difference 0.0
simple caso48a.txt Role-Hybrid verified route_relative_difference 1.725316092633871e-14
simple caso48a.txt SA-Mat verified route_relative_difference 1.725316092633871e-14
simple caso48b.txt Base verified route_relative_difference 1.890426451453167e-14
simple caso48b.txt Flat-GM verified route_relative_difference 8.022273967932701e-15
simple caso48b.txt Flat-L2 verified route_relative_difference 0.0
simple caso48b.txt Role-Hybrid verified route_relative_difference 8.022273967932701e-15
simple caso48b.txt SA-Mat verified route_relative_difference 8.022273967932701e-15
simple caso48c.txt Base verified route_relative_difference 0.0
simple caso48c.txt Flat-GM verified route_relative_difference 0.22599843264173008
simple caso48c.txt Flat-L2 verified route_relative_difference 0.0
simple caso48c.txt Role-Hybrid verified route_relative_difference 0.22599843264173008
simple caso48c.txt SA-Mat verified route_relative_difference 0.22599843264173008
simple caso48d.txt Base verified route_relative_difference 0.0
simple caso48d.txt Flat-GM verified route_relative_difference 8.67958699696969e-15
simple caso48d.txt Flat-L2 verified route_relative_difference 0.0
simple caso48d.txt Role-Hybrid verified route_relative_difference 8.67958699696969e-15
simple caso48d.txt SA-Mat verified route_relative_difference 8.67958699696969e-15
simple caso48e.txt Base verified route_relative_difference 1.7613872095954982e-16
simple caso48e.txt Flat-GM verified route_relative_difference 2.645995009242977e-15
simple caso48e.txt Flat-L2 verified route_relative_difference 0.0
simple caso48e.txt Role-Hybrid verified route_relative_difference 2.645995009242977e-15
simple caso48e.txt SA-Mat verified route_relative_difference 2.645995009242977e-15
simple caso48f.txt Base verified route_relative_difference 0.0
simple caso48f.txt Flat-GM verified route_relative_difference 2.2776394816825935e-15
simple caso48f.txt Flat-L2 verified route_relative_difference 1.7328185187562268e-15
simple caso48f.txt Role-Hybrid verified route_relative_difference 2.2776394816825935e-15
simple caso48f.txt SA-Mat verified route_relative_difference 2.2776394816825935e-15
full instance001.txt Base verified route_relative_difference 0.0
full instance001.txt Flat-GM verified route_relative_difference 2.082487500777193e-14
full instance001.txt Flat-L2 verified route_relative_difference 0.0
full instance001.txt Role-Hybrid verified route_relative_difference 2.082487500777193e-14
full instance001.txt SA-Mat verified route_relative_difference 2.082487500777193e-14
full instance002.txt Base verified route_relative_difference 0.0
full instance002.txt Flat-GM verified route_relative_difference 3.1463818426401073e-15
full instance002.txt Flat-L2 verified route_relative_difference 4.793718669408161e-15
full instance002.txt Role-Hybrid verified route_relative_difference 3.1463818426401073e-15
full instance002.txt SA-Mat verified route_relative_difference 3.1463818426401073e-15
full instance003.txt Base verified route_relative_difference 0.0
full instance003.txt Flat-GM verified route_relative_difference 1.0736143562816986e-14
full instance003.txt Flat-L2 verified route_relative_difference 1.8575231049306673e-14
full instance003.txt Role-Hybrid verified route_relative_difference 1.0736143562816986e-14
full instance003.txt SA-Mat verified route_relative_difference 1.0736143562816986e-14
full instance004.txt Base verified route_relative_difference 0.0
full instance004.txt Flat-GM verified route_relative_difference 2.7231339987431483e-14
full instance004.txt Flat-L2 verified route_relative_difference 2.1653029809402127e-15
full instance004.txt Role-Hybrid verified route_relative_difference 2.7231339987431483e-14
full instance004.txt SA-Mat verified route_relative_difference 2.7231339987431483e-14
full instance005.txt Base verified route_relative_difference 0.0
full instance005.txt Flat-GM verified route_relative_difference 4.318902585977243e-14
full instance005.txt Flat-L2 verified route_relative_difference 0.0
full instance005.txt Role-Hybrid verified route_relative_difference 4.318902585977243e-14
full instance005.txt SA-Mat verified route_relative_difference 4.318902585977243e-14
full instance009.txt Base verified route_relative_difference 1.6587386444614945e-16
full instance009.txt Flat-GM verified route_relative_difference 2.2252495854533783e-14
full instance009.txt Flat-L2 verified route_relative_difference 1.2851958151260998e-14
full instance009.txt Role-Hybrid verified route_relative_difference 2.2252495854533783e-14
full instance009.txt SA-Mat verified route_relative_difference 2.2252495854533783e-14
full instance010.txt Base verified route_relative_difference 0.0
full instance010.txt Flat-GM verified route_relative_difference 1.8145598764209085e-14
full instance010.txt Flat-L2 verified route_relative_difference 0.0
full instance010.txt Role-Hybrid verified route_relative_difference 1.8030020665511587e-14
full instance010.txt SA-Mat verified route_relative_difference 1.8030020665511587e-14
full instance011.txt Base verified route_relative_difference 0.0
full instance011.txt Flat-GM verified route_relative_difference 1.5384355858964233e-14
full instance011.txt Flat-L2 verified route_relative_difference 0.0
full instance011.txt Role-Hybrid verified route_relative_difference 1.5384355858964233e-14
full instance011.txt SA-Mat verified route_relative_difference 1.5384355858964233e-14
full instance012.txt Base verified route_relative_difference 4.323735354634739e-16
full instance012.txt Flat-GM verified route_relative_difference 5.747234012425918e-15
full instance012.txt Flat-L2 verified route_relative_difference 6.2791188079891056e-15
full instance012.txt Role-Hybrid verified route_relative_difference 5.747234012425918e-15
full instance012.txt SA-Mat verified route_relative_difference 5.747234012425918e-15
full instance014.txt Base verified route_relative_difference 2.54226739515567e-15
full instance014.txt Flat-GM verified route_relative_difference 3.17484227732204e-15
full instance014.txt Flat-L2 verified route_relative_difference 2.542528315871993e-15
full instance014.txt Role-Hybrid verified route_relative_difference 3.17484227732204e-15
full instance014.txt SA-Mat verified route_relative_difference 3.17484227732204e-15
full instance019.txt Base verified route_relative_difference 6.829058114407597e-15
full instance019.txt Flat-GM verified route_relative_difference 2.0237096647263828e-14
full instance019.txt Flat-L2 verified route_relative_difference 0.1462848623390943
full instance019.txt Role-Hybrid verified route_relative_difference 2.0237096647263828e-14
full instance019.txt SA-Mat verified route_relative_difference 2.0237096647263828e-14
full instance020.txt Base verified route_relative_difference 1.167399639305055e-14
full instance020.txt Flat-GM verified route_relative_difference 8.092594314792854e-16
full instance020.txt Flat-L2 verified route_relative_difference 1.5335362130611028e-14
full instance020.txt Role-Hybrid verified route_relative_difference 8.092594314792854e-16
full instance020.txt SA-Mat verified route_relative_difference 8.092594314792854e-16
full instance021.txt Base verified route_relative_difference 1.435962589260074e-16
full instance021.txt Flat-GM verified route_relative_difference 9.036249868623193e-16
full instance021.txt Flat-L2 verified route_relative_difference 7.0703809984176556e-15
full instance021.txt Role-Hybrid verified route_relative_difference 9.036249868623193e-16
full instance021.txt SA-Mat verified route_relative_difference 9.036249868623193e-16
full instance022.txt Base verified route_relative_difference 1.3992667497584096e-16
full instance022.txt Flat-GM verified route_relative_difference 9.708707390035896e-15
full instance022.txt Flat-L2 verified route_relative_difference 2.0978137322725262e-16
full instance022.txt Role-Hybrid verified route_relative_difference 9.708707390035896e-15
full instance022.txt SA-Mat verified route_relative_difference 9.708707390035896e-15
full instance023.txt Base verified route_relative_difference 0.0
full instance023.txt Flat-GM verified route_relative_difference 7.777446084051635e-15
full instance023.txt Flat-L2 verified route_relative_difference 0.0
full instance023.txt Role-Hybrid verified route_relative_difference 7.777446084051635e-15
full instance023.txt SA-Mat verified route_relative_difference 7.777446084051635e-15
full instance024.txt Base verified route_relative_difference 7.168110112848939e-14
full instance024.txt Flat-GM verified route_relative_difference 4.650096947027909e-14
full instance024.txt Flat-L2 verified route_relative_difference 2.8198322318018686e-14
full instance024.txt Role-Hybrid verified route_relative_difference 4.650096947027909e-14
full instance024.txt SA-Mat verified route_relative_difference 4.650096947027909e-14
full instance025.txt Base verified route_relative_difference 0.0
full instance025.txt Flat-GM verified route_relative_difference 1.8684692689212443e-16
full instance025.txt Flat-L2 verified route_relative_difference 0.0
full instance025.txt Role-Hybrid verified route_relative_difference 1.8684692689212443e-16
full instance025.txt SA-Mat verified route_relative_difference 1.8684692689212443e-16
full instance026.txt Base verified route_relative_difference 0.0
full instance026.txt Flat-GM verified route_relative_difference 1.3928654909901873e-14
full instance026.txt Flat-L2 verified route_relative_difference 1.231369771274417e-14
full instance026.txt Role-Hybrid verified route_relative_difference 1.3928654909901873e-14
full instance026.txt SA-Mat verified route_relative_difference 1.3928654909901873e-14
full instance027.txt Base verified route_relative_difference 0.0
full instance027.txt Flat-GM verified route_relative_difference 4.3997042051341495e-14
full instance027.txt Flat-L2 verified route_relative_difference 0.003674423427861117
full instance027.txt Role-Hybrid verified route_relative_difference 4.3997042051341495e-14
full instance027.txt SA-Mat verified route_relative_difference 4.3997042051341495e-14
full instance028.txt Base verified route_relative_difference 0.0
full instance028.txt Flat-GM verified route_relative_difference 4.092941634107521e-14
full instance028.txt Flat-L2 verified route_relative_difference 0.0
full instance028.txt Role-Hybrid verified route_relative_difference 4.092941634107521e-14
full instance028.txt SA-Mat verified route_relative_difference 4.092941634107521e-14
full instance029.txt Base verified route_relative_difference 0.0
full instance029.txt Flat-GM verified route_relative_difference 1.902894087581799e-15
full instance029.txt Flat-L2 verified route_relative_difference 9.10971215149383e-15
full instance029.txt Role-Hybrid verified route_relative_difference 1.902894087581799e-15
full instance029.txt SA-Mat verified route_relative_difference 1.902894087581799e-15
full instance030.txt Base verified route_relative_difference 0.0
full instance030.txt Flat-GM verified route_relative_difference 2.346784514802712e-14
full instance030.txt Flat-L2 verified route_relative_difference 0.0022313791692121997
full instance030.txt Role-Hybrid verified route_relative_difference 2.346784514802712e-14
full instance030.txt SA-Mat verified route_relative_difference 2.346784514802712e-14
full instance031.txt Base verified route_relative_difference 0.0
full instance031.txt Flat-GM verified route_relative_difference 1.587628542300297e-14
full instance031.txt Flat-L2 verified route_relative_difference 0.0
full instance031.txt Role-Hybrid verified route_relative_difference 1.587628542300297e-14
full instance031.txt SA-Mat verified route_relative_difference 1.587628542300297e-14
full instance032.txt Base verified route_relative_difference 0.0
full instance032.txt Flat-GM verified route_relative_difference 2.831395401419099e-15
full instance032.txt Flat-L2 verified route_relative_difference 1.5967984609591702e-16
full instance032.txt Role-Hybrid verified route_relative_difference 2.831395401419099e-15
full instance032.txt SA-Mat verified route_relative_difference 2.831395401419099e-15
full instance033.txt Base verified route_relative_difference 0.0
full instance033.txt Flat-GM verified route_relative_difference 4.0667377581580285e-14
full instance033.txt Flat-L2 verified route_relative_difference 0.0
full instance033.txt Role-Hybrid verified route_relative_difference 4.0667377581580285e-14
full instance033.txt SA-Mat verified route_relative_difference 4.0667377581580285e-14
full instance034.txt Base verified route_relative_difference 0.0
full instance034.txt Flat-GM verified route_relative_difference 1.5280027413002003e-14
full instance034.txt Flat-L2 verified route_relative_difference 0.0
full instance034.txt Role-Hybrid verified route_relative_difference 1.5280027413002003e-14
full instance034.txt SA-Mat verified route_relative_difference 1.5280027413002003e-14
full instance035.txt Base verified route_relative_difference 0.0
full instance035.txt Flat-GM verified route_relative_difference 2.035151008149803e-14
full instance035.txt Flat-L2 verified route_relative_difference 0.0
full instance035.txt Role-Hybrid verified route_relative_difference 2.035151008149803e-14
full instance035.txt SA-Mat verified route_relative_difference 2.035151008149803e-14
full instance042.txt Base verified route_relative_difference 1.8497186999065078e-16
full instance042.txt Flat-GM verified route_relative_difference 1.7790791067731082e-14
full instance042.txt Flat-L2 verified route_relative_difference 0.0015155810886558663
full instance042.txt Role-Hybrid verified route_relative_difference 1.7790791067731082e-14
full instance042.txt SA-Mat verified route_relative_difference 1.7790791067731082e-14
full instance043.txt Base verified route_relative_difference 0.0
full instance043.txt Flat-GM verified route_relative_difference 1.294020274322726e-14
full instance043.txt Flat-L2 verified route_relative_difference 4.3881584948276364e-15
full instance043.txt Role-Hybrid verified route_relative_difference 1.294020274322726e-14
full instance043.txt SA-Mat verified route_relative_difference 1.294020274322726e-14
full instance044.txt Base verified route_relative_difference 1.7374133093929505e-16
full instance044.txt Flat-GM verified route_relative_difference 4.0963362016730424e-14
full instance044.txt Flat-L2 verified route_relative_difference 0.0
full instance044.txt Role-Hybrid verified route_relative_difference 4.0963362016730424e-14
full instance044.txt SA-Mat verified route_relative_difference 4.0963362016730424e-14
full instance045.txt Base verified route_relative_difference 0.0
full instance045.txt Flat-GM verified route_relative_difference 3.2570358809765175e-14
full instance045.txt Flat-L2 verified route_relative_difference 1.0214898817699857e-14
full instance045.txt Role-Hybrid verified route_relative_difference 3.2570358809765175e-14
full instance045.txt SA-Mat verified route_relative_difference 3.2570358809765175e-14
full instance046.txt Base verified route_relative_difference 1.3992667497584096e-16
full instance046.txt Flat-GM verified route_relative_difference 1.1256759740892768e-14
full instance046.txt Flat-L2 verified route_relative_difference 1.82719352075525e-14
full instance046.txt Role-Hybrid verified route_relative_difference 1.1256759740892768e-14
full instance046.txt SA-Mat verified route_relative_difference 1.1256759740892768e-14
full instance047.txt Base verified route_relative_difference 0.0
full instance047.txt Flat-GM verified route_relative_difference 5.671506532056987e-15
full instance047.txt Flat-L2 verified route_relative_difference 9.749733083239203e-15
full instance047.txt Role-Hybrid verified route_relative_difference 5.671506532056987e-15
full instance047.txt SA-Mat verified route_relative_difference 5.671506532056987e-15
full instance048.txt Base verified route_relative_difference 0.0
full instance048.txt Flat-GM verified route_relative_difference 1.8998618744194765e-14
full instance048.txt Flat-L2 verified route_relative_difference 2.494037692177877e-13
full instance048.txt Role-Hybrid verified route_relative_difference 1.8998618744194765e-14
full instance048.txt SA-Mat verified route_relative_difference 1.8998618744194765e-14
sgtm instance001.txt Base verified route_relative_difference 0.0
sgtm instance001.txt Flat-GM verified route_relative_difference 1.7429811505061998e-14
sgtm instance001.txt Flat-L2 verified route_relative_difference 0.0
sgtm instance001.txt Role-Hybrid verified route_relative_difference 1.7429811505061998e-14
sgtm instance001.txt SA-Mat verified route_relative_difference 1.7429811505061998e-14
sgtm instance002.txt Base verified route_relative_difference 0.0
sgtm instance002.txt Flat-GM verified route_relative_difference 1.3803155738031032e-14
sgtm instance002.txt Flat-L2 verified route_relative_difference 0.0
sgtm instance002.txt Role-Hybrid verified route_relative_difference 1.3803155738031032e-14
sgtm instance002.txt SA-Mat verified route_relative_difference 1.3803155738031032e-14
sgtm instance003.txt Base verified route_relative_difference 2.8184382368063133e-16
sgtm instance003.txt Flat-GM verified route_relative_difference 2.7342717222747227e-14
sgtm instance003.txt Flat-L2 verified route_relative_difference 1.8164429616462873e-16
sgtm instance003.txt Role-Hybrid verified route_relative_difference 2.7342717222747227e-14
sgtm instance003.txt SA-Mat verified route_relative_difference 2.7342717222747227e-14
sgtm instance004.txt Base verified route_relative_difference 0.0
sgtm instance004.txt Flat-GM verified route_relative_difference 8.128283295777337e-14
sgtm instance004.txt Flat-L2 verified route_relative_difference 0.0
sgtm instance004.txt Role-Hybrid verified route_relative_difference 8.128283295777337e-14
sgtm instance004.txt SA-Mat verified route_relative_difference 8.128283295777337e-14
sgtm instance005.txt Base verified route_relative_difference 0.0
sgtm instance005.txt Flat-GM verified route_relative_difference 5.9035805883068184e-15
sgtm instance005.txt Flat-L2 verified route_relative_difference 0.0
sgtm instance005.txt Role-Hybrid verified route_relative_difference 5.9035805883068184e-15
sgtm instance005.txt SA-Mat verified route_relative_difference 5.9035805883068184e-15
sgtm instance009.txt Base verified route_relative_difference 0.0
sgtm instance009.txt Flat-GM verified route_relative_difference 6.079932666591982e-15
sgtm instance009.txt Flat-L2 verified route_relative_difference 0.0
sgtm instance009.txt Role-Hybrid verified route_relative_difference 6.079932666591982e-15
sgtm instance009.txt SA-Mat verified route_relative_difference 6.079932666591982e-15
sgtm instance010.txt Base verified route_relative_difference 0.0
sgtm instance010.txt Flat-GM verified route_relative_difference 1.382609265957504e-14
sgtm instance010.txt Flat-L2 verified route_relative_difference 2.3902216830472726e-16
sgtm instance010.txt Role-Hybrid verified route_relative_difference 1.382609265957504e-14
sgtm instance010.txt SA-Mat verified route_relative_difference 1.382609265957504e-14
sgtm instance011.txt Base verified route_relative_difference 1.9623715988242874e-16
sgtm instance011.txt Flat-GM verified route_relative_difference 1.9418899501404144e-14
sgtm instance011.txt Flat-L2 verified route_relative_difference 1.298832074855669e-16
sgtm instance011.txt Role-Hybrid verified route_relative_difference 1.9418899501404144e-14
sgtm instance011.txt SA-Mat verified route_relative_difference 1.9418899501404144e-14
sgtm instance012.txt Base verified route_relative_difference 0.0
sgtm instance012.txt Flat-GM verified route_relative_difference 9.498737921338963e-15
sgtm instance012.txt Flat-L2 verified route_relative_difference 2.1502850218216145e-16
sgtm instance012.txt Role-Hybrid verified route_relative_difference 9.498737921338963e-15
sgtm instance012.txt SA-Mat verified route_relative_difference 9.498737921338963e-15
sgtm instance014.txt Base verified route_relative_difference 0.0
sgtm instance014.txt Flat-GM verified route_relative_difference 5.072216206260171e-14
sgtm instance014.txt Flat-L2 verified route_relative_difference 0.0
sgtm instance014.txt Role-Hybrid verified route_relative_difference 5.072216206260171e-14
sgtm instance014.txt SA-Mat verified route_relative_difference 5.072216206260171e-14
sgtm instance019.txt Base verified route_relative_difference 3.634913818734562e-15
sgtm instance019.txt Flat-GM verified route_relative_difference 5.206154197163477e-15
sgtm instance019.txt Flat-L2 verified route_relative_difference 3.296929770093689e-15
sgtm instance019.txt Role-Hybrid verified route_relative_difference 5.354704885176381e-15
sgtm instance019.txt SA-Mat verified route_relative_difference 5.354704885176381e-15
sgtm instance020.txt Base verified route_relative_difference 1.3336341984006855e-15
sgtm instance020.txt Flat-GM verified route_relative_difference 3.0385812744323136e-16
sgtm instance020.txt Flat-L2 verified route_relative_difference 4.536111693754094e-16
sgtm instance020.txt Role-Hybrid verified route_relative_difference 4.1670442014115077e-16
sgtm instance020.txt SA-Mat verified route_relative_difference 4.1670442014115077e-16
sgtm instance021.txt Base verified route_relative_difference 5.980186232319531e-16
sgtm instance021.txt Flat-GM verified route_relative_difference 5.704684071978203e-14
sgtm instance021.txt Flat-L2 verified route_relative_difference 4.760158317124165e-16
sgtm instance021.txt Role-Hybrid verified route_relative_difference 5.704684071978203e-14
sgtm instance021.txt SA-Mat verified route_relative_difference 5.704684071978203e-14
sgtm instance022.txt Base verified route_relative_difference 0.0
sgtm instance022.txt Flat-GM verified route_relative_difference 3.093968335812945e-14
sgtm instance022.txt Flat-L2 verified route_relative_difference 2.776033026335159e-16
sgtm instance022.txt Role-Hybrid verified route_relative_difference 3.093968335812945e-14
sgtm instance022.txt SA-Mat verified route_relative_difference 3.093968335812945e-14
sgtm instance023.txt Base verified route_relative_difference 0.0
sgtm instance023.txt Flat-GM verified route_relative_difference 3.253073534081102e-15
sgtm instance023.txt Flat-L2 verified route_relative_difference 0.0
sgtm instance023.txt Role-Hybrid verified route_relative_difference 3.253073534081102e-15
sgtm instance023.txt SA-Mat verified route_relative_difference 3.253073534081102e-15
sgtm instance024.txt Base verified route_relative_difference 0.0
sgtm instance024.txt Flat-GM verified route_relative_difference 3.892574022061681e-14
sgtm instance024.txt Flat-L2 verified route_relative_difference 2.1614841583808697e-16
sgtm instance024.txt Role-Hybrid verified route_relative_difference 3.892574022061681e-14
sgtm instance024.txt SA-Mat verified route_relative_difference 3.892574022061681e-14
sgtm instance025.txt Base verified route_relative_difference 0.0
sgtm instance025.txt Flat-GM verified route_relative_difference 5.2840656309356506e-14
sgtm instance025.txt Flat-L2 verified route_relative_difference 1.9079796882912093e-16
sgtm instance025.txt Role-Hybrid verified route_relative_difference 5.2840656309356506e-14
sgtm instance025.txt SA-Mat verified route_relative_difference 5.2840656309356506e-14
sgtm instance026.txt Base verified route_relative_difference 0.0
sgtm instance026.txt Flat-GM verified route_relative_difference 1.053998562859175e-13
sgtm instance026.txt Flat-L2 verified route_relative_difference 0.0
sgtm instance026.txt Role-Hybrid verified route_relative_difference 1.053998562859175e-13
sgtm instance026.txt SA-Mat verified route_relative_difference 1.053998562859175e-13
sgtm instance027.txt Base verified route_relative_difference 2.8184382368063133e-16
sgtm instance027.txt Flat-GM verified route_relative_difference 1.7360458028001376e-14
sgtm instance027.txt Flat-L2 verified route_relative_difference 1.8164429616462873e-16
sgtm instance027.txt Role-Hybrid verified route_relative_difference 1.7360458028001376e-14
sgtm instance027.txt SA-Mat verified route_relative_difference 1.7360458028001376e-14
sgtm instance028.txt Base verified route_relative_difference 2.87286816319949e-14
sgtm instance028.txt Flat-GM verified route_relative_difference 3.829736403281871e-14
sgtm instance028.txt Flat-L2 verified route_relative_difference 1.9321485873140183e-14
sgtm instance028.txt Role-Hybrid verified route_relative_difference 3.836965874848555e-14
sgtm instance028.txt SA-Mat verified route_relative_difference 3.836965874848555e-14
sgtm instance029.txt Base verified route_relative_difference 2.1858144486710892e-16
sgtm instance029.txt Flat-GM verified route_relative_difference 5.8230291011711875e-15
sgtm instance029.txt Flat-L2 verified route_relative_difference 1.439860056089574e-16
sgtm instance029.txt Role-Hybrid verified route_relative_difference 5.8230291011711875e-15
sgtm instance029.txt SA-Mat verified route_relative_difference 5.8230291011711875e-15
sgtm instance030.txt Base verified route_relative_difference 0.0
sgtm instance030.txt Flat-GM verified route_relative_difference 7.45024970259045e-14
sgtm instance030.txt Flat-L2 verified route_relative_difference 2.448837739432109e-16
sgtm instance030.txt Role-Hybrid verified route_relative_difference 7.45024970259045e-14
sgtm instance030.txt SA-Mat verified route_relative_difference 7.45024970259045e-14
sgtm instance031.txt Base verified route_relative_difference 2.2867588983325443e-14
sgtm instance031.txt Flat-GM verified route_relative_difference 3.5033338850573975e-14
sgtm instance031.txt Flat-L2 verified route_relative_difference 1.6769404445713682e-14
sgtm instance031.txt Role-Hybrid verified route_relative_difference 3.5059104578935553e-14
sgtm instance031.txt SA-Mat verified route_relative_difference 3.5059104578935553e-14
sgtm instance032.txt Base verified route_relative_difference 1.2314188931708539e-14
sgtm instance032.txt Flat-GM verified route_relative_difference 3.41575684740272e-14
sgtm instance032.txt Flat-L2 verified route_relative_difference 1.6599483578668127e-14
sgtm instance032.txt Role-Hybrid verified route_relative_difference 3.408174454602482e-14
sgtm instance032.txt SA-Mat verified route_relative_difference 3.408174454602482e-14
sgtm instance033.txt Base verified route_relative_difference 1.6018864017206057e-16
sgtm instance033.txt Flat-GM verified route_relative_difference 1.4597051069151743e-16
sgtm instance033.txt Flat-L2 verified route_relative_difference 3.451490956324671e-15
sgtm instance033.txt Role-Hybrid verified route_relative_difference 2.0018078017933023e-16
sgtm instance033.txt SA-Mat verified route_relative_difference 2.0018078017933023e-16
sgtm instance034.txt Base verified route_relative_difference 2.4216603833196494e-14
sgtm instance034.txt Flat-GM verified route_relative_difference 4.768808335330542e-14
sgtm instance034.txt Flat-L2 verified route_relative_difference 1.1152159302410325e-14
sgtm instance034.txt Role-Hybrid verified route_relative_difference 4.757523032574167e-14
sgtm instance034.txt SA-Mat verified route_relative_difference 4.757523032574167e-14
sgtm instance035.txt Base verified route_relative_difference 1.9623715988242874e-16
sgtm instance035.txt Flat-GM verified route_relative_difference 3.798691177638508e-14
sgtm instance035.txt Flat-L2 verified route_relative_difference 1.298832074855669e-16
sgtm instance035.txt Role-Hybrid verified route_relative_difference 3.798691177638508e-14
sgtm instance035.txt SA-Mat verified route_relative_difference 3.798691177638508e-14
sgtm instance042.txt Base verified route_relative_difference 2.010786628087002e-16
sgtm instance042.txt Flat-GM verified route_relative_difference 3.155120310649296e-14
sgtm instance042.txt Flat-L2 verified route_relative_difference 2.0107866354439161e-16
sgtm instance042.txt Role-Hybrid verified route_relative_difference 3.155120310649296e-14
sgtm instance042.txt SA-Mat verified route_relative_difference 3.155120310649296e-14
sgtm instance043.txt Base verified route_relative_difference 5.938984632450838e-16
sgtm instance043.txt Flat-GM verified route_relative_difference 4.1771825421352785e-15
sgtm instance043.txt Flat-L2 verified route_relative_difference 5.938345317582711e-16
sgtm instance043.txt Role-Hybrid verified route_relative_difference 4.250175334093728e-15
sgtm instance043.txt SA-Mat verified route_relative_difference 4.250175334093728e-15
sgtm instance044.txt Base verified route_relative_difference 0.0
sgtm instance044.txt Flat-GM verified route_relative_difference 4.100049957505002e-14
sgtm instance044.txt Flat-L2 verified route_relative_difference 1.7221390447164626e-16
sgtm instance044.txt Role-Hybrid verified route_relative_difference 4.100049957505002e-14
sgtm instance044.txt SA-Mat verified route_relative_difference 4.100049957505002e-14
sgtm instance045.txt Base verified route_relative_difference 1.435962589260074e-16
sgtm instance045.txt Flat-GM verified route_relative_difference 9.57169481264307e-14
sgtm instance045.txt Flat-L2 verified route_relative_difference 1.90454409815366e-16
sgtm instance045.txt Role-Hybrid verified route_relative_difference 9.57169481264307e-14
sgtm instance045.txt SA-Mat verified route_relative_difference 9.57169481264307e-14
sgtm instance046.txt Base verified route_relative_difference 0.0
sgtm instance046.txt Flat-GM verified route_relative_difference 6.125080495308329e-14
sgtm instance046.txt Flat-L2 verified route_relative_difference 2.776033026335159e-16
sgtm instance046.txt Role-Hybrid verified route_relative_difference 6.125080495308329e-14
sgtm instance046.txt SA-Mat verified route_relative_difference 6.125080495308329e-14
sgtm instance047.txt Base verified route_relative_difference 0.0
sgtm instance047.txt Flat-GM verified route_relative_difference 8.677260443786624e-16
sgtm instance047.txt Flat-L2 verified route_relative_difference 0.0
sgtm instance047.txt Role-Hybrid verified route_relative_difference 8.677260443786624e-16
sgtm instance047.txt SA-Mat verified route_relative_difference 8.677260443786624e-16
sgtm instance048.txt Base verified route_relative_difference 0.0
sgtm instance048.txt Flat-GM verified route_relative_difference 3.500111916320759e-14
sgtm instance048.txt Flat-L2 verified route_relative_difference 2.1614841583808697e-16
sgtm instance048.txt Role-Hybrid verified route_relative_difference 3.500111916320759e-14
sgtm instance048.txt SA-Mat verified route_relative_difference 3.500111916320759e-14
sgtm instance049.txt Base verified route_relative_difference 0.0
sgtm instance049.txt Flat-GM verified route_relative_difference 1.805038517648715e-15
sgtm instance049.txt Flat-L2 verified route_relative_difference 0.0
sgtm instance049.txt Role-Hybrid verified route_relative_difference 5.64072590083582e-16
sgtm instance049.txt SA-Mat verified route_relative_difference 5.64072590083582e-16
sgtm instance050.txt Base verified route_relative_difference 0.0
sgtm instance050.txt Flat-GM verified route_relative_difference 2.1015321307029364e-14
sgtm instance050.txt Flat-L2 verified route_relative_difference 4.853666087294512e-15
sgtm instance050.txt Role-Hybrid verified route_relative_difference 1.9987561486008658e-14
sgtm instance050.txt SA-Mat verified route_relative_difference 1.9987561486008658e-14
sgtm instance051.txt Base verified route_relative_difference 2.8184382368063133e-16
sgtm instance051.txt Flat-GM verified route_relative_difference 1.840727661841131e-14
sgtm instance051.txt Flat-L2 verified route_relative_difference 0.001271769018160814
sgtm instance051.txt Role-Hybrid verified route_relative_difference 1.8079757815233633e-14
sgtm instance051.txt SA-Mat verified route_relative_difference 1.8079757815233633e-14
sgtm instance052.txt Base verified route_relative_difference 0.0
sgtm instance052.txt Flat-GM verified route_relative_difference 3.4545426450031103e-14
sgtm instance052.txt Flat-L2 verified route_relative_difference 0.0
sgtm instance052.txt Role-Hybrid verified route_relative_difference 3.4545426450031103e-14
sgtm instance052.txt SA-Mat verified route_relative_difference 3.4545426450031103e-14
sgtm instance053.txt Base verified route_relative_difference 0.0
sgtm instance053.txt Flat-GM verified route_relative_difference 2.897230540737442e-14
sgtm instance053.txt Flat-L2 verified route_relative_difference 1.6179050405763297e-15
sgtm instance053.txt Role-Hybrid verified route_relative_difference 2.9709199548461407e-14
sgtm instance053.txt SA-Mat verified route_relative_difference 2.9709199548461407e-14
sgtm instance057.txt Base verified route_relative_difference 1.6587386444614945e-16
sgtm instance057.txt Flat-GM verified route_relative_difference 1.307000395807674e-13
sgtm instance057.txt Flat-L2 verified route_relative_difference 0.0
sgtm instance057.txt Role-Hybrid verified route_relative_difference 1.306353939752974e-13
sgtm instance057.txt SA-Mat verified route_relative_difference 1.306353939752974e-13
sgtm instance058.txt Base verified route_relative_difference 2.409201710936822e-16
sgtm instance058.txt Flat-GM verified route_relative_difference 1.5628808439795548e-14
sgtm instance058.txt Flat-L2 verified route_relative_difference 1.8627689393475128e-14
sgtm instance058.txt Role-Hybrid verified route_relative_difference 1.5628808439795548e-14
sgtm instance058.txt SA-Mat verified route_relative_difference 1.5628808439795548e-14
sgtm instance059.txt Base verified route_relative_difference 1.9623715988242874e-16
sgtm instance059.txt Flat-GM verified route_relative_difference 2.501107724485623e-14
sgtm instance059.txt Flat-L2 verified route_relative_difference 1.298832074855669e-16
sgtm instance059.txt Role-Hybrid verified route_relative_difference 2.5292013105144843e-14
sgtm instance059.txt SA-Mat verified route_relative_difference 2.5292013105144843e-14
sgtm instance060.txt Base verified route_relative_difference 0.0
sgtm instance060.txt Flat-GM verified route_relative_difference 9.343051142053895e-15
sgtm instance060.txt Flat-L2 verified route_relative_difference 0.0
sgtm instance060.txt Role-Hybrid verified route_relative_difference 1.2528089248847174e-14
sgtm instance060.txt SA-Mat verified route_relative_difference 1.2528089248847174e-14
sgtm instance062.txt Base verified route_relative_difference 0.0
sgtm instance062.txt Flat-GM verified route_relative_difference 5.23332682411106e-15
sgtm instance062.txt Flat-L2 verified route_relative_difference 0.0
sgtm instance062.txt Role-Hybrid verified route_relative_difference 6.047383907937938e-15
sgtm instance062.txt SA-Mat verified route_relative_difference 6.047383907937938e-15
sgtm instance067.txt Base verified route_relative_difference 8.553850483728232e-15
sgtm instance067.txt Flat-GM verified route_relative_difference 3.391784740619327e-14
sgtm instance067.txt Flat-L2 verified route_relative_difference 6.1141452182389124e-15
sgtm instance067.txt Role-Hybrid verified route_relative_difference 3.391784740619327e-14
sgtm instance067.txt SA-Mat verified route_relative_difference 3.391784740619327e-14
sgtm instance068.txt Base verified route_relative_difference 0.0
sgtm instance068.txt Flat-GM verified route_relative_difference 8.152191066084298e-14
sgtm instance068.txt Flat-L2 verified route_relative_difference 1.7221390447164626e-16
sgtm instance068.txt Role-Hybrid verified route_relative_difference 8.152191066084298e-14
sgtm instance068.txt SA-Mat verified route_relative_difference 8.152191066084298e-14
sgtm instance069.txt Base verified route_relative_difference 1.435962589260074e-16
sgtm instance069.txt Flat-GM verified route_relative_difference 9.610006563957506e-14
sgtm instance069.txt Flat-L2 verified route_relative_difference 1.90454409815366e-16
sgtm instance069.txt Role-Hybrid verified route_relative_difference 9.610006563957506e-14
sgtm instance069.txt SA-Mat verified route_relative_difference 9.610006563957506e-14
sgtm instance070.txt Base verified route_relative_difference 0.0
sgtm instance070.txt Flat-GM verified route_relative_difference 1.4862987233232673e-14
sgtm instance070.txt Flat-L2 verified route_relative_difference 2.776033026335159e-16
sgtm instance070.txt Role-Hybrid verified route_relative_difference 1.4013669312255057e-14
sgtm instance070.txt SA-Mat verified route_relative_difference 1.4013669312255057e-14
sgtm instance071.txt Base verified route_relative_difference 0.0
sgtm instance071.txt Flat-GM verified route_relative_difference 7.225617067948311e-15
sgtm instance071.txt Flat-L2 verified route_relative_difference 0.0
sgtm instance071.txt Role-Hybrid verified route_relative_difference 7.225613732219492e-15
sgtm instance071.txt SA-Mat verified route_relative_difference 7.225613732219492e-15
sgtm instance072.txt Base verified route_relative_difference 0.0
sgtm instance072.txt Flat-GM verified route_relative_difference 3.9210035760127825e-14
sgtm instance072.txt Flat-L2 verified route_relative_difference 1.6334507086901855e-16
sgtm instance072.txt Role-Hybrid verified route_relative_difference 3.8958377354439503e-14
sgtm instance072.txt SA-Mat verified route_relative_difference 3.8958377354439503e-14
sgtm instance073.txt Base verified route_relative_difference 0.0
sgtm instance073.txt Flat-GM verified route_relative_difference 5.269443452339017e-14
sgtm instance073.txt Flat-L2 verified route_relative_difference 0.0
sgtm instance073.txt Role-Hybrid verified route_relative_difference 5.269443452339017e-14
sgtm instance073.txt SA-Mat verified route_relative_difference 5.269443452339017e-14
sgtm instance074.txt Base verified route_relative_difference 0.0
sgtm instance074.txt Flat-GM verified route_relative_difference 1.3091718650682853e-14
sgtm instance074.txt Flat-L2 verified route_relative_difference 0.0
sgtm instance074.txt Role-Hybrid verified route_relative_difference 1.3091718650682853e-14
sgtm instance074.txt SA-Mat verified route_relative_difference 1.3091718650682853e-14
sgtm instance075.txt Base verified route_relative_difference 2.8184382368063133e-16
sgtm instance075.txt Flat-GM verified route_relative_difference 2.4228569594560148e-14
sgtm instance075.txt Flat-L2 verified route_relative_difference 1.8164429616462873e-16
sgtm instance075.txt Role-Hybrid verified route_relative_difference 2.4228569594560148e-14
sgtm instance075.txt SA-Mat verified route_relative_difference 2.4228569594560148e-14
sgtm instance076.txt Base verified route_relative_difference 0.0
sgtm instance076.txt Flat-GM verified route_relative_difference 8.114658235661752e-14
sgtm instance076.txt Flat-L2 verified route_relative_difference 0.0
sgtm instance076.txt Role-Hybrid verified route_relative_difference 8.114658235661752e-14
sgtm instance076.txt SA-Mat verified route_relative_difference 8.114658235661752e-14
sgtm instance077.txt Base verified route_relative_difference 2.1858144486710892e-16
sgtm instance077.txt Flat-GM verified route_relative_difference 8.694392722115212e-14
sgtm instance077.txt Flat-L2 verified route_relative_difference 1.439860056089574e-16
sgtm instance077.txt Role-Hybrid verified route_relative_difference 8.694392722115212e-14
sgtm instance077.txt SA-Mat verified route_relative_difference 8.694392722115212e-14
sgtm instance078.txt Base verified route_relative_difference 0.0
sgtm instance078.txt Flat-GM verified route_relative_difference 6.55296844373395e-14
sgtm instance078.txt Flat-L2 verified route_relative_difference 2.448837739432109e-16
sgtm instance078.txt Role-Hybrid verified route_relative_difference 6.55296844373395e-14
sgtm instance078.txt SA-Mat verified route_relative_difference 6.55296844373395e-14
sgtm instance079.txt Base verified route_relative_difference 0.0
sgtm instance079.txt Flat-GM verified route_relative_difference 2.9341783611918425e-14
sgtm instance079.txt Flat-L2 verified route_relative_difference 0.0
sgtm instance079.txt Role-Hybrid verified route_relative_difference 2.9341783611918425e-14
sgtm instance079.txt SA-Mat verified route_relative_difference 2.9341783611918425e-14
sgtm instance080.txt Base verified route_relative_difference 0.0
sgtm instance080.txt Flat-GM verified route_relative_difference 1.0869399491226619e-13
sgtm instance080.txt Flat-L2 verified route_relative_difference 1.5967984609591702e-16
sgtm instance080.txt Role-Hybrid verified route_relative_difference 1.0869399491226619e-13
sgtm instance080.txt SA-Mat verified route_relative_difference 1.0869399491226619e-13
sgtm instance081.txt Base verified route_relative_difference 0.0
sgtm instance081.txt Flat-GM verified route_relative_difference 8.880785215727831e-14
sgtm instance081.txt Flat-L2 verified route_relative_difference 0.0
sgtm instance081.txt Role-Hybrid verified route_relative_difference 8.880785215727831e-14
sgtm instance081.txt SA-Mat verified route_relative_difference 8.880785215727831e-14
sgtm instance082.txt Base verified route_relative_difference 0.0
sgtm instance082.txt Flat-GM verified route_relative_difference 2.6398703982512342e-14
sgtm instance082.txt Flat-L2 verified route_relative_difference 0.0
sgtm instance082.txt Role-Hybrid verified route_relative_difference 2.6398703982512342e-14
sgtm instance082.txt SA-Mat verified route_relative_difference 2.6398703982512342e-14
sgtm instance083.txt Base verified route_relative_difference 1.9623715988242874e-16
sgtm instance083.txt Flat-GM verified route_relative_difference 1.6053256501775056e-14
sgtm instance083.txt Flat-L2 verified route_relative_difference 1.298832074855669e-16
sgtm instance083.txt Role-Hybrid verified route_relative_difference 1.6031438087826985e-14
sgtm instance083.txt SA-Mat verified route_relative_difference 1.6031438087826985e-14
sgtm instance090.txt Base verified route_relative_difference 0.0
sgtm instance090.txt Flat-GM verified route_relative_difference 3.391583242289887e-15
sgtm instance090.txt Flat-L2 verified route_relative_difference 0.0
sgtm instance090.txt Role-Hybrid verified route_relative_difference 1.816919006215413e-15
sgtm instance090.txt SA-Mat verified route_relative_difference 1.816919006215413e-15
sgtm instance091.txt Base verified route_relative_difference 0.0
sgtm instance091.txt Flat-GM verified route_relative_difference 1.807950473598983e-14
sgtm instance091.txt Flat-L2 verified route_relative_difference 0.0
sgtm instance091.txt Role-Hybrid verified route_relative_difference 1.807950473598983e-14
sgtm instance091.txt SA-Mat verified route_relative_difference 1.807950473598983e-14
sgtm instance092.txt Base verified route_relative_difference 0.0
sgtm instance092.txt Flat-GM verified route_relative_difference 3.3794034099660014e-16
sgtm instance092.txt Flat-L2 verified route_relative_difference 1.7221390447164626e-16
sgtm instance092.txt Role-Hybrid verified route_relative_difference 3.3794034099660014e-16
sgtm instance092.txt SA-Mat verified route_relative_difference 3.3794034099660014e-16
sgtm instance093.txt Base verified route_relative_difference 1.435962589260074e-16
sgtm instance093.txt Flat-GM verified route_relative_difference 3.243596004049415e-15
sgtm instance093.txt Flat-L2 verified route_relative_difference 5.896720416083359e-16
sgtm instance093.txt Role-Hybrid verified route_relative_difference 2.8012852576227573e-15
sgtm instance093.txt SA-Mat verified route_relative_difference 2.8012852576227573e-15
sgtm instance094.txt Base verified route_relative_difference 0.0
sgtm instance094.txt Flat-GM verified route_relative_difference 2.717757608641161e-16
sgtm instance094.txt Flat-L2 verified route_relative_difference 2.3917946171854366e-16
sgtm instance094.txt Role-Hybrid verified route_relative_difference 2.717757608641161e-16
sgtm instance094.txt SA-Mat verified route_relative_difference 2.717757608641161e-16
sgtm instance095.txt Base verified route_relative_difference 0.0
sgtm instance095.txt Flat-GM verified route_relative_difference 2.4950742203223137e-15
sgtm instance095.txt Flat-L2 verified route_relative_difference 0.0
sgtm instance095.txt Role-Hybrid verified route_relative_difference 2.4950742203223137e-15
sgtm instance095.txt SA-Mat verified route_relative_difference 2.4950742203223137e-15
sgtm instance096.txt Base verified route_relative_difference 0.0
sgtm instance096.txt Flat-GM verified route_relative_difference 3.0151511977266034e-14
sgtm instance096.txt Flat-L2 verified route_relative_difference 2.1614841583808697e-16
sgtm instance096.txt Role-Hybrid verified route_relative_difference 3.0151511977266034e-14
sgtm instance096.txt SA-Mat verified route_relative_difference 3.0151511977266034e-14
