instancia,variante,status,rc,tiempo_solver_s,gap_pct,objetivo_solver,objetivo_post,status_solver,best_bound,nodos_explorados,iter_simplex,presolve_time_s,rows_cargadas,cols_cargadas,nz_cargados,rows_presolved,cols_presolved,nz_presolved,reduccion_rows_pct,reduccion_cols_pct,reduccion_nz_pct,solver_warnings,solver_warnings_txt,matrix_min,matrix_max,objective_min,objective_max,rhs_min,rhs_max,bounds_min,bounds_max,matrix_range_ratio_vs_base,objective_range_ratio_vs_base,rhs_range_ratio_vs_base,bounds_range_ratio_vs_base,kappa_antes,kappa_despues,rho_antes,rho_despues,tiempo_preprocesamiento_s,tiempo_total_s,speedup_vs_base,speedup_solver_vs_base,speedup_total_vs_base,overhead_preprocesamiento_vs_base,ratio_preproc_solver,gap_delta_vs_base,obj_solver_delta_vs_base,obj_solver_rel_delta_vs_base,obj_post_delta_vs_base,obj_post_rel_delta_vs_base,matrix_kappa_ratio_vs_base,kappa_proxy_ratio,kappa_solver,kappa_solver_exact,kappa_solver_ratio_vs_base,work_units,dettime_ticks,root_gap,root_time,tiempo_determinista,speedup_det_vs_base,primal_integral,kappa_arbol_max,kappa_attention,kappa_stable_frac,kappa_suspicious_frac,kappa_unstable_frac,kappa_illposed_frac,kappa_arbol_max_ratio_vs_base,mip_equivalente,post_factible,solver_max_viol,solver_int_viol,solver_obj_diff,post_max_viol,post_int_viol,verif_solver_avg_viol,verif_solver_p95_viol,verif_solver_p99_viol,verif_solver_max_viol_rel,verif_solver_max_viol_relact,verif_post_avg_viol,verif_post_p95_viol,verif_post_p99_viol,verif_post_max_viol_rel,verif_post_max_viol_relact,verif_solver_max_le,verif_solver_max_ge,verif_solver_max_eq,verif_solver_max_lb,verif_solver_max_ub,verif_solver_max_int,verif_solver_viol_le_count,verif_solver_viol_ge_count,verif_solver_viol_eq_count,verif_solver_viol_lb_count,verif_solver_viol_ub_count,verif_solver_viol_int_count,verif_solver_missing,verif_solver_obj_original,verif_post_max_le,verif_post_max_ge,verif_post_max_eq,verif_post_max_lb,verif_post_max_ub,verif_post_max_int,verif_post_viol_le_count,verif_post_viol_ge_count,verif_post_viol_eq_count,verif_post_viol_lb_count,verif_post_viol_ub_count,verif_post_viol_int_count,verif_post_missing,verif_post_obj_original,obj_original_variante,abs_obj_diff_vs_base,rel_obj_diff_vs_base,sentido_obj_vs_base,best_bound_delta_vs_base,equivalente_vs_base,max_diff_post_csv,diffs_post_csv,csv,csv_post,log
instance001.txt,estructurado,OK,0,3600.947114154,13.834015209310444,222395.0871338713,222395.0,TIME_LIMIT,191628.91695501233,138717.0,26522838.0,0.45,23763.0,16561.0,57555.0,20112.0,14392.0,51905.0,15.36422168918066,13.097035203188213,9.816697072365564,1,Model contains large bounds,9e-06,100000.0,0.0004,100.0,0.1,5000000.0,1.0,10000000000.0,,,,,18380000000000.0,565500000000.0,1.0,1.5,0.025816908,,,,,,,,,,,,,,10025820.0,,,4502.0,,0.0,24.0,4502.0,,0.223738162062393,,,,,,,,OK,REVISAR,3.814697265625e-06,0.0,2.9103830456733704e-10,93353961.1096597,0.0,4.92789297822799e-09,1.84741111297626e-13,1.19209289550781e-07,1.81910581886768e-06,7.99840817338539e-14,341032.969620534,3.66325421920359,9621378.13083119,93353961.1096597,0.955594586740031,1.9073486328125e-06,1.86264514923096e-09,3.814697265625e-06,0.0,0.0,0.0,3.0,0.0,8.0,0.0,0.0,0.0,0.0,222395.087133871,34.3641891502969,6017.60146691959,93353961.1096597,0.0,0.0,0.0,866.0,298.0,1165.0,0.0,0.0,0.0,0.0,222395.087133871,222395.087133871,,,,,N/D,,,/clusteruy/home/mathiasr/generator-aware-row-scaling/results-revision/coverage-policy/full-1pct/resultados/instance001_estructurado.csv,/clusteruy/home/mathiasr/generator-aware-row-scaling/results-revision/coverage-policy/full-1pct/resultados/instance001_estructurado_postprocesado.csv,/clusteruy/home/mathiasr/generator-aware-row-scaling/results-revision/coverage-policy/full-1pct/logs/instance001_estructurado.log
instance001.txt,estructurado_full,OK,0,3600.965496624,12.20699386132027,222427.8068604869,222428.0,TIME_LIMIT,195276.05813115794,189160.0,42484304.0,0.45,23763.0,16561.0,57555.0,20112.0,14392.0,51905.0,15.36422168918066,13.097035203188213,9.816697072365564,1,Model contains large bounds,9e-06,100000.0,0.0004,100.0,0.1,90000.0,1.0,10000000000.0,,,,,18380000000000.0,13070000000.0,1.0,1.5,0.027050474,,,,,,,,,,,,,,21064599.0,,,4836.0,,0.0,23.0,4836.0,,0.187672360575589,,,,,,,,OK,REVISAR,8.08015465736389e-06,0.0,1.1641532182693481e-10,12317652.2458333,0.0,6.30765961751582e-09,4.2632564145606e-13,1.385435461998e-07,8.08015465736389e-06,2.2668435005501e-09,49123.9380015174,5.54944650110595,1263707.80294783,12317652.2458333,0.953856567859294,1.9073486328125e-06,1.86264514923096e-09,8.08015465736389e-06,0.0,0.0,0.0,6.0,0.0,10.0,0.0,0.0,0.0,0.0,222427.806860487,426.044494544796,6143.28519515699,12317652.2458333,0.0,0.0,0.0,1575.0,364.0,1180.0,0.0,0.0,0.0,0.0,222427.806860487,222427.806860487,,,,,N/D,,,/clusteruy/home/mathiasr/generator-aware-row-scaling/results-revision/coverage-policy/full-1pct/resultados/instance001_estructurado_full.csv,/clusteruy/home/mathiasr/generator-aware-row-scaling/results-revision/coverage-policy/full-1pct/resultados/instance001_estructurado_full_postprocesado.csv,/clusteruy/home/mathiasr/generator-aware-row-scaling/results-revision/coverage-policy/full-1pct/logs/instance001_estructurado_full.log
instance001.txt,estructurado_plano,OK,0,3601.546725935,12.20699386132027,222427.8068604869,222428.0,TIME_LIMIT,195276.05813115794,188397.0,42187062.0,0.45,23763.0,16561.0,57555.0,20112.0,14392.0,51905.0,15.36422168918066,13.097035203188213,9.816697072365564,1,Model contains large bounds,9e-06,100000.0,0.0004,100.0,0.1,90000.0,1.0,10000000000.0,,,,,18380000000000.0,13070000000.0,0.0,0.0,0.014687277,,,,,,,,,,,,,,21064599.0,,,4812.0,,0.0,23.0,4812.0,,0.187943183328076,,,,,,,,OK,REVISAR,8.08015465736389e-06,0.0,1.1641532182693481e-10,12317652.2458333,0.0,6.30765961751582e-09,4.2632564145606e-13,1.385435461998e-07,8.08015465736389e-06,2.2668435005501e-09,49123.9380015174,5.54944650110595,1263707.80294783,12317652.2458333,0.953856567859294,1.9073486328125e-06,1.86264514923096e-09,8.08015465736389e-06,0.0,0.0,0.0,6.0,0.0,10.0,0.0,0.0,0.0,0.0,222427.806860487,426.044494544796,6143.28519515699,12317652.2458333,0.0,0.0,0.0,1575.0,364.0,1180.0,0.0,0.0,0.0,0.0,222427.806860487,222427.806860487,,,,,N/D,,,/clusteruy/home/mathiasr/generator-aware-row-scaling/results-revision/coverage-policy/full-1pct/resultados/instance001_estructurado_plano.csv,/clusteruy/home/mathiasr/generator-aware-row-scaling/results-revision/coverage-policy/full-1pct/resultados/instance001_estructurado_plano_postprocesado.csv,/clusteruy/home/mathiasr/generator-aware-row-scaling/results-revision/coverage-policy/full-1pct/logs/instance001_estructurado_plano.log
instance001.txt,estructurado_matricial,OK,0,3601.063346474,14.335836553992237,222309.99861540005,222310.0,TIME_LIMIT,190440.0005707139,170608.0,32000888.0,0.46,23763.0,16561.0,57555.0,20119.0,14391.0,52069.0,15.334764129108278,13.10307348590061,9.531752236990705,1,Model contains large bounds,9e-06,100000.0,0.0004,100.0,0.02,300000000.0,1.0,10000000000.0,,,,,18380000000000.0,30850000000000.0,1.0,1.0,0.027363156,,,,,,,,,,,,,,17565062.0,,,4722.0,,0.0,24.0,4722.0,,0.236433822233749,,,,,,,,OK,REVISAR,7.62939453125e-06,0.0,5.820766091346741e-11,98005095.8839779,0.0,4.7524904334393e-09,1.13686837721616e-13,1.03441998362543e-07,1.9073486328125e-06,5.69964408297183e-14,362885.82926238,3.71443515145925,9850914.97330703,98005095.8839779,0.95435346959937,7.62939453125e-06,1.86264514923096e-09,2.28406861424446e-06,0.0,0.0,0.0,5.0,0.0,3.0,0.0,0.0,0.0,0.0,222309.9986154,32.4870649184558,6017.60146691953,98005095.8839779,0.0,0.0,0.0,902.0,287.0,1159.0,0.0,0.0,0.0,0.0,222309.9986154,222309.9986154,,,,,N/D,,,/clusteruy/home/mathiasr/generator-aware-row-scaling/results-revision/coverage-policy/full-1pct/resultados/instance001_estructurado_matricial.csv,/clusteruy/home/mathiasr/generator-aware-row-scaling/results-revision/coverage-policy/full-1pct/resultados/instance001_estructurado_matricial_postprocesado.csv,/clusteruy/home/mathiasr/generator-aware-row-scaling/results-revision/coverage-policy/full-1pct/logs/instance001_estructurado_matricial.log
instance001.txt,matricial_full,OK,0,3600.917022243,13.573871250618986,223043.92600953171,223044.0,TIME_LIMIT,192768.230660672,89382.0,19344503.0,0.47,23763.0,16561.0,57555.0,20119.0,14391.0,52069.0,15.334764129108278,13.10307348590061,9.531752236990705,1,Model contains large bounds,9e-06,100000.0,0.0004,100.0,0.02,300000000.0,1.0,10000000000.0,,,,,18380000000000.0,30850000000000.0,1.0,1.0,0.028056697,,,,,,,,,,,,,,11269142.0,,,4512.0,,0.0,24.0,4512.0,,0.224590029665967,,,,,,,,OK,REVISAR,2.38418579101562e-06,0.0,2.9103830456733704e-10,93699581.5047042,0.0,3.90869627869271e-09,1.13686837721616e-13,1.08033418655396e-07,1.36112794280052e-06,1.23289599226654e-11,350221.183147438,3.47136339293328,8075786.48287454,93699581.5047042,0.95692760760968,1.9073486328125e-06,1.86264514923096e-09,2.38418579101562e-06,0.0,0.0,0.0,2.0,0.0,3.0,0.0,0.0,0.0,0.0,223043.926009532,29.0946717283817,6017.60146691953,93699581.5047042,0.0,0.0,0.0,865.0,289.0,1163.0,0.0,0.0,0.0,0.0,223043.926009532,223043.926009532,,,,,N/D,,,/clusteruy/home/mathiasr/generator-aware-row-scaling/results-revision/coverage-policy/full-1pct/resultados/instance001_matricial_full.csv,/clusteruy/home/mathiasr/generator-aware-row-scaling/results-revision/coverage-policy/full-1pct/resultados/instance001_matricial_full_postprocesado.csv,/clusteruy/home/mathiasr/generator-aware-row-scaling/results-revision/coverage-policy/full-1pct/logs/instance001_matricial_full.log
instance001.txt,matricial_plano,OK,0,3610.085463616,13.340331492741745,223043.92600953171,223044.0,TIME_LIMIT,193289.12690543456,90532.0,19729328.0,0.46,23763.0,16561.0,57555.0,20119.0,14391.0,52069.0,15.334764129108278,13.10307348590061,9.531752236990705,1,Model contains large bounds,9e-06,100000.0,0.0004,100.0,0.02,300000000.0,1.0,10000000000.0,,,,,18380000000000.0,30850000000000.0,0.0,0.0,0.014487103,,,,,,,,,,,,,,,,,4544.0,,0.0,24.0,4544.0,,0.223964574144607,,,,,,,,OK,REVISAR,2.38418579101562e-06,0.0,2.9103830456733704e-10,93699581.5047042,0.0,3.90869627869271e-09,1.13686837721616e-13,1.08033418655396e-07,1.36112794280052e-06,1.23289599226654e-11,350221.183147438,3.47136339293328,8075786.48287454,93699581.5047042,0.95692760760968,1.9073486328125e-06,1.86264514923096e-09,2.38418579101562e-06,0.0,0.0,0.0,2.0,0.0,3.0,0.0,0.0,0.0,0.0,223043.926009532,29.0946717283817,6017.60146691953,93699581.5047042,0.0,0.0,0.0,865.0,289.0,1163.0,0.0,0.0,0.0,0.0,223043.926009532,223043.926009532,,,,,N/D,,,/clusteruy/home/mathiasr/generator-aware-row-scaling/results-revision/coverage-policy/full-1pct/resultados/instance001_matricial_plano.csv,/clusteruy/home/mathiasr/generator-aware-row-scaling/results-revision/coverage-policy/full-1pct/resultados/instance001_matricial_plano_postprocesado.csv,/clusteruy/home/mathiasr/generator-aware-row-scaling/results-revision/coverage-policy/full-1pct/logs/instance001_matricial_plano.log
instance002.txt,estructurado,OK,0,884.532727381,0.930086945543991,1094187.6117155121,1094190.0,OPTIMAL,1084010.7155791866,38394.0,21867928.0,0.48,23763.0,16561.0,57555.0,20046.0,14325.0,51816.0,15.64196439843454,13.501600144918784,9.971331769611675,1,Model contains large bounds,8e-06,100000.0,0.0005,100.0,0.2,5000000.0,1.0,10000000000.0,,,,,22530000000000.0,576300000000.0,1.0,1.5,0.025645549,,,,,,,,,,,,,,3339540.0,,,1268.0,,0.0,33.0,1268.0,,0.03383373918866,,,,,,,,OK,REVISAR,6.97746872901917e-06,0.0,2.0954757928848267e-09,114246476.481718,0.0,3.92121258899153e-09,4.65661287307739e-10,9.28103690966968e-08,6.97746872901917e-06,7.98176813528679e-14,549905.458730964,2.66659349288618,16749034.554003,114246476.481718,1.0,5.0931703299284e-11,0.0,6.97746872901917e-06,0.0,0.0,0.0,0.0,0.0,8.0,0.0,0.0,0.0,0.0,1094187.61171551,33.254499644566,8460.61218346894,114246476.481718,0.0,0.0,0.0,269.0,384.0,1091.0,0.0,0.0,0.0,0.0,1094187.61171551,1094187.61171551,,,,,N/D,,,/clusteruy/home/mathiasr/generator-aware-row-scaling/results-revision/coverage-policy/full-1pct/resultados/instance002_estructurado.csv,/clusteruy/home/mathiasr/generator-aware-row-scaling/results-revision/coverage-policy/full-1pct/resultados/instance002_estructurado_postprocesado.csv,/clusteruy/home/mathiasr/generator-aware-row-scaling/results-revision/coverage-policy/full-1pct/logs/instance002_estructurado.log
instance002.txt,estructurado_full,OK,0,1094.658937061,0.0,1094187.6117155065,1094190.0,OPTIMAL,1094187.6117155065,41160.0,15501726.0,0.5,23763.0,16561.0,57555.0,20046.0,14325.0,51816.0,15.64196439843454,13.501600144918784,9.971331769611675,1,Model contains large bounds,8e-06,100000.0,0.0005,100.0,0.2,100000.0,1.0,10000000000.0,,,,,22530000000000.0,14090000000.0,1.0,1.5,0.02766218,,,,,,,,,,,,,,5274439.0,,,1377.0,,0.0,23.0,1377.0,,0.037613430193993,,,,,,,,OK,REVISAR,2.86055728793144e-06,0.0,3.4924596548080444e-09,18992151.4946734,0.0,3.23629682024503e-09,1.35003119794419e-13,1.04308128356934e-07,2.86055728793144e-06,2.72332141546443e-14,91472.4664692658,7.44590293869829,2931130.82566971,18992151.4946734,1.0,7.27595761418343e-12,0.0,2.86055728793144e-06,0.0,0.0,0.0,0.0,0.0,1.0,0.0,0.0,0.0,0.0,1094187.61171551,981.138765832715,8781.20415880415,18992151.4946734,0.0,0.0,0.0,1207.0,486.0,1088.0,0.0,0.0,0.0,0.0,1094187.61171551,1094187.61171551,,,,,N/D,,,/clusteruy/home/mathiasr/generator-aware-row-scaling/results-revision/coverage-policy/full-1pct/resultados/instance002_estructurado_full.csv,/clusteruy/home/mathiasr/generator-aware-row-scaling/results-revision/coverage-policy/full-1pct/resultados/instance002_estructurado_full_postprocesado.csv,/clusteruy/home/mathiasr/generator-aware-row-scaling/results-revision/coverage-policy/full-1pct/logs/instance002_estructurado_full.log
instance002.txt,estructurado_plano,OK,0,1147.251621063,0.0,1094187.6117155065,1094190.0,OPTIMAL,1094187.6117155065,41160.0,15501726.0,0.52,23763.0,16561.0,57555.0,20046.0,14325.0,51816.0,15.64196439843454,13.501600144918784,9.971331769611675,1,Model contains large bounds,8e-06,100000.0,0.0005,100.0,0.2,100000.0,1.0,10000000000.0,,,,,22530000000000.0,14090000000.0,0.0,0.0,0.014977078,,,,,,,,,,,,,,5274439.0,,,1377.0,,0.0,23.0,1377.0,,0.037207497148768,,,,,,,,OK,REVISAR,2.86055728793144e-06,0.0,3.4924596548080444e-09,18992151.4946734,0.0,3.23629682024503e-09,1.35003119794419e-13,1.04308128356934e-07,2.86055728793144e-06,2.72332141546443e-14,91472.4664692658,7.44590293869829,2931130.82566971,18992151.4946734,1.0,7.27595761418343e-12,0.0,2.86055728793144e-06,0.0,0.0,0.0,0.0,0.0,1.0,0.0,0.0,0.0,0.0,1094187.61171551,981.138765832715,8781.20415880415,18992151.4946734,0.0,0.0,0.0,1207.0,486.0,1088.0,0.0,0.0,0.0,0.0,1094187.61171551,1094187.61171551,,,,,N/D,,,/clusteruy/home/mathiasr/generator-aware-row-scaling/results-revision/coverage-policy/full-1pct/resultados/instance002_estructurado_plano.csv,/clusteruy/home/mathiasr/generator-aware-row-scaling/results-revision/coverage-policy/full-1pct/resultados/instance002_estructurado_plano_postprocesado.csv,/clusteruy/home/mathiasr/generator-aware-row-scaling/results-revision/coverage-policy/full-1pct/logs/instance002_estructurado_plano.log
instance002.txt,estructurado_matricial,OK,0,1142.95458455,0.0,1094187.6117155144,1094190.0,OPTIMAL,1094187.6117155144,42007.0,17088238.0,0.57,23763.0,16561.0,57555.0,20066.0,14324.0,52088.0,15.55779994108488,13.507638427631182,9.498740335331423,1,Model contains large bounds,8e-06,100000.0,0.0005,100.0,0.03,300000000.0,1.0,10000000000.0,,,,,22530000000000.0,32420000000000.0,1.0,1.0,0.030242001,,,,,,,,,,,,,,13164643.0,,,1255.0,,0.0,25.0,1255.0,,0.03895510686914,,,,,,,,OK,REVISAR,3.03797423839569e-06,0.0,4.423782229423523e-09,114246476.481718,0.0,3.11175109130298e-09,8.88178419700125e-14,1.05304643511774e-07,2.11130827665329e-06,3.50816353089212e-14,549905.458730962,2.66659349288615,16749034.5540027,114246476.481718,1.0,1.45519152283669e-11,1.86264514923096e-09,3.03797423839569e-06,0.0,0.0,0.0,0.0,0.0,3.0,0.0,0.0,0.0,0.0,1094187.61171551,33.2544996445658,8460.61218346882,114246476.481718,0.0,0.0,0.0,269.0,384.0,1089.0,0.0,0.0,0.0,0.0,1094187.61171551,1094187.61171551,,,,,N/D,,,/clusteruy/home/mathiasr/generator-aware-row-scaling/results-revision/coverage-policy/full-1pct/resultados/instance002_estructurado_matricial.csv,/clusteruy/home/mathiasr/generator-aware-row-scaling/results-revision/coverage-policy/full-1pct/resultados/instance002_estructurado_matricial_postprocesado.csv,/clusteruy/home/mathiasr/generator-aware-row-scaling/results-revision/coverage-policy/full-1pct/logs/instance002_estructurado_matricial.log
instance002.txt,matricial_full,OK,0,1056.671166156,0.983027174683881,1094187.6117155175,1094190.0,OPTIMAL,1083431.4501503294,41640.0,23209508.0,0.58,23763.0,16561.0,57555.0,20066.0,14324.0,52088.0,15.55779994108488,13.507638427631182,9.498740335331423,1,Model contains large bounds,8e-06,100000.0,0.0005,100.0,0.03,300000000.0,1.0,10000000000.0,,,,,22530000000000.0,32420000000000.0,1.0,1.0,0.030349494,,,,,,,,,,,,,,15504459.0,,,1304.0,,0.0,26.0,1304.0,,0.034440645381574,,,,,,,,OK,REVISAR,1.9073468138231e-06,0.0,2.561137080192566e-09,114246476.481718,0.0,2.98584629899025e-09,1.13686837721616e-13,9.72114503383646e-08,1.12713314592838e-06,7.36928906818936e-14,549905.458730963,2.66659349288617,16749034.5540027,114246476.481718,1.0,7.27595761418343e-12,0.0,1.9073468138231e-06,0.0,0.0,0.0,0.0,0.0,2.0,0.0,0.0,0.0,0.0,1094187.61171552,33.254499644566,8460.61218346882,114246476.481718,0.0,0.0,0.0,269.0,384.0,1089.0,0.0,0.0,0.0,0.0,1094187.61171552,1094187.61171552,,,,,N/D,,,/clusteruy/home/mathiasr/generator-aware-row-scaling/results-revision/coverage-policy/full-1pct/resultados/instance002_matricial_full.csv,/clusteruy/home/mathiasr/generator-aware-row-scaling/results-revision/coverage-policy/full-1pct/resultados/instance002_matricial_full_postprocesado.csv,/clusteruy/home/mathiasr/generator-aware-row-scaling/results-revision/coverage-policy/full-1pct/logs/instance002_matricial_full.log
instance002.txt,matricial_plano,OK,0,1048.368755695,0.983027174683881,1094187.6117155175,1094190.0,OPTIMAL,1083431.4501503294,41640.0,23209508.0,0.58,23763.0,16561.0,57555.0,20066.0,14324.0,52088.0,15.55779994108488,13.507638427631182,9.498740335331423,1,Model contains large bounds,8e-06,100000.0,0.0005,100.0,0.03,300000000.0,1.0,10000000000.0,,,,,22530000000000.0,32420000000000.0,0.0,0.0,0.019706079,,,,,,,,,,,,,,15504459.0,,,1304.0,,0.0,27.0,1304.0,,0.034620704871713,,,,,,,,OK,REVISAR,1.9073468138231e-06,0.0,2.561137080192566e-09,114246476.481718,0.0,2.98584629899025e-09,1.13686837721616e-13,9.72114503383646e-08,1.12713314592838e-06,7.36928906818936e-14,549905.458730963,2.66659349288617,16749034.5540027,114246476.481718,1.0,7.27595761418343e-12,0.0,1.9073468138231e-06,0.0,0.0,0.0,0.0,0.0,2.0,0.0,0.0,0.0,0.0,1094187.61171552,33.254499644566,8460.61218346882,114246476.481718,0.0,0.0,0.0,269.0,384.0,1089.0,0.0,0.0,0.0,0.0,1094187.61171552,1094187.61171552,,,,,N/D,,,/clusteruy/home/mathiasr/generator-aware-row-scaling/results-revision/coverage-policy/full-1pct/resultados/instance002_matricial_plano.csv,/clusteruy/home/mathiasr/generator-aware-row-scaling/results-revision/coverage-policy/full-1pct/resultados/instance002_matricial_plano_postprocesado.csv,/clusteruy/home/mathiasr/generator-aware-row-scaling/results-revision/coverage-policy/full-1pct/logs/instance002_matricial_plano.log
instance003.txt,estructurado,OK,0,3601.030279232,23.683142654921657,90963.75529268596,90963.8,TIME_LIMIT,69420.6793624453,232104.0,49421278.0,0.39,23763.0,16561.0,57555.0,20215.0,14490.0,50626.0,14.930774733829903,12.505283497373346,12.038919294587785,1,Model contains large bounds,1e-05,100000.0,0.0005,100.0,0.2,5000000.0,1.0,10000000000.0,,,,,37980000000000.0,484900000000.0,1.0,1.5,0.03106345,,,,,,,,,,,,,,5029480.0,,,4047.0,,1.0,20.0,4047.0,,0.384916036002817,,,,,,,,REVISAR,REVISAR,0.000336417288053781,0.0,2.9103830456733704e-11,148644165.439005,0.0,7.35352972579356e-08,4.79261075270164e-12,2.61003151536e-07,9.9108467111364e-05,9.95990581716799e-10,589692.827488396,6.77935158932642,11404051.7551069,148644165.439005,1.0,9.9108467111364e-05,0.0,0.000336417288053781,6.06065302429802e-07,5.75178319195402e-07,0.0,4.0,0.0,149.0,0.0,0.0,0.0,0.0,90963.755292686,43.8010731399295,13788.1189650823,148644165.439005,6.06065302429802e-07,5.75178319195402e-07,0.0,763.0,410.0,1133.0,0.0,0.0,0.0,0.0,90963.755292686,90963.755292686,,,,,N/D,,,/clusteruy/home/mathiasr/generator-aware-row-scaling/results-revision/coverage-policy/full-1pct/resultados/instance003_estructurado.csv,/clusteruy/home/mathiasr/generator-aware-row-scaling/results-revision/coverage-policy/full-1pct/resultados/instance003_estructurado_postprocesado.csv,/clusteruy/home/mathiasr/generator-aware-row-scaling/results-revision/coverage-policy/full-1pct/logs/instance003_estructurado.log
instance003.txt,estructurado_full,OK,0,3601.045732727,18.134847637142133,91062.22180869752,91062.2,TIME_LIMIT,74548.22662869381,225867.0,62036888.0,0.4,23763.0,16561.0,57555.0,20215.0,14490.0,50626.0,14.930774733829903,12.505283497373346,12.038919294587785,1,Model contains large bounds,1e-05,100000.0,0.0005,100.0,0.2,90000.0,1.0,10000000000.0,,,,,37980000000000.0,10780000000.0,1.0,1.5,0.032654659,,,,,,,,,,,,,,7929134.0,,,4283.0,,1.0,20.0,4283.0,,0.284674451774522,,,,,,,,REVISAR,REVISAR,0.000157754868268967,0.0,1.4551915228366852e-11,30955331.8344388,0.0,6.05395329852741e-08,1.45519152283669e-11,3.57627868652344e-07,0.000157754868268967,1.31690839899612e-08,135208.141807348,12.3258490991242,3238812.49633073,30955331.8344388,1.0,0.000119838361570146,0.0,0.000157754868268967,9.25642814078122e-07,2.62838511844166e-07,0.0,6.0,0.0,150.0,0.0,0.0,0.0,0.0,91062.2218086975,1289.99129980343,13804.8003109162,30955331.8344388,9.25642814078122e-07,2.236638465547e-07,0.0,1717.0,464.0,1113.0,0.0,0.0,0.0,0.0,91062.2218086975,91062.2218086975,,,,,N/D,,,/clusteruy/home/mathiasr/generator-aware-row-scaling/results-revision/coverage-policy/full-1pct/resultados/instance003_estructurado_full.csv,/clusteruy/home/mathiasr/generator-aware-row-scaling/results-revision/coverage-policy/full-1pct/resultados/instance003_estructurado_full_postprocesado.csv,/clusteruy/home/mathiasr/generator-aware-row-scaling/results-revision/coverage-policy/full-1pct/logs/instance003_estructurado_full.log
instance003.txt,estructurado_plano,OK,0,3601.013634669,18.134847637142133,91062.22180869752,91062.2,TIME_LIMIT,74548.22662869381,225867.0,62036888.0,0.4,23763.0,16561.0,57555.0,20215.0,14490.0,50626.0,14.930774733829903,12.505283497373346,12.038919294587785,1,Model contains large bounds,1e-05,100000.0,0.0005,100.0,0.2,90000.0,1.0,10000000000.0,,,,,37980000000000.0,10780000000.0,0.0,0.0,0.017839238,,,,,,,,,,,,,,7929134.0,,,4303.0,,1.0,20.0,4303.0,,0.284887423527005,,,,,,,,REVISAR,REVISAR,0.000157754868268967,0.0,1.4551915228366852e-11,30955331.8344388,0.0,6.05395329852741e-08,1.45519152283669e-11,3.57627868652344e-07,0.000157754868268967,1.31690839899612e-08,135208.141807348,12.3258490991242,3238812.49633073,30955331.8344388,1.0,0.000119838361570146,0.0,0.000157754868268967,9.25642814078122e-07,2.62838511844166e-07,0.0,6.0,0.0,150.0,0.0,0.0,0.0,0.0,91062.2218086975,1289.99129980343,13804.8003109162,30955331.8344388,9.25642814078122e-07,2.236638465547e-07,0.0,1717.0,464.0,1113.0,0.0,0.0,0.0,0.0,91062.2218086975,91062.2218086975,,,,,N/D,,,/clusteruy/home/mathiasr/generator-aware-row-scaling/results-revision/coverage-policy/full-1pct/resultados/instance003_estructurado_plano.csv,/clusteruy/home/mathiasr/generator-aware-row-scaling/results-revision/coverage-policy/full-1pct/resultados/instance003_estructurado_plano_postprocesado.csv,/clusteruy/home/mathiasr/generator-aware-row-scaling/results-revision/coverage-policy/full-1pct/logs/instance003_estructurado_plano.log
instance003.txt,estructurado_matricial,OK,0,3600.995292035,22.9306254707492,91036.68273219794,91036.7,TIME_LIMIT,70161.40197388342,183698.0,59693226.0,0.38,23763.0,16561.0,57555.0,20212.0,14487.0,50625.0,14.943399402432354,12.523398345510536,12.04065676309617,1,Model contains large bounds,1e-05,100000.0,0.0005,100.0,0.05,300000000.0,1.0,10000000000.0,,,,,37980000000000.0,28180000000000.0,1.0,1.001,0.03189293,,,,,,,,,,,,,,14141318.0,,,4265.0,,1.0,19.0,4265.0,,0.327371992459427,,,,,,,,OK,REVISAR,6.70459121465683e-05,0.0,2.9103830456733704e-11,148644165.439019,0.0,5.34920173680037e-08,6.02460303866728e-12,2.23638489842416e-07,6.70459121465683e-05,5.70748318515007e-08,589699.350580525,6.73756297471335,11401928.9828071,148644165.439019,1.0,2.04386524274014e-05,0.0,6.70459121465683e-05,6.93132196888409e-07,5.08336370330653e-07,0.0,2.0,0.0,163.0,0.0,0.0,0.0,0.0,91036.6827321979,43.7920267580929,13788.1189650838,148644165.439019,6.93132196888409e-07,5.08336370330653e-07,0.0,753.0,410.0,1079.0,0.0,0.0,0.0,0.0,91036.6827321979,91036.6827321979,,,,,N/D,,,/clusteruy/home/mathiasr/generator-aware-row-scaling/results-revision/coverage-policy/full-1pct/resultados/instance003_estructurado_matricial.csv,/clusteruy/home/mathiasr/generator-aware-row-scaling/results-revision/coverage-policy/full-1pct/resultados/instance003_estructurado_matricial_postprocesado.csv,/clusteruy/home/mathiasr/generator-aware-row-scaling/results-revision/coverage-policy/full-1pct/logs/instance003_estructurado_matricial.log
instance003.txt,matricial_full,OK,0,3600.991088151,18.60685657410162,90963.14116095382,90963.1,TIME_LIMIT,74037.75994983755,207674.0,62420197.0,0.38,23763.0,16561.0,57555.0,20212.0,14487.0,50625.0,14.943399402432354,12.523398345510536,12.04065676309617,1,Model contains large bounds,1e-05,100000.0,0.0005,100.0,0.05,300000000.0,1.0,10000000000.0,,,,,37980000000000.0,28180000000000.0,1.0,1.001,0.032643564,,,,,,,,,,,,,,16654723.0,,,4195.0,,1.0,19.0,4195.0,,0.275132874680802,,,,,,,,OK,REVISAR,7.64727592468262e-05,0.0,1.4551915228366852e-11,148644165.438956,0.0,6.41197113260814e-08,2.55226950685016e-12,2.21431255340578e-07,7.64727592468262e-05,8.98479309398681e-08,589913.355113634,6.77935194242004,11395834.9587761,148644165.438956,1.0,7.51080788177205e-05,0.0,7.64727592468262e-05,8.20786125236147e-07,6.14620148553513e-07,0.0,5.0,0.0,150.0,0.0,0.0,0.0,0.0,90963.1411609538,43.8010731399331,13788.1189650823,148644165.438956,8.20786125236147e-07,6.14620148553513e-07,0.0,759.0,410.0,1095.0,0.0,0.0,0.0,0.0,90963.1411609538,90963.1411609538,,,,,N/D,,,/clusteruy/home/mathiasr/generator-aware-row-scaling/results-revision/coverage-policy/full-1pct/resultados/instance003_matricial_full.csv,/clusteruy/home/mathiasr/generator-aware-row-scaling/results-revision/coverage-policy/full-1pct/resultados/instance003_matricial_full_postprocesado.csv,/clusteruy/home/mathiasr/generator-aware-row-scaling/results-revision/coverage-policy/full-1pct/logs/instance003_matricial_full.log
instance003.txt,matricial_plano,OK,0,3601.016307821,18.620731839227403,90963.14116095382,90963.1,TIME_LIMIT,74025.13857283472,206076.0,61884975.0,0.38,23763.0,16561.0,57555.0,20212.0,14487.0,50625.0,14.943399402432354,12.523398345510536,12.04065676309617,1,Model contains large bounds,1e-05,100000.0,0.0005,100.0,0.05,300000000.0,1.0,10000000000.0,,,,,37980000000000.0,28180000000000.0,0.0,0.0,0.017486386,,,,,,,,,,,,,,16654723.0,,,4163.0,,1.0,19.0,4163.0,,0.275279033639778,,,,,,,,OK,REVISAR,7.64727592468262e-05,0.0,1.4551915228366852e-11,148644165.438956,0.0,6.41197113260814e-08,2.55226950685016e-12,2.21431255340578e-07,7.64727592468262e-05,8.98479309398681e-08,589913.355113634,6.77935194242004,11395834.9587761,148644165.438956,1.0,7.51080788177205e-05,0.0,7.64727592468262e-05,8.20786125236147e-07,6.14620148553513e-07,0.0,5.0,0.0,150.0,0.0,0.0,0.0,0.0,90963.1411609538,43.8010731399331,13788.1189650823,148644165.438956,8.20786125236147e-07,6.14620148553513e-07,0.0,759.0,410.0,1095.0,0.0,0.0,0.0,0.0,90963.1411609538,90963.1411609538,,,,,N/D,,,/clusteruy/home/mathiasr/generator-aware-row-scaling/results-revision/coverage-policy/full-1pct/resultados/instance003_matricial_plano.csv,/clusteruy/home/mathiasr/generator-aware-row-scaling/results-revision/coverage-policy/full-1pct/resultados/instance003_matricial_plano_postprocesado.csv,/clusteruy/home/mathiasr/generator-aware-row-scaling/results-revision/coverage-policy/full-1pct/logs/instance003_matricial_plano.log
instance004.txt,estructurado,OK,0,8.337606484,0.798453767748698,-2603225.9427954946,-2603230.0,OPTIMAL,-2624011.4984187568,1.0,22223.0,0.59,23763.0,16561.0,57555.0,20111.0,14336.0,51999.0,15.368429912048143,13.435179035082422,9.653375032577534,1,Model contains large bounds,1e-05,100000.0,0.0007,100.0,0.1,4000000.0,1.0,10000000000.0,,,,,16000000000000.0,433300000000.0,1.0,1.5,0.030585746,,,,,,,,,,,,,,3780090.0,,,6.0,,0.0,6.0,6.0,,0.449584771240068,,,,,,,,OK,REVISAR,3.05101275444031e-06,0.0,4.6566128730773926e-09,167381015.802371,0.0,5.89810996079903e-09,1.13686837721616e-13,2.15619802474979e-07,6.63567334413528e-07,1.02685250795148e-09,280426.411307806,36.9482349349189,8690073.03385781,167381015.802371,1.0,1.02685250795148e-09,1.86264514923096e-09,3.05101275444031e-06,7.01431931316384e-09,0.0,0.0,0.0,0.0,9.0,0.0,0.0,0.0,0.0,-2603225.94279549,111.904945015963,16788.5422608432,167381015.802371,7.01431931316384e-09,0.0,0.0,2614.0,445.0,1064.0,0.0,0.0,0.0,0.0,-2603225.94279549,-2603225.94279549,,,,,N/D,,,/clusteruy/home/mathiasr/generator-aware-row-scaling/results-revision/coverage-policy/full-1pct/resultados/instance004_estructurado.csv,/clusteruy/home/mathiasr/generator-aware-row-scaling/results-revision/coverage-policy/full-1pct/resultados/instance004_estructurado_postprocesado.csv,/clusteruy/home/mathiasr/generator-aware-row-scaling/results-revision/coverage-policy/full-1pct/logs/instance004_estructurado.log
instance004.txt,estructurado_full,OK,0,130.27604148,0.28195962959102,-2602412.1684452067,-2602410.0,OPTIMAL,-2609749.9201557864,1078.0,456516.0,0.59,23763.0,16561.0,57555.0,20111.0,14336.0,51999.0,15.368429912048143,13.435179035082422,9.653375032577534,1,Model contains large bounds,1e-05,100000.0,0.0007,100.0,0.1,80000.0,1.0,10000000000.0,,,,,16000000000000.0,9796000000.0,1.0,1.5,0.031801872,,,,,,,,,,,,,,7347867.0,,,169.0,,0.0,17.0,169.0,,0.052454110983044,,,,,,,,OK,REVISAR,1.23977661132812e-05,0.0,3.259629011154175e-09,40760627.7000262,0.0,7.33767206632074e-09,1.13686837721616e-13,1.89989805221558e-07,9.5367431640625e-07,1.30310253451979e-09,150648.870189975,43.1219708193938,6479775.03136401,40760627.7000262,1.0,7.15255737304688e-07,1.86264514923096e-09,1.23977661132812e-05,3.61043758150777e-09,0.0,0.0,0.0,0.0,19.0,0.0,0.0,0.0,0.0,-2602412.16844521,1161.45351273796,18106.7101637308,40760627.7000262,3.61043758150777e-09,0.0,0.0,3122.0,462.0,1076.0,0.0,0.0,0.0,0.0,-2602412.16844521,-2602412.16844521,,,,,N/D,,,/clusteruy/home/mathiasr/generator-aware-row-scaling/results-revision/coverage-policy/full-1pct/resultados/instance004_estructurado_full.csv,/clusteruy/home/mathiasr/generator-aware-row-scaling/results-revision/coverage-policy/full-1pct/resultados/instance004_estructurado_full_postprocesado.csv,/clusteruy/home/mathiasr/generator-aware-row-scaling/results-revision/coverage-policy/full-1pct/logs/instance004_estructurado_full.log
instance004.txt,estructurado_plano,OK,0,130.877549246,0.28195962959102,-2602412.1684452067,-2602410.0,OPTIMAL,-2609749.9201557864,1078.0,456516.0,0.6,23763.0,16561.0,57555.0,20111.0,14336.0,51999.0,15.368429912048143,13.435179035082422,9.653375032577534,1,Model contains large bounds,1e-05,100000.0,0.0007,100.0,0.1,80000.0,1.0,10000000000.0,,,,,16000000000000.0,9796000000.0,0.0,0.0,0.020087897,,,,,,,,,,,,,,7347867.0,,,169.0,,0.0,17.0,169.0,,0.052387274345023,,,,,,,,OK,REVISAR,1.23977661132812e-05,0.0,3.259629011154175e-09,40760627.7000262,0.0,7.33767206632074e-09,1.13686837721616e-13,1.89989805221558e-07,9.5367431640625e-07,1.30310253451979e-09,150648.870189975,43.1219708193938,6479775.03136401,40760627.7000262,1.0,7.15255737304688e-07,1.86264514923096e-09,1.23977661132812e-05,3.61043758150777e-09,0.0,0.0,0.0,0.0,19.0,0.0,0.0,0.0,0.0,-2602412.16844521,1161.45351273796,18106.7101637308,40760627.7000262,3.61043758150777e-09,0.0,0.0,3122.0,462.0,1076.0,0.0,0.0,0.0,0.0,-2602412.16844521,-2602412.16844521,,,,,N/D,,,/clusteruy/home/mathiasr/generator-aware-row-scaling/results-revision/coverage-policy/full-1pct/resultados/instance004_estructurado_plano.csv,/clusteruy/home/mathiasr/generator-aware-row-scaling/results-revision/coverage-policy/full-1pct/resultados/instance004_estructurado_plano_postprocesado.csv,/clusteruy/home/mathiasr/generator-aware-row-scaling/results-revision/coverage-policy/full-1pct/logs/instance004_estructurado_plano.log
instance004.txt,estructurado_matricial,OK,0,8.759237996,0.872831982601313,-2603225.9427955067,-2603230.0,OPTIMAL,-2625947.7314036004,1.0,22296.0,0.58,23763.0,16561.0,57555.0,20109.0,14334.0,52031.0,15.376846357783108,13.447255600507216,9.59777604030927,1,Model contains large bounds,1e-05,100000.0,0.0007,100.0,0.02,300000000.0,1.0,10000000000.0,,,,,16000000000000.0,29920000000000.0,1.0,1.0,0.035028629,,,,,,,,,,,,,,16652473.0,,,7.0,,0.0,7.0,7.0,,0.449988914963501,,,,,,,,OK,REVISAR,7.89761543273926e-07,0.0,3.259629011154175e-09,167381015.802371,0.0,3.67471470557106e-09,5.84421400162644e-14,1.36392191052439e-07,4.76837158203125e-07,8.66475007025401e-10,280426.411307806,36.9482349349188,8690073.03385786,167381015.802371,1.0,8.66475007025401e-10,0.0,7.89761543273926e-07,5.9187978108724e-09,0.0,0.0,0.0,0.0,0.0,0.0,0.0,0.0,0.0,-2603225.94279551,111.904945015963,16788.5422608431,167381015.802371,5.9187978108724e-09,0.0,0.0,2614.0,445.0,1062.0,0.0,0.0,0.0,0.0,-2603225.94279551,-2603225.94279551,,,,,N/D,,,/clusteruy/home/mathiasr/generator-aware-row-scaling/results-revision/coverage-policy/full-1pct/resultados/instance004_estructurado_matricial.csv,/clusteruy/home/mathiasr/generator-aware-row-scaling/results-revision/coverage-policy/full-1pct/resultados/instance004_estructurado_matricial_postprocesado.csv,/clusteruy/home/mathiasr/generator-aware-row-scaling/results-revision/coverage-policy/full-1pct/logs/instance004_estructurado_matricial.log
instance004.txt,matricial_full,OK,0,8.91128984,0.764877677294739,-2603225.9427955067,-2603230.0,OPTIMAL,-2623137.436921495,1.0,22227.0,0.58,23763.0,16561.0,57555.0,20109.0,14334.0,52031.0,15.376846357783108,13.447255600507216,9.59777604030927,1,Model contains large bounds,1e-05,100000.0,0.0007,100.0,0.02,300000000.0,1.0,10000000000.0,,,,,16000000000000.0,29920000000000.0,1.0,1.0,0.034593692,,,,,,,,,,,,,,19612198.0,,,7.0,,0.0,7.0,7.0,,0.443369134500575,,,,,,,,OK,REVISAR,7.89761543273926e-07,0.0,3.259629011154175e-09,167381015.802371,0.0,3.6242705029027e-09,7.8159700933611e-14,1.34641304612161e-07,4.76837158203125e-07,1.08461869367758e-09,280426.411307802,36.9482349349188,8690073.03385787,167381015.802371,1.0,1.08461869367758e-09,0.0,7.89761543273926e-07,7.40891393025716e-09,0.0,0.0,0.0,0.0,0.0,0.0,0.0,0.0,0.0,-2603225.94279551,111.904945015963,16788.5422608431,167381015.802371,7.40891393025716e-09,0.0,0.0,2614.0,445.0,1062.0,0.0,0.0,0.0,0.0,-2603225.94279551,-2603225.94279551,,,,,N/D,,,/clusteruy/home/mathiasr/generator-aware-row-scaling/results-revision/coverage-policy/full-1pct/resultados/instance004_matricial_full.csv,/clusteruy/home/mathiasr/generator-aware-row-scaling/results-revision/coverage-policy/full-1pct/resultados/instance004_matricial_full_postprocesado.csv,/clusteruy/home/mathiasr/generator-aware-row-scaling/results-revision/coverage-policy/full-1pct/logs/instance004_matricial_full.log
instance004.txt,matricial_plano,OK,0,8.863404323,0.764877677294739,-2603225.9427955067,-2603230.0,OPTIMAL,-2623137.436921495,1.0,22227.0,0.58,23763.0,16561.0,57555.0,20109.0,14334.0,52031.0,15.376846357783108,13.447255600507216,9.59777604030927,1,Model contains large bounds,1e-05,100000.0,0.0007,100.0,0.02,300000000.0,1.0,10000000000.0,,,,,16000000000000.0,29920000000000.0,0.0,0.0,0.01997793,,,,,,,,,,,,,,19612198.0,,,7.0,,0.0,7.0,7.0,,0.445846783104911,,,,,,,,OK,REVISAR,7.89761543273926e-07,0.0,3.259629011154175e-09,167381015.802371,0.0,3.6242705029027e-09,7.8159700933611e-14,1.34641304612161e-07,4.76837158203125e-07,1.08461869367758e-09,280426.411307802,36.9482349349188,8690073.03385787,167381015.802371,1.0,1.08461869367758e-09,0.0,7.89761543273926e-07,7.40891393025716e-09,0.0,0.0,0.0,0.0,0.0,0.0,0.0,0.0,0.0,-2603225.94279551,111.904945015963,16788.5422608431,167381015.802371,7.40891393025716e-09,0.0,0.0,2614.0,445.0,1062.0,0.0,0.0,0.0,0.0,-2603225.94279551,-2603225.94279551,,,,,N/D,,,/clusteruy/home/mathiasr/generator-aware-row-scaling/results-revision/coverage-policy/full-1pct/resultados/instance004_matricial_plano.csv,/clusteruy/home/mathiasr/generator-aware-row-scaling/results-revision/coverage-policy/full-1pct/resultados/instance004_matricial_plano_postprocesado.csv,/clusteruy/home/mathiasr/generator-aware-row-scaling/results-revision/coverage-policy/full-1pct/logs/instance004_matricial_plano.log
instance005.txt,estructurado,OK,0,75.062983102,0.996037126578714,-1493580.0907508107,-1493580.0,OPTIMAL,-1508456.7029698768,1296.0,877344.0,0.45,23763.0,16561.0,57555.0,18796.0,13696.0,48336.0,20.90224298278837,17.299679971016243,16.017722178785508,1,Model contains large bounds,9e-06,100000.0,0.001,100.0,0.1,4000000.0,1.0,10000000000.0,,,,,25350000000000.0,488500000000.0,1.0,1.5,0.032380375,,,,,,,,,,,,,,7468751.0,,,75.0,,0.0,8.0,75.0,,0.050131763133552,,,,,,,,OK,REVISAR,1.43551733344793e-06,0.0,6.984919309616089e-10,148462826.982498,0.0,4.67293472369781e-09,7.27595761418343e-12,1.78813934326172e-07,1.43551733344793e-06,4.33341749701002e-13,422329.734973571,16.3178437458938,8742202.8073175,148462826.982498,1.0,2.91038304567337e-11,0.0,1.43551733344793e-06,0.0,0.0,0.0,0.0,0.0,1.0,0.0,0.0,0.0,0.0,-1493580.09075081,131.604320707876,23467.7584518655,148462826.982498,0.0,0.0,0.0,2029.0,437.0,1134.0,0.0,0.0,0.0,0.0,-1493580.09075081,-1493580.09075081,,,,,N/D,,,/clusteruy/home/mathiasr/generator-aware-row-scaling/results-revision/coverage-policy/full-1pct/resultados/instance005_estructurado.csv,/clusteruy/home/mathiasr/generator-aware-row-scaling/results-revision/coverage-policy/full-1pct/resultados/instance005_estructurado_postprocesado.csv,/clusteruy/home/mathiasr/generator-aware-row-scaling/results-revision/coverage-policy/full-1pct/logs/instance005_estructurado.log
instance005.txt,estructurado_full,OK,0,88.217461962,0.820459021064009,-1493580.0907511525,-1493580.0,OPTIMAL,-1505834.3033425363,2155.0,1211635.0,0.45,23763.0,16561.0,57555.0,18796.0,13696.0,48336.0,20.90224298278837,17.299679971016243,16.017722178785508,1,Model contains large bounds,9e-06,100000.0,0.001,100.0,0.1,100000.0,1.0,10000000000.0,,,,,25350000000000.0,12240000000.0,1.0,1.5,0.033050459,,,,,,,,,,,,,,11774459.0,,,90.0,,0.0,9.0,90.0,,0.04926443214351,,,,,,,,OK,REVISAR,1.77184119820595e-06,0.0,2.561137080192566e-09,40868645.5241043,0.0,4.73258112441859e-09,7.27595761418343e-12,1.83247029781343e-07,1.77184119820595e-06,1.22262355830511e-11,136760.602167148,25.8328305529628,3812809.85181737,40868645.5241043,1.0,2.91038304567337e-11,0.0,1.77184119820595e-06,0.0,0.0,0.0,0.0,0.0,1.0,0.0,0.0,0.0,0.0,-1493580.09075115,1631.80525173013,23574.6951726069,40868645.5241043,0.0,0.0,0.0,2787.0,485.0,1133.0,0.0,0.0,0.0,0.0,-1493580.09075115,-1493580.09075115,,,,,N/D,,,/clusteruy/home/mathiasr/generator-aware-row-scaling/results-revision/coverage-policy/full-1pct/resultados/instance005_estructurado_full.csv,/clusteruy/home/mathiasr/generator-aware-row-scaling/results-revision/coverage-policy/full-1pct/resultados/instance005_estructurado_full_postprocesado.csv,/clusteruy/home/mathiasr/generator-aware-row-scaling/results-revision/coverage-policy/full-1pct/logs/instance005_estructurado_full.log
instance005.txt,estructurado_plano,OK,0,88.024185958,0.820459021064009,-1493580.0907511525,-1493580.0,OPTIMAL,-1505834.3033425363,2155.0,1211635.0,0.45,23763.0,16561.0,57555.0,18796.0,13696.0,48336.0,20.90224298278837,17.299679971016243,16.017722178785508,1,Model contains large bounds,9e-06,100000.0,0.001,100.0,0.1,100000.0,1.0,10000000000.0,,,,,25350000000000.0,12240000000.0,0.0,0.0,0.019198327,,,,,,,,,,,,,,11774459.0,,,90.0,,0.0,9.0,90.0,,0.050048259072468,,,,,,,,OK,REVISAR,1.77184119820595e-06,0.0,2.561137080192566e-09,40868645.5241043,0.0,4.73258112441859e-09,7.27595761418343e-12,1.83247029781343e-07,1.77184119820595e-06,1.22262355830511e-11,136760.602167148,25.8328305529628,3812809.85181737,40868645.5241043,1.0,2.91038304567337e-11,0.0,1.77184119820595e-06,0.0,0.0,0.0,0.0,0.0,1.0,0.0,0.0,0.0,0.0,-1493580.09075115,1631.80525173013,23574.6951726069,40868645.5241043,0.0,0.0,0.0,2787.0,485.0,1133.0,0.0,0.0,0.0,0.0,-1493580.09075115,-1493580.09075115,,,,,N/D,,,/clusteruy/home/mathiasr/generator-aware-row-scaling/results-revision/coverage-policy/full-1pct/resultados/instance005_estructurado_plano.csv,/clusteruy/home/mathiasr/generator-aware-row-scaling/results-revision/coverage-policy/full-1pct/resultados/instance005_estructurado_plano_postprocesado.csv,/clusteruy/home/mathiasr/generator-aware-row-scaling/results-revision/coverage-policy/full-1pct/logs/instance005_estructurado_plano.log
instance005.txt,estructurado_matricial,OK,0,194.103704404,0.932901322886666,-1493580.09075082,-1493580.0,OPTIMAL,-1507513.7191758063,4761.0,1716362.0,0.47,23763.0,16561.0,57555.0,18796.0,13691.0,48568.0,20.90224298278837,17.329871384578226,15.614629484840588,1,Model contains large bounds,9e-06,100000.0,0.001,100.0,0.02,300000000.0,1.0,10000000000.0,,,,,25350000000000.0,38470000000000.0,1.0,1.001,0.034916361,,,,,,,,,,,,,,17411847.0,,,192.0,,0.0,8.0,192.0,,0.0304503371474,,,,,,,,OK,REVISAR,1.17672607302666e-06,0.0,0.0,148462826.982498,0.0,3.86999381139663e-09,9.09494701772928e-13,1.564621925354e-07,1.17672607302666e-06,5.78867682892284e-13,422329.734973564,16.3178437458937,8742202.80731744,148462826.982498,1.0,1.45519152283669e-11,1.86264514923096e-09,1.17672607302666e-06,0.0,0.0,0.0,0.0,0.0,1.0,0.0,0.0,0.0,0.0,-1493580.09075082,131.604320707876,23467.7584518655,148462826.982498,0.0,0.0,0.0,2029.0,437.0,1133.0,0.0,0.0,0.0,0.0,-1493580.09075082,-1493580.09075082,,,,,N/D,,,/clusteruy/home/mathiasr/generator-aware-row-scaling/results-revision/coverage-policy/full-1pct/resultados/instance005_estructurado_matricial.csv,/clusteruy/home/mathiasr/generator-aware-row-scaling/results-revision/coverage-policy/full-1pct/resultados/instance005_estructurado_matricial_postprocesado.csv,/clusteruy/home/mathiasr/generator-aware-row-scaling/results-revision/coverage-policy/full-1pct/logs/instance005_estructurado_matricial.log
instance005.txt,matricial_full,OK,0,197.121830667,0.917057740839512,-1493580.0907508242,-1493580.0,OPTIMAL,-1507277.0825886924,4688.0,1797161.0,0.45,23763.0,16561.0,57555.0,18796.0,13691.0,48568.0,20.90224298278837,17.329871384578226,15.614629484840588,1,Model contains large bounds,9e-06,100000.0,0.001,100.0,0.02,300000000.0,1.0,10000000000.0,,,,,25350000000000.0,38470000000000.0,1.0,1.001,0.032714103,,,,,,,,,,,,,,20506539.0,,,191.0,,0.0,8.0,191.0,,0.02885895396312,,,,,,,,OK,REVISAR,8.71019437909126e-07,0.0,4.190951585769653e-09,148462826.982498,0.0,3.89269744196754e-09,9.09494701772928e-13,1.564621925354e-07,8.71019437909126e-07,1.06031263106815e-14,422329.734973567,16.3178437458937,8742202.80731744,148462826.982498,1.0,1.45519152283669e-11,1.86264514923096e-09,8.71019437909126e-07,0.0,0.0,0.0,0.0,0.0,0.0,0.0,0.0,0.0,0.0,-1493580.09075082,131.604320707876,23467.7584518654,148462826.982498,0.0,0.0,0.0,2029.0,437.0,1132.0,0.0,0.0,0.0,0.0,-1493580.09075082,-1493580.09075082,,,,,N/D,,,/clusteruy/home/mathiasr/generator-aware-row-scaling/results-revision/coverage-policy/full-1pct/resultados/instance005_matricial_full.csv,/clusteruy/home/mathiasr/generator-aware-row-scaling/results-revision/coverage-policy/full-1pct/resultados/instance005_matricial_full_postprocesado.csv,/clusteruy/home/mathiasr/generator-aware-row-scaling/results-revision/coverage-policy/full-1pct/logs/instance005_matricial_full.log
instance005.txt,matricial_plano,OK,0,196.62011984,0.917057740839512,-1493580.0907508242,-1493580.0,OPTIMAL,-1507277.0825886924,4688.0,1797161.0,0.46,23763.0,16561.0,57555.0,18796.0,13691.0,48568.0,20.90224298278837,17.329871384578226,15.614629484840588,1,Model contains large bounds,9e-06,100000.0,0.001,100.0,0.02,300000000.0,1.0,10000000000.0,,,,,25350000000000.0,38470000000000.0,0.0,0.0,0.020781924,,,,,,,,,,,,,,20506539.0,,,191.0,,0.0,8.0,191.0,,0.029033015085588,,,,,,,,OK,REVISAR,8.71019437909126e-07,0.0,4.190951585769653e-09,148462826.982498,0.0,3.89269744196754e-09,9.09494701772928e-13,1.564621925354e-07,8.71019437909126e-07,1.06031263106815e-14,422329.734973567,16.3178437458937,8742202.80731744,148462826.982498,1.0,1.45519152283669e-11,1.86264514923096e-09,8.71019437909126e-07,0.0,0.0,0.0,0.0,0.0,0.0,0.0,0.0,0.0,0.0,-1493580.09075082,131.604320707876,23467.7584518654,148462826.982498,0.0,0.0,0.0,2029.0,437.0,1132.0,0.0,0.0,0.0,0.0,-1493580.09075082,-1493580.09075082,,,,,N/D,,,/clusteruy/home/mathiasr/generator-aware-row-scaling/results-revision/coverage-policy/full-1pct/resultados/instance005_matricial_plano.csv,/clusteruy/home/mathiasr/generator-aware-row-scaling/results-revision/coverage-policy/full-1pct/resultados/instance005_matricial_plano_postprocesado.csv,/clusteruy/home/mathiasr/generator-aware-row-scaling/results-revision/coverage-policy/full-1pct/logs/instance005_matricial_plano.log
instance009.txt,estructurado,OK,0,8.70637695,0.309750025315507,-11203744.33984205,-11203700.0,OPTIMAL,-11238447.940770995,1.0,19017.0,0.51,23763.0,16561.0,57555.0,18808.0,13853.0,48352.0,20.85174430837857,16.35166958516998,15.989922682651377,1,Model contains large bounds,9e-06,100000.0,0.002,100.0,0.2,4000000.0,1.0,10000000000.0,,,,,16770000000000.0,443100000000.0,1.0,1.5,0.036222276,,,,,,,,,,,,,,460205.0,,,6.0,,0.0,7.0,6.0,,0.348280552655392,,,,,,,,OK,REVISAR,2.65240669250488e-06,0.0,5.029141902923584e-08,17312083.7079268,0.0,6.03989800144998e-09,5.6843418860808e-14,2.38418579101562e-07,1.14920339910896e-08,1.98032014102771e-11,160876.260675057,20.8109133355732,8508587.59680399,17312083.7079268,1.0,4.36557456851006e-11,7.45058059692383e-09,2.65240669250488e-06,0.0,0.0,0.0,0.0,0.0,12.0,0.0,0.0,0.0,0.0,-11203744.339842,675.879507060861,16795.2651747897,17312083.7079268,0.0,0.0,0.0,2087.0,467.0,919.0,0.0,0.0,0.0,0.0,-11203744.339842,-11203744.339842,,,,,N/D,,,/clusteruy/home/mathiasr/generator-aware-row-scaling/results-revision/coverage-policy/full-1pct/resultados/instance009_estructurado.csv,/clusteruy/home/mathiasr/generator-aware-row-scaling/results-revision/coverage-policy/full-1pct/resultados/instance009_estructurado_postprocesado.csv,/clusteruy/home/mathiasr/generator-aware-row-scaling/results-revision/coverage-policy/full-1pct/logs/instance009_estructurado.log
instance009.txt,estructurado_full,OK,0,78.198287259,0.065205960906207,-11203744.339854574,-11203700.0,OPTIMAL,-11211049.84900885,2474.0,663893.0,0.51,23763.0,16561.0,57555.0,18808.0,13853.0,48352.0,20.85174430837857,16.35166958516998,15.989922682651377,1,Model contains large bounds,9e-06,100000.0,0.002,100.0,0.2,80000.0,1.0,10000000000.0,,,,,16770000000000.0,11480000000.0,1.0,1.5,0.033859096,,,,,,,,,,,,,,719206.0,,,86.0,,0.0,9.0,86.0,,0.054548670040279,,,,,,,,OK,REVISAR,1.28224492073059e-05,0.0,2.60770320892334e-08,17312083.7079268,0.0,6.58413945846482e-09,1.13686837721616e-13,2.1748244762421e-07,5.58793544769287e-09,3.42164423315032e-13,158803.206292446,27.3810810935324,8508587.59680232,17312083.7079268,1.0,5.0931703299284e-11,1.28224492073059e-05,5.78537583351135e-06,0.0,0.0,0.0,0.0,1.0,13.0,0.0,0.0,0.0,0.0,-11203744.3398546,1443.62613158634,16828.3041689885,17312083.7079268,0.0,0.0,0.0,2363.0,468.0,922.0,0.0,0.0,0.0,0.0,-11203744.3398546,-11203744.3398546,,,,,N/D,,,/clusteruy/home/mathiasr/generator-aware-row-scaling/results-revision/coverage-policy/full-1pct/resultados/instance009_estructurado_full.csv,/clusteruy/home/mathiasr/generator-aware-row-scaling/results-revision/coverage-policy/full-1pct/resultados/instance009_estructurado_full_postprocesado.csv,/clusteruy/home/mathiasr/generator-aware-row-scaling/results-revision/coverage-policy/full-1pct/logs/instance009_estructurado_full.log
instance009.txt,estructurado_plano,OK,0,78.105341248,0.065205960906207,-11203744.339854574,-11203700.0,OPTIMAL,-11211049.84900885,2474.0,663893.0,0.5,23763.0,16561.0,57555.0,18808.0,13853.0,48352.0,20.85174430837857,16.35166958516998,15.989922682651377,1,Model contains large bounds,9e-06,100000.0,0.002,100.0,0.2,80000.0,1.0,10000000000.0,,,,,16770000000000.0,11480000000.0,0.0,0.0,0.018259476,,,,,,,,,,,,,,719206.0,,,86.0,,0.0,9.0,86.0,,0.054212469008925,,,,,,,,OK,REVISAR,1.28224492073059e-05,0.0,2.60770320892334e-08,17312083.7079268,0.0,6.58413945846482e-09,1.13686837721616e-13,2.1748244762421e-07,5.58793544769287e-09,3.42164423315032e-13,158803.206292446,27.3810810935324,8508587.59680232,17312083.7079268,1.0,5.0931703299284e-11,1.28224492073059e-05,5.78537583351135e-06,0.0,0.0,0.0,0.0,1.0,13.0,0.0,0.0,0.0,0.0,-11203744.3398546,1443.62613158634,16828.3041689885,17312083.7079268,0.0,0.0,0.0,2363.0,468.0,922.0,0.0,0.0,0.0,0.0,-11203744.3398546,-11203744.3398546,,,,,N/D,,,/clusteruy/home/mathiasr/generator-aware-row-scaling/results-revision/coverage-policy/full-1pct/resultados/instance009_estructurado_plano.csv,/clusteruy/home/mathiasr/generator-aware-row-scaling/results-revision/coverage-policy/full-1pct/resultados/instance009_estructurado_plano_postprocesado.csv,/clusteruy/home/mathiasr/generator-aware-row-scaling/results-revision/coverage-policy/full-1pct/logs/instance009_estructurado_plano.log
instance009.txt,estructurado_matricial,OK,0,6.714007735,0.315672507200424,-11203744.339841617,-11203700.0,OPTIMAL,-11239111.48049952,1.0,19480.0,0.52,23763.0,16561.0,57555.0,18814.0,13851.0,48460.0,20.826494971173673,16.36374615059477,15.802276083745982,1,Model contains large bounds,9e-06,100000.0,0.002,100.0,0.03,500000000.0,1.0,10000000000.0,,,,,16770000000000.0,51490000000000.0,1.0,1.0,0.032678341,,,,,,,,,,,,,,2247660.0,,,5.0,,0.0,5.0,5.0,,0.45005844308945,,,,,,,,OK,REVISAR,1.77696347236633e-06,0.0,1.6763806343078613e-08,17312083.7079268,0.0,5.51085502393624e-09,5.6843418860808e-14,2.11764127016068e-07,3.72529029846191e-09,3.1177684701346e-14,160876.260675034,20.8109133355784,8508587.59680225,17312083.7079268,1.0,1.45519152283669e-11,0.0,1.77696347236633e-06,0.0,0.0,0.0,0.0,0.0,13.0,0.0,0.0,0.0,0.0,-11203744.3398416,675.879507060876,16795.2651747935,17312083.7079268,0.0,0.0,0.0,2087.0,467.0,924.0,0.0,0.0,0.0,0.0,-11203744.3398416,-11203744.3398416,,,,,N/D,,,/clusteruy/home/mathiasr/generator-aware-row-scaling/results-revision/coverage-policy/full-1pct/resultados/instance009_estructurado_matricial.csv,/clusteruy/home/mathiasr/generator-aware-row-scaling/results-revision/coverage-policy/full-1pct/resultados/instance009_estructurado_matricial_postprocesado.csv,/clusteruy/home/mathiasr/generator-aware-row-scaling/results-revision/coverage-policy/full-1pct/logs/instance009_estructurado_matricial.log
instance009.txt,matricial_full,OK,0,7.001594934,0.315770339874702,-11203744.339841614,-11203700.0,OPTIMAL,-11239122.441422224,1.0,19862.0,0.51,23763.0,16561.0,57555.0,18814.0,13851.0,48460.0,20.826494971173673,16.36374615059477,15.802276083745982,1,Model contains large bounds,9e-06,100000.0,0.002,100.0,0.03,500000000.0,1.0,10000000000.0,,,,,16770000000000.0,51490000000000.0,1.0,1.0,0.032812685,,,,,,,,,,,,,,2647147.0,,,6.0,,0.0,5.0,6.0,,0.456902242787476,,,,,,,,OK,REVISAR,3.76254320144653e-06,0.0,1.30385160446167e-08,17312083.7079268,0.0,5.28646310585922e-09,5.6843418860808e-14,2.0524486899376e-07,3.72529029846191e-09,3.1177684701346e-14,160876.260675034,20.8109133355784,8508587.59680227,17312083.7079268,1.0,1.45519152283669e-11,0.0,3.76254320144653e-06,0.0,0.0,0.0,0.0,0.0,7.0,0.0,0.0,0.0,0.0,-11203744.3398416,675.879507060876,16795.2651747935,17312083.7079268,0.0,0.0,0.0,2087.0,467.0,920.0,0.0,0.0,0.0,0.0,-11203744.3398416,-11203744.3398416,,,,,N/D,,,/clusteruy/home/mathiasr/generator-aware-row-scaling/results-revision/coverage-policy/full-1pct/resultados/instance009_matricial_full.csv,/clusteruy/home/mathiasr/generator-aware-row-scaling/results-revision/coverage-policy/full-1pct/resultados/instance009_matricial_full_postprocesado.csv,/clusteruy/home/mathiasr/generator-aware-row-scaling/results-revision/coverage-policy/full-1pct/logs/instance009_matricial_full.log
instance009.txt,matricial_plano,OK,0,6.897239474,0.315770339874702,-11203744.339841614,-11203700.0,OPTIMAL,-11239122.441422224,1.0,19862.0,0.5,23763.0,16561.0,57555.0,18814.0,13851.0,48460.0,20.826494971173673,16.36374615059477,15.802276083745982,1,Model contains large bounds,9e-06,100000.0,0.002,100.0,0.03,500000000.0,1.0,10000000000.0,,,,,16770000000000.0,51490000000000.0,0.0,0.0,0.019519106,,,,,,,,,,,,,,2647147.0,,,6.0,,0.0,5.0,6.0,,0.452173838837495,,,,,,,,OK,REVISAR,3.76254320144653e-06,0.0,1.30385160446167e-08,17312083.7079268,0.0,5.28646310585922e-09,5.6843418860808e-14,2.0524486899376e-07,3.72529029846191e-09,3.1177684701346e-14,160876.260675034,20.8109133355784,8508587.59680227,17312083.7079268,1.0,1.45519152283669e-11,0.0,3.76254320144653e-06,0.0,0.0,0.0,0.0,0.0,7.0,0.0,0.0,0.0,0.0,-11203744.3398416,675.879507060876,16795.2651747935,17312083.7079268,0.0,0.0,0.0,2087.0,467.0,920.0,0.0,0.0,0.0,0.0,-11203744.3398416,-11203744.3398416,,,,,N/D,,,/clusteruy/home/mathiasr/generator-aware-row-scaling/results-revision/coverage-policy/full-1pct/resultados/instance009_matricial_plano.csv,/clusteruy/home/mathiasr/generator-aware-row-scaling/results-revision/coverage-policy/full-1pct/resultados/instance009_matricial_plano_postprocesado.csv,/clusteruy/home/mathiasr/generator-aware-row-scaling/results-revision/coverage-policy/full-1pct/logs/instance009_matricial_plano.log
instance010.txt,estructurado,OK,0,6.187582393,0.760343801113811,-17509297.066078372,-17509300.0,OPTIMAL,-17642427.9209389,1.0,19303.0,0.52,23763.0,16561.0,57555.0,21064.0,14956.0,53737.0,11.357993519336784,9.691443753396534,6.6336547650073845,1,Model contains large bounds,9e-06,100000.0,0.0001,100.0,0.6,5000000.0,1.0,10000000000.0,,,,,19560000000000.0,552200000000.0,1.0,1.5,0.032357197,,,,,,,,,,,,,,43024.0,,,5.0,,,,5.0,,0.526320416762106,,,,,,,,REVISAR,REVISAR,0.00131654739379883,0.0,2.60770320892334e-08,138742602.439427,0.0,1.20142583827196e-07,1.03419495189882e-11,8.5681676864624e-08,1.15362418000586e-05,2.9257630486603e-10,460533.047620155,8.63195837716793,16112725.2613665,138742602.439427,0.931868814198599,1.15362418000586e-05,7.45058059692383e-09,0.00131654739379883,0.0,0.0,0.0,2.0,0.0,108.0,0.0,0.0,0.0,0.0,-17509297.0660784,727.088259504802,14095.1641863916,138742602.439427,0.0,0.0,0.0,641.0,414.0,993.0,0.0,0.0,0.0,0.0,-17509297.0660784,-17509297.0660784,,,,,N/D,,,/clusteruy/home/mathiasr/generator-aware-row-scaling/results-revision/coverage-policy/full-1pct/resultados/instance010_estructurado.csv,/clusteruy/home/mathiasr/generator-aware-row-scaling/results-revision/coverage-policy/full-1pct/resultados/instance010_estructurado_postprocesado.csv,/clusteruy/home/mathiasr/generator-aware-row-scaling/results-revision/coverage-policy/full-1pct/logs/instance010_estructurado.log
instance010.txt,estructurado_full,OK,0,6.222919205,0.998811662761684,-17486227.462406207,-17486200.0,OPTIMAL,-17660881.941677757,1.0,18452.0,0.52,23763.0,16561.0,57555.0,21064.0,14956.0,53737.0,11.357993519336784,9.691443753396534,6.6336547650073845,1,Model contains large bounds,9e-06,100000.0,0.0001,100.0,0.6,90000.0,1.0,10000000000.0,,,,,19560000000000.0,11660000000.0,1.0,1.5,0.030666698,,,,,,,,,,,,,,8171628.0,,,5.0,,0.0,6.0,5.0,,0.44710909377317,,,,,,,,REVISAR,REVISAR,0.00131607055664062,0.0,7.450580596923828e-09,33777883.8711885,0.0,3.57844907810127e-07,1.67631242220522e-11,4.28806990385056e-06,6.21069436874677e-05,8.75539535982739e-07,134064.226202917,7.28883681406645,5513431.06137755,33777883.8711885,0.999999999999969,6.21069436874677e-05,9.58528835326433e-06,0.00131607055664062,4.34411847145893e-07,7.11258735464071e-07,0.0,20.0,1.0,315.0,0.0,0.0,0.0,0.0,-17486227.4624062,1777.66008956102,11654.7844024827,33777883.8711885,4.34411847145893e-07,7.11258735464071e-07,0.0,1061.0,452.0,922.0,0.0,0.0,0.0,0.0,-17486227.4624062,-17486227.4624062,,,,,N/D,,,/clusteruy/home/mathiasr/generator-aware-row-scaling/results-revision/coverage-policy/full-1pct/resultados/instance010_estructurado_full.csv,/clusteruy/home/mathiasr/generator-aware-row-scaling/results-revision/coverage-policy/full-1pct/resultados/instance010_estructurado_full_postprocesado.csv,/clusteruy/home/mathiasr/generator-aware-row-scaling/results-revision/coverage-policy/full-1pct/logs/instance010_estructurado_full.log
instance010.txt,estructurado_plano,OK,0,6.258427109,0.998811662761684,-17486227.462406207,-17486200.0,OPTIMAL,-17660881.941677757,1.0,18452.0,0.53,23763.0,16561.0,57555.0,21064.0,14956.0,53737.0,11.357993519336784,9.691443753396534,6.6336547650073845,1,Model contains large bounds,9e-06,100000.0,0.0001,100.0,0.6,90000.0,1.0,10000000000.0,,,,,19560000000000.0,11660000000.0,0.0,0.0,0.020157737,,,,,,,,,,,,,,8171628.0,,,5.0,,0.0,6.0,5.0,,0.448288246303589,,,,,,,,REVISAR,REVISAR,0.00131607055664062,0.0,7.450580596923828e-09,33777883.8711885,0.0,3.57844907810127e-07,1.67631242220522e-11,4.28806990385056e-06,6.21069436874677e-05,8.75539535982739e-07,134064.226202917,7.28883681406645,5513431.06137755,33777883.8711885,0.999999999999969,6.21069436874677e-05,9.58528835326433e-06,0.00131607055664062,4.34411847145893e-07,7.11258735464071e-07,0.0,20.0,1.0,315.0,0.0,0.0,0.0,0.0,-17486227.4624062,1777.66008956102,11654.7844024827,33777883.8711885,4.34411847145893e-07,7.11258735464071e-07,0.0,1061.0,452.0,922.0,0.0,0.0,0.0,0.0,-17486227.4624062,-17486227.4624062,,,,,N/D,,,/clusteruy/home/mathiasr/generator-aware-row-scaling/results-revision/coverage-policy/full-1pct/resultados/instance010_estructurado_plano.csv,/clusteruy/home/mathiasr/generator-aware-row-scaling/results-revision/coverage-policy/full-1pct/resultados/instance010_estructurado_plano_postprocesado.csv,/clusteruy/home/mathiasr/generator-aware-row-scaling/results-revision/coverage-policy/full-1pct/logs/instance010_estructurado_plano.log
instance010.txt,estructurado_matricial,OK,0,5.929046627,0.764042034571664,-17510876.131647233,-17510900.0,OPTIMAL,-17644666.585914794,1.0,19627.0,0.53,23763.0,16561.0,57555.0,21063.0,14955.0,53737.0,11.362201742204267,9.69748203610893,6.6336547650073845,1,Model contains large bounds,9e-06,100000.0,0.0001,100.0,0.4,500000000.0,1.0,10000000000.0,,,,,19560000000000.0,51240000000000.0,1.0,1.0,0.033717807,,,,,,,,,,,,,,217884.0,,,5.0,,,,5.0,,0.52468866207116,,,,,,,,OK,REVISAR,5.81741333007812e-05,0.0,3.3527612686157227e-08,138742602.439434,0.0,2.75364734790454e-08,8.86757334228605e-12,9.16235148906717e-08,1.24592334032059e-05,2.92260076624042e-10,460533.054597638,8.74638181541106,16112725.2613665,138742602.439434,0.931868814198599,1.15237708087079e-05,7.45058059692383e-09,5.81741333007812e-05,0.0,0.0,0.0,2.0,0.0,88.0,0.0,0.0,0.0,0.0,-17510876.1316472,727.088259504562,14095.164186391,138742602.439434,0.0,0.0,0.0,662.0,414.0,920.0,0.0,0.0,0.0,0.0,-17510876.1316472,-17510876.1316472,,,,,N/D,,,/clusteruy/home/mathiasr/generator-aware-row-scaling/results-revision/coverage-policy/full-1pct/resultados/instance010_estructurado_matricial.csv,/clusteruy/home/mathiasr/generator-aware-row-scaling/results-revision/coverage-policy/full-1pct/resultados/instance010_estructurado_matricial_postprocesado.csv,/clusteruy/home/mathiasr/generator-aware-row-scaling/results-revision/coverage-policy/full-1pct/logs/instance010_estructurado_matricial.log
instance010.txt,matricial_full,OK,0,5.96933283,0.834534466252835,-17501021.20069615,-17501000.0,OPTIMAL,-17647073.254562177,1.0,20971.0,0.53,23763.0,16561.0,57555.0,21063.0,14955.0,53737.0,11.362201742204267,9.69748203610893,6.6336547650073845,1,Model contains large bounds,9e-06,100000.0,0.0001,100.0,0.4,500000000.0,1.0,10000000000.0,,,,,19560000000000.0,51240000000000.0,1.0,1.0,0.033525282,,,,,,,,,,,,,,264529.0,,,5.0,,,,5.0,,0.520561598136927,,,,,,,,OK,REVISAR,5.02914190292358e-07,0.0,5.21540641784668e-08,138742602.43938,0.0,4.17156212682301e-09,8.5265128291212e-14,1.19209289550781e-07,1.63912773132324e-07,3.63572811086973e-11,460533.107771281,10.1411183451935,16112725.2613743,138742602.43938,0.931868814198613,3.63572811086973e-11,7.45058059692383e-09,5.02914190292358e-07,2.48352686564128e-10,0.0,0.0,0.0,0.0,0.0,0.0,0.0,0.0,0.0,-17501021.2006961,727.088255479648,14095.1641863894,138742602.43938,2.48352686564128e-10,0.0,0.0,614.0,414.0,906.0,0.0,0.0,0.0,0.0,-17501021.2006961,-17501021.2006961,,,,,N/D,,,/clusteruy/home/mathiasr/generator-aware-row-scaling/results-revision/coverage-policy/full-1pct/resultados/instance010_matricial_full.csv,/clusteruy/home/mathiasr/generator-aware-row-scaling/results-revision/coverage-policy/full-1pct/resultados/instance010_matricial_full_postprocesado.csv,/clusteruy/home/mathiasr/generator-aware-row-scaling/results-revision/coverage-policy/full-1pct/logs/instance010_matricial_full.log
instance010.txt,matricial_plano,OK,0,5.92887467,0.834534466252835,-17501021.20069615,-17501000.0,OPTIMAL,-17647073.254562177,1.0,20971.0,0.53,23763.0,16561.0,57555.0,21063.0,14955.0,53737.0,11.362201742204267,9.69748203610893,6.6336547650073845,1,Model contains large bounds,9e-06,100000.0,0.0001,100.0,0.4,500000000.0,1.0,10000000000.0,,,,,19560000000000.0,51240000000000.0,0.0,0.0,0.019140292,,,,,,,,,,,,,,264529.0,,,5.0,,,,5.0,,0.518503262237516,,,,,,,,OK,REVISAR,5.02914190292358e-07,0.0,5.21540641784668e-08,138742602.43938,0.0,4.17156212682301e-09,8.5265128291212e-14,1.19209289550781e-07,1.63912773132324e-07,3.63572811086973e-11,460533.107771281,10.1411183451935,16112725.2613743,138742602.43938,0.931868814198613,3.63572811086973e-11,7.45058059692383e-09,5.02914190292358e-07,2.48352686564128e-10,0.0,0.0,0.0,0.0,0.0,0.0,0.0,0.0,0.0,-17501021.2006961,727.088255479648,14095.1641863894,138742602.43938,2.48352686564128e-10,0.0,0.0,614.0,414.0,906.0,0.0,0.0,0.0,0.0,-17501021.2006961,-17501021.2006961,,,,,N/D,,,/clusteruy/home/mathiasr/generator-aware-row-scaling/results-revision/coverage-policy/full-1pct/resultados/instance010_matricial_plano.csv,/clusteruy/home/mathiasr/generator-aware-row-scaling/results-revision/coverage-policy/full-1pct/resultados/instance010_matricial_plano_postprocesado.csv,/clusteruy/home/mathiasr/generator-aware-row-scaling/results-revision/coverage-policy/full-1pct/logs/instance010_matricial_plano.log
instance011.txt,estructurado,OK,0,114.512435928,0.99141523899869,-4634366.014358097,-4634370.0,OPTIMAL,-4680311.825255419,2194.0,342405.0,0.52,23763.0,16561.0,57555.0,19621.0,14209.0,50808.0,17.430459117114843,14.20204093955679,11.722700026062027,1,Model contains large bounds,9e-06,100000.0,0.0003,100.0,0.4,5000000.0,1.0,10000000000.0,,,,,20700000000000.0,559400000000.0,1.0,1.5,0.036101262,,,,,,,,,,,,,,2102837.0,,,117.0,,0.0,14.0,117.0,,0.035354933459596,,,,,,,,OK,REVISAR,8.10623168945312e-06,0.0,6.51925802230835e-09,115650364.002059,0.0,5.45146098393884e-09,5.6843418860808e-14,1.62757933139803e-07,2.55182385444641e-07,8.43167231416758e-09,253283.599312437,6.944788028719,13531521.0855772,115650364.002059,1.0,3.814697265625e-06,0.0,8.10623168945312e-06,5.7595848963276e-08,0.0,0.0,1.0,0.0,5.0,0.0,0.0,0.0,0.0,-4634366.01435809,1399.86244489079,17115.5061469664,115650364.002059,5.7595848963276e-08,0.0,0.0,824.0,419.0,851.0,0.0,0.0,0.0,0.0,-4634366.01435809,-4634366.01435809,,,,,N/D,,,/clusteruy/home/mathiasr/generator-aware-row-scaling/results-revision/coverage-policy/full-1pct/resultados/instance011_estructurado.csv,/clusteruy/home/mathiasr/generator-aware-row-scaling/results-revision/coverage-policy/full-1pct/resultados/instance011_estructurado_postprocesado.csv,/clusteruy/home/mathiasr/generator-aware-row-scaling/results-revision/coverage-policy/full-1pct/logs/instance011_estructurado.log
instance011.txt,estructurado_full,OK,0,131.776747011,0.969815043637285,-4633790.175778887,-4633790.0,OPTIMAL,-4678729.3699941775,2613.0,400344.0,0.53,23763.0,16561.0,57555.0,19621.0,14209.0,50808.0,17.430459117114843,14.20204093955679,11.722700026062027,1,Model contains large bounds,9e-06,100000.0,0.0003,100.0,0.4,90000.0,1.0,10000000000.0,,,,,20700000000000.0,12920000000.0,1.0,1.5,0.033712444,,,,,,,,,,,,,,3349976.0,,,136.0,,0.0,14.0,136.0,,0.037586821793908,,,,,,,,OK,REVISAR,2.80549966191757e-06,0.0,2.7939677238464355e-09,28627355.0097587,0.0,3.07195559988664e-09,7.105427357601e-14,1.15483999252319e-07,1.37835741043091e-07,2.92397282556628e-09,131611.803691651,10.3112522756852,4009726.25953133,28627355.0097587,1.0,2.92397282556628e-09,0.0,2.80549966191757e-06,8.55031279518458e-08,0.0,0.0,0.0,0.0,2.0,0.0,0.0,0.0,0.0,-4633790.17577889,1582.26071411754,18296.8857510999,28627355.0097587,8.55031279518458e-08,0.0,0.0,1303.0,434.0,846.0,0.0,0.0,0.0,0.0,-4633790.17577889,-4633790.17577889,,,,,N/D,,,/clusteruy/home/mathiasr/generator-aware-row-scaling/results-revision/coverage-policy/full-1pct/resultados/instance011_estructurado_full.csv,/clusteruy/home/mathiasr/generator-aware-row-scaling/results-revision/coverage-policy/full-1pct/resultados/instance011_estructurado_full_postprocesado.csv,/clusteruy/home/mathiasr/generator-aware-row-scaling/results-revision/coverage-policy/full-1pct/logs/instance011_estructurado_full.log
instance011.txt,estructurado_plano,OK,0,131.711269034,0.969815043637285,-4633790.175778887,-4633790.0,OPTIMAL,-4678729.3699941775,2613.0,400344.0,0.53,23763.0,16561.0,57555.0,19621.0,14209.0,50808.0,17.430459117114843,14.20204093955679,11.722700026062027,1,Model contains large bounds,9e-06,100000.0,0.0003,100.0,0.4,90000.0,1.0,10000000000.0,,,,,20700000000000.0,12920000000.0,0.0,0.0,0.022741927,,,,,,,,,,,,,,3349976.0,,,136.0,,0.0,14.0,136.0,,0.037797182233691,,,,,,,,OK,REVISAR,2.80549966191757e-06,0.0,2.7939677238464355e-09,28627355.0097587,0.0,3.07195559988664e-09,7.105427357601e-14,1.15483999252319e-07,1.37835741043091e-07,2.92397282556628e-09,131611.803691651,10.3112522756852,4009726.25953133,28627355.0097587,1.0,2.92397282556628e-09,0.0,2.80549966191757e-06,8.55031279518458e-08,0.0,0.0,0.0,0.0,2.0,0.0,0.0,0.0,0.0,-4633790.17577889,1582.26071411754,18296.8857510999,28627355.0097587,8.55031279518458e-08,0.0,0.0,1303.0,434.0,846.0,0.0,0.0,0.0,0.0,-4633790.17577889,-4633790.17577889,,,,,N/D,,,/clusteruy/home/mathiasr/generator-aware-row-scaling/results-revision/coverage-policy/full-1pct/resultados/instance011_estructurado_plano.csv,/clusteruy/home/mathiasr/generator-aware-row-scaling/results-revision/coverage-policy/full-1pct/resultados/instance011_estructurado_plano_postprocesado.csv,/clusteruy/home/mathiasr/generator-aware-row-scaling/results-revision/coverage-policy/full-1pct/logs/instance011_estructurado_plano.log
instance011.txt,estructurado_matricial,OK,0,100.776392165,0.974991572196261,-4636258.587326526,-4636260.0,OPTIMAL,-4681461.717818185,2323.0,932269.0,0.51,23763.0,16561.0,57555.0,19621.0,14209.0,50808.0,17.430459117114843,14.20204093955679,11.722700026062027,1,Model contains large bounds,9e-06,100000.0,0.0003,100.0,0.1,500000000.0,1.0,10000000000.0,,,,,20700000000000.0,51360000000000.0,1.0,1.0,0.032519573,,,,,,,,,,,,,,21618566.0,,,98.0,,0.0,13.0,98.0,,0.039019169903648,,,,,,,,OK,REVISAR,1.59256160259247e-06,0.0,5.587935447692871e-09,115650364.002059,0.0,2.78137091024174e-09,5.6843418860808e-14,9.28435474634175e-08,2.27242708206177e-07,9.29389898374211e-12,253202.968926572,6.97172599427531,13494893.3802827,115650364.002059,1.0,4.76837158203125e-07,0.0,1.59256160259247e-06,8.25096766153971e-11,2.27373675443232e-13,0.0,0.0,0.0,4.0,0.0,0.0,0.0,0.0,-4636258.58732652,1399.86244489079,16540.063665741,115650364.002059,8.25096766153971e-11,2.27373675443232e-13,0.0,844.0,421.0,848.0,0.0,0.0,0.0,0.0,-4636258.58732652,-4636258.58732652,,,,,N/D,,,/clusteruy/home/mathiasr/generator-aware-row-scaling/results-revision/coverage-policy/full-1pct/resultados/instance011_estructurado_matricial.csv,/clusteruy/home/mathiasr/generator-aware-row-scaling/results-revision/coverage-policy/full-1pct/resultados/instance011_estructurado_matricial_postprocesado.csv,/clusteruy/home/mathiasr/generator-aware-row-scaling/results-revision/coverage-policy/full-1pct/logs/instance011_estructurado_matricial.log
instance011.txt,matricial_full,OK,0,163.00961672,0.991696609564243,-4634766.170135678,-4634770.0,OPTIMAL,-4680728.989106144,2827.0,615944.0,0.52,23763.0,16561.0,57555.0,19621.0,14209.0,50808.0,17.430459117114843,14.20204093955679,11.722700026062027,1,Model contains large bounds,9e-06,100000.0,0.0003,100.0,0.1,500000000.0,1.0,10000000000.0,,,,,20700000000000.0,51360000000000.0,1.0,1.0,0.032644939,,,,,,,,,,,,,,11473654.0,,,161.0,,0.0,14.0,161.0,,0.027868091303058,,,,,,,,OK,REVISAR,1.73225998878479e-06,0.0,7.450580596923828e-09,115650364.002059,0.0,3.95649782831469e-09,5.6843418860808e-14,1.19209289550781e-07,1.58324837684631e-07,9.33483854854534e-13,253559.438020586,6.9166585151897,13531362.7849961,115650364.002059,1.0,7.15255737304688e-07,0.0,1.73225998878479e-06,0.0,0.0,0.0,0.0,0.0,1.0,0.0,0.0,0.0,0.0,-4634766.17013567,1399.86244489078,17115.5061469664,115650364.002059,0.0,0.0,0.0,836.0,419.0,849.0,0.0,0.0,0.0,0.0,-4634766.17013567,-4634766.17013567,,,,,N/D,,,/clusteruy/home/mathiasr/generator-aware-row-scaling/results-revision/coverage-policy/full-1pct/resultados/instance011_matricial_full.csv,/clusteruy/home/mathiasr/generator-aware-row-scaling/results-revision/coverage-policy/full-1pct/resultados/instance011_matricial_full_postprocesado.csv,/clusteruy/home/mathiasr/generator-aware-row-scaling/results-revision/coverage-policy/full-1pct/logs/instance011_matricial_full.log
instance011.txt,matricial_plano,OK,0,163.058244548,0.991696609564243,-4634766.170135678,-4634770.0,OPTIMAL,-4680728.989106144,2827.0,615944.0,0.52,23763.0,16561.0,57555.0,19621.0,14209.0,50808.0,17.430459117114843,14.20204093955679,11.722700026062027,1,Model contains large bounds,9e-06,100000.0,0.0003,100.0,0.1,500000000.0,1.0,10000000000.0,,,,,20700000000000.0,51360000000000.0,0.0,0.0,0.01867196,,,,,,,,,,,,,,11473654.0,,,161.0,,0.0,14.0,161.0,,0.028190175061093,,,,,,,,OK,REVISAR,1.73225998878479e-06,0.0,7.450580596923828e-09,115650364.002059,0.0,3.95649782831469e-09,5.6843418860808e-14,1.19209289550781e-07,1.58324837684631e-07,9.33483854854534e-13,253559.438020586,6.9166585151897,13531362.7849961,115650364.002059,1.0,7.15255737304688e-07,0.0,1.73225998878479e-06,0.0,0.0,0.0,0.0,0.0,1.0,0.0,0.0,0.0,0.0,-4634766.17013567,1399.86244489078,17115.5061469664,115650364.002059,0.0,0.0,0.0,836.0,419.0,849.0,0.0,0.0,0.0,0.0,-4634766.17013567,-4634766.17013567,,,,,N/D,,,/clusteruy/home/mathiasr/generator-aware-row-scaling/results-revision/coverage-policy/full-1pct/resultados/instance011_matricial_plano.csv,/clusteruy/home/mathiasr/generator-aware-row-scaling/results-revision/coverage-policy/full-1pct/resultados/instance011_matricial_plano_postprocesado.csv,/clusteruy/home/mathiasr/generator-aware-row-scaling/results-revision/coverage-policy/full-1pct/logs/instance011_matricial_plano.log
instance012.txt,estructurado,OK,0,403.218140665,0.361421969600639,-6084232.518882712,-6084230.0,OPTIMAL,-6106222.271887541,16118.0,3436760.0,0.42,23763.0,16561.0,57555.0,21467.0,15092.0,54627.0,9.66207970374111,8.870237304510598,5.08730779254626,1,Model contains large bounds,1e-05,90000.0,0.0001,100.0,4.0,6000000.0,1.0,10000000000.0,,,,,12010000000000.0,517900000000.0,1.0,1.5,0.032676481,,,,,,,,,,,,,,672561.0,,,441.0,,0.0,16.0,441.0,,0.031639025288018,,,,,,,,OK,REVISAR,1.58697366714478e-06,0.0,2.7939677238464355e-09,36892133.6386758,0.0,4.93860067591995e-09,3.09796632791342e-13,2.08616256713867e-07,2.34693288803101e-07,3.56494093072511e-14,217724.008579571,2.36588478132477,14252074.4612253,36892133.6386758,0.195254342812695,1.45519152283669e-11,0.0,1.58697366714478e-06,0.0,0.0,0.0,0.0,0.0,9.0,0.0,0.0,0.0,0.0,-6084232.51888271,142.103604487431,287.204410570805,36892133.6386758,0.0,0.0,0.0,941.0,21.0,907.0,0.0,0.0,0.0,0.0,-6084232.51888271,-6084232.51888271,,,,,N/D,,,/clusteruy/home/mathiasr/generator-aware-row-scaling/results-revision/coverage-policy/full-1pct/resultados/instance012_estructurado.csv,/clusteruy/home/mathiasr/generator-aware-row-scaling/results-revision/coverage-policy/full-1pct/resultados/instance012_estructurado_postprocesado.csv,/clusteruy/home/mathiasr/generator-aware-row-scaling/results-revision/coverage-policy/full-1pct/logs/instance012_estructurado.log
instance012.txt,estructurado_full,OK,0,102.302918653,0.897595594840954,-6057403.689362624,-6057400.0,OPTIMAL,-6111774.678040076,1068.0,441989.0,0.42,23763.0,16561.0,57555.0,21467.0,15092.0,54627.0,9.66207970374111,8.870237304510598,5.08730779254626,1,Model contains large bounds,1e-05,90000.0,0.0001,100.0,4.0,70000.0,1.0,10000000000.0,,,,,12010000000000.0,8706000000.0,1.0,1.5,0.030702627,,,,,,,,,,,,,,10502631.0,,,110.0,,0.0,17.0,110.0,,0.062643500821473,,,,,,,,OK,REVISAR,3.35851218551397e-05,0.0,3.725290298461914e-09,14226174.6938168,0.0,8.3498870649287e-09,4.54747350886464e-13,1.11758708953857e-07,1.564621925354e-07,1.21726930976226e-13,43066.2126193409,3.38666518992959,2674509.12395185,14226174.6938168,0.394234369150144,7.62939453125e-06,1.16415321826935e-10,3.35851218551397e-05,0.0,4.54747350886464e-13,0.0,2.0,0.0,19.0,0.0,0.0,0.0,0.0,-6057403.68936262,1447.63085353537,704.889556375463,14226174.6938168,0.0,0.0,0.0,2108.0,50.0,919.0,0.0,0.0,0.0,0.0,-6057403.68936262,-6057403.68936262,,,,,N/D,,,/clusteruy/home/mathiasr/generator-aware-row-scaling/results-revision/coverage-policy/full-1pct/resultados/instance012_estructurado_full.csv,/clusteruy/home/mathiasr/generator-aware-row-scaling/results-revision/coverage-policy/full-1pct/resultados/instance012_estructurado_full_postprocesado.csv,/clusteruy/home/mathiasr/generator-aware-row-scaling/results-revision/coverage-policy/full-1pct/logs/instance012_estructurado_full.log
instance012.txt,estructurado_plano,OK,0,101.984753928,0.897595594840954,-6057403.689362624,-6057400.0,OPTIMAL,-6111774.678040076,1068.0,441989.0,0.44,23763.0,16561.0,57555.0,21467.0,15092.0,54627.0,9.66207970374111,8.870237304510598,5.08730779254626,1,Model contains large bounds,1e-05,90000.0,0.0001,100.0,4.0,70000.0,1.0,10000000000.0,,,,,12010000000000.0,8706000000.0,0.0,0.0,0.018813232,,,,,,,,,,,,,,10502631.0,,,110.0,,0.0,17.0,110.0,,0.063036422414707,,,,,,,,OK,REVISAR,3.35851218551397e-05,0.0,3.725290298461914e-09,14226174.6938168,0.0,8.3498870649287e-09,4.54747350886464e-13,1.11758708953857e-07,1.564621925354e-07,1.21726930976226e-13,43066.2126193409,3.38666518992959,2674509.12395185,14226174.6938168,0.394234369150144,7.62939453125e-06,1.16415321826935e-10,3.35851218551397e-05,0.0,4.54747350886464e-13,0.0,2.0,0.0,19.0,0.0,0.0,0.0,0.0,-6057403.68936262,1447.63085353537,704.889556375463,14226174.6938168,0.0,0.0,0.0,2108.0,50.0,919.0,0.0,0.0,0.0,0.0,-6057403.68936262,-6057403.68936262,,,,,N/D,,,/clusteruy/home/mathiasr/generator-aware-row-scaling/results-revision/coverage-policy/full-1pct/resultados/instance012_estructurado_plano.csv,/clusteruy/home/mathiasr/generator-aware-row-scaling/results-revision/coverage-policy/full-1pct/resultados/instance012_estructurado_plano_postprocesado.csv,/clusteruy/home/mathiasr/generator-aware-row-scaling/results-revision/coverage-policy/full-1pct/logs/instance012_estructurado_plano.log
instance012.txt,estructurado_matricial,OK,0,287.954725625,0.56974586247574,-6078192.99469085,-6078190.0,OPTIMAL,-6112823.247791392,5035.0,1476412.0,0.42,23763.0,16561.0,57555.0,21467.0,15092.0,54627.0,9.66207970374111,8.870237304510598,5.08730779254626,1,Model contains large bounds,1e-05,90000.0,0.0001,100.0,10.0,400000000.0,1.0,10000000000.0,,,,,12010000000000.0,40420000000000.0,1.0,1.0,0.03271974,,,,,,,,,,,,,,43417764.0,,,318.0,,0.0,17.0,318.0,,0.030287671809021,,,,,,,,OK,REVISAR,1.9073486328125e-06,0.0,0.0,37804799.5898575,0.0,3.62790328160396e-09,1.13686837721616e-13,1.28699466586113e-07,4.06056642532349e-07,7.94818035691645e-13,205802.946800193,2.66644940092975,14174103.5727224,37804799.5898575,0.194729909154773,1.9073486328125e-06,1.86264514923096e-09,1.43097713589668e-06,0.0,0.0,0.0,1.0,0.0,1.0,0.0,0.0,0.0,0.0,-6078192.99469085,200.453408564666,245.90429742221,37804799.5898575,0.0,0.0,0.0,964.0,7.0,901.0,0.0,0.0,0.0,0.0,-6078192.99469085,-6078192.99469085,,,,,N/D,,,/clusteruy/home/mathiasr/generator-aware-row-scaling/results-revision/coverage-policy/full-1pct/resultados/instance012_estructurado_matricial.csv,/clusteruy/home/mathiasr/generator-aware-row-scaling/results-revision/coverage-policy/full-1pct/resultados/instance012_estructurado_matricial_postprocesado.csv,/clusteruy/home/mathiasr/generator-aware-row-scaling/results-revision/coverage-policy/full-1pct/logs/instance012_estructurado_matricial.log
instance012.txt,matricial_full,OK,0,288.965359995,0.998889898059141,-6050160.146022846,-6050160.0,OPTIMAL,-6110594.584537868,8388.0,1608202.0,0.42,23763.0,16561.0,57555.0,21467.0,15092.0,54627.0,9.66207970374111,8.870237304510598,5.08730779254626,1,Model contains large bounds,1e-05,90000.0,0.0001,100.0,10.0,400000000.0,1.0,10000000000.0,,,,,12010000000000.0,40420000000000.0,1.0,1.0,0.033416895,,,,,,,,,,,,,,51155844.0,,,332.0,,0.0,16.0,332.0,,0.03530771620646,,,,,,,,OK,REVISAR,9.1899186372757e-05,0.0,5.587935447692871e-09,32945927.0024724,0.0,2.82492985566804e-08,2.45421460931529e-12,1.475028693676e-07,9.1899186372757e-05,5.70831956130932e-10,199347.490376289,2.74344794742619,13991993.1010432,32945927.0024724,0.197535638428885,6.25373431830667e-05,1.86264514923096e-09,9.1899186372757e-05,5.38028309790521e-07,0.0,0.0,6.0,0.0,50.0,0.0,0.0,0.0,0.0,-6050160.14602284,274.68071035001,463.334215516719,32945927.0024724,5.38028309790521e-07,0.0,0.0,984.0,5.0,914.0,0.0,0.0,0.0,0.0,-6050160.14602284,-6050160.14602284,,,,,N/D,,,/clusteruy/home/mathiasr/generator-aware-row-scaling/results-revision/coverage-policy/full-1pct/resultados/instance012_matricial_full.csv,/clusteruy/home/mathiasr/generator-aware-row-scaling/results-revision/coverage-policy/full-1pct/resultados/instance012_matricial_full_postprocesado.csv,/clusteruy/home/mathiasr/generator-aware-row-scaling/results-revision/coverage-policy/full-1pct/logs/instance012_matricial_full.log
instance012.txt,matricial_plano,OK,0,289.339918382,0.998889898059141,-6050160.146022846,-6050160.0,OPTIMAL,-6110594.584537868,8388.0,1608202.0,0.42,23763.0,16561.0,57555.0,21467.0,15092.0,54627.0,9.66207970374111,8.870237304510598,5.08730779254626,1,Model contains large bounds,1e-05,90000.0,0.0001,100.0,10.0,400000000.0,1.0,10000000000.0,,,,,12010000000000.0,40420000000000.0,0.0,0.0,0.017815788,,,,,,,,,,,,,,51155844.0,,,332.0,,0.0,17.0,332.0,,0.035433933113407,,,,,,,,OK,REVISAR,9.1899186372757e-05,0.0,5.587935447692871e-09,32945927.0024724,0.0,2.82492985566804e-08,2.45421460931529e-12,1.475028693676e-07,9.1899186372757e-05,5.70831956130932e-10,199347.490376289,2.74344794742619,13991993.1010432,32945927.0024724,0.197535638428885,6.25373431830667e-05,1.86264514923096e-09,9.1899186372757e-05,5.38028309790521e-07,0.0,0.0,6.0,0.0,50.0,0.0,0.0,0.0,0.0,-6050160.14602284,274.68071035001,463.334215516719,32945927.0024724,5.38028309790521e-07,0.0,0.0,984.0,5.0,914.0,0.0,0.0,0.0,0.0,-6050160.14602284,-6050160.14602284,,,,,N/D,,,/clusteruy/home/mathiasr/generator-aware-row-scaling/results-revision/coverage-policy/full-1pct/resultados/instance012_matricial_plano.csv,/clusteruy/home/mathiasr/generator-aware-row-scaling/results-revision/coverage-policy/full-1pct/resultados/instance012_matricial_plano_postprocesado.csv,/clusteruy/home/mathiasr/generator-aware-row-scaling/results-revision/coverage-policy/full-1pct/logs/instance012_matricial_plano.log
instance014.txt,estructurado,OK,0,2.800587688,0.000240524357365,-1696763.9803210627,-1696760.0,OPTIMAL,-1696768.0614517224,1.0,17599.0,0.44,23763.0,16561.0,57555.0,20032.0,14356.0,52246.0,15.700879518579304,13.314413380834491,9.224220311006864,1,Model contains large bounds,2e-05,70000.0,0.0001,100.0,3.0,5000000.0,1.0,10000000000.0,,,,,8348000000000.0,353300000000.0,1.0,1.5,0.032040917,,,,,,,,,,,,,,1127815.0,,,2.0,,,,2.0,,0.499245037662987,,,,,,,,OK,REVISAR,2.81333923339844e-05,0.0,2.7939677238464355e-09,487403798.505569,0.0,1.17441106468345e-08,1.27897692436818e-13,2.38418579101562e-07,2.38418579101562e-07,3.16713885017219e-09,959187.591567308,5.87509780203717,12562633.1191154,487403798.505569,1.0,2.38418579101562e-07,1.86264514923096e-09,2.81333923339844e-05,7.0621340541851e-08,1.40762494993396e-07,0.0,0.0,0.0,11.0,0.0,0.0,0.0,0.0,-1696763.98032106,32496.6325074347,5551.09813687945,487403798.505569,7.0621340541851e-08,1.40762494993396e-07,0.0,783.0,100.0,874.0,0.0,0.0,0.0,0.0,-1696763.98032106,-1696763.98032106,,,,,N/D,,,/clusteruy/home/mathiasr/generator-aware-row-scaling/results-revision/coverage-policy/full-1pct/resultados/instance014_estructurado.csv,/clusteruy/home/mathiasr/generator-aware-row-scaling/results-revision/coverage-policy/full-1pct/resultados/instance014_estructurado_postprocesado.csv,/clusteruy/home/mathiasr/generator-aware-row-scaling/results-revision/coverage-policy/full-1pct/logs/instance014_estructurado.log
instance014.txt,estructurado_full,OK,0,2.843839889,0.00024052434507,-1696763.9803202543,-1696760.0,OPTIMAL,-1696768.0614507054,1.0,17876.0,0.44,23763.0,16561.0,57555.0,20032.0,14356.0,52246.0,15.700879518579304,13.314413380834491,9.224220311006864,1,Model contains large bounds,2e-05,70000.0,0.0001,100.0,3.0,60000.0,1.0,10000000000.0,,,,,8348000000000.0,4302000000.0,1.0,1.5,0.033553247,,,,,,,,,,,,,,2146109.0,,,2.0,,,,2.0,,0.517144794570547,,,,,,,,OK,REVISAR,5.34101855009794e-06,0.0,4.423782229423523e-09,415204686.899483,0.0,6.98906238676011e-09,1.18838272555873e-13,2.38418579101562e-07,2.38418579101562e-07,8.42660010724165e-12,564268.168538199,32.504411295688,10227869.1514983,415204686.899483,1.0,9.5367431640625e-07,1.86264514923096e-09,5.34101855009794e-06,0.0,0.0,0.0,0.0,0.0,5.0,0.0,0.0,0.0,0.0,-1696763.98032025,37176.7163922661,5934.03952114767,415204686.899483,0.0,0.0,0.0,1624.0,143.0,874.0,0.0,0.0,0.0,0.0,-1696763.98032025,-1696763.98032025,,,,,N/D,,,/clusteruy/home/mathiasr/generator-aware-row-scaling/results-revision/coverage-policy/full-1pct/resultados/instance014_estructurado_full.csv,/clusteruy/home/mathiasr/generator-aware-row-scaling/results-revision/coverage-policy/full-1pct/resultados/instance014_estructurado_full_postprocesado.csv,/clusteruy/home/mathiasr/generator-aware-row-scaling/results-revision/coverage-policy/full-1pct/logs/instance014_estructurado_full.log
instance014.txt,estructurado_plano,OK,0,2.834476852,0.00024052434507,-1696763.9803202543,-1696760.0,OPTIMAL,-1696768.0614507054,1.0,17876.0,0.44,23763.0,16561.0,57555.0,20032.0,14356.0,52246.0,15.700879518579304,13.314413380834491,9.224220311006864,1,Model contains large bounds,2e-05,70000.0,0.0001,100.0,3.0,60000.0,1.0,10000000000.0,,,,,8348000000000.0,4302000000.0,0.0,0.0,0.018182012,,,,,,,,,,,,,,2146109.0,,,2.0,,,,2.0,,0.518695363421051,,,,,,,,OK,REVISAR,5.34101855009794e-06,0.0,4.423782229423523e-09,415204686.899483,0.0,6.98906238676011e-09,1.18838272555873e-13,2.38418579101562e-07,2.38418579101562e-07,8.42660010724165e-12,564268.168538199,32.504411295688,10227869.1514983,415204686.899483,1.0,9.5367431640625e-07,1.86264514923096e-09,5.34101855009794e-06,0.0,0.0,0.0,0.0,0.0,5.0,0.0,0.0,0.0,0.0,-1696763.98032025,37176.7163922661,5934.03952114767,415204686.899483,0.0,0.0,0.0,1624.0,143.0,874.0,0.0,0.0,0.0,0.0,-1696763.98032025,-1696763.98032025,,,,,N/D,,,/clusteruy/home/mathiasr/generator-aware-row-scaling/results-revision/coverage-policy/full-1pct/resultados/instance014_estructurado_plano.csv,/clusteruy/home/mathiasr/generator-aware-row-scaling/results-revision/coverage-policy/full-1pct/resultados/instance014_estructurado_plano_postprocesado.csv,/clusteruy/home/mathiasr/generator-aware-row-scaling/results-revision/coverage-policy/full-1pct/logs/instance014_estructurado_plano.log
instance014.txt,estructurado_matricial,OK,0,2.910732279,0.000158374708998,-1696763.9803212832,-1696760.0,OPTIMAL,-1696766.6675662994,1.0,19355.0,0.44,23763.0,16561.0,57555.0,20032.0,14356.0,52246.0,15.700879518579304,13.314413380834491,9.224220311006864,1,Model contains large bounds,2e-05,70000.0,0.0001,100.0,8.0,300000000.0,1.0,10000000000.0,,,,,8348000000000.0,20570000000000.0,1.0,1.0,0.032987385,,,,,,,,,,,,,,5110940.0,,,2.0,,0.0,3.0,2.0,,0.456148597610539,,,,,,,,OK,REVISAR,2.86102294921875e-06,0.0,3.259629011154175e-09,487403798.505569,0.0,7.34660957941338e-09,9.9475983006414e-14,1.73933804035189e-07,2.68220901489258e-07,1.89243270843229e-09,793339.043342724,5.73959252196489,12319032.0904749,487403798.505569,1.0,9.5367431640625e-07,0.0,2.86102294921875e-06,9.59715062122171e-08,1.48845629155403e-07,0.0,0.0,0.0,26.0,0.0,0.0,0.0,0.0,-1696763.98032128,37176.7163922661,5476.51147488607,487403798.505569,9.59715062122171e-08,1.48845629155403e-07,0.0,771.0,105.0,915.0,0.0,0.0,0.0,0.0,-1696763.98032128,-1696763.98032128,,,,,N/D,,,/clusteruy/home/mathiasr/generator-aware-row-scaling/results-revision/coverage-policy/full-1pct/resultados/instance014_estructurado_matricial.csv,/clusteruy/home/mathiasr/generator-aware-row-scaling/results-revision/coverage-policy/full-1pct/resultados/instance014_estructurado_matricial_postprocesado.csv,/clusteruy/home/mathiasr/generator-aware-row-scaling/results-revision/coverage-policy/full-1pct/logs/instance014_estructurado_matricial.log
instance014.txt,matricial_full,OK,0,2.775412081,0.000339391040612,-1696763.980320486,-1696760.0,OPTIMAL,-1696769.7389854155,1.0,19350.0,0.42,23763.0,16561.0,57555.0,20032.0,14356.0,52246.0,15.700879518579304,13.314413380834491,9.224220311006864,1,Model contains large bounds,2e-05,70000.0,0.0001,100.0,8.0,300000000.0,1.0,10000000000.0,,,,,8348000000000.0,20570000000000.0,1.0,1.0,0.032216298,,,,,,,,,,,,,,6045934.0,,,2.0,,,,2.0,,0.484646051820267,,,,,,,,OK,REVISAR,3.57627868652344e-06,0.0,3.958120942115784e-09,485656624.84555,0.0,8.00684081846108e-09,1.8092194409289e-13,1.78813934326172e-07,2.57045030593872e-07,1.3088621199131e-09,830982.924381481,4.58190400019226,12055206.19882,485656624.84555,1.0,4.76837158203125e-07,0.0,3.57627868652344e-06,1.63912773132324e-08,1.69955455930904e-07,0.0,0.0,0.0,31.0,0.0,0.0,0.0,0.0,-1696763.98032049,37176.7163922661,5547.18288535281,485656624.84555,1.63912773132324e-08,1.69955455930904e-07,0.0,720.0,100.0,884.0,0.0,0.0,0.0,0.0,-1696763.98032049,-1696763.98032049,,,,,N/D,,,/clusteruy/home/mathiasr/generator-aware-row-scaling/results-revision/coverage-policy/full-1pct/resultados/instance014_matricial_full.csv,/clusteruy/home/mathiasr/generator-aware-row-scaling/results-revision/coverage-policy/full-1pct/resultados/instance014_matricial_full_postprocesado.csv,/clusteruy/home/mathiasr/generator-aware-row-scaling/results-revision/coverage-policy/full-1pct/logs/instance014_matricial_full.log
instance014.txt,matricial_plano,OK,0,2.760413241,0.000339391040612,-1696763.980320486,-1696760.0,OPTIMAL,-1696769.7389854155,1.0,19350.0,0.45,23763.0,16561.0,57555.0,20032.0,14356.0,52246.0,15.700879518579304,13.314413380834491,9.224220311006864,1,Model contains large bounds,2e-05,70000.0,0.0001,100.0,8.0,300000000.0,1.0,10000000000.0,,,,,8348000000000.0,20570000000000.0,0.0,0.0,0.017716385,,,,,,,,,,,,,,6045934.0,,,2.0,,,,2.0,,0.484239274018516,,,,,,,,OK,REVISAR,3.57627868652344e-06,0.0,3.958120942115784e-09,485656624.84555,0.0,8.00684081846108e-09,1.8092194409289e-13,1.78813934326172e-07,2.57045030593872e-07,1.3088621199131e-09,830982.924381481,4.58190400019226,12055206.19882,485656624.84555,1.0,4.76837158203125e-07,0.0,3.57627868652344e-06,1.63912773132324e-08,1.69955455930904e-07,0.0,0.0,0.0,31.0,0.0,0.0,0.0,0.0,-1696763.98032049,37176.7163922661,5547.18288535281,485656624.84555,1.63912773132324e-08,1.69955455930904e-07,0.0,720.0,100.0,884.0,0.0,0.0,0.0,0.0,-1696763.98032049,-1696763.98032049,,,,,N/D,,,/clusteruy/home/mathiasr/generator-aware-row-scaling/results-revision/coverage-policy/full-1pct/resultados/instance014_matricial_plano.csv,/clusteruy/home/mathiasr/generator-aware-row-scaling/results-revision/coverage-policy/full-1pct/resultados/instance014_matricial_plano_postprocesado.csv,/clusteruy/home/mathiasr/generator-aware-row-scaling/results-revision/coverage-policy/full-1pct/logs/instance014_matricial_plano.log
instance019.txt,estructurado,OK,0,6.882591151,0.851807460981097,-1396002.9266420694,-1396000.0,OPTIMAL,-1407894.183726721,1.0,21610.0,0.58,23763.0,16561.0,57555.0,20959.0,14896.0,53766.0,11.799856920422506,10.05374071614033,6.583268178264269,1,Model contains large bounds,1e-05,100000.0,0.0001,100.0,2.0,4000000.0,1.0,10000000000.0,,,,,19690000000000.0,381200000000.0,1.0,1.5,0.032589762,,,,,,,,,,,,,,77454.0,,,6.0,,,,6.0,,0.560109439386792,,,,,,,,OK,REVISAR,3.47942113876343e-06,0.0,6.984919309616089e-10,15737519.7254264,0.0,9.61942716672379e-09,1.13686837721616e-13,3.57627868652344e-07,1.49011611938477e-08,1.30563761270945e-11,217310.055240712,16.3573227798803,14046840.2706617,15737519.7254264,0.669511437779481,2.18278728425503e-11,0.0,3.47942113876343e-06,0.0,0.0,0.0,0.0,0.0,11.0,0.0,0.0,0.0,0.0,-1396002.92664207,118.724715270753,1644.09719172062,15737519.7254264,0.0,0.0,0.0,1389.0,123.0,950.0,0.0,0.0,0.0,0.0,-1396002.92664207,-1396002.92664207,,,,,N/D,,,/clusteruy/home/mathiasr/generator-aware-row-scaling/results-revision/coverage-policy/full-1pct/resultados/instance019_estructurado.csv,/clusteruy/home/mathiasr/generator-aware-row-scaling/results-revision/coverage-policy/full-1pct/resultados/instance019_estructurado_postprocesado.csv,/clusteruy/home/mathiasr/generator-aware-row-scaling/results-revision/coverage-policy/full-1pct/logs/instance019_estructurado.log
instance019.txt,estructurado_full,OK,0,8.519323105,0.851807461004363,-1396002.9266420696,-1396000.0,OPTIMAL,-1407894.183727046,1.0,20304.0,0.57,23763.0,16561.0,57555.0,20959.0,14896.0,53766.0,11.799856920422506,10.05374071614033,6.583268178264269,1,Model contains large bounds,1e-05,100000.0,0.0001,100.0,2.0,80000.0,1.0,10000000000.0,,,,,19690000000000.0,9679000000.0,1.0,1.5,0.032209511,,,,,,,,,,,,,,121250.0,,,6.0,,,,6.0,,0.423554601489179,,,,,,,,OK,REVISAR,1.74343585968018e-06,0.0,4.656612873077393e-10,15714514.6036319,0.0,9.36579274142468e-09,1.4210854715202e-13,3.35276126861572e-07,4.35215330847651e-08,4.35215330847651e-08,128820.05784851,24.2161649179335,3257682.99948707,15714514.6036319,0.99999999999997,4.35215330847651e-08,0.0,1.74343585968018e-06,1.07229056148702e-09,0.0,0.0,0.0,0.0,9.0,0.0,0.0,0.0,0.0,-1396002.92664207,876.688789768334,2086.56428190676,15714514.6036319,1.07229056148702e-09,0.0,0.0,1802.0,137.0,949.0,0.0,0.0,0.0,0.0,-1396002.92664207,-1396002.92664207,,,,,N/D,,,/clusteruy/home/mathiasr/generator-aware-row-scaling/results-revision/coverage-policy/full-1pct/resultados/instance019_estructurado_full.csv,/clusteruy/home/mathiasr/generator-aware-row-scaling/results-revision/coverage-policy/full-1pct/resultados/instance019_estructurado_full_postprocesado.csv,/clusteruy/home/mathiasr/generator-aware-row-scaling/results-revision/coverage-policy/full-1pct/logs/instance019_estructurado_full.log
instance019.txt,estructurado_plano,OK,0,8.787529555,0.851807461004363,-1396002.9266420696,-1396000.0,OPTIMAL,-1407894.183727046,1.0,20304.0,0.59,23763.0,16561.0,57555.0,20959.0,14896.0,53766.0,11.799856920422506,10.05374071614033,6.583268178264269,1,Model contains large bounds,1e-05,100000.0,0.0001,100.0,2.0,80000.0,1.0,10000000000.0,,,,,19690000000000.0,9679000000.0,0.0,0.0,0.01701634,,,,,,,,,,,,,,121250.0,,,6.0,,,,6.0,,0.42682265781159,,,,,,,,OK,REVISAR,1.74343585968018e-06,0.0,4.656612873077393e-10,15714514.6036319,0.0,9.36579274142468e-09,1.4210854715202e-13,3.35276126861572e-07,4.35215330847651e-08,4.35215330847651e-08,128820.05784851,24.2161649179335,3257682.99948707,15714514.6036319,0.99999999999997,4.35215330847651e-08,0.0,1.74343585968018e-06,1.07229056148702e-09,0.0,0.0,0.0,0.0,9.0,0.0,0.0,0.0,0.0,-1396002.92664207,876.688789768334,2086.56428190676,15714514.6036319,1.07229056148702e-09,0.0,0.0,1802.0,137.0,949.0,0.0,0.0,0.0,0.0,-1396002.92664207,-1396002.92664207,,,,,N/D,,,/clusteruy/home/mathiasr/generator-aware-row-scaling/results-revision/coverage-policy/full-1pct/resultados/instance019_estructurado_plano.csv,/clusteruy/home/mathiasr/generator-aware-row-scaling/results-revision/coverage-policy/full-1pct/resultados/instance019_estructurado_plano_postprocesado.csv,/clusteruy/home/mathiasr/generator-aware-row-scaling/results-revision/coverage-policy/full-1pct/logs/instance019_estructurado_plano.log
instance019.txt,estructurado_matricial,ERROR,0,,,,,,,,,,,,,,,,,,,0,,,,,,,,,,,,,,,,,,,,,,,,,,,,,,,,,,,,,,,,,,,,,,,,,N/D,N/D,,,,,,,,,,,,,,,,,,,,,,,,,,,,,,,,,,,,,,,,,,,,,,,,,N/D,,,/clusteruy/home/mathiasr/generator-aware-row-scaling/results-revision/coverage-policy/full-1pct/resultados/instance019_estructurado_matricial.csv,/clusteruy/home/mathiasr/generator-aware-row-scaling/results-revision/coverage-policy/full-1pct/resultados/instance019_estructurado_matricial_postprocesado.csv,/clusteruy/home/mathiasr/generator-aware-row-scaling/results-revision/coverage-policy/full-1pct/logs/instance019_estructurado_matricial.log
instance019.txt,matricial_full,ERROR,0,,,,,,,,,,,,,,,,,,,0,,,,,,,,,,,,,,,,,,,,,,,,,,,,,,,,,,,,,,,,,,,,,,,,,N/D,N/D,,,,,,,,,,,,,,,,,,,,,,,,,,,,,,,,,,,,,,,,,,,,,,,,,N/D,,,/clusteruy/home/mathiasr/generator-aware-row-scaling/results-revision/coverage-policy/full-1pct/resultados/instance019_matricial_full.csv,/clusteruy/home/mathiasr/generator-aware-row-scaling/results-revision/coverage-policy/full-1pct/resultados/instance019_matricial_full_postprocesado.csv,/clusteruy/home/mathiasr/generator-aware-row-scaling/results-revision/coverage-policy/full-1pct/logs/instance019_matricial_full.log
instance019.txt,matricial_plano,ERROR,0,,,,,,,,,,,,,,,,,,,0,,,,,,,,,,,,,,,,,,,,,,,,,,,,,,,,,,,,,,,,,,,,,,,,,N/D,N/D,,,,,,,,,,,,,,,,,,,,,,,,,,,,,,,,,,,,,,,,,,,,,,,,,N/D,,,/clusteruy/home/mathiasr/generator-aware-row-scaling/results-revision/coverage-policy/full-1pct/resultados/instance019_matricial_plano.csv,/clusteruy/home/mathiasr/generator-aware-row-scaling/results-revision/coverage-policy/full-1pct/resultados/instance019_matricial_plano_postprocesado.csv,/clusteruy/home/mathiasr/generator-aware-row-scaling/results-revision/coverage-policy/full-1pct/logs/instance019_matricial_plano.log
instance020.txt,estructurado,ERROR,0,,,,,,,,,,,,,,,,,,,0,,,,,,,,,,,,,,,,,,,,,,,,,,,,,,,,,,,,,,,,,,,,,,,,,N/D,N/D,,,,,,,,,,,,,,,,,,,,,,,,,,,,,,,,,,,,,,,,,,,,,,,,,N/D,,,/clusteruy/home/mathiasr/generator-aware-row-scaling/results-revision/coverage-policy/full-1pct/resultados/instance020_estructurado.csv,/clusteruy/home/mathiasr/generator-aware-row-scaling/results-revision/coverage-policy/full-1pct/resultados/instance020_estructurado_postprocesado.csv,/clusteruy/home/mathiasr/generator-aware-row-scaling/results-revision/coverage-policy/full-1pct/logs/instance020_estructurado.log
instance020.txt,estructurado_full,ERROR,0,,,,,,,,,,,,,,,,,,,0,,,,,,,,,,,,,,,,,,,,,,,,,,,,,,,,,,,,,,,,,,,,,,,,,N/D,N/D,,,,,,,,,,,,,,,,,,,,,,,,,,,,,,,,,,,,,,,,,,,,,,,,,N/D,,,/clusteruy/home/mathiasr/generator-aware-row-scaling/results-revision/coverage-policy/full-1pct/resultados/instance020_estructurado_full.csv,/clusteruy/home/mathiasr/generator-aware-row-scaling/results-revision/coverage-policy/full-1pct/resultados/instance020_estructurado_full_postprocesado.csv,/clusteruy/home/mathiasr/generator-aware-row-scaling/results-revision/coverage-policy/full-1pct/logs/instance020_estructurado_full.log
instance020.txt,estructurado_plano,ERROR,0,,,,,,,,,,,,,,,,,,,0,,,,,,,,,,,,,,,,,,,,,,,,,,,,,,,,,,,,,,,,,,,,,,,,,N/D,N/D,,,,,,,,,,,,,,,,,,,,,,,,,,,,,,,,,,,,,,,,,,,,,,,,,N/D,,,/clusteruy/home/mathiasr/generator-aware-row-scaling/results-revision/coverage-policy/full-1pct/resultados/instance020_estructurado_plano.csv,/clusteruy/home/mathiasr/generator-aware-row-scaling/results-revision/coverage-policy/full-1pct/resultados/instance020_estructurado_plano_postprocesado.csv,/clusteruy/home/mathiasr/generator-aware-row-scaling/results-revision/coverage-policy/full-1pct/logs/instance020_estructurado_plano.log
instance020.txt,estructurado_matricial,ERROR,0,,,,,,,,,,,,,,,,,,,0,,,,,,,,,,,,,,,,,,,,,,,,,,,,,,,,,,,,,,,,,,,,,,,,,N/D,N/D,,,,,,,,,,,,,,,,,,,,,,,,,,,,,,,,,,,,,,,,,,,,,,,,,N/D,,,/clusteruy/home/mathiasr/generator-aware-row-scaling/results-revision/coverage-policy/full-1pct/resultados/instance020_estructurado_matricial.csv,/clusteruy/home/mathiasr/generator-aware-row-scaling/results-revision/coverage-policy/full-1pct/resultados/instance020_estructurado_matricial_postprocesado.csv,/clusteruy/home/mathiasr/generator-aware-row-scaling/results-revision/coverage-policy/full-1pct/logs/instance020_estructurado_matricial.log
instance020.txt,matricial_full,ERROR,0,,,,,,,,,,,,,,,,,,,0,,,,,,,,,,,,,,,,,,,,,,,,,,,,,,,,,,,,,,,,,,,,,,,,,N/D,N/D,,,,,,,,,,,,,,,,,,,,,,,,,,,,,,,,,,,,,,,,,,,,,,,,,N/D,,,/clusteruy/home/mathiasr/generator-aware-row-scaling/results-revision/coverage-policy/full-1pct/resultados/instance020_matricial_full.csv,/clusteruy/home/mathiasr/generator-aware-row-scaling/results-revision/coverage-policy/full-1pct/resultados/instance020_matricial_full_postprocesado.csv,/clusteruy/home/mathiasr/generator-aware-row-scaling/results-revision/coverage-policy/full-1pct/logs/instance020_matricial_full.log
instance020.txt,matricial_plano,ERROR,0,,,,,,,,,,,,,,,,,,,0,,,,,,,,,,,,,,,,,,,,,,,,,,,,,,,,,,,,,,,,,,,,,,,,,N/D,N/D,,,,,,,,,,,,,,,,,,,,,,,,,,,,,,,,,,,,,,,,,,,,,,,,,N/D,,,/clusteruy/home/mathiasr/generator-aware-row-scaling/results-revision/coverage-policy/full-1pct/resultados/instance020_matricial_plano.csv,/clusteruy/home/mathiasr/generator-aware-row-scaling/results-revision/coverage-policy/full-1pct/resultados/instance020_matricial_plano_postprocesado.csv,/clusteruy/home/mathiasr/generator-aware-row-scaling/results-revision/coverage-policy/full-1pct/logs/instance020_matricial_plano.log
instance021.txt,estructurado,ERROR,0,,,,,,,,,,,,,,,,,,,0,,,,,,,,,,,,,,,,,,,,,,,,,,,,,,,,,,,,,,,,,,,,,,,,,N/D,N/D,,,,,,,,,,,,,,,,,,,,,,,,,,,,,,,,,,,,,,,,,,,,,,,,,N/D,,,/clusteruy/home/mathiasr/generator-aware-row-scaling/results-revision/coverage-policy/full-1pct/resultados/instance021_estructurado.csv,/clusteruy/home/mathiasr/generator-aware-row-scaling/results-revision/coverage-policy/full-1pct/resultados/instance021_estructurado_postprocesado.csv,/clusteruy/home/mathiasr/generator-aware-row-scaling/results-revision/coverage-policy/full-1pct/logs/instance021_estructurado.log
instance021.txt,estructurado_full,ERROR,0,,,,,,,,,,,,,,,,,,,0,,,,,,,,,,,,,,,,,,,,,,,,,,,,,,,,,,,,,,,,,,,,,,,,,N/D,N/D,,,,,,,,,,,,,,,,,,,,,,,,,,,,,,,,,,,,,,,,,,,,,,,,,N/D,,,/clusteruy/home/mathiasr/generator-aware-row-scaling/results-revision/coverage-policy/full-1pct/resultados/instance021_estructurado_full.csv,/clusteruy/home/mathiasr/generator-aware-row-scaling/results-revision/coverage-policy/full-1pct/resultados/instance021_estructurado_full_postprocesado.csv,/clusteruy/home/mathiasr/generator-aware-row-scaling/results-revision/coverage-policy/full-1pct/logs/instance021_estructurado_full.log
instance021.txt,estructurado_plano,ERROR,0,,,,,,,,,,,,,,,,,,,0,,,,,,,,,,,,,,,,,,,,,,,,,,,,,,,,,,,,,,,,,,,,,,,,,N/D,N/D,,,,,,,,,,,,,,,,,,,,,,,,,,,,,,,,,,,,,,,,,,,,,,,,,N/D,,,/clusteruy/home/mathiasr/generator-aware-row-scaling/results-revision/coverage-policy/full-1pct/resultados/instance021_estructurado_plano.csv,/clusteruy/home/mathiasr/generator-aware-row-scaling/results-revision/coverage-policy/full-1pct/resultados/instance021_estructurado_plano_postprocesado.csv,/clusteruy/home/mathiasr/generator-aware-row-scaling/results-revision/coverage-policy/full-1pct/logs/instance021_estructurado_plano.log
instance021.txt,estructurado_matricial,ERROR,0,,,,,,,,,,,,,,,,,,,0,,,,,,,,,,,,,,,,,,,,,,,,,,,,,,,,,,,,,,,,,,,,,,,,,N/D,N/D,,,,,,,,,,,,,,,,,,,,,,,,,,,,,,,,,,,,,,,,,,,,,,,,,N/D,,,/clusteruy/home/mathiasr/generator-aware-row-scaling/results-revision/coverage-policy/full-1pct/resultados/instance021_estructurado_matricial.csv,/clusteruy/home/mathiasr/generator-aware-row-scaling/results-revision/coverage-policy/full-1pct/resultados/instance021_estructurado_matricial_postprocesado.csv,/clusteruy/home/mathiasr/generator-aware-row-scaling/results-revision/coverage-policy/full-1pct/logs/instance021_estructurado_matricial.log
instance021.txt,matricial_full,ERROR,0,,,,,,,,,,,,,,,,,,,0,,,,,,,,,,,,,,,,,,,,,,,,,,,,,,,,,,,,,,,,,,,,,,,,,N/D,N/D,,,,,,,,,,,,,,,,,,,,,,,,,,,,,,,,,,,,,,,,,,,,,,,,,N/D,,,/clusteruy/home/mathiasr/generator-aware-row-scaling/results-revision/coverage-policy/full-1pct/resultados/instance021_matricial_full.csv,/clusteruy/home/mathiasr/generator-aware-row-scaling/results-revision/coverage-policy/full-1pct/resultados/instance021_matricial_full_postprocesado.csv,/clusteruy/home/mathiasr/generator-aware-row-scaling/results-revision/coverage-policy/full-1pct/logs/instance021_matricial_full.log
instance021.txt,matricial_plano,ERROR,0,,,,,,,,,,,,,,,,,,,0,,,,,,,,,,,,,,,,,,,,,,,,,,,,,,,,,,,,,,,,,,,,,,,,,N/D,N/D,,,,,,,,,,,,,,,,,,,,,,,,,,,,,,,,,,,,,,,,,,,,,,,,,N/D,,,/clusteruy/home/mathiasr/generator-aware-row-scaling/results-revision/coverage-policy/full-1pct/resultados/instance021_matricial_plano.csv,/clusteruy/home/mathiasr/generator-aware-row-scaling/results-revision/coverage-policy/full-1pct/resultados/instance021_matricial_plano_postprocesado.csv,/clusteruy/home/mathiasr/generator-aware-row-scaling/results-revision/coverage-policy/full-1pct/logs/instance021_matricial_plano.log
instance022.txt,estructurado,ERROR,0,,,,,,,,,,,,,,,,,,,0,,,,,,,,,,,,,,,,,,,,,,,,,,,,,,,,,,,,,,,,,,,,,,,,,N/D,N/D,,,,,,,,,,,,,,,,,,,,,,,,,,,,,,,,,,,,,,,,,,,,,,,,,N/D,,,/clusteruy/home/mathiasr/generator-aware-row-scaling/results-revision/coverage-policy/full-1pct/resultados/instance022_estructurado.csv,/clusteruy/home/mathiasr/generator-aware-row-scaling/results-revision/coverage-policy/full-1pct/resultados/instance022_estructurado_postprocesado.csv,/clusteruy/home/mathiasr/generator-aware-row-scaling/results-revision/coverage-policy/full-1pct/logs/instance022_estructurado.log
instance022.txt,estructurado_full,ERROR,0,,,,,,,,,,,,,,,,,,,0,,,,,,,,,,,,,,,,,,,,,,,,,,,,,,,,,,,,,,,,,,,,,,,,,N/D,N/D,,,,,,,,,,,,,,,,,,,,,,,,,,,,,,,,,,,,,,,,,,,,,,,,,N/D,,,/clusteruy/home/mathiasr/generator-aware-row-scaling/results-revision/coverage-policy/full-1pct/resultados/instance022_estructurado_full.csv,/clusteruy/home/mathiasr/generator-aware-row-scaling/results-revision/coverage-policy/full-1pct/resultados/instance022_estructurado_full_postprocesado.csv,/clusteruy/home/mathiasr/generator-aware-row-scaling/results-revision/coverage-policy/full-1pct/logs/instance022_estructurado_full.log
instance022.txt,estructurado_plano,ERROR,0,,,,,,,,,,,,,,,,,,,0,,,,,,,,,,,,,,,,,,,,,,,,,,,,,,,,,,,,,,,,,,,,,,,,,N/D,N/D,,,,,,,,,,,,,,,,,,,,,,,,,,,,,,,,,,,,,,,,,,,,,,,,,N/D,,,/clusteruy/home/mathiasr/generator-aware-row-scaling/results-revision/coverage-policy/full-1pct/resultados/instance022_estructurado_plano.csv,/clusteruy/home/mathiasr/generator-aware-row-scaling/results-revision/coverage-policy/full-1pct/resultados/instance022_estructurado_plano_postprocesado.csv,/clusteruy/home/mathiasr/generator-aware-row-scaling/results-revision/coverage-policy/full-1pct/logs/instance022_estructurado_plano.log
instance022.txt,estructurado_matricial,ERROR,0,,,,,,,,,,,,,,,,,,,0,,,,,,,,,,,,,,,,,,,,,,,,,,,,,,,,,,,,,,,,,,,,,,,,,N/D,N/D,,,,,,,,,,,,,,,,,,,,,,,,,,,,,,,,,,,,,,,,,,,,,,,,,N/D,,,/clusteruy/home/mathiasr/generator-aware-row-scaling/results-revision/coverage-policy/full-1pct/resultados/instance022_estructurado_matricial.csv,/clusteruy/home/mathiasr/generator-aware-row-scaling/results-revision/coverage-policy/full-1pct/resultados/instance022_estructurado_matricial_postprocesado.csv,/clusteruy/home/mathiasr/generator-aware-row-scaling/results-revision/coverage-policy/full-1pct/logs/instance022_estructurado_matricial.log
instance022.txt,matricial_full,OK,0,203.788172944,0.536212481655712,-532065.4148674832,-532065.0,OPTIMAL,-534918.4160325759,2671.0,879622.0,0.58,23763.0,16561.0,57555.0,19858.0,14432.0,51211.0,16.433110297521356,12.85550389469235,11.022500217183564,1,Model contains large bounds,9e-06,100000.0,0.0001,100.0,0.1,200000000.0,1.0,10000000000.0,,,,,63930000000000.0,26950000000000.0,1.0,1.0,0.033249242,,,,,,,,,,,,,,19161153.0,,,225.0,,0.0,15.0,225.0,,0.037939813776609,,,,,,,,OK,REVISAR,2.81259417533875e-06,0.0,2.3283064365386963e-10,116848494.830562,0.0,4.33436205647194e-09,7.105427357601e-14,1.27146486192943e-07,3.16649675369263e-07,3.36650820255083e-13,290457.664710031,9.9574960409223,7923739.7547422,116848494.830562,1.0,1.19209289550781e-07,0.0,2.81259417533875e-06,0.0,0.0,0.0,0.0,0.0,3.0,0.0,0.0,0.0,0.0,-532065.414867483,441.59656389396,12668.2599697992,116848494.830562,0.0,0.0,0.0,1803.0,369.0,1017.0,0.0,0.0,0.0,0.0,-532065.414867483,-532065.414867483,,,,,N/D,,,/clusteruy/home/mathiasr/generator-aware-row-scaling/results-revision/coverage-policy/full-1pct/resultados/instance022_matricial_full.csv,/clusteruy/home/mathiasr/generator-aware-row-scaling/results-revision/coverage-policy/full-1pct/resultados/instance022_matricial_full_postprocesado.csv,/clusteruy/home/mathiasr/generator-aware-row-scaling/results-revision/coverage-policy/full-1pct/logs/instance022_matricial_full.log
instance022.txt,matricial_plano,OK,0,205.372533252,0.536212481655712,-532065.4148674832,-532065.0,OPTIMAL,-534918.4160325759,2671.0,879622.0,0.58,23763.0,16561.0,57555.0,19858.0,14432.0,51211.0,16.433110297521356,12.85550389469235,11.022500217183564,1,Model contains large bounds,9e-06,100000.0,0.0001,100.0,0.1,200000000.0,1.0,10000000000.0,,,,,63930000000000.0,26950000000000.0,0.0,0.0,0.019214469,,,,,,,,,,,,,,19161153.0,,,225.0,,0.0,15.0,225.0,,0.037227583679988,,,,,,,,OK,REVISAR,2.81259417533875e-06,0.0,2.3283064365386963e-10,116848494.830562,0.0,4.33436205647194e-09,7.105427357601e-14,1.27146486192943e-07,3.16649675369263e-07,3.36650820255083e-13,290457.664710031,9.9574960409223,7923739.7547422,116848494.830562,1.0,1.19209289550781e-07,0.0,2.81259417533875e-06,0.0,0.0,0.0,0.0,0.0,3.0,0.0,0.0,0.0,0.0,-532065.414867483,441.59656389396,12668.2599697992,116848494.830562,0.0,0.0,0.0,1803.0,369.0,1017.0,0.0,0.0,0.0,0.0,-532065.414867483,-532065.414867483,,,,,N/D,,,/clusteruy/home/mathiasr/generator-aware-row-scaling/results-revision/coverage-policy/full-1pct/resultados/instance022_matricial_plano.csv,/clusteruy/home/mathiasr/generator-aware-row-scaling/results-revision/coverage-policy/full-1pct/resultados/instance022_matricial_plano_postprocesado.csv,/clusteruy/home/mathiasr/generator-aware-row-scaling/results-revision/coverage-policy/full-1pct/logs/instance022_matricial_plano.log
instance023.txt,estructurado,OK,0,148.570743636,0.994506581851868,-328787.89298751665,-328788.0,OPTIMAL,-332057.7102236096,2601.0,722422.0,0.57,23763.0,16561.0,57555.0,19752.0,14236.0,51417.0,16.87918192147456,14.039007306322082,10.664581704456607,1,Model contains large bounds,8e-06,100000.0,0.0002,100.0,0.5,4000000.0,1.0,10000000000.0,,,,,57250000000000.0,446700000000.0,1.0,1.5,0.03162846,,,,,,,,,,,,,,5486915.0,,,154.0,,0.0,16.0,154.0,,0.061962342738844,,,,,,,,OK,REVISAR,1.12056732177734e-05,0.0,3.4924596548080444e-10,138357795.179807,0.0,4.99884427735715e-09,5.6843418860808e-14,1.45817175507547e-07,9.5367431640625e-07,6.01765613837071e-13,700815.538866227,6.56342704190564,18779863.6108993,138357795.179807,1.0,1.12056732177734e-05,1.86264514923096e-09,1.43051147460938e-06,0.0,0.0,0.0,1.0,0.0,1.0,0.0,0.0,0.0,0.0,-328787.892987517,1111.46186138983,9277.62356383438,138357795.179807,0.0,0.0,0.0,1404.0,308.0,1062.0,0.0,0.0,0.0,0.0,-328787.892987517,-328787.892987517,,,,,N/D,,,/clusteruy/home/mathiasr/generator-aware-row-scaling/results-revision/coverage-policy/full-1pct/resultados/instance023_estructurado.csv,/clusteruy/home/mathiasr/generator-aware-row-scaling/results-revision/coverage-policy/full-1pct/resultados/instance023_estructurado_postprocesado.csv,/clusteruy/home/mathiasr/generator-aware-row-scaling/results-revision/coverage-policy/full-1pct/logs/instance023_estructurado.log
instance023.txt,estructurado_full,OK,0,159.749084952,0.933929702768645,-328821.3707411219,-328821.0,OPTIMAL,-331892.3311915242,2839.0,721531.0,0.57,23763.0,16561.0,57555.0,19752.0,14236.0,51417.0,16.87918192147456,14.039007306322082,10.664581704456607,1,Model contains large bounds,8e-06,100000.0,0.0002,100.0,0.5,100000.0,1.0,10000000000.0,,,,,57250000000000.0,13990000000.0,1.0,1.5,0.030739809,,,,,,,,,,,,,,12439091.0,,,170.0,,0.0,16.0,170.0,,0.052160716111927,,,,,,,,OK,REVISAR,1.2516975402832e-05,0.0,1.1641532182693481e-10,23490671.4432087,0.0,5.70472417831786e-09,5.6843418860808e-14,1.49011611938477e-07,2.11200676858425e-06,2.02888308163992e-11,119771.02597254,11.7594665231749,3233479.42785697,23490671.4432087,1.0,1.2516975402832e-05,1.86264514923096e-09,2.11200676858425e-06,0.0,0.0,0.0,1.0,0.0,11.0,0.0,0.0,0.0,0.0,-328821.370741122,1112.35340833747,9655.04619062715,23490671.4432087,0.0,0.0,0.0,2329.0,459.0,1073.0,0.0,0.0,0.0,0.0,-328821.370741122,-328821.370741122,,,,,N/D,,,/clusteruy/home/mathiasr/generator-aware-row-scaling/results-revision/coverage-policy/full-1pct/resultados/instance023_estructurado_full.csv,/clusteruy/home/mathiasr/generator-aware-row-scaling/results-revision/coverage-policy/full-1pct/resultados/instance023_estructurado_full_postprocesado.csv,/clusteruy/home/mathiasr/generator-aware-row-scaling/results-revision/coverage-policy/full-1pct/logs/instance023_estructurado_full.log
instance023.txt,estructurado_plano,OK,0,159.179032141,0.933929702768645,-328821.3707411219,-328821.0,OPTIMAL,-331892.3311915242,2839.0,721531.0,0.57,23763.0,16561.0,57555.0,19752.0,14236.0,51417.0,16.87918192147456,14.039007306322082,10.664581704456607,1,Model contains large bounds,8e-06,100000.0,0.0002,100.0,0.5,100000.0,1.0,10000000000.0,,,,,57250000000000.0,13990000000.0,0.0,0.0,0.020395814,,,,,,,,,,,,,,12439091.0,,,170.0,,0.0,16.0,170.0,,0.052363270056274,,,,,,,,OK,REVISAR,1.2516975402832e-05,0.0,1.1641532182693481e-10,23490671.4432087,0.0,5.70472417831786e-09,5.6843418860808e-14,1.49011611938477e-07,2.11200676858425e-06,2.02888308163992e-11,119771.02597254,11.7594665231749,3233479.42785697,23490671.4432087,1.0,1.2516975402832e-05,1.86264514923096e-09,2.11200676858425e-06,0.0,0.0,0.0,1.0,0.0,11.0,0.0,0.0,0.0,0.0,-328821.370741122,1112.35340833747,9655.04619062715,23490671.4432087,0.0,0.0,0.0,2329.0,459.0,1073.0,0.0,0.0,0.0,0.0,-328821.370741122,-328821.370741122,,,,,N/D,,,/clusteruy/home/mathiasr/generator-aware-row-scaling/results-revision/coverage-policy/full-1pct/resultados/instance023_estructurado_plano.csv,/clusteruy/home/mathiasr/generator-aware-row-scaling/results-revision/coverage-policy/full-1pct/resultados/instance023_estructurado_plano_postprocesado.csv,/clusteruy/home/mathiasr/generator-aware-row-scaling/results-revision/coverage-policy/full-1pct/logs/instance023_estructurado_plano.log
instance023.txt,estructurado_matricial,OK,0,158.443129058,0.981209082355602,-327758.64360405394,-327759.0,OPTIMAL,-330974.64118330245,1947.0,1329978.0,0.58,23763.0,16561.0,57555.0,19782.0,14242.0,51697.0,16.75293523545007,14.002777610047703,10.178090522109287,1,Model contains large bounds,8e-06,100000.0,0.0002,100.0,0.2,300000000.0,1.0,10000000000.0,,,,,57250000000000.0,29840000000000.0,1.0,1.0,0.035283555,,,,,,,,,,,,,,10822165.0,,,170.0,,0.0,13.0,170.0,,0.042331657271825,,,,,,,,OK,REVISAR,1.9073486328125e-06,0.0,5.820766091346741e-11,138752635.91823,0.0,3.83441043743322e-09,3.5527136788005e-14,1.28876417875291e-07,1.9073486328125e-06,9.49924805092827e-14,689044.886681403,6.67000596194816,18994792.2136388,138752635.91823,1.0,1.19209289550781e-07,1.86264514923096e-09,1.9073486328125e-06,0.0,0.0,0.0,0.0,0.0,1.0,0.0,0.0,0.0,0.0,-327758.643604054,974.163631452051,9277.62356383438,138752635.91823,0.0,0.0,0.0,1384.0,305.0,1061.0,0.0,0.0,0.0,0.0,-327758.643604054,-327758.643604054,,,,,N/D,,,/clusteruy/home/mathiasr/generator-aware-row-scaling/results-revision/coverage-policy/full-1pct/resultados/instance023_estructurado_matricial.csv,/clusteruy/home/mathiasr/generator-aware-row-scaling/results-revision/coverage-policy/full-1pct/resultados/instance023_estructurado_matricial_postprocesado.csv,/clusteruy/home/mathiasr/generator-aware-row-scaling/results-revision/coverage-policy/full-1pct/logs/instance023_estructurado_matricial.log
instance023.txt,matricial_full,OK,0,246.595762726,0.726422967600343,-329166.3902160434,-329166.0,OPTIMAL,-331557.5304761937,8352.0,2192934.0,0.58,23763.0,16561.0,57555.0,19782.0,14242.0,51697.0,16.75293523545007,14.002777610047703,10.178090522109287,1,Model contains large bounds,8e-06,100000.0,0.0002,100.0,0.2,300000000.0,1.0,10000000000.0,,,,,57250000000000.0,29840000000000.0,1.0,1.0,0.033620324,,,,,,,,,,,,,,12921125.0,,,252.0,,0.0,13.0,252.0,,0.040632042244872,,,,,,,,OK,REVISAR,9.5367431640625e-07,0.0,4.0745362639427185e-10,138357795.179807,0.0,4.01005509059205e-09,3.5527136788005e-14,1.27768144011498e-07,9.5367431640625e-07,3.28912190702597e-09,703768.017124726,6.43170487374769,18314026.88222,138357795.179807,1.0,9.5367431640625e-07,1.86264514923096e-09,9.5367431640625e-07,1.59770816167196e-08,0.0,0.0,0.0,0.0,0.0,0.0,0.0,0.0,0.0,-329166.390216043,976.838272294961,9277.62356383438,138357795.179807,1.59770816167196e-08,0.0,0.0,1412.0,310.0,1059.0,0.0,0.0,0.0,0.0,-329166.390216043,-329166.390216043,,,,,N/D,,,/clusteruy/home/mathiasr/generator-aware-row-scaling/results-revision/coverage-policy/full-1pct/resultados/instance023_matricial_full.csv,/clusteruy/home/mathiasr/generator-aware-row-scaling/results-revision/coverage-policy/full-1pct/resultados/instance023_matricial_full_postprocesado.csv,/clusteruy/home/mathiasr/generator-aware-row-scaling/results-revision/coverage-policy/full-1pct/logs/instance023_matricial_full.log
instance023.txt,matricial_plano,OK,0,247.334285038,0.726422967600343,-329166.3902160434,-329166.0,OPTIMAL,-331557.5304761937,8352.0,2192934.0,0.58,23763.0,16561.0,57555.0,19782.0,14242.0,51697.0,16.75293523545007,14.002777610047703,10.178090522109287,1,Model contains large bounds,8e-06,100000.0,0.0002,100.0,0.2,300000000.0,1.0,10000000000.0,,,,,57250000000000.0,29840000000000.0,0.0,0.0,0.020906315,,,,,,,,,,,,,,12921125.0,,,252.0,,0.0,13.0,252.0,,0.040579692728008,,,,,,,,OK,REVISAR,9.5367431640625e-07,0.0,4.0745362639427185e-10,138357795.179807,0.0,4.01005509059205e-09,3.5527136788005e-14,1.27768144011498e-07,9.5367431640625e-07,3.28912190702597e-09,703768.017124726,6.43170487374769,18314026.88222,138357795.179807,1.0,9.5367431640625e-07,1.86264514923096e-09,9.5367431640625e-07,1.59770816167196e-08,0.0,0.0,0.0,0.0,0.0,0.0,0.0,0.0,0.0,-329166.390216043,976.838272294961,9277.62356383438,138357795.179807,1.59770816167196e-08,0.0,0.0,1412.0,310.0,1059.0,0.0,0.0,0.0,0.0,-329166.390216043,-329166.390216043,,,,,N/D,,,/clusteruy/home/mathiasr/generator-aware-row-scaling/results-revision/coverage-policy/full-1pct/resultados/instance023_matricial_plano.csv,/clusteruy/home/mathiasr/generator-aware-row-scaling/results-revision/coverage-policy/full-1pct/resultados/instance023_matricial_plano_postprocesado.csv,/clusteruy/home/mathiasr/generator-aware-row-scaling/results-revision/coverage-policy/full-1pct/logs/instance023_matricial_plano.log
instance024.txt,estructurado,OK,0,1206.463546097,0.0,141507.58637462842,141508.0,OPTIMAL,141507.58637462836,20890.0,4929011.0,0.58,23763.0,16561.0,57555.0,19792.0,14265.0,50982.0,16.71085300677524,13.86389710766258,11.420380505603337,1,Model contains large bounds,8e-06,100000.0,0.0002,100.0,0.4,4000000.0,1.0,10000000000.0,,,,,44320000000000.0,475100000000.0,1.0,1.5,0.034085548,,,,,,,,,,,,,,4792352.0,,,1234.0,,1.0,30.0,1234.0,,0.534929385040008,,,,,,,,OK,REVISAR,5.7220458984375e-06,0.0,4.0745362639427185e-10,103665710.970533,0.0,4.69392558207304e-09,1.13686837721616e-13,1.06170773506165e-07,1.9073486328125e-06,3.75407405642806e-13,607326.268688581,1.41274869584749,12234946.3237479,103665710.970533,0.246471862798166,1.9073486328125e-06,1.86264514923096e-09,5.7220458984375e-06,0.0,0.0,0.0,1.0,0.0,8.0,0.0,0.0,0.0,0.0,141507.586374628,503.605959481743,8125.67225395606,103665710.970533,0.0,0.0,0.0,327.0,275.0,1044.0,0.0,0.0,0.0,0.0,141507.586374628,141507.586374628,,,,,N/D,,,/clusteruy/home/mathiasr/generator-aware-row-scaling/results-revision/coverage-policy/full-1pct/resultados/instance024_estructurado.csv,/clusteruy/home/mathiasr/generator-aware-row-scaling/results-revision/coverage-policy/full-1pct/resultados/instance024_estructurado_postprocesado.csv,/clusteruy/home/mathiasr/generator-aware-row-scaling/results-revision/coverage-policy/full-1pct/logs/instance024_estructurado.log
instance024.txt,estructurado_full,OK,0,2852.277173826,0.997165656792493,136595.3969205667,136595.0,OPTIMAL,135233.31453371543,77053.0,21901596.0,0.57,23763.0,16561.0,57555.0,19792.0,14265.0,50982.0,16.71085300677524,13.86389710766258,11.420380505603337,1,Model contains large bounds,8e-06,100000.0,0.0002,100.0,0.4,100000.0,1.0,10000000000.0,,,,,44320000000000.0,14160000000.0,1.0,1.5,0.032677873,,,,,,,,,,,,,,2007027.0,,,3037.0,,0.0,27.0,3037.0,,0.079743204591654,,,,,,,,REVISAR,REVISAR,0.000509262084960938,0.0,2.9103830456733704e-10,16562970.5822253,0.0,8.94642310692847e-08,1.81898940354586e-11,2.42143869400024e-07,0.00025206571444869,1.15244599308239e-08,96002.7420173543,7.53775352428975,1595161.77271178,16562970.5822253,0.458616010854803,2.81141437881161e-05,2.98023223876953e-07,0.000509262084960938,9.90355073430971e-07,6.66924279357772e-07,0.0,5.0,0.0,148.0,0.0,0.0,0.0,0.0,136595.396920567,942.176712275446,8499.92690867264,16562970.5822253,9.43726009385666e-07,0.0,0.0,1349.0,453.0,1093.0,0.0,0.0,0.0,0.0,136595.396920567,136595.396920567,,,,,N/D,,,/clusteruy/home/mathiasr/generator-aware-row-scaling/results-revision/coverage-policy/full-1pct/resultados/instance024_estructurado_full.csv,/clusteruy/home/mathiasr/generator-aware-row-scaling/results-revision/coverage-policy/full-1pct/resultados/instance024_estructurado_full_postprocesado.csv,/clusteruy/home/mathiasr/generator-aware-row-scaling/results-revision/coverage-policy/full-1pct/logs/instance024_estructurado_full.log
instance024.txt,estructurado_plano,OK,0,2801.058550572,0.997165656792493,136595.3969205667,136595.0,OPTIMAL,135233.31453371543,77053.0,21901596.0,0.56,23763.0,16561.0,57555.0,19792.0,14265.0,50982.0,16.71085300677524,13.86389710766258,11.420380505603337,1,Model contains large bounds,8e-06,100000.0,0.0002,100.0,0.4,100000.0,1.0,10000000000.0,,,,,44320000000000.0,14160000000.0,0.0,0.0,0.017033811,,,,,,,,,,,,,,2007027.0,,,3037.0,,0.0,26.0,3037.0,,0.079778376831902,,,,,,,,REVISAR,REVISAR,0.000509262084960938,0.0,2.9103830456733704e-10,16562970.5822253,0.0,8.94642310692847e-08,1.81898940354586e-11,2.42143869400024e-07,0.00025206571444869,1.15244599308239e-08,96002.7420173543,7.53775352428975,1595161.77271178,16562970.5822253,0.458616010854803,2.81141437881161e-05,2.98023223876953e-07,0.000509262084960938,9.90355073430971e-07,6.66924279357772e-07,0.0,5.0,0.0,148.0,0.0,0.0,0.0,0.0,136595.396920567,942.176712275446,8499.92690867264,16562970.5822253,9.43726009385666e-07,0.0,0.0,1349.0,453.0,1093.0,0.0,0.0,0.0,0.0,136595.396920567,136595.396920567,,,,,N/D,,,/clusteruy/home/mathiasr/generator-aware-row-scaling/results-revision/coverage-policy/full-1pct/resultados/instance024_estructurado_plano.csv,/clusteruy/home/mathiasr/generator-aware-row-scaling/results-revision/coverage-policy/full-1pct/resultados/instance024_estructurado_plano_postprocesado.csv,/clusteruy/home/mathiasr/generator-aware-row-scaling/results-revision/coverage-policy/full-1pct/logs/instance024_estructurado_plano.log
instance024.txt,estructurado_matricial,OK,0,1982.715152238,0.921672103441432,136611.0808574063,136611.0,OPTIMAL,135351.97463493378,56582.0,30730505.0,0.57,23763.0,16561.0,57555.0,19729.0,14225.0,51034.0,16.975971047426672,14.105428416158444,11.330032143167404,1,Model contains large bounds,8e-06,100000.0,0.0002,100.0,0.2,300000000.0,1.0,10000000000.0,,,,,44320000000000.0,31190000000000.0,1.0,1.001,0.033442549,,,,,,,,,,,,,,1576864.0,,,2254.0,,0.0,24.0,2254.0,,0.052565765670353,,,,,,,,OK,REVISAR,2.27049458771944e-05,0.0,3.2014213502407074e-10,103846867.336482,0.0,7.51481236564445e-09,9.87654402706384e-14,1.34110450744629e-07,9.5367431640625e-07,2.63149415936877e-10,639743.24472849,1.54693747491701,15123377.8685893,103846867.336482,0.234366282418341,2.47552591758904e-08,1.86264514923096e-09,2.27049458771944e-05,0.0,0.0,0.0,0.0,0.0,8.0,0.0,0.0,0.0,0.0,136611.080857406,220.11916109798,8125.6722539558,103846867.336482,0.0,0.0,0.0,334.0,322.0,1052.0,0.0,0.0,0.0,0.0,136611.080857406,136611.080857406,,,,,N/D,,,/clusteruy/home/mathiasr/generator-aware-row-scaling/results-revision/coverage-policy/full-1pct/resultados/instance024_estructurado_matricial.csv,/clusteruy/home/mathiasr/generator-aware-row-scaling/results-revision/coverage-policy/full-1pct/resultados/instance024_estructurado_matricial_postprocesado.csv,/clusteruy/home/mathiasr/generator-aware-row-scaling/results-revision/coverage-policy/full-1pct/logs/instance024_estructurado_matricial.log
instance024.txt,matricial_full,OK,0,3600.917227143,1.169562325513643,136595.3969178585,136595.0,TIME_LIMIT,134997.8286171214,118061.0,53320326.0,0.56,23763.0,16561.0,57555.0,19729.0,14225.0,51034.0,16.975971047426672,14.105428416158444,11.330032143167404,1,Model contains large bounds,8e-06,100000.0,0.0002,100.0,0.2,300000000.0,1.0,10000000000.0,,,,,44320000000000.0,31190000000000.0,1.0,1.001,0.033092362,,,,,,,,,,,,,,1869482.0,,,3987.0,,0.0,25.0,3987.0,,0.045177370163863,,,,,,,,REVISAR,REVISAR,0.000359643250703812,0.0,5.238689482212067e-10,103846900.985997,0.0,6.01355559569153e-08,7.85007614467709e-12,1.59375485964121e-07,0.000359643250703812,1.29178326361461e-09,640013.169899283,1.55254653444332,15188676.6164388,103846900.985997,0.234366247219676,1.72530362760881e-05,1.86264514923096e-09,0.000359643250703812,9.9381610789402e-07,3.46035449183546e-08,0.0,2.0,0.0,114.0,0.0,0.0,0.0,0.0,136595.396917858,220.119161097995,8125.67225393056,103846900.985997,9.9381610789402e-07,3.46035449183546e-08,0.0,332.0,322.0,1059.0,0.0,0.0,0.0,0.0,136595.396917858,136595.396917858,,,,,N/D,,,/clusteruy/home/mathiasr/generator-aware-row-scaling/results-revision/coverage-policy/full-1pct/resultados/instance024_matricial_full.csv,/clusteruy/home/mathiasr/generator-aware-row-scaling/results-revision/coverage-policy/full-1pct/resultados/instance024_matricial_full_postprocesado.csv,/clusteruy/home/mathiasr/generator-aware-row-scaling/results-revision/coverage-policy/full-1pct/logs/instance024_matricial_full.log
instance024.txt,matricial_plano,OK,0,3600.923165976,1.169562325513643,136595.3969178585,136595.0,TIME_LIMIT,134997.8286171214,118826.0,53904942.0,0.56,23763.0,16561.0,57555.0,19729.0,14225.0,51034.0,16.975971047426672,14.105428416158444,11.330032143167404,1,Model contains large bounds,8e-06,100000.0,0.0002,100.0,0.2,300000000.0,1.0,10000000000.0,,,,,44320000000000.0,31190000000000.0,0.0,0.0,0.016944278,,,,,,,,,,,,,,1869482.0,,,4022.0,,0.0,25.0,4022.0,,0.045127839788271,,,,,,,,REVISAR,REVISAR,0.000359643250703812,0.0,5.238689482212067e-10,103846900.985997,0.0,6.01355559569153e-08,7.85007614467709e-12,1.59375485964121e-07,0.000359643250703812,1.29178326361461e-09,640013.169899283,1.55254653444332,15188676.6164388,103846900.985997,0.234366247219676,1.72530362760881e-05,1.86264514923096e-09,0.000359643250703812,9.9381610789402e-07,3.46035449183546e-08,0.0,2.0,0.0,114.0,0.0,0.0,0.0,0.0,136595.396917858,220.119161097995,8125.67225393056,103846900.985997,9.9381610789402e-07,3.46035449183546e-08,0.0,332.0,322.0,1059.0,0.0,0.0,0.0,0.0,136595.396917858,136595.396917858,,,,,N/D,,,/clusteruy/home/mathiasr/generator-aware-row-scaling/results-revision/coverage-policy/full-1pct/resultados/instance024_matricial_plano.csv,/clusteruy/home/mathiasr/generator-aware-row-scaling/results-revision/coverage-policy/full-1pct/resultados/instance024_matricial_plano_postprocesado.csv,/clusteruy/home/mathiasr/generator-aware-row-scaling/results-revision/coverage-policy/full-1pct/logs/instance024_matricial_plano.log
instance025.txt,estructurado,OK,0,64.874630182,0.745330267046783,-1298177.299196653,-1298180.0,OPTIMAL,-1307853.0075274962,692.0,314316.0,0.52,23763.0,16561.0,57555.0,19703.0,14388.0,51115.0,17.08538484198123,13.1211883340378,11.18929719398836,1,Model contains large bounds,9e-06,100000.0,0.0004,100.0,0.1,2000000.0,1.0,10000000000.0,,,,,18380000000000.0,210400000000.0,1.0,1.5,0.030545543,,,,,,,,,,,,,,2634814.0,,,65.0,,0.0,10.0,65.0,,0.059039858883734,,,,,,,,OK,REVISAR,2.04704701900482e-06,0.0,3.026798367500305e-09,16381812.2659751,0.0,4.46082656520445e-09,2.8421709430404e-14,1.31092965602877e-07,1.69500708580017e-07,3.32878126158828e-14,103504.983821501,4.77571289663405,5403550.77652977,16381812.2659751,1.0,1.9073486328125e-06,1.86264514923096e-09,2.04704701900482e-06,0.0,0.0,0.0,1.0,0.0,4.0,0.0,0.0,0.0,0.0,-1298177.29919665,36.6980533564011,3882.49522002798,16381812.2659751,0.0,0.0,0.0,1973.0,325.0,875.0,0.0,0.0,0.0,0.0,-1298177.29919665,-1298177.29919665,,,,,N/D,,,/clusteruy/home/mathiasr/generator-aware-row-scaling/results-revision/coverage-policy/full-1pct/resultados/instance025_estructurado.csv,/clusteruy/home/mathiasr/generator-aware-row-scaling/results-revision/coverage-policy/full-1pct/resultados/instance025_estructurado_postprocesado.csv,/clusteruy/home/mathiasr/generator-aware-row-scaling/results-revision/coverage-policy/full-1pct/logs/instance025_estructurado.log
instance025.txt,estructurado_full,OK,0,85.920102301,0.817107363680972,-1296824.669018973,-1296820.0,OPTIMAL,-1307421.1188835583,2414.0,577575.0,0.52,23763.0,16561.0,57555.0,19703.0,14388.0,51115.0,17.08538484198123,13.1211883340378,11.18929719398836,1,Model contains large bounds,9e-06,100000.0,0.0004,100.0,0.1,90000.0,1.0,10000000000.0,,,,,18380000000000.0,13070000000.0,1.0,1.5,0.029570672,,,,,,,,,,,,,,14119046.0,,,81.0,,0.0,10.0,81.0,,0.0495014063539,,,,,,,,OK,REVISAR,2.86102294921875e-06,0.0,2.7939677238464355e-09,10579862.9068473,0.0,3.68253956333637e-09,2.27373675443232e-13,1.14329159259798e-07,1.15483999252319e-07,1.5886240935379e-13,57083.2484443998,4.30969957853145,629797.198194014,10579862.9068473,1.0,1.9073486328125e-06,1.86264514923096e-09,2.86102294921875e-06,0.0,0.0,0.0,1.0,0.0,1.0,0.0,0.0,0.0,0.0,-1296824.66901897,221.738378502854,3975.11749436974,10579862.9068473,0.0,0.0,0.0,2241.0,308.0,843.0,0.0,0.0,0.0,0.0,-1296824.66901897,-1296824.66901897,,,,,N/D,,,/clusteruy/home/mathiasr/generator-aware-row-scaling/results-revision/coverage-policy/full-1pct/resultados/instance025_estructurado_full.csv,/clusteruy/home/mathiasr/generator-aware-row-scaling/results-revision/coverage-policy/full-1pct/resultados/instance025_estructurado_full_postprocesado.csv,/clusteruy/home/mathiasr/generator-aware-row-scaling/results-revision/coverage-policy/full-1pct/logs/instance025_estructurado_full.log
instance025.txt,estructurado_plano,OK,0,85.790708792,0.817107363680972,-1296824.669018973,-1296820.0,OPTIMAL,-1307421.1188835583,2414.0,577575.0,0.53,23763.0,16561.0,57555.0,19703.0,14388.0,51115.0,17.08538484198123,13.1211883340378,11.18929719398836,1,Model contains large bounds,9e-06,100000.0,0.0004,100.0,0.1,90000.0,1.0,10000000000.0,,,,,18380000000000.0,13070000000.0,0.0,0.0,0.015875716,,,,,,,,,,,,,,14119046.0,,,81.0,,0.0,10.0,81.0,,0.050027828000165,,,,,,,,OK,REVISAR,2.86102294921875e-06,0.0,2.7939677238464355e-09,10579862.9068473,0.0,3.68253956333637e-09,2.27373675443232e-13,1.14329159259798e-07,1.15483999252319e-07,1.5886240935379e-13,57083.2484443998,4.30969957853145,629797.198194014,10579862.9068473,1.0,1.9073486328125e-06,1.86264514923096e-09,2.86102294921875e-06,0.0,0.0,0.0,1.0,0.0,1.0,0.0,0.0,0.0,0.0,-1296824.66901897,221.738378502854,3975.11749436974,10579862.9068473,0.0,0.0,0.0,2241.0,308.0,843.0,0.0,0.0,0.0,0.0,-1296824.66901897,-1296824.66901897,,,,,N/D,,,/clusteruy/home/mathiasr/generator-aware-row-scaling/results-revision/coverage-policy/full-1pct/resultados/instance025_estructurado_plano.csv,/clusteruy/home/mathiasr/generator-aware-row-scaling/results-revision/coverage-policy/full-1pct/resultados/instance025_estructurado_plano_postprocesado.csv,/clusteruy/home/mathiasr/generator-aware-row-scaling/results-revision/coverage-policy/full-1pct/logs/instance025_estructurado_plano.log
instance025.txt,estructurado_matricial,OK,0,232.744451415,0.908803091587491,-1295108.9827372348,-1295110.0,OPTIMAL,-1306878.973211778,3223.0,962901.0,0.52,23763.0,16561.0,57555.0,19698.0,14385.0,51148.0,17.106425956318645,13.13930318217499,11.131960733211711,1,Model contains large bounds,9e-06,100000.0,0.0004,100.0,0.02,300000000.0,1.0,10000000000.0,,,,,18380000000000.0,30850000000000.0,1.0,1.0,0.030594605,,,,,,,,,,,,,,21419556.0,,,238.0,,0.0,10.0,238.0,,0.034217723443044,,,,,,,,OK,REVISAR,9.5367431640625e-07,0.0,4.889443516731262e-09,15405468.9642725,0.0,2.54051342093982e-09,2.1316282072803e-14,7.46827572584157e-08,1.88127160072327e-07,4.56825379756286e-14,100469.432762724,5.23265908533268,5274744.06315574,15405468.9642725,1.0,3.57627868652344e-07,1.86264514923096e-09,9.5367431640625e-07,0.0,0.0,0.0,0.0,0.0,0.0,0.0,0.0,0.0,0.0,-1295108.98273723,38.8467974912145,3882.49522002798,15405468.9642725,0.0,0.0,0.0,2054.0,316.0,857.0,0.0,0.0,0.0,0.0,-1295108.98273723,-1295108.98273723,,,,,N/D,,,/clusteruy/home/mathiasr/generator-aware-row-scaling/results-revision/coverage-policy/full-1pct/resultados/instance025_estructurado_matricial.csv,/clusteruy/home/mathiasr/generator-aware-row-scaling/results-revision/coverage-policy/full-1pct/resultados/instance025_estructurado_matricial_postprocesado.csv,/clusteruy/home/mathiasr/generator-aware-row-scaling/results-revision/coverage-policy/full-1pct/logs/instance025_estructurado_matricial.log
instance025.txt,matricial_full,OK,0,91.47457448,0.730918691378376,-1298551.8390820534,-1298550.0,OPTIMAL,-1308043.1971911418,1502.0,437606.0,0.52,23763.0,16561.0,57555.0,19698.0,14385.0,51148.0,17.106425956318645,13.13930318217499,11.131960733211711,1,Model contains large bounds,9e-06,100000.0,0.0004,100.0,0.02,300000000.0,1.0,10000000000.0,,,,,18380000000000.0,30850000000000.0,1.0,1.0,0.032928368,,,,,,,,,,,,,,36991637.0,,,107.0,,0.0,10.0,107.0,,0.055344960189135,,,,,,,,OK,REVISAR,1.9073486328125e-06,0.0,3.4924596548080444e-09,11030934.3909882,0.0,3.13305829494835e-09,2.8421709430404e-14,1.09639950096608e-07,2.16066837310791e-07,7.26711055528775e-14,95721.2924111755,4.75382031674913,5291509.25632006,11030934.3909882,1.0,1.9073486328125e-06,0.0,1.59069895744324e-06,0.0,0.0,0.0,1.0,0.0,1.0,0.0,0.0,0.0,0.0,-1298551.83908205,102.269273104042,3882.49522002798,11030934.3909882,0.0,0.0,0.0,2011.0,315.0,856.0,0.0,0.0,0.0,0.0,-1298551.83908205,-1298551.83908205,,,,,N/D,,,/clusteruy/home/mathiasr/generator-aware-row-scaling/results-revision/coverage-policy/full-1pct/resultados/instance025_matricial_full.csv,/clusteruy/home/mathiasr/generator-aware-row-scaling/results-revision/coverage-policy/full-1pct/resultados/instance025_matricial_full_postprocesado.csv,/clusteruy/home/mathiasr/generator-aware-row-scaling/results-revision/coverage-policy/full-1pct/logs/instance025_matricial_full.log
instance025.txt,matricial_plano,OK,0,91.629183884,0.730918691378376,-1298551.8390820534,-1298550.0,OPTIMAL,-1308043.1971911418,1502.0,437606.0,0.52,23763.0,16561.0,57555.0,19698.0,14385.0,51148.0,17.106425956318645,13.13930318217499,11.131960733211711,1,Model contains large bounds,9e-06,100000.0,0.0004,100.0,0.02,300000000.0,1.0,10000000000.0,,,,,18380000000000.0,30850000000000.0,0.0,0.0,0.018702609,,,,,,,,,,,,,,36991637.0,,,107.0,,0.0,10.0,107.0,,0.055398187898247,,,,,,,,OK,REVISAR,1.9073486328125e-06,0.0,3.4924596548080444e-09,11030934.3909882,0.0,3.13305829494835e-09,2.8421709430404e-14,1.09639950096608e-07,2.16066837310791e-07,7.26711055528775e-14,95721.2924111755,4.75382031674913,5291509.25632006,11030934.3909882,1.0,1.9073486328125e-06,0.0,1.59069895744324e-06,0.0,0.0,0.0,1.0,0.0,1.0,0.0,0.0,0.0,0.0,-1298551.83908205,102.269273104042,3882.49522002798,11030934.3909882,0.0,0.0,0.0,2011.0,315.0,856.0,0.0,0.0,0.0,0.0,-1298551.83908205,-1298551.83908205,,,,,N/D,,,/clusteruy/home/mathiasr/generator-aware-row-scaling/results-revision/coverage-policy/full-1pct/resultados/instance025_matricial_plano.csv,/clusteruy/home/mathiasr/generator-aware-row-scaling/results-revision/coverage-policy/full-1pct/resultados/instance025_matricial_plano_postprocesado.csv,/clusteruy/home/mathiasr/generator-aware-row-scaling/results-revision/coverage-policy/full-1pct/logs/instance025_matricial_plano.log
instance026.txt,estructurado,OK,0,284.956644336,1.52e-13,-497222.4034222627,-497222.0,OPTIMAL,-497222.40342226345,2772.0,895744.0,0.55,23763.0,16561.0,57555.0,19881.0,14348.0,51567.0,16.336321171569246,13.362719642533664,10.403961428199114,1,Model contains large bounds,8e-06,100000.0,0.0005,100.0,0.2,3000000.0,1.0,10000000000.0,,,,,22530000000000.0,317800000000.0,1.0,1.5,0.029849206,,,,,,,,,,,,,,6226059.0,,,300.0,,0.0,27.0,300.0,,0.085435229713566,,,,,,,,OK,REVISAR,5.19654386152979e-05,1.23687527806686e-06,2.9103830456733704e-10,99328305.1794109,1.23687527806686e-06,3.92667333053922e-08,3.63797880709171e-12,2.76571227004752e-07,5.19654386152979e-05,2.86780429853043e-08,561378.235091986,1.78911710648108,10125988.0188512,99328305.1794109,1.0,5.19654386152979e-05,0.0,3.4332275390625e-05,5.79823680175664e-07,8.86394673216273e-08,1.23687527806686e-06,11.0,0.0,104.0,0.0,0.0,1.0,0.0,-497222.403422263,200.131839041002,6620.66567684885,99328305.1794109,5.79823680175664e-07,8.86394673216273e-08,1.23687527806686e-06,896.0,334.0,1083.0,0.0,0.0,1.0,0.0,-497222.403422263,-497222.403422263,,,,,N/D,,,/clusteruy/home/mathiasr/generator-aware-row-scaling/results-revision/coverage-policy/full-1pct/resultados/instance026_estructurado.csv,/clusteruy/home/mathiasr/generator-aware-row-scaling/results-revision/coverage-policy/full-1pct/resultados/instance026_estructurado_postprocesado.csv,/clusteruy/home/mathiasr/generator-aware-row-scaling/results-revision/coverage-policy/full-1pct/logs/instance026_estructurado.log
instance026.txt,estructurado_full,OK,0,385.332558468,2.3e-14,-498812.42692286696,-498812.0,OPTIMAL,-498812.4269228671,2732.0,1255696.0,0.54,23763.0,16561.0,57555.0,19881.0,14348.0,51567.0,16.336321171569246,13.362719642533664,10.403961428199114,1,Model contains large bounds,8e-06,100000.0,0.0005,100.0,0.2,100000.0,1.0,10000000000.0,,,,,22530000000000.0,14090000000.0,1.0,1.5,0.032806473,,,,,,,,,,,,,,10454428.0,,,412.0,,0.0,29.0,412.0,,0.066909182441991,,,,,,,,OK,REVISAR,4.97270375490189e-05,0.0,5.820766091346741e-11,13660424.6660901,0.0,6.89046686939784e-09,5.6843418860808e-14,1.39698386192322e-07,1.9073486328125e-06,2.51980278388925e-12,88705.2035464464,6.48144816995314,2960107.51875739,13660424.6660901,1.0,3.45706939697266e-06,0.0,4.97270375490189e-05,0.0,0.0,0.0,1.0,0.0,7.0,0.0,0.0,0.0,0.0,-498812.426922867,220.588664952818,6620.66567684885,13660424.6660901,0.0,0.0,0.0,1662.0,396.0,1062.0,0.0,0.0,0.0,0.0,-498812.426922867,-498812.426922867,,,,,N/D,,,/clusteruy/home/mathiasr/generator-aware-row-scaling/results-revision/coverage-policy/full-1pct/resultados/instance026_estructurado_full.csv,/clusteruy/home/mathiasr/generator-aware-row-scaling/results-revision/coverage-policy/full-1pct/resultados/instance026_estructurado_full_postprocesado.csv,/clusteruy/home/mathiasr/generator-aware-row-scaling/results-revision/coverage-policy/full-1pct/logs/instance026_estructurado_full.log
instance026.txt,estructurado_plano,OK,0,381.854815446,2.3e-14,-498812.42692286696,-498812.0,OPTIMAL,-498812.4269228671,2732.0,1255696.0,0.53,23763.0,16561.0,57555.0,19881.0,14348.0,51567.0,16.336321171569246,13.362719642533664,10.403961428199114,1,Model contains large bounds,8e-06,100000.0,0.0005,100.0,0.2,100000.0,1.0,10000000000.0,,,,,22530000000000.0,14090000000.0,0.0,0.0,0.016158873,,,,,,,,,,,,,,10454428.0,,,412.0,,0.0,29.0,412.0,,0.066921637789516,,,,,,,,OK,REVISAR,4.97270375490189e-05,0.0,5.820766091346741e-11,13660424.6660901,0.0,6.89046686939784e-09,5.6843418860808e-14,1.39698386192322e-07,1.9073486328125e-06,2.51980278388925e-12,88705.2035464464,6.48144816995314,2960107.51875739,13660424.6660901,1.0,3.45706939697266e-06,0.0,4.97270375490189e-05,0.0,0.0,0.0,1.0,0.0,7.0,0.0,0.0,0.0,0.0,-498812.426922867,220.588664952818,6620.66567684885,13660424.6660901,0.0,0.0,0.0,1662.0,396.0,1062.0,0.0,0.0,0.0,0.0,-498812.426922867,-498812.426922867,,,,,N/D,,,/clusteruy/home/mathiasr/generator-aware-row-scaling/results-revision/coverage-policy/full-1pct/resultados/instance026_estructurado_plano.csv,/clusteruy/home/mathiasr/generator-aware-row-scaling/results-revision/coverage-policy/full-1pct/resultados/instance026_estructurado_plano_postprocesado.csv,/clusteruy/home/mathiasr/generator-aware-row-scaling/results-revision/coverage-policy/full-1pct/logs/instance026_estructurado_plano.log
instance026.txt,estructurado_matricial,OK,0,3601.550860579,1.164660961172004,-501976.513041158,-501977.0,TIME_LIMIT,-507822.83752280084,186695.0,53396562.0,0.53,23763.0,16561.0,57555.0,19869.0,14343.0,51559.0,16.386819845979044,13.392911056095647,10.41786117626618,1,Model contains large bounds,8e-06,100000.0,0.0005,100.0,0.03,300000000.0,1.0,10000000000.0,,,,,22530000000000.0,32060000000000.0,1.0,1.0,0.031785026,,,,,,,,,,,,,,20879038.0,,,4415.0,,0.0,25.0,4415.0,,0.023159466788202,,,,,,,,OK,REVISAR,2.73734331130981e-05,0.0,0.0,100029802.115476,0.0,5.76990975158665e-09,8.17124146124115e-14,1.23717036331073e-07,2.73734331130981e-05,3.68959528481896e-11,528083.991768774,1.7086749910819,9369570.80474904,100029802.115476,1.0,3.67290908798168e-09,0.0,2.73734331130981e-05,0.0,0.0,0.0,0.0,0.0,10.0,0.0,0.0,0.0,0.0,-501976.513041158,212.701695926553,6620.66567684902,100029802.115476,0.0,0.0,0.0,864.0,340.0,1074.0,0.0,0.0,0.0,0.0,-501976.513041158,-501976.513041158,,,,,N/D,,,/clusteruy/home/mathiasr/generator-aware-row-scaling/results-revision/coverage-policy/full-1pct/resultados/instance026_estructurado_matricial.csv,/clusteruy/home/mathiasr/generator-aware-row-scaling/results-revision/coverage-policy/full-1pct/resultados/instance026_estructurado_matricial_postprocesado.csv,/clusteruy/home/mathiasr/generator-aware-row-scaling/results-revision/coverage-policy/full-1pct/logs/instance026_estructurado_matricial.log
instance026.txt,matricial_full,OK,0,1639.138659629,0.0,-501927.4189709729,-501927.0,OPTIMAL,-501927.4189709729,41439.0,10710462.0,0.53,23763.0,16561.0,57555.0,19869.0,14343.0,51559.0,16.386819845979044,13.392911056095647,10.41786117626618,1,Model contains large bounds,8e-06,100000.0,0.0005,100.0,0.03,300000000.0,1.0,10000000000.0,,,,,22530000000000.0,32060000000000.0,1.0,1.0,0.032458381,,,,,,,,,,,,,,25078843.0,,,1789.0,,0.0,24.0,1789.0,,0.036533662534312,,,,,,,,OK,REVISAR,2.35042534768581e-06,0.0,1.1641532182693481e-10,100029802.11575,0.0,3.58751182385549e-09,8.17124146124115e-14,1.1676922440529e-07,2.35042534768581e-06,5.12768721238096e-13,522093.556354021,1.66848983787493,9370408.32507852,100029802.11575,1.0,9.09494701772928e-12,0.0,2.35042534768581e-06,0.0,0.0,0.0,0.0,0.0,3.0,0.0,0.0,0.0,0.0,-501927.418970973,212.701695926553,6620.66567684879,100029802.11575,0.0,0.0,0.0,877.0,337.0,1077.0,0.0,0.0,0.0,0.0,-501927.418970973,-501927.418970973,,,,,N/D,,,/clusteruy/home/mathiasr/generator-aware-row-scaling/results-revision/coverage-policy/full-1pct/resultados/instance026_matricial_full.csv,/clusteruy/home/mathiasr/generator-aware-row-scaling/results-revision/coverage-policy/full-1pct/resultados/instance026_matricial_full_postprocesado.csv,/clusteruy/home/mathiasr/generator-aware-row-scaling/results-revision/coverage-policy/full-1pct/logs/instance026_matricial_full.log
instance026.txt,matricial_plano,OK,0,1641.578905009,0.0,-501927.4189709729,-501927.0,OPTIMAL,-501927.4189709729,41439.0,10710462.0,0.52,23763.0,16561.0,57555.0,19869.0,14343.0,51559.0,16.386819845979044,13.392911056095647,10.41786117626618,1,Model contains large bounds,8e-06,100000.0,0.0005,100.0,0.03,300000000.0,1.0,10000000000.0,,,,,22530000000000.0,32060000000000.0,0.0,0.0,0.018630418,,,,,,,,,,,,,,25078843.0,,,1789.0,,0.0,24.0,1789.0,,0.036530178089264,,,,,,,,OK,REVISAR,2.35042534768581e-06,0.0,1.1641532182693481e-10,100029802.11575,0.0,3.58751182385549e-09,8.17124146124115e-14,1.1676922440529e-07,2.35042534768581e-06,5.12768721238096e-13,522093.556354021,1.66848983787493,9370408.32507852,100029802.11575,1.0,9.09494701772928e-12,0.0,2.35042534768581e-06,0.0,0.0,0.0,0.0,0.0,3.0,0.0,0.0,0.0,0.0,-501927.418970973,212.701695926553,6620.66567684879,100029802.11575,0.0,0.0,0.0,877.0,337.0,1077.0,0.0,0.0,0.0,0.0,-501927.418970973,-501927.418970973,,,,,N/D,,,/clusteruy/home/mathiasr/generator-aware-row-scaling/results-revision/coverage-policy/full-1pct/resultados/instance026_matricial_plano.csv,/clusteruy/home/mathiasr/generator-aware-row-scaling/results-revision/coverage-policy/full-1pct/resultados/instance026_matricial_plano_postprocesado.csv,/clusteruy/home/mathiasr/generator-aware-row-scaling/results-revision/coverage-policy/full-1pct/logs/instance026_matricial_plano.log
instance027.txt,estructurado,OK,0,140.815115413,0.772200011609991,-1046577.7772727025,-1046580.0,OPTIMAL,-1054659.45099031,7600.0,667396.0,0.36,23763.0,16561.0,57555.0,20015.0,14535.0,50226.0,15.772419307326516,12.2335607753155,12.7339066979411,1,Model contains large bounds,1e-05,100000.0,0.0003,100.0,0.2,2000000.0,1.0,10000000000.0,,,,,37980000000000.0,239000000000.0,1.0,1.5,0.029530125,,,,,,,,,,,,,,3072659.0,,,133.0,,0.0,12.0,133.0,,0.036260206349026,,,,,,,,OK,REVISAR,9.53703420236707e-07,0.0,2.561137080192566e-09,12462104.1970698,0.0,2.62928670726552e-09,5.6843418860808e-14,6.70552253723145e-08,3.72529029846191e-09,4.45647043124766e-14,96562.7373320967,7.85220541818166,5126745.31298199,12462104.1970698,1.0,1.92812876775861e-10,1.86264514923096e-09,9.53703420236707e-07,0.0,0.0,0.0,0.0,0.0,0.0,0.0,0.0,0.0,0.0,-1046577.7772727,77.3761871351286,3757.90110185367,12462104.1970698,0.0,0.0,0.0,2230.0,329.0,1023.0,0.0,0.0,0.0,0.0,-1046577.7772727,-1046577.7772727,,,,,N/D,,,/clusteruy/home/mathiasr/generator-aware-row-scaling/results-revision/coverage-policy/full-1pct/resultados/instance027_estructurado.csv,/clusteruy/home/mathiasr/generator-aware-row-scaling/results-revision/coverage-policy/full-1pct/resultados/instance027_estructurado_postprocesado.csv,/clusteruy/home/mathiasr/generator-aware-row-scaling/results-revision/coverage-policy/full-1pct/logs/instance027_estructurado.log
instance027.txt,estructurado_full,OK,0,164.098126129,0.947003047478743,-1046095.4062816498,-1046100.0,OPTIMAL,-1056001.9616586722,11845.0,912054.0,0.36,23763.0,16561.0,57555.0,20015.0,14535.0,50226.0,15.772419307326516,12.2335607753155,12.7339066979411,1,Model contains large bounds,1e-05,100000.0,0.0003,100.0,0.2,90000.0,1.0,10000000000.0,,,,,37980000000000.0,10780000000.0,1.0,1.5,0.030397737,,,,,,,,,,,,,,1827241.0,,,157.0,,0.0,12.0,157.0,,0.030675935568397,,,,,,,,OK,REVISAR,1.01514160633087e-06,0.0,1.1641532182693481e-10,12470918.2141908,0.0,2.76786040190717e-09,5.6843418860808e-14,8.01822170615199e-08,3.72529029846191e-09,2.91011116479495e-14,44684.7903776401,8.35169236490124,267482.265492161,12470918.2141908,1.0,1.45519152283669e-11,1.86264514923096e-09,1.01514160633087e-06,0.0,0.0,0.0,0.0,0.0,1.0,0.0,0.0,0.0,0.0,-1046095.40628165,882.466746628073,3781.6778035312,12470918.2141908,0.0,0.0,0.0,2571.0,332.0,1021.0,0.0,0.0,0.0,0.0,-1046095.40628165,-1046095.40628165,,,,,N/D,,,/clusteruy/home/mathiasr/generator-aware-row-scaling/results-revision/coverage-policy/full-1pct/resultados/instance027_estructurado_full.csv,/clusteruy/home/mathiasr/generator-aware-row-scaling/results-revision/coverage-policy/full-1pct/resultados/instance027_estructurado_full_postprocesado.csv,/clusteruy/home/mathiasr/generator-aware-row-scaling/results-revision/coverage-policy/full-1pct/logs/instance027_estructurado_full.log
instance027.txt,estructurado_plano,OK,0,163.234339591,0.947003047478743,-1046095.4062816498,-1046100.0,OPTIMAL,-1056001.9616586722,11845.0,912054.0,0.36,23763.0,16561.0,57555.0,20015.0,14535.0,50226.0,15.772419307326516,12.2335607753155,12.7339066979411,1,Model contains large bounds,1e-05,100000.0,0.0003,100.0,0.2,90000.0,1.0,10000000000.0,,,,,37980000000000.0,10780000000.0,0.0,0.0,0.01724533,,,,,,,,,,,,,,1827241.0,,,157.0,,0.0,12.0,157.0,,0.030752571901117,,,,,,,,OK,REVISAR,1.01514160633087e-06,0.0,1.1641532182693481e-10,12470918.2141908,0.0,2.76786040190717e-09,5.6843418860808e-14,8.01822170615199e-08,3.72529029846191e-09,2.91011116479495e-14,44684.7903776401,8.35169236490124,267482.265492161,12470918.2141908,1.0,1.45519152283669e-11,1.86264514923096e-09,1.01514160633087e-06,0.0,0.0,0.0,0.0,0.0,1.0,0.0,0.0,0.0,0.0,-1046095.40628165,882.466746628073,3781.6778035312,12470918.2141908,0.0,0.0,0.0,2571.0,332.0,1021.0,0.0,0.0,0.0,0.0,-1046095.40628165,-1046095.40628165,,,,,N/D,,,/clusteruy/home/mathiasr/generator-aware-row-scaling/results-revision/coverage-policy/full-1pct/resultados/instance027_estructurado_plano.csv,/clusteruy/home/mathiasr/generator-aware-row-scaling/results-revision/coverage-policy/full-1pct/resultados/instance027_estructurado_plano_postprocesado.csv,/clusteruy/home/mathiasr/generator-aware-row-scaling/results-revision/coverage-policy/full-1pct/logs/instance027_estructurado_plano.log
instance027.txt,estructurado_matricial,OK,0,229.301386884,0.907890637376746,-1044781.6456412324,-1044780.0,OPTIMAL,-1054267.1203830398,8114.0,1030208.0,0.35,23763.0,16561.0,57555.0,20012.0,14532.0,50234.0,15.785043975928966,12.251675623452691,12.720006949874033,1,Model contains large bounds,1e-05,100000.0,0.0003,100.0,0.05,300000000.0,1.0,10000000000.0,,,,,37980000000000.0,28470000000000.0,1.0,1.001,0.030554798,,,,,,,,,,,,,,13615139.0,,,220.0,,0.0,13.0,220.0,,0.028821286130559,,,,,,,,OK,REVISAR,1.26101076602936e-06,0.0,2.3283064365386963e-09,12470918.2141908,0.0,1.74103509003457e-09,7.105427357601e-14,5.40167093276978e-08,3.72529029846191e-09,2.88264181158415e-14,95898.7327628026,7.92581811071647,5063621.34345492,12470918.2141908,1.0,1.81898940354586e-11,0.0,1.26101076602936e-06,0.0,0.0,0.0,0.0,0.0,1.0,0.0,0.0,0.0,0.0,-1044781.64564123,77.1764698379511,3821.04799770494,12470918.2141908,0.0,0.0,0.0,2215.0,330.0,1021.0,0.0,0.0,0.0,0.0,-1044781.64564123,-1044781.64564123,,,,,N/D,,,/clusteruy/home/mathiasr/generator-aware-row-scaling/results-revision/coverage-policy/full-1pct/resultados/instance027_estructurado_matricial.csv,/clusteruy/home/mathiasr/generator-aware-row-scaling/results-revision/coverage-policy/full-1pct/resultados/instance027_estructurado_matricial_postprocesado.csv,/clusteruy/home/mathiasr/generator-aware-row-scaling/results-revision/coverage-policy/full-1pct/logs/instance027_estructurado_matricial.log
instance027.txt,matricial_full,OK,0,171.661816993,0.990472268553415,-1043788.0488907429,-1043790.0,OPTIMAL,-1054126.4800574805,8154.0,840712.0,0.36,23763.0,16561.0,57555.0,20012.0,14532.0,50234.0,15.785043975928966,12.251675623452691,12.720006949874033,1,Model contains large bounds,1e-05,100000.0,0.0003,100.0,0.05,300000000.0,1.0,10000000000.0,,,,,37980000000000.0,28470000000000.0,1.0,1.001,0.032693675,,,,,,,,,,,,,,20062518.0,,,162.0,,0.0,13.0,162.0,,0.033149081132243,,,,,,,,OK,REVISAR,5.43892383575439e-07,0.0,2.9103830456733704e-09,12470918.2141908,0.0,1.57305074466962e-09,3.90798504668055e-14,5.21540641784668e-08,3.72529029846191e-09,3.34119139603809e-14,96594.403425026,7.86674625990229,5101951.96626816,12470918.2141908,1.0,1.81898940354586e-11,0.0,5.43892383575439e-07,0.0,0.0,0.0,0.0,0.0,0.0,0.0,0.0,0.0,0.0,-1043788.04889074,77.0320314355279,3885.00886952601,12470918.2141908,0.0,0.0,0.0,2157.0,327.0,1025.0,0.0,0.0,0.0,0.0,-1043788.04889074,-1043788.04889074,,,,,N/D,,,/clusteruy/home/mathiasr/generator-aware-row-scaling/results-revision/coverage-policy/full-1pct/resultados/instance027_matricial_full.csv,/clusteruy/home/mathiasr/generator-aware-row-scaling/results-revision/coverage-policy/full-1pct/resultados/instance027_matricial_full_postprocesado.csv,/clusteruy/home/mathiasr/generator-aware-row-scaling/results-revision/coverage-policy/full-1pct/logs/instance027_matricial_full.log
instance027.txt,matricial_plano,OK,0,171.858729497,0.990472268553415,-1043788.0488907429,-1043790.0,OPTIMAL,-1054126.4800574805,8154.0,840712.0,0.35,23763.0,16561.0,57555.0,20012.0,14532.0,50234.0,15.785043975928966,12.251675623452691,12.720006949874033,1,Model contains large bounds,1e-05,100000.0,0.0003,100.0,0.05,300000000.0,1.0,10000000000.0,,,,,37980000000000.0,28470000000000.0,0.0,0.0,0.018771681,,,,,,,,,,,,,,20062518.0,,,162.0,,0.0,13.0,162.0,,0.032738831139767,,,,,,,,OK,REVISAR,5.43892383575439e-07,0.0,2.9103830456733704e-09,12470918.2141908,0.0,1.57305074466962e-09,3.90798504668055e-14,5.21540641784668e-08,3.72529029846191e-09,3.34119139603809e-14,96594.403425026,7.86674625990229,5101951.96626816,12470918.2141908,1.0,1.81898940354586e-11,0.0,5.43892383575439e-07,0.0,0.0,0.0,0.0,0.0,0.0,0.0,0.0,0.0,0.0,-1043788.04889074,77.0320314355279,3885.00886952601,12470918.2141908,0.0,0.0,0.0,2157.0,327.0,1025.0,0.0,0.0,0.0,0.0,-1043788.04889074,-1043788.04889074,,,,,N/D,,,/clusteruy/home/mathiasr/generator-aware-row-scaling/results-revision/coverage-policy/full-1pct/resultados/instance027_matricial_plano.csv,/clusteruy/home/mathiasr/generator-aware-row-scaling/results-revision/coverage-policy/full-1pct/resultados/instance027_matricial_plano_postprocesado.csv,/clusteruy/home/mathiasr/generator-aware-row-scaling/results-revision/coverage-policy/full-1pct/logs/instance027_matricial_plano.log
instance028.txt,estructurado,OK,0,60.065135542,0.137481626460495,-1279792.5104511883,-1279790.0,OPTIMAL,-1281551.9900098762,2461.0,199636.0,0.54,23763.0,16561.0,57555.0,19937.0,14379.0,51580.0,16.100660690990196,13.175532878449369,10.381374337590131,1,Model contains large bounds,1e-05,100000.0,0.0002,100.0,0.1,2000000.0,1.0,10000000000.0,,,,,16000000000000.0,184900000000.0,1.0,1.5,0.031088979,,,,,,,,,,,,,,1809999.0,,,54.0,,0.0,9.0,54.0,,0.053132269870482,,,,,,,,OK,REVISAR,2.16811895370483e-06,0.0,1.6298145055770874e-09,14659873.3530536,0.0,4.89007934693599e-09,8.05577826667955e-14,1.29175023175778e-07,5.58793544769287e-09,1.91307180994337e-09,191696.475679778,9.21226694417252,12139202.7837175,14659873.3530536,1.0,1.19209289550781e-07,1.86264514923096e-09,2.16811895370483e-06,5.07719212072115e-08,0.0,0.0,0.0,0.0,10.0,0.0,0.0,0.0,0.0,-1279792.51045119,63.6099591510944,608.204312764807,14659873.3530536,5.07719212072115e-08,0.0,0.0,2604.0,164.0,1080.0,0.0,0.0,0.0,0.0,-1279792.51045119,-1279792.51045119,,,,,N/D,,,/clusteruy/home/mathiasr/generator-aware-row-scaling/results-revision/coverage-policy/full-1pct/resultados/instance028_estructurado.csv,/clusteruy/home/mathiasr/generator-aware-row-scaling/results-revision/coverage-policy/full-1pct/resultados/instance028_estructurado_postprocesado.csv,/clusteruy/home/mathiasr/generator-aware-row-scaling/results-revision/coverage-policy/full-1pct/logs/instance028_estructurado.log
instance028.txt,estructurado_full,OK,0,75.918697516,0.862404646232054,-1270685.628677965,-1270690.0,OPTIMAL,-1281644.0805786867,4415.0,342034.0,0.56,23763.0,16561.0,57555.0,19937.0,14379.0,51580.0,16.100660690990196,13.175532878449369,10.381374337590131,1,Model contains large bounds,1e-05,100000.0,0.0002,100.0,0.1,80000.0,1.0,10000000000.0,,,,,16000000000000.0,9796000000.0,1.0,1.5,0.030184039,,,,,,,,,,,,,,5165740.0,,,73.0,,0.0,9.0,73.0,,0.041119424531197,,,,,,,,OK,REVISAR,7.63870775699615e-06,0.0,4.889443516731262e-09,15116806.8820477,0.0,6.07318169624207e-09,2.98072677651354e-13,1.71950086951257e-07,7.63870775699615e-06,1.37831242007095e-08,183334.165204299,12.2028714965444,11572612.9342203,15116806.8820477,1.0,4.76837158203125e-07,0.0,7.63870775699615e-06,7.01431871938012e-09,0.0,0.0,0.0,0.0,7.0,0.0,0.0,0.0,0.0,-1270685.62867796,1182.40679639009,934.757029758272,15116806.8820477,7.01431871938012e-09,0.0,0.0,2369.0,133.0,1100.0,0.0,0.0,0.0,0.0,-1270685.62867796,-1270685.62867796,,,,,N/D,,,/clusteruy/home/mathiasr/generator-aware-row-scaling/results-revision/coverage-policy/full-1pct/resultados/instance028_estructurado_full.csv,/clusteruy/home/mathiasr/generator-aware-row-scaling/results-revision/coverage-policy/full-1pct/resultados/instance028_estructurado_full_postprocesado.csv,/clusteruy/home/mathiasr/generator-aware-row-scaling/results-revision/coverage-policy/full-1pct/logs/instance028_estructurado_full.log
instance028.txt,estructurado_plano,OK,0,77.221855509,0.862404646232054,-1270685.628677965,-1270690.0,OPTIMAL,-1281644.0805786867,4415.0,342034.0,0.56,23763.0,16561.0,57555.0,19937.0,14379.0,51580.0,16.100660690990196,13.175532878449369,10.381374337590131,1,Model contains large bounds,1e-05,100000.0,0.0002,100.0,0.1,80000.0,1.0,10000000000.0,,,,,16000000000000.0,9796000000.0,0.0,0.0,0.018162789,,,,,,,,,,,,,,5165740.0,,,73.0,,0.0,9.0,73.0,,0.042441206943594,,,,,,,,OK,REVISAR,7.63870775699615e-06,0.0,4.889443516731262e-09,15116806.8820477,0.0,6.07318169624207e-09,2.98072677651354e-13,1.71950086951257e-07,7.63870775699615e-06,1.37831242007095e-08,183334.165204299,12.2028714965444,11572612.9342203,15116806.8820477,1.0,4.76837158203125e-07,0.0,7.63870775699615e-06,7.01431871938012e-09,0.0,0.0,0.0,0.0,7.0,0.0,0.0,0.0,0.0,-1270685.62867796,1182.40679639009,934.757029758272,15116806.8820477,7.01431871938012e-09,0.0,0.0,2369.0,133.0,1100.0,0.0,0.0,0.0,0.0,-1270685.62867796,-1270685.62867796,,,,,N/D,,,/clusteruy/home/mathiasr/generator-aware-row-scaling/results-revision/coverage-policy/full-1pct/resultados/instance028_estructurado_plano.csv,/clusteruy/home/mathiasr/generator-aware-row-scaling/results-revision/coverage-policy/full-1pct/resultados/instance028_estructurado_plano_postprocesado.csv,/clusteruy/home/mathiasr/generator-aware-row-scaling/results-revision/coverage-policy/full-1pct/logs/instance028_estructurado_plano.log
instance028.txt,estructurado_matricial,OK,0,84.80853951,0.699906764407933,-1272869.2766880107,-1272870.0,OPTIMAL,-1281778.1748576204,3700.0,325346.0,0.56,23763.0,16561.0,57555.0,19967.0,14385.0,51916.0,15.974414004965704,13.13930318217499,9.797584918773348,1,Model contains large bounds,1e-05,100000.0,0.0002,100.0,0.02,300000000.0,1.0,10000000000.0,,,,,16000000000000.0,26850000000000.0,1.0,1.0,0.031301535,,,,,,,,,,,,,,20412271.0,,,90.0,,0.0,11.0,90.0,,0.048597000121085,,,,,,,,OK,REVISAR,1.30012631416321e-06,0.0,6.984919309616089e-10,14659873.3530536,0.0,4.13047500192759e-09,2.8421709430404e-14,1.49896368384364e-07,5.58793544769287e-09,5.6120800303319e-14,201685.447417006,9.36251387213376,12993976.8318168,14659873.3530536,1.0,2.38418579101562e-07,0.0,1.30012631416321e-06,0.0,0.0,0.0,0.0,0.0,4.0,0.0,0.0,0.0,0.0,-1272869.27668801,67.6367815585431,714.285905140016,14659873.3530536,0.0,0.0,0.0,2292.0,201.0,1066.0,0.0,0.0,0.0,0.0,-1272869.27668801,-1272869.27668801,,,,,N/D,,,/clusteruy/home/mathiasr/generator-aware-row-scaling/results-revision/coverage-policy/full-1pct/resultados/instance028_estructurado_matricial.csv,/clusteruy/home/mathiasr/generator-aware-row-scaling/results-revision/coverage-policy/full-1pct/resultados/instance028_estructurado_matricial_postprocesado.csv,/clusteruy/home/mathiasr/generator-aware-row-scaling/results-revision/coverage-policy/full-1pct/logs/instance028_estructurado_matricial.log
instance028.txt,matricial_full,OK,0,57.502097479,0.127163285192581,-1279953.2138520754,-1279950.0,OPTIMAL,-1281580.8444077377,2417.0,213813.0,0.56,23763.0,16561.0,57555.0,19967.0,14385.0,51916.0,15.974414004965704,13.13930318217499,9.797584918773348,1,Model contains large bounds,1e-05,100000.0,0.0002,100.0,0.02,300000000.0,1.0,10000000000.0,,,,,16000000000000.0,26850000000000.0,1.0,1.0,0.030740421,,,,,,,,,,,,,,951878.0,,,56.0,,0.0,11.0,56.0,,0.064021445480773,,,,,,,,OK,REVISAR,1.13993883132935e-06,0.0,4.6566128730773926e-09,14659873.3530536,0.0,2.93948670303313e-09,3.19744231092045e-14,8.94069671630859e-08,5.58793544769287e-09,1.90697207036004e-09,191799.617857981,8.98828299880614,12151449.3024965,14659873.3530536,1.0,1.90697207036004e-09,0.0,1.13993883132935e-06,3.57211201985677e-08,0.0,0.0,0.0,0.0,2.0,0.0,0.0,0.0,0.0,-1279953.21385208,63.609959151095,585.342935141554,14659873.3530536,3.57211201985677e-08,0.0,0.0,2615.0,161.0,1081.0,0.0,0.0,0.0,0.0,-1279953.21385208,-1279953.21385208,,,,,N/D,,,/clusteruy/home/mathiasr/generator-aware-row-scaling/results-revision/coverage-policy/full-1pct/resultados/instance028_matricial_full.csv,/clusteruy/home/mathiasr/generator-aware-row-scaling/results-revision/coverage-policy/full-1pct/resultados/instance028_matricial_full_postprocesado.csv,/clusteruy/home/mathiasr/generator-aware-row-scaling/results-revision/coverage-policy/full-1pct/logs/instance028_matricial_full.log
instance028.txt,matricial_plano,OK,0,57.1299377,0.127163285192581,-1279953.2138520754,-1279950.0,OPTIMAL,-1281580.8444077377,2417.0,213813.0,0.56,23763.0,16561.0,57555.0,19967.0,14385.0,51916.0,15.974414004965704,13.13930318217499,9.797584918773348,1,Model contains large bounds,1e-05,100000.0,0.0002,100.0,0.02,300000000.0,1.0,10000000000.0,,,,,16000000000000.0,26850000000000.0,0.0,0.0,0.017680033,,,,,,,,,,,,,,951878.0,,,56.0,,0.0,10.0,56.0,,0.065207139269679,,,,,,,,OK,REVISAR,1.13993883132935e-06,0.0,4.6566128730773926e-09,14659873.3530536,0.0,2.93948670303313e-09,3.19744231092045e-14,8.94069671630859e-08,5.58793544769287e-09,1.90697207036004e-09,191799.617857981,8.98828299880614,12151449.3024965,14659873.3530536,1.0,1.90697207036004e-09,0.0,1.13993883132935e-06,3.57211201985677e-08,0.0,0.0,0.0,0.0,2.0,0.0,0.0,0.0,0.0,-1279953.21385208,63.609959151095,585.342935141554,14659873.3530536,3.57211201985677e-08,0.0,0.0,2615.0,161.0,1081.0,0.0,0.0,0.0,0.0,-1279953.21385208,-1279953.21385208,,,,,N/D,,,/clusteruy/home/mathiasr/generator-aware-row-scaling/results-revision/coverage-policy/full-1pct/resultados/instance028_matricial_plano.csv,/clusteruy/home/mathiasr/generator-aware-row-scaling/results-revision/coverage-policy/full-1pct/resultados/instance028_matricial_plano_postprocesado.csv,/clusteruy/home/mathiasr/generator-aware-row-scaling/results-revision/coverage-policy/full-1pct/logs/instance028_matricial_plano.log
instance029.txt,estructurado,OK,0,86.943590526,0.569369897856729,-1532262.5574809911,-1532260.0,OPTIMAL,-1540986.7992394175,1488.0,745227.0,0.66,23763.0,16561.0,57555.0,19863.0,14321.0,51510.0,16.41206918318394,13.525753275768372,10.502997133176962,1,Model contains large bounds,9e-06,100000.0,0.0005,100.0,0.1,3000000.0,1.0,10000000000.0,,,,,25350000000000.0,342500000000.0,1.0,1.5,0.032761509,,,,,,,,,,,,,,1390457.0,,,99.0,,0.0,14.0,99.0,,0.072686750545961,,,,,,,,OK,REVISAR,1.18761090561748e-06,0.0,1.1641532182693481e-09,48438630.8571223,0.0,4.8334462366427e-09,7.105427357601e-14,1.44997611641884e-07,1.18761090561748e-06,4.44991787334308e-09,194909.730563747,17.4269877810808,6108432.23256834,48438630.8571223,1.0,6.54836185276508e-11,0.0,1.18761090561748e-06,0.0,0.0,0.0,0.0,0.0,3.0,0.0,0.0,0.0,0.0,-1532262.55748099,53.9646836115047,12338.3269303764,48438630.8571223,0.0,0.0,0.0,2422.0,462.0,959.0,0.0,0.0,0.0,0.0,-1532262.55748099,-1532262.55748099,,,,,N/D,,,/clusteruy/home/mathiasr/generator-aware-row-scaling/results-revision/coverage-policy/full-1pct/resultados/instance029_estructurado.csv,/clusteruy/home/mathiasr/generator-aware-row-scaling/results-revision/coverage-policy/full-1pct/resultados/instance029_estructurado_postprocesado.csv,/clusteruy/home/mathiasr/generator-aware-row-scaling/results-revision/coverage-policy/full-1pct/logs/instance029_estructurado.log
instance029.txt,estructurado_full,OK,0,100.561805108,0.932447554613377,-1525311.8997811703,-1525310.0,OPTIMAL,-1539534.6332909067,3002.0,1279626.0,0.53,23763.0,16561.0,57555.0,19863.0,14321.0,51510.0,16.41206918318394,13.525753275768372,10.502997133176962,1,Model contains large bounds,9e-06,100000.0,0.0005,100.0,0.1,100000.0,1.0,10000000000.0,,,,,25350000000000.0,12240000000.0,1.0,1.5,0.032304637,,,,,,,,,,,,,,10993496.0,,,113.0,,0.0,12.0,113.0,,0.057851323063957,,,,,,,,OK,REVISAR,1.03481579571962e-06,0.0,2.3283064365386963e-10,12418385.4796151,0.0,4.34803202958553e-09,7.105427357601e-14,1.19319884106517e-07,1.03481579571962e-06,1.32698659298088e-09,89980.7891899647,16.8188017645776,2475716.72971286,12418385.4796151,1.0,2.38418579101562e-07,0.0,1.03481579571962e-06,1.3659397761027e-08,0.0,0.0,0.0,0.0,2.0,0.0,0.0,0.0,0.0,-1525311.89978117,868.456611831178,12446.4979250358,12418385.4796151,1.3659397761027e-08,0.0,0.0,3184.0,507.0,929.0,0.0,0.0,0.0,0.0,-1525311.89978117,-1525311.89978117,,,,,N/D,,,/clusteruy/home/mathiasr/generator-aware-row-scaling/results-revision/coverage-policy/full-1pct/resultados/instance029_estructurado_full.csv,/clusteruy/home/mathiasr/generator-aware-row-scaling/results-revision/coverage-policy/full-1pct/resultados/instance029_estructurado_full_postprocesado.csv,/clusteruy/home/mathiasr/generator-aware-row-scaling/results-revision/coverage-policy/full-1pct/logs/instance029_estructurado_full.log
instance029.txt,estructurado_plano,OK,0,100.686200531,0.932447554613377,-1525311.8997811703,-1525310.0,OPTIMAL,-1539534.6332909067,3002.0,1279626.0,0.58,23763.0,16561.0,57555.0,19863.0,14321.0,51510.0,16.41206918318394,13.525753275768372,10.502997133176962,1,Model contains large bounds,9e-06,100000.0,0.0005,100.0,0.1,100000.0,1.0,10000000000.0,,,,,25350000000000.0,12240000000.0,0.0,0.0,0.020616492,,,,,,,,,,,,,,10993496.0,,,113.0,,0.0,12.0,113.0,,0.058332356332492,,,,,,,,OK,REVISAR,1.03481579571962e-06,0.0,2.3283064365386963e-10,12418385.4796151,0.0,4.34803202958553e-09,7.105427357601e-14,1.19319884106517e-07,1.03481579571962e-06,1.32698659298088e-09,89980.7891899647,16.8188017645776,2475716.72971286,12418385.4796151,1.0,2.38418579101562e-07,0.0,1.03481579571962e-06,1.3659397761027e-08,0.0,0.0,0.0,0.0,2.0,0.0,0.0,0.0,0.0,-1525311.89978117,868.456611831178,12446.4979250358,12418385.4796151,1.3659397761027e-08,0.0,0.0,3184.0,507.0,929.0,0.0,0.0,0.0,0.0,-1525311.89978117,-1525311.89978117,,,,,N/D,,,/clusteruy/home/mathiasr/generator-aware-row-scaling/results-revision/coverage-policy/full-1pct/resultados/instance029_estructurado_plano.csv,/clusteruy/home/mathiasr/generator-aware-row-scaling/results-revision/coverage-policy/full-1pct/resultados/instance029_estructurado_plano_postprocesado.csv,/clusteruy/home/mathiasr/generator-aware-row-scaling/results-revision/coverage-policy/full-1pct/logs/instance029_estructurado_plano.log
instance029.txt,estructurado_matricial,OK,0,105.921586251,0.99977807806487,-1522558.316628874,-1522560.0,OPTIMAL,-1537780.520904283,1100.0,754209.0,0.58,23763.0,16561.0,57555.0,19878.0,14321.0,51754.0,16.348945840171694,13.525753275768372,10.07905481713144,1,Model contains large bounds,9e-06,100000.0,0.0005,100.0,0.02,300000000.0,1.0,10000000000.0,,,,,25350000000000.0,30030000000000.0,1.0,1.001,0.038959085,,,,,,,,,,,,,,3944820.0,,,116.0,,0.0,13.0,116.0,,0.058007581156536,,,,,,,,OK,REVISAR,9.5367431640625e-07,0.0,3.958120942115784e-09,45134570.4129971,0.0,3.61624799932371e-09,6.3948846218409e-14,1.22934579849243e-07,9.5367431640625e-07,8.47495269682274e-14,177172.938692406,15.9876632308383,5469991.14177759,45134570.4129971,1.0,7.15255737304688e-07,1.86264514923096e-09,9.5367431640625e-07,0.0,0.0,0.0,0.0,0.0,0.0,0.0,0.0,0.0,0.0,-1522558.31662887,63.6206582920153,12446.8314648453,45134570.4129971,0.0,0.0,0.0,2289.0,440.0,975.0,0.0,0.0,0.0,0.0,-1522558.31662887,-1522558.31662887,,,,,N/D,,,/clusteruy/home/mathiasr/generator-aware-row-scaling/results-revision/coverage-policy/full-1pct/resultados/instance029_estructurado_matricial.csv,/clusteruy/home/mathiasr/generator-aware-row-scaling/results-revision/coverage-policy/full-1pct/resultados/instance029_estructurado_matricial_postprocesado.csv,/clusteruy/home/mathiasr/generator-aware-row-scaling/results-revision/coverage-policy/full-1pct/logs/instance029_estructurado_matricial.log
instance029.txt,matricial_full,OK,0,98.352750598,0.922662063537808,-1524235.5270756143,-1524240.0,OPTIMAL,-1538299.0700429066,3062.0,968413.0,0.54,23763.0,16561.0,57555.0,19878.0,14321.0,51754.0,16.348945840171694,13.525753275768372,10.07905481713144,1,Model contains large bounds,9e-06,100000.0,0.0005,100.0,0.02,300000000.0,1.0,10000000000.0,,,,,25350000000000.0,30030000000000.0,1.0,1.001,0.03327067,,,,,,,,,,,,,,20040550.0,,,106.0,,0.0,13.0,106.0,,0.073141758680139,,,,,,,,OK,REVISAR,2.81333923339844e-05,0.0,4.423782229423523e-09,43256941.9804415,0.0,6.96877817862841e-09,5.6843418860808e-14,1.30385160446167e-07,9.59727913141251e-07,4.36508889705963e-14,171600.267108259,15.3148119163567,5324985.56373777,43256941.9804415,1.0,2.81333923339844e-05,0.0,9.59727913141251e-07,0.0,0.0,0.0,3.0,0.0,0.0,0.0,0.0,0.0,0.0,-1524235.52707561,55.3502223606748,12338.3269303762,43256941.9804415,0.0,0.0,0.0,2355.0,429.0,975.0,0.0,0.0,0.0,0.0,-1524235.52707561,-1524235.52707561,,,,,N/D,,,/clusteruy/home/mathiasr/generator-aware-row-scaling/results-revision/coverage-policy/full-1pct/resultados/instance029_matricial_full.csv,/clusteruy/home/mathiasr/generator-aware-row-scaling/results-revision/coverage-policy/full-1pct/resultados/instance029_matricial_full_postprocesado.csv,/clusteruy/home/mathiasr/generator-aware-row-scaling/results-revision/coverage-policy/full-1pct/logs/instance029_matricial_full.log
instance029.txt,matricial_plano,OK,0,99.325778424,0.922662063537808,-1524235.5270756143,-1524240.0,OPTIMAL,-1538299.0700429066,3062.0,968413.0,0.54,23763.0,16561.0,57555.0,19878.0,14321.0,51754.0,16.348945840171694,13.525753275768372,10.07905481713144,1,Model contains large bounds,9e-06,100000.0,0.0005,100.0,0.02,300000000.0,1.0,10000000000.0,,,,,25350000000000.0,30030000000000.0,0.0,0.0,0.018607056,,,,,,,,,,,,,,20040550.0,,,106.0,,0.0,14.0,106.0,,0.072139954525295,,,,,,,,OK,REVISAR,2.81333923339844e-05,0.0,4.423782229423523e-09,43256941.9804415,0.0,6.96877817862841e-09,5.6843418860808e-14,1.30385160446167e-07,9.59727913141251e-07,4.36508889705963e-14,171600.267108259,15.3148119163567,5324985.56373777,43256941.9804415,1.0,2.81333923339844e-05,0.0,9.59727913141251e-07,0.0,0.0,0.0,3.0,0.0,0.0,0.0,0.0,0.0,0.0,-1524235.52707561,55.3502223606748,12338.3269303762,43256941.9804415,0.0,0.0,0.0,2355.0,429.0,975.0,0.0,0.0,0.0,0.0,-1524235.52707561,-1524235.52707561,,,,,N/D,,,/clusteruy/home/mathiasr/generator-aware-row-scaling/results-revision/coverage-policy/full-1pct/resultados/instance029_matricial_plano.csv,/clusteruy/home/mathiasr/generator-aware-row-scaling/results-revision/coverage-policy/full-1pct/resultados/instance029_matricial_plano_postprocesado.csv,/clusteruy/home/mathiasr/generator-aware-row-scaling/results-revision/coverage-policy/full-1pct/logs/instance029_matricial_plano.log
instance030.txt,estructurado,OK,0,179.374496884,0.99563866158168,-1669749.4716642303,-1669750.0,OPTIMAL,-1686374.1429556753,3535.0,1275444.0,0.56,23763.0,16561.0,57555.0,19796.0,14460.0,51090.0,16.694020115305307,12.686431978745246,11.232733906697941,1,Model contains large bounds,9e-06,100000.0,0.0005,100.0,0.7,2000000.0,1.0,10000000000.0,,,,,26780000000000.0,221100000000.0,1.0,1.5,0.033136755,,,,,,,,,,,,,,2700005.0,,,200.0,,0.0,11.0,200.0,,0.027730987992245,,,,,,,,OK,REVISAR,7.46510922908783e-05,0.0,2.3283064365386963e-10,15351094.9044689,0.0,3.09756133838352e-08,4.97853147596304e-12,1.62000542331957e-07,7.46510922908783e-05,5.61022031746116e-08,128686.276660697,8.16211960475652,6176059.10977637,15351094.9044689,1.0,5.57620805921033e-05,1.86264514923096e-09,7.46510922908783e-05,6.00417104043099e-07,0.0,0.0,2.0,0.0,90.0,0.0,0.0,0.0,0.0,-1669749.47166423,146.510398707156,12194.3316544809,15351094.9044689,6.00417104043099e-07,0.0,0.0,1622.0,505.0,797.0,0.0,0.0,0.0,0.0,-1669749.47166423,-1669749.47166423,,,,,N/D,,,/clusteruy/home/mathiasr/generator-aware-row-scaling/results-revision/coverage-policy/full-1pct/resultados/instance030_estructurado.csv,/clusteruy/home/mathiasr/generator-aware-row-scaling/results-revision/coverage-policy/full-1pct/resultados/instance030_estructurado_postprocesado.csv,/clusteruy/home/mathiasr/generator-aware-row-scaling/results-revision/coverage-policy/full-1pct/logs/instance030_estructurado.log
instance030.txt,estructurado_full,OK,0,192.538936388,0.713524142855209,-1674640.2110739038,-1674640.0,OPTIMAL,-1686589.1732858776,6108.0,1455499.0,0.56,23763.0,16561.0,57555.0,19796.0,14460.0,51090.0,16.694020115305307,12.686431978745246,11.232733906697941,1,Model contains large bounds,9e-06,100000.0,0.0005,100.0,0.7,100000.0,1.0,10000000000.0,,,,,26780000000000.0,13280000000.0,1.0,1.5,0.033552777,,,,,,,,,,,,,,8937547.0,,,215.0,,0.0,12.0,215.0,,0.031645715632739,,,,,,,,OK,REVISAR,1.43051147460938e-06,0.0,3.725290298461914e-09,12292511.8675334,0.0,3.60658152292523e-09,5.56665824547039e-14,1.06436200439931e-07,9.49949026107788e-08,7.99875326467574e-11,89267.5740030347,8.42353573492421,4503756.82313467,12292511.8675334,0.670283208065234,2.38418579101562e-07,1.86264514923096e-09,1.43051147460938e-06,2.30636789094481e-10,0.0,0.0,0.0,0.0,1.0,0.0,0.0,0.0,0.0,-1674640.2110739,1310.55561286084,11033.8244165171,12292511.8675334,2.30636789094481e-10,0.0,0.0,2242.0,499.0,771.0,0.0,0.0,0.0,0.0,-1674640.2110739,-1674640.2110739,,,,,N/D,,,/clusteruy/home/mathiasr/generator-aware-row-scaling/results-revision/coverage-policy/full-1pct/resultados/instance030_estructurado_full.csv,/clusteruy/home/mathiasr/generator-aware-row-scaling/results-revision/coverage-policy/full-1pct/resultados/instance030_estructurado_full_postprocesado.csv,/clusteruy/home/mathiasr/generator-aware-row-scaling/results-revision/coverage-policy/full-1pct/logs/instance030_estructurado_full.log
instance030.txt,estructurado_plano,OK,0,193.753937836,0.713524142855209,-1674640.2110739038,-1674640.0,OPTIMAL,-1686589.1732858776,6108.0,1455499.0,0.59,23763.0,16561.0,57555.0,19796.0,14460.0,51090.0,16.694020115305307,12.686431978745246,11.232733906697941,1,Model contains large bounds,9e-06,100000.0,0.0005,100.0,0.7,100000.0,1.0,10000000000.0,,,,,26780000000000.0,13280000000.0,0.0,0.0,0.021202147,,,,,,,,,,,,,,8937547.0,,,215.0,,0.0,13.0,215.0,,0.031865416882387,,,,,,,,OK,REVISAR,1.43051147460938e-06,0.0,3.725290298461914e-09,12292511.8675334,0.0,3.60658152292523e-09,5.56665824547039e-14,1.06436200439931e-07,9.49949026107788e-08,7.99875326467574e-11,89267.5740030347,8.42353573492421,4503756.82313467,12292511.8675334,0.670283208065234,2.38418579101562e-07,1.86264514923096e-09,1.43051147460938e-06,2.30636789094481e-10,0.0,0.0,0.0,0.0,1.0,0.0,0.0,0.0,0.0,-1674640.2110739,1310.55561286084,11033.8244165171,12292511.8675334,2.30636789094481e-10,0.0,0.0,2242.0,499.0,771.0,0.0,0.0,0.0,0.0,-1674640.2110739,-1674640.2110739,,,,,N/D,,,/clusteruy/home/mathiasr/generator-aware-row-scaling/results-revision/coverage-policy/full-1pct/resultados/instance030_estructurado_plano.csv,/clusteruy/home/mathiasr/generator-aware-row-scaling/results-revision/coverage-policy/full-1pct/resultados/instance030_estructurado_plano_postprocesado.csv,/clusteruy/home/mathiasr/generator-aware-row-scaling/results-revision/coverage-policy/full-1pct/logs/instance030_estructurado_plano.log
instance030.txt,estructurado_matricial,OK,0,245.037099032,0.983521542519777,-1669982.9333751732,-1669980.0,OPTIMAL,-1686407.5752813218,5969.0,1823833.0,0.57,23763.0,16561.0,57555.0,19787.0,14458.0,51031.0,16.731894121112653,12.698508544170037,11.335244548692556,1,Model contains large bounds,9e-06,100000.0,0.0005,100.0,0.5,300000000.0,1.0,10000000000.0,,,,,26780000000000.0,34840000000000.0,1.0,1.001,0.033674051,,,,,,,,,,,,,,48705773.0,,,281.0,,0.0,12.0,281.0,,0.030304243124037,,,,,,,,OK,REVISAR,8.58306884765625e-06,0.0,3.259629011154175e-09,15663923.4698759,0.0,2.40000958666271e-09,2.8421709430404e-14,3.23075801134114e-08,6.14672899246216e-08,1.27784502758756e-12,120250.177976103,7.54716724959304,5887674.5604762,15663923.4698759,0.717545502574257,8.58306884765625e-06,0.0,9.57690645009279e-07,0.0,0.0,0.0,6.0,0.0,0.0,0.0,0.0,0.0,0.0,-1669982.93337517,909.38748826614,12020.5923164967,15663923.4698759,0.0,0.0,0.0,1778.0,481.0,783.0,0.0,0.0,0.0,0.0,-1669982.93337517,-1669982.93337517,,,,,N/D,,,/clusteruy/home/mathiasr/generator-aware-row-scaling/results-revision/coverage-policy/full-1pct/resultados/instance030_estructurado_matricial.csv,/clusteruy/home/mathiasr/generator-aware-row-scaling/results-revision/coverage-policy/full-1pct/resultados/instance030_estructurado_matricial_postprocesado.csv,/clusteruy/home/mathiasr/generator-aware-row-scaling/results-revision/coverage-policy/full-1pct/logs/instance030_estructurado_matricial.log
instance030.txt,matricial_full,OK,0,266.432361232,0.898023399030831,-1672210.3614038858,-1672210.0,OPTIMAL,-1687227.2017303107,6368.0,1881397.0,0.55,23763.0,16561.0,57555.0,19787.0,14458.0,51031.0,16.731894121112653,12.698508544170037,11.335244548692556,1,Model contains large bounds,9e-06,100000.0,0.0005,100.0,0.5,300000000.0,1.0,10000000000.0,,,,,26780000000000.0,34840000000000.0,1.0,1.001,0.030739511,,,,,,,,,,,,,,30034880.0,,,285.0,,0.0,12.0,285.0,,0.030879404988798,,,,,,,,OK,REVISAR,1.9073486328125e-06,0.0,4.190951585769653e-09,15351153.0643333,0.0,1.44800940206068e-09,8.5265128291212e-14,2.98023223876953e-08,2.98023223876953e-08,1.40459390554991e-11,120389.824993741,7.67453211284282,5844960.00200111,15351153.0643333,0.716620835196879,1.9073486328125e-06,2.91038304567337e-11,6.58328644931316e-07,0.0,0.0,0.0,1.0,0.0,0.0,0.0,0.0,0.0,0.0,-1672210.36140389,1714.64663818119,11017.8882351786,15351153.0643333,0.0,0.0,0.0,1772.0,480.0,774.0,0.0,0.0,0.0,0.0,-1672210.36140389,-1672210.36140389,,,,,N/D,,,/clusteruy/home/mathiasr/generator-aware-row-scaling/results-revision/coverage-policy/full-1pct/resultados/instance030_matricial_full.csv,/clusteruy/home/mathiasr/generator-aware-row-scaling/results-revision/coverage-policy/full-1pct/resultados/instance030_matricial_full_postprocesado.csv,/clusteruy/home/mathiasr/generator-aware-row-scaling/results-revision/coverage-policy/full-1pct/logs/instance030_matricial_full.log
instance030.txt,matricial_plano,OK,0,266.983447396,0.898023399030831,-1672210.3614038858,-1672210.0,OPTIMAL,-1687227.2017303107,6368.0,1881397.0,0.57,23763.0,16561.0,57555.0,19787.0,14458.0,51031.0,16.731894121112653,12.698508544170037,11.335244548692556,1,Model contains large bounds,9e-06,100000.0,0.0005,100.0,0.5,300000000.0,1.0,10000000000.0,,,,,26780000000000.0,34840000000000.0,0.0,0.0,0.022749364,,,,,,,,,,,,,,30034880.0,,,285.0,,0.0,12.0,285.0,,0.030943255378271,,,,,,,,OK,REVISAR,1.9073486328125e-06,0.0,4.190951585769653e-09,15351153.0643333,0.0,1.44800940206068e-09,8.5265128291212e-14,2.98023223876953e-08,2.98023223876953e-08,1.40459390554991e-11,120389.824993741,7.67453211284282,5844960.00200111,15351153.0643333,0.716620835196879,1.9073486328125e-06,2.91038304567337e-11,6.58328644931316e-07,0.0,0.0,0.0,1.0,0.0,0.0,0.0,0.0,0.0,0.0,-1672210.36140389,1714.64663818119,11017.8882351786,15351153.0643333,0.0,0.0,0.0,1772.0,480.0,774.0,0.0,0.0,0.0,0.0,-1672210.36140389,-1672210.36140389,,,,,N/D,,,/clusteruy/home/mathiasr/generator-aware-row-scaling/results-revision/coverage-policy/full-1pct/resultados/instance030_matricial_plano.csv,/clusteruy/home/mathiasr/generator-aware-row-scaling/results-revision/coverage-policy/full-1pct/resultados/instance030_matricial_plano_postprocesado.csv,/clusteruy/home/mathiasr/generator-aware-row-scaling/results-revision/coverage-policy/full-1pct/logs/instance030_matricial_plano.log
instance031.txt,estructurado,OK,0,7.473422123,0.993444683660447,-1230084.1013095465,-1230080.0,OPTIMAL,-1242304.3064185586,1.0,22857.0,0.51,23763.0,16561.0,57555.0,20058.0,14482.0,51173.0,15.591465724024744,12.55358975907252,11.088524020502128,1,Model contains large bounds,1e-05,90000.0,0.0002,100.0,0.2,2000000.0,1.0,10000000000.0,,,,,26480000000000.0,209900000000.0,1.0,1.5,0.032702621,,,,,,,,,,,,,,147964.0,,,7.0,,0.0,6.0,7.0,,0.432531229270788,,,,,,,,OK,REVISAR,2.58535146713257e-06,0.0,3.4924596548080444e-09,15926761.1629174,0.0,6.55100572742178e-09,1.62003743753272e-13,2.38418579101562e-07,4.76837158203125e-07,1.90697207036005e-09,180525.579296199,58.5022418674209,10391213.2811145,15926761.1629174,1.0,1.90697207036005e-09,1.08033418655396e-07,2.58535146713257e-06,3.14745363553365e-07,0.0,0.0,0.0,0.0,6.0,0.0,0.0,0.0,0.0,-1230084.10130955,131.665411354547,1870.77451672996,15926761.1629174,3.14745363553365e-07,0.0,0.0,1550.0,203.0,1065.0,0.0,0.0,0.0,0.0,-1230084.10130955,-1230084.10130955,,,,,N/D,,,/clusteruy/home/mathiasr/generator-aware-row-scaling/results-revision/coverage-policy/full-1pct/resultados/instance031_estructurado.csv,/clusteruy/home/mathiasr/generator-aware-row-scaling/results-revision/coverage-policy/full-1pct/resultados/instance031_estructurado_postprocesado.csv,/clusteruy/home/mathiasr/generator-aware-row-scaling/results-revision/coverage-policy/full-1pct/logs/instance031_estructurado.log
instance031.txt,estructurado_full,OK,0,6.941863877,0.993428127461523,-1230084.101309547,-1230080.0,OPTIMAL,-1242304.1027633883,1.0,21628.0,0.51,23763.0,16561.0,57555.0,20058.0,14482.0,51173.0,15.591465724024744,12.55358975907252,11.088524020502128,1,Model contains large bounds,1e-05,90000.0,0.0002,100.0,0.2,80000.0,1.0,10000000000.0,,,,,26480000000000.0,8779000000.0,1.0,1.5,0.031680386,,,,,,,,,,,,,,210222.0,,,6.0,,0.0,6.0,6.0,,0.437789974077749,,,,,,,,OK,REVISAR,5.44637441635132e-06,0.0,3.026798367500305e-09,15318417.7326739,0.0,6.77482368221626e-09,4.42668124378434e-13,2.64178961515433e-07,4.76837158203125e-07,1.90697207036005e-09,167036.978325417,62.4025027266365,10344729.0833092,15318417.7326739,1.0,1.90697207036005e-09,1.08033418655396e-07,5.44637441635132e-06,3.14745363553365e-07,0.0,0.0,0.0,0.0,6.0,0.0,0.0,0.0,0.0,-1230084.10130955,458.250195086017,2067.78517757388,15318417.7326739,3.14745363553365e-07,0.0,0.0,1870.0,207.0,1065.0,0.0,0.0,0.0,0.0,-1230084.10130955,-1230084.10130955,,,,,N/D,,,/clusteruy/home/mathiasr/generator-aware-row-scaling/results-revision/coverage-policy/full-1pct/resultados/instance031_estructurado_full.csv,/clusteruy/home/mathiasr/generator-aware-row-scaling/results-revision/coverage-policy/full-1pct/resultados/instance031_estructurado_full_postprocesado.csv,/clusteruy/home/mathiasr/generator-aware-row-scaling/results-revision/coverage-policy/full-1pct/logs/instance031_estructurado_full.log
instance031.txt,estructurado_plano,OK,0,6.951523363,0.993428127461523,-1230084.101309547,-1230080.0,OPTIMAL,-1242304.1027633883,1.0,21628.0,0.51,23763.0,16561.0,57555.0,20058.0,14482.0,51173.0,15.591465724024744,12.55358975907252,11.088524020502128,1,Model contains large bounds,1e-05,90000.0,0.0002,100.0,0.2,80000.0,1.0,10000000000.0,,,,,26480000000000.0,8779000000.0,0.0,0.0,0.01900734,,,,,,,,,,,,,,210222.0,,,6.0,,0.0,6.0,6.0,,0.437929834111393,,,,,,,,OK,REVISAR,5.44637441635132e-06,0.0,3.026798367500305e-09,15318417.7326739,0.0,6.77482368221626e-09,4.42668124378434e-13,2.64178961515433e-07,4.76837158203125e-07,1.90697207036005e-09,167036.978325417,62.4025027266365,10344729.0833092,15318417.7326739,1.0,1.90697207036005e-09,1.08033418655396e-07,5.44637441635132e-06,3.14745363553365e-07,0.0,0.0,0.0,0.0,6.0,0.0,0.0,0.0,0.0,-1230084.10130955,458.250195086017,2067.78517757388,15318417.7326739,3.14745363553365e-07,0.0,0.0,1870.0,207.0,1065.0,0.0,0.0,0.0,0.0,-1230084.10130955,-1230084.10130955,,,,,N/D,,,/clusteruy/home/mathiasr/generator-aware-row-scaling/results-revision/coverage-policy/full-1pct/resultados/instance031_estructurado_plano.csv,/clusteruy/home/mathiasr/generator-aware-row-scaling/results-revision/coverage-policy/full-1pct/resultados/instance031_estructurado_plano_postprocesado.csv,/clusteruy/home/mathiasr/generator-aware-row-scaling/results-revision/coverage-policy/full-1pct/logs/instance031_estructurado_plano.log
instance031.txt,estructurado_matricial,OK,0,7.191350158,0.992979890489622,-1230086.7414397886,-1230090.0,OPTIMAL,-1242301.2554178648,1.0,21680.0,0.57,23763.0,16561.0,57555.0,20055.0,14478.0,51175.0,15.604090392627194,12.577742889922106,11.085049083485362,2,Model contains large bounds | max constraint violation (2.0564e-06) exceeds tolerance,1e-05,90000.0,0.0002,100.0,0.03,300000000.0,1.0,10000000000.0,,,,,26480000000000.0,31540000000000.0,1.0,1.001,0.036161551,,,,,,,,,,,,,,1147511.0,,,7.0,,0.0,6.0,7.0,,0.442153478534613,,,,,,,,REVISAR,REVISAR,0.000281285494565964,0.0,1.3969838619232178e-09,15926761.1629174,0.0,3.02316841657954e-08,4.9737991503207e-14,1.00582838058472e-07,0.000281285494565964,1.90697207036004e-09,180526.42319691,58.5592406612379,10391354.9118421,15926761.1629174,1.0,1.90697207036004e-09,1.22934579849243e-07,0.000281285494565964,3.07046430269877e-07,0.0,0.0,0.0,0.0,9.0,0.0,0.0,0.0,0.0,-1230086.74143979,131.665411354547,1870.72299679791,15926761.1629174,3.07046430269877e-07,0.0,0.0,1549.0,204.0,1070.0,0.0,0.0,0.0,0.0,-1230086.74143979,-1230086.74143979,,,,,N/D,,,/clusteruy/home/mathiasr/generator-aware-row-scaling/results-revision/coverage-policy/full-1pct/resultados/instance031_estructurado_matricial.csv,/clusteruy/home/mathiasr/generator-aware-row-scaling/results-revision/coverage-policy/full-1pct/resultados/instance031_estructurado_matricial_postprocesado.csv,/clusteruy/home/mathiasr/generator-aware-row-scaling/results-revision/coverage-policy/full-1pct/logs/instance031_estructurado_matricial.log
instance031.txt,matricial_full,OK,0,6.583373674,0.999874758135475,-1230086.7414397886,-1230090.0,OPTIMAL,-1242386.0682706162,1.0,20174.0,0.5,23763.0,16561.0,57555.0,20055.0,14478.0,51175.0,15.604090392627194,12.577742889922106,11.085049083485362,2,Model contains large bounds | max constraint violation (2.0564e-06) exceeds tolerance,1e-05,90000.0,0.0002,100.0,0.03,300000000.0,1.0,10000000000.0,,,,,26480000000000.0,31540000000000.0,1.0,1.001,0.034968437,,,,,,,,,,,,,,1351464.0,,,6.0,,0.0,6.0,6.0,,0.475598454431709,,,,,,,,REVISAR,REVISAR,0.000321468338370323,0.0,1.3969838619232178e-09,15926761.1629174,0.0,9.59844037813467e-08,5.6843418860808e-14,1.04308128356934e-07,0.000321468338370323,1.90697207036004e-09,180526.423197217,58.5592406612379,10391354.9118421,15926761.1629174,1.0,1.90697207036004e-09,1.22934579849243e-07,0.000321468338370323,3.07046430269877e-07,0.0,0.0,0.0,0.0,24.0,0.0,0.0,0.0,0.0,-1230086.74143979,131.665411354547,1870.72299679791,15926761.1629174,3.07046430269877e-07,0.0,0.0,1549.0,204.0,1081.0,0.0,0.0,0.0,0.0,-1230086.74143979,-1230086.74143979,,,,,N/D,,,/clusteruy/home/mathiasr/generator-aware-row-scaling/results-revision/coverage-policy/full-1pct/resultados/instance031_matricial_full.csv,/clusteruy/home/mathiasr/generator-aware-row-scaling/results-revision/coverage-policy/full-1pct/resultados/instance031_matricial_full_postprocesado.csv,/clusteruy/home/mathiasr/generator-aware-row-scaling/results-revision/coverage-policy/full-1pct/logs/instance031_matricial_full.log
instance031.txt,matricial_plano,OK,0,6.682618422,0.999874758135475,-1230086.7414397886,-1230090.0,OPTIMAL,-1242386.0682706162,1.0,20174.0,0.51,23763.0,16561.0,57555.0,20055.0,14478.0,51175.0,15.604090392627194,12.577742889922106,11.085049083485362,2,Model contains large bounds | max constraint violation (2.0564e-06) exceeds tolerance,1e-05,90000.0,0.0002,100.0,0.03,300000000.0,1.0,10000000000.0,,,,,26480000000000.0,31540000000000.0,0.0,0.0,0.020194873,,,,,,,,,,,,,,1351464.0,,,6.0,,0.0,6.0,6.0,,0.475199703808124,,,,,,,,REVISAR,REVISAR,0.000321468338370323,0.0,1.3969838619232178e-09,15926761.1629174,0.0,9.59844037813467e-08,5.6843418860808e-14,1.04308128356934e-07,0.000321468338370323,1.90697207036004e-09,180526.423197217,58.5592406612379,10391354.9118421,15926761.1629174,1.0,1.90697207036004e-09,1.22934579849243e-07,0.000321468338370323,3.07046430269877e-07,0.0,0.0,0.0,0.0,24.0,0.0,0.0,0.0,0.0,-1230086.74143979,131.665411354547,1870.72299679791,15926761.1629174,3.07046430269877e-07,0.0,0.0,1549.0,204.0,1081.0,0.0,0.0,0.0,0.0,-1230086.74143979,-1230086.74143979,,,,,N/D,,,/clusteruy/home/mathiasr/generator-aware-row-scaling/results-revision/coverage-policy/full-1pct/resultados/instance031_matricial_plano.csv,/clusteruy/home/mathiasr/generator-aware-row-scaling/results-revision/coverage-policy/full-1pct/resultados/instance031_matricial_plano_postprocesado.csv,/clusteruy/home/mathiasr/generator-aware-row-scaling/results-revision/coverage-policy/full-1pct/logs/instance031_matricial_plano.log
instance032.txt,estructurado,OK,0,38.181861568,0.247584396001782,-1620541.1517718807,-1620540.0,OPTIMAL,-1624553.3587944554,2309.0,182436.0,0.55,23763.0,16561.0,57555.0,20099.0,14482.0,51385.0,15.41892858645794,12.55358975907252,10.720180696724873,1,Model contains large bounds,1e-05,90000.0,0.0003,100.0,0.2,2000000.0,1.0,10000000000.0,,,,,16880000000000.0,204600000000.0,1.0,1.5,0.031096568,,,,,,,,,,,,,,13043409.0,,,37.0,,0.0,10.0,37.0,,0.075094672784093,,,,,,,,OK,REVISAR,1.9073486328125e-06,0.0,6.984919309616089e-10,15622071.4475188,0.0,4.49455390491787e-09,5.6843418860808e-14,1.93679006770253e-07,1.11758708953857e-08,3.66556685389787e-13,228988.970523949,9.30574148033244,15305460.4042669,15622071.4475188,1.0,1.9073486328125e-06,0.0,1.564621925354e-06,0.0,0.0,0.0,1.0,0.0,2.0,0.0,0.0,0.0,0.0,-1620541.15177188,106.105012603676,308.399247810768,15622071.4475188,0.0,0.0,0.0,2600.0,99.0,1016.0,0.0,0.0,0.0,0.0,-1620541.15177188,-1620541.15177188,,,,,N/D,,,/clusteruy/home/mathiasr/generator-aware-row-scaling/results-revision/coverage-policy/full-1pct/resultados/instance032_estructurado.csv,/clusteruy/home/mathiasr/generator-aware-row-scaling/results-revision/coverage-policy/full-1pct/resultados/instance032_estructurado_postprocesado.csv,/clusteruy/home/mathiasr/generator-aware-row-scaling/results-revision/coverage-policy/full-1pct/logs/instance032_estructurado.log
instance032.txt,estructurado_full,OK,0,19.683637248,0.986105992924794,-1608662.1156021918,-1608660.0,OPTIMAL,-1624525.2291300558,1266.0,85974.0,0.63,23763.0,16561.0,57555.0,20099.0,14482.0,51385.0,15.41892858645794,12.55358975907252,10.720180696724873,1,Model contains large bounds,1e-05,90000.0,0.0003,100.0,0.2,70000.0,1.0,10000000000.0,,,,,16880000000000.0,8222000000.0,1.0,1.5,0.037087738,,,,,,,,,,,,,,4795983.0,,,20.0,,0.0,8.0,20.0,,0.115457862212277,,,,,,,,OK,REVISAR,1.9073486328125e-06,0.0,1.862645149230957e-09,15508828.2635793,0.0,4.53834253551716e-09,5.6843418860808e-14,1.70316779986026e-07,8.88657538666848e-08,6.87488579181877e-08,165173.704264708,20.383189231865,13353689.5768753,15508828.2635793,1.0,1.9073486328125e-06,0.0,1.9073486328125e-06,4.69616072531701e-07,0.0,0.0,1.0,0.0,7.0,0.0,0.0,0.0,0.0,-1608662.11560219,134.810689912929,662.403027241191,15508828.2635793,4.69616072531701e-07,0.0,0.0,2016.0,169.0,1028.0,0.0,0.0,0.0,0.0,-1608662.11560219,-1608662.11560219,,,,,N/D,,,/clusteruy/home/mathiasr/generator-aware-row-scaling/results-revision/coverage-policy/full-1pct/resultados/instance032_estructurado_full.csv,/clusteruy/home/mathiasr/generator-aware-row-scaling/results-revision/coverage-policy/full-1pct/resultados/instance032_estructurado_full_postprocesado.csv,/clusteruy/home/mathiasr/generator-aware-row-scaling/results-revision/coverage-policy/full-1pct/logs/instance032_estructurado_full.log
instance032.txt,estructurado_plano,OK,0,19.9639522,0.986105992924794,-1608662.1156021918,-1608660.0,OPTIMAL,-1624525.2291300558,1266.0,85974.0,0.54,23763.0,16561.0,57555.0,20099.0,14482.0,51385.0,15.41892858645794,12.55358975907252,10.720180696724873,1,Model contains large bounds,1e-05,90000.0,0.0003,100.0,0.2,70000.0,1.0,10000000000.0,,,,,16880000000000.0,8222000000.0,0.0,0.0,0.017174609,,,,,,,,,,,,,,4795983.0,,,20.0,,0.0,8.0,20.0,,0.115871182938841,,,,,,,,OK,REVISAR,1.9073486328125e-06,0.0,1.862645149230957e-09,15508828.2635793,0.0,4.53834253551716e-09,5.6843418860808e-14,1.70316779986026e-07,8.88657538666848e-08,6.87488579181877e-08,165173.704264708,20.383189231865,13353689.5768753,15508828.2635793,1.0,1.9073486328125e-06,0.0,1.9073486328125e-06,4.69616072531701e-07,0.0,0.0,1.0,0.0,7.0,0.0,0.0,0.0,0.0,-1608662.11560219,134.810689912929,662.403027241191,15508828.2635793,4.69616072531701e-07,0.0,0.0,2016.0,169.0,1028.0,0.0,0.0,0.0,0.0,-1608662.11560219,-1608662.11560219,,,,,N/D,,,/clusteruy/home/mathiasr/generator-aware-row-scaling/results-revision/coverage-policy/full-1pct/resultados/instance032_estructurado_plano.csv,/clusteruy/home/mathiasr/generator-aware-row-scaling/results-revision/coverage-policy/full-1pct/resultados/instance032_estructurado_plano_postprocesado.csv,/clusteruy/home/mathiasr/generator-aware-row-scaling/results-revision/coverage-policy/full-1pct/logs/instance032_estructurado_plano.log
instance032.txt,estructurado_matricial,OK,0,19.616389689,0.341596366382267,-1618830.2518355856,-1618830.0,OPTIMAL,-1624360.1171537528,1763.0,80097.0,0.55,23763.0,16561.0,57555.0,20103.0,14480.0,51521.0,15.402095694988006,12.565666324497313,10.483884979584746,1,Model contains large bounds,1e-05,90000.0,0.0003,100.0,0.03,300000000.0,1.0,10000000000.0,,,,,16880000000000.0,30530000000000.0,1.0,1.0,0.033505383,,,,,,,,,,,,,,12608821.0,,,19.0,,0.0,8.0,19.0,,0.11572126193611,,,,,,,,OK,REVISAR,2.27242708206177e-06,0.0,4.423782229423523e-09,15622779.133693,0.0,3.83417741135122e-09,2.1316282072803e-14,1.46806705743077e-07,8.49575556571835e-08,6.57399434059123e-08,225583.582131088,10.7425534694244,14570916.8056516,15622779.133693,1.0,1.9073486328125e-06,0.0,2.27242708206177e-06,4.49062500317891e-07,0.0,0.0,1.0,0.0,1.0,0.0,0.0,0.0,0.0,-1618830.25183559,117.520038755699,343.968615808728,15622779.133693,4.49062500317891e-07,0.0,0.0,2478.0,78.0,1022.0,0.0,0.0,0.0,0.0,-1618830.25183559,-1618830.25183559,,,,,N/D,,,/clusteruy/home/mathiasr/generator-aware-row-scaling/results-revision/coverage-policy/full-1pct/resultados/instance032_estructurado_matricial.csv,/clusteruy/home/mathiasr/generator-aware-row-scaling/results-revision/coverage-policy/full-1pct/resultados/instance032_estructurado_matricial_postprocesado.csv,/clusteruy/home/mathiasr/generator-aware-row-scaling/results-revision/coverage-policy/full-1pct/logs/instance032_estructurado_matricial.log
instance032.txt,matricial_full,OK,0,72.472308414,0.920599523538626,-1609426.1345001408,-1609430.0,OPTIMAL,-1624242.5038260552,4399.0,327396.0,0.54,23763.0,16561.0,57555.0,20103.0,14480.0,51521.0,15.402095694988006,12.565666324497313,10.483884979584746,1,Model contains large bounds,1e-05,90000.0,0.0003,100.0,0.03,300000000.0,1.0,10000000000.0,,,,,16880000000000.0,30530000000000.0,1.0,1.0,0.033019523,,,,,,,,,,,,,,1495712.0,,,83.0,,0.0,10.0,83.0,,0.050981444196833,,,,,,,,REVISAR,REVISAR,0.000386461615562439,0.0,6.984919309616089e-10,37500494.1111806,0.0,4.00764363016667e-08,6.25277607468888e-13,1.81384384632112e-07,0.000155912712216377,4.28475642588274e-06,227398.661586948,16.3483571664808,14675347.4634147,37500494.1111806,1.0,3.48228440998355e-05,0.0,0.000386461615562439,7.88606558539756e-07,0.0,0.0,3.0,0.0,49.0,0.0,0.0,0.0,0.0,-1609426.13450014,130.656892917972,433.042272847844,37500494.1111806,7.87773225206423e-07,0.0,0.0,1752.0,106.0,1029.0,0.0,0.0,0.0,0.0,-1609426.13450014,-1609426.13450014,,,,,N/D,,,/clusteruy/home/mathiasr/generator-aware-row-scaling/results-revision/coverage-policy/full-1pct/resultados/instance032_matricial_full.csv,/clusteruy/home/mathiasr/generator-aware-row-scaling/results-revision/coverage-policy/full-1pct/resultados/instance032_matricial_full_postprocesado.csv,/clusteruy/home/mathiasr/generator-aware-row-scaling/results-revision/coverage-policy/full-1pct/logs/instance032_matricial_full.log
instance032.txt,matricial_plano,OK,0,71.638179959,0.920599523538626,-1609426.1345001408,-1609430.0,OPTIMAL,-1624242.5038260552,4399.0,327396.0,0.53,23763.0,16561.0,57555.0,20103.0,14480.0,51521.0,15.402095694988006,12.565666324497313,10.483884979584746,1,Model contains large bounds,1e-05,90000.0,0.0003,100.0,0.03,300000000.0,1.0,10000000000.0,,,,,16880000000000.0,30530000000000.0,0.0,0.0,0.019706935,,,,,,,,,,,,,,1495712.0,,,83.0,,0.0,10.0,83.0,,0.05049845887459,,,,,,,,REVISAR,REVISAR,0.000386461615562439,0.0,6.984919309616089e-10,37500494.1111806,0.0,4.00764363016667e-08,6.25277607468888e-13,1.81384384632112e-07,0.000155912712216377,4.28475642588274e-06,227398.661586948,16.3483571664808,14675347.4634147,37500494.1111806,1.0,3.48228440998355e-05,0.0,0.000386461615562439,7.88606558539756e-07,0.0,0.0,3.0,0.0,49.0,0.0,0.0,0.0,0.0,-1609426.13450014,130.656892917972,433.042272847844,37500494.1111806,7.87773225206423e-07,0.0,0.0,1752.0,106.0,1029.0,0.0,0.0,0.0,0.0,-1609426.13450014,-1609426.13450014,,,,,N/D,,,/clusteruy/home/mathiasr/generator-aware-row-scaling/results-revision/coverage-policy/full-1pct/resultados/instance032_matricial_plano.csv,/clusteruy/home/mathiasr/generator-aware-row-scaling/results-revision/coverage-policy/full-1pct/resultados/instance032_matricial_plano_postprocesado.csv,/clusteruy/home/mathiasr/generator-aware-row-scaling/results-revision/coverage-policy/full-1pct/logs/instance032_matricial_plano.log
instance033.txt,estructurado,OK,0,3.711096126,0.750752254778949,-820987.8578137858,-820988.0,OPTIMAL,-827151.4426677842,1.0,15419.0,0.61,23763.0,16561.0,57555.0,19843.0,14478.0,51450.0,16.496233640533603,12.577742889922106,10.607245243679959,1,Model contains large bounds,9e-06,100000.0,0.0001,100.0,0.2,2000000.0,1.0,10000000000.0,,,,,16770000000000.0,182000000000.0,1.0,1.5,0.030471256,,,,,,,,,,,,,,23894.0,,,3.0,,,,3.0,,0.584532012241903,,,,,,,,OK,REVISAR,1.564621925354e-06,0.0,2.3283064365386963e-10,16352514.0460321,0.0,8.56572734035312e-09,5.6843418860808e-14,4.29823994636539e-07,3.72529029846191e-09,1.23714979309176e-14,220200.20893876,9.31343202200796,13948339.3160205,16352514.0460321,1.0,3.63797880709171e-12,0.0,1.564621925354e-06,0.0,0.0,0.0,0.0,0.0,3.0,0.0,0.0,0.0,0.0,-820987.857813786,69.6888543839411,472.333295455697,16352514.0460321,0.0,0.0,0.0,1401.0,109.0,1018.0,0.0,0.0,0.0,0.0,-820987.857813786,-820987.857813786,,,,,N/D,,,/clusteruy/home/mathiasr/generator-aware-row-scaling/results-revision/coverage-policy/full-1pct/resultados/instance033_estructurado.csv,/clusteruy/home/mathiasr/generator-aware-row-scaling/results-revision/coverage-policy/full-1pct/resultados/instance033_estructurado_postprocesado.csv,/clusteruy/home/mathiasr/generator-aware-row-scaling/results-revision/coverage-policy/full-1pct/logs/instance033_estructurado.log
instance033.txt,estructurado_full,OK,0,4.975212024,0.750752254602941,-820987.85781522,-820988.0,OPTIMAL,-827151.4426677842,1.0,16073.0,0.62,23763.0,16561.0,57555.0,19843.0,14478.0,51450.0,16.496233640533603,12.577742889922106,10.607245243679959,1,Model contains large bounds,9e-06,100000.0,0.0001,100.0,0.2,80000.0,1.0,10000000000.0,,,,,16770000000000.0,11480000000.0,1.0,1.5,0.031941,,,,,,,,,,,,,,34488.0,,,5.0,,,,5.0,,0.571430232990212,,,,,,,,OK,REVISAR,1.564621925354e-06,0.0,0.0,16352514.0460321,0.0,8.62678928564313e-09,5.6843418860808e-14,4.32133674621582e-07,3.72529029846191e-09,9.43501934989694e-14,220200.248485478,9.51055410454584,13948339.3160205,16352514.0460321,1.0,3.63797880709171e-12,1.43237411975861e-06,1.564621925354e-06,0.0,0.0,0.0,0.0,1.0,3.0,0.0,0.0,0.0,0.0,-820987.85781522,225.745487081957,472.333295455697,16352514.0460321,0.0,0.0,0.0,1430.0,110.0,1018.0,0.0,0.0,0.0,0.0,-820987.85781522,-820987.85781522,,,,,N/D,,,/clusteruy/home/mathiasr/generator-aware-row-scaling/results-revision/coverage-policy/full-1pct/resultados/instance033_estructurado_full.csv,/clusteruy/home/mathiasr/generator-aware-row-scaling/results-revision/coverage-policy/full-1pct/resultados/instance033_estructurado_full_postprocesado.csv,/clusteruy/home/mathiasr/generator-aware-row-scaling/results-revision/coverage-policy/full-1pct/logs/instance033_estructurado_full.log
instance033.txt,estructurado_plano,OK,0,4.809111916,0.750752254602941,-820987.85781522,-820988.0,OPTIMAL,-827151.4426677842,1.0,16073.0,0.59,23763.0,16561.0,57555.0,19843.0,14478.0,51450.0,16.496233640533603,12.577742889922106,10.607245243679959,1,Model contains large bounds,9e-06,100000.0,0.0001,100.0,0.2,80000.0,1.0,10000000000.0,,,,,16770000000000.0,11480000000.0,0.0,0.0,0.017252182,,,,,,,,,,,,,,34488.0,,,5.0,,,,5.0,,0.571584986187089,,,,,,,,OK,REVISAR,1.564621925354e-06,0.0,0.0,16352514.0460321,0.0,8.62678928564313e-09,5.6843418860808e-14,4.32133674621582e-07,3.72529029846191e-09,9.43501934989694e-14,220200.248485478,9.51055410454584,13948339.3160205,16352514.0460321,1.0,3.63797880709171e-12,1.43237411975861e-06,1.564621925354e-06,0.0,0.0,0.0,0.0,1.0,3.0,0.0,0.0,0.0,0.0,-820987.85781522,225.745487081957,472.333295455697,16352514.0460321,0.0,0.0,0.0,1430.0,110.0,1018.0,0.0,0.0,0.0,0.0,-820987.85781522,-820987.85781522,,,,,N/D,,,/clusteruy/home/mathiasr/generator-aware-row-scaling/results-revision/coverage-policy/full-1pct/resultados/instance033_estructurado_plano.csv,/clusteruy/home/mathiasr/generator-aware-row-scaling/results-revision/coverage-policy/full-1pct/resultados/instance033_estructurado_plano_postprocesado.csv,/clusteruy/home/mathiasr/generator-aware-row-scaling/results-revision/coverage-policy/full-1pct/logs/instance033_estructurado_plano.log
instance033.txt,estructurado_matricial,OK,0,4.586772515,0.750748636963407,-820987.8872944522,-820988.0,OPTIMAL,-827151.44266795,1.0,16936.0,0.58,23763.0,16561.0,57555.0,19835.0,14483.0,51347.0,16.529899423473466,12.547551476360123,10.786204500043437,1,Model contains large bounds,9e-06,100000.0,0.0001,100.0,0.03,400000000.0,1.0,10000000000.0,,,,,16770000000000.0,37570000000000.0,1.0,1.0,0.031282181,,,,,,,,,,,,,,1016788.0,,,5.0,,,,5.0,,0.556561984544629,,,,,,,,OK,REVISAR,6.59376382827759e-07,0.0,1.1641532182693481e-10,16352514.0460321,0.0,4.86809589388955e-09,2.11386463888591e-14,2.01873481273653e-07,3.72529029846191e-09,1.21370928941223e-14,220200.221321465,9.31343202200796,13948342.8180037,16352514.0460321,1.0,3.63797880709171e-12,0.0,6.59376382827759e-07,0.0,0.0,0.0,0.0,0.0,0.0,0.0,0.0,0.0,0.0,-820987.887294452,69.6888543839411,472.332125486166,16352514.0460321,0.0,0.0,0.0,1401.0,109.0,1017.0,0.0,0.0,0.0,0.0,-820987.887294452,-820987.887294452,,,,,N/D,,,/clusteruy/home/mathiasr/generator-aware-row-scaling/results-revision/coverage-policy/full-1pct/resultados/instance033_estructurado_matricial.csv,/clusteruy/home/mathiasr/generator-aware-row-scaling/results-revision/coverage-policy/full-1pct/resultados/instance033_estructurado_matricial_postprocesado.csv,/clusteruy/home/mathiasr/generator-aware-row-scaling/results-revision/coverage-policy/full-1pct/logs/instance033_estructurado_matricial.log
instance033.txt,matricial_full,OK,0,5.36483437,0.750748636963634,-820987.8872944522,-820988.0,OPTIMAL,-827151.4426679518,1.0,17349.0,0.58,23763.0,16561.0,57555.0,19835.0,14483.0,51347.0,16.529899423473466,12.547551476360123,10.786204500043437,1,Model contains large bounds,9e-06,100000.0,0.0001,100.0,0.03,400000000.0,1.0,10000000000.0,,,,,16770000000000.0,37570000000000.0,1.0,1.0,0.032812433,,,,,,,,,,,,,,1197506.0,,,6.0,,,,6.0,,0.538160987711349,,,,,,,,OK,REVISAR,6.59376382827759e-07,0.0,1.1641532182693481e-10,16352514.0460321,0.0,4.86791951755864e-09,2.8421709430404e-14,2.01873481273653e-07,3.72529029846191e-09,1.21370928941223e-14,220200.221321465,9.31343202200796,13948342.8180037,16352514.0460321,1.0,3.63797880709171e-12,0.0,6.59376382827759e-07,0.0,0.0,0.0,0.0,0.0,0.0,0.0,0.0,0.0,0.0,-820987.887294452,69.6888543839411,472.332125486166,16352514.0460321,0.0,0.0,0.0,1401.0,109.0,1017.0,0.0,0.0,0.0,0.0,-820987.887294452,-820987.887294452,,,,,N/D,,,/clusteruy/home/mathiasr/generator-aware-row-scaling/results-revision/coverage-policy/full-1pct/resultados/instance033_matricial_full.csv,/clusteruy/home/mathiasr/generator-aware-row-scaling/results-revision/coverage-policy/full-1pct/resultados/instance033_matricial_full_postprocesado.csv,/clusteruy/home/mathiasr/generator-aware-row-scaling/results-revision/coverage-policy/full-1pct/logs/instance033_matricial_full.log
instance033.txt,matricial_plano,OK,0,5.32887504,0.750748636963634,-820987.8872944522,-820988.0,OPTIMAL,-827151.4426679518,1.0,17349.0,0.61,23763.0,16561.0,57555.0,19835.0,14483.0,51347.0,16.529899423473466,12.547551476360123,10.786204500043437,1,Model contains large bounds,9e-06,100000.0,0.0001,100.0,0.03,400000000.0,1.0,10000000000.0,,,,,16770000000000.0,37570000000000.0,0.0,0.0,0.019691638,,,,,,,,,,,,,,1197506.0,,,6.0,,,,6.0,,0.533890990867134,,,,,,,,OK,REVISAR,6.59376382827759e-07,0.0,1.1641532182693481e-10,16352514.0460321,0.0,4.86791951755864e-09,2.8421709430404e-14,2.01873481273653e-07,3.72529029846191e-09,1.21370928941223e-14,220200.221321465,9.31343202200796,13948342.8180037,16352514.0460321,1.0,3.63797880709171e-12,0.0,6.59376382827759e-07,0.0,0.0,0.0,0.0,0.0,0.0,0.0,0.0,0.0,0.0,-820987.887294452,69.6888543839411,472.332125486166,16352514.0460321,0.0,0.0,0.0,1401.0,109.0,1017.0,0.0,0.0,0.0,0.0,-820987.887294452,-820987.887294452,,,,,N/D,,,/clusteruy/home/mathiasr/generator-aware-row-scaling/results-revision/coverage-policy/full-1pct/resultados/instance033_matricial_plano.csv,/clusteruy/home/mathiasr/generator-aware-row-scaling/results-revision/coverage-policy/full-1pct/resultados/instance033_matricial_plano_postprocesado.csv,/clusteruy/home/mathiasr/generator-aware-row-scaling/results-revision/coverage-policy/full-1pct/logs/instance033_matricial_plano.log
instance034.txt,estructurado,OK,0,5.608067276,0.556009320326445,-2979014.8684573397,-2979010.0,OPTIMAL,-2995578.468779873,1.0,21091.0,0.54,23763.0,16561.0,57555.0,20957.0,14941.0,53880.0,11.808273366157472,9.782017994082484,6.385196768308575,1,Model contains large bounds,9e-06,100000.0,0.0001,100.0,0.6,3000000.0,1.0,10000000000.0,,,,,19560000000000.0,332200000000.0,1.0,1.5,0.030811619,,,,,,,,,,,,,,2864213.0,,,5.0,,,,5.0,,0.585355021545959,,,,,,,,OK,REVISAR,5.03798946738243e-06,0.0,4.656612873077393e-10,20001459.1490161,0.0,8.5927576789628e-09,6.3948846218409e-14,2.77628423646095e-07,1.71363353729248e-07,8.15502211529049e-09,210014.441406325,16.0072466533722,12571149.430418,20001459.1490161,0.931056404203001,8.15502211529049e-09,0.0,5.03798946738243e-06,1.90924875336565e-07,0.0,0.0,0.0,0.0,6.0,0.0,0.0,0.0,0.0,-2979014.86845734,111.48459433798,5063.00783111091,20001459.1490161,1.90924875336565e-07,0.0,0.0,1497.0,126.0,896.0,0.0,0.0,0.0,0.0,-2979014.86845734,-2979014.86845734,,,,,N/D,,,/clusteruy/home/mathiasr/generator-aware-row-scaling/results-revision/coverage-policy/full-1pct/resultados/instance034_estructurado.csv,/clusteruy/home/mathiasr/generator-aware-row-scaling/results-revision/coverage-policy/full-1pct/resultados/instance034_estructurado_postprocesado.csv,/clusteruy/home/mathiasr/generator-aware-row-scaling/results-revision/coverage-policy/full-1pct/logs/instance034_estructurado.log
instance034.txt,estructurado_full,OK,0,6.129880232,0.556009320330759,-2979014.8684573397,-2979010.0,OPTIMAL,-2995578.4687800016,1.0,20850.0,0.55,23763.0,16561.0,57555.0,20957.0,14941.0,53880.0,11.808273366157472,9.782017994082484,6.385196768308575,1,Model contains large bounds,9e-06,100000.0,0.0001,100.0,0.6,90000.0,1.0,10000000000.0,,,,,19560000000000.0,11660000000.0,1.0,1.5,0.034074443,,,,,,,,,,,,,,4087579.0,,,6.0,,,,6.0,,0.577136001734516,,,,,,,,OK,REVISAR,5.03798946738243e-06,0.0,4.656612873077393e-10,15750751.9457438,0.0,8.59023207137756e-09,1.13686837721616e-13,2.77628423646095e-07,1.71363353729248e-07,8.15502211529049e-09,76682.9302941278,20.993544815964,2729224.99087937,15750751.9457438,0.999999999999971,8.15502211529049e-09,0.0,5.03798946738243e-06,1.90924875336565e-07,0.0,0.0,0.0,0.0,6.0,0.0,0.0,0.0,0.0,-2979014.86845734,710.206994443764,5101.15440413525,15750751.9457438,1.90924875336565e-07,0.0,0.0,2279.0,170.0,896.0,0.0,0.0,0.0,0.0,-2979014.86845734,-2979014.86845734,,,,,N/D,,,/clusteruy/home/mathiasr/generator-aware-row-scaling/results-revision/coverage-policy/full-1pct/resultados/instance034_estructurado_full.csv,/clusteruy/home/mathiasr/generator-aware-row-scaling/results-revision/coverage-policy/full-1pct/resultados/instance034_estructurado_full_postprocesado.csv,/clusteruy/home/mathiasr/generator-aware-row-scaling/results-revision/coverage-policy/full-1pct/logs/instance034_estructurado_full.log
instance034.txt,estructurado_plano,OK,0,6.128291198,0.556009320330759,-2979014.8684573397,-2979010.0,OPTIMAL,-2995578.4687800016,1.0,20850.0,0.54,23763.0,16561.0,57555.0,20957.0,14941.0,53880.0,11.808273366157472,9.782017994082484,6.385196768308575,1,Model contains large bounds,9e-06,100000.0,0.0001,100.0,0.6,90000.0,1.0,10000000000.0,,,,,19560000000000.0,11660000000.0,0.0,0.0,0.017052822,,,,,,,,,,,,,,4087579.0,,,6.0,,,,6.0,,0.573754826622714,,,,,,,,OK,REVISAR,5.03798946738243e-06,0.0,4.656612873077393e-10,15750751.9457438,0.0,8.59023207137756e-09,1.13686837721616e-13,2.77628423646095e-07,1.71363353729248e-07,8.15502211529049e-09,76682.9302941278,20.993544815964,2729224.99087937,15750751.9457438,0.999999999999971,8.15502211529049e-09,0.0,5.03798946738243e-06,1.90924875336565e-07,0.0,0.0,0.0,0.0,6.0,0.0,0.0,0.0,0.0,-2979014.86845734,710.206994443764,5101.15440413525,15750751.9457438,1.90924875336565e-07,0.0,0.0,2279.0,170.0,896.0,0.0,0.0,0.0,0.0,-2979014.86845734,-2979014.86845734,,,,,N/D,,,/clusteruy/home/mathiasr/generator-aware-row-scaling/results-revision/coverage-policy/full-1pct/resultados/instance034_estructurado_plano.csv,/clusteruy/home/mathiasr/generator-aware-row-scaling/results-revision/coverage-policy/full-1pct/resultados/instance034_estructurado_plano_postprocesado.csv,/clusteruy/home/mathiasr/generator-aware-row-scaling/results-revision/coverage-policy/full-1pct/logs/instance034_estructurado_plano.log
instance034.txt,estructurado_matricial,OK,0,5.040290802,0.556009320336947,-2979014.8684575194,-2979010.0,OPTIMAL,-2995578.4687803667,1.0,18770.0,0.54,23763.0,16561.0,57555.0,20956.0,14940.0,53880.0,11.812481589024955,9.78805627679488,6.385196768308575,1,Model contains large bounds,9e-06,100000.0,0.0001,100.0,0.4,300000000.0,1.0,10000000000.0,,,,,19560000000000.0,36360000000000.0,1.0,1.0,0.0346415,,,,,,,,,,,,,,11154474.0,,,5.0,,,,5.0,,0.577114203300509,,,,,,,,OK,REVISAR,9.5367431640625e-07,0.0,4.656612873077393e-10,20001459.149023,0.0,5.73319542166918e-09,4.2632564145606e-14,1.6683712601662e-07,1.82539224624634e-07,1.89969351310684e-09,210014.441406432,16.0072466533722,12571149.4304348,20001459.149023,0.931056404203001,1.89969351310684e-09,0.0,9.5367431640625e-07,2.19949094585453e-07,0.0,0.0,0.0,0.0,0.0,0.0,0.0,0.0,0.0,-2979014.86845752,111.48459433798,5063.00783111452,20001459.149023,2.19949094585453e-07,0.0,0.0,1497.0,126.0,891.0,0.0,0.0,0.0,0.0,-2979014.86845752,-2979014.86845752,,,,,N/D,,,/clusteruy/home/mathiasr/generator-aware-row-scaling/results-revision/coverage-policy/full-1pct/resultados/instance034_estructurado_matricial.csv,/clusteruy/home/mathiasr/generator-aware-row-scaling/results-revision/coverage-policy/full-1pct/resultados/instance034_estructurado_matricial_postprocesado.csv,/clusteruy/home/mathiasr/generator-aware-row-scaling/results-revision/coverage-policy/full-1pct/logs/instance034_estructurado_matricial.log
instance034.txt,matricial_full,OK,0,5.020362985,0.55600932033182,-2979014.8684575194,-2979010.0,OPTIMAL,-2995578.468780214,1.0,19001.0,0.53,23763.0,16561.0,57555.0,20956.0,14940.0,53880.0,11.812481589024955,9.78805627679488,6.385196768308575,1,Model contains large bounds,9e-06,100000.0,0.0001,100.0,0.4,300000000.0,1.0,10000000000.0,,,,,19560000000000.0,36360000000000.0,1.0,1.0,0.031588615,,,,,,,,,,,,,,13137013.0,,,5.0,,,,5.0,,0.5750691872492,,,,,,,,OK,REVISAR,9.5367431640625e-07,0.0,4.656612873077393e-10,20001459.149023,0.0,5.61292121218157e-09,5.6843418860808e-14,1.52736902236938e-07,1.78813934326172e-07,9.40534882669584e-09,210014.441406433,16.0072466533722,12571149.4304348,20001459.149023,0.931056404203001,9.40534882669584e-09,0.0,9.5367431640625e-07,2.20197447272018e-07,0.0,0.0,0.0,0.0,0.0,0.0,0.0,0.0,0.0,-2979014.86845752,111.48459433798,5063.00783111452,20001459.149023,2.20197447272018e-07,0.0,0.0,1497.0,126.0,891.0,0.0,0.0,0.0,0.0,-2979014.86845752,-2979014.86845752,,,,,N/D,,,/clusteruy/home/mathiasr/generator-aware-row-scaling/results-revision/coverage-policy/full-1pct/resultados/instance034_matricial_full.csv,/clusteruy/home/mathiasr/generator-aware-row-scaling/results-revision/coverage-policy/full-1pct/resultados/instance034_matricial_full_postprocesado.csv,/clusteruy/home/mathiasr/generator-aware-row-scaling/results-revision/coverage-policy/full-1pct/logs/instance034_matricial_full.log
instance034.txt,matricial_plano,OK,0,5.047876123,0.55600932033182,-2979014.8684575194,-2979010.0,OPTIMAL,-2995578.468780214,1.0,19001.0,0.54,23763.0,16561.0,57555.0,20956.0,14940.0,53880.0,11.812481589024955,9.78805627679488,6.385196768308575,1,Model contains large bounds,9e-06,100000.0,0.0001,100.0,0.4,300000000.0,1.0,10000000000.0,,,,,19560000000000.0,36360000000000.0,0.0,0.0,0.018483076,,,,,,,,,,,,,,13137013.0,,,5.0,,,,5.0,,0.57397000283031,,,,,,,,OK,REVISAR,9.5367431640625e-07,0.0,4.656612873077393e-10,20001459.149023,0.0,5.61292121218157e-09,5.6843418860808e-14,1.52736902236938e-07,1.78813934326172e-07,9.40534882669584e-09,210014.441406433,16.0072466533722,12571149.4304348,20001459.149023,0.931056404203001,9.40534882669584e-09,0.0,9.5367431640625e-07,2.20197447272018e-07,0.0,0.0,0.0,0.0,0.0,0.0,0.0,0.0,0.0,-2979014.86845752,111.48459433798,5063.00783111452,20001459.149023,2.20197447272018e-07,0.0,0.0,1497.0,126.0,891.0,0.0,0.0,0.0,0.0,-2979014.86845752,-2979014.86845752,,,,,N/D,,,/clusteruy/home/mathiasr/generator-aware-row-scaling/results-revision/coverage-policy/full-1pct/resultados/instance034_matricial_plano.csv,/clusteruy/home/mathiasr/generator-aware-row-scaling/results-revision/coverage-policy/full-1pct/resultados/instance034_matricial_plano_postprocesado.csv,/clusteruy/home/mathiasr/generator-aware-row-scaling/results-revision/coverage-policy/full-1pct/logs/instance034_matricial_plano.log
instance035.txt,estructurado,OK,0,3600.730485032,1.412562481522259,-2340032.484342338,-2340030.0,TIME_LIMIT,-2373086.905271591,154306.0,26905280.0,0.53,23763.0,16561.0,57555.0,19470.0,14058.0,50452.0,18.065900770104786,15.113821629128676,12.341238815046477,1,Model contains large bounds,9e-06,100000.0,0.0007,100.0,0.4,3000000.0,1.0,10000000000.0,,,,,20700000000000.0,385900000000.0,1.0,1.5,0.033987295,,,,,,,,,,,,,,2031567.0,,,3738.0,,0.0,16.0,3738.0,,0.030668232854843,,,,,,,,OK,REVISAR,4.33577224612236e-06,0.0,1.862645149230957e-09,112880897.447782,0.0,4.55087055545719e-09,2.91038304567337e-11,1.23432837426663e-07,1.11758708953857e-07,5.6843418860808e-14,291889.675354849,6.83902379512469,12762031.4197454,112880897.447782,1.0,3.97903932025656e-13,1.86264514923096e-09,4.33577224612236e-06,0.0,4.54747350886464e-13,0.0,0.0,0.0,4.0,0.0,0.0,0.0,0.0,-2340032.48434234,18.9943864038013,20326.9469121883,112880897.447782,0.0,4.54747350886464e-13,0.0,514.0,401.0,1002.0,0.0,0.0,0.0,0.0,-2340032.48434234,-2340032.48434234,,,,,N/D,,,/clusteruy/home/mathiasr/generator-aware-row-scaling/results-revision/coverage-policy/full-1pct/resultados/instance035_estructurado.csv,/clusteruy/home/mathiasr/generator-aware-row-scaling/results-revision/coverage-policy/full-1pct/resultados/instance035_estructurado_postprocesado.csv,/clusteruy/home/mathiasr/generator-aware-row-scaling/results-revision/coverage-policy/full-1pct/logs/instance035_estructurado.log
instance035.txt,estructurado_full,OK,0,1162.183767191,8e-14,-2342182.402650321,-2342180.0,OPTIMAL,-2342182.4026503228,43392.0,10137035.0,0.54,23763.0,16561.0,57555.0,19470.0,14058.0,50452.0,18.065900770104786,15.113821629128676,12.341238815046477,1,Model contains large bounds,9e-06,100000.0,0.0007,100.0,0.4,90000.0,1.0,10000000000.0,,,,,20700000000000.0,12920000000.0,1.0,1.5,0.030034993,,,,,,,,,,,,,,9834060.0,,,1213.0,,0.0,16.0,1213.0,,0.044909577835797,,,,,,,,OK,REVISAR,1.83074735105038e-06,0.0,9.313225746154785e-10,30792683.8440613,0.0,5.65983832054992e-09,1.13686837721616e-13,1.89989805221558e-07,2.83122062683105e-07,3.39613045107103e-13,109339.292440339,10.6884360023584,3923231.74942924,30792683.8440613,1.0,2.18278728425503e-11,0.0,1.83074735105038e-06,0.0,0.0,0.0,0.0,0.0,3.0,0.0,0.0,0.0,0.0,-2342182.40265032,1766.26858572994,21641.2918323788,30792683.8440613,0.0,0.0,0.0,1129.0,460.0,1002.0,0.0,0.0,0.0,0.0,-2342182.40265032,-2342182.40265032,,,,,N/D,,,/clusteruy/home/mathiasr/generator-aware-row-scaling/results-revision/coverage-policy/full-1pct/resultados/instance035_estructurado_full.csv,/clusteruy/home/mathiasr/generator-aware-row-scaling/results-revision/coverage-policy/full-1pct/resultados/instance035_estructurado_full_postprocesado.csv,/clusteruy/home/mathiasr/generator-aware-row-scaling/results-revision/coverage-policy/full-1pct/logs/instance035_estructurado_full.log
instance035.txt,estructurado_plano,OK,0,1225.684712193,8e-14,-2342182.402650321,-2342180.0,OPTIMAL,-2342182.4026503228,43392.0,10137035.0,0.65,23763.0,16561.0,57555.0,19470.0,14058.0,50452.0,18.065900770104786,15.113821629128676,12.341238815046477,1,Model contains large bounds,9e-06,100000.0,0.0007,100.0,0.4,90000.0,1.0,10000000000.0,,,,,20700000000000.0,12920000000.0,0.0,0.0,0.019960933,,,,,,,,,,,,,,9834060.0,,,1213.0,,0.0,18.0,1213.0,,0.045116521321368,,,,,,,,OK,REVISAR,1.83074735105038e-06,0.0,9.313225746154785e-10,30792683.8440613,0.0,5.65983832054992e-09,1.13686837721616e-13,1.89989805221558e-07,2.83122062683105e-07,3.39613045107103e-13,109339.292440339,10.6884360023584,3923231.74942924,30792683.8440613,1.0,2.18278728425503e-11,0.0,1.83074735105038e-06,0.0,0.0,0.0,0.0,0.0,3.0,0.0,0.0,0.0,0.0,-2342182.40265032,1766.26858572994,21641.2918323788,30792683.8440613,0.0,0.0,0.0,1129.0,460.0,1002.0,0.0,0.0,0.0,0.0,-2342182.40265032,-2342182.40265032,,,,,N/D,,,/clusteruy/home/mathiasr/generator-aware-row-scaling/results-revision/coverage-policy/full-1pct/resultados/instance035_estructurado_plano.csv,/clusteruy/home/mathiasr/generator-aware-row-scaling/results-revision/coverage-policy/full-1pct/resultados/instance035_estructurado_plano_postprocesado.csv,/clusteruy/home/mathiasr/generator-aware-row-scaling/results-revision/coverage-policy/full-1pct/logs/instance035_estructurado_plano.log
instance035.txt,estructurado_matricial,OK,0,3600.893449013,1.420886196298307,-2338310.957992995,-2338310.0,TIME_LIMIT,-2371535.6956216483,144154.0,34648836.0,0.54,23763.0,16561.0,57555.0,19470.0,14058.0,50452.0,18.065900770104786,15.113821629128676,12.341238815046477,1,Model contains large bounds,9e-06,100000.0,0.0007,100.0,0.1,300000000.0,1.0,10000000000.0,,,,,20700000000000.0,30840000000000.0,1.0,1.0,0.033435895,,,,,,,,,,,,,,11471978.0,,,3933.0,,0.0,17.0,3933.0,,0.029989304514794,,,,,,,,OK,REVISAR,2.86102294921875e-06,0.0,4.6566128730773926e-09,109570731.01955,0.0,5.00753360566717e-09,5.6843418860808e-14,1.40550546348097e-07,4.99188899993896e-07,1.61114216124098e-13,311008.94895261,6.6411678016842,12690883.3865927,109570731.01955,1.0,2.86102294921875e-06,1.86264514923096e-09,1.9073486328125e-06,0.0,0.0,0.0,1.0,0.0,4.0,0.0,0.0,0.0,0.0,-2338310.957993,28.6317985242251,20320.1878310894,109570731.01955,0.0,0.0,0.0,486.0,402.0,999.0,0.0,0.0,0.0,0.0,-2338310.957993,-2338310.957993,,,,,N/D,,,/clusteruy/home/mathiasr/generator-aware-row-scaling/results-revision/coverage-policy/full-1pct/resultados/instance035_estructurado_matricial.csv,/clusteruy/home/mathiasr/generator-aware-row-scaling/results-revision/coverage-policy/full-1pct/resultados/instance035_estructurado_matricial_postprocesado.csv,/clusteruy/home/mathiasr/generator-aware-row-scaling/results-revision/coverage-policy/full-1pct/logs/instance035_estructurado_matricial.log
instance035.txt,matricial_full,OK,0,3600.677111716,1.694302599578169,-2340667.941730035,-2340670.0,TIME_LIMIT,-2380325.93951426,174217.0,32329164.0,0.63,23763.0,16561.0,57555.0,19470.0,14058.0,50452.0,18.065900770104786,15.113821629128676,12.341238815046477,1,Model contains large bounds,9e-06,100000.0,0.0007,100.0,0.1,300000000.0,1.0,10000000000.0,,,,,20700000000000.0,30840000000000.0,1.0,1.0,0.038992824,,,,,,,,,,,,,,11098102.0,,,3852.0,,0.0,16.0,3852.0,,0.030253478664485,,,,,,,,OK,REVISAR,1.21127814054489e-05,0.0,5.122274160385132e-09,112914528.657133,0.0,5.22772481777411e-09,7.105427357601e-14,1.32247805595398e-07,1.21127814054489e-05,5.23872611957188e-12,311047.007142096,6.88077122398698,12759292.0647916,112914528.657133,1.0,8.02202748673153e-12,0.0,1.21127814054489e-05,0.0,0.0,0.0,0.0,0.0,4.0,0.0,0.0,0.0,0.0,-2340667.94173004,21.2605050547709,20326.9469121883,112914528.657133,0.0,0.0,0.0,501.0,403.0,1002.0,0.0,0.0,0.0,0.0,-2340667.94173004,-2340667.94173004,,,,,N/D,,,/clusteruy/home/mathiasr/generator-aware-row-scaling/results-revision/coverage-policy/full-1pct/resultados/instance035_matricial_full.csv,/clusteruy/home/mathiasr/generator-aware-row-scaling/results-revision/coverage-policy/full-1pct/resultados/instance035_matricial_full_postprocesado.csv,/clusteruy/home/mathiasr/generator-aware-row-scaling/results-revision/coverage-policy/full-1pct/logs/instance035_matricial_full.log
instance035.txt,matricial_plano,OK,0,3601.133058203,1.694302599578169,-2340667.941730035,-2340670.0,TIME_LIMIT,-2380325.93951426,174613.0,32398957.0,0.53,23763.0,16561.0,57555.0,19470.0,14058.0,50452.0,18.065900770104786,15.113821629128676,12.341238815046477,1,Model contains large bounds,9e-06,100000.0,0.0007,100.0,0.1,300000000.0,1.0,10000000000.0,,,,,20700000000000.0,30840000000000.0,0.0,0.0,0.017957789,,,,,,,,,,,,,,11098102.0,,,3856.0,,0.0,16.0,3856.0,,0.030005016465128,,,,,,,,OK,REVISAR,1.21127814054489e-05,0.0,5.122274160385132e-09,112914528.657133,0.0,5.22772481777411e-09,7.105427357601e-14,1.32247805595398e-07,1.21127814054489e-05,5.23872611957188e-12,311047.007142096,6.88077122398698,12759292.0647916,112914528.657133,1.0,8.02202748673153e-12,0.0,1.21127814054489e-05,0.0,0.0,0.0,0.0,0.0,4.0,0.0,0.0,0.0,0.0,-2340667.94173004,21.2605050547709,20326.9469121883,112914528.657133,0.0,0.0,0.0,501.0,403.0,1002.0,0.0,0.0,0.0,0.0,-2340667.94173004,-2340667.94173004,,,,,N/D,,,/clusteruy/home/mathiasr/generator-aware-row-scaling/results-revision/coverage-policy/full-1pct/resultados/instance035_matricial_plano.csv,/clusteruy/home/mathiasr/generator-aware-row-scaling/results-revision/coverage-policy/full-1pct/resultados/instance035_matricial_plano_postprocesado.csv,/clusteruy/home/mathiasr/generator-aware-row-scaling/results-revision/coverage-policy/full-1pct/logs/instance035_matricial_plano.log
instance042.txt,estructurado,OK,0,66.984317312,0.974526338948567,-967846.8020619781,-967847.0,OPTIMAL,-977278.7240687435,2423.0,187909.0,0.43,23763.0,16561.0,57555.0,19216.0,13912.0,48565.0,19.134789378445483,15.995410905138579,15.619841890365738,1,Model contains large bounds,1e-05,90000.0,0.0001,100.0,0.2,4000000.0,1.0,10000000000.0,,,,,22800000000000.0,352200000000.0,1.0,1.5,0.033440433,,,,,,,,,,,,,,10311918854332.0,,,55.0,,0.0,11.0,55.0,,0.055979654735907,,,,,,,,REVISAR,REVISAR,0.000636729935649782,0.0,1.1641532182693481e-10,331370795.184344,0.0,7.35161520106629e-08,2.18278728425503e-11,3.36095690727235e-07,3.47793102264404e-05,1.90402911245467e-08,293768.742205031,60.303329722054,12527391.5168599,331370795.184344,1.0,1.61627904162742e-05,0.0,0.000636729935649782,7.62212579272334e-07,0.0,0.0,4.0,0.0,126.0,0.0,0.0,0.0,0.0,-967846.802061978,234.552454026587,12259.150992723,331370795.184344,7.62212579272334e-07,0.0,0.0,2651.0,390.0,1196.0,0.0,0.0,0.0,0.0,-967846.802061978,-967846.802061978,,,,,N/D,,,/clusteruy/home/mathiasr/generator-aware-row-scaling/results-revision/coverage-policy/full-1pct/resultados/instance042_estructurado.csv,/clusteruy/home/mathiasr/generator-aware-row-scaling/results-revision/coverage-policy/full-1pct/resultados/instance042_estructurado_postprocesado.csv,/clusteruy/home/mathiasr/generator-aware-row-scaling/results-revision/coverage-policy/full-1pct/logs/instance042_estructurado.log
instance042.txt,estructurado_full,OK,0,8.559911009,0.297466389595809,-975096.432602972,-975096.0,OPTIMAL,-977997.0167561136,1.0,20881.0,0.43,23763.0,16561.0,57555.0,19216.0,13912.0,48565.0,19.134789378445483,15.995410905138579,15.619841890365738,1,Model contains large bounds,1e-05,90000.0,0.0001,100.0,0.2,80000.0,1.0,10000000000.0,,,,,22800000000000.0,7684000000.0,1.0,1.5,0.03258845,,,,,,,,,,,,,,15502765.0,,,7.0,,,,7.0,,0.918483260676476,,,,,,,,OK,REVISAR,3.814697265625e-06,0.0,0.0,22577497.9184392,0.0,8.76117428642599e-09,2.27373675443232e-13,2.60770320892334e-07,2.38418579101562e-07,6.85516577542063e-14,80929.2564434982,67.2630152155122,2699572.19590653,22577497.9184392,1.0,3.814697265625e-06,0.0,2.20164656639099e-06,0.0,0.0,0.0,1.0,0.0,9.0,0.0,0.0,0.0,0.0,-975096.432602972,1752.88798237955,13148.4378050718,22577497.9184392,0.0,0.0,0.0,3351.0,452.0,1113.0,0.0,0.0,0.0,0.0,-975096.432602972,-975096.432602972,,,,,N/D,,,/clusteruy/home/mathiasr/generator-aware-row-scaling/results-revision/coverage-policy/full-1pct/resultados/instance042_estructurado_full.csv,/clusteruy/home/mathiasr/generator-aware-row-scaling/results-revision/coverage-policy/full-1pct/resultados/instance042_estructurado_full_postprocesado.csv,/clusteruy/home/mathiasr/generator-aware-row-scaling/results-revision/coverage-policy/full-1pct/logs/instance042_estructurado_full.log
instance042.txt,estructurado_plano,OK,0,8.758961403,0.297466389595809,-975096.432602972,-975096.0,OPTIMAL,-977997.0167561136,1.0,20881.0,0.45,23763.0,16561.0,57555.0,19216.0,13912.0,48565.0,19.134789378445483,15.995410905138579,15.619841890365738,1,Model contains large bounds,1e-05,90000.0,0.0001,100.0,0.2,80000.0,1.0,10000000000.0,,,,,22800000000000.0,7684000000.0,0.0,0.0,0.018472579,,,,,,,,,,,,,,15502765.0,,,7.0,,,,7.0,,0.917505158349958,,,,,,,,OK,REVISAR,3.814697265625e-06,0.0,0.0,22577497.9184392,0.0,8.76117428642599e-09,2.27373675443232e-13,2.60770320892334e-07,2.38418579101562e-07,6.85516577542063e-14,80929.2564434982,67.2630152155122,2699572.19590653,22577497.9184392,1.0,3.814697265625e-06,0.0,2.20164656639099e-06,0.0,0.0,0.0,1.0,0.0,9.0,0.0,0.0,0.0,0.0,-975096.432602972,1752.88798237955,13148.4378050718,22577497.9184392,0.0,0.0,0.0,3351.0,452.0,1113.0,0.0,0.0,0.0,0.0,-975096.432602972,-975096.432602972,,,,,N/D,,,/clusteruy/home/mathiasr/generator-aware-row-scaling/results-revision/coverage-policy/full-1pct/resultados/instance042_estructurado_plano.csv,/clusteruy/home/mathiasr/generator-aware-row-scaling/results-revision/coverage-policy/full-1pct/resultados/instance042_estructurado_plano_postprocesado.csv,/clusteruy/home/mathiasr/generator-aware-row-scaling/results-revision/coverage-policy/full-1pct/logs/instance042_estructurado_plano.log
instance042.txt,estructurado_matricial,OK,0,10.304426831,0.295999420756593,-975096.4326029744,-975096.0,OPTIMAL,-977982.7123952974,1.0,25706.0,0.44,23763.0,16561.0,57555.0,19222.0,13911.0,48703.0,19.109540041240585,16.001449187850977,15.380071236208844,1,Model contains large bounds,1e-05,90000.0,0.0001,100.0,0.05,300000000.0,1.0,10000000000.0,,,,,22800000000000.0,22980000000000.0,1.0,1.0,0.033354398,,,,,,,,,,,,,,24863762.0,,,9.0,,,,9.0,,0.934990191514857,,,,,,,,OK,REVISAR,2.86102294921875e-06,0.0,3.4924596548080444e-10,78825376.7647361,0.0,5.82698760086025e-09,5.77315972805081e-14,1.86618417501451e-07,2.95229256153107e-07,1.81044962135026e-13,246113.385676533,60.6042750890041,13218690.2388375,78825376.7647361,1.0,2.86102294921875e-06,4.65661287307739e-10,1.9073486328125e-06,0.0,0.0,0.0,1.0,0.0,3.0,0.0,0.0,0.0,0.0,-975096.432602974,112.378678409853,12284.3580281315,78825376.7647361,0.0,0.0,0.0,2781.0,422.0,1113.0,0.0,0.0,0.0,0.0,-975096.432602974,-975096.432602974,,,,,N/D,,,/clusteruy/home/mathiasr/generator-aware-row-scaling/results-revision/coverage-policy/full-1pct/resultados/instance042_estructurado_matricial.csv,/clusteruy/home/mathiasr/generator-aware-row-scaling/results-revision/coverage-policy/full-1pct/resultados/instance042_estructurado_matricial_postprocesado.csv,/clusteruy/home/mathiasr/generator-aware-row-scaling/results-revision/coverage-policy/full-1pct/logs/instance042_estructurado_matricial.log
instance042.txt,matricial_full,OK,0,43.362463216,0.522030602271008,-972185.2724373505,-972185.0,OPTIMAL,-977260.3770702452,626.0,303997.0,0.43,23763.0,16561.0,57555.0,19222.0,13911.0,48703.0,19.109540041240585,16.001449187850977,15.380071236208844,1,Model contains large bounds,1e-05,90000.0,0.0001,100.0,0.05,300000000.0,1.0,10000000000.0,,,,,22800000000000.0,22980000000000.0,1.0,1.0,0.031775006,,,,,,,,,,,,,,19271511.0,,,35.0,,0.0,12.0,35.0,,0.100672401598499,,,,,,,,OK,REVISAR,3.7848949432373e-06,0.0,4.656612873077393e-10,71300507.539922,0.0,4.48237312318179e-09,6.3948846218409e-14,1.47856771945955e-07,3.57627868652344e-07,1.6059911980836e-13,233746.83614021,62.405667428727,13335536.807,71300507.539922,1.0,4.76837158203125e-07,4.65661287307739e-10,3.7848949432373e-06,0.0,0.0,0.0,0.0,0.0,9.0,0.0,0.0,0.0,0.0,-972185.27243735,115.535865672082,10537.3471925551,71300507.539922,0.0,0.0,0.0,2711.0,386.0,1135.0,0.0,0.0,0.0,0.0,-972185.27243735,-972185.27243735,,,,,N/D,,,/clusteruy/home/mathiasr/generator-aware-row-scaling/results-revision/coverage-policy/full-1pct/resultados/instance042_matricial_full.csv,/clusteruy/home/mathiasr/generator-aware-row-scaling/results-revision/coverage-policy/full-1pct/resultados/instance042_matricial_full_postprocesado.csv,/clusteruy/home/mathiasr/generator-aware-row-scaling/results-revision/coverage-policy/full-1pct/logs/instance042_matricial_full.log
instance042.txt,matricial_plano,OK,0,41.509533657,0.522030602271008,-972185.2724373505,-972185.0,OPTIMAL,-977260.3770702452,626.0,303997.0,0.45,23763.0,16561.0,57555.0,19222.0,13911.0,48703.0,19.109540041240585,16.001449187850977,15.380071236208844,1,Model contains large bounds,1e-05,90000.0,0.0001,100.0,0.05,300000000.0,1.0,10000000000.0,,,,,22800000000000.0,22980000000000.0,0.0,0.0,0.020806721,,,,,,,,,,,,,,19271511.0,,,35.0,,0.0,12.0,35.0,,0.101446015651593,,,,,,,,OK,REVISAR,3.7848949432373e-06,0.0,4.656612873077393e-10,71300507.539922,0.0,4.48237312318179e-09,6.3948846218409e-14,1.47856771945955e-07,3.57627868652344e-07,1.6059911980836e-13,233746.83614021,62.405667428727,13335536.807,71300507.539922,1.0,4.76837158203125e-07,4.65661287307739e-10,3.7848949432373e-06,0.0,0.0,0.0,0.0,0.0,9.0,0.0,0.0,0.0,0.0,-972185.27243735,115.535865672082,10537.3471925551,71300507.539922,0.0,0.0,0.0,2711.0,386.0,1135.0,0.0,0.0,0.0,0.0,-972185.27243735,-972185.27243735,,,,,N/D,,,/clusteruy/home/mathiasr/generator-aware-row-scaling/results-revision/coverage-policy/full-1pct/resultados/instance042_matricial_plano.csv,/clusteruy/home/mathiasr/generator-aware-row-scaling/results-revision/coverage-policy/full-1pct/resultados/instance042_matricial_plano_postprocesado.csv,/clusteruy/home/mathiasr/generator-aware-row-scaling/results-revision/coverage-policy/full-1pct/logs/instance042_matricial_plano.log
instance043.txt,estructurado,OK,0,53.170385948,0.738463623316493,-992391.0366204592,-992391.0,OPTIMAL,-999719.4834269547,661.0,114718.0,0.58,23763.0,16561.0,57555.0,21186.0,14910.0,54318.0,10.84459032950385,9.969204758166777,5.624185561636695,1,Model contains large bounds,1e-05,100000.0,0.0001,100.0,2.0,4000000.0,1.0,10000000000.0,,,,,28710000000000.0,367500000000.0,1.0,1.5,0.032865697,,,,,,,,,,,,,,2952911.0,,,54.0,,0.0,16.0,54.0,,0.087374773597402,,,,,,,,REVISAR,REVISAR,0.000291824340820312,0.0,1.1641532182693481e-10,33101701.286592,0.0,3.26724610632665e-08,8.5265128291212e-13,2.38418579101562e-07,2.8517097234726e-06,2.75856257515628e-07,180733.486857151,24.4077275152493,11220896.6542079,33101701.286592,1.0,1.43051147460938e-06,0.0,0.000291824340820312,0.0,0.0,0.0,1.0,0.0,19.0,0.0,0.0,0.0,0.0,-992391.036620459,83.5996925491448,11926.5295864315,33101701.286592,0.0,0.0,0.0,2058.0,485.0,1088.0,0.0,0.0,0.0,0.0,-992391.036620459,-992391.036620459,,,,,N/D,,,/clusteruy/home/mathiasr/generator-aware-row-scaling/results-revision/coverage-policy/full-1pct/resultados/instance043_estructurado.csv,/clusteruy/home/mathiasr/generator-aware-row-scaling/results-revision/coverage-policy/full-1pct/resultados/instance043_estructurado_postprocesado.csv,/clusteruy/home/mathiasr/generator-aware-row-scaling/results-revision/coverage-policy/full-1pct/logs/instance043_estructurado.log
instance043.txt,estructurado_full,OK,0,45.298878575,0.74082614735509,-992375.2272910279,-992375.0,OPTIMAL,-999727.0024546743,509.0,99747.0,0.58,23763.0,16561.0,57555.0,21186.0,14910.0,54318.0,10.84459032950385,9.969204758166777,5.624185561636695,1,Model contains large bounds,1e-05,100000.0,0.0001,100.0,2.0,80000.0,1.0,10000000000.0,,,,,28710000000000.0,9679000000.0,1.0,1.5,0.032960966,,,,,,,,,,,,,,5420304.0,,,39.0,,0.0,16.0,39.0,,0.103768641970972,,,,,,,,OK,REVISAR,2.69711017608643e-06,0.0,1.1641532182693481e-10,8678747.21903198,0.0,4.74874071119203e-09,9.45910016980633e-14,1.49011611938477e-07,1.71363353729248e-07,6.75371901160868e-14,44561.7845927503,25.1333519357206,1714180.04432232,8678747.21903198,0.99999999999997,1.9073486328125e-06,0.0,2.69711017608643e-06,0.0,0.0,0.0,2.0,0.0,10.0,0.0,0.0,0.0,0.0,-992375.227291028,1378.6901766422,9663.85382342577,8678747.21903198,0.0,0.0,0.0,2796.0,501.0,1091.0,0.0,0.0,0.0,0.0,-992375.227291028,-992375.227291028,,,,,N/D,,,/clusteruy/home/mathiasr/generator-aware-row-scaling/results-revision/coverage-policy/full-1pct/resultados/instance043_estructurado_full.csv,/clusteruy/home/mathiasr/generator-aware-row-scaling/results-revision/coverage-policy/full-1pct/resultados/instance043_estructurado_full_postprocesado.csv,/clusteruy/home/mathiasr/generator-aware-row-scaling/results-revision/coverage-policy/full-1pct/logs/instance043_estructurado_full.log
instance043.txt,estructurado_plano,OK,0,45.584571491,0.74082614735509,-992375.2272910279,-992375.0,OPTIMAL,-999727.0024546743,509.0,99747.0,0.57,23763.0,16561.0,57555.0,21186.0,14910.0,54318.0,10.84459032950385,9.969204758166777,5.624185561636695,1,Model contains large bounds,1e-05,100000.0,0.0001,100.0,2.0,80000.0,1.0,10000000000.0,,,,,28710000000000.0,9679000000.0,0.0,0.0,0.019136516,,,,,,,,,,,,,,5420304.0,,,39.0,,0.0,16.0,39.0,,0.103376047104173,,,,,,,,OK,REVISAR,2.69711017608643e-06,0.0,1.1641532182693481e-10,8678747.21903198,0.0,4.74874071119203e-09,9.45910016980633e-14,1.49011611938477e-07,1.71363353729248e-07,6.75371901160868e-14,44561.7845927503,25.1333519357206,1714180.04432232,8678747.21903198,0.99999999999997,1.9073486328125e-06,0.0,2.69711017608643e-06,0.0,0.0,0.0,2.0,0.0,10.0,0.0,0.0,0.0,0.0,-992375.227291028,1378.6901766422,9663.85382342577,8678747.21903198,0.0,0.0,0.0,2796.0,501.0,1091.0,0.0,0.0,0.0,0.0,-992375.227291028,-992375.227291028,,,,,N/D,,,/clusteruy/home/mathiasr/generator-aware-row-scaling/results-revision/coverage-policy/full-1pct/resultados/instance043_estructurado_plano.csv,/clusteruy/home/mathiasr/generator-aware-row-scaling/results-revision/coverage-policy/full-1pct/resultados/instance043_estructurado_plano_postprocesado.csv,/clusteruy/home/mathiasr/generator-aware-row-scaling/results-revision/coverage-policy/full-1pct/logs/instance043_estructurado_plano.log
instance043.txt,estructurado_matricial,OK,0,26.747961058,0.988044815689998,-989961.269718794,-989961.0,OPTIMAL,-999742.5307215895,157.0,69583.0,0.58,23763.0,16561.0,57555.0,21185.0,14909.0,54321.0,10.848798552371333,9.975243040879175,5.6189731561115455,1,Model contains large bounds,1e-05,100000.0,0.0001,100.0,2.0,300000000.0,1.0,10000000000.0,,,,,28710000000000.0,25790000000000.0,1.0,1.0,0.036586736,,,,,,,,,,,,,,16488147.0,,,24.0,,0.0,15.0,24.0,,0.161980092868338,,,,,,,,OK,REVISAR,4.29153442382812e-05,0.0,0.0,38621072.9676417,0.0,8.47290013452624e-09,4.54747350886464e-13,1.45286321640015e-07,9.07108187675476e-06,2.74306655411952e-07,181800.973960815,25.0492387393713,11199055.2065532,38621072.9676417,1.0,1.43051147460938e-06,4.65661287307739e-10,4.29153442382812e-05,0.0,0.0,0.0,1.0,0.0,13.0,0.0,0.0,0.0,0.0,-989961.269718794,82.0519608513511,12342.8633392799,38621072.9676417,0.0,0.0,0.0,2012.0,478.0,1072.0,0.0,0.0,0.0,0.0,-989961.269718794,-989961.269718794,,,,,N/D,,,/clusteruy/home/mathiasr/generator-aware-row-scaling/results-revision/coverage-policy/full-1pct/resultados/instance043_estructurado_matricial.csv,/clusteruy/home/mathiasr/generator-aware-row-scaling/results-revision/coverage-policy/full-1pct/resultados/instance043_estructurado_matricial_postprocesado.csv,/clusteruy/home/mathiasr/generator-aware-row-scaling/results-revision/coverage-policy/full-1pct/logs/instance043_estructurado_matricial.log
instance043.txt,matricial_full,OK,0,32.131455016,0.908856599642925,-990729.8981386212,-990730.0,OPTIMAL,-999734.2122024897,125.0,81535.0,0.58,23763.0,16561.0,57555.0,21185.0,14909.0,54321.0,10.848798552371333,9.975243040879175,5.6189731561115455,1,Model contains large bounds,1e-05,100000.0,0.0001,100.0,2.0,300000000.0,1.0,10000000000.0,,,,,28710000000000.0,25790000000000.0,1.0,1.0,0.034302395,,,,,,,,,,,,,,20073993.0,,,28.0,,0.0,15.0,28.0,,0.134860874393341,,,,,,,,OK,REVISAR,7.03334808349609e-06,0.0,2.3283064365386963e-10,44496232.246928,0.0,6.29181322983564e-09,2.40092390413321e-12,1.52736902236938e-07,5.94742596149445e-06,1.13616318748903e-08,185898.807718668,24.5332789451531,11057948.4676668,44496232.246928,1.0,2.38418579101562e-06,4.65661287307739e-10,7.03334808349609e-06,2.17748901699463e-07,0.0,0.0,1.0,0.0,17.0,0.0,0.0,0.0,0.0,-990729.898138621,277.077799380399,12196.7700597816,44496232.246928,2.17748901699463e-07,0.0,0.0,2023.0,482.0,1079.0,0.0,0.0,0.0,0.0,-990729.898138621,-990729.898138621,,,,,N/D,,,/clusteruy/home/mathiasr/generator-aware-row-scaling/results-revision/coverage-policy/full-1pct/resultados/instance043_matricial_full.csv,/clusteruy/home/mathiasr/generator-aware-row-scaling/results-revision/coverage-policy/full-1pct/resultados/instance043_matricial_full_postprocesado.csv,/clusteruy/home/mathiasr/generator-aware-row-scaling/results-revision/coverage-policy/full-1pct/logs/instance043_matricial_full.log
instance043.txt,matricial_plano,OK,0,31.78203983,0.908856599642925,-990729.8981386212,-990730.0,OPTIMAL,-999734.2122024897,125.0,81535.0,0.58,23763.0,16561.0,57555.0,21185.0,14909.0,54321.0,10.848798552371333,9.975243040879175,5.6189731561115455,1,Model contains large bounds,1e-05,100000.0,0.0001,100.0,2.0,300000000.0,1.0,10000000000.0,,,,,28710000000000.0,25790000000000.0,0.0,0.0,0.017969521,,,,,,,,,,,,,,20073993.0,,,28.0,,0.0,15.0,28.0,,0.134665758927163,,,,,,,,OK,REVISAR,7.03334808349609e-06,0.0,2.3283064365386963e-10,44496232.246928,0.0,6.29181322983564e-09,2.40092390413321e-12,1.52736902236938e-07,5.94742596149445e-06,1.13616318748903e-08,185898.807718668,24.5332789451531,11057948.4676668,44496232.246928,1.0,2.38418579101562e-06,4.65661287307739e-10,7.03334808349609e-06,2.17748901699463e-07,0.0,0.0,1.0,0.0,17.0,0.0,0.0,0.0,0.0,-990729.898138621,277.077799380399,12196.7700597816,44496232.246928,2.17748901699463e-07,0.0,0.0,2023.0,482.0,1079.0,0.0,0.0,0.0,0.0,-990729.898138621,-990729.898138621,,,,,N/D,,,/clusteruy/home/mathiasr/generator-aware-row-scaling/results-revision/coverage-policy/full-1pct/resultados/instance043_matricial_plano.csv,/clusteruy/home/mathiasr/generator-aware-row-scaling/results-revision/coverage-policy/full-1pct/resultados/instance043_matricial_plano_postprocesado.csv,/clusteruy/home/mathiasr/generator-aware-row-scaling/results-revision/coverage-policy/full-1pct/logs/instance043_matricial_plano.log
instance044.txt,estructurado,OK,0,13.889429451,0.912251484975762,-818012.8214779518,-818013.0,OPTIMAL,-825475.1555891766,1.0,24343.0,0.57,23763.0,16561.0,57555.0,21290.0,14920.0,54695.0,10.406935151285612,9.908821931042812,4.969159933976196,1,Model contains large bounds,1e-05,90000.0,0.0002,100.0,3.0,4000000.0,1.0,10000000000.0,,,,,43060000000000.0,390600000000.0,1.0,1.5,0.032190455,,,,,,,,,,,,,,1591481.0,,,11.0,,,,11.0,,0.927056416464639,,,,,,,,OK,REVISAR,7.62939453125e-06,0.0,1.1641532182693481e-10,87326852.8524754,0.0,1.17507684250711e-08,6.98491930961609e-10,3.43788415193561e-07,2.98023223876953e-07,5.6843418860808e-14,470621.848130562,36.0480223568186,14694862.5405372,87326852.8524754,0.20277702987395,7.62939453125e-06,0.0,1.85146927833557e-06,0.0,0.0,0.0,1.0,0.0,14.0,0.0,0.0,0.0,0.0,-818012.821477952,104.494756636121,15707.5125904063,87326852.8524754,0.0,0.0,0.0,2553.0,362.0,1398.0,0.0,0.0,0.0,0.0,-818012.821477952,-818012.821477952,,,,,N/D,,,/clusteruy/home/mathiasr/generator-aware-row-scaling/results-revision/coverage-policy/full-1pct/resultados/instance044_estructurado.csv,/clusteruy/home/mathiasr/generator-aware-row-scaling/results-revision/coverage-policy/full-1pct/resultados/instance044_estructurado_postprocesado.csv,/clusteruy/home/mathiasr/generator-aware-row-scaling/results-revision/coverage-policy/full-1pct/logs/instance044_estructurado.log
instance044.txt,estructurado_full,OK,0,13.3000348,0.912251484975848,-818012.8214779514,-818013.0,OPTIMAL,-825475.1555891768,1.0,23642.0,0.56,23763.0,16561.0,57555.0,21290.0,14920.0,54695.0,10.406935151285612,9.908821931042812,4.969159933976196,1,Model contains large bounds,1e-05,90000.0,0.0002,100.0,3.0,90000.0,1.0,10000000000.0,,,,,43060000000000.0,7929000000.0,1.0,1.5,0.031730862,,,,,,,,,,,,,,2556225.0,,,11.0,,,,11.0,,0.925638204793037,,,,,,,,OK,REVISAR,7.62939453125e-06,0.0,3.4924596548080444e-10,18363467.7439171,0.0,1.15554047867159e-08,6.98491930961609e-10,3.40417027473454e-07,3.01748514175415e-07,5.6843418860808e-14,96786.0441945522,57.6917293510678,2666027.04972438,18363467.7439171,0.350297780184072,7.62939453125e-06,5.82076609134674e-11,1.75833702087402e-06,0.0,0.0,0.0,1.0,0.0,14.0,0.0,0.0,0.0,0.0,-818012.821477951,1369.34002204194,16284.6529738118,18363467.7439171,0.0,0.0,0.0,3730.0,465.0,1397.0,0.0,0.0,0.0,0.0,-818012.821477951,-818012.821477951,,,,,N/D,,,/clusteruy/home/mathiasr/generator-aware-row-scaling/results-revision/coverage-policy/full-1pct/resultados/instance044_estructurado_full.csv,/clusteruy/home/mathiasr/generator-aware-row-scaling/results-revision/coverage-policy/full-1pct/resultados/instance044_estructurado_full_postprocesado.csv,/clusteruy/home/mathiasr/generator-aware-row-scaling/results-revision/coverage-policy/full-1pct/logs/instance044_estructurado_full.log
instance044.txt,estructurado_plano,OK,0,14.234012743,0.912251484975848,-818012.8214779514,-818013.0,OPTIMAL,-825475.1555891768,1.0,23642.0,0.6,23763.0,16561.0,57555.0,21290.0,14920.0,54695.0,10.406935151285612,9.908821931042812,4.969159933976196,1,Model contains large bounds,1e-05,90000.0,0.0002,100.0,3.0,90000.0,1.0,10000000000.0,,,,,43060000000000.0,7929000000.0,0.0,0.0,0.021371671,,,,,,,,,,,,,,2556225.0,,,11.0,,,,11.0,,0.924783897191795,,,,,,,,OK,REVISAR,7.62939453125e-06,0.0,3.4924596548080444e-10,18363467.7439171,0.0,1.15554047867159e-08,6.98491930961609e-10,3.40417027473454e-07,3.01748514175415e-07,5.6843418860808e-14,96786.0441945522,57.6917293510678,2666027.04972438,18363467.7439171,0.350297780184072,7.62939453125e-06,5.82076609134674e-11,1.75833702087402e-06,0.0,0.0,0.0,1.0,0.0,14.0,0.0,0.0,0.0,0.0,-818012.821477951,1369.34002204194,16284.6529738118,18363467.7439171,0.0,0.0,0.0,3730.0,465.0,1397.0,0.0,0.0,0.0,0.0,-818012.821477951,-818012.821477951,,,,,N/D,,,/clusteruy/home/mathiasr/generator-aware-row-scaling/results-revision/coverage-policy/full-1pct/resultados/instance044_estructurado_plano.csv,/clusteruy/home/mathiasr/generator-aware-row-scaling/results-revision/coverage-policy/full-1pct/resultados/instance044_estructurado_plano_postprocesado.csv,/clusteruy/home/mathiasr/generator-aware-row-scaling/results-revision/coverage-policy/full-1pct/logs/instance044_estructurado_plano.log
instance044.txt,estructurado_matricial,OK,0,14.318641715,0.912251484974788,-818012.8214779318,-818013.0,OPTIMAL,-825475.1555891484,1.0,24957.0,0.57,23763.0,16561.0,57555.0,21290.0,14920.0,54695.0,10.406935151285612,9.908821931042812,4.969159933976196,1,Model contains large bounds,1e-05,90000.0,0.0002,100.0,10.0,200000000.0,1.0,10000000000.0,,,,,43060000000000.0,21100000000000.0,1.0,1.0,0.033821354,,,,,,,,,,,,,,4451304.0,,,12.0,,,,12.0,,0.927371281492314,,,,,,,,OK,REVISAR,7.62939453125e-06,0.0,2.3283064365386963e-10,87326852.8524752,0.0,9.2302154961022e-09,2.41584530158434e-13,2.38418579101562e-07,2.42143869400024e-07,1.22552698755427e-14,470621.848130561,36.0480223568185,14694862.5405372,87326852.8524752,0.20277702987395,7.62939453125e-06,0.0,3.51294875144958e-06,0.0,0.0,0.0,1.0,0.0,3.0,0.0,0.0,0.0,0.0,-818012.821477932,104.494756636121,15707.5125904063,87326852.8524752,0.0,0.0,0.0,2553.0,362.0,1394.0,0.0,0.0,0.0,0.0,-818012.821477932,-818012.821477932,,,,,N/D,,,/clusteruy/home/mathiasr/generator-aware-row-scaling/results-revision/coverage-policy/full-1pct/resultados/instance044_estructurado_matricial.csv,/clusteruy/home/mathiasr/generator-aware-row-scaling/results-revision/coverage-policy/full-1pct/resultados/instance044_estructurado_matricial_postprocesado.csv,/clusteruy/home/mathiasr/generator-aware-row-scaling/results-revision/coverage-policy/full-1pct/logs/instance044_estructurado_matricial.log
instance044.txt,matricial_full,OK,0,14.728504759,0.912251484974674,-818012.8214779318,-818013.0,OPTIMAL,-825475.1555891475,1.0,25461.0,0.57,23763.0,16561.0,57555.0,21290.0,14920.0,54695.0,10.406935151285612,9.908821931042812,4.969159933976196,1,Model contains large bounds,1e-05,90000.0,0.0002,100.0,10.0,200000000.0,1.0,10000000000.0,,,,,43060000000000.0,21100000000000.0,1.0,1.0,0.033450399,,,,,,,,,,,,,,5242456.0,,,12.0,,,,12.0,,0.930283100966645,,,,,,,,OK,REVISAR,7.62939453125e-06,0.0,2.3283064365386963e-10,87326852.8524753,0.0,9.33209269286281e-09,1.45519152283669e-11,2.38418579101562e-07,2.47731804847717e-07,1.22552698755427e-14,470621.848130561,36.0480223568185,14694862.5405372,87326852.8524753,0.20277702987395,7.62939453125e-06,0.0,3.51294875144958e-06,0.0,0.0,0.0,1.0,0.0,3.0,0.0,0.0,0.0,0.0,-818012.821477932,104.494756636121,15707.5125904063,87326852.8524753,0.0,0.0,0.0,2553.0,362.0,1394.0,0.0,0.0,0.0,0.0,-818012.821477932,-818012.821477932,,,,,N/D,,,/clusteruy/home/mathiasr/generator-aware-row-scaling/results-revision/coverage-policy/full-1pct/resultados/instance044_matricial_full.csv,/clusteruy/home/mathiasr/generator-aware-row-scaling/results-revision/coverage-policy/full-1pct/resultados/instance044_matricial_full_postprocesado.csv,/clusteruy/home/mathiasr/generator-aware-row-scaling/results-revision/coverage-policy/full-1pct/logs/instance044_matricial_full.log
instance044.txt,matricial_plano,OK,0,14.016542903,0.912251484974674,-818012.8214779318,-818013.0,OPTIMAL,-825475.1555891475,1.0,25461.0,0.58,23763.0,16561.0,57555.0,21290.0,14920.0,54695.0,10.406935151285612,9.908821931042812,4.969159933976196,1,Model contains large bounds,1e-05,90000.0,0.0002,100.0,10.0,200000000.0,1.0,10000000000.0,,,,,43060000000000.0,21100000000000.0,0.0,0.0,0.020289982,,,,,,,,,,,,,,5242456.0,,,12.0,,,,12.0,,0.926678141778189,,,,,,,,OK,REVISAR,7.62939453125e-06,0.0,2.3283064365386963e-10,87326852.8524753,0.0,9.33209269286281e-09,1.45519152283669e-11,2.38418579101562e-07,2.47731804847717e-07,1.22552698755427e-14,470621.848130561,36.0480223568185,14694862.5405372,87326852.8524753,0.20277702987395,7.62939453125e-06,0.0,3.51294875144958e-06,0.0,0.0,0.0,1.0,0.0,3.0,0.0,0.0,0.0,0.0,-818012.821477932,104.494756636121,15707.5125904063,87326852.8524753,0.0,0.0,0.0,2553.0,362.0,1394.0,0.0,0.0,0.0,0.0,-818012.821477932,-818012.821477932,,,,,N/D,,,/clusteruy/home/mathiasr/generator-aware-row-scaling/results-revision/coverage-policy/full-1pct/resultados/instance044_matricial_plano.csv,/clusteruy/home/mathiasr/generator-aware-row-scaling/results-revision/coverage-policy/full-1pct/resultados/instance044_matricial_plano_postprocesado.csv,/clusteruy/home/mathiasr/generator-aware-row-scaling/results-revision/coverage-policy/full-1pct/logs/instance044_matricial_plano.log
instance045.txt,estructurado,OK,0,280.197849601,0.994442842963086,-731821.7164579143,-731822.0,OPTIMAL,-739099.2651404797,12839.0,1181954.0,0.61,23763.0,16561.0,57555.0,20420.0,14465.0,52560.0,14.068089045995876,12.656240565183262,8.67865519937451,1,Model contains large bounds,1e-05,100000.0,0.0002,100.0,0.4,4000000.0,1.0,10000000000.0,,,,,61680000000000.0,428700000000.0,1.0,1.5,0.033727447,,,,,,,,,,,,,,2985310.0,,,280.0,,0.0,14.0,280.0,,0.029388607071531,,,,,,,,OK,REVISAR,5.30853867530823e-06,0.0,3.4924596548080444e-10,35371998.4966844,0.0,8.62678621209157e-09,1.05604414102343e-13,2.31675803661348e-07,9.5367431640625e-07,1.68581211026418e-13,283190.761367176,4.75446156591265,13577301.1640004,35371998.4966844,0.304936626380828,1.81330506165978e-11,0.0,5.30853867530823e-06,0.0,0.0,0.0,0.0,0.0,10.0,0.0,0.0,0.0,0.0,-731821.716457914,38.7522884130856,435.099655410741,35371998.4966844,0.0,0.0,0.0,2506.0,46.0,1420.0,0.0,0.0,0.0,0.0,-731821.716457914,-731821.716457914,,,,,N/D,,,/clusteruy/home/mathiasr/generator-aware-row-scaling/results-revision/coverage-policy/full-1pct/resultados/instance045_estructurado.csv,/clusteruy/home/mathiasr/generator-aware-row-scaling/results-revision/coverage-policy/full-1pct/resultados/instance045_estructurado_postprocesado.csv,/clusteruy/home/mathiasr/generator-aware-row-scaling/results-revision/coverage-policy/full-1pct/logs/instance045_estructurado.log
instance045.txt,estructurado_full,OK,0,315.308158596,0.9817174253367,-731712.7048056159,-731713.0,OPTIMAL,-738896.0559320952,13631.0,1412008.0,0.63,23763.0,16561.0,57555.0,20420.0,14465.0,52560.0,14.068089045995876,12.656240565183262,8.67865519937451,1,Model contains large bounds,1e-05,100000.0,0.0002,100.0,0.4,90000.0,1.0,10000000000.0,,,,,61680000000000.0,10680000000.0,1.0,1.5,0.034792722,,,,,,,,,,,,,,5691602.0,,,328.0,,0.0,14.0,328.0,,0.03104488049842,,,,,,,,OK,REVISAR,4.64171171188354e-06,0.0,1.1641532182693481e-10,7245099.27931363,0.0,8.76951763053621e-09,1.84741111297626e-13,2.30967998504639e-07,9.5367431640625e-07,7.86579166162467e-14,52816.8845892305,7.29811203373173,2007712.07867126,7245099.27931363,0.999999999999966,9.5367431640625e-07,0.0,4.64171171188354e-06,0.0,0.0,0.0,0.0,0.0,15.0,0.0,0.0,0.0,0.0,-731712.704805616,1196.15920905067,1110.58435563254,7245099.27931363,0.0,0.0,0.0,3695.0,226.0,1413.0,0.0,0.0,0.0,0.0,-731712.704805616,-731712.704805616,,,,,N/D,,,/clusteruy/home/mathiasr/generator-aware-row-scaling/results-revision/coverage-policy/full-1pct/resultados/instance045_estructurado_full.csv,/clusteruy/home/mathiasr/generator-aware-row-scaling/results-revision/coverage-policy/full-1pct/resultados/instance045_estructurado_full_postprocesado.csv,/clusteruy/home/mathiasr/generator-aware-row-scaling/results-revision/coverage-policy/full-1pct/logs/instance045_estructurado_full.log
instance045.txt,estructurado_plano,OK,0,316.454496177,0.9817174253367,-731712.7048056159,-731713.0,OPTIMAL,-738896.0559320952,13631.0,1412008.0,0.6,23763.0,16561.0,57555.0,20420.0,14465.0,52560.0,14.068089045995876,12.656240565183262,8.67865519937451,1,Model contains large bounds,1e-05,100000.0,0.0002,100.0,0.4,90000.0,1.0,10000000000.0,,,,,61680000000000.0,10680000000.0,0.0,0.0,0.017315053,,,,,,,,,,,,,,5691602.0,,,328.0,,0.0,14.0,328.0,,0.030467205332063,,,,,,,,OK,REVISAR,4.64171171188354e-06,0.0,1.1641532182693481e-10,7245099.27931363,0.0,8.76951763053621e-09,1.84741111297626e-13,2.30967998504639e-07,9.5367431640625e-07,7.86579166162467e-14,52816.8845892305,7.29811203373173,2007712.07867126,7245099.27931363,0.999999999999966,9.5367431640625e-07,0.0,4.64171171188354e-06,0.0,0.0,0.0,0.0,0.0,15.0,0.0,0.0,0.0,0.0,-731712.704805616,1196.15920905067,1110.58435563254,7245099.27931363,0.0,0.0,0.0,3695.0,226.0,1413.0,0.0,0.0,0.0,0.0,-731712.704805616,-731712.704805616,,,,,N/D,,,/clusteruy/home/mathiasr/generator-aware-row-scaling/results-revision/coverage-policy/full-1pct/resultados/instance045_estructurado_plano.csv,/clusteruy/home/mathiasr/generator-aware-row-scaling/results-revision/coverage-policy/full-1pct/resultados/instance045_estructurado_plano_postprocesado.csv,/clusteruy/home/mathiasr/generator-aware-row-scaling/results-revision/coverage-policy/full-1pct/logs/instance045_estructurado_plano.log
instance045.txt,estructurado_matricial,OK,0,281.945594751,0.996608181067556,-731379.4194699668,-731379.0,OPTIMAL,-738668.4065990489,4998.0,972273.0,0.58,23763.0,16561.0,57555.0,20419.0,14464.0,52577.0,14.072297268863359,12.662278847895658,8.649118234731995,1,Model contains large bounds,1e-05,100000.0,0.0002,100.0,0.1,200000000.0,1.0,10000000000.0,,,,,61680000000000.0,24580000000000.0,1.0,1.0,0.033800809,,,,,,,,,,,,,,9483270.0,,,262.0,,0.0,13.0,262.0,,0.028427449378778,,,,,,,,REVISAR,REVISAR,0.000524485483765602,0.0,2.3283064365386963e-10,37387555.1913063,0.0,5.69136127085648e-08,1.2732925824821e-11,2.34954059123999e-07,5.34169375896454e-05,3.76355590663368e-10,302787.800770567,5.14067344475423,13701846.3362459,37387555.1913063,0.304448476076334,2.40802764892578e-05,0.0,0.000524485483765602,5.37804604645384e-07,9.52937170950463e-07,0.0,4.0,0.0,66.0,0.0,0.0,0.0,0.0,-731379.419469967,39.2159178530119,342.878639594885,37387555.1913063,5.37804604645384e-07,9.52937170950463e-07,0.0,2527.0,31.0,1423.0,0.0,0.0,0.0,0.0,-731379.419469967,-731379.419469967,,,,,N/D,,,/clusteruy/home/mathiasr/generator-aware-row-scaling/results-revision/coverage-policy/full-1pct/resultados/instance045_estructurado_matricial.csv,/clusteruy/home/mathiasr/generator-aware-row-scaling/results-revision/coverage-policy/full-1pct/resultados/instance045_estructurado_matricial_postprocesado.csv,/clusteruy/home/mathiasr/generator-aware-row-scaling/results-revision/coverage-policy/full-1pct/logs/instance045_estructurado_matricial.log
instance045.txt,matricial_full,OK,0,348.819587771,0.98168268275787,-731378.3727637136,-731378.0,OPTIMAL,-738558.1875945713,7349.0,1259487.0,0.62,23763.0,16561.0,57555.0,20419.0,14464.0,52577.0,14.072297268863359,12.662278847895658,8.649118234731995,1,Model contains large bounds,1e-05,100000.0,0.0002,100.0,0.1,200000000.0,1.0,10000000000.0,,,,,61680000000000.0,24580000000000.0,1.0,1.0,0.035009266,,,,,,,,,,,,,,11240263.0,,,341.0,,0.0,14.0,341.0,,0.025378893007986,,,,,,,,OK,REVISAR,4.67300415039062e-05,0.0,4.656612873077393e-10,34542976.4722163,0.0,1.07916844719425e-08,4.85158579976993e-12,1.84401869773865e-07,1.07772648334503e-05,1.41583489678947e-10,292532.602407666,5.13714850919533,13707334.2328196,34542976.4722163,0.304003246562849,9.5367431640625e-07,0.0,4.67300415039062e-05,1.11796285655763e-07,3.13906070914527e-07,0.0,0.0,0.0,24.0,0.0,0.0,0.0,0.0,-731378.372763714,39.2301833741895,335.18785563967,34542976.4722163,1.11796285655763e-07,3.13906070914527e-07,0.0,2536.0,31.0,1412.0,0.0,0.0,0.0,0.0,-731378.372763714,-731378.372763714,,,,,N/D,,,/clusteruy/home/mathiasr/generator-aware-row-scaling/results-revision/coverage-policy/full-1pct/resultados/instance045_matricial_full.csv,/clusteruy/home/mathiasr/generator-aware-row-scaling/results-revision/coverage-policy/full-1pct/resultados/instance045_matricial_full_postprocesado.csv,/clusteruy/home/mathiasr/generator-aware-row-scaling/results-revision/coverage-policy/full-1pct/logs/instance045_matricial_full.log
instance045.txt,matricial_plano,OK,0,349.215838254,0.98168268275787,-731378.3727637136,-731378.0,OPTIMAL,-738558.1875945713,7349.0,1259487.0,0.59,23763.0,16561.0,57555.0,20419.0,14464.0,52577.0,14.072297268863359,12.662278847895658,8.649118234731995,1,Model contains large bounds,1e-05,100000.0,0.0002,100.0,0.1,200000000.0,1.0,10000000000.0,,,,,61680000000000.0,24580000000000.0,0.0,0.0,0.017791465,,,,,,,,,,,,,,11240263.0,,,341.0,,0.0,14.0,341.0,,0.025024906291376,,,,,,,,OK,REVISAR,4.67300415039062e-05,0.0,4.656612873077393e-10,34542976.4722163,0.0,1.07916844719425e-08,4.85158579976993e-12,1.84401869773865e-07,1.07772648334503e-05,1.41583489678947e-10,292532.602407666,5.13714850919533,13707334.2328196,34542976.4722163,0.304003246562849,9.5367431640625e-07,0.0,4.67300415039062e-05,1.11796285655763e-07,3.13906070914527e-07,0.0,0.0,0.0,24.0,0.0,0.0,0.0,0.0,-731378.372763714,39.2301833741895,335.18785563967,34542976.4722163,1.11796285655763e-07,3.13906070914527e-07,0.0,2536.0,31.0,1412.0,0.0,0.0,0.0,0.0,-731378.372763714,-731378.372763714,,,,,N/D,,,/clusteruy/home/mathiasr/generator-aware-row-scaling/results-revision/coverage-policy/full-1pct/resultados/instance045_matricial_plano.csv,/clusteruy/home/mathiasr/generator-aware-row-scaling/results-revision/coverage-policy/full-1pct/resultados/instance045_matricial_plano_postprocesado.csv,/clusteruy/home/mathiasr/generator-aware-row-scaling/results-revision/coverage-policy/full-1pct/logs/instance045_matricial_plano.log
instance046.txt,estructurado,OK,0,401.837388945,0.995561896429144,-743078.9792553182,-743079.0,OPTIMAL,-750476.7904331587,3814.0,900118.0,0.54,23763.0,16561.0,57555.0,20065.0,14507.0,51524.0,15.562008163952363,12.402632691262605,10.478672574059596,1,Model contains large bounds,9e-06,100000.0,0.0002,100.0,0.4,3000000.0,1.0,10000000000.0,,,,,48450000000000.0,331600000000.0,1.0,1.5,0.030456317,,,,,,,,,,,,,,10451639.0,,,431.0,,0.0,17.0,431.0,,0.021388002283253,,,,,,,,REVISAR,REVISAR,0.000278294057352468,0.0,2.3283064365386963e-10,73685339.2744286,0.0,5.66335658102659e-08,2.91038304567337e-11,3.73930670320995e-07,3.004539757967e-05,5.15366495148937e-09,233243.286834427,5.40524350380333,7163530.25906025,73685339.2744286,1.0,5.33075944986194e-06,4.65661287307739e-10,0.000278294057352468,9.02458447698876e-07,0.0,0.0,7.0,0.0,131.0,0.0,0.0,0.0,0.0,-743078.979255318,67.4010214171643,7566.47097310881,73685339.2744286,9.02458447698876e-07,0.0,0.0,1845.0,340.0,1124.0,0.0,0.0,0.0,0.0,-743078.979255318,-743078.979255318,,,,,N/D,,,/clusteruy/home/mathiasr/generator-aware-row-scaling/results-revision/coverage-policy/full-1pct/resultados/instance046_estructurado.csv,/clusteruy/home/mathiasr/generator-aware-row-scaling/results-revision/coverage-policy/full-1pct/resultados/instance046_estructurado_postprocesado.csv,/clusteruy/home/mathiasr/generator-aware-row-scaling/results-revision/coverage-policy/full-1pct/logs/instance046_estructurado.log
instance046.txt,estructurado_full,OK,0,438.247249574,0.858933385635145,-744130.5508109875,-744131.0,OPTIMAL,-750522.1365446137,9462.0,1911445.0,0.62,23763.0,16561.0,57555.0,20065.0,14507.0,51524.0,15.562008163952363,12.402632691262605,10.478672574059596,1,Model contains large bounds,9e-06,100000.0,0.0002,100.0,0.4,90000.0,1.0,10000000000.0,,,,,48450000000000.0,12490000000.0,1.0,1.5,0.037978643,,,,,,,,,,,,,,13734344.0,,,474.0,,0.0,19.0,474.0,,0.027705652020624,,,,,,,,OK,REVISAR,4.70131635665894e-06,0.0,4.656612873077393e-10,11011827.4174814,0.0,7.74181642152953e-09,1.10134124042816e-13,2.0744744688273e-07,3.57627868652344e-07,3.75624349302563e-13,57748.1508653695,11.4922077599895,2502831.94555124,11011827.4174814,1.0,1.45519152283669e-11,0.0,4.70131635665894e-06,0.0,0.0,0.0,0.0,0.0,11.0,0.0,0.0,0.0,0.0,-744130.550810987,951.814094465808,7826.33384191111,11011827.4174814,0.0,0.0,0.0,2831.0,466.0,1017.0,0.0,0.0,0.0,0.0,-744130.550810987,-744130.550810987,,,,,N/D,,,/clusteruy/home/mathiasr/generator-aware-row-scaling/results-revision/coverage-policy/full-1pct/resultados/instance046_estructurado_full.csv,/clusteruy/home/mathiasr/generator-aware-row-scaling/results-revision/coverage-policy/full-1pct/resultados/instance046_estructurado_full_postprocesado.csv,/clusteruy/home/mathiasr/generator-aware-row-scaling/results-revision/coverage-policy/full-1pct/logs/instance046_estructurado_full.log
instance046.txt,estructurado_plano,OK,0,434.198537408,0.858933385635145,-744130.5508109875,-744131.0,OPTIMAL,-750522.1365446137,9462.0,1911445.0,0.54,23763.0,16561.0,57555.0,20065.0,14507.0,51524.0,15.562008163952363,12.402632691262605,10.478672574059596,1,Model contains large bounds,9e-06,100000.0,0.0002,100.0,0.4,90000.0,1.0,10000000000.0,,,,,48450000000000.0,12490000000.0,0.0,0.0,0.017108019,,,,,,,,,,,,,,13734344.0,,,474.0,,0.0,17.0,474.0,,0.024017473954165,,,,,,,,OK,REVISAR,4.70131635665894e-06,0.0,4.656612873077393e-10,11011827.4174814,0.0,7.74181642152953e-09,1.10134124042816e-13,2.0744744688273e-07,3.57627868652344e-07,3.75624349302563e-13,57748.1508653695,11.4922077599895,2502831.94555124,11011827.4174814,1.0,1.45519152283669e-11,0.0,4.70131635665894e-06,0.0,0.0,0.0,0.0,0.0,11.0,0.0,0.0,0.0,0.0,-744130.550810987,951.814094465808,7826.33384191111,11011827.4174814,0.0,0.0,0.0,2831.0,466.0,1017.0,0.0,0.0,0.0,0.0,-744130.550810987,-744130.550810987,,,,,N/D,,,/clusteruy/home/mathiasr/generator-aware-row-scaling/results-revision/coverage-policy/full-1pct/resultados/instance046_estructurado_plano.csv,/clusteruy/home/mathiasr/generator-aware-row-scaling/results-revision/coverage-policy/full-1pct/resultados/instance046_estructurado_plano_postprocesado.csv,/clusteruy/home/mathiasr/generator-aware-row-scaling/results-revision/coverage-policy/full-1pct/logs/instance046_estructurado_plano.log
instance046.txt,estructurado_matricial,OK,0,186.393823314,0.933477443831594,-743923.1519737241,-743923.0,OPTIMAL,-750867.5067968399,2520.0,599600.0,0.58,23763.0,16561.0,57555.0,20084.0,14506.0,51758.0,15.482051929470185,12.408670973975001,10.072104943097907,1,Model contains large bounds,9e-06,100000.0,0.0002,100.0,0.1,300000000.0,1.0,10000000000.0,,,,,48450000000000.0,28560000000000.0,1.0,1.0,0.035362357,,,,,,,,,,,,,,16553986.0,,,198.0,,0.0,19.0,198.0,,0.046194187085615,,,,,,,,REVISAR,REVISAR,0.000174270942807198,0.0,1.1641532182693481e-10,74924541.9110345,0.0,1.2684174036875e-08,1.13686837721616e-13,1.47148966789246e-07,0.000174270942807198,1.64259953125178e-13,265259.217796937,6.7838229992879,7667962.30232668,74924541.9110345,1.0,1.81898940354586e-11,4.65661287307739e-10,0.000174270942807198,0.0,0.0,0.0,0.0,0.0,5.0,0.0,0.0,0.0,0.0,-743923.151973724,67.4010214171644,7566.47097310872,74924541.9110345,0.0,0.0,0.0,1926.0,361.0,1037.0,0.0,0.0,0.0,0.0,-743923.151973724,-743923.151973724,,,,,N/D,,,/clusteruy/home/mathiasr/generator-aware-row-scaling/results-revision/coverage-policy/full-1pct/resultados/instance046_estructurado_matricial.csv,/clusteruy/home/mathiasr/generator-aware-row-scaling/results-revision/coverage-policy/full-1pct/resultados/instance046_estructurado_matricial_postprocesado.csv,/clusteruy/home/mathiasr/generator-aware-row-scaling/results-revision/coverage-policy/full-1pct/logs/instance046_estructurado_matricial.log
instance046.txt,matricial_full,OK,0,494.393196219,0.986948701627339,-742739.187777261,-742739.0,OPTIMAL,-750069.6425475061,13536.0,3438635.0,0.6,23763.0,16561.0,57555.0,20084.0,14506.0,51758.0,15.482051929470185,12.408670973975001,10.072104943097907,1,Model contains large bounds,9e-06,100000.0,0.0002,100.0,0.1,300000000.0,1.0,10000000000.0,,,,,48450000000000.0,28560000000000.0,1.0,1.0,0.042531751,,,,,,,,,,,,,,32647242.0,,,593.0,,0.0,17.0,593.0,,0.026893149289143,,,,,,,,OK,REVISAR,1.23272184282541e-06,0.0,0.0,72353832.1527736,0.0,5.22309959331324e-09,1.66089364483923e-13,1.4642719179392e-07,4.13507223129272e-07,2.4323779053777e-13,231247.238151249,5.89081060574185,7224686.88599424,72353832.1527736,1.0,2.38418579101562e-07,0.0,1.23272184282541e-06,0.0,0.0,0.0,0.0,0.0,5.0,0.0,0.0,0.0,0.0,-742739.187777261,67.4010214171644,7563.19331730611,72353832.1527736,0.0,0.0,0.0,1815.0,345.0,1045.0,0.0,0.0,0.0,0.0,-742739.187777261,-742739.187777261,,,,,N/D,,,/clusteruy/home/mathiasr/generator-aware-row-scaling/results-revision/coverage-policy/full-1pct/resultados/instance046_matricial_full.csv,/clusteruy/home/mathiasr/generator-aware-row-scaling/results-revision/coverage-policy/full-1pct/resultados/instance046_matricial_full_postprocesado.csv,/clusteruy/home/mathiasr/generator-aware-row-scaling/results-revision/coverage-policy/full-1pct/logs/instance046_matricial_full.log
instance046.txt,matricial_plano,OK,0,495.792556539,0.986948701627339,-742739.187777261,-742739.0,OPTIMAL,-750069.6425475061,13536.0,3438635.0,0.54,23763.0,16561.0,57555.0,20084.0,14506.0,51758.0,15.482051929470185,12.408670973975001,10.072104943097907,1,Model contains large bounds,9e-06,100000.0,0.0002,100.0,0.1,300000000.0,1.0,10000000000.0,,,,,48450000000000.0,28560000000000.0,0.0,0.0,0.017318525,,,,,,,,,,,,,,32647242.0,,,593.0,,0.0,17.0,593.0,,0.026482049674816,,,,,,,,OK,REVISAR,1.23272184282541e-06,0.0,0.0,72353832.1527736,0.0,5.22309959331324e-09,1.66089364483923e-13,1.4642719179392e-07,4.13507223129272e-07,2.4323779053777e-13,231247.238151249,5.89081060574185,7224686.88599424,72353832.1527736,1.0,2.38418579101562e-07,0.0,1.23272184282541e-06,0.0,0.0,0.0,0.0,0.0,5.0,0.0,0.0,0.0,0.0,-742739.187777261,67.4010214171644,7563.19331730611,72353832.1527736,0.0,0.0,0.0,1815.0,345.0,1045.0,0.0,0.0,0.0,0.0,-742739.187777261,-742739.187777261,,,,,N/D,,,/clusteruy/home/mathiasr/generator-aware-row-scaling/results-revision/coverage-policy/full-1pct/resultados/instance046_matricial_plano.csv,/clusteruy/home/mathiasr/generator-aware-row-scaling/results-revision/coverage-policy/full-1pct/resultados/instance046_matricial_plano_postprocesado.csv,/clusteruy/home/mathiasr/generator-aware-row-scaling/results-revision/coverage-policy/full-1pct/logs/instance046_matricial_plano.log
instance047.txt,estructurado,OK,0,220.485467152,0.636480429517023,-670837.8852548846,-670838.0,OPTIMAL,-675107.6371083178,2340.0,740866.0,0.56,23763.0,16561.0,57555.0,19547.0,14258.0,51030.0,17.74186760930859,13.906165086649358,11.336982017200938,1,Model contains large bounds,8e-06,100000.0,0.0002,100.0,0.5,1000000.0,1.0,10000000000.0,,,,,43780000000000.0,175400000000.0,1.0,1.5,0.033140784,,,,,,,,,,,,,,7361858.0,,,234.0,,0.0,35.0,234.0,,0.035179419905756,,,,,,,,OK,REVISAR,1.96602195501328e-06,0.0,3.4924596548080444e-10,58301467.0871969,0.0,5.2201647660088e-09,4.88498130835069e-14,1.43423676490784e-07,1.25879887491465e-06,4.06149697432558e-13,333690.375783204,5.96864394499413,6607678.69934763,58301467.0871969,1.0,1.19209289550781e-07,0.0,1.96602195501328e-06,0.0,0.0,0.0,0.0,0.0,10.0,0.0,0.0,0.0,0.0,-670837.885254885,339.80390303467,7543.9179811264,58301467.0871969,0.0,0.0,0.0,1648.0,392.0,947.0,0.0,0.0,0.0,0.0,-670837.885254885,-670837.885254885,,,,,N/D,,,/clusteruy/home/mathiasr/generator-aware-row-scaling/results-revision/coverage-policy/full-1pct/resultados/instance047_estructurado.csv,/clusteruy/home/mathiasr/generator-aware-row-scaling/results-revision/coverage-policy/full-1pct/resultados/instance047_estructurado_postprocesado.csv,/clusteruy/home/mathiasr/generator-aware-row-scaling/results-revision/coverage-policy/full-1pct/logs/instance047_estructurado.log
instance047.txt,estructurado_full,OK,0,214.638141335,0.620186951310018,-670528.340845462,-670528.0,OPTIMAL,-674686.8701202212,2178.0,1184110.0,0.55,23763.0,16561.0,57555.0,19547.0,14258.0,51030.0,17.74186760930859,13.906165086649358,11.336982017200938,1,Model contains large bounds,8e-06,100000.0,0.0002,100.0,0.5,100000.0,1.0,10000000000.0,,,,,43780000000000.0,13990000000.0,1.0,1.5,0.03316687,,,,,,,,,,,,,,18539111.0,,,225.0,,0.0,41.0,225.0,,0.031971591150938,,,,,,,,OK,REVISAR,3.814697265625e-06,0.0,0.0,8194545.4911808,0.0,5.0165117041364e-09,8.5265128291212e-14,1.19214819278568e-07,1.9073486328125e-06,2.90396510608839e-12,51557.4403699872,8.63885722868015,899552.451221697,8194545.4911808,1.0,3.57627868652344e-07,0.0,3.814697265625e-06,0.0,0.0,0.0,0.0,0.0,7.0,0.0,0.0,0.0,0.0,-670528.340845462,364.036272132766,8144.64410716429,8194545.4911808,0.0,0.0,0.0,2046.0,470.0,945.0,0.0,0.0,0.0,0.0,-670528.340845462,-670528.340845462,,,,,N/D,,,/clusteruy/home/mathiasr/generator-aware-row-scaling/results-revision/coverage-policy/full-1pct/resultados/instance047_estructurado_full.csv,/clusteruy/home/mathiasr/generator-aware-row-scaling/results-revision/coverage-policy/full-1pct/resultados/instance047_estructurado_full_postprocesado.csv,/clusteruy/home/mathiasr/generator-aware-row-scaling/results-revision/coverage-policy/full-1pct/logs/instance047_estructurado_full.log
instance047.txt,estructurado_plano,OK,0,214.741034407,0.620186951310018,-670528.340845462,-670528.0,OPTIMAL,-674686.8701202212,2178.0,1184110.0,0.55,23763.0,16561.0,57555.0,19547.0,14258.0,51030.0,17.74186760930859,13.906165086649358,11.336982017200938,1,Model contains large bounds,8e-06,100000.0,0.0002,100.0,0.5,100000.0,1.0,10000000000.0,,,,,43780000000000.0,13990000000.0,0.0,0.0,0.017593828,,,,,,,,,,,,,,18539111.0,,,225.0,,0.0,41.0,225.0,,0.032032770739048,,,,,,,,OK,REVISAR,3.814697265625e-06,0.0,0.0,8194545.4911808,0.0,5.0165117041364e-09,8.5265128291212e-14,1.19214819278568e-07,1.9073486328125e-06,2.90396510608839e-12,51557.4403699872,8.63885722868015,899552.451221697,8194545.4911808,1.0,3.57627868652344e-07,0.0,3.814697265625e-06,0.0,0.0,0.0,0.0,0.0,7.0,0.0,0.0,0.0,0.0,-670528.340845462,364.036272132766,8144.64410716429,8194545.4911808,0.0,0.0,0.0,2046.0,470.0,945.0,0.0,0.0,0.0,0.0,-670528.340845462,-670528.340845462,,,,,N/D,,,/clusteruy/home/mathiasr/generator-aware-row-scaling/results-revision/coverage-policy/full-1pct/resultados/instance047_estructurado_plano.csv,/clusteruy/home/mathiasr/generator-aware-row-scaling/results-revision/coverage-policy/full-1pct/resultados/instance047_estructurado_plano_postprocesado.csv,/clusteruy/home/mathiasr/generator-aware-row-scaling/results-revision/coverage-policy/full-1pct/logs/instance047_estructurado_plano.log
instance047.txt,estructurado_matricial,OK,0,306.753176954,0.729573208816556,-669813.4979970388,-669813.0,OPTIMAL,-674700.2778274622,2775.0,1093684.0,0.58,23763.0,16561.0,57555.0,19576.0,14264.0,51339.0,17.61982914615158,13.869935390374977,10.800104248110504,1,Model contains large bounds,8e-06,100000.0,0.0002,100.0,0.2,300000000.0,1.0,10000000000.0,,,,,43780000000000.0,31180000000000.0,1.0,1.0,0.034103988,,,,,,,,,,,,,,17098725.0,,,366.0,,0.0,39.0,366.0,,0.030407823425465,,,,,,,,OK,REVISAR,1.08405947685242e-06,0.0,2.3283064365386963e-10,58308866.2092569,0.0,2.97808290185397e-09,3.5527136788005e-14,1.06170773506165e-07,9.5367431640625e-07,2.97937573989843e-13,238851.461832355,7.87351278999259,5757516.56844295,58308866.2092569,1.0,7.27595761418343e-12,0.0,1.08405947685242e-06,0.0,0.0,0.0,0.0,0.0,2.0,0.0,0.0,0.0,0.0,-669813.497997039,339.528535204008,7543.9179811264,58308866.2092569,0.0,0.0,0.0,1510.0,386.0,934.0,0.0,0.0,0.0,0.0,-669813.497997039,-669813.497997039,,,,,N/D,,,/clusteruy/home/mathiasr/generator-aware-row-scaling/results-revision/coverage-policy/full-1pct/resultados/instance047_estructurado_matricial.csv,/clusteruy/home/mathiasr/generator-aware-row-scaling/results-revision/coverage-policy/full-1pct/resultados/instance047_estructurado_matricial_postprocesado.csv,/clusteruy/home/mathiasr/generator-aware-row-scaling/results-revision/coverage-policy/full-1pct/logs/instance047_estructurado_matricial.log
instance047.txt,matricial_full,OK,0,33.328631107,0.825292880962468,-670287.1813867204,-670287.0,OPTIMAL,-675819.013776709,1.0,36891.0,0.57,23763.0,16561.0,57555.0,19576.0,14264.0,51339.0,17.61982914615158,13.869935390374977,10.800104248110504,1,Model contains large bounds,8e-06,100000.0,0.0002,100.0,0.2,300000000.0,1.0,10000000000.0,,,,,43780000000000.0,31180000000000.0,1.0,1.0,0.034701154,,,,,,,,,,,,,,61017886.0,,,25.0,,0.0,31.0,25.0,,0.158528296481713,,,,,,,,OK,REVISAR,1.11198169179261e-05,0.0,3.4924596548080444e-10,57690606.970146,0.0,4.05798764530932e-09,3.46389583683049e-14,1.14175491034985e-07,1.13807618618011e-06,2.26019563709096e-12,272632.968989288,5.53582696637304,7597908.76744177,57690606.970146,1.0,7.27595761418343e-12,0.0,1.11198169179261e-05,0.0,0.0,0.0,0.0,0.0,3.0,0.0,0.0,0.0,0.0,-670287.18138672,266.556060079041,7683.07642408391,57690606.970146,0.0,0.0,0.0,1363.0,374.0,948.0,0.0,0.0,0.0,0.0,-670287.18138672,-670287.18138672,,,,,N/D,,,/clusteruy/home/mathiasr/generator-aware-row-scaling/results-revision/coverage-policy/full-1pct/resultados/instance047_matricial_full.csv,/clusteruy/home/mathiasr/generator-aware-row-scaling/results-revision/coverage-policy/full-1pct/resultados/instance047_matricial_full_postprocesado.csv,/clusteruy/home/mathiasr/generator-aware-row-scaling/results-revision/coverage-policy/full-1pct/logs/instance047_matricial_full.log
instance047.txt,matricial_plano,OK,0,33.399958074,0.825292880962468,-670287.1813867204,-670287.0,OPTIMAL,-675819.013776709,1.0,36891.0,0.56,23763.0,16561.0,57555.0,19576.0,14264.0,51339.0,17.61982914615158,13.869935390374977,10.800104248110504,1,Model contains large bounds,8e-06,100000.0,0.0002,100.0,0.2,300000000.0,1.0,10000000000.0,,,,,43780000000000.0,31180000000000.0,0.0,0.0,0.017381874,,,,,,,,,,,,,,61017886.0,,,25.0,,0.0,32.0,25.0,,0.158381026467393,,,,,,,,OK,REVISAR,1.11198169179261e-05,0.0,3.4924596548080444e-10,57690606.970146,0.0,4.05798764530932e-09,3.46389583683049e-14,1.14175491034985e-07,1.13807618618011e-06,2.26019563709096e-12,272632.968989288,5.53582696637304,7597908.76744177,57690606.970146,1.0,7.27595761418343e-12,0.0,1.11198169179261e-05,0.0,0.0,0.0,0.0,0.0,3.0,0.0,0.0,0.0,0.0,-670287.18138672,266.556060079041,7683.07642408391,57690606.970146,0.0,0.0,0.0,1363.0,374.0,948.0,0.0,0.0,0.0,0.0,-670287.18138672,-670287.18138672,,,,,N/D,,,/clusteruy/home/mathiasr/generator-aware-row-scaling/results-revision/coverage-policy/full-1pct/resultados/instance047_matricial_plano.csv,/clusteruy/home/mathiasr/generator-aware-row-scaling/results-revision/coverage-policy/full-1pct/resultados/instance047_matricial_plano_postprocesado.csv,/clusteruy/home/mathiasr/generator-aware-row-scaling/results-revision/coverage-policy/full-1pct/logs/instance047_matricial_plano.log
instance048.txt,estructurado,OK,0,306.820174444,0.832711089905441,-1015500.1033638058,-1015500.0,OPTIMAL,-1023956.2853425174,7120.0,1913923.0,0.55,23763.0,16561.0,57555.0,19433.0,14238.0,50146.0,18.221605016201657,14.026930740897289,12.872904178611762,1,Model contains large bounds,8e-06,100000.0,0.0004,100.0,0.4,2000000.0,1.0,10000000000.0,,,,,35710000000000.0,290100000000.0,1.0,1.5,0.033002001,,,,,,,,,,,,,,3203672.0,,,344.0,,0.0,17.0,344.0,,0.02317018607945,,,,,,,,OK,REVISAR,5.96977770328522e-06,0.0,4.190951585769653e-09,94731805.3098336,0.0,4.57493669289361e-09,7.105427357601e-14,1.04838982224466e-07,5.42029738426208e-06,9.33670189043628e-12,447871.208170757,1.50074715833842,6996842.5499124,94731805.3098336,1.0,2.98023223876953e-06,0.0,5.96977770328522e-06,0.0,0.0,0.0,1.0,0.0,10.0,0.0,0.0,0.0,0.0,-1015500.10336381,833.099942114197,7438.3420281428,94731805.3098336,0.0,0.0,0.0,1103.0,250.0,991.0,0.0,0.0,0.0,0.0,-1015500.10336381,-1015500.10336381,,,,,N/D,,,/clusteruy/home/mathiasr/generator-aware-row-scaling/results-revision/coverage-policy/full-1pct/resultados/instance048_estructurado.csv,/clusteruy/home/mathiasr/generator-aware-row-scaling/results-revision/coverage-policy/full-1pct/resultados/instance048_estructurado_postprocesado.csv,/clusteruy/home/mathiasr/generator-aware-row-scaling/results-revision/coverage-policy/full-1pct/logs/instance048_estructurado.log
instance048.txt,estructurado_full,OK,0,166.020133274,0.945436352737062,-1013197.6644548182,-1013200.0,OPTIMAL,-1022776.803499657,3143.0,867830.0,0.55,23763.0,16561.0,57555.0,19433.0,14238.0,50146.0,18.221605016201657,14.026930740897289,12.872904178611762,1,Model contains large bounds,8e-06,100000.0,0.0004,100.0,0.4,100000.0,1.0,10000000000.0,,,,,35710000000000.0,14160000000.0,1.0,1.5,0.032813451,,,,,,,,,,,,,,12887550.0,,,181.0,,0.0,18.0,181.0,,0.039327675565154,,,,,,,,OK,REVISAR,1.65700912475586e-05,0.0,1.7462298274040222e-09,14757376.4486868,0.0,4.93038718018334e-09,4.9737991503207e-14,1.11758708953857e-07,1.08650419861078e-06,6.21079829054392e-14,84664.6171476375,5.56376615649271,867521.249916222,14757376.4486868,1.0,1.65700912475586e-05,9.31322574615479e-10,2.18674540519714e-06,0.0,0.0,0.0,1.0,0.0,6.0,0.0,0.0,0.0,0.0,-1013197.66445482,582.175681910834,7755.20455962169,14757376.4486868,0.0,0.0,0.0,1563.0,399.0,993.0,0.0,0.0,0.0,0.0,-1013197.66445482,-1013197.66445482,,,,,N/D,,,/clusteruy/home/mathiasr/generator-aware-row-scaling/results-revision/coverage-policy/full-1pct/resultados/instance048_estructurado_full.csv,/clusteruy/home/mathiasr/generator-aware-row-scaling/results-revision/coverage-policy/full-1pct/resultados/instance048_estructurado_full_postprocesado.csv,/clusteruy/home/mathiasr/generator-aware-row-scaling/results-revision/coverage-policy/full-1pct/logs/instance048_estructurado_full.log
instance048.txt,estructurado_plano,OK,0,166.481896597,0.945436352737062,-1013197.6644548182,-1013200.0,OPTIMAL,-1022776.803499657,3143.0,867830.0,0.57,23763.0,16561.0,57555.0,19433.0,14238.0,50146.0,18.221605016201657,14.026930740897289,12.872904178611762,1,Model contains large bounds,8e-06,100000.0,0.0004,100.0,0.4,100000.0,1.0,10000000000.0,,,,,35710000000000.0,14160000000.0,0.0,0.0,0.0199832,,,,,,,,,,,,,,12887550.0,,,181.0,,0.0,19.0,181.0,,0.040494061328414,,,,,,,,OK,REVISAR,1.65700912475586e-05,0.0,1.7462298274040222e-09,14757376.4486868,0.0,4.93038718018334e-09,4.9737991503207e-14,1.11758708953857e-07,1.08650419861078e-06,6.21079829054392e-14,84664.6171476375,5.56376615649271,867521.249916222,14757376.4486868,1.0,1.65700912475586e-05,9.31322574615479e-10,2.18674540519714e-06,0.0,0.0,0.0,1.0,0.0,6.0,0.0,0.0,0.0,0.0,-1013197.66445482,582.175681910834,7755.20455962169,14757376.4486868,0.0,0.0,0.0,1563.0,399.0,993.0,0.0,0.0,0.0,0.0,-1013197.66445482,-1013197.66445482,,,,,N/D,,,/clusteruy/home/mathiasr/generator-aware-row-scaling/results-revision/coverage-policy/full-1pct/resultados/instance048_estructurado_plano.csv,/clusteruy/home/mathiasr/generator-aware-row-scaling/results-revision/coverage-policy/full-1pct/resultados/instance048_estructurado_plano_postprocesado.csv,/clusteruy/home/mathiasr/generator-aware-row-scaling/results-revision/coverage-policy/full-1pct/logs/instance048_estructurado_plano.log
instance048.txt,estructurado_matricial,OK,0,224.469542906,0.978219298898393,-1012791.8342925799,-1012790.0,OPTIMAL,-1022699.159473297,3835.0,1325316.0,0.58,23763.0,16561.0,57555.0,19367.0,14197.0,50200.0,18.49934772545554,14.27450033210555,12.779080879159066,1,Model contains large bounds,8e-06,100000.0,0.0004,100.0,0.2,300000000.0,1.0,10000000000.0,,,,,35710000000000.0,31680000000000.0,1.0,1.001,0.034012202,,,,,,,,,,,,,,10030181504481.0,,,243.0,,0.0,15.0,243.0,,0.028026553048997,,,,,,,,OK,REVISAR,1.37146562337875e-05,6.10404503522292e-09,1.1641532182693481e-10,98296613.2454824,6.10404503522292e-09,1.44760876505467e-08,1.16451293052931e-12,1.68013793881983e-07,1.37146562337875e-05,2.90797251473745e-08,484251.991090963,1.47016472921383,8451889.56170573,98296613.2454824,1.0,2.63053698290605e-06,1.86264514923096e-09,1.37146562337875e-05,5.29882348492428e-07,4.8941319619189e-07,6.10404503522292e-09,2.0,0.0,56.0,0.0,0.0,0.0,0.0,-1012791.83429258,602.322885284841,7438.34202813767,98296613.2454824,5.29882348492428e-07,4.8941319619189e-07,6.10404503522292e-09,1053.0,255.0,989.0,0.0,0.0,0.0,0.0,-1012791.83429258,-1012791.83429258,,,,,N/D,,,/clusteruy/home/mathiasr/generator-aware-row-scaling/results-revision/coverage-policy/full-1pct/resultados/instance048_estructurado_matricial.csv,/clusteruy/home/mathiasr/generator-aware-row-scaling/results-revision/coverage-policy/full-1pct/resultados/instance048_estructurado_matricial_postprocesado.csv,/clusteruy/home/mathiasr/generator-aware-row-scaling/results-revision/coverage-policy/full-1pct/logs/instance048_estructurado_matricial.log
instance048.txt,matricial_full,OK,0,175.138058847,0.99111534278794,-1013709.0381362009,-1013710.0,OPTIMAL,-1023756.0639443968,777.0,512266.0,0.57,23763.0,16561.0,57555.0,19367.0,14197.0,50200.0,18.49934772545554,14.27450033210555,12.779080879159066,1,Model contains large bounds,8e-06,100000.0,0.0004,100.0,0.2,300000000.0,1.0,10000000000.0,,,,,35710000000000.0,31680000000000.0,1.0,1.001,0.033021451,,,,,,,,,,,,,,21653638.0,,,251.0,,0.0,15.0,251.0,,0.031076812483237,,,,,,,,OK,REVISAR,5.65014779567719e-05,0.0,8.149072527885437e-10,98180208.2397344,0.0,6.02785110198126e-09,3.71702668644473e-14,1.19209289550781e-07,5.65014779567719e-05,6.56069414533353e-10,481652.518396054,1.49086549549456,8385565.10508097,98180208.2397344,1.0,3.57627868652344e-07,0.0,5.65014779567719e-05,3.18689148001531e-09,0.0,0.0,0.0,0.0,1.0,0.0,0.0,0.0,0.0,-1013709.0381362,609.649141057191,7438.34202814274,98180208.2397344,3.18689148001531e-09,0.0,0.0,1069.0,254.0,981.0,0.0,0.0,0.0,0.0,-1013709.0381362,-1013709.0381362,,,,,N/D,,,/clusteruy/home/mathiasr/generator-aware-row-scaling/results-revision/coverage-policy/full-1pct/resultados/instance048_matricial_full.csv,/clusteruy/home/mathiasr/generator-aware-row-scaling/results-revision/coverage-policy/full-1pct/resultados/instance048_matricial_full_postprocesado.csv,/clusteruy/home/mathiasr/generator-aware-row-scaling/results-revision/coverage-policy/full-1pct/logs/instance048_matricial_full.log
instance048.txt,matricial_plano,OK,0,176.187869485,0.99111534278794,-1013709.0381362009,-1013710.0,OPTIMAL,-1023756.0639443968,777.0,512266.0,0.59,23763.0,16561.0,57555.0,19367.0,14197.0,50200.0,18.49934772545554,14.27450033210555,12.779080879159066,1,Model contains large bounds,8e-06,100000.0,0.0004,100.0,0.2,300000000.0,1.0,10000000000.0,,,,,35710000000000.0,31680000000000.0,0.0,0.0,0.017889093,,,,,,,,,,,,,,21653638.0,,,251.0,,0.0,15.0,251.0,,0.031662976024329,,,,,,,,OK,REVISAR,5.65014779567719e-05,0.0,8.149072527885437e-10,98180208.2397344,0.0,6.02785110198126e-09,3.71702668644473e-14,1.19209289550781e-07,5.65014779567719e-05,6.56069414533353e-10,481652.518396054,1.49086549549456,8385565.10508097,98180208.2397344,1.0,3.57627868652344e-07,0.0,5.65014779567719e-05,3.18689148001531e-09,0.0,0.0,0.0,0.0,1.0,0.0,0.0,0.0,0.0,-1013709.0381362,609.649141057191,7438.34202814274,98180208.2397344,3.18689148001531e-09,0.0,0.0,1069.0,254.0,981.0,0.0,0.0,0.0,0.0,-1013709.0381362,-1013709.0381362,,,,,N/D,,,/clusteruy/home/mathiasr/generator-aware-row-scaling/results-revision/coverage-policy/full-1pct/resultados/instance048_matricial_plano.csv,/clusteruy/home/mathiasr/generator-aware-row-scaling/results-revision/coverage-policy/full-1pct/resultados/instance048_matricial_plano_postprocesado.csv,/clusteruy/home/mathiasr/generator-aware-row-scaling/results-revision/coverage-policy/full-1pct/logs/instance048_matricial_plano.log
