M,seed,blocks,method,presolve,solver,status,verified,reason,prep_seconds,solver_seconds,nodes,optimum,x,factors
1000,0,12,Base,False,highs,kOptimal,True,verified,3.5428999581199605e-05,0.013248764000309166,1,341,"[1.0, 1.0, 1.0000000000000118, 1.0, 1.0, 1.0000000000000495, 1.0, 1.0, 1.0000000000000118, 1.0, 1.0, 1.0000000000000118, -0.0, -0.0, 0.0, 0.9999999999999503, 0.9999999999999502, 1.0, -0.0, 0.0, -0.0, 1.0, 1.0, 1.0000000000000118, -8.482103908135776e-14, -8.482103908135776e-14, -8.482103908136196e-14, 1.0, 1.0, 1.0000000000000495, -0.0, -0.0, 0.0, 0.0, -0.0, -0.0]","[1.0, 1.0, 1.0, 1.0, 1.0, 1.0, 1.0, 1.0, 1.0, 1.0, 1.0, 1.0, 1.0, 1.0, 1.0, 1.0, 1.0, 1.0, 1.0, 1.0, 1.0, 1.0, 1.0, 1.0, 1.0]"
1000,0,12,Base,False,gurobi,2,True,verified,3.5428999581199605e-05,0.017590337000001455,1.0,341,"[1.0, 1.0, 1.0, 1.0, 1.0, 1.0, 1.0, 1.0, 1.0, 1.0, 1.0, 1.0, -0.0, -0.0, -0.0, 1.0, 1.0, 1.0, -0.0, -0.0, -0.0, 1.0, 1.0, 1.0, -0.0, -0.0, -0.0, 1.0, 1.0, 1.0, -0.0, -0.0, -0.0, -0.0, -0.0, -0.0]","[1.0, 1.0, 1.0, 1.0, 1.0, 1.0, 1.0, 1.0, 1.0, 1.0, 1.0, 1.0, 1.0, 1.0, 1.0, 1.0, 1.0, 1.0, 1.0, 1.0, 1.0, 1.0, 1.0, 1.0, 1.0]"
1000,0,12,Base,True,highs,kOptimal,True,verified,3.5428999581199605e-05,0.003952271000343899,1,341,"[1.0, 1.0, 1.0, 1.0, 1.0, 1.0, 1.0, 1.0, 1.0, 1.0, 1.0, 1.0, 0.0, 0.0, 0.0, 1.0, 1.0, 1.0, 0.0, 0.0, 0.0, 1.0, 1.0, 1.0, 0.0, 0.0, 0.0, 1.0, 1.0, 1.0, 0.0, 0.0, 0.0, 0.0, 0.0, 0.0]","[1.0, 1.0, 1.0, 1.0, 1.0, 1.0, 1.0, 1.0, 1.0, 1.0, 1.0, 1.0, 1.0, 1.0, 1.0, 1.0, 1.0, 1.0, 1.0, 1.0, 1.0, 1.0, 1.0, 1.0, 1.0]"
1000,0,12,Base,True,gurobi,2,True,verified,3.5428999581199605e-05,0.000498899999911373,0.0,341,"[1.0, 1.0, 1.0, 1.0, 1.0, 1.0, 1.0, 1.0, 1.0, 1.0, 1.0, 1.0, 0.0, 0.0, 0.0, 1.0, 1.0, 1.0, 0.0, 0.0, 0.0, 1.0, 1.0, 1.0, 0.0, 0.0, 0.0, 1.0, 1.0, 1.0, 0.0, 0.0, 0.0, 0.0, 0.0, 0.0]","[1.0, 1.0, 1.0, 1.0, 1.0, 1.0, 1.0, 1.0, 1.0, 1.0, 1.0, 1.0, 1.0, 1.0, 1.0, 1.0, 1.0, 1.0, 1.0, 1.0, 1.0, 1.0, 1.0, 1.0, 1.0]"
1000,0,12,GM,False,highs,kOptimal,True,verified,0.0001572720002513961,0.010743438999270438,1,341,"[1.0, 1.0, 1.0, 1.0, 1.0, 1.0, 1.0, 1.0, 1.0, 1.0, 1.0, 1.0, 0.0, 0.0, 0.0, 1.0, 1.0, 1.0, 0.0, 0.0, 0.0, 1.0, 1.0, 1.0, 0.0, 0.0, 0.0, 1.0, 1.0, 1.0, 0.0, 0.0, 0.0, 0.0, 0.0, 0.0]","[0.03162277660168379, 0.03162277660168379, 0.03162277660168379, 0.03162277660168379, 0.03162277660168379, 0.03162277660168379, 0.03162277660168379, 0.03162277660168379, 0.03162277660168379, 0.03162277660168379, 0.03162277660168379, 0.03162277660168379, 0.03162277660168379, 0.03162277660168379, 0.03162277660168379, 0.03162277660168379, 0.03162277660168379, 0.03162277660168379, 0.03162277660168379, 0.03162277660168379, 0.03162277660168379, 0.03162277660168379, 0.03162277660168379, 0.03162277660168379, 0.19611613513818404]"
1000,0,12,GM,False,gurobi,2,True,verified,0.0001572720002513961,0.0022709060003762715,1.0,341,"[1.0, 1.0, 1.0, 1.0, 1.0, 1.0, 1.0, 1.0, 1.0, 1.0, 1.0, 1.0, -0.0, -0.0, -0.0, 1.0, 1.0, 1.0, -0.0, -0.0, -0.0, 1.0, 1.0, 1.0, -0.0, -0.0, -0.0, 1.0, 1.0, 1.0, -0.0, -0.0, -0.0, -0.0, -0.0, -0.0]","[0.03162277660168379, 0.03162277660168379, 0.03162277660168379, 0.03162277660168379, 0.03162277660168379, 0.03162277660168379, 0.03162277660168379, 0.03162277660168379, 0.03162277660168379, 0.03162277660168379, 0.03162277660168379, 0.03162277660168379, 0.03162277660168379, 0.03162277660168379, 0.03162277660168379, 0.03162277660168379, 0.03162277660168379, 0.03162277660168379, 0.03162277660168379, 0.03162277660168379, 0.03162277660168379, 0.03162277660168379, 0.03162277660168379, 0.03162277660168379, 0.19611613513818404]"
1000,0,12,GM,True,highs,kOptimal,True,verified,0.0001572720002513961,0.003918493999663042,1,341,"[1.0, 1.0, 1.0, 1.0, 1.0, 1.0, 1.0, 1.0, 1.0, 1.0, 1.0, 1.0, 0.0, 0.0, 0.0, 1.0, 1.0, 1.0, 0.0, 0.0, 0.0, 1.0, 1.0, 1.0, 0.0, 0.0, 0.0, 1.0, 1.0, 1.0, 0.0, 0.0, 0.0, 0.0, 0.0, 0.0]","[0.03162277660168379, 0.03162277660168379, 0.03162277660168379, 0.03162277660168379, 0.03162277660168379, 0.03162277660168379, 0.03162277660168379, 0.03162277660168379, 0.03162277660168379, 0.03162277660168379, 0.03162277660168379, 0.03162277660168379, 0.03162277660168379, 0.03162277660168379, 0.03162277660168379, 0.03162277660168379, 0.03162277660168379, 0.03162277660168379, 0.03162277660168379, 0.03162277660168379, 0.03162277660168379, 0.03162277660168379, 0.03162277660168379, 0.03162277660168379, 0.19611613513818404]"
1000,0,12,GM,True,gurobi,2,True,verified,0.0001572720002513961,0.0007944230001157848,1.0,341,"[1.0, 1.0, 1.0, 1.0, 1.0, 1.0, 1.0, 1.0, 1.0, 1.0, 1.0, 1.0, 0.0, 0.0, 0.0, 1.0, 1.0, 1.0, 0.0, 0.0, 0.0, 1.0, 1.0, 1.0, 0.0, 0.0, 0.0, 1.0, 1.0, 1.0, 0.0, 0.0, 0.0, 0.0, 0.0, 0.0]","[0.03162277660168379, 0.03162277660168379, 0.03162277660168379, 0.03162277660168379, 0.03162277660168379, 0.03162277660168379, 0.03162277660168379, 0.03162277660168379, 0.03162277660168379, 0.03162277660168379, 0.03162277660168379, 0.03162277660168379, 0.03162277660168379, 0.03162277660168379, 0.03162277660168379, 0.03162277660168379, 0.03162277660168379, 0.03162277660168379, 0.03162277660168379, 0.03162277660168379, 0.03162277660168379, 0.03162277660168379, 0.03162277660168379, 0.03162277660168379, 0.19611613513818404]"
1000,0,12,GCD-floor,False,highs,kOptimal,True,verified,1.1725999684131239e-05,0.005142386999978044,1,341,"[1.0, 1.0, 1.0000000000000118, 1.0, 1.0, 1.0000000000000495, 1.0, 1.0, 1.0000000000000118, 1.0, 1.0, 1.0000000000000118, -0.0, -0.0, 0.0, 0.9999999999999503, 0.9999999999999502, 1.0, -0.0, 0.0, -0.0, 1.0, 1.0, 1.0000000000000118, -8.482103908135776e-14, -8.482103908135776e-14, -8.482103908136196e-14, 1.0, 1.0, 1.0000000000000495, -0.0, -0.0, 0.0, 0.0, -0.0, -0.0]","[1.0, 1.0, 1.0, 1.0, 1.0, 1.0, 1.0, 1.0, 1.0, 1.0, 1.0, 1.0, 1.0, 1.0, 1.0, 1.0, 1.0, 1.0, 1.0, 1.0, 1.0, 1.0, 1.0, 1.0, 1.0]"
1000,0,12,GCD-floor,False,gurobi,2,True,verified,1.1725999684131239e-05,0.0010934539996014792,1.0,341,"[1.0, 1.0, 1.0, 1.0, 1.0, 1.0, 1.0, 1.0, 1.0, 1.0, 1.0, 1.0, -0.0, -0.0, -0.0, 1.0, 1.0, 1.0, -0.0, -0.0, -0.0, 1.0, 1.0, 1.0, -0.0, -0.0, -0.0, 1.0, 1.0, 1.0, -0.0, -0.0, -0.0, -0.0, -0.0, -0.0]","[1.0, 1.0, 1.0, 1.0, 1.0, 1.0, 1.0, 1.0, 1.0, 1.0, 1.0, 1.0, 1.0, 1.0, 1.0, 1.0, 1.0, 1.0, 1.0, 1.0, 1.0, 1.0, 1.0, 1.0, 1.0]"
1000,0,12,GCD-floor,True,highs,kOptimal,True,verified,1.1725999684131239e-05,0.003874371000165411,1,341,"[1.0, 1.0, 1.0, 1.0, 1.0, 1.0, 1.0, 1.0, 1.0, 1.0, 1.0, 1.0, 0.0, 0.0, 0.0, 1.0, 1.0, 1.0, 0.0, 0.0, 0.0, 1.0, 1.0, 1.0, 0.0, 0.0, 0.0, 1.0, 1.0, 1.0, 0.0, 0.0, 0.0, 0.0, 0.0, 0.0]","[1.0, 1.0, 1.0, 1.0, 1.0, 1.0, 1.0, 1.0, 1.0, 1.0, 1.0, 1.0, 1.0, 1.0, 1.0, 1.0, 1.0, 1.0, 1.0, 1.0, 1.0, 1.0, 1.0, 1.0, 1.0]"
1000,0,12,GCD-floor,True,gurobi,2,True,verified,1.1725999684131239e-05,0.0004014589994767448,0.0,341,"[1.0, 1.0, 1.0, 1.0, 1.0, 1.0, 1.0, 1.0, 1.0, 1.0, 1.0, 1.0, 0.0, 0.0, 0.0, 1.0, 1.0, 1.0, 0.0, 0.0, 0.0, 1.0, 1.0, 1.0, 0.0, 0.0, 0.0, 1.0, 1.0, 1.0, 0.0, 0.0, 0.0, 0.0, 0.0, 0.0]","[1.0, 1.0, 1.0, 1.0, 1.0, 1.0, 1.0, 1.0, 1.0, 1.0, 1.0, 1.0, 1.0, 1.0, 1.0, 1.0, 1.0, 1.0, 1.0, 1.0, 1.0, 1.0, 1.0, 1.0, 1.0]"
1000,0,12,Row-dyadic,False,highs,kOptimal,True,verified,0.009028723000483296,0.010628336999616295,1,341,"[1.0, 1.0, 1.0, 1.0, 1.0, 1.0, 1.0, 1.0, 1.0, 1.0, 1.0, 1.0, 0.0, 0.0, 0.0, 1.0, 1.0, 1.0, 0.0, 0.0, 0.0, 1.0, 1.0, 1.0, 0.0, 0.0, 0.0, 1.0, 1.0, 1.0, 0.0, 0.0, 0.0, 0.0, 0.0, 0.0]","[0.0625, 0.0625, 0.0625, 0.0625, 0.0625, 0.0625, 0.0625, 0.0625, 0.0625, 0.0625, 0.0625, 0.0625, 0.0625, 0.0625, 0.0625, 0.0625, 0.0625, 0.0625, 0.0625, 0.0625, 0.0625, 0.0625, 0.0625, 0.0625, 0.19611613513818404]"
1000,0,12,Row-dyadic,False,gurobi,2,True,verified,0.009028723000483296,0.002165064000109851,1.0,341,"[1.0, 1.0, 1.0, 1.0, 1.0, 1.0, 1.0, 1.0, 1.0, 1.0, 1.0, 1.0, -0.0, -0.0, -0.0, 1.0, 1.0, 1.0, -0.0, -0.0, -0.0, 1.0, 1.0, 1.0, -0.0, -0.0, -0.0, 1.0, 1.0, 1.0, -0.0, -0.0, -0.0, -0.0, -0.0, -0.0]","[0.0625, 0.0625, 0.0625, 0.0625, 0.0625, 0.0625, 0.0625, 0.0625, 0.0625, 0.0625, 0.0625, 0.0625, 0.0625, 0.0625, 0.0625, 0.0625, 0.0625, 0.0625, 0.0625, 0.0625, 0.0625, 0.0625, 0.0625, 0.0625, 0.19611613513818404]"
1000,0,12,Row-dyadic,True,highs,kOptimal,True,verified,0.009028723000483296,0.003757311999834201,1,341,"[1.0, 1.0, 1.0, 1.0, 1.0, 1.0, 1.0, 1.0, 1.0, 1.0, 1.0, 1.0, 0.0, 0.0, 0.0, 1.0, 1.0, 1.0, 0.0, 0.0, 0.0, 1.0, 1.0, 1.0, 0.0, 0.0, 0.0, 1.0, 1.0, 1.0, 0.0, 0.0, 0.0, 0.0, 0.0, 0.0]","[0.0625, 0.0625, 0.0625, 0.0625, 0.0625, 0.0625, 0.0625, 0.0625, 0.0625, 0.0625, 0.0625, 0.0625, 0.0625, 0.0625, 0.0625, 0.0625, 0.0625, 0.0625, 0.0625, 0.0625, 0.0625, 0.0625, 0.0625, 0.0625, 0.19611613513818404]"
1000,0,12,Row-dyadic,True,gurobi,2,True,verified,0.009028723000483296,0.0007751179991828394,1.0,341,"[1.0, 1.0, 1.0, 1.0, 1.0, 1.0, 1.0, 1.0, 1.0, 1.0, 1.0, 1.0, 0.0, 0.0, 0.0, 1.0, 1.0, 1.0, 0.0, 0.0, 0.0, 1.0, 1.0, 1.0, 0.0, 0.0, 0.0, 1.0, 1.0, 1.0, 0.0, 0.0, 0.0, 0.0, 0.0, 0.0]","[0.0625, 0.0625, 0.0625, 0.0625, 0.0625, 0.0625, 0.0625, 0.0625, 0.0625, 0.0625, 0.0625, 0.0625, 0.0625, 0.0625, 0.0625, 0.0625, 0.0625, 0.0625, 0.0625, 0.0625, 0.0625, 0.0625, 0.0625, 0.0625, 0.19611613513818404]"
1000,0,12,Joint-dyadic,False,highs,kOptimal,True,verified,0.01650822800002061,0.010588765000647982,1,341,"[1.0, 1.0, 1.0, 1.0, 1.0, 1.0, 1.0, 1.0, 1.0, 1.0, 1.0, 1.0, 0.0, 0.0, 0.0, 1.0, 1.0, 1.0, 0.0, 0.0, 0.0, 1.0, 1.0, 1.0, 0.0, 0.0, 0.0, 1.0, 1.0, 1.0, 0.0, 0.0, 0.0, 0.0, 0.0, 0.0]","[0.0625, 0.0625, 0.0625, 0.0625, 0.0625, 0.0625, 0.0625, 0.0625, 0.0625, 0.0625, 0.0625, 0.0625, 0.0625, 0.0625, 0.0625, 0.0625, 0.0625, 0.0625, 0.0625, 0.0625, 0.0625, 0.0625, 0.0625, 0.0625, 0.19611613513818404]"
1000,0,12,Joint-dyadic,False,gurobi,2,True,verified,0.01650822800002061,0.002109559999553312,1.0,341,"[1.0, 1.0, 1.0, 1.0, 1.0, 1.0, 1.0, 1.0, 1.0, 1.0, 1.0, 1.0, -0.0, -0.0, -0.0, 1.0, 1.0, 1.0, -0.0, -0.0, -0.0, 1.0, 1.0, 1.0, -0.0, -0.0, -0.0, 1.0, 1.0, 1.0, -0.0, -0.0, -0.0, -0.0, -0.0, -0.0]","[0.0625, 0.0625, 0.0625, 0.0625, 0.0625, 0.0625, 0.0625, 0.0625, 0.0625, 0.0625, 0.0625, 0.0625, 0.0625, 0.0625, 0.0625, 0.0625, 0.0625, 0.0625, 0.0625, 0.0625, 0.0625, 0.0625, 0.0625, 0.0625, 0.19611613513818404]"
1000,0,12,Joint-dyadic,True,highs,kOptimal,True,verified,0.01650822800002061,0.0037590090005323873,1,341,"[1.0, 1.0, 1.0, 1.0, 1.0, 1.0, 1.0, 1.0, 1.0, 1.0, 1.0, 1.0, 0.0, 0.0, 0.0, 1.0, 1.0, 1.0, 0.0, 0.0, 0.0, 1.0, 1.0, 1.0, 0.0, 0.0, 0.0, 1.0, 1.0, 1.0, 0.0, 0.0, 0.0, 0.0, 0.0, 0.0]","[0.0625, 0.0625, 0.0625, 0.0625, 0.0625, 0.0625, 0.0625, 0.0625, 0.0625, 0.0625, 0.0625, 0.0625, 0.0625, 0.0625, 0.0625, 0.0625, 0.0625, 0.0625, 0.0625, 0.0625, 0.0625, 0.0625, 0.0625, 0.0625, 0.19611613513818404]"
1000,0,12,Joint-dyadic,True,gurobi,2,True,verified,0.01650822800002061,0.000781155999902694,1.0,341,"[1.0, 1.0, 1.0, 1.0, 1.0, 1.0, 1.0, 1.0, 1.0, 1.0, 1.0, 1.0, 0.0, 0.0, 0.0, 1.0, 1.0, 1.0, 0.0, 0.0, 0.0, 1.0, 1.0, 1.0, 0.0, 0.0, 0.0, 1.0, 1.0, 1.0, 0.0, 0.0, 0.0, 0.0, 0.0, 0.0]","[0.0625, 0.0625, 0.0625, 0.0625, 0.0625, 0.0625, 0.0625, 0.0625, 0.0625, 0.0625, 0.0625, 0.0625, 0.0625, 0.0625, 0.0625, 0.0625, 0.0625, 0.0625, 0.0625, 0.0625, 0.0625, 0.0625, 0.0625, 0.0625, 0.19611613513818404]"
1000,0,12,Aggregate-GM,False,highs,kOptimal,True,verified,0.00021366000055422774,0.011002252000253065,1,341,"[1.0, 1.0, 1.0, 1.0, 1.0, 1.0, 1.0, 1.0, 1.0, 1.0, 1.0, 1.0, 0.0, 0.0, 0.0, 1.0, 1.0, 1.0, 0.0, 0.0, 0.0, 1.0, 1.0, 1.0, 0.0, 0.0, 0.0, 1.0, 1.0, 1.0, 0.0, 0.0, 0.0, 0.0, 0.0, 0.0]","[0.03162277660168379, 0.03162277660168379, 0.03162277660168379, 0.03162277660168379, 0.03162277660168379, 0.03162277660168379, 0.03162277660168379, 0.03162277660168379, 0.03162277660168379, 0.03162277660168379, 0.03162277660168379, 0.03162277660168379, 0.03162277660168379, 0.03162277660168379, 0.03162277660168379, 0.03162277660168379, 0.03162277660168379, 0.03162277660168379, 0.03162277660168379, 0.03162277660168379, 0.03162277660168379, 0.03162277660168379, 0.03162277660168379, 0.03162277660168379, 0.19611613513818404, 0.7071067811865475, 0.7071067811865475, 0.7071067811865475, 0.7071067811865475, 0.7071067811865475, 0.7071067811865475, 0.7071067811865475, 0.7071067811865475, 0.7071067811865475, 0.7071067811865475, 0.7071067811865475, 0.7071067811865475]"
1000,0,12,Aggregate-GM,False,gurobi,2,True,verified,0.00021366000055422774,0.0028882919996249257,1.0,341,"[1.0, 1.0, 1.0, 1.0, 1.0, 1.0, 1.0, 1.0, 1.0, 1.0, 1.0, 1.0, -0.0, -0.0, 0.0, 1.0, 1.0, 1.0, -0.0, -0.0, -0.0, 1.0, 1.0, 1.0, -0.0, -0.0, -0.0, 1.0, 1.0, 1.0, 0.0, 0.0, 0.0, -0.0, -0.0, -0.0]","[0.03162277660168379, 0.03162277660168379, 0.03162277660168379, 0.03162277660168379, 0.03162277660168379, 0.03162277660168379, 0.03162277660168379, 0.03162277660168379, 0.03162277660168379, 0.03162277660168379, 0.03162277660168379, 0.03162277660168379, 0.03162277660168379, 0.03162277660168379, 0.03162277660168379, 0.03162277660168379, 0.03162277660168379, 0.03162277660168379, 0.03162277660168379, 0.03162277660168379, 0.03162277660168379, 0.03162277660168379, 0.03162277660168379, 0.03162277660168379, 0.19611613513818404, 0.7071067811865475, 0.7071067811865475, 0.7071067811865475, 0.7071067811865475, 0.7071067811865475, 0.7071067811865475, 0.7071067811865475, 0.7071067811865475, 0.7071067811865475, 0.7071067811865475, 0.7071067811865475, 0.7071067811865475]"
1000,0,12,Aggregate-GM,True,highs,kOptimal,True,verified,0.00021366000055422774,0.003951020000386052,1,341,"[1.0, 1.0, 1.0, 1.0, 1.0, 1.0, 1.0, 1.0, 1.0, 1.0, 1.0, 1.0, 0.0, 0.0, 0.0, 1.0, 1.0, 1.0, 0.0, 0.0, 0.0, 1.0, 1.0, 1.0, 0.0, 0.0, 0.0, 1.0, 1.0, 1.0, 0.0, 0.0, 0.0, 0.0, 0.0, 0.0]","[0.03162277660168379, 0.03162277660168379, 0.03162277660168379, 0.03162277660168379, 0.03162277660168379, 0.03162277660168379, 0.03162277660168379, 0.03162277660168379, 0.03162277660168379, 0.03162277660168379, 0.03162277660168379, 0.03162277660168379, 0.03162277660168379, 0.03162277660168379, 0.03162277660168379, 0.03162277660168379, 0.03162277660168379, 0.03162277660168379, 0.03162277660168379, 0.03162277660168379, 0.03162277660168379, 0.03162277660168379, 0.03162277660168379, 0.03162277660168379, 0.19611613513818404, 0.7071067811865475, 0.7071067811865475, 0.7071067811865475, 0.7071067811865475, 0.7071067811865475, 0.7071067811865475, 0.7071067811865475, 0.7071067811865475, 0.7071067811865475, 0.7071067811865475, 0.7071067811865475, 0.7071067811865475]"
1000,0,12,Aggregate-GM,True,gurobi,2,True,verified,0.00021366000055422774,0.0008304749999297201,1.0,341,"[1.0, 1.0, 1.0, 1.0, 1.0, 1.0, 1.0, 1.0, 1.0, 1.0, 1.0, 1.0, 0.0, 0.0, 0.0, 1.0, 1.0, 1.0, 0.0, 0.0, 0.0, 1.0, 1.0, 1.0, 0.0, 0.0, 0.0, 1.0, 1.0, 1.0, 0.0, 0.0, 0.0, 0.0, 0.0, 0.0]","[0.03162277660168379, 0.03162277660168379, 0.03162277660168379, 0.03162277660168379, 0.03162277660168379, 0.03162277660168379, 0.03162277660168379, 0.03162277660168379, 0.03162277660168379, 0.03162277660168379, 0.03162277660168379, 0.03162277660168379, 0.03162277660168379, 0.03162277660168379, 0.03162277660168379, 0.03162277660168379, 0.03162277660168379, 0.03162277660168379, 0.03162277660168379, 0.03162277660168379, 0.03162277660168379, 0.03162277660168379, 0.03162277660168379, 0.03162277660168379, 0.19611613513818404, 0.7071067811865475, 0.7071067811865475, 0.7071067811865475, 0.7071067811865475, 0.7071067811865475, 0.7071067811865475, 0.7071067811865475, 0.7071067811865475, 0.7071067811865475, 0.7071067811865475, 0.7071067811865475, 0.7071067811865475]"
1000,1,12,Base,False,highs,kOptimal,True,verified,8.143999366438948e-06,0.003895613000167941,1,385,"[1.0, 1.0, 1.0, 1.0, 1.0, 1.0, 0.0, 0.0, 0.0, 1.0, 1.0, 1.0, 1.0, 1.0, 1.0, 0.0, 0.0, 0.0, 0.0, 0.0, 0.0, 0.0, 0.0, 0.0, 1.0, 1.0, 1.0, 1.0, 1.0, 1.0, 0.0, 0.0, 0.0, 1.0, 1.0, 1.0]","[1.0, 1.0, 1.0, 1.0, 1.0, 1.0, 1.0, 1.0, 1.0, 1.0, 1.0, 1.0, 1.0, 1.0, 1.0, 1.0, 1.0, 1.0, 1.0, 1.0, 1.0, 1.0, 1.0, 1.0, 1.0]"
1000,1,12,Base,False,gurobi,2,True,verified,8.143999366438948e-06,0.0013961700005893363,1.0,385,"[1.0, 1.0, 1.0, 1.0, 1.0, 1.0, -0.0, -0.0, -0.0, 1.0, 1.0, 1.0, 1.0, 1.0, 1.0, -0.0, -0.0, -0.0, -0.0, -0.0, -0.0, -0.0, -0.0, -0.0, 1.0, 1.0, 1.0, 1.0, 1.0, 1.0, -0.0, -0.0, -0.0, 1.0, 1.0, 1.0]","[1.0, 1.0, 1.0, 1.0, 1.0, 1.0, 1.0, 1.0, 1.0, 1.0, 1.0, 1.0, 1.0, 1.0, 1.0, 1.0, 1.0, 1.0, 1.0, 1.0, 1.0, 1.0, 1.0, 1.0, 1.0]"
1000,1,12,Base,True,highs,kOptimal,True,verified,8.143999366438948e-06,0.0035582530008468893,1,385,"[1.0, 1.0, 1.0, 1.0, 1.0, 1.0, 0.0, 0.0, 0.0, 1.0, 1.0, 1.0, 1.0, 1.0, 1.0, 0.0, 0.0, 0.0, 0.0, 0.0, 0.0, 0.0, 0.0, 0.0, 1.0, 1.0, 1.0, 1.0, 1.0, 1.0, 0.0, 0.0, 0.0, 1.0, 1.0, 1.0]","[1.0, 1.0, 1.0, 1.0, 1.0, 1.0, 1.0, 1.0, 1.0, 1.0, 1.0, 1.0, 1.0, 1.0, 1.0, 1.0, 1.0, 1.0, 1.0, 1.0, 1.0, 1.0, 1.0, 1.0, 1.0]"
1000,1,12,Base,True,gurobi,2,True,verified,8.143999366438948e-06,0.0004224479998811148,0.0,385,"[1.0, 1.0, 1.0, 1.0, 1.0, 1.0, 0.0, 0.0, 0.0, 1.0, 1.0, 1.0, 1.0, 1.0, 1.0, 0.0, 0.0, 0.0, 0.0, 0.0, 0.0, 0.0, 0.0, 0.0, 1.0, 1.0, 1.0, 1.0, 1.0, 1.0, 0.0, 0.0, 0.0, 1.0, 1.0, 1.0]","[1.0, 1.0, 1.0, 1.0, 1.0, 1.0, 1.0, 1.0, 1.0, 1.0, 1.0, 1.0, 1.0, 1.0, 1.0, 1.0, 1.0, 1.0, 1.0, 1.0, 1.0, 1.0, 1.0, 1.0, 1.0]"
1000,1,12,GM,False,highs,kOptimal,True,verified,0.00011671000083879335,0.009949125000275671,1,385,"[1.0, 1.0, 1.0, 1.0, 1.0, 1.0, 0.0, 0.0, 0.0, 1.0, 1.0, 1.0, 1.0, 1.0, 1.0, 0.0, 0.0, 0.0, 0.0, 0.0, 0.0, 0.0, 0.0, 0.0, 1.0, 1.0, 1.0, 1.0, 1.0, 1.0, 0.0, 0.0, 0.0, 1.0, 1.0, 1.0]","[0.03162277660168379, 0.03162277660168379, 0.03162277660168379, 0.03162277660168379, 0.03162277660168379, 0.03162277660168379, 0.03162277660168379, 0.03162277660168379, 0.03162277660168379, 0.03162277660168379, 0.03162277660168379, 0.03162277660168379, 0.03162277660168379, 0.03162277660168379, 0.03162277660168379, 0.03162277660168379, 0.03162277660168379, 0.03162277660168379, 0.03162277660168379, 0.03162277660168379, 0.03162277660168379, 0.03162277660168379, 0.03162277660168379, 0.03162277660168379, 0.2773500981126146]"
1000,1,12,GM,False,gurobi,2,True,verified,0.00011671000083879335,0.0013464240000757854,1.0,385,"[1.0, 1.0, 1.0, 1.0, 1.0, 1.0, -0.0, -0.0, -0.0, 1.0, 1.0, 1.0, 1.0, 1.0, 1.0, -0.0, -0.0, -0.0, -0.0, -0.0, -0.0, -0.0, -0.0, -0.0, 1.0, 1.0, 1.0, 1.0, 1.0, 1.0, -0.0, -0.0, -0.0, 1.0, 1.0, 1.0]","[0.03162277660168379, 0.03162277660168379, 0.03162277660168379, 0.03162277660168379, 0.03162277660168379, 0.03162277660168379, 0.03162277660168379, 0.03162277660168379, 0.03162277660168379, 0.03162277660168379, 0.03162277660168379, 0.03162277660168379, 0.03162277660168379, 0.03162277660168379, 0.03162277660168379, 0.03162277660168379, 0.03162277660168379, 0.03162277660168379, 0.03162277660168379, 0.03162277660168379, 0.03162277660168379, 0.03162277660168379, 0.03162277660168379, 0.03162277660168379, 0.2773500981126146]"
1000,1,12,GM,True,highs,kOptimal,True,verified,0.00011671000083879335,0.0036974570002712426,1,385,"[1.0, 1.0, 1.0, 1.0, 1.0, 1.0, 0.0, 0.0, 0.0, 1.0, 1.0, 1.0, 1.0, 1.0, 1.0, 0.0, 0.0, 0.0, 0.0, 0.0, 0.0, 0.0, 0.0, 0.0, 1.0, 1.0, 1.0, 1.0, 1.0, 1.0, 0.0, 0.0, 0.0, 1.0, 1.0, 1.0]","[0.03162277660168379, 0.03162277660168379, 0.03162277660168379, 0.03162277660168379, 0.03162277660168379, 0.03162277660168379, 0.03162277660168379, 0.03162277660168379, 0.03162277660168379, 0.03162277660168379, 0.03162277660168379, 0.03162277660168379, 0.03162277660168379, 0.03162277660168379, 0.03162277660168379, 0.03162277660168379, 0.03162277660168379, 0.03162277660168379, 0.03162277660168379, 0.03162277660168379, 0.03162277660168379, 0.03162277660168379, 0.03162277660168379, 0.03162277660168379, 0.2773500981126146]"
1000,1,12,GM,True,gurobi,2,True,verified,0.00011671000083879335,0.0005799339996883646,1.0,385,"[1.0, 1.0, 1.0, 1.0, 1.0, 1.0, 0.0, 0.0, -0.0, 1.0, 1.0, 1.0, 1.0, 1.0, 1.0, 0.0, 0.0, 0.0, 0.0, 0.0, -0.0, 0.0, 0.0, -0.0, 1.0, 1.0, 1.0, 1.0, 1.0, 1.0, 0.0, 0.0, -0.0, 1.0, 1.0, 1.0]","[0.03162277660168379, 0.03162277660168379, 0.03162277660168379, 0.03162277660168379, 0.03162277660168379, 0.03162277660168379, 0.03162277660168379, 0.03162277660168379, 0.03162277660168379, 0.03162277660168379, 0.03162277660168379, 0.03162277660168379, 0.03162277660168379, 0.03162277660168379, 0.03162277660168379, 0.03162277660168379, 0.03162277660168379, 0.03162277660168379, 0.03162277660168379, 0.03162277660168379, 0.03162277660168379, 0.03162277660168379, 0.03162277660168379, 0.03162277660168379, 0.2773500981126146]"
1000,1,12,GCD-floor,False,highs,kOptimal,True,verified,1.1293000170553569e-05,0.003896578999956546,1,385,"[1.0, 1.0, 1.0, 1.0, 1.0, 1.0, 0.0, 0.0, 0.0, 1.0, 1.0, 1.0, 1.0, 1.0, 1.0, 0.0, 0.0, 0.0, 0.0, 0.0, 0.0, 0.0, 0.0, 0.0, 1.0, 1.0, 1.0, 1.0, 1.0, 1.0, 0.0, 0.0, 0.0, 1.0, 1.0, 1.0]","[1.0, 1.0, 1.0, 1.0, 1.0, 1.0, 1.0, 1.0, 1.0, 1.0, 1.0, 1.0, 1.0, 1.0, 1.0, 1.0, 1.0, 1.0, 1.0, 1.0, 1.0, 1.0, 1.0, 1.0, 1.0]"
1000,1,12,GCD-floor,False,gurobi,2,True,verified,1.1293000170553569e-05,0.0003771519996007555,1.0,385,"[1.0, 1.0, 1.0, 1.0, 1.0, 1.0, 0.0, 0.0, -0.0, 1.0, 1.0, 1.0, 1.0, 1.0, 1.0, 0.0, 0.0, 0.0, 0.0, 0.0, -0.0, 0.0, 0.0, -0.0, 1.0, 1.0, 1.0, 1.0, 1.0, 1.0, 0.0, 0.0, -0.0, 1.0, 1.0, 1.0]","[1.0, 1.0, 1.0, 1.0, 1.0, 1.0, 1.0, 1.0, 1.0, 1.0, 1.0, 1.0, 1.0, 1.0, 1.0, 1.0, 1.0, 1.0, 1.0, 1.0, 1.0, 1.0, 1.0, 1.0, 1.0]"
1000,1,12,GCD-floor,True,highs,kOptimal,True,verified,1.1293000170553569e-05,0.003531853999447776,1,385,"[1.0, 1.0, 1.0, 1.0, 1.0, 1.0, 0.0, 0.0, 0.0, 1.0, 1.0, 1.0, 1.0, 1.0, 1.0, 0.0, 0.0, 0.0, 0.0, 0.0, 0.0, 0.0, 0.0, 0.0, 1.0, 1.0, 1.0, 1.0, 1.0, 1.0, 0.0, 0.0, 0.0, 1.0, 1.0, 1.0]","[1.0, 1.0, 1.0, 1.0, 1.0, 1.0, 1.0, 1.0, 1.0, 1.0, 1.0, 1.0, 1.0, 1.0, 1.0, 1.0, 1.0, 1.0, 1.0, 1.0, 1.0, 1.0, 1.0, 1.0, 1.0]"
1000,1,12,GCD-floor,True,gurobi,2,True,verified,1.1293000170553569e-05,0.00041322800007037586,0.0,385,"[1.0, 1.0, 1.0, 1.0, 1.0, 1.0, 0.0, 0.0, 0.0, 1.0, 1.0, 1.0, 1.0, 1.0, 1.0, 0.0, 0.0, 0.0, 0.0, 0.0, 0.0, 0.0, 0.0, 0.0, 1.0, 1.0, 1.0, 1.0, 1.0, 1.0, 0.0, 0.0, 0.0, 1.0, 1.0, 1.0]","[1.0, 1.0, 1.0, 1.0, 1.0, 1.0, 1.0, 1.0, 1.0, 1.0, 1.0, 1.0, 1.0, 1.0, 1.0, 1.0, 1.0, 1.0, 1.0, 1.0, 1.0, 1.0, 1.0, 1.0, 1.0]"
1000,1,12,Row-dyadic,False,highs,kOptimal,True,verified,0.009001074000480003,0.01006850000067061,1,385,"[1.0, 1.0, 1.0, 1.0, 1.0, 1.0, 0.0, 0.0, 0.0, 1.0, 1.0, 1.0, 1.0, 1.0, 1.0, 0.0, 0.0, 0.0, 0.0, 0.0, 0.0, 0.0, 0.0, 0.0, 1.0, 1.0, 1.0, 1.0, 1.0, 1.0, 0.0, 0.0, 0.0, 1.0, 1.0, 1.0]","[0.0625, 0.0625, 0.0625, 0.0625, 0.0625, 0.0625, 0.0625, 0.0625, 0.0625, 0.0625, 0.0625, 0.0625, 0.0625, 0.0625, 0.0625, 0.0625, 0.0625, 0.0625, 0.0625, 0.0625, 0.0625, 0.0625, 0.0625, 0.0625, 0.2773500981126146]"
1000,1,12,Row-dyadic,False,gurobi,2,True,verified,0.009001074000480003,0.0013848829994458356,1.0,385,"[1.0, 1.0, 1.0, 1.0, 1.0, 1.0, -0.0, -0.0, -0.0, 1.0, 1.0, 1.0, 1.0, 1.0, 1.0, -0.0, -0.0, -0.0, -0.0, -0.0, -0.0, -0.0, -0.0, -0.0, 1.0, 1.0, 1.0, 1.0, 1.0, 1.0, -0.0, -0.0, -0.0, 1.0, 1.0, 1.0]","[0.0625, 0.0625, 0.0625, 0.0625, 0.0625, 0.0625, 0.0625, 0.0625, 0.0625, 0.0625, 0.0625, 0.0625, 0.0625, 0.0625, 0.0625, 0.0625, 0.0625, 0.0625, 0.0625, 0.0625, 0.0625, 0.0625, 0.0625, 0.0625, 0.2773500981126146]"
1000,1,12,Row-dyadic,True,highs,kOptimal,True,verified,0.009001074000480003,0.0035444929999357555,1,385,"[1.0, 1.0, 1.0, 1.0, 1.0, 1.0, 0.0, 0.0, 0.0, 1.0, 1.0, 1.0, 1.0, 1.0, 1.0, 0.0, 0.0, 0.0, 0.0, 0.0, 0.0, 0.0, 0.0, 0.0, 1.0, 1.0, 1.0, 1.0, 1.0, 1.0, 0.0, 0.0, 0.0, 1.0, 1.0, 1.0]","[0.0625, 0.0625, 0.0625, 0.0625, 0.0625, 0.0625, 0.0625, 0.0625, 0.0625, 0.0625, 0.0625, 0.0625, 0.0625, 0.0625, 0.0625, 0.0625, 0.0625, 0.0625, 0.0625, 0.0625, 0.0625, 0.0625, 0.0625, 0.0625, 0.2773500981126146]"
1000,1,12,Row-dyadic,True,gurobi,2,True,verified,0.009001074000480003,0.0005556830001296476,1.0,385,"[1.0, 1.0, 1.0, 1.0, 1.0, 1.0, 0.0, 0.0, -0.0, 1.0, 1.0, 1.0, 1.0, 1.0, 1.0, 0.0, 0.0, 0.0, 0.0, 0.0, -0.0, 0.0, 0.0, -0.0, 1.0, 1.0, 1.0, 1.0, 1.0, 1.0, 0.0, 0.0, -0.0, 1.0, 1.0, 1.0]","[0.0625, 0.0625, 0.0625, 0.0625, 0.0625, 0.0625, 0.0625, 0.0625, 0.0625, 0.0625, 0.0625, 0.0625, 0.0625, 0.0625, 0.0625, 0.0625, 0.0625, 0.0625, 0.0625, 0.0625, 0.0625, 0.0625, 0.0625, 0.0625, 0.2773500981126146]"
1000,1,12,Joint-dyadic,False,highs,kOptimal,True,verified,0.016364860000066983,0.010077486999762186,1,385,"[1.0, 1.0, 1.0, 1.0, 1.0, 1.0, 0.0, 0.0, 0.0, 1.0, 1.0, 1.0, 1.0, 1.0, 1.0, 0.0, 0.0, 0.0, 0.0, 0.0, 0.0, 0.0, 0.0, 0.0, 1.0, 1.0, 1.0, 1.0, 1.0, 1.0, 0.0, 0.0, 0.0, 1.0, 1.0, 1.0]","[0.0625, 0.0625, 0.0625, 0.0625, 0.0625, 0.0625, 0.0625, 0.0625, 0.0625, 0.0625, 0.0625, 0.0625, 0.0625, 0.0625, 0.0625, 0.0625, 0.0625, 0.0625, 0.0625, 0.0625, 0.0625, 0.0625, 0.0625, 0.0625, 0.2773500981126146]"
1000,1,12,Joint-dyadic,False,gurobi,2,True,verified,0.016364860000066983,0.001466980999794032,1.0,385,"[1.0, 1.0, 1.0, 1.0, 1.0, 1.0, -0.0, -0.0, -0.0, 1.0, 1.0, 1.0, 1.0, 1.0, 1.0, -0.0, -0.0, -0.0, -0.0, -0.0, -0.0, -0.0, -0.0, -0.0, 1.0, 1.0, 1.0, 1.0, 1.0, 1.0, -0.0, -0.0, -0.0, 1.0, 1.0, 1.0]","[0.0625, 0.0625, 0.0625, 0.0625, 0.0625, 0.0625, 0.0625, 0.0625, 0.0625, 0.0625, 0.0625, 0.0625, 0.0625, 0.0625, 0.0625, 0.0625, 0.0625, 0.0625, 0.0625, 0.0625, 0.0625, 0.0625, 0.0625, 0.0625, 0.2773500981126146]"
1000,1,12,Joint-dyadic,True,highs,kOptimal,True,verified,0.016364860000066983,0.0035648079992824933,1,385,"[1.0, 1.0, 1.0, 1.0, 1.0, 1.0, 0.0, 0.0, 0.0, 1.0, 1.0, 1.0, 1.0, 1.0, 1.0, 0.0, 0.0, 0.0, 0.0, 0.0, 0.0, 0.0, 0.0, 0.0, 1.0, 1.0, 1.0, 1.0, 1.0, 1.0, 0.0, 0.0, 0.0, 1.0, 1.0, 1.0]","[0.0625, 0.0625, 0.0625, 0.0625, 0.0625, 0.0625, 0.0625, 0.0625, 0.0625, 0.0625, 0.0625, 0.0625, 0.0625, 0.0625, 0.0625, 0.0625, 0.0625, 0.0625, 0.0625, 0.0625, 0.0625, 0.0625, 0.0625, 0.0625, 0.2773500981126146]"
1000,1,12,Joint-dyadic,True,gurobi,2,True,verified,0.016364860000066983,0.0005793789996459964,1.0,385,"[1.0, 1.0, 1.0, 1.0, 1.0, 1.0, 0.0, 0.0, -0.0, 1.0, 1.0, 1.0, 1.0, 1.0, 1.0, 0.0, 0.0, 0.0, 0.0, 0.0, -0.0, 0.0, 0.0, -0.0, 1.0, 1.0, 1.0, 1.0, 1.0, 1.0, 0.0, 0.0, -0.0, 1.0, 1.0, 1.0]","[0.0625, 0.0625, 0.0625, 0.0625, 0.0625, 0.0625, 0.0625, 0.0625, 0.0625, 0.0625, 0.0625, 0.0625, 0.0625, 0.0625, 0.0625, 0.0625, 0.0625, 0.0625, 0.0625, 0.0625, 0.0625, 0.0625, 0.0625, 0.0625, 0.2773500981126146]"
1000,1,12,Aggregate-GM,False,highs,kOptimal,True,verified,0.00022218999947654083,0.010509341999750177,1,385,"[1.0, 1.0, 1.0, 1.0, 1.0, 1.0, 0.0, 0.0, 0.0, 1.0, 1.0, 1.0, 1.0, 1.0, 1.0, 0.0, 0.0, 0.0, 0.0, 0.0, 0.0, 0.0, 0.0, 0.0, 1.0, 1.0, 1.0, 1.0, 1.0, 1.0, 0.0, 0.0, 0.0, 1.0, 1.0, 1.0]","[0.03162277660168379, 0.03162277660168379, 0.03162277660168379, 0.03162277660168379, 0.03162277660168379, 0.03162277660168379, 0.03162277660168379, 0.03162277660168379, 0.03162277660168379, 0.03162277660168379, 0.03162277660168379, 0.03162277660168379, 0.03162277660168379, 0.03162277660168379, 0.03162277660168379, 0.03162277660168379, 0.03162277660168379, 0.03162277660168379, 0.03162277660168379, 0.03162277660168379, 0.03162277660168379, 0.03162277660168379, 0.03162277660168379, 0.03162277660168379, 0.2773500981126146, 0.7071067811865475, 0.7071067811865475, 0.7071067811865475, 0.7071067811865475, 0.7071067811865475, 0.7071067811865475, 0.7071067811865475, 0.7071067811865475, 0.7071067811865475, 0.7071067811865475, 0.7071067811865475, 0.7071067811865475]"
1000,1,12,Aggregate-GM,False,gurobi,2,True,verified,0.00022218999947654083,0.002058060999843292,1.0,385,"[1.0, 1.0, 1.0, 1.0, 1.0, 1.0, 0.0, 0.0, -0.0, 1.0, 1.0, 1.0, 1.0, 1.0, 1.0, 0.0, 0.0, 0.0, 0.0, 0.0, -0.0, 0.0, 0.0, -0.0, 1.0, 1.0, 1.0, 1.0, 1.0, 1.0, 0.0, 0.0, -0.0, 1.0, 1.0, 1.0]","[0.03162277660168379, 0.03162277660168379, 0.03162277660168379, 0.03162277660168379, 0.03162277660168379, 0.03162277660168379, 0.03162277660168379, 0.03162277660168379, 0.03162277660168379, 0.03162277660168379, 0.03162277660168379, 0.03162277660168379, 0.03162277660168379, 0.03162277660168379, 0.03162277660168379, 0.03162277660168379, 0.03162277660168379, 0.03162277660168379, 0.03162277660168379, 0.03162277660168379, 0.03162277660168379, 0.03162277660168379, 0.03162277660168379, 0.03162277660168379, 0.2773500981126146, 0.7071067811865475, 0.7071067811865475, 0.7071067811865475, 0.7071067811865475, 0.7071067811865475, 0.7071067811865475, 0.7071067811865475, 0.7071067811865475, 0.7071067811865475, 0.7071067811865475, 0.7071067811865475, 0.7071067811865475]"
1000,1,12,Aggregate-GM,True,highs,kOptimal,True,verified,0.00022218999947654083,0.0037160970005061245,1,385,"[1.0, 1.0, 1.0, 1.0, 1.0, 1.0, 0.0, 0.0, 0.0, 1.0, 1.0, 1.0, 1.0, 1.0, 1.0, 0.0, 0.0, 0.0, 0.0, 0.0, 0.0, 0.0, 0.0, 0.0, 1.0, 1.0, 1.0, 1.0, 1.0, 1.0, 0.0, 0.0, 0.0, 1.0, 1.0, 1.0]","[0.03162277660168379, 0.03162277660168379, 0.03162277660168379, 0.03162277660168379, 0.03162277660168379, 0.03162277660168379, 0.03162277660168379, 0.03162277660168379, 0.03162277660168379, 0.03162277660168379, 0.03162277660168379, 0.03162277660168379, 0.03162277660168379, 0.03162277660168379, 0.03162277660168379, 0.03162277660168379, 0.03162277660168379, 0.03162277660168379, 0.03162277660168379, 0.03162277660168379, 0.03162277660168379, 0.03162277660168379, 0.03162277660168379, 0.03162277660168379, 0.2773500981126146, 0.7071067811865475, 0.7071067811865475, 0.7071067811865475, 0.7071067811865475, 0.7071067811865475, 0.7071067811865475, 0.7071067811865475, 0.7071067811865475, 0.7071067811865475, 0.7071067811865475, 0.7071067811865475, 0.7071067811865475]"
1000,1,12,Aggregate-GM,True,gurobi,2,True,verified,0.00022218999947654083,0.0006267429998842999,1.0,385,"[1.0, 1.0, 1.0, 1.0, 1.0, 1.0, 0.0, 0.0, -0.0, 1.0, 1.0, 1.0, 1.0, 1.0, 1.0, 0.0, 0.0, 0.0, 0.0, 0.0, -0.0, 0.0, 0.0, -0.0, 1.0, 1.0, 1.0, 1.0, 1.0, 1.0, 0.0, 0.0, -0.0, 1.0, 1.0, 1.0]","[0.03162277660168379, 0.03162277660168379, 0.03162277660168379, 0.03162277660168379, 0.03162277660168379, 0.03162277660168379, 0.03162277660168379, 0.03162277660168379, 0.03162277660168379, 0.03162277660168379, 0.03162277660168379, 0.03162277660168379, 0.03162277660168379, 0.03162277660168379, 0.03162277660168379, 0.03162277660168379, 0.03162277660168379, 0.03162277660168379, 0.03162277660168379, 0.03162277660168379, 0.03162277660168379, 0.03162277660168379, 0.03162277660168379, 0.03162277660168379, 0.2773500981126146, 0.7071067811865475, 0.7071067811865475, 0.7071067811865475, 0.7071067811865475, 0.7071067811865475, 0.7071067811865475, 0.7071067811865475, 0.7071067811865475, 0.7071067811865475, 0.7071067811865475, 0.7071067811865475, 0.7071067811865475]"
1000,2,12,Base,False,highs,kOptimal,True,verified,8.301999514515046e-06,0.004453354000361287,1,302,"[1.0, 1.0, 1.0, 1.0, 1.0, 1.0, 0.0, 0.0, 0.0, 1.0, 1.0, 1.0, 1.0, 1.0, 1.0, 1.0, 1.0, 1.0, 0.0, 0.0, 0.0, 0.0, 0.0, 0.0, 0.0, 0.0, 0.0, 1.0, 1.0, 1.0, 1.0, 1.0, 1.0, 0.0, 0.0, 0.0]","[1.0, 1.0, 1.0, 1.0, 1.0, 1.0, 1.0, 1.0, 1.0, 1.0, 1.0, 1.0, 1.0, 1.0, 1.0, 1.0, 1.0, 1.0, 1.0, 1.0, 1.0, 1.0, 1.0, 1.0, 1.0]"
1000,2,12,Base,False,gurobi,2,True,verified,8.301999514515046e-06,0.0020603609991667327,1.0,302,"[1.0, 1.0, 1.0, 1.0, 1.0, 1.0, 0.0, 0.0, -0.0, 1.0, 1.0, 1.0, 1.0, 1.0, 1.0, 1.0, 1.0, 1.0, 0.0, 0.0, 0.0, 0.0, 0.0, -0.0, 0.0, 0.0, -0.0, 1.0, 1.0, 1.0, 1.0, 1.0, 1.0, 0.0, 0.0, -0.0]","[1.0, 1.0, 1.0, 1.0, 1.0, 1.0, 1.0, 1.0, 1.0, 1.0, 1.0, 1.0, 1.0, 1.0, 1.0, 1.0, 1.0, 1.0, 1.0, 1.0, 1.0, 1.0, 1.0, 1.0, 1.0]"
1000,2,12,Base,True,highs,kOptimal,True,verified,8.301999514515046e-06,0.0038248390001172083,0,302,"[1.0, 1.0, 1.0, 1.0, 1.0, 1.0, 0.0, 0.0, 0.0, 1.0, 1.0, 1.0, 1.0, 1.0, 1.0, 1.0, 1.0, 1.0, 0.0, 0.0, 0.0, 0.0, 0.0, 0.0, 0.0, 0.0, 0.0, 1.0, 1.0, 1.0, 1.0, 1.0, 1.0, 0.0, 0.0, 0.0]","[1.0, 1.0, 1.0, 1.0, 1.0, 1.0, 1.0, 1.0, 1.0, 1.0, 1.0, 1.0, 1.0, 1.0, 1.0, 1.0, 1.0, 1.0, 1.0, 1.0, 1.0, 1.0, 1.0, 1.0, 1.0]"
1000,2,12,Base,True,gurobi,2,True,verified,8.301999514515046e-06,0.00045831299939891323,0.0,302,"[1.0, 1.0, 1.0, 1.0, 1.0, 1.0, 0.0, 0.0, 0.0, 1.0, 1.0, 1.0, 1.0, 1.0, 1.0, 1.0, 1.0, 1.0, 0.0, 0.0, 0.0, 0.0, 0.0, 0.0, 0.0, 0.0, 0.0, 1.0, 1.0, 1.0, 1.0, 1.0, 1.0, 0.0, 0.0, 0.0]","[1.0, 1.0, 1.0, 1.0, 1.0, 1.0, 1.0, 1.0, 1.0, 1.0, 1.0, 1.0, 1.0, 1.0, 1.0, 1.0, 1.0, 1.0, 1.0, 1.0, 1.0, 1.0, 1.0, 1.0, 1.0]"
1000,2,12,GM,False,highs,kOptimal,True,verified,0.00014443999953073217,0.00515890099995886,1,302,"[1.0, 1.0, 1.0, 1.0, 1.0, 1.0, 0.0, -0.0, -0.0, 1.0, 1.0, 1.0, 1.0, 1.0, 1.0, 1.0, 1.0, 1.0, -0.0, -0.0, -0.0, -0.0, -0.0, 0.0, -0.0, -0.0, 0.0, 1.0, 1.0, 1.0, 1.0, 1.0, 1.0, -0.0, -0.0, 0.0]","[0.03162277660168379, 0.03162277660168379, 0.03162277660168379, 0.03162277660168379, 0.03162277660168379, 0.03162277660168379, 0.03162277660168379, 0.03162277660168379, 0.03162277660168379, 0.03162277660168379, 0.03162277660168379, 0.03162277660168379, 0.03162277660168379, 0.03162277660168379, 0.03162277660168379, 0.03162277660168379, 0.03162277660168379, 0.03162277660168379, 0.03162277660168379, 0.03162277660168379, 0.03162277660168379, 0.03162277660168379, 0.03162277660168379, 0.03162277660168379, 0.2773500981126146]"
1000,2,12,GM,False,gurobi,2,True,verified,0.00014443999953073217,0.0020306850001361454,1.0,302,"[1.0, 1.0, 1.0, 1.0, 1.0, 1.0, 0.0, 0.0, -0.0, 1.0, 1.0, 1.0, 1.0, 1.0, 1.0, 1.0, 1.0, 1.0, 0.0, 0.0, 0.0, 0.0, 0.0, -0.0, 0.0, 0.0, -0.0, 1.0, 1.0, 1.0, 1.0, 1.0, 1.0, 0.0, 0.0, -0.0]","[0.03162277660168379, 0.03162277660168379, 0.03162277660168379, 0.03162277660168379, 0.03162277660168379, 0.03162277660168379, 0.03162277660168379, 0.03162277660168379, 0.03162277660168379, 0.03162277660168379, 0.03162277660168379, 0.03162277660168379, 0.03162277660168379, 0.03162277660168379, 0.03162277660168379, 0.03162277660168379, 0.03162277660168379, 0.03162277660168379, 0.03162277660168379, 0.03162277660168379, 0.03162277660168379, 0.03162277660168379, 0.03162277660168379, 0.03162277660168379, 0.2773500981126146]"
1000,2,12,GM,True,highs,kOptimal,True,verified,0.00014443999953073217,0.003913597000064328,0,302,"[1.0, 1.0, 1.0, 1.0, 1.0, 1.0, 0.0, 0.0, 0.0, 1.0, 1.0, 1.0, 1.0, 1.0, 1.0, 1.0, 1.0, 1.0, 0.0, 0.0, 0.0, 0.0, 0.0, 0.0, 0.0, 0.0, 0.0, 1.0, 1.0, 1.0, 1.0, 1.0, 1.0, 0.0, 0.0, 0.0]","[0.03162277660168379, 0.03162277660168379, 0.03162277660168379, 0.03162277660168379, 0.03162277660168379, 0.03162277660168379, 0.03162277660168379, 0.03162277660168379, 0.03162277660168379, 0.03162277660168379, 0.03162277660168379, 0.03162277660168379, 0.03162277660168379, 0.03162277660168379, 0.03162277660168379, 0.03162277660168379, 0.03162277660168379, 0.03162277660168379, 0.03162277660168379, 0.03162277660168379, 0.03162277660168379, 0.03162277660168379, 0.03162277660168379, 0.03162277660168379, 0.2773500981126146]"
1000,2,12,GM,True,gurobi,2,True,verified,0.00014443999953073217,0.0007545099997514626,1.0,302,"[1.0, 1.0, 1.0, 1.0, 1.0, 1.0, 0.0, 0.0, -0.0, 1.0, 1.0, 1.0, 1.0, 1.0, 1.0, 1.0, 1.0, 1.0, 0.0, 0.0, 0.0, 0.0, 0.0, -0.0, 0.0, 0.0, -0.0, 1.0, 1.0, 1.0, 1.0, 1.0, 1.0, 0.0, 0.0, -0.0]","[0.03162277660168379, 0.03162277660168379, 0.03162277660168379, 0.03162277660168379, 0.03162277660168379, 0.03162277660168379, 0.03162277660168379, 0.03162277660168379, 0.03162277660168379, 0.03162277660168379, 0.03162277660168379, 0.03162277660168379, 0.03162277660168379, 0.03162277660168379, 0.03162277660168379, 0.03162277660168379, 0.03162277660168379, 0.03162277660168379, 0.03162277660168379, 0.03162277660168379, 0.03162277660168379, 0.03162277660168379, 0.03162277660168379, 0.03162277660168379, 0.2773500981126146]"
1000,2,12,GCD-floor,False,highs,kOptimal,True,verified,1.2069000149494968e-05,0.0045519719997173524,1,302,"[1.0, 1.0, 1.0, 1.0, 1.0, 1.0, 0.0, 0.0, 0.0, 1.0, 1.0, 1.0, 1.0, 1.0, 1.0, 1.0, 1.0, 1.0, 0.0, 0.0, 0.0, 0.0, 0.0, 0.0, 0.0, 0.0, 0.0, 1.0, 1.0, 1.0, 1.0, 1.0, 1.0, 0.0, 0.0, 0.0]","[1.0, 1.0, 1.0, 1.0, 1.0, 1.0, 1.0, 1.0, 1.0, 1.0, 1.0, 1.0, 1.0, 1.0, 1.0, 1.0, 1.0, 1.0, 1.0, 1.0, 1.0, 1.0, 1.0, 1.0, 1.0]"
1000,2,12,GCD-floor,False,gurobi,2,True,verified,1.2069000149494968e-05,0.0008463840003969381,1.0,302,"[1.0, 1.0, 1.0, 1.0, 1.0, 1.0, 0.0, 0.0, -0.0, 1.0, 1.0, 1.0, 1.0, 1.0, 1.0, 1.0, 1.0, 1.0, 0.0, 0.0, 0.0, 0.0, 0.0, -0.0, 0.0, 0.0, -0.0, 1.0, 1.0, 1.0, 1.0, 1.0, 1.0, 0.0, 0.0, -0.0]","[1.0, 1.0, 1.0, 1.0, 1.0, 1.0, 1.0, 1.0, 1.0, 1.0, 1.0, 1.0, 1.0, 1.0, 1.0, 1.0, 1.0, 1.0, 1.0, 1.0, 1.0, 1.0, 1.0, 1.0, 1.0]"
1000,2,12,GCD-floor,True,highs,kOptimal,True,verified,1.2069000149494968e-05,0.003751282999473915,0,302,"[1.0, 1.0, 1.0, 1.0, 1.0, 1.0, 0.0, 0.0, 0.0, 1.0, 1.0, 1.0, 1.0, 1.0, 1.0, 1.0, 1.0, 1.0, 0.0, 0.0, 0.0, 0.0, 0.0, 0.0, 0.0, 0.0, 0.0, 1.0, 1.0, 1.0, 1.0, 1.0, 1.0, 0.0, 0.0, 0.0]","[1.0, 1.0, 1.0, 1.0, 1.0, 1.0, 1.0, 1.0, 1.0, 1.0, 1.0, 1.0, 1.0, 1.0, 1.0, 1.0, 1.0, 1.0, 1.0, 1.0, 1.0, 1.0, 1.0, 1.0, 1.0]"
1000,2,12,GCD-floor,True,gurobi,2,True,verified,1.2069000149494968e-05,0.00042398499954288127,0.0,302,"[1.0, 1.0, 1.0, 1.0, 1.0, 1.0, 0.0, 0.0, 0.0, 1.0, 1.0, 1.0, 1.0, 1.0, 1.0, 1.0, 1.0, 1.0, 0.0, 0.0, 0.0, 0.0, 0.0, 0.0, 0.0, 0.0, 0.0, 1.0, 1.0, 1.0, 1.0, 1.0, 1.0, 0.0, 0.0, 0.0]","[1.0, 1.0, 1.0, 1.0, 1.0, 1.0, 1.0, 1.0, 1.0, 1.0, 1.0, 1.0, 1.0, 1.0, 1.0, 1.0, 1.0, 1.0, 1.0, 1.0, 1.0, 1.0, 1.0, 1.0, 1.0]"
1000,2,12,Row-dyadic,False,highs,kOptimal,True,verified,0.008980497999800718,0.005338437000318663,1,302,"[1.0, 1.0, 1.0, 1.0, 1.0, 1.0, -0.0, -0.0, 0.0, 1.0, 1.0, 1.0, 1.0, 1.0, 1.0, 1.0, 1.0, 1.0, -0.0, -0.0, -0.0, 0.0, -0.0, -0.0, -0.0, -0.0, 0.0, 1.0, 1.0, 1.0, 1.0, 1.0, 1.0, -0.0, -0.0, 0.0]","[0.0625, 0.0625, 0.0625, 0.0625, 0.0625, 0.0625, 0.0625, 0.0625, 0.0625, 0.0625, 0.0625, 0.0625, 0.0625, 0.0625, 0.0625, 0.0625, 0.0625, 0.0625, 0.0625, 0.0625, 0.0625, 0.0625, 0.0625, 0.0625, 0.2773500981126146]"
1000,2,12,Row-dyadic,False,gurobi,2,True,verified,0.008980497999800718,0.0020105009998587775,1.0,302,"[1.0, 1.0, 1.0, 1.0, 1.0, 1.0, 0.0, 0.0, -0.0, 1.0, 1.0, 1.0, 1.0, 1.0, 1.0, 1.0, 1.0, 1.0, 0.0, 0.0, 0.0, 0.0, 0.0, -0.0, 0.0, 0.0, -0.0, 1.0, 1.0, 1.0, 1.0, 1.0, 1.0, 0.0, 0.0, -0.0]","[0.0625, 0.0625, 0.0625, 0.0625, 0.0625, 0.0625, 0.0625, 0.0625, 0.0625, 0.0625, 0.0625, 0.0625, 0.0625, 0.0625, 0.0625, 0.0625, 0.0625, 0.0625, 0.0625, 0.0625, 0.0625, 0.0625, 0.0625, 0.0625, 0.2773500981126146]"
1000,2,12,Row-dyadic,True,highs,kOptimal,True,verified,0.008980497999800718,0.003776776999984577,0,302,"[1.0, 1.0, 1.0, 1.0, 1.0, 1.0, 0.0, 0.0, 0.0, 1.0, 1.0, 1.0, 1.0, 1.0, 1.0, 1.0, 1.0, 1.0, 0.0, 0.0, 0.0, 0.0, 0.0, 0.0, 0.0, 0.0, 0.0, 1.0, 1.0, 1.0, 1.0, 1.0, 1.0, 0.0, 0.0, 0.0]","[0.0625, 0.0625, 0.0625, 0.0625, 0.0625, 0.0625, 0.0625, 0.0625, 0.0625, 0.0625, 0.0625, 0.0625, 0.0625, 0.0625, 0.0625, 0.0625, 0.0625, 0.0625, 0.0625, 0.0625, 0.0625, 0.0625, 0.0625, 0.0625, 0.2773500981126146]"
1000,2,12,Row-dyadic,True,gurobi,2,True,verified,0.008980497999800718,0.0007927189999463735,1.0,302,"[1.0, 1.0, 1.0, 1.0, 1.0, 1.0, 0.0, 0.0, -0.0, 1.0, 1.0, 1.0, 1.0, 1.0, 1.0, 1.0, 1.0, 1.0, 0.0, 0.0, 0.0, 0.0, 0.0, -0.0, 0.0, 0.0, -0.0, 1.0, 1.0, 1.0, 1.0, 1.0, 1.0, 0.0, 0.0, -0.0]","[0.0625, 0.0625, 0.0625, 0.0625, 0.0625, 0.0625, 0.0625, 0.0625, 0.0625, 0.0625, 0.0625, 0.0625, 0.0625, 0.0625, 0.0625, 0.0625, 0.0625, 0.0625, 0.0625, 0.0625, 0.0625, 0.0625, 0.0625, 0.0625, 0.2773500981126146]"
1000,2,12,Joint-dyadic,False,highs,kOptimal,True,verified,0.016359180999643286,0.005243626999799744,1,302,"[1.0, 1.0, 1.0, 1.0, 1.0, 1.0, -0.0, -0.0, 0.0, 1.0, 1.0, 1.0, 1.0, 1.0, 1.0, 1.0, 1.0, 1.0, -0.0, -0.0, -0.0, 0.0, -0.0, -0.0, -0.0, -0.0, 0.0, 1.0, 1.0, 1.0, 1.0, 1.0, 1.0, -0.0, -0.0, 0.0]","[0.0625, 0.0625, 0.0625, 0.0625, 0.0625, 0.0625, 0.0625, 0.0625, 0.0625, 0.0625, 0.0625, 0.0625, 0.0625, 0.0625, 0.0625, 0.0625, 0.0625, 0.0625, 0.0625, 0.0625, 0.0625, 0.0625, 0.0625, 0.0625, 0.2773500981126146]"
1000,2,12,Joint-dyadic,False,gurobi,2,True,verified,0.016359180999643286,0.002075698999760789,1.0,302,"[1.0, 1.0, 1.0, 1.0, 1.0, 1.0, 0.0, 0.0, -0.0, 1.0, 1.0, 1.0, 1.0, 1.0, 1.0, 1.0, 1.0, 1.0, 0.0, 0.0, 0.0, 0.0, 0.0, -0.0, 0.0, 0.0, -0.0, 1.0, 1.0, 1.0, 1.0, 1.0, 1.0, 0.0, 0.0, -0.0]","[0.0625, 0.0625, 0.0625, 0.0625, 0.0625, 0.0625, 0.0625, 0.0625, 0.0625, 0.0625, 0.0625, 0.0625, 0.0625, 0.0625, 0.0625, 0.0625, 0.0625, 0.0625, 0.0625, 0.0625, 0.0625, 0.0625, 0.0625, 0.0625, 0.2773500981126146]"
1000,2,12,Joint-dyadic,True,highs,kOptimal,True,verified,0.016359180999643286,0.0037901040004726383,0,302,"[1.0, 1.0, 1.0, 1.0, 1.0, 1.0, 0.0, 0.0, 0.0, 1.0, 1.0, 1.0, 1.0, 1.0, 1.0, 1.0, 1.0, 1.0, 0.0, 0.0, 0.0, 0.0, 0.0, 0.0, 0.0, 0.0, 0.0, 1.0, 1.0, 1.0, 1.0, 1.0, 1.0, 0.0, 0.0, 0.0]","[0.0625, 0.0625, 0.0625, 0.0625, 0.0625, 0.0625, 0.0625, 0.0625, 0.0625, 0.0625, 0.0625, 0.0625, 0.0625, 0.0625, 0.0625, 0.0625, 0.0625, 0.0625, 0.0625, 0.0625, 0.0625, 0.0625, 0.0625, 0.0625, 0.2773500981126146]"
1000,2,12,Joint-dyadic,True,gurobi,2,True,verified,0.016359180999643286,0.0008106739996946999,1.0,302,"[1.0, 1.0, 1.0, 1.0, 1.0, 1.0, 0.0, 0.0, -0.0, 1.0, 1.0, 1.0, 1.0, 1.0, 1.0, 1.0, 1.0, 1.0, 0.0, 0.0, 0.0, 0.0, 0.0, -0.0, 0.0, 0.0, -0.0, 1.0, 1.0, 1.0, 1.0, 1.0, 1.0, 0.0, 0.0, -0.0]","[0.0625, 0.0625, 0.0625, 0.0625, 0.0625, 0.0625, 0.0625, 0.0625, 0.0625, 0.0625, 0.0625, 0.0625, 0.0625, 0.0625, 0.0625, 0.0625, 0.0625, 0.0625, 0.0625, 0.0625, 0.0625, 0.0625, 0.0625, 0.0625, 0.2773500981126146]"
1000,2,12,Aggregate-GM,False,highs,kOptimal,True,verified,0.00023716399937256938,0.005706865000320249,1,302,"[1.0, 1.0, 1.0, 1.0, 1.0, 1.0, -0.0, -0.0, 0.0, 1.0, 1.0, 1.0, 1.0, 1.0, 1.0, 1.0, 1.0, 1.0, -0.0, -0.0, -0.0, 0.0, -0.0, -0.0, -0.0, -0.0, 0.0, 1.0, 1.0, 1.0, 1.0, 1.0, 1.0, -0.0, -0.0, 0.0]","[0.03162277660168379, 0.03162277660168379, 0.03162277660168379, 0.03162277660168379, 0.03162277660168379, 0.03162277660168379, 0.03162277660168379, 0.03162277660168379, 0.03162277660168379, 0.03162277660168379, 0.03162277660168379, 0.03162277660168379, 0.03162277660168379, 0.03162277660168379, 0.03162277660168379, 0.03162277660168379, 0.03162277660168379, 0.03162277660168379, 0.03162277660168379, 0.03162277660168379, 0.03162277660168379, 0.03162277660168379, 0.03162277660168379, 0.03162277660168379, 0.2773500981126146, 0.7071067811865475, 0.7071067811865475, 0.7071067811865475, 0.7071067811865475, 0.7071067811865475, 0.7071067811865475, 0.7071067811865475, 0.7071067811865475, 0.7071067811865475, 0.7071067811865475, 0.7071067811865475, 0.7071067811865475]"
1000,2,12,Aggregate-GM,False,gurobi,2,True,verified,0.00023716399937256938,0.0026851259999602917,1.0,302,"[1.0, 1.0, 1.0, 1.0, 1.0, 1.0, 0.0, 0.0, -0.0, 1.0, 1.0, 1.0, 1.0, 1.0, 1.0, 1.0, 1.0, 1.0, 0.0, 0.0, 0.0, 0.0, 0.0, -0.0, 0.0, 0.0, -0.0, 1.0, 1.0, 1.0, 1.0, 1.0, 1.0, -0.0, 0.0, 0.0]","[0.03162277660168379, 0.03162277660168379, 0.03162277660168379, 0.03162277660168379, 0.03162277660168379, 0.03162277660168379, 0.03162277660168379, 0.03162277660168379, 0.03162277660168379, 0.03162277660168379, 0.03162277660168379, 0.03162277660168379, 0.03162277660168379, 0.03162277660168379, 0.03162277660168379, 0.03162277660168379, 0.03162277660168379, 0.03162277660168379, 0.03162277660168379, 0.03162277660168379, 0.03162277660168379, 0.03162277660168379, 0.03162277660168379, 0.03162277660168379, 0.2773500981126146, 0.7071067811865475, 0.7071067811865475, 0.7071067811865475, 0.7071067811865475, 0.7071067811865475, 0.7071067811865475, 0.7071067811865475, 0.7071067811865475, 0.7071067811865475, 0.7071067811865475, 0.7071067811865475, 0.7071067811865475]"
1000,2,12,Aggregate-GM,True,highs,kOptimal,True,verified,0.00023716399937256938,0.003951949000111199,0,302,"[1.0, 1.0, 1.0, 1.0, 1.0, 1.0, 0.0, 0.0, 0.0, 1.0, 1.0, 1.0, 1.0, 1.0, 1.0, 1.0, 1.0, 1.0, 0.0, 0.0, 0.0, 0.0, 0.0, 0.0, 0.0, 0.0, 0.0, 1.0, 1.0, 1.0, 1.0, 1.0, 1.0, 0.0, 0.0, 0.0]","[0.03162277660168379, 0.03162277660168379, 0.03162277660168379, 0.03162277660168379, 0.03162277660168379, 0.03162277660168379, 0.03162277660168379, 0.03162277660168379, 0.03162277660168379, 0.03162277660168379, 0.03162277660168379, 0.03162277660168379, 0.03162277660168379, 0.03162277660168379, 0.03162277660168379, 0.03162277660168379, 0.03162277660168379, 0.03162277660168379, 0.03162277660168379, 0.03162277660168379, 0.03162277660168379, 0.03162277660168379, 0.03162277660168379, 0.03162277660168379, 0.2773500981126146, 0.7071067811865475, 0.7071067811865475, 0.7071067811865475, 0.7071067811865475, 0.7071067811865475, 0.7071067811865475, 0.7071067811865475, 0.7071067811865475, 0.7071067811865475, 0.7071067811865475, 0.7071067811865475, 0.7071067811865475]"
1000,2,12,Aggregate-GM,True,gurobi,2,True,verified,0.00023716399937256938,0.0008356580001418479,1.0,302,"[1.0, 1.0, 1.0, 1.0, 1.0, 1.0, 0.0, 0.0, -0.0, 1.0, 1.0, 1.0, 1.0, 1.0, 1.0, 1.0, 1.0, 1.0, 0.0, 0.0, 0.0, 0.0, 0.0, -0.0, 0.0, 0.0, -0.0, 1.0, 1.0, 1.0, 1.0, 1.0, 1.0, 0.0, 0.0, -0.0]","[0.03162277660168379, 0.03162277660168379, 0.03162277660168379, 0.03162277660168379, 0.03162277660168379, 0.03162277660168379, 0.03162277660168379, 0.03162277660168379, 0.03162277660168379, 0.03162277660168379, 0.03162277660168379, 0.03162277660168379, 0.03162277660168379, 0.03162277660168379, 0.03162277660168379, 0.03162277660168379, 0.03162277660168379, 0.03162277660168379, 0.03162277660168379, 0.03162277660168379, 0.03162277660168379, 0.03162277660168379, 0.03162277660168379, 0.03162277660168379, 0.2773500981126146, 0.7071067811865475, 0.7071067811865475, 0.7071067811865475, 0.7071067811865475, 0.7071067811865475, 0.7071067811865475, 0.7071067811865475, 0.7071067811865475, 0.7071067811865475, 0.7071067811865475, 0.7071067811865475, 0.7071067811865475]"
1000000,0,12,Base,False,highs,kOptimal,True,verified,8.425000487477519e-06,0.005516708999493858,1,341,"[1.0, 1.0, 1.0000000000033071, 1.0, 1.0, 1.0000000000033071, 0.9999999999867715, 0.9999999999867715, 0.9999999999900786, 1.0, 1.0, 1.0000000000033071, -0.0, -0.0, 0.0, 0.9999999999966924, 0.9999999999966924, 1.0000000000000004, -0.0, -0.0, 0.0, 1.0, 1.0, 1.0000000000033071, 0.0, -0.0, -0.0, 1.0, 1.0, 1.0000000000033071, -0.0, -0.0, 0.0, -0.0, -0.0, 0.0]","[1.0, 1.0, 1.0, 1.0, 1.0, 1.0, 1.0, 1.0, 1.0, 1.0, 1.0, 1.0, 1.0, 1.0, 1.0, 1.0, 1.0, 1.0, 1.0, 1.0, 1.0, 1.0, 1.0, 1.0, 1.0]"
1000000,0,12,Base,False,gurobi,2,True,verified,8.425000487477519e-06,0.0026031580000562826,1.0,341,"[1.0, 1.0, 1.0, 1.0, 1.0, 1.0, 1.0, 1.0, 1.0, 1.0, 1.0, 1.0, -0.0, -0.0, -0.0, 1.0, 1.0, 1.0, -0.0, -0.0, -0.0, 1.0, 1.0, 1.0, -0.0, -0.0, -0.0, 1.0, 1.0, 1.0, -0.0, -0.0, -0.0, -0.0, -0.0, -0.0]","[1.0, 1.0, 1.0, 1.0, 1.0, 1.0, 1.0, 1.0, 1.0, 1.0, 1.0, 1.0, 1.0, 1.0, 1.0, 1.0, 1.0, 1.0, 1.0, 1.0, 1.0, 1.0, 1.0, 1.0, 1.0]"
1000000,0,12,Base,True,highs,kOptimal,True,verified,8.425000487477519e-06,0.003851338999993459,1,341,"[1.0, 1.0, 1.0, 1.0, 1.0, 1.0, 1.0, 1.0, 1.0, 1.0, 1.0, 1.0, 0.0, 0.0, 0.0, 1.0, 1.0, 1.0, 0.0, 0.0, 0.0, 1.0, 1.0, 1.0, 0.0, 0.0, 0.0, 1.0, 1.0, 1.0, 0.0, 0.0, 0.0, 0.0, 0.0, 0.0]","[1.0, 1.0, 1.0, 1.0, 1.0, 1.0, 1.0, 1.0, 1.0, 1.0, 1.0, 1.0, 1.0, 1.0, 1.0, 1.0, 1.0, 1.0, 1.0, 1.0, 1.0, 1.0, 1.0, 1.0, 1.0]"
1000000,0,12,Base,True,gurobi,2,True,verified,8.425000487477519e-06,0.00044388500009517884,0.0,341,"[1.0, 1.0, 1.0, 1.0, 1.0, 1.0, 1.0, 1.0, 1.0, 1.0, 1.0, 1.0, 0.0, 0.0, 0.0, 1.0, 1.0, 1.0, 0.0, 0.0, 0.0, 1.0, 1.0, 1.0, 0.0, 0.0, 0.0, 1.0, 1.0, 1.0, 0.0, 0.0, 0.0, 0.0, 0.0, 0.0]","[1.0, 1.0, 1.0, 1.0, 1.0, 1.0, 1.0, 1.0, 1.0, 1.0, 1.0, 1.0, 1.0, 1.0, 1.0, 1.0, 1.0, 1.0, 1.0, 1.0, 1.0, 1.0, 1.0, 1.0, 1.0]"
1000000,0,12,GM,False,highs,kOptimal,True,verified,0.00014319100046122912,0.043096520000290184,73,341,"[1.0, 1.0, 1.0, 1.0, 1.0, 1.0, 1.0, 1.0, 1.0, 1.0, 1.0, 1.0, -0.0, 0.0, 0.0, 1.0, 1.0, 1.0, -0.0, 0.0, 0.0, 1.0, 1.0, 1.0, 0.0, 0.0, 0.0, 1.0, 1.0, 1.0, 0.0, 0.0, 0.0, -0.0, 0.0, 0.0]","[0.001, 0.001, 0.001, 0.001, 0.001, 0.001, 0.001, 0.001, 0.001, 0.001, 0.001, 0.001, 0.001, 0.001, 0.001, 0.001, 0.001, 0.001, 0.001, 0.001, 0.001, 0.001, 0.001, 0.001, 0.19611613513818404]"
1000000,0,12,GM,False,gurobi,2,True,verified,0.00014319100046122912,0.002516511000067112,1.0,341,"[1.0, 1.0, 1.0, 1.0, 1.0, 1.0, 1.0, 1.0, 1.0, 1.0, 1.0, 1.0, -0.0, -0.0, -0.0, 1.0, 1.0, 1.0, -0.0, -0.0, -0.0, 1.0, 1.0, 1.0, -0.0, -0.0, -0.0, 1.0, 1.0, 1.0, -0.0, -0.0, -0.0, -0.0, -0.0, -0.0]","[0.001, 0.001, 0.001, 0.001, 0.001, 0.001, 0.001, 0.001, 0.001, 0.001, 0.001, 0.001, 0.001, 0.001, 0.001, 0.001, 0.001, 0.001, 0.001, 0.001, 0.001, 0.001, 0.001, 0.001, 0.19611613513818404]"
1000000,0,12,GM,True,highs,kOptimal,True,verified,0.00014319100046122912,0.00393769499987684,1,341,"[1.0, 1.0, 1.0, 1.0, 1.0, 1.0, 1.0, 1.0, 1.0, 1.0, 1.0, 1.0, 0.0, 0.0, 0.0, 1.0, 1.0, 1.0, 0.0, 0.0, 0.0, 1.0, 1.0, 1.0, 0.0, 0.0, 0.0, 1.0, 1.0, 1.0, 0.0, 0.0, 0.0, 0.0, 0.0, 0.0]","[0.001, 0.001, 0.001, 0.001, 0.001, 0.001, 0.001, 0.001, 0.001, 0.001, 0.001, 0.001, 0.001, 0.001, 0.001, 0.001, 0.001, 0.001, 0.001, 0.001, 0.001, 0.001, 0.001, 0.001, 0.19611613513818404]"
1000000,0,12,GM,True,gurobi,2,True,verified,0.00014319100046122912,0.000884735999534314,1.0,341,"[1.0, 1.0, 1.0, 1.0, 1.0, 1.0, 1.0, 1.0, 1.0, 1.0, 1.0, 1.0, 0.0, 0.0, 0.0, 1.0, 1.0, 1.0, 0.0, 0.0, 0.0, 1.0, 1.0, 1.0, 0.0, 0.0, 0.0, 1.0, 1.0, 1.0, 0.0, 0.0, 0.0, 0.0, 0.0, 0.0]","[0.001, 0.001, 0.001, 0.001, 0.001, 0.001, 0.001, 0.001, 0.001, 0.001, 0.001, 0.001, 0.001, 0.001, 0.001, 0.001, 0.001, 0.001, 0.001, 0.001, 0.001, 0.001, 0.001, 0.001, 0.19611613513818404]"
1000000,0,12,GCD-floor,False,highs,kOptimal,True,verified,1.1844999789900612e-05,0.0054405090004365775,1,341,"[1.0, 1.0, 1.0000000000033071, 1.0, 1.0, 1.0000000000033071, 0.9999999999867715, 0.9999999999867715, 0.9999999999900786, 1.0, 1.0, 1.0000000000033071, -0.0, -0.0, 0.0, 0.9999999999966924, 0.9999999999966924, 1.0000000000000004, -0.0, -0.0, 0.0, 1.0, 1.0, 1.0000000000033071, 0.0, -0.0, -0.0, 1.0, 1.0, 1.0000000000033071, -0.0, -0.0, 0.0, -0.0, -0.0, 0.0]","[1.0, 1.0, 1.0, 1.0, 1.0, 1.0, 1.0, 1.0, 1.0, 1.0, 1.0, 1.0, 1.0, 1.0, 1.0, 1.0, 1.0, 1.0, 1.0, 1.0, 1.0, 1.0, 1.0, 1.0, 1.0]"
1000000,0,12,GCD-floor,False,gurobi,2,True,verified,1.1844999789900612e-05,0.0014244780004446511,1.0,341,"[1.0, 1.0, 1.0, 1.0, 1.0, 1.0, 1.0, 1.0, 1.0, 1.0, 1.0, 1.0, -0.0, -0.0, -0.0, 1.0, 1.0, 1.0, -0.0, -0.0, -0.0, 1.0, 1.0, 1.0, -0.0, -0.0, -0.0, 1.0, 1.0, 1.0, -0.0, -0.0, -0.0, -0.0, -0.0, -0.0]","[1.0, 1.0, 1.0, 1.0, 1.0, 1.0, 1.0, 1.0, 1.0, 1.0, 1.0, 1.0, 1.0, 1.0, 1.0, 1.0, 1.0, 1.0, 1.0, 1.0, 1.0, 1.0, 1.0, 1.0, 1.0]"
1000000,0,12,GCD-floor,True,highs,kOptimal,True,verified,1.1844999789900612e-05,0.0038939440000831382,1,341,"[1.0, 1.0, 1.0, 1.0, 1.0, 1.0, 1.0, 1.0, 1.0, 1.0, 1.0, 1.0, 0.0, 0.0, 0.0, 1.0, 1.0, 1.0, 0.0, 0.0, 0.0, 1.0, 1.0, 1.0, 0.0, 0.0, 0.0, 1.0, 1.0, 1.0, 0.0, 0.0, 0.0, 0.0, 0.0, 0.0]","[1.0, 1.0, 1.0, 1.0, 1.0, 1.0, 1.0, 1.0, 1.0, 1.0, 1.0, 1.0, 1.0, 1.0, 1.0, 1.0, 1.0, 1.0, 1.0, 1.0, 1.0, 1.0, 1.0, 1.0, 1.0]"
1000000,0,12,GCD-floor,True,gurobi,2,True,verified,1.1844999789900612e-05,0.0004105589996470371,0.0,341,"[1.0, 1.0, 1.0, 1.0, 1.0, 1.0, 1.0, 1.0, 1.0, 1.0, 1.0, 1.0, 0.0, 0.0, 0.0, 1.0, 1.0, 1.0, 0.0, 0.0, 0.0, 1.0, 1.0, 1.0, 0.0, 0.0, 0.0, 1.0, 1.0, 1.0, 0.0, 0.0, 0.0, 0.0, 0.0, 0.0]","[1.0, 1.0, 1.0, 1.0, 1.0, 1.0, 1.0, 1.0, 1.0, 1.0, 1.0, 1.0, 1.0, 1.0, 1.0, 1.0, 1.0, 1.0, 1.0, 1.0, 1.0, 1.0, 1.0, 1.0, 1.0]"
1000000,0,12,Row-dyadic,False,highs,ABSTAIN,False,no_point,0.01384930499989423,0.0,0,341,null,null
1000000,0,12,Row-dyadic,False,gurobi,ABSTAIN,False,no_point,0.01384930499989423,0.0,0,341,null,null
1000000,0,12,Row-dyadic,True,highs,ABSTAIN,False,no_point,0.01384930499989423,0.0,0,341,null,null
1000000,0,12,Row-dyadic,True,gurobi,ABSTAIN,False,no_point,0.01384930499989423,0.0,0,341,null,null
1000000,0,12,Joint-dyadic,False,highs,kOptimal,True,verified,0.016284327999528614,0.043205912000303215,65,341,"[1.0, 1.0, 1.0, 1.0, 1.0, 1.0, 1.0, 1.0, 1.0, 1.0, 1.0, 1.0, -0.0, 0.0, 0.0, 1.0, 1.0, 1.0, -0.0, 0.0, 0.0, 1.0, 1.0, 1.0, 0.0, 0.0, 0.0, 1.0, 1.0, 1.0, 0.0, 0.0, 0.0, -0.0, 0.0, 0.0]","[0.001953125, 0.001953125, 0.001953125, 0.001953125, 0.001953125, 0.001953125, 0.001953125, 0.001953125, 0.001953125, 0.001953125, 0.001953125, 0.001953125, 0.001953125, 0.001953125, 0.001953125, 0.001953125, 0.001953125, 0.001953125, 0.001953125, 0.001953125, 0.001953125, 0.001953125, 0.001953125, 0.001953125, 0.19611613513818404]"
1000000,0,12,Joint-dyadic,False,gurobi,2,True,verified,0.016284327999528614,0.002634415000102308,1.0,341,"[1.0, 1.0, 1.0, 1.0, 1.0, 1.0, 1.0, 1.0, 1.0, 1.0, 1.0, 1.0, -0.0, -0.0, -0.0, 1.0, 1.0, 1.0, -0.0, -0.0, -0.0, 1.0, 1.0, 1.0, -0.0, -0.0, -0.0, 1.0, 1.0, 1.0, -0.0, -0.0, -0.0, -0.0, -0.0, -0.0]","[0.001953125, 0.001953125, 0.001953125, 0.001953125, 0.001953125, 0.001953125, 0.001953125, 0.001953125, 0.001953125, 0.001953125, 0.001953125, 0.001953125, 0.001953125, 0.001953125, 0.001953125, 0.001953125, 0.001953125, 0.001953125, 0.001953125, 0.001953125, 0.001953125, 0.001953125, 0.001953125, 0.001953125, 0.19611613513818404]"
1000000,0,12,Joint-dyadic,True,highs,kOptimal,True,verified,0.016284327999528614,0.0037966380004945677,1,341,"[1.0, 1.0, 1.0, 1.0, 1.0, 1.0, 1.0, 1.0, 1.0, 1.0, 1.0, 1.0, 0.0, 0.0, 0.0, 1.0, 1.0, 1.0, 0.0, 0.0, 0.0, 1.0, 1.0, 1.0, 0.0, 0.0, 0.0, 1.0, 1.0, 1.0, 0.0, 0.0, 0.0, 0.0, 0.0, 0.0]","[0.001953125, 0.001953125, 0.001953125, 0.001953125, 0.001953125, 0.001953125, 0.001953125, 0.001953125, 0.001953125, 0.001953125, 0.001953125, 0.001953125, 0.001953125, 0.001953125, 0.001953125, 0.001953125, 0.001953125, 0.001953125, 0.001953125, 0.001953125, 0.001953125, 0.001953125, 0.001953125, 0.001953125, 0.19611613513818404]"
1000000,0,12,Joint-dyadic,True,gurobi,2,True,verified,0.016284327999528614,0.0007849599996916368,1.0,341,"[1.0, 1.0, 1.0, 1.0, 1.0, 1.0, 1.0, 1.0, 1.0, 1.0, 1.0, 1.0, 0.0, 0.0, 0.0, 1.0, 1.0, 1.0, 0.0, 0.0, 0.0, 1.0, 1.0, 1.0, 0.0, 0.0, 0.0, 1.0, 1.0, 1.0, 0.0, 0.0, 0.0, 0.0, 0.0, 0.0]","[0.001953125, 0.001953125, 0.001953125, 0.001953125, 0.001953125, 0.001953125, 0.001953125, 0.001953125, 0.001953125, 0.001953125, 0.001953125, 0.001953125, 0.001953125, 0.001953125, 0.001953125, 0.001953125, 0.001953125, 0.001953125, 0.001953125, 0.001953125, 0.001953125, 0.001953125, 0.001953125, 0.001953125, 0.19611613513818404]"
1000000,0,12,Aggregate-GM,False,highs,kOptimal,True,verified,0.00022876700040797004,0.009472640000240062,1,341,"[1.0, 1.0, 1.0, 1.0, 1.0, 1.0, 1.0, 1.0, 1.0, 1.0, 1.0, 1.0, 0.0, 0.0, 0.0, 1.0, 1.0, 1.0, 0.0, 0.0, 0.0, 1.0, 1.0, 1.0, 0.0, 0.0, 0.0, 1.0, 1.0, 1.0, 0.0, 0.0, 0.0, 0.0, 0.0, 0.0]","[0.001, 0.001, 0.001, 0.001, 0.001, 0.001, 0.001, 0.001, 0.001, 0.001, 0.001, 0.001, 0.001, 0.001, 0.001, 0.001, 0.001, 0.001, 0.001, 0.001, 0.001, 0.001, 0.001, 0.001, 0.19611613513818404, 0.7071067811865475, 0.7071067811865475, 0.7071067811865475, 0.7071067811865475, 0.7071067811865475, 0.7071067811865475, 0.7071067811865475, 0.7071067811865475, 0.7071067811865475, 0.7071067811865475, 0.7071067811865475, 0.7071067811865475]"
1000000,0,12,Aggregate-GM,False,gurobi,2,True,verified,0.00022876700040797004,0.0022568120002688374,1.0,341,"[1.0, 1.0, 1.0, 1.0, 1.0, 1.0, 1.0, 1.0, 1.0, 1.0, 1.0, 1.0, 0.0, 0.0, 0.0, 1.0, 1.0, 1.0, -0.0, -0.0, -0.0, 1.0, 1.0, 1.0, -0.0, -0.0, -0.0, 1.0, 1.0, 1.0, -0.0, -0.0, -0.0, 0.0, 0.0, 0.0]","[0.001, 0.001, 0.001, 0.001, 0.001, 0.001, 0.001, 0.001, 0.001, 0.001, 0.001, 0.001, 0.001, 0.001, 0.001, 0.001, 0.001, 0.001, 0.001, 0.001, 0.001, 0.001, 0.001, 0.001, 0.19611613513818404, 0.7071067811865475, 0.7071067811865475, 0.7071067811865475, 0.7071067811865475, 0.7071067811865475, 0.7071067811865475, 0.7071067811865475, 0.7071067811865475, 0.7071067811865475, 0.7071067811865475, 0.7071067811865475, 0.7071067811865475]"
1000000,0,12,Aggregate-GM,True,highs,kOptimal,True,verified,0.00022876700040797004,0.003884112999912759,1,341,"[1.0, 1.0, 1.0, 1.0, 1.0, 1.0, 1.0, 1.0, 1.0, 1.0, 1.0, 1.0, 0.0, 0.0, 0.0, 1.0, 1.0, 1.0, 0.0, 0.0, 0.0, 1.0, 1.0, 1.0, 0.0, 0.0, 0.0, 1.0, 1.0, 1.0, 0.0, 0.0, 0.0, 0.0, 0.0, 0.0]","[0.001, 0.001, 0.001, 0.001, 0.001, 0.001, 0.001, 0.001, 0.001, 0.001, 0.001, 0.001, 0.001, 0.001, 0.001, 0.001, 0.001, 0.001, 0.001, 0.001, 0.001, 0.001, 0.001, 0.001, 0.19611613513818404, 0.7071067811865475, 0.7071067811865475, 0.7071067811865475, 0.7071067811865475, 0.7071067811865475, 0.7071067811865475, 0.7071067811865475, 0.7071067811865475, 0.7071067811865475, 0.7071067811865475, 0.7071067811865475, 0.7071067811865475]"
1000000,0,12,Aggregate-GM,True,gurobi,2,True,verified,0.00022876700040797004,0.0008372419997613179,1.0,341,"[1.0, 1.0, 1.0, 1.0, 1.0, 1.0, 1.0, 1.0, 1.0, 1.0, 1.0, 1.0, 0.0, 0.0, 0.0, 1.0, 1.0, 1.0, 0.0, 0.0, 0.0, 1.0, 1.0, 1.0, 0.0, 0.0, 0.0, 1.0, 1.0, 1.0, 0.0, 0.0, 0.0, 0.0, 0.0, 0.0]","[0.001, 0.001, 0.001, 0.001, 0.001, 0.001, 0.001, 0.001, 0.001, 0.001, 0.001, 0.001, 0.001, 0.001, 0.001, 0.001, 0.001, 0.001, 0.001, 0.001, 0.001, 0.001, 0.001, 0.001, 0.19611613513818404, 0.7071067811865475, 0.7071067811865475, 0.7071067811865475, 0.7071067811865475, 0.7071067811865475, 0.7071067811865475, 0.7071067811865475, 0.7071067811865475, 0.7071067811865475, 0.7071067811865475, 0.7071067811865475, 0.7071067811865475]"
1000000,1,12,Base,False,highs,kOptimal,True,verified,7.470999662473332e-06,0.0020476890003919834,1,385,"[1.0, 1.0, 1.0, 1.0, 1.0, 1.0, 0.0, 0.0, 0.0, 1.0, 1.0, 1.0, 1.0, 1.0, 1.0, 0.0, 0.0, 0.0, 0.0, 0.0, 0.0, 0.0, 0.0, 0.0, 1.0, 1.0, 1.0, 1.0, 1.0, 1.0, 0.0, 0.0, 0.0, 1.0, 1.0, 1.0]","[1.0, 1.0, 1.0, 1.0, 1.0, 1.0, 1.0, 1.0, 1.0, 1.0, 1.0, 1.0, 1.0, 1.0, 1.0, 1.0, 1.0, 1.0, 1.0, 1.0, 1.0, 1.0, 1.0, 1.0, 1.0]"
1000000,1,12,Base,False,gurobi,2,True,verified,7.470999662473332e-06,0.0019256140003562905,1.0,385,"[1.0, 1.0, 1.0, 1.0, 1.0, 1.0, -0.0, -0.0, -0.0, 1.0, 1.0, 1.0, 1.0, 1.0, 1.0, -0.0, -0.0, -0.0, -0.0, -0.0, -0.0, -0.0, -0.0, -0.0, 1.0, 1.0, 1.0, 1.0, 1.0, 1.0, -0.0, -0.0, -0.0, 1.0, 1.0, 1.0]","[1.0, 1.0, 1.0, 1.0, 1.0, 1.0, 1.0, 1.0, 1.0, 1.0, 1.0, 1.0, 1.0, 1.0, 1.0, 1.0, 1.0, 1.0, 1.0, 1.0, 1.0, 1.0, 1.0, 1.0, 1.0]"
1000000,1,12,Base,True,highs,kOptimal,True,verified,7.470999662473332e-06,0.0035154639999745996,1,385,"[1.0, 1.0, 1.0, 1.0, 1.0, 1.0, 0.0, 0.0, 0.0, 1.0, 1.0, 1.0, 1.0, 1.0, 1.0, 0.0, 0.0, 0.0, 0.0, 0.0, 0.0, 0.0, 0.0, 0.0, 1.0, 1.0, 1.0, 1.0, 1.0, 1.0, 0.0, 0.0, 0.0, 1.0, 1.0, 1.0]","[1.0, 1.0, 1.0, 1.0, 1.0, 1.0, 1.0, 1.0, 1.0, 1.0, 1.0, 1.0, 1.0, 1.0, 1.0, 1.0, 1.0, 1.0, 1.0, 1.0, 1.0, 1.0, 1.0, 1.0, 1.0]"
1000000,1,12,Base,True,gurobi,2,True,verified,7.470999662473332e-06,0.00041481799962639343,0.0,385,"[1.0, 1.0, 1.0, 1.0, 1.0, 1.0, 0.0, 0.0, 0.0, 1.0, 1.0, 1.0, 1.0, 1.0, 1.0, 0.0, 0.0, 0.0, 0.0, 0.0, 0.0, 0.0, 0.0, 0.0, 1.0, 1.0, 1.0, 1.0, 1.0, 1.0, 0.0, 0.0, 0.0, 1.0, 1.0, 1.0]","[1.0, 1.0, 1.0, 1.0, 1.0, 1.0, 1.0, 1.0, 1.0, 1.0, 1.0, 1.0, 1.0, 1.0, 1.0, 1.0, 1.0, 1.0, 1.0, 1.0, 1.0, 1.0, 1.0, 1.0, 1.0]"
1000000,1,12,GM,False,highs,kOptimal,True,verified,0.00014255199948820518,0.04611575300077675,101,385,"[1.0, 1.0, 1.0, 1.0, 1.0, 1.0, 0.0, 0.0, 0.0, 1.0, 1.0, 1.0, 1.0, 1.0, 1.0, 0.0, 0.0, 0.0, 0.0, 0.0, 0.0, 0.0, 0.0, 0.0, 1.0, 1.0, 1.0, 1.0, 1.0, 1.0, 0.0, 0.0, 0.0, 1.0, 1.0, 1.0]","[0.001, 0.001, 0.001, 0.001, 0.001, 0.001, 0.001, 0.001, 0.001, 0.001, 0.001, 0.001, 0.001, 0.001, 0.001, 0.001, 0.001, 0.001, 0.001, 0.001, 0.001, 0.001, 0.001, 0.001, 0.2773500981126146]"
1000000,1,12,GM,False,gurobi,2,True,verified,0.00014255199948820518,0.0017944400005944772,1.0,385,"[1.0, 1.0, 1.0, 1.0, 1.0, 1.0, -0.0, -0.0, -0.0, 1.0, 1.0, 1.0, 1.0, 1.0, 1.0, -0.0, -0.0, -0.0, -0.0, -0.0, -0.0, -0.0, -0.0, -0.0, 1.0, 1.0, 1.0, 1.0, 1.0, 1.0, -0.0, -0.0, -0.0, 1.0, 1.0, 1.0]","[0.001, 0.001, 0.001, 0.001, 0.001, 0.001, 0.001, 0.001, 0.001, 0.001, 0.001, 0.001, 0.001, 0.001, 0.001, 0.001, 0.001, 0.001, 0.001, 0.001, 0.001, 0.001, 0.001, 0.001, 0.2773500981126146]"
1000000,1,12,GM,True,highs,kOptimal,True,verified,0.00014255199948820518,0.0035568330004025484,1,385,"[1.0, 1.0, 1.0, 1.0, 1.0, 1.0, 0.0, 0.0, 0.0, 1.0, 1.0, 1.0, 1.0, 1.0, 1.0, 0.0, 0.0, 0.0, 0.0, 0.0, 0.0, 0.0, 0.0, 0.0, 1.0, 1.0, 1.0, 1.0, 1.0, 1.0, 0.0, 0.0, 0.0, 1.0, 1.0, 1.0]","[0.001, 0.001, 0.001, 0.001, 0.001, 0.001, 0.001, 0.001, 0.001, 0.001, 0.001, 0.001, 0.001, 0.001, 0.001, 0.001, 0.001, 0.001, 0.001, 0.001, 0.001, 0.001, 0.001, 0.001, 0.2773500981126146]"
1000000,1,12,GM,True,gurobi,2,True,verified,0.00014255199948820518,0.0005477389995576232,1.0,385,"[1.0, 1.0, 1.0, 1.0, 1.0, 1.0, -0.0, 0.0, 0.0, 1.0, 1.0, 1.0, 1.0, 1.0, 1.0, 0.0, 0.0, 0.0, -0.0, 0.0, 0.0, 0.0, -0.0, 0.0, 1.0, 1.0, 1.0, 1.0, 1.0, 1.0, -0.0, 0.0, 0.0, 1.0, 1.0, 1.0]","[0.001, 0.001, 0.001, 0.001, 0.001, 0.001, 0.001, 0.001, 0.001, 0.001, 0.001, 0.001, 0.001, 0.001, 0.001, 0.001, 0.001, 0.001, 0.001, 0.001, 0.001, 0.001, 0.001, 0.001, 0.2773500981126146]"
1000000,1,12,GCD-floor,False,highs,kOptimal,True,verified,1.0421000297355931e-05,0.002032963999226922,1,385,"[1.0, 1.0, 1.0, 1.0, 1.0, 1.0, 0.0, 0.0, 0.0, 1.0, 1.0, 1.0, 1.0, 1.0, 1.0, 0.0, 0.0, 0.0, 0.0, 0.0, 0.0, 0.0, 0.0, 0.0, 1.0, 1.0, 1.0, 1.0, 1.0, 1.0, 0.0, 0.0, 0.0, 1.0, 1.0, 1.0]","[1.0, 1.0, 1.0, 1.0, 1.0, 1.0, 1.0, 1.0, 1.0, 1.0, 1.0, 1.0, 1.0, 1.0, 1.0, 1.0, 1.0, 1.0, 1.0, 1.0, 1.0, 1.0, 1.0, 1.0, 1.0]"
1000000,1,12,GCD-floor,False,gurobi,2,True,verified,1.0421000297355931e-05,0.0003645569995569531,1.0,385,"[1.0, 1.0, 1.0, 1.0, 1.0, 1.0, 0.0, -0.0, 0.0, 1.0, 1.0, 1.0, 1.0, 1.0, 1.0, 0.0, 0.0, 0.0, 0.0, 0.0, -0.0, 0.0, -0.0, 0.0, 1.0, 1.0, 1.0, 1.0, 1.0, 1.0, 0.0, 0.0, -0.0, 1.0, 1.0, 1.0]","[1.0, 1.0, 1.0, 1.0, 1.0, 1.0, 1.0, 1.0, 1.0, 1.0, 1.0, 1.0, 1.0, 1.0, 1.0, 1.0, 1.0, 1.0, 1.0, 1.0, 1.0, 1.0, 1.0, 1.0, 1.0]"
1000000,1,12,GCD-floor,True,highs,kOptimal,True,verified,1.0421000297355931e-05,0.0035102179999739747,1,385,"[1.0, 1.0, 1.0, 1.0, 1.0, 1.0, 0.0, 0.0, 0.0, 1.0, 1.0, 1.0, 1.0, 1.0, 1.0, 0.0, 0.0, 0.0, 0.0, 0.0, 0.0, 0.0, 0.0, 0.0, 1.0, 1.0, 1.0, 1.0, 1.0, 1.0, 0.0, 0.0, 0.0, 1.0, 1.0, 1.0]","[1.0, 1.0, 1.0, 1.0, 1.0, 1.0, 1.0, 1.0, 1.0, 1.0, 1.0, 1.0, 1.0, 1.0, 1.0, 1.0, 1.0, 1.0, 1.0, 1.0, 1.0, 1.0, 1.0, 1.0, 1.0]"
1000000,1,12,GCD-floor,True,gurobi,2,True,verified,1.0421000297355931e-05,0.0003766799991353764,0.0,385,"[1.0, 1.0, 1.0, 1.0, 1.0, 1.0, 0.0, 0.0, 0.0, 1.0, 1.0, 1.0, 1.0, 1.0, 1.0, 0.0, 0.0, 0.0, 0.0, 0.0, 0.0, 0.0, 0.0, 0.0, 1.0, 1.0, 1.0, 1.0, 1.0, 1.0, 0.0, 0.0, 0.0, 1.0, 1.0, 1.0]","[1.0, 1.0, 1.0, 1.0, 1.0, 1.0, 1.0, 1.0, 1.0, 1.0, 1.0, 1.0, 1.0, 1.0, 1.0, 1.0, 1.0, 1.0, 1.0, 1.0, 1.0, 1.0, 1.0, 1.0, 1.0]"
1000000,1,12,Row-dyadic,False,highs,ABSTAIN,False,no_point,0.013854762999471859,0.0,0,385,null,null
1000000,1,12,Row-dyadic,False,gurobi,ABSTAIN,False,no_point,0.013854762999471859,0.0,0,385,null,null
1000000,1,12,Row-dyadic,True,highs,ABSTAIN,False,no_point,0.013854762999471859,0.0,0,385,null,null
1000000,1,12,Row-dyadic,True,gurobi,ABSTAIN,False,no_point,0.013854762999471859,0.0,0,385,null,null
1000000,1,12,Joint-dyadic,False,highs,kOptimal,True,verified,0.016400358000282722,0.04681281700050022,103,385,"[1.0, 1.0, 1.0, 1.0, 1.0, 1.0, 0.0, 0.0, 0.0, 1.0, 1.0, 1.0, 1.0, 1.0, 1.0, 0.0, 0.0, 0.0, 0.0, 0.0, 0.0, 0.0, 0.0, 0.0, 1.0, 1.0, 1.0, 1.0, 1.0, 1.0, 0.0, 0.0, 0.0, 1.0, 1.0, 1.0]","[0.001953125, 0.001953125, 0.001953125, 0.001953125, 0.001953125, 0.001953125, 0.001953125, 0.001953125, 0.001953125, 0.001953125, 0.001953125, 0.001953125, 0.001953125, 0.001953125, 0.001953125, 0.001953125, 0.001953125, 0.001953125, 0.001953125, 0.001953125, 0.001953125, 0.001953125, 0.001953125, 0.001953125, 0.2773500981126146]"
1000000,1,12,Joint-dyadic,False,gurobi,2,True,verified,0.016400358000282722,0.00197595800000272,1.0,385,"[1.0, 1.0, 1.0, 1.0, 1.0, 1.0, -0.0, -0.0, -0.0, 1.0, 1.0, 1.0, 1.0, 1.0, 1.0, -0.0, -0.0, -0.0, -0.0, -0.0, -0.0, -0.0, -0.0, -0.0, 1.0, 1.0, 1.0, 1.0, 1.0, 1.0, -0.0, -0.0, -0.0, 1.0, 1.0, 1.0]","[0.001953125, 0.001953125, 0.001953125, 0.001953125, 0.001953125, 0.001953125, 0.001953125, 0.001953125, 0.001953125, 0.001953125, 0.001953125, 0.001953125, 0.001953125, 0.001953125, 0.001953125, 0.001953125, 0.001953125, 0.001953125, 0.001953125, 0.001953125, 0.001953125, 0.001953125, 0.001953125, 0.001953125, 0.2773500981126146]"
1000000,1,12,Joint-dyadic,True,highs,kOptimal,True,verified,0.016400358000282722,0.003537678000611777,1,385,"[1.0, 1.0, 1.0, 1.0, 1.0, 1.0, 0.0, 0.0, 0.0, 1.0, 1.0, 1.0, 1.0, 1.0, 1.0, 0.0, 0.0, 0.0, 0.0, 0.0, 0.0, 0.0, 0.0, 0.0, 1.0, 1.0, 1.0, 1.0, 1.0, 1.0, 0.0, 0.0, 0.0, 1.0, 1.0, 1.0]","[0.001953125, 0.001953125, 0.001953125, 0.001953125, 0.001953125, 0.001953125, 0.001953125, 0.001953125, 0.001953125, 0.001953125, 0.001953125, 0.001953125, 0.001953125, 0.001953125, 0.001953125, 0.001953125, 0.001953125, 0.001953125, 0.001953125, 0.001953125, 0.001953125, 0.001953125, 0.001953125, 0.001953125, 0.2773500981126146]"
1000000,1,12,Joint-dyadic,True,gurobi,2,True,verified,0.016400358000282722,0.0005324909998307703,1.0,385,"[1.0, 1.0, 1.0, 1.0, 1.0, 1.0, 0.0, 0.0, -0.0, 1.0, 1.0, 1.0, 1.0, 1.0, 1.0, 0.0, 0.0, 0.0, 0.0, 0.0, -0.0, 0.0, 0.0, -0.0, 1.0, 1.0, 1.0, 1.0, 1.0, 1.0, 0.0, 0.0, -0.0, 1.0, 1.0, 1.0]","[0.001953125, 0.001953125, 0.001953125, 0.001953125, 0.001953125, 0.001953125, 0.001953125, 0.001953125, 0.001953125, 0.001953125, 0.001953125, 0.001953125, 0.001953125, 0.001953125, 0.001953125, 0.001953125, 0.001953125, 0.001953125, 0.001953125, 0.001953125, 0.001953125, 0.001953125, 0.001953125, 0.001953125, 0.2773500981126146]"
1000000,1,12,Aggregate-GM,False,highs,kOptimal,True,verified,0.0002186720003010123,0.01188468400050624,1,385,"[1.0, 1.0, 1.0, 1.0, 1.0, 1.0, 0.0, 0.0, 0.0, 1.0, 1.0, 1.0, 1.0, 1.0, 1.0, 0.0, 0.0, 0.0, 0.0, 0.0, 0.0, 0.0, 0.0, 0.0, 1.0, 1.0, 1.0, 1.0, 1.0, 1.0, 0.0, 0.0, 0.0, 1.0, 1.0, 1.0]","[0.001, 0.001, 0.001, 0.001, 0.001, 0.001, 0.001, 0.001, 0.001, 0.001, 0.001, 0.001, 0.001, 0.001, 0.001, 0.001, 0.001, 0.001, 0.001, 0.001, 0.001, 0.001, 0.001, 0.001, 0.2773500981126146, 0.7071067811865475, 0.7071067811865475, 0.7071067811865475, 0.7071067811865475, 0.7071067811865475, 0.7071067811865475, 0.7071067811865475, 0.7071067811865475, 0.7071067811865475, 0.7071067811865475, 0.7071067811865475, 0.7071067811865475]"
1000000,1,12,Aggregate-GM,False,gurobi,2,False,domain,0.0002186720003010123,0.0015337909999288968,1.0,385,"[1.0, 1.0, 1.0, 1.0, 1.0, 1.0, -0.0, 0.0, -0.0, 1.0, 1.0, 1.0, 1.0, 1.0, 1.0, 0.0, 0.0, 0.0, -0.0, 5.00000250000125e-07, 2.5000012500006254e-07, -0.0, 0.0, -0.0, 1.0, 1.0, 1.0, 0.99999949999975, 1.0, 0.999999749999875, -0.0, 5.00000250000125e-07, 2.5000012500006254e-07, 1.0, 1.0, 1.0]","[0.001, 0.001, 0.001, 0.001, 0.001, 0.001, 0.001, 0.001, 0.001, 0.001, 0.001, 0.001, 0.001, 0.001, 0.001, 0.001, 0.001, 0.001, 0.001, 0.001, 0.001, 0.001, 0.001, 0.001, 0.2773500981126146, 0.7071067811865475, 0.7071067811865475, 0.7071067811865475, 0.7071067811865475, 0.7071067811865475, 0.7071067811865475, 0.7071067811865475, 0.7071067811865475, 0.7071067811865475, 0.7071067811865475, 0.7071067811865475, 0.7071067811865475]"
1000000,1,12,Aggregate-GM,True,highs,kOptimal,True,verified,0.0002186720003010123,0.0035890950002794852,1,385,"[1.0, 1.0, 1.0, 1.0, 1.0, 1.0, 0.0, 0.0, 0.0, 1.0, 1.0, 1.0, 1.0, 1.0, 1.0, 0.0, 0.0, 0.0, 0.0, 0.0, 0.0, 0.0, 0.0, 0.0, 1.0, 1.0, 1.0, 1.0, 1.0, 1.0, 0.0, 0.0, 0.0, 1.0, 1.0, 1.0]","[0.001, 0.001, 0.001, 0.001, 0.001, 0.001, 0.001, 0.001, 0.001, 0.001, 0.001, 0.001, 0.001, 0.001, 0.001, 0.001, 0.001, 0.001, 0.001, 0.001, 0.001, 0.001, 0.001, 0.001, 0.2773500981126146, 0.7071067811865475, 0.7071067811865475, 0.7071067811865475, 0.7071067811865475, 0.7071067811865475, 0.7071067811865475, 0.7071067811865475, 0.7071067811865475, 0.7071067811865475, 0.7071067811865475, 0.7071067811865475, 0.7071067811865475]"
1000000,1,12,Aggregate-GM,True,gurobi,2,True,verified,0.0002186720003010123,0.0006098389994804165,1.0,385,"[1.0, 1.0, 1.0, 1.0, 1.0, 1.0, 0.0, 0.0, -0.0, 1.0, 1.0, 1.0, 1.0, 1.0, 1.0, 0.0, 0.0, 0.0, 0.0, 0.0, -0.0, 0.0, 0.0, -0.0, 1.0, 1.0, 1.0, 1.0, 1.0, 1.0, 0.0, 0.0, -0.0, 1.0, 1.0, 1.0]","[0.001, 0.001, 0.001, 0.001, 0.001, 0.001, 0.001, 0.001, 0.001, 0.001, 0.001, 0.001, 0.001, 0.001, 0.001, 0.001, 0.001, 0.001, 0.001, 0.001, 0.001, 0.001, 0.001, 0.001, 0.2773500981126146, 0.7071067811865475, 0.7071067811865475, 0.7071067811865475, 0.7071067811865475, 0.7071067811865475, 0.7071067811865475, 0.7071067811865475, 0.7071067811865475, 0.7071067811865475, 0.7071067811865475, 0.7071067811865475, 0.7071067811865475]"
1000000,2,12,Base,False,highs,kOptimal,True,verified,7.93999970483128e-06,0.0020227780005370732,1,302,"[1.0, 1.0, 1.0, 1.0, 1.0, 1.0, 0.0, 0.0, 0.0, 1.0, 1.0, 1.0, 1.0, 1.0, 1.0, 1.0, 1.0, 1.0, 0.0, 0.0, 0.0, 0.0, 0.0, 0.0, 0.0, 0.0, 0.0, 1.0, 1.0, 1.0, 1.0, 1.0, 1.0, 0.0, 0.0, 0.0]","[1.0, 1.0, 1.0, 1.0, 1.0, 1.0, 1.0, 1.0, 1.0, 1.0, 1.0, 1.0, 1.0, 1.0, 1.0, 1.0, 1.0, 1.0, 1.0, 1.0, 1.0, 1.0, 1.0, 1.0, 1.0]"
1000000,2,12,Base,False,gurobi,2,True,verified,7.93999970483128e-06,0.002330712000002677,1.0,302,"[1.0, 1.0, 1.0, 1.0, 1.0, 1.0, -0.0, -0.0, -0.0, 1.0, 1.0, 1.0, 1.0, 1.0, 1.0, 1.0, 1.0, 1.0, -0.0, -0.0, -0.0, -0.0, -0.0, -0.0, -0.0, -0.0, -0.0, 1.0, 1.0, 1.0, 1.0, 1.0, 1.0, -0.0, -0.0, -0.0]","[1.0, 1.0, 1.0, 1.0, 1.0, 1.0, 1.0, 1.0, 1.0, 1.0, 1.0, 1.0, 1.0, 1.0, 1.0, 1.0, 1.0, 1.0, 1.0, 1.0, 1.0, 1.0, 1.0, 1.0, 1.0]"
1000000,2,12,Base,True,highs,kOptimal,True,verified,7.93999970483128e-06,0.003710322999722848,0,302,"[1.0, 1.0, 1.0, 1.0, 1.0, 1.0, 0.0, 0.0, 0.0, 1.0, 1.0, 1.0, 1.0, 1.0, 1.0, 1.0, 1.0, 1.0, 0.0, 0.0, 0.0, 0.0, 0.0, 0.0, 0.0, 0.0, 0.0, 1.0, 1.0, 1.0, 1.0, 1.0, 1.0, 0.0, 0.0, 0.0]","[1.0, 1.0, 1.0, 1.0, 1.0, 1.0, 1.0, 1.0, 1.0, 1.0, 1.0, 1.0, 1.0, 1.0, 1.0, 1.0, 1.0, 1.0, 1.0, 1.0, 1.0, 1.0, 1.0, 1.0, 1.0]"
1000000,2,12,Base,True,gurobi,2,True,verified,7.93999970483128e-06,0.000435709000157658,0.0,302,"[1.0, 1.0, 1.0, 1.0, 1.0, 1.0, 0.0, 0.0, 0.0, 1.0, 1.0, 1.0, 1.0, 1.0, 1.0, 1.0, 1.0, 1.0, 0.0, 0.0, 0.0, 0.0, 0.0, 0.0, 0.0, 0.0, 0.0, 1.0, 1.0, 1.0, 1.0, 1.0, 1.0, 0.0, 0.0, 0.0]","[1.0, 1.0, 1.0, 1.0, 1.0, 1.0, 1.0, 1.0, 1.0, 1.0, 1.0, 1.0, 1.0, 1.0, 1.0, 1.0, 1.0, 1.0, 1.0, 1.0, 1.0, 1.0, 1.0, 1.0, 1.0]"
1000000,2,12,GM,False,highs,kOptimal,True,verified,0.0001105740002458333,0.04073186499954318,71,302,"[1.0, 1.0, 1.0, 1.0, 1.0, 1.0, 0.0, 0.0, 0.0, 1.0, 1.0, 1.0, 1.0, 1.0, 1.0, 1.0, 1.0, 1.0, 0.0, 0.0, 0.0, 0.0, 0.0, 0.0, -0.0, 0.0, 0.0, 1.0, 1.0, 1.0, 1.0, 1.0, 1.0, 0.0, 0.0, 0.0]","[0.001, 0.001, 0.001, 0.001, 0.001, 0.001, 0.001, 0.001, 0.001, 0.001, 0.001, 0.001, 0.001, 0.001, 0.001, 0.001, 0.001, 0.001, 0.001, 0.001, 0.001, 0.001, 0.001, 0.001, 0.2773500981126146]"
1000000,2,12,GM,False,gurobi,2,True,verified,0.0001105740002458333,0.002341714000067441,1.0,302,"[1.0, 1.0, 1.0, 1.0, 1.0, 1.0, -0.0, -0.0, -0.0, 1.0, 1.0, 1.0, 1.0, 1.0, 1.0, 1.0, 1.0, 1.0, -0.0, -0.0, -0.0, -0.0, -0.0, -0.0, -0.0, -0.0, -0.0, 1.0, 1.0, 1.0, 1.0, 1.0, 1.0, -0.0, -0.0, -0.0]","[0.001, 0.001, 0.001, 0.001, 0.001, 0.001, 0.001, 0.001, 0.001, 0.001, 0.001, 0.001, 0.001, 0.001, 0.001, 0.001, 0.001, 0.001, 0.001, 0.001, 0.001, 0.001, 0.001, 0.001, 0.2773500981126146]"
1000000,2,12,GM,True,highs,kOptimal,True,verified,0.0001105740002458333,0.00372809700002108,0,302,"[1.0, 1.0, 1.0, 1.0, 1.0, 1.0, 0.0, 0.0, 0.0, 1.0, 1.0, 1.0, 1.0, 1.0, 1.0, 1.0, 1.0, 1.0, 0.0, 0.0, 0.0, 0.0, 0.0, 0.0, 0.0, 0.0, 0.0, 1.0, 1.0, 1.0, 1.0, 1.0, 1.0, 0.0, 0.0, 0.0]","[0.001, 0.001, 0.001, 0.001, 0.001, 0.001, 0.001, 0.001, 0.001, 0.001, 0.001, 0.001, 0.001, 0.001, 0.001, 0.001, 0.001, 0.001, 0.001, 0.001, 0.001, 0.001, 0.001, 0.001, 0.2773500981126146]"
1000000,2,12,GM,True,gurobi,2,True,verified,0.0001105740002458333,0.0007267410001077224,1.0,302,"[1.0, 1.0, 1.0, 1.0, 1.0, 1.0, -0.0, 0.0, 0.0, 1.0, 1.0, 1.0, 1.0, 1.0, 1.0, 1.0, 1.0, 1.0, 0.0, 0.0, 0.0, 0.0, -0.0, 0.0, 0.0, -0.0, 0.0, 1.0, 1.0, 1.0, 1.0, 1.0, 1.0, -0.0, 0.0, 0.0]","[0.001, 0.001, 0.001, 0.001, 0.001, 0.001, 0.001, 0.001, 0.001, 0.001, 0.001, 0.001, 0.001, 0.001, 0.001, 0.001, 0.001, 0.001, 0.001, 0.001, 0.001, 0.001, 0.001, 0.001, 0.2773500981126146]"
1000000,2,12,GCD-floor,False,highs,kOptimal,True,verified,1.7002999811666086e-05,0.002140165999662713,1,302,"[1.0, 1.0, 1.0, 1.0, 1.0, 1.0, 0.0, 0.0, 0.0, 1.0, 1.0, 1.0, 1.0, 1.0, 1.0, 1.0, 1.0, 1.0, 0.0, 0.0, 0.0, 0.0, 0.0, 0.0, 0.0, 0.0, 0.0, 1.0, 1.0, 1.0, 1.0, 1.0, 1.0, 0.0, 0.0, 0.0]","[1.0, 1.0, 1.0, 1.0, 1.0, 1.0, 1.0, 1.0, 1.0, 1.0, 1.0, 1.0, 1.0, 1.0, 1.0, 1.0, 1.0, 1.0, 1.0, 1.0, 1.0, 1.0, 1.0, 1.0, 1.0]"
1000000,2,12,GCD-floor,False,gurobi,2,True,verified,1.7002999811666086e-05,0.0009479500004090369,1.0,302,"[1.0, 1.0, 1.0, 1.0, 1.0, 1.0, 0.0, -0.0, 0.0, 1.0, 1.0, 1.0, 1.0, 1.0, 1.0, 1.0, 1.0, 1.0, 0.0, 0.0, 0.0, 0.0, -0.0, 0.0, 0.0, -0.0, 0.0, 1.0, 1.0, 1.0, 1.0, 1.0, 1.0, 0.0, 0.0, -0.0]","[1.0, 1.0, 1.0, 1.0, 1.0, 1.0, 1.0, 1.0, 1.0, 1.0, 1.0, 1.0, 1.0, 1.0, 1.0, 1.0, 1.0, 1.0, 1.0, 1.0, 1.0, 1.0, 1.0, 1.0, 1.0]"
1000000,2,12,GCD-floor,True,highs,kOptimal,True,verified,1.7002999811666086e-05,0.0037510080001084134,0,302,"[1.0, 1.0, 1.0, 1.0, 1.0, 1.0, 0.0, 0.0, 0.0, 1.0, 1.0, 1.0, 1.0, 1.0, 1.0, 1.0, 1.0, 1.0, 0.0, 0.0, 0.0, 0.0, 0.0, 0.0, 0.0, 0.0, 0.0, 1.0, 1.0, 1.0, 1.0, 1.0, 1.0, 0.0, 0.0, 0.0]","[1.0, 1.0, 1.0, 1.0, 1.0, 1.0, 1.0, 1.0, 1.0, 1.0, 1.0, 1.0, 1.0, 1.0, 1.0, 1.0, 1.0, 1.0, 1.0, 1.0, 1.0, 1.0, 1.0, 1.0, 1.0]"
1000000,2,12,GCD-floor,True,gurobi,2,True,verified,1.7002999811666086e-05,0.00041065300047193887,0.0,302,"[1.0, 1.0, 1.0, 1.0, 1.0, 1.0, 0.0, 0.0, 0.0, 1.0, 1.0, 1.0, 1.0, 1.0, 1.0, 1.0, 1.0, 1.0, 0.0, 0.0, 0.0, 0.0, 0.0, 0.0, 0.0, 0.0, 0.0, 1.0, 1.0, 1.0, 1.0, 1.0, 1.0, 0.0, 0.0, 0.0]","[1.0, 1.0, 1.0, 1.0, 1.0, 1.0, 1.0, 1.0, 1.0, 1.0, 1.0, 1.0, 1.0, 1.0, 1.0, 1.0, 1.0, 1.0, 1.0, 1.0, 1.0, 1.0, 1.0, 1.0, 1.0]"
1000000,2,12,Row-dyadic,False,highs,ABSTAIN,False,no_point,0.013814816999911272,0.0,0,302,null,null
1000000,2,12,Row-dyadic,False,gurobi,ABSTAIN,False,no_point,0.013814816999911272,0.0,0,302,null,null
1000000,2,12,Row-dyadic,True,highs,ABSTAIN,False,no_point,0.013814816999911272,0.0,0,302,null,null
1000000,2,12,Row-dyadic,True,gurobi,ABSTAIN,False,no_point,0.013814816999911272,0.0,0,302,null,null
1000000,2,12,Joint-dyadic,False,highs,kOptimal,True,verified,0.016284712000015134,0.042978468999535835,61,302,"[1.0, 1.0, 1.0, 1.0, 1.0, 1.0, 0.0, 0.0, 0.0, 1.0, 1.0, 1.0, 1.0, 1.0, 1.0, 1.0, 1.0, 1.0, 0.0, 0.0, 0.0, 0.0, 0.0, 0.0, 0.0, 0.0, -0.0, 1.0, 1.0, 1.0, 1.0, 1.0, 1.0, 0.0, 0.0, 0.0]","[0.001953125, 0.001953125, 0.001953125, 0.001953125, 0.001953125, 0.001953125, 0.001953125, 0.001953125, 0.001953125, 0.001953125, 0.001953125, 0.001953125, 0.001953125, 0.001953125, 0.001953125, 0.001953125, 0.001953125, 0.001953125, 0.001953125, 0.001953125, 0.001953125, 0.001953125, 0.001953125, 0.001953125, 0.2773500981126146]"
1000000,2,12,Joint-dyadic,False,gurobi,2,True,verified,0.016284712000015134,0.0024312420000569546,1.0,302,"[1.0, 1.0, 1.0, 1.0, 1.0, 1.0, -0.0, -0.0, -0.0, 1.0, 1.0, 1.0, 1.0, 1.0, 1.0, 1.0, 1.0, 1.0, -0.0, -0.0, -0.0, -0.0, -0.0, -0.0, -0.0, -0.0, -0.0, 1.0, 1.0, 1.0, 1.0, 1.0, 1.0, -0.0, -0.0, -0.0]","[0.001953125, 0.001953125, 0.001953125, 0.001953125, 0.001953125, 0.001953125, 0.001953125, 0.001953125, 0.001953125, 0.001953125, 0.001953125, 0.001953125, 0.001953125, 0.001953125, 0.001953125, 0.001953125, 0.001953125, 0.001953125, 0.001953125, 0.001953125, 0.001953125, 0.001953125, 0.001953125, 0.001953125, 0.2773500981126146]"
1000000,2,12,Joint-dyadic,True,highs,kOptimal,True,verified,0.016284712000015134,0.003747445000044536,0,302,"[1.0, 1.0, 1.0, 1.0, 1.0, 1.0, 0.0, 0.0, 0.0, 1.0, 1.0, 1.0, 1.0, 1.0, 1.0, 1.0, 1.0, 1.0, 0.0, 0.0, 0.0, 0.0, 0.0, 0.0, 0.0, 0.0, 0.0, 1.0, 1.0, 1.0, 1.0, 1.0, 1.0, 0.0, 0.0, 0.0]","[0.001953125, 0.001953125, 0.001953125, 0.001953125, 0.001953125, 0.001953125, 0.001953125, 0.001953125, 0.001953125, 0.001953125, 0.001953125, 0.001953125, 0.001953125, 0.001953125, 0.001953125, 0.001953125, 0.001953125, 0.001953125, 0.001953125, 0.001953125, 0.001953125, 0.001953125, 0.001953125, 0.001953125, 0.2773500981126146]"
1000000,2,12,Joint-dyadic,True,gurobi,2,True,verified,0.016284712000015134,0.0007145520003177808,1.0,302,"[1.0, 1.0, 1.0, 1.0, 1.0, 1.0, 0.0, 0.0, -0.0, 1.0, 1.0, 1.0, 1.0, 1.0, 1.0, 1.0, 1.0, 1.0, 0.0, 0.0, 0.0, 0.0, 0.0, -0.0, 0.0, 0.0, -0.0, 1.0, 1.0, 1.0, 1.0, 1.0, 1.0, 0.0, 0.0, -0.0]","[0.001953125, 0.001953125, 0.001953125, 0.001953125, 0.001953125, 0.001953125, 0.001953125, 0.001953125, 0.001953125, 0.001953125, 0.001953125, 0.001953125, 0.001953125, 0.001953125, 0.001953125, 0.001953125, 0.001953125, 0.001953125, 0.001953125, 0.001953125, 0.001953125, 0.001953125, 0.001953125, 0.001953125, 0.2773500981126146]"
1000000,2,12,Aggregate-GM,False,highs,kOptimal,True,verified,0.00021886300055484753,0.011246652999943763,1,302,"[1.0, 1.0, 1.0, 1.0, 1.0, 1.0, 0.0, 0.0, 0.0, 1.0, 1.0, 1.0, 1.0, 1.0, 1.0, 1.0, 1.0, 1.0, 0.0, 0.0, 0.0, 0.0, 0.0, 0.0, 0.0, 0.0, 0.0, 1.0, 1.0, 1.0, 1.0, 1.0, 1.0, 0.0, 0.0, 0.0]","[0.001, 0.001, 0.001, 0.001, 0.001, 0.001, 0.001, 0.001, 0.001, 0.001, 0.001, 0.001, 0.001, 0.001, 0.001, 0.001, 0.001, 0.001, 0.001, 0.001, 0.001, 0.001, 0.001, 0.001, 0.2773500981126146, 0.7071067811865475, 0.7071067811865475, 0.7071067811865475, 0.7071067811865475, 0.7071067811865475, 0.7071067811865475, 0.7071067811865475, 0.7071067811865475, 0.7071067811865475, 0.7071067811865475, 0.7071067811865475, 0.7071067811865475]"
1000000,2,12,Aggregate-GM,False,gurobi,2,True,verified,0.00021886300055484753,0.002037928999925498,1.0,302,"[1.0, 1.0, 1.0, 1.0, 1.0, 1.0, -0.0, -0.0, -0.0, 1.0, 1.0, 1.0, 1.0, 1.0, 1.0, 1.0, 1.0, 1.0, -0.0, -0.0, -0.0, -0.0, -0.0, -0.0, -0.0, -0.0, -0.0, 1.0, 1.0, 1.0, 1.0, 1.0, 1.0, -0.0, -0.0, -0.0]","[0.001, 0.001, 0.001, 0.001, 0.001, 0.001, 0.001, 0.001, 0.001, 0.001, 0.001, 0.001, 0.001, 0.001, 0.001, 0.001, 0.001, 0.001, 0.001, 0.001, 0.001, 0.001, 0.001, 0.001, 0.2773500981126146, 0.7071067811865475, 0.7071067811865475, 0.7071067811865475, 0.7071067811865475, 0.7071067811865475, 0.7071067811865475, 0.7071067811865475, 0.7071067811865475, 0.7071067811865475, 0.7071067811865475, 0.7071067811865475, 0.7071067811865475]"
1000000,2,12,Aggregate-GM,True,highs,kOptimal,True,verified,0.00021886300055484753,0.003808928000580636,0,302,"[1.0, 1.0, 1.0, 1.0, 1.0, 1.0, 0.0, 0.0, 0.0, 1.0, 1.0, 1.0, 1.0, 1.0, 1.0, 1.0, 1.0, 1.0, 0.0, 0.0, 0.0, 0.0, 0.0, 0.0, 0.0, 0.0, 0.0, 1.0, 1.0, 1.0, 1.0, 1.0, 1.0, 0.0, 0.0, 0.0]","[0.001, 0.001, 0.001, 0.001, 0.001, 0.001, 0.001, 0.001, 0.001, 0.001, 0.001, 0.001, 0.001, 0.001, 0.001, 0.001, 0.001, 0.001, 0.001, 0.001, 0.001, 0.001, 0.001, 0.001, 0.2773500981126146, 0.7071067811865475, 0.7071067811865475, 0.7071067811865475, 0.7071067811865475, 0.7071067811865475, 0.7071067811865475, 0.7071067811865475, 0.7071067811865475, 0.7071067811865475, 0.7071067811865475, 0.7071067811865475, 0.7071067811865475]"
1000000,2,12,Aggregate-GM,True,gurobi,2,True,verified,0.00021886300055484753,0.0008028860002013971,1.0,302,"[1.0, 1.0, 1.0, 1.0, 1.0, 1.0, 0.0, 0.0, -0.0, 1.0, 1.0, 1.0, 1.0, 1.0, 1.0, 1.0, 1.0, 1.0, 0.0, 0.0, 0.0, 0.0, 0.0, -0.0, 0.0, 0.0, -0.0, 1.0, 1.0, 1.0, 1.0, 1.0, 1.0, 0.0, 0.0, -0.0]","[0.001, 0.001, 0.001, 0.001, 0.001, 0.001, 0.001, 0.001, 0.001, 0.001, 0.001, 0.001, 0.001, 0.001, 0.001, 0.001, 0.001, 0.001, 0.001, 0.001, 0.001, 0.001, 0.001, 0.001, 0.2773500981126146, 0.7071067811865475, 0.7071067811865475, 0.7071067811865475, 0.7071067811865475, 0.7071067811865475, 0.7071067811865475, 0.7071067811865475, 0.7071067811865475, 0.7071067811865475, 0.7071067811865475, 0.7071067811865475, 0.7071067811865475]"
1000000000,0,12,Base,False,highs,kOptimal,True,verified,7.382999683613889e-06,0.010446833999594674,1,341,"[1.0, 1.0, 1.0, 1.0, 1.0, 1.0, 1.0, 1.0, 1.0, 1.0, 1.0, 1.0, 0.0, 0.0, 0.0, 1.0, 1.0, 1.0, 0.0, 0.0, 0.0, 1.0, 1.0, 1.0, 0.0, 0.0, 0.0, 1.0, 1.0, 1.0, 0.0, 0.0, 0.0, 0.0, 0.0, 0.0]","[1.0, 1.0, 1.0, 1.0, 1.0, 1.0, 1.0, 1.0, 1.0, 1.0, 1.0, 1.0, 1.0, 1.0, 1.0, 1.0, 1.0, 1.0, 1.0, 1.0, 1.0, 1.0, 1.0, 1.0, 1.0]"
1000000000,0,12,Base,False,gurobi,2,True,verified,7.382999683613889e-06,0.013635784999678435,146.0,341,"[1.0, 1.0, 1.0, 1.0, 1.0, 1.0, 1.0, 1.0, 1.0, 1.0, 1.0, 1.0, -0.0, -0.0, -0.0, 1.0, 1.0, 1.0, -0.0, -0.0, -0.0, 1.0, 1.0, 1.0, -0.0, -0.0, -0.0, 1.0, 1.0, 1.0, -0.0, -0.0, -0.0, -0.0, -0.0, -0.0]","[1.0, 1.0, 1.0, 1.0, 1.0, 1.0, 1.0, 1.0, 1.0, 1.0, 1.0, 1.0, 1.0, 1.0, 1.0, 1.0, 1.0, 1.0, 1.0, 1.0, 1.0, 1.0, 1.0, 1.0, 1.0]"
1000000000,0,12,Base,True,highs,kOptimal,True,verified,7.382999683613889e-06,0.003892447999533033,1,341,"[1.0, 1.0, 1.0, 1.0, 1.0, 1.0, 1.0, 1.0, 1.0, 1.0, 1.0, 1.0, 0.0, 0.0, 0.0, 1.0, 1.0, 1.0, 0.0, 0.0, 0.0, 1.0, 1.0, 1.0, 0.0, 0.0, 0.0, 1.0, 1.0, 1.0, 0.0, 0.0, 0.0, 0.0, 0.0, 0.0]","[1.0, 1.0, 1.0, 1.0, 1.0, 1.0, 1.0, 1.0, 1.0, 1.0, 1.0, 1.0, 1.0, 1.0, 1.0, 1.0, 1.0, 1.0, 1.0, 1.0, 1.0, 1.0, 1.0, 1.0, 1.0]"
1000000000,0,12,Base,True,gurobi,2,True,verified,7.382999683613889e-06,0.000414271999943594,0.0,341,"[1.0, 1.0, 1.0, 1.0, 1.0, 1.0, 1.0, 1.0, 1.0, 1.0, 1.0, 1.0, 0.0, 0.0, 0.0, 1.0, 1.0, 1.0, 0.0, 0.0, 0.0, 1.0, 1.0, 1.0, 0.0, 0.0, 0.0, 1.0, 1.0, 1.0, 0.0, 0.0, 0.0, 0.0, 0.0, 0.0]","[1.0, 1.0, 1.0, 1.0, 1.0, 1.0, 1.0, 1.0, 1.0, 1.0, 1.0, 1.0, 1.0, 1.0, 1.0, 1.0, 1.0, 1.0, 1.0, 1.0, 1.0, 1.0, 1.0, 1.0, 1.0]"
1000000000,0,12,GM,False,highs,kOptimal,True,verified,0.00014341900077852188,0.04840099299963185,66,341,"[1.0, 1.0, 1.0, 1.0, 1.0, 1.0, 1.0, 1.0, 1.0, 1.0, 1.0, 1.0, -0.0, 0.0, 0.0, 1.0, 1.0, 1.0, -0.0, 0.0, 0.0, 1.0, 1.0, 1.0, 0.0, 0.0, 0.0, 1.0, 1.0, 1.0, 0.0, 0.0, 0.0, -0.0, 0.0, 0.0]","[3.1622776601683795e-05, 3.1622776601683795e-05, 3.1622776601683795e-05, 3.1622776601683795e-05, 3.1622776601683795e-05, 3.1622776601683795e-05, 3.1622776601683795e-05, 3.1622776601683795e-05, 3.1622776601683795e-05, 3.1622776601683795e-05, 3.1622776601683795e-05, 3.1622776601683795e-05, 3.1622776601683795e-05, 3.1622776601683795e-05, 3.1622776601683795e-05, 3.1622776601683795e-05, 3.1622776601683795e-05, 3.1622776601683795e-05, 3.1622776601683795e-05, 3.1622776601683795e-05, 3.1622776601683795e-05, 3.1622776601683795e-05, 3.1622776601683795e-05, 3.1622776601683795e-05, 0.19611613513818404]"
1000000000,0,12,GM,False,gurobi,2,True,verified,0.00014341900077852188,0.011630414999672212,167.0,341,"[1.0, 1.0, 1.0, 1.0, 1.0, 1.0, 1.0, 1.0, 1.0, 1.0, 1.0, 1.0, -0.0, -0.0, -0.0, 1.0, 1.0, 1.0, -0.0, -0.0, -0.0, 1.0, 1.0, 1.0, -0.0, -0.0, -0.0, 1.0, 1.0, 1.0, -0.0, -0.0, -0.0, -0.0, -0.0, -0.0]","[3.1622776601683795e-05, 3.1622776601683795e-05, 3.1622776601683795e-05, 3.1622776601683795e-05, 3.1622776601683795e-05, 3.1622776601683795e-05, 3.1622776601683795e-05, 3.1622776601683795e-05, 3.1622776601683795e-05, 3.1622776601683795e-05, 3.1622776601683795e-05, 3.1622776601683795e-05, 3.1622776601683795e-05, 3.1622776601683795e-05, 3.1622776601683795e-05, 3.1622776601683795e-05, 3.1622776601683795e-05, 3.1622776601683795e-05, 3.1622776601683795e-05, 3.1622776601683795e-05, 3.1622776601683795e-05, 3.1622776601683795e-05, 3.1622776601683795e-05, 3.1622776601683795e-05, 0.19611613513818404]"
1000000000,0,12,GM,True,highs,kOptimal,True,verified,0.00014341900077852188,0.00382268299927091,1,341,"[1.0, 1.0, 1.0, 1.0, 1.0, 1.0, 1.0, 1.0, 1.0, 1.0, 1.0, 1.0, 0.0, 0.0, 0.0, 1.0, 1.0, 1.0, 0.0, 0.0, 0.0, 1.0, 1.0, 1.0, 0.0, 0.0, 0.0, 1.0, 1.0, 1.0, 0.0, 0.0, 0.0, 0.0, 0.0, 0.0]","[3.1622776601683795e-05, 3.1622776601683795e-05, 3.1622776601683795e-05, 3.1622776601683795e-05, 3.1622776601683795e-05, 3.1622776601683795e-05, 3.1622776601683795e-05, 3.1622776601683795e-05, 3.1622776601683795e-05, 3.1622776601683795e-05, 3.1622776601683795e-05, 3.1622776601683795e-05, 3.1622776601683795e-05, 3.1622776601683795e-05, 3.1622776601683795e-05, 3.1622776601683795e-05, 3.1622776601683795e-05, 3.1622776601683795e-05, 3.1622776601683795e-05, 3.1622776601683795e-05, 3.1622776601683795e-05, 3.1622776601683795e-05, 3.1622776601683795e-05, 3.1622776601683795e-05, 0.19611613513818404]"
1000000000,0,12,GM,True,gurobi,2,True,verified,0.00014341900077852188,0.0007723879998593475,1.0,341,"[1.0, 1.0, 1.0, 1.0, 1.0, 1.0, 1.0, 1.0, 1.0, 1.0, 1.0, 1.0, 0.0, 0.0, 0.0, 1.0, 1.0, 1.0, 0.0, 0.0, 0.0, 1.0, 1.0, 1.0, 0.0, 0.0, 0.0, 1.0, 1.0, 1.0, 0.0, 0.0, 0.0, 0.0, 0.0, 0.0]","[3.1622776601683795e-05, 3.1622776601683795e-05, 3.1622776601683795e-05, 3.1622776601683795e-05, 3.1622776601683795e-05, 3.1622776601683795e-05, 3.1622776601683795e-05, 3.1622776601683795e-05, 3.1622776601683795e-05, 3.1622776601683795e-05, 3.1622776601683795e-05, 3.1622776601683795e-05, 3.1622776601683795e-05, 3.1622776601683795e-05, 3.1622776601683795e-05, 3.1622776601683795e-05, 3.1622776601683795e-05, 3.1622776601683795e-05, 3.1622776601683795e-05, 3.1622776601683795e-05, 3.1622776601683795e-05, 3.1622776601683795e-05, 3.1622776601683795e-05, 3.1622776601683795e-05, 0.19611613513818404]"
1000000000,0,12,GCD-floor,False,highs,kOptimal,True,verified,1.0263000149279833e-05,0.01038488700032758,1,341,"[1.0, 1.0, 1.0, 1.0, 1.0, 1.0, 1.0, 1.0, 1.0, 1.0, 1.0, 1.0, 0.0, 0.0, 0.0, 1.0, 1.0, 1.0, 0.0, 0.0, 0.0, 1.0, 1.0, 1.0, 0.0, 0.0, 0.0, 1.0, 1.0, 1.0, 0.0, 0.0, 0.0, 0.0, 0.0, 0.0]","[1.0, 1.0, 1.0, 1.0, 1.0, 1.0, 1.0, 1.0, 1.0, 1.0, 1.0, 1.0, 1.0, 1.0, 1.0, 1.0, 1.0, 1.0, 1.0, 1.0, 1.0, 1.0, 1.0, 1.0, 1.0]"
1000000000,0,12,GCD-floor,False,gurobi,2,True,verified,1.0263000149279833e-05,0.0010110000002896413,1.0,341,"[1.0, 1.0, 1.0, 1.0, 1.0, 1.0, 1.0, 1.0, 1.0, 1.0, 1.0, 1.0, -0.0, -0.0, -0.0, 1.0, 1.0, 1.0, -0.0, -0.0, -0.0, 1.0, 1.0, 1.0, -0.0, -0.0, -0.0, 1.0, 1.0, 1.0, -0.0, -0.0, -0.0, -0.0, -0.0, -0.0]","[1.0, 1.0, 1.0, 1.0, 1.0, 1.0, 1.0, 1.0, 1.0, 1.0, 1.0, 1.0, 1.0, 1.0, 1.0, 1.0, 1.0, 1.0, 1.0, 1.0, 1.0, 1.0, 1.0, 1.0, 1.0]"
1000000000,0,12,GCD-floor,True,highs,kOptimal,True,verified,1.0263000149279833e-05,0.0038754540000809357,1,341,"[1.0, 1.0, 1.0, 1.0, 1.0, 1.0, 1.0, 1.0, 1.0, 1.0, 1.0, 1.0, 0.0, 0.0, 0.0, 1.0, 1.0, 1.0, 0.0, 0.0, 0.0, 1.0, 1.0, 1.0, 0.0, 0.0, 0.0, 1.0, 1.0, 1.0, 0.0, 0.0, 0.0, 0.0, 0.0, 0.0]","[1.0, 1.0, 1.0, 1.0, 1.0, 1.0, 1.0, 1.0, 1.0, 1.0, 1.0, 1.0, 1.0, 1.0, 1.0, 1.0, 1.0, 1.0, 1.0, 1.0, 1.0, 1.0, 1.0, 1.0, 1.0]"
1000000000,0,12,GCD-floor,True,gurobi,2,True,verified,1.0263000149279833e-05,0.00038888600010977825,0.0,341,"[1.0, 1.0, 1.0, 1.0, 1.0, 1.0, 1.0, 1.0, 1.0, 1.0, 1.0, 1.0, 0.0, 0.0, 0.0, 1.0, 1.0, 1.0, 0.0, 0.0, 0.0, 1.0, 1.0, 1.0, 0.0, 0.0, 0.0, 1.0, 1.0, 1.0, 0.0, 0.0, 0.0, 0.0, 0.0, 0.0]","[1.0, 1.0, 1.0, 1.0, 1.0, 1.0, 1.0, 1.0, 1.0, 1.0, 1.0, 1.0, 1.0, 1.0, 1.0, 1.0, 1.0, 1.0, 1.0, 1.0, 1.0, 1.0, 1.0, 1.0, 1.0]"
1000000000,0,12,Row-dyadic,False,highs,ABSTAIN,False,no_point,0.010881875000450236,0.0,0,341,null,null
1000000000,0,12,Row-dyadic,False,gurobi,ABSTAIN,False,no_point,0.010881875000450236,0.0,0,341,null,null
1000000000,0,12,Row-dyadic,True,highs,ABSTAIN,False,no_point,0.010881875000450236,0.0,0,341,null,null
1000000000,0,12,Row-dyadic,True,gurobi,ABSTAIN,False,no_point,0.010881875000450236,0.0,0,341,null,null
1000000000,0,12,Joint-dyadic,False,highs,kOptimal,True,verified,0.01642041299965058,0.0473603849995925,69,341,"[1.0, 1.0, 1.0, 1.0, 1.0, 1.0, 1.0, 1.0, 1.0, 1.0, 1.0, 1.0, -0.0, 0.0, 0.0, 1.0, 1.0, 1.0, -0.0, 0.0, 0.0, 1.0, 1.0, 1.0, 0.0, 0.0, 0.0, 1.0, 1.0, 1.0, 0.0, 0.0, 0.0, -0.0, 0.0, 0.0]","[6.103515625e-05, 6.103515625e-05, 6.103515625e-05, 6.103515625e-05, 6.103515625e-05, 6.103515625e-05, 6.103515625e-05, 6.103515625e-05, 6.103515625e-05, 6.103515625e-05, 6.103515625e-05, 6.103515625e-05, 6.103515625e-05, 6.103515625e-05, 6.103515625e-05, 6.103515625e-05, 6.103515625e-05, 6.103515625e-05, 6.103515625e-05, 6.103515625e-05, 6.103515625e-05, 6.103515625e-05, 6.103515625e-05, 6.103515625e-05, 0.19611613513818404]"
1000000000,0,12,Joint-dyadic,False,gurobi,2,True,verified,0.01642041299965058,0.003900116000295384,2.0,341,"[1.0, 1.0, 1.0, 1.0, 1.0, 1.0, 1.0, 1.0, 1.0, 1.0, 1.0, 1.0, -0.0, -0.0, -0.0, 1.0, 1.0, 1.0, -0.0, -0.0, -0.0, 1.0, 1.0, 1.0, -0.0, -0.0, -0.0, 1.0, 1.0, 1.0, -0.0, -0.0, -0.0, -0.0, -0.0, -0.0]","[6.103515625e-05, 6.103515625e-05, 6.103515625e-05, 6.103515625e-05, 6.103515625e-05, 6.103515625e-05, 6.103515625e-05, 6.103515625e-05, 6.103515625e-05, 6.103515625e-05, 6.103515625e-05, 6.103515625e-05, 6.103515625e-05, 6.103515625e-05, 6.103515625e-05, 6.103515625e-05, 6.103515625e-05, 6.103515625e-05, 6.103515625e-05, 6.103515625e-05, 6.103515625e-05, 6.103515625e-05, 6.103515625e-05, 6.103515625e-05, 0.19611613513818404]"
1000000000,0,12,Joint-dyadic,True,highs,kOptimal,True,verified,0.01642041299965058,0.0038469829996756744,1,341,"[1.0, 1.0, 1.0, 1.0, 1.0, 1.0, 1.0, 1.0, 1.0, 1.0, 1.0, 1.0, 0.0, 0.0, 0.0, 1.0, 1.0, 1.0, 0.0, 0.0, 0.0, 1.0, 1.0, 1.0, 0.0, 0.0, 0.0, 1.0, 1.0, 1.0, 0.0, 0.0, 0.0, 0.0, 0.0, 0.0]","[6.103515625e-05, 6.103515625e-05, 6.103515625e-05, 6.103515625e-05, 6.103515625e-05, 6.103515625e-05, 6.103515625e-05, 6.103515625e-05, 6.103515625e-05, 6.103515625e-05, 6.103515625e-05, 6.103515625e-05, 6.103515625e-05, 6.103515625e-05, 6.103515625e-05, 6.103515625e-05, 6.103515625e-05, 6.103515625e-05, 6.103515625e-05, 6.103515625e-05, 6.103515625e-05, 6.103515625e-05, 6.103515625e-05, 6.103515625e-05, 0.19611613513818404]"
1000000000,0,12,Joint-dyadic,True,gurobi,2,True,verified,0.01642041299965058,0.0007829770001990255,1.0,341,"[1.0, 1.0, 1.0, 1.0, 1.0, 1.0, 1.0, 1.0, 1.0, 1.0, 1.0, 1.0, 0.0, 0.0, 0.0, 1.0, 1.0, 1.0, 0.0, 0.0, 0.0, 1.0, 1.0, 1.0, 0.0, 0.0, 0.0, 1.0, 1.0, 1.0, 0.0, 0.0, 0.0, 0.0, 0.0, 0.0]","[6.103515625e-05, 6.103515625e-05, 6.103515625e-05, 6.103515625e-05, 6.103515625e-05, 6.103515625e-05, 6.103515625e-05, 6.103515625e-05, 6.103515625e-05, 6.103515625e-05, 6.103515625e-05, 6.103515625e-05, 6.103515625e-05, 6.103515625e-05, 6.103515625e-05, 6.103515625e-05, 6.103515625e-05, 6.103515625e-05, 6.103515625e-05, 6.103515625e-05, 6.103515625e-05, 6.103515625e-05, 6.103515625e-05, 6.103515625e-05, 0.19611613513818404]"
1000000000,0,12,Aggregate-GM,False,highs,kOptimal,True,verified,0.00020551899979182053,0.00643741499970929,1,341,"[1.0, 1.0, 1.0, 1.0, 1.0, 1.0, 1.0, 1.0, 1.0, 1.0, 1.0, 1.0, 0.0, 0.0, 0.0, 1.0, 1.0, 1.0, 0.0, 0.0, 0.0, 1.0, 1.0, 1.0, 0.0, 0.0, 0.0, 1.0, 1.0, 1.0, 0.0, 0.0, 0.0, 0.0, 0.0, 0.0]","[3.1622776601683795e-05, 3.1622776601683795e-05, 3.1622776601683795e-05, 3.1622776601683795e-05, 3.1622776601683795e-05, 3.1622776601683795e-05, 3.1622776601683795e-05, 3.1622776601683795e-05, 3.1622776601683795e-05, 3.1622776601683795e-05, 3.1622776601683795e-05, 3.1622776601683795e-05, 3.1622776601683795e-05, 3.1622776601683795e-05, 3.1622776601683795e-05, 3.1622776601683795e-05, 3.1622776601683795e-05, 3.1622776601683795e-05, 3.1622776601683795e-05, 3.1622776601683795e-05, 3.1622776601683795e-05, 3.1622776601683795e-05, 3.1622776601683795e-05, 3.1622776601683795e-05, 0.19611613513818404, 0.7071067811865475, 0.7071067811865475, 0.7071067811865475, 0.7071067811865475, 0.7071067811865475, 0.7071067811865475, 0.7071067811865475, 0.7071067811865475, 0.7071067811865475, 0.7071067811865475, 0.7071067811865475, 0.7071067811865475]"
1000000000,0,12,Aggregate-GM,False,gurobi,2,True,verified,0.00020551899979182053,0.0026517770002101315,1.0,341,"[1.0, 1.0, 1.0, 1.0, 1.0, 1.0, 1.0, 1.0, 1.0, 1.0, 1.0, 1.0, 0.0, 0.0, 0.0, 1.0, 1.0, 1.0, -0.0, -0.0, -0.0, 1.0, 1.0, 1.0, -0.0, -0.0, -0.0, 1.0, 1.0, 1.0, -0.0, -0.0, -0.0, 0.0, 0.0, 0.0]","[3.1622776601683795e-05, 3.1622776601683795e-05, 3.1622776601683795e-05, 3.1622776601683795e-05, 3.1622776601683795e-05, 3.1622776601683795e-05, 3.1622776601683795e-05, 3.1622776601683795e-05, 3.1622776601683795e-05, 3.1622776601683795e-05, 3.1622776601683795e-05, 3.1622776601683795e-05, 3.1622776601683795e-05, 3.1622776601683795e-05, 3.1622776601683795e-05, 3.1622776601683795e-05, 3.1622776601683795e-05, 3.1622776601683795e-05, 3.1622776601683795e-05, 3.1622776601683795e-05, 3.1622776601683795e-05, 3.1622776601683795e-05, 3.1622776601683795e-05, 3.1622776601683795e-05, 0.19611613513818404, 0.7071067811865475, 0.7071067811865475, 0.7071067811865475, 0.7071067811865475, 0.7071067811865475, 0.7071067811865475, 0.7071067811865475, 0.7071067811865475, 0.7071067811865475, 0.7071067811865475, 0.7071067811865475, 0.7071067811865475]"
1000000000,0,12,Aggregate-GM,True,highs,kOptimal,True,verified,0.00020551899979182053,0.0038754240003981977,1,341,"[1.0, 1.0, 1.0, 1.0, 1.0, 1.0, 1.0, 1.0, 1.0, 1.0, 1.0, 1.0, 0.0, 0.0, 0.0, 1.0, 1.0, 1.0, 0.0, 0.0, 0.0, 1.0, 1.0, 1.0, 0.0, 0.0, 0.0, 1.0, 1.0, 1.0, 0.0, 0.0, 0.0, 0.0, 0.0, 0.0]","[3.1622776601683795e-05, 3.1622776601683795e-05, 3.1622776601683795e-05, 3.1622776601683795e-05, 3.1622776601683795e-05, 3.1622776601683795e-05, 3.1622776601683795e-05, 3.1622776601683795e-05, 3.1622776601683795e-05, 3.1622776601683795e-05, 3.1622776601683795e-05, 3.1622776601683795e-05, 3.1622776601683795e-05, 3.1622776601683795e-05, 3.1622776601683795e-05, 3.1622776601683795e-05, 3.1622776601683795e-05, 3.1622776601683795e-05, 3.1622776601683795e-05, 3.1622776601683795e-05, 3.1622776601683795e-05, 3.1622776601683795e-05, 3.1622776601683795e-05, 3.1622776601683795e-05, 0.19611613513818404, 0.7071067811865475, 0.7071067811865475, 0.7071067811865475, 0.7071067811865475, 0.7071067811865475, 0.7071067811865475, 0.7071067811865475, 0.7071067811865475, 0.7071067811865475, 0.7071067811865475, 0.7071067811865475, 0.7071067811865475]"
1000000000,0,12,Aggregate-GM,True,gurobi,2,True,verified,0.00020551899979182053,0.0008060489999479614,1.0,341,"[1.0, 1.0, 1.0, 1.0, 1.0, 1.0, 1.0, 1.0, 1.0, 1.0, 1.0, 1.0, 0.0, 0.0, 0.0, 1.0, 1.0, 1.0, 0.0, 0.0, 0.0, 1.0, 1.0, 1.0, 0.0, 0.0, 0.0, 1.0, 1.0, 1.0, 0.0, 0.0, 0.0, 0.0, 0.0, 0.0]","[3.1622776601683795e-05, 3.1622776601683795e-05, 3.1622776601683795e-05, 3.1622776601683795e-05, 3.1622776601683795e-05, 3.1622776601683795e-05, 3.1622776601683795e-05, 3.1622776601683795e-05, 3.1622776601683795e-05, 3.1622776601683795e-05, 3.1622776601683795e-05, 3.1622776601683795e-05, 3.1622776601683795e-05, 3.1622776601683795e-05, 3.1622776601683795e-05, 3.1622776601683795e-05, 3.1622776601683795e-05, 3.1622776601683795e-05, 3.1622776601683795e-05, 3.1622776601683795e-05, 3.1622776601683795e-05, 3.1622776601683795e-05, 3.1622776601683795e-05, 3.1622776601683795e-05, 0.19611613513818404, 0.7071067811865475, 0.7071067811865475, 0.7071067811865475, 0.7071067811865475, 0.7071067811865475, 0.7071067811865475, 0.7071067811865475, 0.7071067811865475, 0.7071067811865475, 0.7071067811865475, 0.7071067811865475, 0.7071067811865475]"
1000000000,1,12,Base,False,highs,kOptimal,True,verified,8.037000043259468e-06,0.0022361769997587544,1,385,"[1.0, 1.0, 1.0, 1.0, 1.0, 1.0, 0.0, 0.0, 0.0, 1.0, 1.0, 1.0, 1.0, 1.0, 1.0, 0.0, 0.0, 0.0, 0.0, 0.0, 0.0, 0.0, 0.0, 0.0, 1.0, 1.0, 1.0, 1.0, 1.0, 1.0, 0.0, 0.0, 0.0, 1.0, 1.0, 1.0]","[1.0, 1.0, 1.0, 1.0, 1.0, 1.0, 1.0, 1.0, 1.0, 1.0, 1.0, 1.0, 1.0, 1.0, 1.0, 1.0, 1.0, 1.0, 1.0, 1.0, 1.0, 1.0, 1.0, 1.0, 1.0]"
1000000000,1,12,Base,False,gurobi,2,True,verified,8.037000043259468e-06,0.011245183000028192,178.0,385,"[1.0, 1.0, 1.0, 1.0, 1.0, 1.0, -0.0, -0.0, -0.0, 1.0, 1.0, 1.0, 1.0, 1.0, 1.0, -0.0, -0.0, -0.0, -0.0, -0.0, -0.0, -0.0, -0.0, -0.0, 1.0, 1.0, 1.0, 1.0, 1.0, 1.0, -0.0, -0.0, -0.0, 1.0, 1.0, 1.0]","[1.0, 1.0, 1.0, 1.0, 1.0, 1.0, 1.0, 1.0, 1.0, 1.0, 1.0, 1.0, 1.0, 1.0, 1.0, 1.0, 1.0, 1.0, 1.0, 1.0, 1.0, 1.0, 1.0, 1.0, 1.0]"
1000000000,1,12,Base,True,highs,kOptimal,True,verified,8.037000043259468e-06,0.003600980999181047,1,385,"[1.0, 1.0, 1.0, 1.0, 1.0, 1.0, 0.0, 0.0, 0.0, 1.0, 1.0, 1.0, 1.0, 1.0, 1.0, 0.0, 0.0, 0.0, 0.0, 0.0, 0.0, 0.0, 0.0, 0.0, 1.0, 1.0, 1.0, 1.0, 1.0, 1.0, 0.0, 0.0, 0.0, 1.0, 1.0, 1.0]","[1.0, 1.0, 1.0, 1.0, 1.0, 1.0, 1.0, 1.0, 1.0, 1.0, 1.0, 1.0, 1.0, 1.0, 1.0, 1.0, 1.0, 1.0, 1.0, 1.0, 1.0, 1.0, 1.0, 1.0, 1.0]"
1000000000,1,12,Base,True,gurobi,2,True,verified,8.037000043259468e-06,0.0004488519998631091,0.0,385,"[1.0, 1.0, 1.0, 1.0, 1.0, 1.0, 0.0, 0.0, 0.0, 1.0, 1.0, 1.0, 1.0, 1.0, 1.0, 0.0, 0.0, 0.0, 0.0, 0.0, 0.0, 0.0, 0.0, 0.0, 1.0, 1.0, 1.0, 1.0, 1.0, 1.0, 0.0, 0.0, 0.0, 1.0, 1.0, 1.0]","[1.0, 1.0, 1.0, 1.0, 1.0, 1.0, 1.0, 1.0, 1.0, 1.0, 1.0, 1.0, 1.0, 1.0, 1.0, 1.0, 1.0, 1.0, 1.0, 1.0, 1.0, 1.0, 1.0, 1.0, 1.0]"
1000000000,1,12,GM,False,highs,kOptimal,True,verified,0.00014352600010170136,0.04868819999956031,104,385,"[1.0, 1.0, 1.0, 1.0, 1.0, 1.0, 0.0, 0.0, 0.0, 1.0, 1.0, 1.0, 1.0, 1.0, 1.0, 0.0, 0.0, 0.0, 0.0, 0.0, 0.0, 0.0, 0.0, 0.0, 1.0, 1.0, 1.0, 1.0, 1.0, 1.0, 0.0, 0.0, 0.0, 1.0, 1.0, 1.0]","[3.1622776601683795e-05, 3.1622776601683795e-05, 3.1622776601683795e-05, 3.1622776601683795e-05, 3.1622776601683795e-05, 3.1622776601683795e-05, 3.1622776601683795e-05, 3.1622776601683795e-05, 3.1622776601683795e-05, 3.1622776601683795e-05, 3.1622776601683795e-05, 3.1622776601683795e-05, 3.1622776601683795e-05, 3.1622776601683795e-05, 3.1622776601683795e-05, 3.1622776601683795e-05, 3.1622776601683795e-05, 3.1622776601683795e-05, 3.1622776601683795e-05, 3.1622776601683795e-05, 3.1622776601683795e-05, 3.1622776601683795e-05, 3.1622776601683795e-05, 3.1622776601683795e-05, 0.2773500981126146]"
1000000000,1,12,GM,False,gurobi,2,True,verified,0.00014352600010170136,0.012265183999261353,180.0,385,"[1.0000000005, 1.0, 1.0, 1.0000000005, 1.0, 1.0, 5e-10, -0.0, -0.0, 1.0000000005, 1.0, 1.0, 1.0000000005, 1.0, 1.0, 0.0, 0.0, -0.0, 0.0, 0.0, -0.0, 5e-10, -0.0, -0.0, 1.0000000005, 1.0, 1.0, 1.0000000005, 1.0, 1.0, 5e-10, -0.0, -0.0, 1.0000000005, 1.0, 1.0]","[3.1622776601683795e-05, 3.1622776601683795e-05, 3.1622776601683795e-05, 3.1622776601683795e-05, 3.1622776601683795e-05, 3.1622776601683795e-05, 3.1622776601683795e-05, 3.1622776601683795e-05, 3.1622776601683795e-05, 3.1622776601683795e-05, 3.1622776601683795e-05, 3.1622776601683795e-05, 3.1622776601683795e-05, 3.1622776601683795e-05, 3.1622776601683795e-05, 3.1622776601683795e-05, 3.1622776601683795e-05, 3.1622776601683795e-05, 3.1622776601683795e-05, 3.1622776601683795e-05, 3.1622776601683795e-05, 3.1622776601683795e-05, 3.1622776601683795e-05, 3.1622776601683795e-05, 0.2773500981126146]"
1000000000,1,12,GM,True,highs,kOptimal,True,verified,0.00014352600010170136,0.003582070999982534,1,385,"[1.0, 1.0, 1.0, 1.0, 1.0, 1.0, 0.0, 0.0, 0.0, 1.0, 1.0, 1.0, 1.0, 1.0, 1.0, 0.0, 0.0, 0.0, 0.0, 0.0, 0.0, 0.0, 0.0, 0.0, 1.0, 1.0, 1.0, 1.0, 1.0, 1.0, 0.0, 0.0, 0.0, 1.0, 1.0, 1.0]","[3.1622776601683795e-05, 3.1622776601683795e-05, 3.1622776601683795e-05, 3.1622776601683795e-05, 3.1622776601683795e-05, 3.1622776601683795e-05, 3.1622776601683795e-05, 3.1622776601683795e-05, 3.1622776601683795e-05, 3.1622776601683795e-05, 3.1622776601683795e-05, 3.1622776601683795e-05, 3.1622776601683795e-05, 3.1622776601683795e-05, 3.1622776601683795e-05, 3.1622776601683795e-05, 3.1622776601683795e-05, 3.1622776601683795e-05, 3.1622776601683795e-05, 3.1622776601683795e-05, 3.1622776601683795e-05, 3.1622776601683795e-05, 3.1622776601683795e-05, 3.1622776601683795e-05, 0.2773500981126146]"
1000000000,1,12,GM,True,gurobi,2,True,verified,0.00014352600010170136,0.0005460909997054841,1.0,385,"[1.0, 1.0, 1.0, 1.0, 1.0, 1.0, 0.0, 0.0, -0.0, 1.0, 1.0, 1.0, 1.0, 1.0, 1.0, 0.0, 0.0, 0.0, 0.0, 0.0, -0.0, 0.0, 0.0, -0.0, 1.0, 1.0, 1.0, 1.0, 1.0, 1.0, 0.0, 0.0, -0.0, 1.0, 1.0, 1.0]","[3.1622776601683795e-05, 3.1622776601683795e-05, 3.1622776601683795e-05, 3.1622776601683795e-05, 3.1622776601683795e-05, 3.1622776601683795e-05, 3.1622776601683795e-05, 3.1622776601683795e-05, 3.1622776601683795e-05, 3.1622776601683795e-05, 3.1622776601683795e-05, 3.1622776601683795e-05, 3.1622776601683795e-05, 3.1622776601683795e-05, 3.1622776601683795e-05, 3.1622776601683795e-05, 3.1622776601683795e-05, 3.1622776601683795e-05, 3.1622776601683795e-05, 3.1622776601683795e-05, 3.1622776601683795e-05, 3.1622776601683795e-05, 3.1622776601683795e-05, 3.1622776601683795e-05, 0.2773500981126146]"
1000000000,1,12,GCD-floor,False,highs,kOptimal,True,verified,1.0637000741553493e-05,0.0022262669999690843,1,385,"[1.0, 1.0, 1.0, 1.0, 1.0, 1.0, 0.0, 0.0, 0.0, 1.0, 1.0, 1.0, 1.0, 1.0, 1.0, 0.0, 0.0, 0.0, 0.0, 0.0, 0.0, 0.0, 0.0, 0.0, 1.0, 1.0, 1.0, 1.0, 1.0, 1.0, 0.0, 0.0, 0.0, 1.0, 1.0, 1.0]","[1.0, 1.0, 1.0, 1.0, 1.0, 1.0, 1.0, 1.0, 1.0, 1.0, 1.0, 1.0, 1.0, 1.0, 1.0, 1.0, 1.0, 1.0, 1.0, 1.0, 1.0, 1.0, 1.0, 1.0, 1.0]"
1000000000,1,12,GCD-floor,False,gurobi,2,True,verified,1.0637000741553493e-05,0.0004097459996046382,1.0,385,"[1.0, 1.0, 1.0, 1.0, 1.0, 1.0, 0.0, 0.0, 0.0, 1.0, 1.0, 1.0, 1.0, 1.0, 1.0, 0.0, 0.0, 0.0, 0.0, 0.0, 0.0, 0.0, 0.0, 0.0, 1.0, 1.0, 1.0, 1.0, 1.0, 1.0, 0.0, 0.0, 0.0, 1.0, 1.0, 1.0]","[1.0, 1.0, 1.0, 1.0, 1.0, 1.0, 1.0, 1.0, 1.0, 1.0, 1.0, 1.0, 1.0, 1.0, 1.0, 1.0, 1.0, 1.0, 1.0, 1.0, 1.0, 1.0, 1.0, 1.0, 1.0]"
1000000000,1,12,GCD-floor,True,highs,kOptimal,True,verified,1.0637000741553493e-05,0.0035989709995192243,1,385,"[1.0, 1.0, 1.0, 1.0, 1.0, 1.0, 0.0, 0.0, 0.0, 1.0, 1.0, 1.0, 1.0, 1.0, 1.0, 0.0, 0.0, 0.0, 0.0, 0.0, 0.0, 0.0, 0.0, 0.0, 1.0, 1.0, 1.0, 1.0, 1.0, 1.0, 0.0, 0.0, 0.0, 1.0, 1.0, 1.0]","[1.0, 1.0, 1.0, 1.0, 1.0, 1.0, 1.0, 1.0, 1.0, 1.0, 1.0, 1.0, 1.0, 1.0, 1.0, 1.0, 1.0, 1.0, 1.0, 1.0, 1.0, 1.0, 1.0, 1.0, 1.0]"
1000000000,1,12,GCD-floor,True,gurobi,2,True,verified,1.0637000741553493e-05,0.0003774520000661141,0.0,385,"[1.0, 1.0, 1.0, 1.0, 1.0, 1.0, 0.0, 0.0, 0.0, 1.0, 1.0, 1.0, 1.0, 1.0, 1.0, 0.0, 0.0, 0.0, 0.0, 0.0, 0.0, 0.0, 0.0, 0.0, 1.0, 1.0, 1.0, 1.0, 1.0, 1.0, 0.0, 0.0, 0.0, 1.0, 1.0, 1.0]","[1.0, 1.0, 1.0, 1.0, 1.0, 1.0, 1.0, 1.0, 1.0, 1.0, 1.0, 1.0, 1.0, 1.0, 1.0, 1.0, 1.0, 1.0, 1.0, 1.0, 1.0, 1.0, 1.0, 1.0, 1.0]"
1000000000,1,12,Row-dyadic,False,highs,ABSTAIN,False,no_point,0.010985543000060716,0.0,0,385,null,null
1000000000,1,12,Row-dyadic,False,gurobi,ABSTAIN,False,no_point,0.010985543000060716,0.0,0,385,null,null
1000000000,1,12,Row-dyadic,True,highs,ABSTAIN,False,no_point,0.010985543000060716,0.0,0,385,null,null
1000000000,1,12,Row-dyadic,True,gurobi,ABSTAIN,False,no_point,0.010985543000060716,0.0,0,385,null,null
1000000000,1,12,Joint-dyadic,False,highs,kOptimal,True,verified,0.016469655000037164,0.045012362000306894,104,385,"[1.0, 1.0, 1.0, 1.0, 1.0, 1.0, 0.0, 0.0, 0.0, 1.0, 1.0, 1.0, 1.0, 1.0, 1.0, 0.0, 0.0, 0.0, 0.0, 0.0, 0.0, 0.0, 0.0, 0.0, 1.0, 1.0, 1.0, 1.0, 1.0, 1.0, 0.0, 0.0, 0.0, 1.0, 1.0, 1.0]","[6.103515625e-05, 6.103515625e-05, 6.103515625e-05, 6.103515625e-05, 6.103515625e-05, 6.103515625e-05, 6.103515625e-05, 6.103515625e-05, 6.103515625e-05, 6.103515625e-05, 6.103515625e-05, 6.103515625e-05, 6.103515625e-05, 6.103515625e-05, 6.103515625e-05, 6.103515625e-05, 6.103515625e-05, 6.103515625e-05, 6.103515625e-05, 6.103515625e-05, 6.103515625e-05, 6.103515625e-05, 6.103515625e-05, 6.103515625e-05, 0.2773500981126146]"
1000000000,1,12,Joint-dyadic,False,gurobi,2,False,domain,0.016469655000037164,0.0019232269996791729,1.0,385,"[1.0000000005, 1.0, 0.9999999992499999, 1.0000000005, 1.0, 0.9999999992499999, 0.0, 0.0, -0.0, 1.0000000005, 1.0, 0.9999999992499999, 1.0000000005, 1.0, 0.9999999992499999, 0.0, 0.0, 0.0, 1.1995927520725826e-07, 1.1945927532671752e-07, -0.0, 1.1995927520725826e-07, 1.1945927532671752e-07, -0.0, 1.0000000005, 1.0, 0.9999999992499999, 1.0000000005, 1.0, 0.9999999992499999, 1.1995927520725826e-07, 1.1945927532671752e-07, -0.0, 1.0000000005, 1.0, 0.9999999992499999]","[6.103515625e-05, 6.103515625e-05, 6.103515625e-05, 6.103515625e-05, 6.103515625e-05, 6.103515625e-05, 6.103515625e-05, 6.103515625e-05, 6.103515625e-05, 6.103515625e-05, 6.103515625e-05, 6.103515625e-05, 6.103515625e-05, 6.103515625e-05, 6.103515625e-05, 6.103515625e-05, 6.103515625e-05, 6.103515625e-05, 6.103515625e-05, 6.103515625e-05, 6.103515625e-05, 6.103515625e-05, 6.103515625e-05, 6.103515625e-05, 0.2773500981126146]"
1000000000,1,12,Joint-dyadic,True,highs,kOptimal,True,verified,0.016469655000037164,0.003549654000380542,1,385,"[1.0, 1.0, 1.0, 1.0, 1.0, 1.0, 0.0, 0.0, 0.0, 1.0, 1.0, 1.0, 1.0, 1.0, 1.0, 0.0, 0.0, 0.0, 0.0, 0.0, 0.0, 0.0, 0.0, 0.0, 1.0, 1.0, 1.0, 1.0, 1.0, 1.0, 0.0, 0.0, 0.0, 1.0, 1.0, 1.0]","[6.103515625e-05, 6.103515625e-05, 6.103515625e-05, 6.103515625e-05, 6.103515625e-05, 6.103515625e-05, 6.103515625e-05, 6.103515625e-05, 6.103515625e-05, 6.103515625e-05, 6.103515625e-05, 6.103515625e-05, 6.103515625e-05, 6.103515625e-05, 6.103515625e-05, 6.103515625e-05, 6.103515625e-05, 6.103515625e-05, 6.103515625e-05, 6.103515625e-05, 6.103515625e-05, 6.103515625e-05, 6.103515625e-05, 6.103515625e-05, 0.2773500981126146]"
1000000000,1,12,Joint-dyadic,True,gurobi,2,True,verified,0.016469655000037164,0.0004992120002498268,1.0,385,"[1.0, 1.0, 1.0, 1.0, 1.0, 1.0, 0.0, 0.0, -0.0, 1.0, 1.0, 1.0, 1.0, 1.0, 1.0, 0.0, 0.0, 0.0, 0.0, 0.0, -0.0, 0.0, 0.0, -0.0, 1.0, 1.0, 1.0, 1.0, 1.0, 1.0, 0.0, 0.0, -0.0, 1.0, 1.0, 1.0]","[6.103515625e-05, 6.103515625e-05, 6.103515625e-05, 6.103515625e-05, 6.103515625e-05, 6.103515625e-05, 6.103515625e-05, 6.103515625e-05, 6.103515625e-05, 6.103515625e-05, 6.103515625e-05, 6.103515625e-05, 6.103515625e-05, 6.103515625e-05, 6.103515625e-05, 6.103515625e-05, 6.103515625e-05, 6.103515625e-05, 6.103515625e-05, 6.103515625e-05, 6.103515625e-05, 6.103515625e-05, 6.103515625e-05, 6.103515625e-05, 0.2773500981126146]"
1000000000,1,12,Aggregate-GM,False,highs,kOptimal,True,verified,0.00021336999998311512,0.009157975000562146,1,385,"[1.0, 1.0, 1.0, 1.0, 1.0, 1.0, 0.0, 0.0, 0.0, 1.0, 1.0, 1.0, 1.0, 1.0, 1.0, 0.0, 0.0, 0.0, 0.0, 0.0, 0.0, 0.0, 0.0, 0.0, 1.0, 1.0, 1.0, 1.0, 1.0, 1.0, 0.0, 0.0, 0.0, 1.0, 1.0, 1.0]","[3.1622776601683795e-05, 3.1622776601683795e-05, 3.1622776601683795e-05, 3.1622776601683795e-05, 3.1622776601683795e-05, 3.1622776601683795e-05, 3.1622776601683795e-05, 3.1622776601683795e-05, 3.1622776601683795e-05, 3.1622776601683795e-05, 3.1622776601683795e-05, 3.1622776601683795e-05, 3.1622776601683795e-05, 3.1622776601683795e-05, 3.1622776601683795e-05, 3.1622776601683795e-05, 3.1622776601683795e-05, 3.1622776601683795e-05, 3.1622776601683795e-05, 3.1622776601683795e-05, 3.1622776601683795e-05, 3.1622776601683795e-05, 3.1622776601683795e-05, 3.1622776601683795e-05, 0.2773500981126146, 0.7071067811865475, 0.7071067811865475, 0.7071067811865475, 0.7071067811865475, 0.7071067811865475, 0.7071067811865475, 0.7071067811865475, 0.7071067811865475, 0.7071067811865475, 0.7071067811865475, 0.7071067811865475, 0.7071067811865475]"
1000000000,1,12,Aggregate-GM,False,gurobi,2,True,verified,0.00021336999998311512,0.0020000810000055935,1.0,385,"[1.0, 1.0, 1.0, 1.0, 1.0, 1.0, -0.0, -0.0, -0.0, 1.0, 1.0, 1.0, 1.0, 1.0, 1.0, -0.0, -0.0, -0.0, -0.0, -0.0, -0.0, -0.0, -0.0, -0.0, 1.0, 1.0, 1.0, 1.0, 1.0, 1.0, -0.0, -0.0, -0.0, 1.0, 1.0, 1.0]","[3.1622776601683795e-05, 3.1622776601683795e-05, 3.1622776601683795e-05, 3.1622776601683795e-05, 3.1622776601683795e-05, 3.1622776601683795e-05, 3.1622776601683795e-05, 3.1622776601683795e-05, 3.1622776601683795e-05, 3.1622776601683795e-05, 3.1622776601683795e-05, 3.1622776601683795e-05, 3.1622776601683795e-05, 3.1622776601683795e-05, 3.1622776601683795e-05, 3.1622776601683795e-05, 3.1622776601683795e-05, 3.1622776601683795e-05, 3.1622776601683795e-05, 3.1622776601683795e-05, 3.1622776601683795e-05, 3.1622776601683795e-05, 3.1622776601683795e-05, 3.1622776601683795e-05, 0.2773500981126146, 0.7071067811865475, 0.7071067811865475, 0.7071067811865475, 0.7071067811865475, 0.7071067811865475, 0.7071067811865475, 0.7071067811865475, 0.7071067811865475, 0.7071067811865475, 0.7071067811865475, 0.7071067811865475, 0.7071067811865475]"
1000000000,1,12,Aggregate-GM,True,highs,kOptimal,True,verified,0.00021336999998311512,0.0036043250001966953,1,385,"[1.0, 1.0, 1.0, 1.0, 1.0, 1.0, 0.0, 0.0, 0.0, 1.0, 1.0, 1.0, 1.0, 1.0, 1.0, 0.0, 0.0, 0.0, 0.0, 0.0, 0.0, 0.0, 0.0, 0.0, 1.0, 1.0, 1.0, 1.0, 1.0, 1.0, 0.0, 0.0, 0.0, 1.0, 1.0, 1.0]","[3.1622776601683795e-05, 3.1622776601683795e-05, 3.1622776601683795e-05, 3.1622776601683795e-05, 3.1622776601683795e-05, 3.1622776601683795e-05, 3.1622776601683795e-05, 3.1622776601683795e-05, 3.1622776601683795e-05, 3.1622776601683795e-05, 3.1622776601683795e-05, 3.1622776601683795e-05, 3.1622776601683795e-05, 3.1622776601683795e-05, 3.1622776601683795e-05, 3.1622776601683795e-05, 3.1622776601683795e-05, 3.1622776601683795e-05, 3.1622776601683795e-05, 3.1622776601683795e-05, 3.1622776601683795e-05, 3.1622776601683795e-05, 3.1622776601683795e-05, 3.1622776601683795e-05, 0.2773500981126146, 0.7071067811865475, 0.7071067811865475, 0.7071067811865475, 0.7071067811865475, 0.7071067811865475, 0.7071067811865475, 0.7071067811865475, 0.7071067811865475, 0.7071067811865475, 0.7071067811865475, 0.7071067811865475, 0.7071067811865475]"
1000000000,1,12,Aggregate-GM,True,gurobi,2,True,verified,0.00021336999998311512,0.0005641589996230323,1.0,385,"[1.0, 1.0, 1.0, 1.0, 1.0, 1.0, 0.0, 0.0, -0.0, 1.0, 1.0, 1.0, 1.0, 1.0, 1.0, 0.0, 0.0, 0.0, 0.0, 0.0, -0.0, 0.0, 0.0, -0.0, 1.0, 1.0, 1.0, 1.0, 1.0, 1.0, 0.0, 0.0, -0.0, 1.0, 1.0, 1.0]","[3.1622776601683795e-05, 3.1622776601683795e-05, 3.1622776601683795e-05, 3.1622776601683795e-05, 3.1622776601683795e-05, 3.1622776601683795e-05, 3.1622776601683795e-05, 3.1622776601683795e-05, 3.1622776601683795e-05, 3.1622776601683795e-05, 3.1622776601683795e-05, 3.1622776601683795e-05, 3.1622776601683795e-05, 3.1622776601683795e-05, 3.1622776601683795e-05, 3.1622776601683795e-05, 3.1622776601683795e-05, 3.1622776601683795e-05, 3.1622776601683795e-05, 3.1622776601683795e-05, 3.1622776601683795e-05, 3.1622776601683795e-05, 3.1622776601683795e-05, 3.1622776601683795e-05, 0.2773500981126146, 0.7071067811865475, 0.7071067811865475, 0.7071067811865475, 0.7071067811865475, 0.7071067811865475, 0.7071067811865475, 0.7071067811865475, 0.7071067811865475, 0.7071067811865475, 0.7071067811865475, 0.7071067811865475, 0.7071067811865475]"
1000000000,2,12,Base,False,highs,kOptimal,True,verified,7.403999916277826e-06,0.002170628000385477,1,302,"[1.0, 1.0, 1.0, 1.0, 1.0, 1.0, 0.0, 0.0, 0.0, 1.0, 1.0, 1.0, 1.0, 1.0, 1.0, 1.0, 1.0, 1.0, 0.0, 0.0, 0.0, 0.0, 0.0, 0.0, 0.0, 0.0, 0.0, 1.0, 1.0, 1.0, 1.0, 1.0, 1.0, 0.0, 0.0, 0.0]","[1.0, 1.0, 1.0, 1.0, 1.0, 1.0, 1.0, 1.0, 1.0, 1.0, 1.0, 1.0, 1.0, 1.0, 1.0, 1.0, 1.0, 1.0, 1.0, 1.0, 1.0, 1.0, 1.0, 1.0, 1.0]"
1000000000,2,12,Base,False,gurobi,2,True,verified,7.403999916277826e-06,0.010772259999612288,133.0,302,"[1.0, 1.0, 1.0, 1.0, 1.0, 1.0, -0.0, -0.0, -0.0, 1.0, 1.0, 1.0, 1.0, 1.0, 1.0, 1.0, 1.0, 1.0, -0.0, -0.0, -0.0, 0.0, 0.0, -0.0, -0.0, -0.0, -0.0, 1.0, 1.0, 1.0, 1.0, 1.0, 1.0, 0.0, 0.0, -0.0]","[1.0, 1.0, 1.0, 1.0, 1.0, 1.0, 1.0, 1.0, 1.0, 1.0, 1.0, 1.0, 1.0, 1.0, 1.0, 1.0, 1.0, 1.0, 1.0, 1.0, 1.0, 1.0, 1.0, 1.0, 1.0]"
1000000000,2,12,Base,True,highs,kOptimal,True,verified,7.403999916277826e-06,0.003800635000516195,0,302,"[1.0, 1.0, 1.0, 1.0, 1.0, 1.0, 0.0, 0.0, 0.0, 1.0, 1.0, 1.0, 1.0, 1.0, 1.0, 1.0, 1.0, 1.0, 0.0, 0.0, 0.0, 0.0, 0.0, 0.0, 0.0, 0.0, 0.0, 1.0, 1.0, 1.0, 1.0, 1.0, 1.0, 0.0, 0.0, 0.0]","[1.0, 1.0, 1.0, 1.0, 1.0, 1.0, 1.0, 1.0, 1.0, 1.0, 1.0, 1.0, 1.0, 1.0, 1.0, 1.0, 1.0, 1.0, 1.0, 1.0, 1.0, 1.0, 1.0, 1.0, 1.0]"
1000000000,2,12,Base,True,gurobi,2,True,verified,7.403999916277826e-06,0.00043798299975605914,0.0,302,"[1.0, 1.0, 1.0, 1.0, 1.0, 1.0, 0.0, 0.0, 0.0, 1.0, 1.0, 1.0, 1.0, 1.0, 1.0, 1.0, 1.0, 1.0, 0.0, 0.0, 0.0, 0.0, 0.0, 0.0, 0.0, 0.0, 0.0, 1.0, 1.0, 1.0, 1.0, 1.0, 1.0, 0.0, 0.0, 0.0]","[1.0, 1.0, 1.0, 1.0, 1.0, 1.0, 1.0, 1.0, 1.0, 1.0, 1.0, 1.0, 1.0, 1.0, 1.0, 1.0, 1.0, 1.0, 1.0, 1.0, 1.0, 1.0, 1.0, 1.0, 1.0]"
1000000000,2,12,GM,False,highs,kOptimal,True,verified,0.000118498000119871,0.04345383699910599,72,302,"[1.0, 1.0, 1.0, 1.0, 1.0, 1.0, 0.0, 0.0, 0.0, 1.0, 1.0, 1.0, 1.0, 1.0, 1.0, 1.0, 1.0, 1.0, 0.0, 0.0, 0.0, 0.0, 0.0, 0.0, 0.0, 0.0, 0.0, 1.0, 1.0, 1.0, 1.0, 1.0, 1.0, 0.0, 0.0, 0.0]","[3.1622776601683795e-05, 3.1622776601683795e-05, 3.1622776601683795e-05, 3.1622776601683795e-05, 3.1622776601683795e-05, 3.1622776601683795e-05, 3.1622776601683795e-05, 3.1622776601683795e-05, 3.1622776601683795e-05, 3.1622776601683795e-05, 3.1622776601683795e-05, 3.1622776601683795e-05, 3.1622776601683795e-05, 3.1622776601683795e-05, 3.1622776601683795e-05, 3.1622776601683795e-05, 3.1622776601683795e-05, 3.1622776601683795e-05, 3.1622776601683795e-05, 3.1622776601683795e-05, 3.1622776601683795e-05, 3.1622776601683795e-05, 3.1622776601683795e-05, 3.1622776601683795e-05, 0.2773500981126146]"
1000000000,2,12,GM,False,gurobi,2,True,verified,0.000118498000119871,0.010581694000393327,134.0,302,"[1.0, 1.0, 1.0, 1.0, 1.0, 1.0, -0.0, -0.0, -0.0, 1.0, 1.0, 1.0, 1.0, 1.0, 1.0, 1.0, 1.0, 1.0, -0.0, -0.0, -0.0, -0.0, -0.0, -0.0, 0.0, 0.0, -0.0, 1.0, 1.0, 1.0, 1.0, 1.0, 1.0, 0.0, 0.0, -0.0]","[3.1622776601683795e-05, 3.1622776601683795e-05, 3.1622776601683795e-05, 3.1622776601683795e-05, 3.1622776601683795e-05, 3.1622776601683795e-05, 3.1622776601683795e-05, 3.1622776601683795e-05, 3.1622776601683795e-05, 3.1622776601683795e-05, 3.1622776601683795e-05, 3.1622776601683795e-05, 3.1622776601683795e-05, 3.1622776601683795e-05, 3.1622776601683795e-05, 3.1622776601683795e-05, 3.1622776601683795e-05, 3.1622776601683795e-05, 3.1622776601683795e-05, 3.1622776601683795e-05, 3.1622776601683795e-05, 3.1622776601683795e-05, 3.1622776601683795e-05, 3.1622776601683795e-05, 0.2773500981126146]"
1000000000,2,12,GM,True,highs,kOptimal,True,verified,0.000118498000119871,0.0037502260001929244,0,302,"[1.0, 1.0, 1.0, 1.0, 1.0, 1.0, 0.0, 0.0, 0.0, 1.0, 1.0, 1.0, 1.0, 1.0, 1.0, 1.0, 1.0, 1.0, 0.0, 0.0, 0.0, 0.0, 0.0, 0.0, 0.0, 0.0, 0.0, 1.0, 1.0, 1.0, 1.0, 1.0, 1.0, 0.0, 0.0, 0.0]","[3.1622776601683795e-05, 3.1622776601683795e-05, 3.1622776601683795e-05, 3.1622776601683795e-05, 3.1622776601683795e-05, 3.1622776601683795e-05, 3.1622776601683795e-05, 3.1622776601683795e-05, 3.1622776601683795e-05, 3.1622776601683795e-05, 3.1622776601683795e-05, 3.1622776601683795e-05, 3.1622776601683795e-05, 3.1622776601683795e-05, 3.1622776601683795e-05, 3.1622776601683795e-05, 3.1622776601683795e-05, 3.1622776601683795e-05, 3.1622776601683795e-05, 3.1622776601683795e-05, 3.1622776601683795e-05, 3.1622776601683795e-05, 3.1622776601683795e-05, 3.1622776601683795e-05, 0.2773500981126146]"
1000000000,2,12,GM,True,gurobi,2,True,verified,0.000118498000119871,0.000720435999937763,1.0,302,"[1.0, 1.0, 1.0, 1.0, 1.0, 1.0, 0.0, 0.0, -0.0, 1.0, 1.0, 1.0, 1.0, 1.0, 1.0, 1.0, 1.0, 1.0, 0.0, 0.0, 0.0, 0.0, 0.0, -0.0, 0.0, 0.0, -0.0, 1.0, 1.0, 1.0, 1.0, 1.0, 1.0, 0.0, 0.0, -0.0]","[3.1622776601683795e-05, 3.1622776601683795e-05, 3.1622776601683795e-05, 3.1622776601683795e-05, 3.1622776601683795e-05, 3.1622776601683795e-05, 3.1622776601683795e-05, 3.1622776601683795e-05, 3.1622776601683795e-05, 3.1622776601683795e-05, 3.1622776601683795e-05, 3.1622776601683795e-05, 3.1622776601683795e-05, 3.1622776601683795e-05, 3.1622776601683795e-05, 3.1622776601683795e-05, 3.1622776601683795e-05, 3.1622776601683795e-05, 3.1622776601683795e-05, 3.1622776601683795e-05, 3.1622776601683795e-05, 3.1622776601683795e-05, 3.1622776601683795e-05, 3.1622776601683795e-05, 0.2773500981126146]"
1000000000,2,12,GCD-floor,False,highs,kOptimal,True,verified,1.0313000530004501e-05,0.0021510369997486123,1,302,"[1.0, 1.0, 1.0, 1.0, 1.0, 1.0, 0.0, 0.0, 0.0, 1.0, 1.0, 1.0, 1.0, 1.0, 1.0, 1.0, 1.0, 1.0, 0.0, 0.0, 0.0, 0.0, 0.0, 0.0, 0.0, 0.0, 0.0, 1.0, 1.0, 1.0, 1.0, 1.0, 1.0, 0.0, 0.0, 0.0]","[1.0, 1.0, 1.0, 1.0, 1.0, 1.0, 1.0, 1.0, 1.0, 1.0, 1.0, 1.0, 1.0, 1.0, 1.0, 1.0, 1.0, 1.0, 1.0, 1.0, 1.0, 1.0, 1.0, 1.0, 1.0]"
1000000000,2,12,GCD-floor,False,gurobi,2,True,verified,1.0313000530004501e-05,0.0008304270004373393,1.0,302,"[1.0, 1.0, 1.0, 1.0, 1.0, 1.0, 0.0, 0.0, -0.0, 1.0, 1.0, 1.0, 1.0, 1.0, 1.0, 1.0, 1.0, 1.0, 0.0, 0.0, 0.0, 0.0, 0.0, -0.0, 0.0, 0.0, -0.0, 1.0, 1.0, 1.0, 1.0, 1.0, 1.0, 0.0, 0.0, -0.0]","[1.0, 1.0, 1.0, 1.0, 1.0, 1.0, 1.0, 1.0, 1.0, 1.0, 1.0, 1.0, 1.0, 1.0, 1.0, 1.0, 1.0, 1.0, 1.0, 1.0, 1.0, 1.0, 1.0, 1.0, 1.0]"
1000000000,2,12,GCD-floor,True,highs,kOptimal,True,verified,1.0313000530004501e-05,0.0038254549999692244,0,302,"[1.0, 1.0, 1.0, 1.0, 1.0, 1.0, 0.0, 0.0, 0.0, 1.0, 1.0, 1.0, 1.0, 1.0, 1.0, 1.0, 1.0, 1.0, 0.0, 0.0, 0.0, 0.0, 0.0, 0.0, 0.0, 0.0, 0.0, 1.0, 1.0, 1.0, 1.0, 1.0, 1.0, 0.0, 0.0, 0.0]","[1.0, 1.0, 1.0, 1.0, 1.0, 1.0, 1.0, 1.0, 1.0, 1.0, 1.0, 1.0, 1.0, 1.0, 1.0, 1.0, 1.0, 1.0, 1.0, 1.0, 1.0, 1.0, 1.0, 1.0, 1.0]"
1000000000,2,12,GCD-floor,True,gurobi,2,True,verified,1.0313000530004501e-05,0.0004020409996883245,0.0,302,"[1.0, 1.0, 1.0, 1.0, 1.0, 1.0, 0.0, 0.0, 0.0, 1.0, 1.0, 1.0, 1.0, 1.0, 1.0, 1.0, 1.0, 1.0, 0.0, 0.0, 0.0, 0.0, 0.0, 0.0, 0.0, 0.0, 0.0, 1.0, 1.0, 1.0, 1.0, 1.0, 1.0, 0.0, 0.0, 0.0]","[1.0, 1.0, 1.0, 1.0, 1.0, 1.0, 1.0, 1.0, 1.0, 1.0, 1.0, 1.0, 1.0, 1.0, 1.0, 1.0, 1.0, 1.0, 1.0, 1.0, 1.0, 1.0, 1.0, 1.0, 1.0]"
1000000000,2,12,Row-dyadic,False,highs,ABSTAIN,False,no_point,0.011004818999936106,0.0,0,302,null,null
1000000000,2,12,Row-dyadic,False,gurobi,ABSTAIN,False,no_point,0.011004818999936106,0.0,0,302,null,null
1000000000,2,12,Row-dyadic,True,highs,ABSTAIN,False,no_point,0.011004818999936106,0.0,0,302,null,null
1000000000,2,12,Row-dyadic,True,gurobi,ABSTAIN,False,no_point,0.011004818999936106,0.0,0,302,null,null
1000000000,2,12,Joint-dyadic,False,highs,kOptimal,True,verified,0.01653949699993973,0.041610916000536236,67,302,"[1.0, 1.0, 1.0, 1.0, 1.0, 1.0, 0.0, 0.0, 0.0, 1.0, 1.0, 1.0, 1.0, 1.0, 1.0, 1.0, 1.0, 1.0, 0.0, 0.0, 0.0, 0.0, 0.0, 0.0, -0.0, 0.0, 0.0, 1.0, 1.0, 1.0, 1.0, 1.0, 1.0, 0.0, 0.0, 0.0]","[6.103515625e-05, 6.103515625e-05, 6.103515625e-05, 6.103515625e-05, 6.103515625e-05, 6.103515625e-05, 6.103515625e-05, 6.103515625e-05, 6.103515625e-05, 6.103515625e-05, 6.103515625e-05, 6.103515625e-05, 6.103515625e-05, 6.103515625e-05, 6.103515625e-05, 6.103515625e-05, 6.103515625e-05, 6.103515625e-05, 6.103515625e-05, 6.103515625e-05, 6.103515625e-05, 6.103515625e-05, 6.103515625e-05, 6.103515625e-05, 0.2773500981126146]"
1000000000,2,12,Joint-dyadic,False,gurobi,2,False,domain,0.01653949699993973,0.0020091129999855184,1.0,302,"[1.0000000005, 1.0, 0.9999999992499999, 1.0000000005, 1.0, 0.9999999992499999, 4.999998805407105e-10, -0.0, -1.1945928950764323e-07, 1.0000000005, 1.0, 0.9999999992499999, 1.0000000005, 1.0, 0.9999999992499999, 1.0000000005, 1.0, 0.9999999992499999, 0.0, 0.0, 0.0, 1.1995927520725826e-07, 1.1945927532671752e-07, -0.0, 0.0, 0.0, -0.0, 1.0000000005, 1.0, 0.9999999992499999, 1.0000000005, 1.0, 0.9999999992499999, 1.1995927520725826e-07, 1.1945927532671752e-07, -0.0]","[6.103515625e-05, 6.103515625e-05, 6.103515625e-05, 6.103515625e-05, 6.103515625e-05, 6.103515625e-05, 6.103515625e-05, 6.103515625e-05, 6.103515625e-05, 6.103515625e-05, 6.103515625e-05, 6.103515625e-05, 6.103515625e-05, 6.103515625e-05, 6.103515625e-05, 6.103515625e-05, 6.103515625e-05, 6.103515625e-05, 6.103515625e-05, 6.103515625e-05, 6.103515625e-05, 6.103515625e-05, 6.103515625e-05, 6.103515625e-05, 0.2773500981126146]"
1000000000,2,12,Joint-dyadic,True,highs,kOptimal,True,verified,0.01653949699993973,0.0037389910003184923,0,302,"[1.0, 1.0, 1.0, 1.0, 1.0, 1.0, 0.0, 0.0, 0.0, 1.0, 1.0, 1.0, 1.0, 1.0, 1.0, 1.0, 1.0, 1.0, 0.0, 0.0, 0.0, 0.0, 0.0, 0.0, 0.0, 0.0, 0.0, 1.0, 1.0, 1.0, 1.0, 1.0, 1.0, 0.0, 0.0, 0.0]","[6.103515625e-05, 6.103515625e-05, 6.103515625e-05, 6.103515625e-05, 6.103515625e-05, 6.103515625e-05, 6.103515625e-05, 6.103515625e-05, 6.103515625e-05, 6.103515625e-05, 6.103515625e-05, 6.103515625e-05, 6.103515625e-05, 6.103515625e-05, 6.103515625e-05, 6.103515625e-05, 6.103515625e-05, 6.103515625e-05, 6.103515625e-05, 6.103515625e-05, 6.103515625e-05, 6.103515625e-05, 6.103515625e-05, 6.103515625e-05, 0.2773500981126146]"
1000000000,2,12,Joint-dyadic,True,gurobi,2,True,verified,0.01653949699993973,0.00068395100061025,1.0,302,"[1.0, 1.0, 1.0, 1.0, 1.0, 1.0, 0.0, 0.0, -0.0, 1.0, 1.0, 1.0, 1.0, 1.0, 1.0, 1.0, 1.0, 1.0, 0.0, 0.0, 0.0, 0.0, 0.0, -0.0, 0.0, 0.0, -0.0, 1.0, 1.0, 1.0, 1.0, 1.0, 1.0, 0.0, 0.0, -0.0]","[6.103515625e-05, 6.103515625e-05, 6.103515625e-05, 6.103515625e-05, 6.103515625e-05, 6.103515625e-05, 6.103515625e-05, 6.103515625e-05, 6.103515625e-05, 6.103515625e-05, 6.103515625e-05, 6.103515625e-05, 6.103515625e-05, 6.103515625e-05, 6.103515625e-05, 6.103515625e-05, 6.103515625e-05, 6.103515625e-05, 6.103515625e-05, 6.103515625e-05, 6.103515625e-05, 6.103515625e-05, 6.103515625e-05, 6.103515625e-05, 0.2773500981126146]"
1000000000,2,12,Aggregate-GM,False,highs,kOptimal,False,domain,0.0002322549999007606,0.0054821679996166495,1,302,"[1.0000000015833344, 1.0000000020833344, 1.0000000015833344, 0.9999999995000001, 1.0, 0.9999999995000001, 1.1666649454700745e-09, 6.666649454700746e-10, 6.666649454700746e-10, 0.9999999995000001, 1.0, 0.9999999995, 1.0, 0.9999999995000001, 0.9999999995, 1.0, 0.9999999995000001, 0.9999999995, -1.3888873922519919e-09, -1.888887392251992e-09, -1.888887392251992e-09, -0.0, 5e-10, 0.0, -0.0, 5e-10, 0.0, 1.0000000023333349, 1.000000001833335, 1.000000001833335, 0.9999999995000001, 1.0, 0.9999999995, 0.0, 5e-10, -0.0]","[3.1622776601683795e-05, 3.1622776601683795e-05, 3.1622776601683795e-05, 3.1622776601683795e-05, 3.1622776601683795e-05, 3.1622776601683795e-05, 3.1622776601683795e-05, 3.1622776601683795e-05, 3.1622776601683795e-05, 3.1622776601683795e-05, 3.1622776601683795e-05, 3.1622776601683795e-05, 3.1622776601683795e-05, 3.1622776601683795e-05, 3.1622776601683795e-05, 3.1622776601683795e-05, 3.1622776601683795e-05, 3.1622776601683795e-05, 3.1622776601683795e-05, 3.1622776601683795e-05, 3.1622776601683795e-05, 3.1622776601683795e-05, 3.1622776601683795e-05, 3.1622776601683795e-05, 0.2773500981126146, 0.7071067811865475, 0.7071067811865475, 0.7071067811865475, 0.7071067811865475, 0.7071067811865475, 0.7071067811865475, 0.7071067811865475, 0.7071067811865475, 0.7071067811865475, 0.7071067811865475, 0.7071067811865475, 0.7071067811865475]"
1000000000,2,12,Aggregate-GM,False,gurobi,2,True,verified,0.0002322549999007606,0.0023764679999658256,1.0,302,"[1.0, 1.0, 1.0, 1.0, 1.0, 1.0, 0.0, 0.0, -0.0, 1.0, 1.0, 1.0, 1.0, 1.0, 1.0, 1.0, 1.0, 1.0, 0.0, 0.0, 0.0, 0.0, 0.0, -0.0, 0.0, -0.0, -0.0, 1.0, 1.0, 1.0, 1.0, 1.0, 1.0, 0.0, -0.0, 0.0]","[3.1622776601683795e-05, 3.1622776601683795e-05, 3.1622776601683795e-05, 3.1622776601683795e-05, 3.1622776601683795e-05, 3.1622776601683795e-05, 3.1622776601683795e-05, 3.1622776601683795e-05, 3.1622776601683795e-05, 3.1622776601683795e-05, 3.1622776601683795e-05, 3.1622776601683795e-05, 3.1622776601683795e-05, 3.1622776601683795e-05, 3.1622776601683795e-05, 3.1622776601683795e-05, 3.1622776601683795e-05, 3.1622776601683795e-05, 3.1622776601683795e-05, 3.1622776601683795e-05, 3.1622776601683795e-05, 3.1622776601683795e-05, 3.1622776601683795e-05, 3.1622776601683795e-05, 0.2773500981126146, 0.7071067811865475, 0.7071067811865475, 0.7071067811865475, 0.7071067811865475, 0.7071067811865475, 0.7071067811865475, 0.7071067811865475, 0.7071067811865475, 0.7071067811865475, 0.7071067811865475, 0.7071067811865475, 0.7071067811865475]"
1000000000,2,12,Aggregate-GM,True,highs,kOptimal,True,verified,0.0002322549999007606,0.003812828000263835,0,302,"[1.0, 1.0, 1.0, 1.0, 1.0, 1.0, 0.0, 0.0, 0.0, 1.0, 1.0, 1.0, 1.0, 1.0, 1.0, 1.0, 1.0, 1.0, 0.0, 0.0, 0.0, 0.0, 0.0, 0.0, 0.0, 0.0, 0.0, 1.0, 1.0, 1.0, 1.0, 1.0, 1.0, 0.0, 0.0, 0.0]","[3.1622776601683795e-05, 3.1622776601683795e-05, 3.1622776601683795e-05, 3.1622776601683795e-05, 3.1622776601683795e-05, 3.1622776601683795e-05, 3.1622776601683795e-05, 3.1622776601683795e-05, 3.1622776601683795e-05, 3.1622776601683795e-05, 3.1622776601683795e-05, 3.1622776601683795e-05, 3.1622776601683795e-05, 3.1622776601683795e-05, 3.1622776601683795e-05, 3.1622776601683795e-05, 3.1622776601683795e-05, 3.1622776601683795e-05, 3.1622776601683795e-05, 3.1622776601683795e-05, 3.1622776601683795e-05, 3.1622776601683795e-05, 3.1622776601683795e-05, 3.1622776601683795e-05, 0.2773500981126146, 0.7071067811865475, 0.7071067811865475, 0.7071067811865475, 0.7071067811865475, 0.7071067811865475, 0.7071067811865475, 0.7071067811865475, 0.7071067811865475, 0.7071067811865475, 0.7071067811865475, 0.7071067811865475, 0.7071067811865475]"
1000000000,2,12,Aggregate-GM,True,gurobi,2,True,verified,0.0002322549999007606,0.0007607620000271709,1.0,302,"[1.0, 1.0, 1.0, 1.0, 1.0, 1.0, 0.0, 0.0, -0.0, 1.0, 1.0, 1.0, 1.0, 1.0, 1.0, 1.0, 1.0, 1.0, 0.0, 0.0, 0.0, 0.0, 0.0, -0.0, 0.0, 0.0, -0.0, 1.0, 1.0, 1.0, 1.0, 1.0, 1.0, 0.0, 0.0, -0.0]","[3.1622776601683795e-05, 3.1622776601683795e-05, 3.1622776601683795e-05, 3.1622776601683795e-05, 3.1622776601683795e-05, 3.1622776601683795e-05, 3.1622776601683795e-05, 3.1622776601683795e-05, 3.1622776601683795e-05, 3.1622776601683795e-05, 3.1622776601683795e-05, 3.1622776601683795e-05, 3.1622776601683795e-05, 3.1622776601683795e-05, 3.1622776601683795e-05, 3.1622776601683795e-05, 3.1622776601683795e-05, 3.1622776601683795e-05, 3.1622776601683795e-05, 3.1622776601683795e-05, 3.1622776601683795e-05, 3.1622776601683795e-05, 3.1622776601683795e-05, 3.1622776601683795e-05, 0.2773500981126146, 0.7071067811865475, 0.7071067811865475, 0.7071067811865475, 0.7071067811865475, 0.7071067811865475, 0.7071067811865475, 0.7071067811865475, 0.7071067811865475, 0.7071067811865475, 0.7071067811865475, 0.7071067811865475, 0.7071067811865475]"
1000000000000,0,12,Base,False,highs,kOptimal,True,verified,7.294000170077197e-06,0.38523343199994997,1357,341,"[1.0, 1.0, 1.0, 1.0, 1.0, 1.0, 1.0, 1.0, 1.0, 1.0, 1.0, 1.0, -0.0, 0.0, 0.0, 1.0, 1.0, 1.0, 0.0, -0.0, 0.0, 1.0, 1.0, 1.0, 0.0, 0.0, 0.0, 1.0, 1.0, 1.0, 0.0, 0.0, 0.0, 0.0, -0.0, 0.0]","[1.0, 1.0, 1.0, 1.0, 1.0, 1.0, 1.0, 1.0, 1.0, 1.0, 1.0, 1.0, 1.0, 1.0, 1.0, 1.0, 1.0, 1.0, 1.0, 1.0, 1.0, 1.0, 1.0, 1.0, 1.0]"
1000000000000,0,12,Base,False,gurobi,2,True,verified,7.294000170077197e-06,0.01582012200015015,147.0,341,"[1.0, 1.0, 1.0, 1.0, 1.0, 1.0, 1.0, 1.0, 1.0, 1.0, 1.0, 1.0, -0.0, -0.0, -0.0, 1.0, 1.0, 1.0, -0.0, -0.0, -0.0, 1.0, 1.0, 1.0, -0.0, -0.0, -0.0, 1.0, 1.0, 1.0, -0.0, -0.0, -0.0, -0.0, -0.0, -0.0]","[1.0, 1.0, 1.0, 1.0, 1.0, 1.0, 1.0, 1.0, 1.0, 1.0, 1.0, 1.0, 1.0, 1.0, 1.0, 1.0, 1.0, 1.0, 1.0, 1.0, 1.0, 1.0, 1.0, 1.0, 1.0]"
1000000000000,0,12,Base,True,highs,kOptimal,False,suboptimal,7.294000170077197e-06,0.00041865000002871966,0,341,"[1.0, 1.0, 1.0, 1.0, 1.0, 1.0, 1.0, 1.0, 1.0, 0.0, 0.0, 0.0, 0.0, 0.0, 0.0, 0.0, 0.0, 0.0, 0.0, 0.0, 0.0, 1.0, 1.0, 1.0, 1.0, 1.0, 1.0, 1.0, 1.0, 1.0, 0.0, 0.0, 0.0, 0.0, 0.0, 0.0]","[1.0, 1.0, 1.0, 1.0, 1.0, 1.0, 1.0, 1.0, 1.0, 1.0, 1.0, 1.0, 1.0, 1.0, 1.0, 1.0, 1.0, 1.0, 1.0, 1.0, 1.0, 1.0, 1.0, 1.0, 1.0]"
1000000000000,0,12,Base,True,gurobi,2,True,verified,7.294000170077197e-06,0.0003681410007629893,0.0,341,"[1.0, 1.0, 1.0, 1.0, 1.0, 1.0, 1.0, 1.0, 1.0, 1.0, 1.0, 1.0, 0.0, 0.0, 0.0, 1.0, 1.0, 1.0, 0.0, 0.0, 0.0, 1.0, 1.0, 1.0, 0.0, 0.0, 0.0, 1.0, 1.0, 1.0, 0.0, 0.0, 0.0, 0.0, 0.0, 0.0]","[1.0, 1.0, 1.0, 1.0, 1.0, 1.0, 1.0, 1.0, 1.0, 1.0, 1.0, 1.0, 1.0, 1.0, 1.0, 1.0, 1.0, 1.0, 1.0, 1.0, 1.0, 1.0, 1.0, 1.0, 1.0]"
1000000000000,0,12,GM,False,highs,kOptimal,False,rounded_infeasible,0.00014729800022905692,0.11488552199989499,278,341,"[1.0, 1.0, 1.0, 1.0, 1.0, 0.0, 0.0, 0.0, 0.0, 1.0, 1.0, 1.0, 0.0, 0.0, 0.0, 1.0, 1.0, 1.0, 0.0, 4.999999999999999e-13, 0.0, 1.0, 1.0, 0.0, 0.0, 0.0, 0.0, 1.0, 1.0, 1.0, 1.0, 1.0, 1.0, 1.0, 1.0, 1.0]","[1e-06, 1e-06, 1e-06, 1e-06, 1e-06, 1e-06, 1e-06, 1e-06, 1e-06, 1e-06, 1e-06, 1e-06, 1e-06, 1e-06, 1e-06, 1e-06, 1e-06, 1e-06, 1e-06, 1e-06, 1e-06, 1e-06, 1e-06, 1e-06, 0.19611613513818404]"
1000000000000,0,12,GM,False,gurobi,2,False,rounded_infeasible,0.00014729800022905692,0.00032653600010235095,1.0,341,"[1.0, 1.0, -0.0, 1.0, 1.0, -0.0, 1.0, 1.0, -0.0, 1.0, 1.0, -0.0, 1.0, 1.0, -0.0, 1.0, 1.0, -0.0, 1.0, 1.0, -0.0, 1.0, 1.0, -0.0, 1.0, 1.0, -0.0, 1.0, 1.0, -0.0, 1.0, 1.0, -0.0, 1.0, 1.0, -0.0]","[1e-06, 1e-06, 1e-06, 1e-06, 1e-06, 1e-06, 1e-06, 1e-06, 1e-06, 1e-06, 1e-06, 1e-06, 1e-06, 1e-06, 1e-06, 1e-06, 1e-06, 1e-06, 1e-06, 1e-06, 1e-06, 1e-06, 1e-06, 1e-06, 0.19611613513818404]"
1000000000000,0,12,GM,True,highs,kOptimal,False,suboptimal,0.00014729800022905692,0.00030871800026943674,0,341,"[0.0, 0.0, 0.0, 0.0, 0.0, 0.0, 0.0, 0.0, 0.0, 0.0, 0.0, 0.0, 0.0, 0.0, 0.0, 0.0, 0.0, 0.0, 0.0, 0.0, 0.0, 0.0, 0.0, 0.0, 0.0, 0.0, 0.0, 0.0, 0.0, 0.0, 0.0, 0.0, 0.0, 0.0, 0.0, 0.0]","[1e-06, 1e-06, 1e-06, 1e-06, 1e-06, 1e-06, 1e-06, 1e-06, 1e-06, 1e-06, 1e-06, 1e-06, 1e-06, 1e-06, 1e-06, 1e-06, 1e-06, 1e-06, 1e-06, 1e-06, 1e-06, 1e-06, 1e-06, 1e-06, 0.19611613513818404]"
1000000000000,0,12,GM,True,gurobi,2,False,rounded_infeasible,0.00014729800022905692,0.000326783999298641,0.0,341,"[1.0, 1.0, 0.0, 1.0, 1.0, 0.0, 1.0, 1.0, 0.0, 1.0, 1.0, 0.0, 1.0, 1.0, 0.0, 1.0, 1.0, 0.0, 1.0, 1.0, 0.0, 1.0, 1.0, 0.0, 1.0, 1.0, 0.0, 1.0, 1.0, 0.0, 1.0, 1.0, 0.0, 1.0, 1.0, 0.0]","[1e-06, 1e-06, 1e-06, 1e-06, 1e-06, 1e-06, 1e-06, 1e-06, 1e-06, 1e-06, 1e-06, 1e-06, 1e-06, 1e-06, 1e-06, 1e-06, 1e-06, 1e-06, 1e-06, 1e-06, 1e-06, 1e-06, 1e-06, 1e-06, 0.19611613513818404]"
1000000000000,0,12,GCD-floor,False,highs,kOptimal,True,verified,8.85499957803404e-06,0.3843060150002202,1357,341,"[1.0, 1.0, 1.0, 1.0, 1.0, 1.0, 1.0, 1.0, 1.0, 1.0, 1.0, 1.0, -0.0, 0.0, 0.0, 1.0, 1.0, 1.0, 0.0, -0.0, 0.0, 1.0, 1.0, 1.0, 0.0, 0.0, 0.0, 1.0, 1.0, 1.0, 0.0, 0.0, 0.0, 0.0, -0.0, 0.0]","[1.0, 1.0, 1.0, 1.0, 1.0, 1.0, 1.0, 1.0, 1.0, 1.0, 1.0, 1.0, 1.0, 1.0, 1.0, 1.0, 1.0, 1.0, 1.0, 1.0, 1.0, 1.0, 1.0, 1.0, 1.0]"
1000000000000,0,12,GCD-floor,False,gurobi,2,True,verified,8.85499957803404e-06,0.0016683909998391755,1.0,341,"[1.0, 1.0, 1.0, 1.0, 1.0, 1.0, 1.0, 1.0, 1.0, 1.0, 1.0, 1.0, -0.0, -0.0, -0.0, 1.0, 1.0, 1.0, -0.0, -0.0, -0.0, 1.0, 1.0, 1.0, -0.0, -0.0, -0.0, 1.0, 1.0, 1.0, -0.0, -0.0, -0.0, -0.0, -0.0, -0.0]","[1.0, 1.0, 1.0, 1.0, 1.0, 1.0, 1.0, 1.0, 1.0, 1.0, 1.0, 1.0, 1.0, 1.0, 1.0, 1.0, 1.0, 1.0, 1.0, 1.0, 1.0, 1.0, 1.0, 1.0, 1.0]"
1000000000000,0,12,GCD-floor,True,highs,kOptimal,False,suboptimal,8.85499957803404e-06,0.0003936519997296273,0,341,"[1.0, 1.0, 1.0, 1.0, 1.0, 1.0, 1.0, 1.0, 1.0, 0.0, 0.0, 0.0, 0.0, 0.0, 0.0, 0.0, 0.0, 0.0, 0.0, 0.0, 0.0, 1.0, 1.0, 1.0, 1.0, 1.0, 1.0, 1.0, 1.0, 1.0, 0.0, 0.0, 0.0, 0.0, 0.0, 0.0]","[1.0, 1.0, 1.0, 1.0, 1.0, 1.0, 1.0, 1.0, 1.0, 1.0, 1.0, 1.0, 1.0, 1.0, 1.0, 1.0, 1.0, 1.0, 1.0, 1.0, 1.0, 1.0, 1.0, 1.0, 1.0]"
1000000000000,0,12,GCD-floor,True,gurobi,2,True,verified,8.85499957803404e-06,0.0003428449999773875,0.0,341,"[1.0, 1.0, 1.0, 1.0, 1.0, 1.0, 1.0, 1.0, 1.0, 1.0, 1.0, 1.0, 0.0, 0.0, 0.0, 1.0, 1.0, 1.0, 0.0, 0.0, 0.0, 1.0, 1.0, 1.0, 0.0, 0.0, 0.0, 1.0, 1.0, 1.0, 0.0, 0.0, 0.0, 0.0, 0.0, 0.0]","[1.0, 1.0, 1.0, 1.0, 1.0, 1.0, 1.0, 1.0, 1.0, 1.0, 1.0, 1.0, 1.0, 1.0, 1.0, 1.0, 1.0, 1.0, 1.0, 1.0, 1.0, 1.0, 1.0, 1.0, 1.0]"
1000000000000,0,12,Row-dyadic,False,highs,ABSTAIN,False,no_point,0.007453418999830319,0.0,0,341,null,null
1000000000000,0,12,Row-dyadic,False,gurobi,ABSTAIN,False,no_point,0.007453418999830319,0.0,0,341,null,null
1000000000000,0,12,Row-dyadic,True,highs,ABSTAIN,False,no_point,0.007453418999830319,0.0,0,341,null,null
1000000000000,0,12,Row-dyadic,True,gurobi,ABSTAIN,False,no_point,0.007453418999830319,0.0,0,341,null,null
1000000000000,0,12,Joint-dyadic,False,highs,kOptimal,True,verified,0.03356611100025475,0.20636436800032243,643,341,"[1.0, 1.0, 1.0, 1.0000000000005, 1.0, 1.0, 1.0000000000005, 1.0, 1.0, 1.0000000000005, 1.0, 1.0, 5e-13, 0.0, 0.0, 1.0000000000005, 1.0, 1.0, 5e-13, 0.0, 0.0, 1.0000000000005, 1.0, 1.0, 5e-13, 0.0, 0.0, 1.0, 1.0000000000005, 1.0, 5e-13, 0.0, 0.0, 5e-13, 0.0, 0.0]","[3.814697265625e-06, 3.814697265625e-06, 3.814697265625e-06, 3.814697265625e-06, 3.814697265625e-06, 3.814697265625e-06, 3.814697265625e-06, 3.814697265625e-06, 3.814697265625e-06, 3.814697265625e-06, 3.814697265625e-06, 3.814697265625e-06, 3.814697265625e-06, 3.814697265625e-06, 3.814697265625e-06, 3.814697265625e-06, 3.814697265625e-06, 3.814697265625e-06, 3.814697265625e-06, 3.814697265625e-06, 3.814697265625e-06, 3.814697265625e-06, 3.814697265625e-06, 3.814697265625e-06, 0.19611613513818404]"
1000000000000,0,12,Joint-dyadic,False,gurobi,2,False,rounded_infeasible,0.03356611100025475,0.0003997690000687726,1.0,341,"[1.0, 1.0, -0.0, 1.0, 1.0, -0.0, 1.0, 1.0, -0.0, 1.0, 1.0, -0.0, 1.0, 1.0, -0.0, 1.0, 1.0, -0.0, 1.0, 1.0, -0.0, 1.0, 1.0, -0.0, 1.0, 1.0, -0.0, 1.0, 1.0, -0.0, 1.0, 1.0, -0.0, 1.0, 1.0, -0.0]","[3.814697265625e-06, 3.814697265625e-06, 3.814697265625e-06, 3.814697265625e-06, 3.814697265625e-06, 3.814697265625e-06, 3.814697265625e-06, 3.814697265625e-06, 3.814697265625e-06, 3.814697265625e-06, 3.814697265625e-06, 3.814697265625e-06, 3.814697265625e-06, 3.814697265625e-06, 3.814697265625e-06, 3.814697265625e-06, 3.814697265625e-06, 3.814697265625e-06, 3.814697265625e-06, 3.814697265625e-06, 3.814697265625e-06, 3.814697265625e-06, 3.814697265625e-06, 3.814697265625e-06, 0.19611613513818404]"
1000000000000,0,12,Joint-dyadic,True,highs,kOptimal,True,verified,0.03356611100025475,0.003732633999788959,1,341,"[1.0000000000005, 1.0, 1.0, 1.0000000000005, 1.0, 1.0, 1.0000000000005, 1.0, 1.0, 0.9999999999995, 1.0, 1.0, 0.0, 0.0, 0.0, 0.9999999999995, 1.0, 1.0, 0.0, 0.0, 0.0, 1.0000000000005, 1.0, 1.0, 0.0, 0.0, 0.0, 1.0000000000005, 1.0, 1.0, 0.0, 0.0, 0.0, 0.0, 0.0, 0.0]","[3.814697265625e-06, 3.814697265625e-06, 3.814697265625e-06, 3.814697265625e-06, 3.814697265625e-06, 3.814697265625e-06, 3.814697265625e-06, 3.814697265625e-06, 3.814697265625e-06, 3.814697265625e-06, 3.814697265625e-06, 3.814697265625e-06, 3.814697265625e-06, 3.814697265625e-06, 3.814697265625e-06, 3.814697265625e-06, 3.814697265625e-06, 3.814697265625e-06, 3.814697265625e-06, 3.814697265625e-06, 3.814697265625e-06, 3.814697265625e-06, 3.814697265625e-06, 3.814697265625e-06, 0.19611613513818404]"
1000000000000,0,12,Joint-dyadic,True,gurobi,2,False,rounded_infeasible,0.03356611100025475,0.00033779300065361895,0.0,341,"[1.0, 1.0, 0.0, 1.0, 1.0, 0.0, 1.0, 1.0, 0.0, 1.0, 1.0, 0.0, 1.0, 1.0, 0.0, 1.0, 1.0, 0.0, 1.0, 1.0, 0.0, 1.0, 1.0, 0.0, 1.0, 1.0, 0.0, 1.0, 1.0, 0.0, 1.0, 1.0, 0.0, 1.0, 1.0, 0.0]","[3.814697265625e-06, 3.814697265625e-06, 3.814697265625e-06, 3.814697265625e-06, 3.814697265625e-06, 3.814697265625e-06, 3.814697265625e-06, 3.814697265625e-06, 3.814697265625e-06, 3.814697265625e-06, 3.814697265625e-06, 3.814697265625e-06, 3.814697265625e-06, 3.814697265625e-06, 3.814697265625e-06, 3.814697265625e-06, 3.814697265625e-06, 3.814697265625e-06, 3.814697265625e-06, 3.814697265625e-06, 3.814697265625e-06, 3.814697265625e-06, 3.814697265625e-06, 3.814697265625e-06, 0.19611613513818404]"
1000000000000,0,12,Aggregate-GM,False,highs,kOptimal,True,verified,0.00018144900059269276,0.00914907799960929,1,341,"[1.0, 1.0, 1.0, 1.0, 1.0, 1.0, 1.0, 1.0, 1.0, 1.0, 1.0, 1.0, 0.0, 0.0, 0.0, 1.0, 1.0, 1.0, 0.0, 0.0, 0.0, 1.0, 1.0, 1.0, 0.0, 0.0, 0.0, 1.0, 1.0, 1.0, 0.0, 0.0, 0.0, 0.0, 0.0, 0.0]","[1e-06, 1e-06, 1e-06, 1e-06, 1e-06, 1e-06, 1e-06, 1e-06, 1e-06, 1e-06, 1e-06, 1e-06, 1e-06, 1e-06, 1e-06, 1e-06, 1e-06, 1e-06, 1e-06, 1e-06, 1e-06, 1e-06, 1e-06, 1e-06, 0.19611613513818404, 0.7071067811865475, 0.7071067811865475, 0.7071067811865475, 0.7071067811865475, 0.7071067811865475, 0.7071067811865475, 0.7071067811865475, 0.7071067811865475, 0.7071067811865475, 0.7071067811865475, 0.7071067811865475, 0.7071067811865475]"
1000000000000,0,12,Aggregate-GM,False,gurobi,2,True,verified,0.00018144900059269276,0.002657266999449348,1.0,341,"[1.0, 1.0, 1.0, 1.0, 1.0, 1.0, 1.0, 1.0, 1.0, 1.0, 1.0, 1.0, 0.0, 0.0, 0.0, 1.0, 1.0, 1.0, -0.0, -0.0, -0.0, 1.0, 1.0, 1.0, -0.0, -0.0, -0.0, 1.0, 1.0, 1.0, -0.0, -0.0, -0.0, 0.0, 0.0, 0.0]","[1e-06, 1e-06, 1e-06, 1e-06, 1e-06, 1e-06, 1e-06, 1e-06, 1e-06, 1e-06, 1e-06, 1e-06, 1e-06, 1e-06, 1e-06, 1e-06, 1e-06, 1e-06, 1e-06, 1e-06, 1e-06, 1e-06, 1e-06, 1e-06, 0.19611613513818404, 0.7071067811865475, 0.7071067811865475, 0.7071067811865475, 0.7071067811865475, 0.7071067811865475, 0.7071067811865475, 0.7071067811865475, 0.7071067811865475, 0.7071067811865475, 0.7071067811865475, 0.7071067811865475, 0.7071067811865475]"
1000000000000,0,12,Aggregate-GM,True,highs,kOptimal,True,verified,0.00018144900059269276,0.00374309800008632,1,341,"[1.0, 1.0, 1.0, 1.0, 1.0, 1.0, 1.0, 1.0, 1.0, 1.0, 1.0, 1.0, 0.0, 0.0, 0.0, 1.0, 1.0, 1.0, 0.0, 0.0, 0.0, 1.0, 1.0, 1.0, 0.0, 0.0, 0.0, 1.0, 1.0, 1.0, 0.0, 0.0, 0.0, 0.0, 0.0, 0.0]","[1e-06, 1e-06, 1e-06, 1e-06, 1e-06, 1e-06, 1e-06, 1e-06, 1e-06, 1e-06, 1e-06, 1e-06, 1e-06, 1e-06, 1e-06, 1e-06, 1e-06, 1e-06, 1e-06, 1e-06, 1e-06, 1e-06, 1e-06, 1e-06, 0.19611613513818404, 0.7071067811865475, 0.7071067811865475, 0.7071067811865475, 0.7071067811865475, 0.7071067811865475, 0.7071067811865475, 0.7071067811865475, 0.7071067811865475, 0.7071067811865475, 0.7071067811865475, 0.7071067811865475, 0.7071067811865475]"
1000000000000,0,12,Aggregate-GM,True,gurobi,2,True,verified,0.00018144900059269276,0.0007915320002211956,1.0,341,"[1.0, 1.0, 1.0, 1.0, 1.0, 1.0, 1.0, 1.0, 1.0, 1.0, 1.0, 1.0, 0.0, 0.0, 0.0, 1.0, 1.0, 1.0, 0.0, 0.0, 0.0, 1.0, 1.0, 1.0, 0.0, 0.0, 0.0, 1.0, 1.0, 1.0, 0.0, 0.0, 0.0, 0.0, 0.0, 0.0]","[1e-06, 1e-06, 1e-06, 1e-06, 1e-06, 1e-06, 1e-06, 1e-06, 1e-06, 1e-06, 1e-06, 1e-06, 1e-06, 1e-06, 1e-06, 1e-06, 1e-06, 1e-06, 1e-06, 1e-06, 1e-06, 1e-06, 1e-06, 1e-06, 0.19611613513818404, 0.7071067811865475, 0.7071067811865475, 0.7071067811865475, 0.7071067811865475, 0.7071067811865475, 0.7071067811865475, 0.7071067811865475, 0.7071067811865475, 0.7071067811865475, 0.7071067811865475, 0.7071067811865475, 0.7071067811865475]"
1000000000000,1,12,Base,False,highs,kOptimal,True,verified,7.296000148926396e-06,0.42641441199975816,1665,385,"[1.0, 1.0, 1.0, 1.0, 1.0, 1.0, 0.0, 0.0, 0.0, 1.0, 1.0, 1.0, 1.0, 1.0, 1.0, 0.0, 0.0, 0.0, 0.0, 0.0, 0.0, 0.0, 0.0, 0.0, 1.0, 1.0, 1.0, 1.0, 1.0, 1.0, 0.0, 0.0, 0.0, 1.0, 1.0, 1.0]","[1.0, 1.0, 1.0, 1.0, 1.0, 1.0, 1.0, 1.0, 1.0, 1.0, 1.0, 1.0, 1.0, 1.0, 1.0, 1.0, 1.0, 1.0, 1.0, 1.0, 1.0, 1.0, 1.0, 1.0, 1.0]"
1000000000000,1,12,Base,False,gurobi,2,True,verified,7.296000148926396e-06,0.013049852000222018,183.0,385,"[1.0, 1.0, 1.0, 1.0, 1.0, 1.0, -0.0, -0.0, -0.0, 1.0, 1.0, 1.0, 1.0, 1.0, 1.0, -0.0, -0.0, -0.0, -0.0, -0.0, -0.0, -0.0, -0.0, -0.0, 1.0, 1.0, 1.0, 1.0, 1.0, 1.0, -0.0, -0.0, -0.0, 1.0, 1.0, 1.0]","[1.0, 1.0, 1.0, 1.0, 1.0, 1.0, 1.0, 1.0, 1.0, 1.0, 1.0, 1.0, 1.0, 1.0, 1.0, 1.0, 1.0, 1.0, 1.0, 1.0, 1.0, 1.0, 1.0, 1.0, 1.0]"
1000000000000,1,12,Base,True,highs,kOptimal,False,suboptimal,7.296000148926396e-06,0.004489122999984829,0,385,"[1.0, 1.0, 1.0, 1.0, 1.0, 1.0, 0.0, 0.0, 0.0, 0.0, 0.0, 0.0, 0.0, 0.0, 0.0, 0.0, 0.0, 0.0, 0.0, 0.0, 0.0, 0.0, 0.0, 0.0, 1.0, 1.0, 1.0, 1.0, 1.0, 1.0, 1.0, 1.0, 1.0, 0.0, 0.0, 0.0]","[1.0, 1.0, 1.0, 1.0, 1.0, 1.0, 1.0, 1.0, 1.0, 1.0, 1.0, 1.0, 1.0, 1.0, 1.0, 1.0, 1.0, 1.0, 1.0, 1.0, 1.0, 1.0, 1.0, 1.0, 1.0]"
1000000000000,1,12,Base,True,gurobi,2,True,verified,7.296000148926396e-06,0.0003666930006147595,0.0,385,"[1.0, 1.0, 1.0, 1.0, 1.0, 1.0, 0.0, 0.0, 0.0, 1.0, 1.0, 1.0, 1.0, 1.0, 1.0, 0.0, 0.0, 0.0, 0.0, 0.0, 0.0, 0.0, 0.0, 0.0, 1.0, 1.0, 1.0, 1.0, 1.0, 1.0, 0.0, 0.0, 0.0, 1.0, 1.0, 1.0]","[1.0, 1.0, 1.0, 1.0, 1.0, 1.0, 1.0, 1.0, 1.0, 1.0, 1.0, 1.0, 1.0, 1.0, 1.0, 1.0, 1.0, 1.0, 1.0, 1.0, 1.0, 1.0, 1.0, 1.0, 1.0]"
1000000000000,1,12,GM,False,highs,kOptimal,False,rounded_infeasible,0.00010982700041495264,0.1154617230004078,356,385,"[1.0, 1.0, 0.0, 1.0, 1.0, 1.0, 0.0, 0.0, 0.0, 1.0, 1.0, 1.0, 0.0, 0.0, 0.0, 0.0, 0.0, 1.0, 0.0, 0.0, 0.0, 0.0, 0.0, 0.0, 1.0, 1.0, 0.0, 1.0, 1.0, 1.0, 1.0, 1.0, 1.0, 1.0, 1.0, 0.0]","[1e-06, 1e-06, 1e-06, 1e-06, 1e-06, 1e-06, 1e-06, 1e-06, 1e-06, 1e-06, 1e-06, 1e-06, 1e-06, 1e-06, 1e-06, 1e-06, 1e-06, 1e-06, 1e-06, 1e-06, 1e-06, 1e-06, 1e-06, 1e-06, 0.2773500981126146]"
1000000000000,1,12,GM,False,gurobi,2,False,rounded_infeasible,0.00010982700041495264,0.0003421829997023451,1.0,385,"[1.0, 1.0, -0.0, 1.0, 1.0, -0.0, 1.0, 1.0, -0.0, 1.0, 1.0, -0.0, 1.0, 1.0, -0.0, 1.0, 1.0, -0.0, 1.0, 1.0, -0.0, 1.0, 1.0, -0.0, 1.0, 1.0, -0.0, 1.0, 1.0, -0.0, 1.0, 1.0, -0.0, 1.0, 1.0, -0.0]","[1e-06, 1e-06, 1e-06, 1e-06, 1e-06, 1e-06, 1e-06, 1e-06, 1e-06, 1e-06, 1e-06, 1e-06, 1e-06, 1e-06, 1e-06, 1e-06, 1e-06, 1e-06, 1e-06, 1e-06, 1e-06, 1e-06, 1e-06, 1e-06, 0.2773500981126146]"
1000000000000,1,12,GM,True,highs,kOptimal,False,suboptimal,0.00010982700041495264,0.0003070359998673666,0,385,"[0.0, 0.0, 0.0, 0.0, 0.0, 0.0, 0.0, 0.0, 0.0, 0.0, 0.0, 0.0, 0.0, 0.0, 0.0, 0.0, 0.0, 0.0, 0.0, 0.0, 0.0, 0.0, 0.0, 0.0, 0.0, 0.0, 0.0, 0.0, 0.0, 0.0, 0.0, 0.0, 0.0, 0.0, 0.0, 0.0]","[1e-06, 1e-06, 1e-06, 1e-06, 1e-06, 1e-06, 1e-06, 1e-06, 1e-06, 1e-06, 1e-06, 1e-06, 1e-06, 1e-06, 1e-06, 1e-06, 1e-06, 1e-06, 1e-06, 1e-06, 1e-06, 1e-06, 1e-06, 1e-06, 0.2773500981126146]"
1000000000000,1,12,GM,True,gurobi,2,False,rounded_infeasible,0.00010982700041495264,0.00032508300046174554,0.0,385,"[1.0, 1.0, 0.0, 1.0, 1.0, 0.0, 1.0, 1.0, 0.0, 1.0, 1.0, 0.0, 1.0, 1.0, 0.0, 1.0, 1.0, 0.0, 1.0, 1.0, 0.0, 1.0, 1.0, 0.0, 1.0, 1.0, 0.0, 1.0, 1.0, 0.0, 1.0, 1.0, 0.0, 1.0, 1.0, 0.0]","[1e-06, 1e-06, 1e-06, 1e-06, 1e-06, 1e-06, 1e-06, 1e-06, 1e-06, 1e-06, 1e-06, 1e-06, 1e-06, 1e-06, 1e-06, 1e-06, 1e-06, 1e-06, 1e-06, 1e-06, 1e-06, 1e-06, 1e-06, 1e-06, 0.2773500981126146]"
1000000000000,1,12,GCD-floor,False,highs,kOptimal,True,verified,8.907999472285155e-06,0.4268406370001685,1665,385,"[1.0, 1.0, 1.0, 1.0, 1.0, 1.0, 0.0, 0.0, 0.0, 1.0, 1.0, 1.0, 1.0, 1.0, 1.0, 0.0, 0.0, 0.0, 0.0, 0.0, 0.0, 0.0, 0.0, 0.0, 1.0, 1.0, 1.0, 1.0, 1.0, 1.0, 0.0, 0.0, 0.0, 1.0, 1.0, 1.0]","[1.0, 1.0, 1.0, 1.0, 1.0, 1.0, 1.0, 1.0, 1.0, 1.0, 1.0, 1.0, 1.0, 1.0, 1.0, 1.0, 1.0, 1.0, 1.0, 1.0, 1.0, 1.0, 1.0, 1.0, 1.0]"
1000000000000,1,12,GCD-floor,False,gurobi,2,True,verified,8.907999472285155e-06,0.0006083200005377876,1.0,385,"[1.0, 1.0, 1.0, 1.0, 1.0, 1.0, 0.0, 0.0, -0.0, 1.0, 1.0, 1.0, 1.0, 1.0, 1.0, 0.0, 0.0, 0.0, 0.0, -0.0, 0.0, 0.0, 0.0, -0.0, 1.0, 1.0, 1.0, 1.0, 1.0, 1.0, 0.0, -0.0, 0.0, 1.0, 1.0, 1.0]","[1.0, 1.0, 1.0, 1.0, 1.0, 1.0, 1.0, 1.0, 1.0, 1.0, 1.0, 1.0, 1.0, 1.0, 1.0, 1.0, 1.0, 1.0, 1.0, 1.0, 1.0, 1.0, 1.0, 1.0, 1.0]"
1000000000000,1,12,GCD-floor,True,highs,kOptimal,False,suboptimal,8.907999472285155e-06,0.004463023999960569,0,385,"[1.0, 1.0, 1.0, 1.0, 1.0, 1.0, 0.0, 0.0, 0.0, 0.0, 0.0, 0.0, 0.0, 0.0, 0.0, 0.0, 0.0, 0.0, 0.0, 0.0, 0.0, 0.0, 0.0, 0.0, 1.0, 1.0, 1.0, 1.0, 1.0, 1.0, 1.0, 1.0, 1.0, 0.0, 0.0, 0.0]","[1.0, 1.0, 1.0, 1.0, 1.0, 1.0, 1.0, 1.0, 1.0, 1.0, 1.0, 1.0, 1.0, 1.0, 1.0, 1.0, 1.0, 1.0, 1.0, 1.0, 1.0, 1.0, 1.0, 1.0, 1.0]"
1000000000000,1,12,GCD-floor,True,gurobi,2,True,verified,8.907999472285155e-06,0.0003666200000225217,0.0,385,"[1.0, 1.0, 1.0, 1.0, 1.0, 1.0, 0.0, 0.0, 0.0, 1.0, 1.0, 1.0, 1.0, 1.0, 1.0, 0.0, 0.0, 0.0, 0.0, 0.0, 0.0, 0.0, 0.0, 0.0, 1.0, 1.0, 1.0, 1.0, 1.0, 1.0, 0.0, 0.0, 0.0, 1.0, 1.0, 1.0]","[1.0, 1.0, 1.0, 1.0, 1.0, 1.0, 1.0, 1.0, 1.0, 1.0, 1.0, 1.0, 1.0, 1.0, 1.0, 1.0, 1.0, 1.0, 1.0, 1.0, 1.0, 1.0, 1.0, 1.0, 1.0]"
1000000000000,1,12,Row-dyadic,False,highs,ABSTAIN,False,no_point,0.007511460999921837,0.0,0,385,null,null
1000000000000,1,12,Row-dyadic,False,gurobi,ABSTAIN,False,no_point,0.007511460999921837,0.0,0,385,null,null
1000000000000,1,12,Row-dyadic,True,highs,ABSTAIN,False,no_point,0.007511460999921837,0.0,0,385,null,null
1000000000000,1,12,Row-dyadic,True,gurobi,ABSTAIN,False,no_point,0.007511460999921837,0.0,0,385,null,null
1000000000000,1,12,Joint-dyadic,False,highs,kOptimal,True,verified,0.033776035999835585,0.4354463729996496,956,385,"[1.0000000000005, 1.0, 1.0, 1.0000000000005, 1.0, 1.0, 0.0, 0.0, 0.0, 1.0, 1.0, 1.0, 1.0, 1.0, 1.0, 0.0, 0.0, 0.0, 0.0, 0.0, 0.0, 0.0, 0.0, 0.0, 1.0, 1.0, 1.0, 1.0000000000005, 1.0, 1.0, 0.0, 0.0, 0.0, 1.0, 1.0, 1.0]","[3.814697265625e-06, 3.814697265625e-06, 3.814697265625e-06, 3.814697265625e-06, 3.814697265625e-06, 3.814697265625e-06, 3.814697265625e-06, 3.814697265625e-06, 3.814697265625e-06, 3.814697265625e-06, 3.814697265625e-06, 3.814697265625e-06, 3.814697265625e-06, 3.814697265625e-06, 3.814697265625e-06, 3.814697265625e-06, 3.814697265625e-06, 3.814697265625e-06, 3.814697265625e-06, 3.814697265625e-06, 3.814697265625e-06, 3.814697265625e-06, 3.814697265625e-06, 3.814697265625e-06, 0.2773500981126146]"
1000000000000,1,12,Joint-dyadic,False,gurobi,2,False,rounded_infeasible,0.033776035999835585,0.00039558600019518053,1.0,385,"[1.0, 1.0, -0.0, 1.0, 1.0, -0.0, 1.0, 1.0, -0.0, 1.0, 1.0, -0.0, 1.0, 1.0, -0.0, 1.0, 1.0, -0.0, 1.0, 1.0, -0.0, 1.0, 1.0, -0.0, 1.0, 1.0, -0.0, 1.0, 1.0, -0.0, 1.0, 1.0, -0.0, 1.0, 1.0, -0.0]","[3.814697265625e-06, 3.814697265625e-06, 3.814697265625e-06, 3.814697265625e-06, 3.814697265625e-06, 3.814697265625e-06, 3.814697265625e-06, 3.814697265625e-06, 3.814697265625e-06, 3.814697265625e-06, 3.814697265625e-06, 3.814697265625e-06, 3.814697265625e-06, 3.814697265625e-06, 3.814697265625e-06, 3.814697265625e-06, 3.814697265625e-06, 3.814697265625e-06, 3.814697265625e-06, 3.814697265625e-06, 3.814697265625e-06, 3.814697265625e-06, 3.814697265625e-06, 3.814697265625e-06, 0.2773500981126146]"
1000000000000,1,12,Joint-dyadic,True,highs,kOptimal,True,verified,0.033776035999835585,0.003496900999380159,1,385,"[1.0000000000005, 1.0, 1.0, 1.0000000000005, 1.0, 1.0, 0.0, 0.0, 0.0, 0.9999999999995, 1.0, 1.0, 0.9999999999995, 1.0, 1.0, 0.0, 0.0, 0.0, 0.0, 0.0, 0.0, 0.0, 0.0, 0.0, 1.0000000000005, 1.0, 1.0, 1.0000000000005, 1.0, 1.0, 0.0, 0.0, 0.0, 0.9999999999995, 1.0, 1.0]","[3.814697265625e-06, 3.814697265625e-06, 3.814697265625e-06, 3.814697265625e-06, 3.814697265625e-06, 3.814697265625e-06, 3.814697265625e-06, 3.814697265625e-06, 3.814697265625e-06, 3.814697265625e-06, 3.814697265625e-06, 3.814697265625e-06, 3.814697265625e-06, 3.814697265625e-06, 3.814697265625e-06, 3.814697265625e-06, 3.814697265625e-06, 3.814697265625e-06, 3.814697265625e-06, 3.814697265625e-06, 3.814697265625e-06, 3.814697265625e-06, 3.814697265625e-06, 3.814697265625e-06, 0.2773500981126146]"
1000000000000,1,12,Joint-dyadic,True,gurobi,2,False,rounded_infeasible,0.033776035999835585,0.0003415529999983846,0.0,385,"[1.0, 1.0, 0.0, 1.0, 1.0, 0.0, 1.0, 1.0, 0.0, 1.0, 1.0, 0.0, 1.0, 1.0, 0.0, 1.0, 1.0, 0.0, 1.0, 1.0, 0.0, 1.0, 1.0, 0.0, 1.0, 1.0, 0.0, 1.0, 1.0, 0.0, 1.0, 1.0, 0.0, 1.0, 1.0, 0.0]","[3.814697265625e-06, 3.814697265625e-06, 3.814697265625e-06, 3.814697265625e-06, 3.814697265625e-06, 3.814697265625e-06, 3.814697265625e-06, 3.814697265625e-06, 3.814697265625e-06, 3.814697265625e-06, 3.814697265625e-06, 3.814697265625e-06, 3.814697265625e-06, 3.814697265625e-06, 3.814697265625e-06, 3.814697265625e-06, 3.814697265625e-06, 3.814697265625e-06, 3.814697265625e-06, 3.814697265625e-06, 3.814697265625e-06, 3.814697265625e-06, 3.814697265625e-06, 3.814697265625e-06, 0.2773500981126146]"
1000000000000,1,12,Aggregate-GM,False,highs,kOptimal,True,verified,0.00018358000033913413,0.01034386999981507,1,385,"[1.0, 1.0, 1.0, 1.0, 1.0, 1.0, 0.0, 0.0, 0.0, 1.0, 1.0, 1.0, 1.0, 1.0, 1.0, 0.0, 0.0, 0.0, 0.0, 0.0, 0.0, 0.0, 0.0, 0.0, 1.0, 1.0, 1.0, 1.0, 1.0, 1.0, 0.0, 0.0, 0.0, 1.0, 1.0, 1.0]","[1e-06, 1e-06, 1e-06, 1e-06, 1e-06, 1e-06, 1e-06, 1e-06, 1e-06, 1e-06, 1e-06, 1e-06, 1e-06, 1e-06, 1e-06, 1e-06, 1e-06, 1e-06, 1e-06, 1e-06, 1e-06, 1e-06, 1e-06, 1e-06, 0.2773500981126146, 0.7071067811865475, 0.7071067811865475, 0.7071067811865475, 0.7071067811865475, 0.7071067811865475, 0.7071067811865475, 0.7071067811865475, 0.7071067811865475, 0.7071067811865475, 0.7071067811865475, 0.7071067811865475, 0.7071067811865475]"
1000000000000,1,12,Aggregate-GM,False,gurobi,2,True,verified,0.00018358000033913413,0.00205606799954694,1.0,385,"[1.0, 1.0, 1.0, 1.0, 1.0, 1.0, 0.0, 0.0, -0.0, 1.0, 1.0, 1.0, 1.0, 1.0, 1.0, -0.0, -0.0, 0.0, -0.0, -0.0, 0.0, 0.0, 0.0, -0.0, 1.0, 1.0, 1.0, 1.0, 1.0, 1.0, 0.0, 0.0, -0.0, 1.0, 1.0, 1.0]","[1e-06, 1e-06, 1e-06, 1e-06, 1e-06, 1e-06, 1e-06, 1e-06, 1e-06, 1e-06, 1e-06, 1e-06, 1e-06, 1e-06, 1e-06, 1e-06, 1e-06, 1e-06, 1e-06, 1e-06, 1e-06, 1e-06, 1e-06, 1e-06, 0.2773500981126146, 0.7071067811865475, 0.7071067811865475, 0.7071067811865475, 0.7071067811865475, 0.7071067811865475, 0.7071067811865475, 0.7071067811865475, 0.7071067811865475, 0.7071067811865475, 0.7071067811865475, 0.7071067811865475, 0.7071067811865475]"
1000000000000,1,12,Aggregate-GM,True,highs,kOptimal,True,verified,0.00018358000033913413,0.0035242339999967953,1,385,"[1.0, 1.0, 1.0, 1.0, 1.0, 1.0, 0.0, 0.0, 0.0, 1.0, 1.0, 1.0, 1.0, 1.0, 1.0, 0.0, 0.0, 0.0, 0.0, 0.0, 0.0, 0.0, 0.0, 0.0, 1.0, 1.0, 1.0, 1.0, 1.0, 1.0, 0.0, 0.0, 0.0, 1.0, 1.0, 1.0]","[1e-06, 1e-06, 1e-06, 1e-06, 1e-06, 1e-06, 1e-06, 1e-06, 1e-06, 1e-06, 1e-06, 1e-06, 1e-06, 1e-06, 1e-06, 1e-06, 1e-06, 1e-06, 1e-06, 1e-06, 1e-06, 1e-06, 1e-06, 1e-06, 0.2773500981126146, 0.7071067811865475, 0.7071067811865475, 0.7071067811865475, 0.7071067811865475, 0.7071067811865475, 0.7071067811865475, 0.7071067811865475, 0.7071067811865475, 0.7071067811865475, 0.7071067811865475, 0.7071067811865475, 0.7071067811865475]"
1000000000000,1,12,Aggregate-GM,True,gurobi,2,True,verified,0.00018358000033913413,0.0005500699999174685,1.0,385,"[1.0, 1.0, 1.0, 1.0, 1.0, 1.0, 0.0, 0.0, -0.0, 1.0, 1.0, 1.0, 1.0, 1.0, 1.0, 0.0, 0.0, 0.0, 0.0, 0.0, -0.0, 0.0, 0.0, -0.0, 1.0, 1.0, 1.0, 1.0, 1.0, 1.0, 0.0, 0.0, -0.0, 1.0, 1.0, 1.0]","[1e-06, 1e-06, 1e-06, 1e-06, 1e-06, 1e-06, 1e-06, 1e-06, 1e-06, 1e-06, 1e-06, 1e-06, 1e-06, 1e-06, 1e-06, 1e-06, 1e-06, 1e-06, 1e-06, 1e-06, 1e-06, 1e-06, 1e-06, 1e-06, 0.2773500981126146, 0.7071067811865475, 0.7071067811865475, 0.7071067811865475, 0.7071067811865475, 0.7071067811865475, 0.7071067811865475, 0.7071067811865475, 0.7071067811865475, 0.7071067811865475, 0.7071067811865475, 0.7071067811865475, 0.7071067811865475]"
1000000000000,2,12,Base,False,highs,kOptimal,True,verified,7.714000275882427e-06,0.3179548819998672,529,302,"[1.0, 1.0, 1.0, 1.0, 1.0, 1.0, 0.0, 0.0, 0.0, 1.0, 1.0, 1.0, 1.0, 1.0, 1.0, 1.0, 1.0, 1.0, 0.0, 0.0, 0.0, 0.0, 0.0, 0.0, 0.0, 0.0, 0.0, 1.0, 1.0, 1.0, 1.0, 1.0, 1.0, 0.0, 0.0, 0.0]","[1.0, 1.0, 1.0, 1.0, 1.0, 1.0, 1.0, 1.0, 1.0, 1.0, 1.0, 1.0, 1.0, 1.0, 1.0, 1.0, 1.0, 1.0, 1.0, 1.0, 1.0, 1.0, 1.0, 1.0, 1.0]"
1000000000000,2,12,Base,False,gurobi,2,True,verified,7.714000275882427e-06,0.012063563999618054,126.0,302,"[1.0, 1.0, 1.0, 1.0, 1.0, 1.0, -0.0, -0.0, -0.0, 1.0, 1.0, 1.0, 1.0, 1.0, 1.0, 1.0, 1.0, 1.0, -0.0, -0.0, -0.0, 0.0, 0.0, -0.0, -0.0, -0.0, -0.0, 1.0, 1.0, 1.0, 1.0, 1.0, 1.0, 0.0, 0.0, -0.0]","[1.0, 1.0, 1.0, 1.0, 1.0, 1.0, 1.0, 1.0, 1.0, 1.0, 1.0, 1.0, 1.0, 1.0, 1.0, 1.0, 1.0, 1.0, 1.0, 1.0, 1.0, 1.0, 1.0, 1.0, 1.0]"
1000000000000,2,12,Base,True,highs,kOptimal,False,suboptimal,7.714000275882427e-06,0.004366842000308679,1,302,"[1.0, 1.0, 1.0, 1.0, 1.0, 1.0, 1.0, 1.0, 1.0, 0.0, 0.0, 0.0, 0.0, 0.0, 0.0, 0.0, 0.0, 0.0, 0.0, 0.0, 0.0, 0.0, 0.0, 0.0, 0.0, 0.0, 0.0, 1.0, 1.0, 1.0, 1.0, 1.0, 1.0, 0.0, 0.0, 0.0]","[1.0, 1.0, 1.0, 1.0, 1.0, 1.0, 1.0, 1.0, 1.0, 1.0, 1.0, 1.0, 1.0, 1.0, 1.0, 1.0, 1.0, 1.0, 1.0, 1.0, 1.0, 1.0, 1.0, 1.0, 1.0]"
1000000000000,2,12,Base,True,gurobi,2,True,verified,7.714000275882427e-06,0.00036661099966295296,0.0,302,"[1.0, 1.0, 1.0, 1.0, 1.0, 1.0, 0.0, 0.0, 0.0, 1.0, 1.0, 1.0, 1.0, 1.0, 1.0, 1.0, 1.0, 1.0, 0.0, 0.0, 0.0, 0.0, 0.0, 0.0, 0.0, 0.0, 0.0, 1.0, 1.0, 1.0, 1.0, 1.0, 1.0, 0.0, 0.0, 0.0]","[1.0, 1.0, 1.0, 1.0, 1.0, 1.0, 1.0, 1.0, 1.0, 1.0, 1.0, 1.0, 1.0, 1.0, 1.0, 1.0, 1.0, 1.0, 1.0, 1.0, 1.0, 1.0, 1.0, 1.0, 1.0]"
1000000000000,2,12,GM,False,highs,kOptimal,False,rounded_infeasible,0.00014104000001680106,0.1453054780004095,441,302,"[5e-13, 0.0, 0.0, 0.0, 0.0, 0.0, 1.0, 1.0, 0.0, 5e-13, 0.0, 0.0, 1.0000000000005, 1.0, 1.0, 1.0000000000005, 1.0, 1.0, 1.0000000000005, 1.0, 1.0, 1.0, 1.0, 1.0, 5e-13, 0.0, 0.0, 1.0, 1.0000000000005, 1.0, 1.0, 1.0, 1.0, 1.0000000000005, 1.0, 1.0]","[1e-06, 1e-06, 1e-06, 1e-06, 1e-06, 1e-06, 1e-06, 1e-06, 1e-06, 1e-06, 1e-06, 1e-06, 1e-06, 1e-06, 1e-06, 1e-06, 1e-06, 1e-06, 1e-06, 1e-06, 1e-06, 1e-06, 1e-06, 1e-06, 0.2773500981126146]"
1000000000000,2,12,GM,False,gurobi,2,False,rounded_infeasible,0.00014104000001680106,0.000392938999539183,1.0,302,"[1.0, 1.0, -0.0, 1.0, 1.0, -0.0, 1.0, 1.0, -0.0, 1.0, 1.0, -0.0, 1.0, 1.0, -0.0, 1.0, 1.0, -0.0, 1.0, 1.0, -0.0, 1.0, 1.0, -0.0, 1.0, 1.0, -0.0, 1.0, 1.0, -0.0, 1.0, 1.0, -0.0, 1.0, 1.0, -0.0]","[1e-06, 1e-06, 1e-06, 1e-06, 1e-06, 1e-06, 1e-06, 1e-06, 1e-06, 1e-06, 1e-06, 1e-06, 1e-06, 1e-06, 1e-06, 1e-06, 1e-06, 1e-06, 1e-06, 1e-06, 1e-06, 1e-06, 1e-06, 1e-06, 0.2773500981126146]"
1000000000000,2,12,GM,True,highs,kOptimal,False,suboptimal,0.00014104000001680106,0.0003026019994649687,0,302,"[0.0, 0.0, 0.0, 0.0, 0.0, 0.0, 0.0, 0.0, 0.0, 0.0, 0.0, 0.0, 0.0, 0.0, 0.0, 0.0, 0.0, 0.0, 0.0, 0.0, 0.0, 0.0, 0.0, 0.0, 0.0, 0.0, 0.0, 0.0, 0.0, 0.0, 0.0, 0.0, 0.0, 0.0, 0.0, 0.0]","[1e-06, 1e-06, 1e-06, 1e-06, 1e-06, 1e-06, 1e-06, 1e-06, 1e-06, 1e-06, 1e-06, 1e-06, 1e-06, 1e-06, 1e-06, 1e-06, 1e-06, 1e-06, 1e-06, 1e-06, 1e-06, 1e-06, 1e-06, 1e-06, 0.2773500981126146]"
1000000000000,2,12,GM,True,gurobi,2,False,rounded_infeasible,0.00014104000001680106,0.000335923999955412,0.0,302,"[1.0, 1.0, 0.0, 1.0, 1.0, 0.0, 1.0, 1.0, 0.0, 1.0, 1.0, 0.0, 1.0, 1.0, 0.0, 1.0, 1.0, 0.0, 1.0, 1.0, 0.0, 1.0, 1.0, 0.0, 1.0, 1.0, 0.0, 1.0, 1.0, 0.0, 1.0, 1.0, 0.0, 1.0, 1.0, 0.0]","[1e-06, 1e-06, 1e-06, 1e-06, 1e-06, 1e-06, 1e-06, 1e-06, 1e-06, 1e-06, 1e-06, 1e-06, 1e-06, 1e-06, 1e-06, 1e-06, 1e-06, 1e-06, 1e-06, 1e-06, 1e-06, 1e-06, 1e-06, 1e-06, 0.2773500981126146]"
1000000000000,2,12,GCD-floor,False,highs,kOptimal,True,verified,9.061999662662856e-06,0.31910564600002544,529,302,"[1.0, 1.0, 1.0, 1.0, 1.0, 1.0, 0.0, 0.0, 0.0, 1.0, 1.0, 1.0, 1.0, 1.0, 1.0, 1.0, 1.0, 1.0, 0.0, 0.0, 0.0, 0.0, 0.0, 0.0, 0.0, 0.0, 0.0, 1.0, 1.0, 1.0, 1.0, 1.0, 1.0, 0.0, 0.0, 0.0]","[1.0, 1.0, 1.0, 1.0, 1.0, 1.0, 1.0, 1.0, 1.0, 1.0, 1.0, 1.0, 1.0, 1.0, 1.0, 1.0, 1.0, 1.0, 1.0, 1.0, 1.0, 1.0, 1.0, 1.0, 1.0]"
1000000000000,2,12,GCD-floor,False,gurobi,2,True,verified,9.061999662662856e-06,0.0010388849996161298,1.0,302,"[1.0, 1.0, 1.0, 1.0, 1.0, 1.0, 0.0, 0.0, -0.0, 1.0, 1.0, 1.0, 1.0, 1.0, 1.0, 1.0, 1.0, 1.0, 0.0, 0.0, 0.0, 0.0, 0.0, -0.0, 0.0, 0.0, -0.0, 1.0, 1.0, 1.0, 1.0, 1.0, 1.0, 0.0, 0.0, -0.0]","[1.0, 1.0, 1.0, 1.0, 1.0, 1.0, 1.0, 1.0, 1.0, 1.0, 1.0, 1.0, 1.0, 1.0, 1.0, 1.0, 1.0, 1.0, 1.0, 1.0, 1.0, 1.0, 1.0, 1.0, 1.0]"
1000000000000,2,12,GCD-floor,True,highs,kOptimal,False,suboptimal,9.061999662662856e-06,0.004376851999950304,1,302,"[1.0, 1.0, 1.0, 1.0, 1.0, 1.0, 1.0, 1.0, 1.0, 0.0, 0.0, 0.0, 0.0, 0.0, 0.0, 0.0, 0.0, 0.0, 0.0, 0.0, 0.0, 0.0, 0.0, 0.0, 0.0, 0.0, 0.0, 1.0, 1.0, 1.0, 1.0, 1.0, 1.0, 0.0, 0.0, 0.0]","[1.0, 1.0, 1.0, 1.0, 1.0, 1.0, 1.0, 1.0, 1.0, 1.0, 1.0, 1.0, 1.0, 1.0, 1.0, 1.0, 1.0, 1.0, 1.0, 1.0, 1.0, 1.0, 1.0, 1.0, 1.0]"
1000000000000,2,12,GCD-floor,True,gurobi,2,True,verified,9.061999662662856e-06,0.00037177499962126603,0.0,302,"[1.0, 1.0, 1.0, 1.0, 1.0, 1.0, 0.0, 0.0, 0.0, 1.0, 1.0, 1.0, 1.0, 1.0, 1.0, 1.0, 1.0, 1.0, 0.0, 0.0, 0.0, 0.0, 0.0, 0.0, 0.0, 0.0, 0.0, 1.0, 1.0, 1.0, 1.0, 1.0, 1.0, 0.0, 0.0, 0.0]","[1.0, 1.0, 1.0, 1.0, 1.0, 1.0, 1.0, 1.0, 1.0, 1.0, 1.0, 1.0, 1.0, 1.0, 1.0, 1.0, 1.0, 1.0, 1.0, 1.0, 1.0, 1.0, 1.0, 1.0, 1.0]"
1000000000000,2,12,Row-dyadic,False,highs,ABSTAIN,False,no_point,0.007493898000575427,0.0,0,302,null,null
1000000000000,2,12,Row-dyadic,False,gurobi,ABSTAIN,False,no_point,0.007493898000575427,0.0,0,302,null,null
1000000000000,2,12,Row-dyadic,True,highs,ABSTAIN,False,no_point,0.007493898000575427,0.0,0,302,null,null
1000000000000,2,12,Row-dyadic,True,gurobi,ABSTAIN,False,no_point,0.007493898000575427,0.0,0,302,null,null
1000000000000,2,12,Joint-dyadic,False,highs,kOptimal,True,verified,0.03357054899970535,0.1900161929997921,485,302,"[1.0000000000005, 1.0, 1.0, 1.0000000000005, 1.0, 1.0, 0.0, 0.0, 0.0, 1.0, 1.0, 1.0, 0.9999999999995, 1.0, 1.0, 1.0, 1.0, 1.0, 0.0, 0.0, 0.0, 0.0, 0.0, 0.0, 0.0, 0.0, 0.0, 1.0000000000005, 1.0, 1.0, 1.0, 1.0, 1.0, 0.0, 0.0, 0.0]","[3.814697265625e-06, 3.814697265625e-06, 3.814697265625e-06, 3.814697265625e-06, 3.814697265625e-06, 3.814697265625e-06, 3.814697265625e-06, 3.814697265625e-06, 3.814697265625e-06, 3.814697265625e-06, 3.814697265625e-06, 3.814697265625e-06, 3.814697265625e-06, 3.814697265625e-06, 3.814697265625e-06, 3.814697265625e-06, 3.814697265625e-06, 3.814697265625e-06, 3.814697265625e-06, 3.814697265625e-06, 3.814697265625e-06, 3.814697265625e-06, 3.814697265625e-06, 3.814697265625e-06, 0.2773500981126146]"
1000000000000,2,12,Joint-dyadic,False,gurobi,2,False,rounded_infeasible,0.03357054899970535,0.00032204800027102465,1.0,302,"[1.0, 1.0, -0.0, 1.0, 1.0, -0.0, 1.0, 1.0, -0.0, 1.0, 1.0, -0.0, 1.0, 1.0, -0.0, 1.0, 1.0, -0.0, 1.0, 1.0, -0.0, 1.0, 1.0, -0.0, 1.0, 1.0, -0.0, 1.0, 1.0, -0.0, 1.0, 1.0, -0.0, 1.0, 1.0, -0.0]","[3.814697265625e-06, 3.814697265625e-06, 3.814697265625e-06, 3.814697265625e-06, 3.814697265625e-06, 3.814697265625e-06, 3.814697265625e-06, 3.814697265625e-06, 3.814697265625e-06, 3.814697265625e-06, 3.814697265625e-06, 3.814697265625e-06, 3.814697265625e-06, 3.814697265625e-06, 3.814697265625e-06, 3.814697265625e-06, 3.814697265625e-06, 3.814697265625e-06, 3.814697265625e-06, 3.814697265625e-06, 3.814697265625e-06, 3.814697265625e-06, 3.814697265625e-06, 3.814697265625e-06, 0.2773500981126146]"
1000000000000,2,12,Joint-dyadic,True,highs,kOptimal,True,verified,0.03357054899970535,0.0037033380003776983,1,302,"[1.0000000000005, 1.0, 1.0, 1.0000000000005, 1.0, 1.0, 0.0, 0.0, 0.0, 0.9999999999995, 1.0, 1.0, 0.9999999999995, 1.0, 1.0, 0.9999999999995, 1.0, 1.0, 0.0, 0.0, 0.0, 0.0, 0.0, 0.0, 0.0, 0.0, 0.0, 1.0000000000005, 1.0, 1.0, 1.0000000000005, 1.0, 1.0, 0.0, 0.0, 0.0]","[3.814697265625e-06, 3.814697265625e-06, 3.814697265625e-06, 3.814697265625e-06, 3.814697265625e-06, 3.814697265625e-06, 3.814697265625e-06, 3.814697265625e-06, 3.814697265625e-06, 3.814697265625e-06, 3.814697265625e-06, 3.814697265625e-06, 3.814697265625e-06, 3.814697265625e-06, 3.814697265625e-06, 3.814697265625e-06, 3.814697265625e-06, 3.814697265625e-06, 3.814697265625e-06, 3.814697265625e-06, 3.814697265625e-06, 3.814697265625e-06, 3.814697265625e-06, 3.814697265625e-06, 0.2773500981126146]"
1000000000000,2,12,Joint-dyadic,True,gurobi,2,False,rounded_infeasible,0.03357054899970535,0.0003325830002722796,0.0,302,"[1.0, 1.0, 0.0, 1.0, 1.0, 0.0, 1.0, 1.0, 0.0, 1.0, 1.0, 0.0, 1.0, 1.0, 0.0, 1.0, 1.0, 0.0, 1.0, 1.0, 0.0, 1.0, 1.0, 0.0, 1.0, 1.0, 0.0, 1.0, 1.0, 0.0, 1.0, 1.0, 0.0, 1.0, 1.0, 0.0]","[3.814697265625e-06, 3.814697265625e-06, 3.814697265625e-06, 3.814697265625e-06, 3.814697265625e-06, 3.814697265625e-06, 3.814697265625e-06, 3.814697265625e-06, 3.814697265625e-06, 3.814697265625e-06, 3.814697265625e-06, 3.814697265625e-06, 3.814697265625e-06, 3.814697265625e-06, 3.814697265625e-06, 3.814697265625e-06, 3.814697265625e-06, 3.814697265625e-06, 3.814697265625e-06, 3.814697265625e-06, 3.814697265625e-06, 3.814697265625e-06, 3.814697265625e-06, 3.814697265625e-06, 0.2773500981126146]"
1000000000000,2,12,Aggregate-GM,False,highs,kOptimal,True,verified,0.00018239299970446154,0.013392023000051267,1,302,"[1.000000000003374, 1.000000000002874, 1.000000000002874, 1.0000000000000002, 0.9999999999995001, 0.9999999999995001, 5e-13, -0.0, -0.0, 0.9999999999988761, 0.9999999999993762, 0.9999999999988761, 1.0, 0.9999999999995, 0.9999999999995, 1.0, 0.9999999999995, 0.9999999999995, 5e-13, -0.0, -0.0, -0.0, 5e-13, 0.0, -0.0, 5e-13, 0.0, 0.9999999999988761, 0.9999999999993762, 0.9999999999988761, 0.9999999999995, 1.0, 0.9999999999995, 5e-13, -0.0, -0.0]","[1e-06, 1e-06, 1e-06, 1e-06, 1e-06, 1e-06, 1e-06, 1e-06, 1e-06, 1e-06, 1e-06, 1e-06, 1e-06, 1e-06, 1e-06, 1e-06, 1e-06, 1e-06, 1e-06, 1e-06, 1e-06, 1e-06, 1e-06, 1e-06, 0.2773500981126146, 0.7071067811865475, 0.7071067811865475, 0.7071067811865475, 0.7071067811865475, 0.7071067811865475, 0.7071067811865475, 0.7071067811865475, 0.7071067811865475, 0.7071067811865475, 0.7071067811865475, 0.7071067811865475, 0.7071067811865475]"
1000000000000,2,12,Aggregate-GM,False,gurobi,2,True,verified,0.00018239299970446154,0.002476611000020057,1.0,302,"[1.0, 1.0, 1.0, 1.0, 1.0, 1.0, 0.0, 0.0, -0.0, 1.0, 1.0, 1.0, 1.0, 1.0, 1.0, 1.0, 1.0, 1.0, 0.0, 0.0, 0.0, 0.0, 0.0, -0.0, 0.0, -0.0, -0.0, 1.0, 1.0, 1.0, 1.0, 1.0, 1.0, 0.0, -0.0, 0.0]","[1e-06, 1e-06, 1e-06, 1e-06, 1e-06, 1e-06, 1e-06, 1e-06, 1e-06, 1e-06, 1e-06, 1e-06, 1e-06, 1e-06, 1e-06, 1e-06, 1e-06, 1e-06, 1e-06, 1e-06, 1e-06, 1e-06, 1e-06, 1e-06, 0.2773500981126146, 0.7071067811865475, 0.7071067811865475, 0.7071067811865475, 0.7071067811865475, 0.7071067811865475, 0.7071067811865475, 0.7071067811865475, 0.7071067811865475, 0.7071067811865475, 0.7071067811865475, 0.7071067811865475, 0.7071067811865475]"
1000000000000,2,12,Aggregate-GM,True,highs,kOptimal,True,verified,0.00018239299970446154,0.003681857000628952,0,302,"[1.0, 1.0, 1.0, 1.0, 1.0, 1.0, 0.0, 0.0, 0.0, 1.0, 1.0, 1.0, 1.0, 1.0, 1.0, 1.0, 1.0, 1.0, 0.0, 0.0, 0.0, 0.0, 0.0, 0.0, 0.0, 0.0, 0.0, 1.0, 1.0, 1.0, 1.0, 1.0, 1.0, 0.0, 0.0, 0.0]","[1e-06, 1e-06, 1e-06, 1e-06, 1e-06, 1e-06, 1e-06, 1e-06, 1e-06, 1e-06, 1e-06, 1e-06, 1e-06, 1e-06, 1e-06, 1e-06, 1e-06, 1e-06, 1e-06, 1e-06, 1e-06, 1e-06, 1e-06, 1e-06, 0.2773500981126146, 0.7071067811865475, 0.7071067811865475, 0.7071067811865475, 0.7071067811865475, 0.7071067811865475, 0.7071067811865475, 0.7071067811865475, 0.7071067811865475, 0.7071067811865475, 0.7071067811865475, 0.7071067811865475, 0.7071067811865475]"
1000000000000,2,12,Aggregate-GM,True,gurobi,2,True,verified,0.00018239299970446154,0.0007499800003643031,1.0,302,"[1.0, 1.0, 1.0, 1.0, 1.0, 1.0, 0.0, 0.0, -0.0, 1.0, 1.0, 1.0, 1.0, 1.0, 1.0, 1.0, 1.0, 1.0, 0.0, 0.0, 0.0, 0.0, 0.0, -0.0, 0.0, 0.0, -0.0, 1.0, 1.0, 1.0, 1.0, 1.0, 1.0, 0.0, 0.0, -0.0]","[1e-06, 1e-06, 1e-06, 1e-06, 1e-06, 1e-06, 1e-06, 1e-06, 1e-06, 1e-06, 1e-06, 1e-06, 1e-06, 1e-06, 1e-06, 1e-06, 1e-06, 1e-06, 1e-06, 1e-06, 1e-06, 1e-06, 1e-06, 1e-06, 0.2773500981126146, 0.7071067811865475, 0.7071067811865475, 0.7071067811865475, 0.7071067811865475, 0.7071067811865475, 0.7071067811865475, 0.7071067811865475, 0.7071067811865475, 0.7071067811865475, 0.7071067811865475, 0.7071067811865475, 0.7071067811865475]"
