instancia,variante,status,rc,tiempo_solver_s,gap_pct,objetivo_solver,objetivo_post,status_solver,best_bound,nodos_explorados,iter_simplex,presolve_time_s,rows_cargadas,cols_cargadas,nz_cargados,rows_presolved,cols_presolved,nz_presolved,reduccion_rows_pct,reduccion_cols_pct,reduccion_nz_pct,solver_warnings,solver_warnings_txt,matrix_min,matrix_max,objective_min,objective_max,rhs_min,rhs_max,bounds_min,bounds_max,matrix_range_ratio_vs_base,objective_range_ratio_vs_base,rhs_range_ratio_vs_base,bounds_range_ratio_vs_base,kappa_antes,kappa_despues,rho_antes,rho_despues,tiempo_preprocesamiento_s,tiempo_total_s,speedup_vs_base,speedup_solver_vs_base,speedup_total_vs_base,overhead_preprocesamiento_vs_base,ratio_preproc_solver,gap_delta_vs_base,obj_solver_delta_vs_base,obj_solver_rel_delta_vs_base,obj_post_delta_vs_base,obj_post_rel_delta_vs_base,matrix_kappa_ratio_vs_base,kappa_proxy_ratio,kappa_solver,kappa_solver_exact,kappa_solver_ratio_vs_base,work_units,dettime_ticks,root_gap,root_time,tiempo_determinista,speedup_det_vs_base,primal_integral,kappa_arbol_max,kappa_attention,kappa_stable_frac,kappa_suspicious_frac,kappa_unstable_frac,kappa_illposed_frac,kappa_arbol_max_ratio_vs_base,mip_equivalente,post_factible,solver_max_viol,solver_int_viol,solver_obj_diff,post_max_viol,post_int_viol,verif_solver_avg_viol,verif_solver_p95_viol,verif_solver_p99_viol,verif_solver_max_viol_rel,verif_solver_max_viol_relact,verif_post_avg_viol,verif_post_p95_viol,verif_post_p99_viol,verif_post_max_viol_rel,verif_post_max_viol_relact,verif_solver_max_le,verif_solver_max_ge,verif_solver_max_eq,verif_solver_max_lb,verif_solver_max_ub,verif_solver_max_int,verif_solver_viol_le_count,verif_solver_viol_ge_count,verif_solver_viol_eq_count,verif_solver_viol_lb_count,verif_solver_viol_ub_count,verif_solver_viol_int_count,verif_solver_missing,verif_solver_obj_original,verif_post_max_le,verif_post_max_ge,verif_post_max_eq,verif_post_max_lb,verif_post_max_ub,verif_post_max_int,verif_post_viol_le_count,verif_post_viol_ge_count,verif_post_viol_eq_count,verif_post_viol_lb_count,verif_post_viol_ub_count,verif_post_viol_int_count,verif_post_missing,verif_post_obj_original,obj_original_variante,abs_obj_diff_vs_base,rel_obj_diff_vs_base,sentido_obj_vs_base,best_bound_delta_vs_base,equivalente_vs_base,max_diff_post_csv,diffs_post_csv,csv,csv_post,log
caso01a.txt,base,OK,0,1.690849359,0.035407548835434,-344348815.0876292,-353180000.0,OPTIMAL,-344470740.5624956,1.0,8039.0,0.23,14400.0,10800.0,35590.0,10911.0,8715.0,28973.0,24.229166666666668,19.305555555555557,18.592301208204553,3,Model contains large bounds | Model contains large matrix coefficients | Model contains large rhs,0.002,2000000000.0,0.003,3000.0,5.0,5000000000.0,1.0,10000000000.0,,,,,,,,,0.0,1.690849359,1.0,1.0,1.0,0.0,0.0,0.0,,,0.0,,,,90363709.491551,,,1.682545,,,,1.682545,1.0,0.230412606743679,,,,,,,,BASE,BASE,,,,,,1.96691105031915e-09,4.13488687733829e-14,7.07805156707764e-08,2.58907675743103e-07,5.03259119615214e-10,4485044.29394973,6.30315195509877,141182319.986202,815406028.065008,0.909194436801052,3.63797880709171e-12,0.0,2.58907675743103e-07,0.0,0.0,0.0,0.0,0.0,0.0,0.0,0.0,0.0,0.0,-344348815.087629,1201.66395897249,0.0,815406028.065008,0.0,0.0,0.0,222.0,0.0,959.0,0.0,0.0,0.0,0.0,-353180301.47942,,,,,,BASE,0.0,0,/clusteruy/home/mathiasr/generator-aware-row-scaling/results-revision/final-variants/gurobi_simple_1pct/resultados/caso01a_base.csv,/clusteruy/home/mathiasr/generator-aware-row-scaling/results-revision/final-variants/gurobi_simple_1pct/resultados/caso01a_base_postprocesado.csv,/clusteruy/home/mathiasr/generator-aware-row-scaling/results-revision/final-variants/gurobi_simple_1pct/logs/caso01a_base.log
caso01a.txt,matricial_plano,OK,0,1.791426615,0.035404937266452,-344348824.077351,-353181000.0,OPTIMAL,-344470740.5624933,1.0,8388.0,0.24,14400.0,10800.0,35590.0,10912.0,8716.0,28972.0,24.22222222222222,19.296296296296298,18.595110986232086,1,Model contains large bounds,2e-05,40000.0,0.003,3000.0,0.02,90000000.0,1.0,10000000000.0,0.0019999999999999996,1.0,4.5,1.0,2341000000000.0,3666000000000.0,0.0,0.0,0.008868399,1.800295014,0.9438563348574566,0.9438563348574566,0.9392068221325419,0.008868399,0.004950467368153956,2.61156898199999e-06,-8.989721775054932,-2.6106440275588708e-08,-1000.0,-2.8314174075542215e-06,0.0019999999999999996,1.565997436992738,10987447.0,,0.12159136739541802,2.0,,,,2.0,0.8412725,0.210301133492343,,,,,,,,OK,REVISAR,2.62260437011719e-06,0.0,0.0,815405786.244151,0.0,8.68619816120763e-09,4.65661287307739e-10,2.34693288803101e-07,1.828708263929e-06,5.94168090359495e-14,4487245.83394744,6.30315195200212,141182541.090867,815405786.244151,0.909194436801052,1.43051147460938e-06,0.0,2.62260437011719e-06,0.0,0.0,0.0,1.0,0.0,2.0,0.0,0.0,0.0,0.0,-344348824.077351,1201.66395897249,0.0,815405786.244151,0.0,0.0,0.0,223.0,0.0,962.0,0.0,0.0,0.0,0.0,-353180853.754412,-344348824.077351,-8.989721775054932,2.6106440275588708e-08,igual,2.2649765014648438e-06,DIFIERE,16000.0,304,/clusteruy/home/mathiasr/generator-aware-row-scaling/results-revision/final-variants/gurobi_simple_1pct/resultados/caso01a_matricial_plano.csv,/clusteruy/home/mathiasr/generator-aware-row-scaling/results-revision/final-variants/gurobi_simple_1pct/resultados/caso01a_matricial_plano_postprocesado.csv,/clusteruy/home/mathiasr/generator-aware-row-scaling/results-revision/final-variants/gurobi_simple_1pct/logs/caso01a_matricial_plano.log
caso01a.txt,matricial_plano_l2,OK,0,2.417392132,0.522709987825328,-342679337.19225913,-351379000.0,OPTIMAL,-344470556.3139767,1.0,9255.0,0.23,14400.0,10800.0,35590.0,10939.0,8830.0,29045.0,24.03472222222222,18.24074074074074,18.389997190221973,3,Model contains large bounds | Model contains large matrix coefficient range | Model contains large rhs,1e-09,2000000000.0,0.003,3000.0,0.01,4000000000.0,1.0,10000000000.0,2000000.0,1.0,400.0,1.0,2341000000000.0,3.775e+18,0.0,0.0,0.007812851,2.425204983,0.6994518334934334,0.6994518334934334,0.6971985340836652,0.007812851,0.0032319336596566706,-0.48730243898989395,1669477.8953700662,0.0048482173372521135,1801000.0,0.005099382751005153,2000000.0,1612558.7355830842,1628547.0,,0.018022135314755633,2.0,,1.0,2.0,2.0,0.8412725,0.869197382604803,,,,,,,,REVISAR,REVISAR,0.00247393548488617,0.0,1.1920928955078125e-07,786752427.660758,0.0,1.88997053192861e-07,4.65661287307739e-10,2.94321216642857e-07,0.00247393548488617,8.37669770903109e-12,2845530.85147838,6.91856319920707,125159147.95137,786752427.660758,1.0,2.38418579101562e-07,0.0,0.00247393548488617,0.0,0.0,0.0,0.0,0.0,13.0,0.0,0.0,0.0,0.0,-342679337.192259,605.015722476866,0.0,786752427.660758,0.0,0.0,0.0,175.0,0.0,967.0,0.0,0.0,0.0,0.0,-351378917.846578,-342679337.192259,1669477.8953701854,0.00484821733725246,empeora,184.24851888418198,DIFIERE,13170000.0,4543,/clusteruy/home/mathiasr/generator-aware-row-scaling/results-revision/final-variants/gurobi_simple_1pct/resultados/caso01a_matricial_plano_l2.csv,/clusteruy/home/mathiasr/generator-aware-row-scaling/results-revision/final-variants/gurobi_simple_1pct/resultados/caso01a_matricial_plano_l2_postprocesado.csv,/clusteruy/home/mathiasr/generator-aware-row-scaling/results-revision/final-variants/gurobi_simple_1pct/logs/caso01a_matricial_plano_l2.log
caso01a.txt,role_hybrid,OK,0,1.846018745,0.035404937266452,-344348824.077351,-353181000.0,OPTIMAL,-344470740.5624933,1.0,8388.0,0.24,14400.0,10800.0,35590.0,10912.0,8716.0,28972.0,24.22222222222222,19.296296296296298,18.595110986232086,1,Model contains large bounds,2e-05,40000.0,0.003,3000.0,0.02,90000000.0,1.0,10000000000.0,0.0019999999999999996,1.0,4.5,1.0,2341000000000.0,3666000000000.0,0.0002863,0.02149,0.016802993,1.862821738,0.9159437646988791,0.9159437646988791,0.9076817843103783,0.016802993,0.009102287311822502,2.61156898199999e-06,-8.989721775054932,-2.6106440275588708e-08,-1000.0,-2.8314174075542215e-06,0.0019999999999999996,1.565997436992738,10987447.0,,0.12159136739541802,2.0,,,,2.0,0.8412725,0.208083722888062,,,,,,,,OK,REVISAR,2.62260437011719e-06,0.0,0.0,815405786.244151,0.0,8.68619816120763e-09,4.65661287307739e-10,2.34693288803101e-07,1.828708263929e-06,5.94168090359495e-14,4487245.83394744,6.30315195200212,141182541.090867,815405786.244151,0.909194436801052,1.43051147460938e-06,0.0,2.62260437011719e-06,0.0,0.0,0.0,1.0,0.0,2.0,0.0,0.0,0.0,0.0,-344348824.077351,1201.66395897249,0.0,815405786.244151,0.0,0.0,0.0,223.0,0.0,962.0,0.0,0.0,0.0,0.0,-353180853.754412,-344348824.077351,-8.989721775054932,2.6106440275588708e-08,igual,2.2649765014648438e-06,DIFIERE,16000.0,304,/clusteruy/home/mathiasr/generator-aware-row-scaling/results-revision/final-variants/gurobi_simple_1pct/resultados/caso01a_role_hybrid.csv,/clusteruy/home/mathiasr/generator-aware-row-scaling/results-revision/final-variants/gurobi_simple_1pct/resultados/caso01a_role_hybrid_postprocesado.csv,/clusteruy/home/mathiasr/generator-aware-row-scaling/results-revision/final-variants/gurobi_simple_1pct/logs/caso01a_role_hybrid.log
caso03b.txt,base,OK,0,2.500109607,0.017819574286997,-379994218.71582127,-379669000.0,OPTIMAL,-380061932.0679116,1.0,12616.0,0.26,14400.0,10800.0,35590.0,10964.0,8770.0,28718.0,23.86111111111111,18.796296296296298,19.308794605226186,3,Model contains large bounds | Model contains large matrix coefficients | Model contains large rhs,0.002,2000000000.0,0.003,3000.0,5.0,5000000000.0,1.0,10000000000.0,,,,,,,,,0.0,2.500109607,1.0,1.0,1.0,0.0,0.0,0.0,,,0.0,,,,36125388.454999,,,2.279629,,,,2.279629,1.0,0.198606434855317,,,,,,,,BASE,BASE,,,,,,2.9102999677943e-09,1.3199663584373e-11,9.73325222730639e-08,2.25380063056946e-07,5.97095272171693e-11,180469.78326021,2.23329872378375,6219386.12930483,24569114.3257727,1.0,3.63797880709171e-12,0.0,5.51575794816017e-07,0.0,0.0,0.0,0.0,0.0,0.0,0.0,0.0,0.0,0.0,-379994218.715821,2340.22805713537,0.0,24569114.3257727,0.0,0.0,0.0,1046.0,0.0,1002.0,0.0,0.0,0.0,0.0,-379669252.405241,,,,,,BASE,0.0,0,/clusteruy/home/mathiasr/generator-aware-row-scaling/results-revision/final-variants/gurobi_simple_1pct/resultados/caso03b_base.csv,/clusteruy/home/mathiasr/generator-aware-row-scaling/results-revision/final-variants/gurobi_simple_1pct/resultados/caso03b_base_postprocesado.csv,/clusteruy/home/mathiasr/generator-aware-row-scaling/results-revision/final-variants/gurobi_simple_1pct/logs/caso03b_base.log
caso03b.txt,matricial_plano,OK,0,2.504401961,0.0178195742928,-379994218.71582115,-379669000.0,OPTIMAL,-380061932.06793356,1.0,11043.0,0.28,14400.0,10800.0,35590.0,10971.0,8777.0,28734.0,23.8125,18.73148148148148,19.263838156785614,1,Model contains large bounds,2e-05,40000.0,0.003,3000.0,0.05,80000000.0,1.0,10000000000.0,0.0019999999999999996,1.0,1.6,1.0,2194000000000.0,3157000000000.0,0.0,0.0,0.009250041,2.513652002,0.9982860762502015,0.9982860762502015,0.9946124622703442,0.009250041,0.0036935129200691436,-5.803000441284567e-12,1.1920928955078125e-07,3.1371342951912627e-16,0.0,0.0,0.0019999999999999996,1.4389243391066544,1950655.0,,0.05399678961044002,2.0,,,,2.0,1.1398145,0.217201266973059,,,,,,,,OK,REVISAR,2.38418579101562e-06,0.0,1.1920928955078125e-07,24569114.3257716,0.0,6.92579469452799e-09,6.07687979936566e-09,1.9395025447011e-07,2.7194619178772e-07,4.88700940282816e-13,180469.783260203,2.23329872378378,6219386.12930417,24569114.3257716,1.0,7.27595761418343e-12,0.0,2.38418579101562e-06,0.0,2.27373675443232e-13,0.0,0.0,0.0,2.0,0.0,0.0,0.0,0.0,-379994218.715821,2340.22805713536,0.0,24569114.3257716,0.0,2.27373675443232e-13,0.0,1046.0,0.0,1004.0,0.0,0.0,0.0,0.0,-379669252.405244,-379994218.715821,2.384185791015625e-07,6.274268590382525e-16,igual,-2.193450927734375e-05,OK,0.0,0,/clusteruy/home/mathiasr/generator-aware-row-scaling/results-revision/final-variants/gurobi_simple_1pct/resultados/caso03b_matricial_plano.csv,/clusteruy/home/mathiasr/generator-aware-row-scaling/results-revision/final-variants/gurobi_simple_1pct/resultados/caso03b_matricial_plano_postprocesado.csv,/clusteruy/home/mathiasr/generator-aware-row-scaling/results-revision/final-variants/gurobi_simple_1pct/logs/caso03b_matricial_plano.log
caso03b.txt,matricial_plano_l2,OK,0,2.311468939,0.019140447513248,-379989200.4344683,-379739000.0,OPTIMAL,-380061932.0679335,1.0,9685.0,0.26,14400.0,10800.0,35590.0,10964.0,8772.0,28717.0,23.86111111111111,18.77777777777778,19.311604383253723,3,Model contains large bounds | Model contains large matrix coefficient range | Model contains large rhs,0.0001,2000000000.0,0.003,3000.0,0.03,3000000000.0,1.0,10000000000.0,20.0,1.0,100.0,1.0,2194000000000.0,23990000000000.0,0.0,0.0,0.007862762,2.319331701,1.0816107302231848,1.0816107302231848,1.0779439637383719,0.007862762,0.0034016299623743293,-0.0013208732262510008,5018.2813529372215,1.320620447831114e-05,-70000.0,-0.00018437112326789913,20.0,10.93436645396536,4607557.0,,0.12754345896486574,2.0,,,,2.0,1.1398145,0.225385444934642,,,,,,,,OK,REVISAR,2.38418579101562e-06,0.0,3.5762786865234375e-07,22537382.9200525,0.0,7.99555463737012e-09,1.23749487102027e-08,2.28174030780792e-07,4.01626954037259e-07,4.01626954037259e-07,156840.984802055,2.26331264620461,5857605.17735175,22537382.9200525,1.0,7.27595761418343e-12,0.0,2.38418579101562e-06,1.11563042788128e-10,0.0,0.0,0.0,0.0,2.0,0.0,0.0,0.0,0.0,-379989200.434468,2270.64493973787,0.0,22537382.9200525,1.11563042788128e-10,0.0,0.0,1067.0,0.0,1002.0,0.0,0.0,0.0,0.0,-379738529.364413,-379989200.434468,5018.281353294849,1.320620447925228e-05,empeora,-2.187490463256836e-05,DIFIERE,15620000.0,4100,/clusteruy/home/mathiasr/generator-aware-row-scaling/results-revision/final-variants/gurobi_simple_1pct/resultados/caso03b_matricial_plano_l2.csv,/clusteruy/home/mathiasr/generator-aware-row-scaling/results-revision/final-variants/gurobi_simple_1pct/resultados/caso03b_matricial_plano_l2_postprocesado.csv,/clusteruy/home/mathiasr/generator-aware-row-scaling/results-revision/final-variants/gurobi_simple_1pct/logs/caso03b_matricial_plano_l2.log
caso03b.txt,role_hybrid,OK,0,2.429602961,0.0178195742928,-379994218.71582115,-379669000.0,OPTIMAL,-380061932.06793356,1.0,11043.0,0.27,14400.0,10800.0,35590.0,10971.0,8777.0,28734.0,23.8125,18.73148148148148,19.263838156785614,1,Model contains large bounds,2e-05,40000.0,0.003,3000.0,0.05,80000000.0,1.0,10000000000.0,0.0019999999999999996,1.0,1.6,1.0,2194000000000.0,3157000000000.0,0.0003271,0.02355,0.016642845,2.446245806,1.0290198222227143,1.0290198222227143,1.0220189650884168,0.016642845,0.006850026636924238,-5.803000441284567e-12,1.1920928955078125e-07,3.1371342951912627e-16,0.0,0.0,0.0019999999999999996,1.4389243391066544,1950655.0,,0.05399678961044002,2.0,,,,2.0,1.1398145,0.21656325817309,,,,,,,,OK,REVISAR,2.38418579101562e-06,0.0,1.1920928955078125e-07,24569114.3257716,0.0,6.92579469452799e-09,6.07687979936566e-09,1.9395025447011e-07,2.7194619178772e-07,4.88700940282816e-13,180469.783260203,2.23329872378378,6219386.12930417,24569114.3257716,1.0,7.27595761418343e-12,0.0,2.38418579101562e-06,0.0,2.27373675443232e-13,0.0,0.0,0.0,2.0,0.0,0.0,0.0,0.0,-379994218.715821,2340.22805713536,0.0,24569114.3257716,0.0,2.27373675443232e-13,0.0,1046.0,0.0,1004.0,0.0,0.0,0.0,0.0,-379669252.405244,-379994218.715821,2.384185791015625e-07,6.274268590382525e-16,igual,-2.193450927734375e-05,OK,0.0,0,/clusteruy/home/mathiasr/generator-aware-row-scaling/results-revision/final-variants/gurobi_simple_1pct/resultados/caso03b_role_hybrid.csv,/clusteruy/home/mathiasr/generator-aware-row-scaling/results-revision/final-variants/gurobi_simple_1pct/resultados/caso03b_role_hybrid_postprocesado.csv,/clusteruy/home/mathiasr/generator-aware-row-scaling/results-revision/final-variants/gurobi_simple_1pct/logs/caso03b_role_hybrid.log
caso05d.txt,base,OK,0,34.855508459,0.879244479942614,-273585959.2429438,-273135000.0,OPTIMAL,-275991448.68748546,19069.0,815846.0,0.23,14400.0,10800.0,35590.0,9389.0,7587.0,25642.0,34.798611111111114,29.75,27.951671817926385,3,Model contains large bounds | Model contains large matrix coefficient range | Model contains large rhs,0.002,2000000000.0,0.003,2000.0,5.0,4000000000.0,1.0,10000000000.0,,,,,,,,,0.0,34.855508459,1.0,1.0,1.0,0.0,0.0,0.0,,,0.0,,,,36677888.485972,,,37.925164,,0.025441,4.802353,37.925164,1.0,0.031645400621617,,,,,,,,BASE,BASE,,,,,,2.48054199372952e-09,9.09494701772928e-13,8.94069671630859e-08,2.68220901489258e-07,3.57698769043422e-12,769355.451639577,5.56416027494365,18428100.3739367,710467540.698261,0.750600752355528,3.63797880709171e-12,0.0,5.21540641784668e-07,0.0,0.0,0.0,0.0,0.0,0.0,0.0,0.0,0.0,0.0,-273585959.242944,1082.42343809801,0.0,710467540.698261,0.0,0.0,0.0,160.0,0.0,1053.0,0.0,0.0,0.0,0.0,-273135168.403645,,,,,,BASE,0.0,0,/clusteruy/home/mathiasr/generator-aware-row-scaling/results-revision/final-variants/gurobi_simple_1pct/resultados/caso05d_base.csv,/clusteruy/home/mathiasr/generator-aware-row-scaling/results-revision/final-variants/gurobi_simple_1pct/resultados/caso05d_base_postprocesado.csv,/clusteruy/home/mathiasr/generator-aware-row-scaling/results-revision/final-variants/gurobi_simple_1pct/logs/caso05d_base.log
caso05d.txt,matricial_plano,OK,0,1.689086598,0.441299968303555,-275184714.0191238,-276560000.0,OPTIMAL,-276399104.0748664,1.0,7911.0,0.24,14400.0,10800.0,35590.0,9389.0,7587.0,25642.0,34.798611111111114,29.75,27.951671817926385,1,Model contains large bounds,2e-05,40000.0,0.003,2000.0,0.02,60000000.0,1.0,10000000000.0,0.0019999999999999996,1.0,3.75,1.0,2068000000000.0,2658000000000.0,0.0,0.0,0.008823447,1.697910045,20.635714296869935,20.635714296869935,20.528477678568656,0.008823447,0.005223797886057231,0.437944511639059,-1598754.7761799693,-0.005843701850065624,-3425000.0,-0.012539586651289656,0.0019999999999999996,1.2852998065764023,9485905.0,,0.2586273471993357,2.0,,,,2.0,18.962582,0.225792858628745,,,,,,,,OK,REVISAR,2.86102294921875e-06,0.0,1.7881393432617188e-07,729587415.639975,0.0,9.3578048218326e-09,7.27595761418343e-12,3.05473804473877e-07,4.76837158203125e-07,3.070215482821e-13,1051164.30607554,6.85517026084554,16671619.7117666,729587415.639975,0.749407240028856,2.86102294921875e-06,0.0,2.86102294921875e-06,0.0,0.0,0.0,3.0,0.0,1.0,0.0,0.0,0.0,0.0,-275184714.019124,2078.28833116656,0.0,729587415.639975,0.0,0.0,0.0,238.0,0.0,1054.0,0.0,0.0,0.0,0.0,-276559770.28953,-275184714.019124,-1598754.7761801481,0.0058437018500662775,mejora,-407655.3873809576,DIFIERE,63520000.0,4422,/clusteruy/home/mathiasr/generator-aware-row-scaling/results-revision/final-variants/gurobi_simple_1pct/resultados/caso05d_matricial_plano.csv,/clusteruy/home/mathiasr/generator-aware-row-scaling/results-revision/final-variants/gurobi_simple_1pct/resultados/caso05d_matricial_plano_postprocesado.csv,/clusteruy/home/mathiasr/generator-aware-row-scaling/results-revision/final-variants/gurobi_simple_1pct/logs/caso05d_matricial_plano.log
caso05d.txt,matricial_plano_l2,OK,0,59.117440771,0.021143649959734,-275835382.0370523,-276023000.0,OPTIMAL,-275893703.7046953,23137.0,1210834.0,0.24,14400.0,10800.0,35590.0,9464.0,7811.0,25709.0,34.27777777777778,27.675925925925927,27.763416690081485,3,Model contains large bounds | Model contains large matrix coefficient range | Model contains large rhs,0.0001,2000000000.0,0.003,2000.0,0.01,2000000000.0,1.0,10000000000.0,20.0,1.0,250.0,1.0,2068000000000.0,17380000000000.0,0.0,0.0,0.007913855,59.125354626,0.5895977228449025,0.5895977228449025,0.5895188059248022,0.007913855,0.00013386667110058887,0.8581008299828801,-2249422.7941084504,-0.008221996480860947,-2888000.0,-0.010573525912094752,20.0,8.404255319148936,673938.0,,0.018374503762880395,65.0,,0.0,4.0,65.0,0.5834640615384615,0.070951166896313,,,,,,,,OK,REVISAR,1.56066380441189e-05,0.0,2.980232238769531e-07,725822122.907335,0.0,1.42009454450884e-08,3.72529029846191e-09,3.63374128937725e-07,1.18487514555454e-06,1.1549748135081e-13,1054419.58863557,6.18715339036739,14720968.6433466,725822122.907335,0.749407240028856,7.27595761418343e-12,0.0,1.56066380441189e-05,0.0,0.0,0.0,0.0,0.0,10.0,0.0,0.0,0.0,0.0,-275835382.037052,1012.205026569,0.0,725822122.907335,0.0,0.0,0.0,161.0,0.0,1063.0,0.0,0.0,0.0,0.0,-276023173.486357,-275835382.037052,-2249422.7941081524,0.008221996480859858,mejora,97744.9827901721,DIFIERE,35570000.0,3317,/clusteruy/home/mathiasr/generator-aware-row-scaling/results-revision/final-variants/gurobi_simple_1pct/resultados/caso05d_matricial_plano_l2.csv,/clusteruy/home/mathiasr/generator-aware-row-scaling/results-revision/final-variants/gurobi_simple_1pct/resultados/caso05d_matricial_plano_l2_postprocesado.csv,/clusteruy/home/mathiasr/generator-aware-row-scaling/results-revision/final-variants/gurobi_simple_1pct/logs/caso05d_matricial_plano_l2.log
caso05d.txt,role_hybrid,OK,0,1.680309604,0.441299968303555,-275184714.0191238,-276560000.0,OPTIMAL,-276399104.0748664,1.0,7911.0,0.24,14400.0,10800.0,35590.0,9389.0,7587.0,25642.0,34.798611111111114,29.75,27.951671817926385,1,Model contains large bounds,2e-05,40000.0,0.003,2000.0,0.02,60000000.0,1.0,10000000000.0,0.0019999999999999996,1.0,3.75,1.0,2068000000000.0,2658000000000.0,0.000385,0.02619,0.017485257,1.697794861,20.743503682908187,20.743503682908187,20.529870398164668,0.017485257,0.010405973374416302,0.437944511639059,-1598754.7761799693,-0.005843701850065624,-3425000.0,-0.012539586651289656,0.0019999999999999996,1.2852998065764023,9485905.0,,0.2586273471993357,2.0,,,,2.0,18.962582,0.226284070106532,,,,,,,,OK,REVISAR,2.86102294921875e-06,0.0,1.7881393432617188e-07,729587415.639975,0.0,9.3578048218326e-09,7.27595761418343e-12,3.05473804473877e-07,4.76837158203125e-07,3.070215482821e-13,1051164.30607554,6.85517026084554,16671619.7117666,729587415.639975,0.749407240028856,2.86102294921875e-06,0.0,2.86102294921875e-06,0.0,0.0,0.0,3.0,0.0,1.0,0.0,0.0,0.0,0.0,-275184714.019124,2078.28833116656,0.0,729587415.639975,0.0,0.0,0.0,238.0,0.0,1054.0,0.0,0.0,0.0,0.0,-276559770.28953,-275184714.019124,-1598754.7761801481,0.0058437018500662775,mejora,-407655.3873809576,DIFIERE,63520000.0,4422,/clusteruy/home/mathiasr/generator-aware-row-scaling/results-revision/final-variants/gurobi_simple_1pct/resultados/caso05d_role_hybrid.csv,/clusteruy/home/mathiasr/generator-aware-row-scaling/results-revision/final-variants/gurobi_simple_1pct/resultados/caso05d_role_hybrid_postprocesado.csv,/clusteruy/home/mathiasr/generator-aware-row-scaling/results-revision/final-variants/gurobi_simple_1pct/logs/caso05d_role_hybrid.log
caso10e.txt,base,OK,0,117.926458289,0.774124230905243,-262623392.61858165,-263073000.0,OPTIMAL,-264656423.9368675,20097.0,2336763.0,0.3,14400.0,10800.0,35590.0,11752.0,8875.0,31403.0,18.38888888888889,17.824074074074073,11.764540601292499,3,Model contains large bounds | Model contains large matrix coefficient range | Model contains large rhs,0.001,1000000000.0,0.003,2000.0,5.0,2000000000.0,1.0,10000000000.0,,,,,,,,,0.0,117.926458289,1.0,1.0,1.0,0.0,0.0,0.0,,,0.0,,,,42139761.844065,,,136.798394,,0.04603,4.998921,136.798394,1.0,0.045925734314796,,,,,,,,BASE,BASE,,,,,,2.38849691670633e-09,4.54747350886464e-13,9.12789255380633e-08,2.27242708206177e-07,6.41553305366816e-12,418001.477400719,3.3931083152199,20458057.8587742,62296903.9704303,1.0,3.63797880709171e-12,0.0,2.37952917814255e-07,0.0,0.0,0.0,0.0,0.0,0.0,0.0,0.0,0.0,0.0,-262623392.618582,1403.61902693223,0.0,62296903.9704303,0.0,0.0,0.0,471.0,0.0,1011.0,0.0,0.0,0.0,0.0,-263072574.944752,,,,,,BASE,0.0,0,/clusteruy/home/mathiasr/generator-aware-row-scaling/results-revision/final-variants/gurobi_simple_1pct/resultados/caso10e_base.csv,/clusteruy/home/mathiasr/generator-aware-row-scaling/results-revision/final-variants/gurobi_simple_1pct/resultados/caso10e_base_postprocesado.csv,/clusteruy/home/mathiasr/generator-aware-row-scaling/results-revision/final-variants/gurobi_simple_1pct/logs/caso10e_base.log
caso10e.txt,matricial_plano,OK,0,3.582417461,0.818770990569559,-263292321.36576205,-265442000.0,OPTIMAL,-265448082.5135021,1.0,12993.0,0.31,14400.0,10800.0,35590.0,11752.0,8875.0,31403.0,18.38888888888889,17.824074074074073,11.764540601292499,1,Model contains large bounds,3e-05,40000.0,0.003,2000.0,0.4,40000000.0,1.0,10000000000.0,0.0013333333333333333,1.0,0.25,1.0,1886000000000.0,1487000000000.0,0.0,0.0,0.008846583,3.591264044,32.91812290801025,32.91812290801025,32.83703365839173,0.008846583,0.0024694450315487673,-0.04464675966431608,-668928.7471804023,-0.0025471026800415832,-2369000.0,-0.009005105046888126,0.0013333333333333333,0.788441145281018,1927782.0,,0.0457473397010076,3.0,,0.0,3.0,3.0,45.59946466666667,0.21458733186092,,,,,,,,OK,REVISAR,9.66247171163559e-07,0.0,5.960464477539063e-08,23889570.0589666,0.0,9.6379025920029e-09,4.65661287307739e-10,2.90572643280029e-07,3.96743416786194e-07,4.23853138629008e-13,188235.154874634,2.35735221326605,7506227.3455486,23889570.0589666,0.930626977033015,1.45519152283669e-11,0.0,9.66247171163559e-07,0.0,0.0,0.0,0.0,0.0,0.0,0.0,0.0,0.0,0.0,-263292321.365762,1254.94509459235,0.0,23889570.0589666,0.0,0.0,0.0,934.0,0.0,1029.0,0.0,0.0,0.0,0.0,-265442063.927507,-263292321.365762,-668928.7471803427,0.0025471026800413564,mejora,-791658.5766345859,DIFIERE,228880000.0,5181,/clusteruy/home/mathiasr/generator-aware-row-scaling/results-revision/final-variants/gurobi_simple_1pct/resultados/caso10e_matricial_plano.csv,/clusteruy/home/mathiasr/generator-aware-row-scaling/results-revision/final-variants/gurobi_simple_1pct/resultados/caso10e_matricial_plano_postprocesado.csv,/clusteruy/home/mathiasr/generator-aware-row-scaling/results-revision/final-variants/gurobi_simple_1pct/logs/caso10e_matricial_plano.log
caso10e.txt,matricial_plano_l2,OK,0,111.075487,0.909316256531519,-261890824.7718178,-269157000.0,OPTIMAL,-264272240.61583242,23989.0,2092098.0,0.3,14400.0,10800.0,35590.0,11753.0,8876.0,31395.0,18.381944444444443,17.814814814814813,11.787018825512785,2,Model contains large bounds | Model contains large matrix coefficient range,2e-09,1000000000.0,0.003,2000.0,0.2,300000000.0,1.0,10000000000.0,500000.0,1.0,3.75,1.0,1886000000000.0,8.892e+17,0.0,0.0,0.007986279,111.08347327899999,1.061678516782015,1.061678516782015,1.0616021880483786,0.007986279,7.189956322226165e-05,-0.13519202562627608,732567.8467638493,0.0027894234381009102,-6084000.0,-0.023126660660729152,500000.0,471474.01908801694,328283910.0,,7.7903598794599205,118.0,,0.0,5.0,118.0,1.1593084237288136,0.045680983211614,,,,,,,,OK,REVISAR,1.00713805295527e-06,0.0,2.086162567138672e-07,852938374.070182,0.0,4.69680061914382e-09,3.63797880709171e-12,1.59168266691268e-07,2.30967998504639e-07,5.0747704593411e-12,675636.389424947,2.35437584733225,16892667.5906398,852938374.070182,1.0,7.27595761418343e-12,0.0,1.00713805295527e-06,0.0,0.0,0.0,0.0,0.0,1.0,0.0,0.0,0.0,0.0,-261890824.771818,1205.24429876691,0.0,852938374.070182,0.0,0.0,0.0,733.0,0.0,1003.0,0.0,0.0,0.0,0.0,-269156822.815015,-261890824.771818,732567.8467636406,0.0027894234381001157,empeora,384183.3210350871,DIFIERE,347610000.0,5220,/clusteruy/home/mathiasr/generator-aware-row-scaling/results-revision/final-variants/gurobi_simple_1pct/resultados/caso10e_matricial_plano_l2.csv,/clusteruy/home/mathiasr/generator-aware-row-scaling/results-revision/final-variants/gurobi_simple_1pct/resultados/caso10e_matricial_plano_l2_postprocesado.csv,/clusteruy/home/mathiasr/generator-aware-row-scaling/results-revision/final-variants/gurobi_simple_1pct/logs/caso10e_matricial_plano_l2.log
caso10e.txt,role_hybrid,OK,0,3.576780684,0.818770990569559,-263292321.36576205,-265442000.0,OPTIMAL,-265448082.5135021,1.0,12993.0,0.31,14400.0,10800.0,35590.0,11752.0,8875.0,31403.0,18.38888888888889,17.824074074074073,11.764540601292499,1,Model contains large bounds,3e-05,40000.0,0.003,2000.0,0.4,40000000.0,1.0,10000000000.0,0.0013333333333333333,1.0,0.25,1.0,1886000000000.0,1487000000000.0,0.0005715,0.03045,0.017552255,3.594332939,32.96999975886696,32.96999975886696,32.808996909954864,0.017552255,0.004907277395708503,-0.04464675966431608,-668928.7471804023,-0.0025471026800415832,-2369000.0,-0.009005105046888126,0.0013333333333333333,0.788441145281018,1927782.0,,0.0457473397010076,3.0,,0.0,3.0,3.0,45.59946466666667,0.215477994720714,,,,,,,,OK,REVISAR,9.66247171163559e-07,0.0,5.960464477539063e-08,23889570.0589666,0.0,9.6379025920029e-09,4.65661287307739e-10,2.90572643280029e-07,3.96743416786194e-07,4.23853138629008e-13,188235.154874634,2.35735221326605,7506227.3455486,23889570.0589666,0.930626977033015,1.45519152283669e-11,0.0,9.66247171163559e-07,0.0,0.0,0.0,0.0,0.0,0.0,0.0,0.0,0.0,0.0,-263292321.365762,1254.94509459235,0.0,23889570.0589666,0.0,0.0,0.0,934.0,0.0,1029.0,0.0,0.0,0.0,0.0,-265442063.927507,-263292321.365762,-668928.7471803427,0.0025471026800413564,mejora,-791658.5766345859,DIFIERE,228880000.0,5181,/clusteruy/home/mathiasr/generator-aware-row-scaling/results-revision/final-variants/gurobi_simple_1pct/resultados/caso10e_role_hybrid.csv,/clusteruy/home/mathiasr/generator-aware-row-scaling/results-revision/final-variants/gurobi_simple_1pct/resultados/caso10e_role_hybrid_postprocesado.csv,/clusteruy/home/mathiasr/generator-aware-row-scaling/results-revision/final-variants/gurobi_simple_1pct/logs/caso10e_role_hybrid.log
caso14a.txt,base,OK,0,1.033258522,0.315102110412326,-374719618.56059235,-396985000.0,OPTIMAL,-375900367.9868058,1.0,0.0,0.15,14400.0,10800.0,35590.0,10715.0,8626.0,28445.0,25.59027777777778,20.12962962962963,20.075864006743465,3,Model contains large bounds | Model contains large matrix coefficients | Model contains large rhs,0.002,1000000000.0,0.003,3000.0,5.0,4000000000.0,1.0,10000000000.0,,,,,,,,,0.0,1.033258522,1.0,1.0,1.0,0.0,0.0,0.0,,,0.0,,,,10273637.899924,,,0.753443,,,,0.753443,1.0,0.418884945644231,,,,,,,,BASE,BASE,,,,,,2.4566895426261e-09,2.8421709430404e-14,8.1034377217293e-08,2.83122062683105e-07,2.41148462090197e-12,225561.110077396,9.86619120094123,9038587.93308701,102316436.615432,1.0,7.43938244340825e-12,0.0,4.76837158203125e-07,0.0,0.0,0.0,0.0,0.0,0.0,0.0,0.0,0.0,0.0,-374719618.560592,2494.55822156952,0.0,102316436.615432,0.0,0.0,0.0,1188.0,0.0,835.0,0.0,0.0,0.0,0.0,-396985132.544759,,,,,,BASE,0.0,0,/clusteruy/home/mathiasr/generator-aware-row-scaling/results-revision/final-variants/gurobi_simple_1pct/resultados/caso14a_base.csv,/clusteruy/home/mathiasr/generator-aware-row-scaling/results-revision/final-variants/gurobi_simple_1pct/resultados/caso14a_base_postprocesado.csv,/clusteruy/home/mathiasr/generator-aware-row-scaling/results-revision/final-variants/gurobi_simple_1pct/logs/caso14a_base.log
caso14a.txt,matricial_plano,OK,0,1.090236161,0.315102110412246,-374719618.5605923,-401085000.0,OPTIMAL,-375900367.98680544,1.0,0.0,0.16,14400.0,10800.0,35590.0,10715.0,8626.0,28445.0,25.59027777777778,20.12962962962963,20.075864006743465,1,Model contains large bounds,3e-05,30000.0,0.003,3000.0,8.0,70000000.0,1.0,10000000000.0,0.002,1.0,0.0109375,1.0,2122000000000.0,2106000000000.0,0.0,0.0,0.008917689,1.09915385,0.9477382598025933,0.9477382598025933,0.9400490404505246,0.008917689,0.008179593852235103,7.999156892424253e-14,5.960464477539063e-08,1.5906464946871344e-16,-4100000.0,-0.010327846140282378,0.002,0.9924599434495759,627337.0,,0.06106279062109447,1.0,,,,1.0,0.753443,0.415906725074612,,,,,,,,OK,REVISAR,1.43051147460938e-06,0.0,2.980232238769531e-07,53013647.4585299,0.0,9.21022285749174e-09,2.3283064365387e-10,2.86921858787538e-07,3.01748514175415e-07,6.0409126644512e-13,295461.671468708,9.88910304858856,14827847.614929,53013647.4585299,1.0,1.45519152283669e-11,0.0,1.43051147460938e-06,0.0,0.0,0.0,0.0,0.0,6.0,0.0,0.0,0.0,0.0,-374719618.560592,2494.55822156952,0.0,53013647.4585299,0.0,0.0,0.0,1172.0,0.0,847.0,0.0,0.0,0.0,0.0,-401085444.427064,-374719618.560592,3.5762786865234375e-07,9.543878968122806e-16,igual,3.5762786865234375e-07,DIFIERE,14110000.0,1437,/clusteruy/home/mathiasr/generator-aware-row-scaling/results-revision/final-variants/gurobi_simple_1pct/resultados/caso14a_matricial_plano.csv,/clusteruy/home/mathiasr/generator-aware-row-scaling/results-revision/final-variants/gurobi_simple_1pct/resultados/caso14a_matricial_plano_postprocesado.csv,/clusteruy/home/mathiasr/generator-aware-row-scaling/results-revision/final-variants/gurobi_simple_1pct/logs/caso14a_matricial_plano.log
caso14a.txt,matricial_plano_l2,OK,0,1.346974667,0.336174614001937,-374693120.3138742,-401967000.0,OPTIMAL,-375952743.46478117,1.0,0.0,0.26,14400.0,10800.0,35590.0,11107.0,8638.0,29685.0,22.868055555555557,20.01851851851852,16.591739252599044,2,Model contains large bounds | Model contains large matrix coefficient range,1e-09,10000000.0,0.003,3000.0,3.0,800000.0,1.0,10000000000.0,20000.0,1.0,0.0003333333333333334,1.0,2122000000000.0,9580000000000000.0,0.0,0.0,0.008633317,1.355607984,0.7670957348450265,0.7670957348450265,0.7622104134789457,0.008633317,0.006409413043549096,-0.02107250358961099,26498.24671816826,7.071486360910532e-05,-4982000.0,-0.012549592553874831,20000.0,4514.608859566447,215647922.0,,20.990414894960942,1.0,,,,1.0,0.753443,0.391319227598504,,,,,,,,OK,REVISAR,1.88350677490234e-05,0.0,1.7881393432617188e-07,257268648.646899,0.0,8.17953873394392e-09,7.27595761418343e-12,2.37955246120691e-07,2.42143869400024e-07,4.65688971364755e-13,370642.616946268,13.0333841445903,14375643.3868494,257268648.646899,1.0,1.22236087918282e-09,0.0,1.88350677490234e-05,0.0,0.0,0.0,0.0,0.0,4.0,0.0,0.0,0.0,0.0,-374693120.313874,2494.55822156954,0.0,257268648.646899,0.0,0.0,0.0,1198.0,0.0,835.0,0.0,0.0,0.0,0.0,-401966857.547486,-374693120.313874,26498.246718347073,7.071486360958252e-05,empeora,-52375.4779753685,DIFIERE,13050000.0,3047,/clusteruy/home/mathiasr/generator-aware-row-scaling/results-revision/final-variants/gurobi_simple_1pct/resultados/caso14a_matricial_plano_l2.csv,/clusteruy/home/mathiasr/generator-aware-row-scaling/results-revision/final-variants/gurobi_simple_1pct/resultados/caso14a_matricial_plano_l2_postprocesado.csv,/clusteruy/home/mathiasr/generator-aware-row-scaling/results-revision/final-variants/gurobi_simple_1pct/logs/caso14a_matricial_plano_l2.log
caso14a.txt,role_hybrid,OK,0,1.094957914,0.315102110412246,-374719618.5605923,-401085000.0,OPTIMAL,-375900367.98680544,1.0,0.0,0.16,14400.0,10800.0,35590.0,10715.0,8626.0,28445.0,25.59027777777778,20.12962962962963,20.075864006743465,1,Model contains large bounds,3e-05,30000.0,0.003,3000.0,8.0,70000000.0,1.0,10000000000.0,0.002,1.0,0.0109375,1.0,2122000000000.0,2106000000000.0,0.0003571,0.02135,0.017812252,1.112770166,0.9436513575443227,0.9436513575443227,0.928546211581305,0.017812252,0.016267522041034356,7.999156892424253e-14,5.960464477539063e-08,1.5906464946871344e-16,-4100000.0,-0.010327846140282378,0.002,0.9924599434495759,627337.0,,0.06106279062109447,1.0,,,,1.0,0.753443,0.416442572094493,,,,,,,,OK,REVISAR,1.43051147460938e-06,0.0,2.980232238769531e-07,53013647.4585299,0.0,9.21022285749174e-09,2.3283064365387e-10,2.86921858787538e-07,3.01748514175415e-07,6.0409126644512e-13,295461.671468708,9.88910304858856,14827847.614929,53013647.4585299,1.0,1.45519152283669e-11,0.0,1.43051147460938e-06,0.0,0.0,0.0,0.0,0.0,6.0,0.0,0.0,0.0,0.0,-374719618.560592,2494.55822156952,0.0,53013647.4585299,0.0,0.0,0.0,1172.0,0.0,847.0,0.0,0.0,0.0,0.0,-401085444.427064,-374719618.560592,3.5762786865234375e-07,9.543878968122806e-16,igual,3.5762786865234375e-07,DIFIERE,14110000.0,1437,/clusteruy/home/mathiasr/generator-aware-row-scaling/results-revision/final-variants/gurobi_simple_1pct/resultados/caso14a_role_hybrid.csv,/clusteruy/home/mathiasr/generator-aware-row-scaling/results-revision/final-variants/gurobi_simple_1pct/resultados/caso14a_role_hybrid_postprocesado.csv,/clusteruy/home/mathiasr/generator-aware-row-scaling/results-revision/final-variants/gurobi_simple_1pct/logs/caso14a_role_hybrid.log
caso20c.txt,base,OK,0,1.364981126,0.913861640075237,-300460851.4697439,-299904000.0,OPTIMAL,-303206647.93476933,1.0,0.0,0.29,14400.0,10800.0,35590.0,11764.0,9220.0,31583.0,18.305555555555557,14.62962962962963,11.258780556336049,4,Model contains large bounds | Model contains large matrix coefficients | Model contains large rhs | max constraint violation (9.0050e-06) exceeds tolerance,0.003,2000000000.0,0.005,3000.0,5.0,7000000000.0,1.0,10000000000.0,,,,,,,,,0.0,1.364981126,1.0,1.0,1.0,0.0,0.0,0.0,,,0.0,,,,53667222.257199,,,1.032589,,,,1.032589,1.0,0.369367388781054,,,,,,,,BASE,BASE,,,,,,4.82908944806237e-09,4.58385329693556e-10,1.26687809824944e-07,9.00498501898994e-06,1.04687566900012e-07,621053.833510196,1.93172533048484,26235056.1697435,79954797.2495837,0.999999999999965,2.27373675443232e-13,0.0,9.00498501898994e-06,0.0,0.0,0.0,0.0,0.0,1.0,0.0,0.0,0.0,0.0,-300460851.469744,2206.06319542581,0.0,79954797.2495837,0.0,0.0,0.0,892.0,0.0,999.0,0.0,0.0,0.0,0.0,-299903710.443641,,,,,,BASE,0.0,0,/clusteruy/home/mathiasr/generator-aware-row-scaling/results-revision/final-variants/gurobi_simple_1pct/resultados/caso20c_base.csv,/clusteruy/home/mathiasr/generator-aware-row-scaling/results-revision/final-variants/gurobi_simple_1pct/resultados/caso20c_base_postprocesado.csv,/clusteruy/home/mathiasr/generator-aware-row-scaling/results-revision/final-variants/gurobi_simple_1pct/logs/caso20c_base.log
caso20c.txt,matricial_plano,OK,0,1.562142306,0.913861640160859,-300460851.46948904,-299895000.0,OPTIMAL,-303206647.9347694,1.0,0.0,0.3,14400.0,10800.0,35590.0,11764.0,9220.0,31583.0,18.305555555555557,14.62962962962963,11.258780556336049,2,Model contains large bounds | max constraint violation (1.0463e-06) exceeds tolerance,3e-05,40000.0,0.005,3000.0,10.0,100000000.0,1.0,10000000000.0,0.002,1.0,0.007142857142857143,1.0,2692000000000.0,4477000000000.0,0.0,0.0,0.009525579,1.5716678849999999,0.8737879518128869,0.8737879518128869,0.868492089853958,0.009525579,0.0060977664860706994,-8.562206499362901e-11,0.0002548694610595703,8.482617945494153e-13,9000.0,3.0009603072983354e-05,0.002,1.6630757800891531,2675393.0,,0.04985152738441049,1.0,,,,1.0,1.032589,0.371025230289436,,,,,,,,OK,REVISAR,6.26853434368968e-05,0.0,5.960464477539063e-08,79954797.2495837,0.0,1.81994101036674e-08,2.23983079195016e-08,3.52980569005013e-07,3.65078449249268e-07,1.32072800419575e-12,624379.233543552,1.93295198672224,26286033.5081392,79954797.2495837,0.999999999999965,3.63797880709171e-12,0.0,6.26853434368968e-05,0.0,0.0,0.0,0.0,0.0,8.0,0.0,0.0,0.0,0.0,-300460851.469489,2206.06319542581,0.0,79954797.2495837,0.0,0.0,0.0,889.0,0.0,1009.0,0.0,0.0,0.0,0.0,-299894783.629244,-300460851.469489,0.0002549290657043457,8.484601719569339e-13,igual,-5.960464477539063e-08,DIFIERE,51.42700000000002,9,/clusteruy/home/mathiasr/generator-aware-row-scaling/results-revision/final-variants/gurobi_simple_1pct/resultados/caso20c_matricial_plano.csv,/clusteruy/home/mathiasr/generator-aware-row-scaling/results-revision/final-variants/gurobi_simple_1pct/resultados/caso20c_matricial_plano_postprocesado.csv,/clusteruy/home/mathiasr/generator-aware-row-scaling/results-revision/final-variants/gurobi_simple_1pct/logs/caso20c_matricial_plano.log
caso20c.txt,matricial_plano_l2,OK,0,1.636494799,0.917229357755257,-300460944.87125945,-299890000.0,OPTIMAL,-303216860.8662075,1.0,0.0,0.28,14400.0,10800.0,35590.0,11745.0,9219.0,31421.0,18.4375,14.63888888888889,11.713964596796853,3,Model contains large bounds | Model contains large matrix coefficient range | Model contains large rhs,0.0001,2000000000.0,0.005,3000.0,5.0,6000000000.0,1.0,10000000000.0,30.000000000000004,1.0,0.8571428571428571,1.0,2692000000000.0,45820000000000.0,0.0,0.0,0.007823433,1.644318232,0.8340882762561105,0.8340882762561105,0.8301198025030473,0.007823433,0.004780603644313812,-0.003367717680020088,-93.40151554346085,-3.1086084954687113e-07,14000.0,4.668160478019633e-05,30.000000000000004,17.02080237741456,590202.0,,0.010997438942739942,1.0,,,,1.0,1.032589,0.381613365503576,,,,,,,,OK,REVISAR,6.17315527051687e-05,0.0,5.364418029785156e-07,79954797.2495837,0.0,1.80598688170432e-08,1.86264514923096e-08,3.75339295715094e-07,2.73808836936951e-07,9.08760074564973e-13,624339.562669805,1.93295198672224,26286033.5081399,79954797.2495837,0.999999999999965,7.27595761418343e-12,0.0,6.17315527051687e-05,0.0,0.0,0.0,0.0,0.0,11.0,0.0,0.0,0.0,0.0,-300460944.87126,2206.06319542581,0.0,79954797.2495837,0.0,0.0,0.0,889.0,0.0,1012.0,0.0,0.0,0.0,0.0,-299889867.732162,-300460944.87126,-93.40151607990265,3.1086085133226777e-07,igual,-10212.931438148022,DIFIERE,60000.0,975,/clusteruy/home/mathiasr/generator-aware-row-scaling/results-revision/final-variants/gurobi_simple_1pct/resultados/caso20c_matricial_plano_l2.csv,/clusteruy/home/mathiasr/generator-aware-row-scaling/results-revision/final-variants/gurobi_simple_1pct/resultados/caso20c_matricial_plano_l2_postprocesado.csv,/clusteruy/home/mathiasr/generator-aware-row-scaling/results-revision/final-variants/gurobi_simple_1pct/logs/caso20c_matricial_plano_l2.log
caso20c.txt,role_hybrid,OK,0,1.558110053,0.913861640160859,-300460851.46948904,-299895000.0,OPTIMAL,-303206647.9347694,1.0,0.0,0.3,14400.0,10800.0,35590.0,11764.0,9220.0,31583.0,18.305555555555557,14.62962962962963,11.258780556336049,2,Model contains large bounds | max constraint violation (1.0463e-06) exceeds tolerance,3e-05,40000.0,0.005,3000.0,10.0,100000000.0,1.0,10000000000.0,0.002,1.0,0.007142857142857143,1.0,2692000000000.0,4477000000000.0,0.0002368,0.01833,0.017982147,1.5760922,0.8760492388659274,0.8760492388659274,0.8660541090172263,0.017982147,0.011540999280106693,-8.562206499362901e-11,0.0002548694610595703,8.482617945494153e-13,9000.0,3.0009603072983354e-05,0.002,1.6630757800891531,2675393.0,,0.04985152738441049,1.0,,,,1.0,1.032589,0.371459422705304,,,,,,,,OK,REVISAR,6.26853434368968e-05,0.0,5.960464477539063e-08,79954797.2495837,0.0,1.81994101036674e-08,2.23983079195016e-08,3.52980569005013e-07,3.65078449249268e-07,1.32072800419575e-12,624379.233543552,1.93295198672224,26286033.5081392,79954797.2495837,0.999999999999965,3.63797880709171e-12,0.0,6.26853434368968e-05,0.0,0.0,0.0,0.0,0.0,8.0,0.0,0.0,0.0,0.0,-300460851.469489,2206.06319542581,0.0,79954797.2495837,0.0,0.0,0.0,889.0,0.0,1009.0,0.0,0.0,0.0,0.0,-299894783.629244,-300460851.469489,0.0002549290657043457,8.484601719569339e-13,igual,-5.960464477539063e-08,DIFIERE,51.42700000000002,9,/clusteruy/home/mathiasr/generator-aware-row-scaling/results-revision/final-variants/gurobi_simple_1pct/resultados/caso20c_role_hybrid.csv,/clusteruy/home/mathiasr/generator-aware-row-scaling/results-revision/final-variants/gurobi_simple_1pct/resultados/caso20c_role_hybrid_postprocesado.csv,/clusteruy/home/mathiasr/generator-aware-row-scaling/results-revision/final-variants/gurobi_simple_1pct/logs/caso20c_role_hybrid.log
caso22d.txt,base,OK,0,1.952338993,0.070686577576253,-219108270.10286283,-225556000.0,OPTIMAL,-219263150.24018508,1.0,8726.0,0.26,14400.0,10800.0,35590.0,10978.0,8780.0,28879.0,23.76388888888889,18.703703703703702,18.85642034279292,3,Model contains large bounds | Model contains large matrix coefficients | Model contains large rhs,0.003,2000000000.0,0.003,2000.0,5.0,7000000000.0,1.0,10000000000.0,,,,,,,,,0.0,1.952338993,1.0,1.0,1.0,0.0,0.0,0.0,,,0.0,,,,2335926.504939,,,1.868791,,,,1.868791,1.0,0.226361115871133,,,,,,,,BASE,BASE,,,,,,2.30845421975826e-09,4.74037475939319e-14,7.87014141678811e-08,2.04890966415405e-07,3.30008709476951e-13,3918031.30556488,6.92931445382476,93281855.1556295,804752059.58072,1.0,7.27595761418343e-12,0.0,4.76837158203125e-07,0.0,0.0,0.0,0.0,0.0,0.0,0.0,0.0,0.0,0.0,-219108270.102863,2518.28590663906,0.0,804752059.58072,0.0,0.0,0.0,568.0,0.0,968.0,0.0,0.0,0.0,0.0,-225556473.889386,,,,,,BASE,0.0,0,/clusteruy/home/mathiasr/generator-aware-row-scaling/results-revision/final-variants/gurobi_simple_1pct/resultados/caso22d_base.csv,/clusteruy/home/mathiasr/generator-aware-row-scaling/results-revision/final-variants/gurobi_simple_1pct/resultados/caso22d_base_postprocesado.csv,/clusteruy/home/mathiasr/generator-aware-row-scaling/results-revision/final-variants/gurobi_simple_1pct/logs/caso22d_base.log
caso22d.txt,matricial_plano,OK,0,2.061787994,0.070686577576253,-219108270.1028629,-225538000.0,OPTIMAL,-219263150.24018514,1.0,9548.0,0.28,14400.0,10800.0,35590.0,10979.0,8781.0,28881.0,23.756944444444443,18.694444444444443,18.850800786737846,1,Model contains large bounds,2e-05,40000.0,0.003,2000.0,0.1,100000000.0,1.0,10000000000.0,0.0029999999999999996,1.0,0.7142857142857143,1.0,2757000000000.0,4945000000000.0,0.0,0.0,0.00909854,2.070886534,0.9469154921269757,0.9469154921269757,0.9427551731813038,0.00909854,0.004412936745425631,0.0,-5.960464477539063e-08,-2.7203283904988413e-16,18000.0,7.980279841813119e-05,0.0029999999999999996,1.7936162495466086,98533.0,,0.042181549715569096,2.0,,,,2.0,0.9343955,0.219364019661838,,,,,,,,OK,REVISAR,2.86105205304921e-06,0.0,1.1920928955078125e-07,804752059.58072,0.0,1.04642598034871e-08,1.86264514923096e-09,2.3737782612443e-07,3.24100255966187e-07,2.84286483243079e-14,3978408.1993668,6.52970101443262,93308889.9489513,804752059.58072,1.0,7.27595761418343e-12,0.0,2.86105205304921e-06,0.0,0.0,0.0,0.0,0.0,4.0,0.0,0.0,0.0,0.0,-219108270.102863,2518.28590663905,0.0,804752059.58072,0.0,0.0,0.0,565.0,0.0,972.0,0.0,0.0,0.0,0.0,-225537605.670149,-219108270.102863,-1.7881393432617188e-07,8.160985171496524e-16,igual,-5.960464477539063e-08,DIFIERE,105.80000000000007,37,/clusteruy/home/mathiasr/generator-aware-row-scaling/results-revision/final-variants/gurobi_simple_1pct/resultados/caso22d_matricial_plano.csv,/clusteruy/home/mathiasr/generator-aware-row-scaling/results-revision/final-variants/gurobi_simple_1pct/resultados/caso22d_matricial_plano_postprocesado.csv,/clusteruy/home/mathiasr/generator-aware-row-scaling/results-revision/final-variants/gurobi_simple_1pct/logs/caso22d_matricial_plano.log
caso22d.txt,matricial_plano_l2,OK,0,2.12345976,0.08225800111029,-219083230.7384658,-226324000.0,OPTIMAL,-219263444.2248391,1.0,9569.0,0.26,14400.0,10800.0,35590.0,10980.0,8784.0,28843.0,23.75,18.666666666666668,18.957572351784208,3,Model contains large bounds | Model contains large matrix coefficient range | Model contains large rhs,0.0001,2000000000.0,0.003,2000.0,0.07,6000000000.0,1.0,10000000000.0,30.000000000000004,1.0,61.22448979591836,1.0,2757000000000.0,43140000000000.0,0.0,0.0,0.008204125,2.1316638849999996,0.9194141701088794,0.9194141701088794,0.9158756250167461,0.008204125,0.003863565090585941,-0.011571423534036993,25039.36439704895,0.00011427849978138177,-768000.0,-0.0034049193991735976,30.000000000000004,15.647442872687703,7232315.0,,3.0961226668340163,2.0,,,,2.0,0.9343955,0.213088348055375,,,,,,,,OK,REVISAR,1.39209441840649e-06,0.0,2.086162567138672e-07,806976315.750514,0.0,1.098282154481e-08,3.72529029846191e-09,2.38534994423389e-07,2.5331974029541e-07,7.272627858377e-14,4085547.19794818,7.21513568520527,93443860.9778088,806976315.750514,1.0,3.63797880709171e-12,0.0,1.39209441840649e-06,0.0,0.0,0.0,0.0,0.0,5.0,0.0,0.0,0.0,0.0,-219083230.738466,2513.48246200533,0.0,806976315.750514,0.0,0.0,0.0,561.0,0.0,975.0,0.0,0.0,0.0,0.0,-226324422.103893,-219083230.738466,25039.364396840334,0.00011427849978042967,empeora,-293.9846540093422,DIFIERE,14412000.0,2333,/clusteruy/home/mathiasr/generator-aware-row-scaling/results-revision/final-variants/gurobi_simple_1pct/resultados/caso22d_matricial_plano_l2.csv,/clusteruy/home/mathiasr/generator-aware-row-scaling/results-revision/final-variants/gurobi_simple_1pct/resultados/caso22d_matricial_plano_l2_postprocesado.csv,/clusteruy/home/mathiasr/generator-aware-row-scaling/results-revision/final-variants/gurobi_simple_1pct/logs/caso22d_matricial_plano_l2.log
caso22d.txt,role_hybrid,OK,0,2.062309266,0.070686577576253,-219108270.1028629,-225538000.0,OPTIMAL,-219263150.24018514,1.0,9548.0,0.27,14400.0,10800.0,35590.0,10979.0,8781.0,28881.0,23.756944444444443,18.694444444444443,18.850800786737846,1,Model contains large bounds,2e-05,40000.0,0.003,2000.0,0.1,100000000.0,1.0,10000000000.0,0.0029999999999999996,1.0,0.7142857142857143,1.0,2757000000000.0,4945000000000.0,0.0002312,0.01858,0.017791751,2.080101017,0.9466761485229149,0.9466761485229149,0.9385789329672732,0.017791751,0.008627101324384972,0.0,-5.960464477539063e-08,-2.7203283904988413e-16,18000.0,7.980279841813119e-05,0.0029999999999999996,1.7936162495466086,98533.0,,0.042181549715569096,2.0,,,,2.0,0.9343955,0.219399549511522,,,,,,,,OK,REVISAR,2.86105205304921e-06,0.0,1.1920928955078125e-07,804752059.58072,0.0,1.04642598034871e-08,1.86264514923096e-09,2.3737782612443e-07,3.24100255966187e-07,2.84286483243079e-14,3978408.1993668,6.52970101443262,93308889.9489513,804752059.58072,1.0,7.27595761418343e-12,0.0,2.86105205304921e-06,0.0,0.0,0.0,0.0,0.0,4.0,0.0,0.0,0.0,0.0,-219108270.102863,2518.28590663905,0.0,804752059.58072,0.0,0.0,0.0,565.0,0.0,972.0,0.0,0.0,0.0,0.0,-225537605.670149,-219108270.102863,-1.7881393432617188e-07,8.160985171496524e-16,igual,-5.960464477539063e-08,DIFIERE,105.80000000000007,37,/clusteruy/home/mathiasr/generator-aware-row-scaling/results-revision/final-variants/gurobi_simple_1pct/resultados/caso22d_role_hybrid.csv,/clusteruy/home/mathiasr/generator-aware-row-scaling/results-revision/final-variants/gurobi_simple_1pct/resultados/caso22d_role_hybrid_postprocesado.csv,/clusteruy/home/mathiasr/generator-aware-row-scaling/results-revision/final-variants/gurobi_simple_1pct/logs/caso22d_role_hybrid.log
caso24f.txt,base,OK,0,2.661945127,0.170416044072016,-280657905.27868444,-283282000.0,OPTIMAL,-281136191.37823576,1.0,13233.0,0.26,14400.0,10800.0,35590.0,10829.0,8518.0,28676.0,24.79861111111111,21.12962962962963,19.42680528238269,3,Model contains large bounds | Model contains large matrix coefficients | Model contains large rhs,0.003,2000000000.0,0.005,2000.0,5.0,7000000000.0,1.0,10000000000.0,,,,,,,,,0.0,2.661945127,1.0,1.0,1.0,0.0,0.0,0.0,,,0.0,,,,48915050.418911,,,2.468419,,0.026567,2.324637,2.468419,1.0,0.183585887850743,,,,,,,,BASE,BASE,,,,,,2.41115990220358e-09,5.68878277817924e-14,7.45058059692383e-08,9.5367431640625e-07,1.28962970521297e-13,1335685.93997339,4.59553816808642,24859653.6962496,858047799.804039,1.0,1.19209289550781e-07,0.0,9.5367431640625e-07,0.0,0.0,0.0,0.0,0.0,0.0,0.0,0.0,0.0,0.0,-280657905.278684,800.433286861378,0.0,858047799.804039,0.0,0.0,0.0,343.0,0.0,1028.0,0.0,0.0,0.0,0.0,-283282424.567348,,,,,,BASE,0.0,0,/clusteruy/home/mathiasr/generator-aware-row-scaling/results-revision/final-variants/gurobi_simple_1pct/resultados/caso24f_base.csv,/clusteruy/home/mathiasr/generator-aware-row-scaling/results-revision/final-variants/gurobi_simple_1pct/resultados/caso24f_base_postprocesado.csv,/clusteruy/home/mathiasr/generator-aware-row-scaling/results-revision/final-variants/gurobi_simple_1pct/logs/caso24f_base.log
caso24f.txt,matricial_plano,OK,0,2.570261546,0.173844143695826,-280650562.2839376,-284143000.0,OPTIMAL,-281138456.8507176,1.0,11027.0,0.29,14400.0,10800.0,35590.0,10831.0,8519.0,28854.0,24.78472222222222,21.12037037037037,18.926664793481315,1,Model contains large bounds,2e-05,40000.0,0.005,2000.0,0.2,100000000.0,1.0,10000000000.0,0.0029999999999999996,1.0,0.35714285714285715,1.0,2611000000000.0,4579000000000.0,0.0,0.0,0.008790078,2.579051624,1.035670914947424,1.035670914947424,1.0321410793908172,0.008790078,0.003419915772260478,-0.0034280996238099937,7342.994746863842,2.6163505850912983e-05,-861000.0,-0.003039374192500759,0.0029999999999999996,1.7537342014553812,1307306568541.0,,26726.05992113183,2.0,,,,2.0,1.2342095,0.221201447195352,,,,,,,,OK,REVISAR,9.54256393015385e-07,0.0,4.172325134277344e-07,869105643.91346,0.0,8.65893991531695e-09,4.65661287307739e-10,1.7508864402771e-07,8.86619091033936e-07,1.38327683414057e-12,1425689.716716,4.53902662091583,24698463.9648338,869105643.91346,1.0,7.27595761418343e-12,0.0,9.54256393015385e-07,0.0,0.0,0.0,0.0,0.0,0.0,0.0,0.0,0.0,0.0,-280650562.283938,800.433286861378,0.0,869105643.91346,0.0,0.0,0.0,333.0,0.0,1028.0,0.0,0.0,0.0,0.0,-284143128.736888,-280650562.283938,7342.9947464466095,2.616350584942636e-05,empeora,-2265.4724818468094,DIFIERE,9300000.0,2828,/clusteruy/home/mathiasr/generator-aware-row-scaling/results-revision/final-variants/gurobi_simple_1pct/resultados/caso24f_matricial_plano.csv,/clusteruy/home/mathiasr/generator-aware-row-scaling/results-revision/final-variants/gurobi_simple_1pct/resultados/caso24f_matricial_plano_postprocesado.csv,/clusteruy/home/mathiasr/generator-aware-row-scaling/results-revision/final-variants/gurobi_simple_1pct/logs/caso24f_matricial_plano.log
caso24f.txt,matricial_plano_l2,OK,0,18.796027755,0.011389192249657,-280981890.5306233,-283596000.0,OPTIMAL,-281013892.0983226,4330.0,222835.0,0.28,14400.0,10800.0,35590.0,10910.0,8619.0,28808.0,24.23611111111111,20.194444444444443,19.055914582747963,3,Model contains large bounds | Model contains large matrix coefficient range | Model contains large rhs,1e-09,2000000000.0,0.005,2000.0,0.08,5000000000.0,1.0,10000000000.0,3000000.0,1.0,44.642857142857146,1.0,2611000000000.0,5.212e+18,0.0,0.0,0.008235133,18.804262888,0.14162274932222774,0.14162274932222774,0.14156072709974338,0.008235133,0.00043813156201630646,0.15902685182235898,-323985.2519388795,-0.0011543777882086462,-314000.0,-0.0011084361166611362,3000000.0,1996170.0497893528,959583.0,,0.019617336418588593,20.0,,0.0,4.0,20.0,0.12342095,0.127959027633474,,,,,,,,REVISAR,REVISAR,0.000428764149546623,0.0,2.980232238769531e-07,870381583.891966,0.0,2.88161589386861e-07,2.00467184185978e-08,9.5367431640625e-07,0.000428764149546623,1.78582189773536e-13,1331460.12875598,4.95195636389977,41192432.8961466,870381583.891966,1.0,1.45519152283669e-11,0.0,0.000428764149546623,0.0,0.0,0.0,0.0,0.0,41.0,0.0,0.0,0.0,0.0,-280981890.530623,525.840200951985,0.0,870381583.891966,0.0,0.0,0.0,261.0,0.0,1028.0,0.0,0.0,0.0,0.0,-283596485.817418,-280981890.530623,-323985.25193858147,0.0011543777882075843,mejora,122299.27991318703,DIFIERE,114956000.0,4515,/clusteruy/home/mathiasr/generator-aware-row-scaling/results-revision/final-variants/gurobi_simple_1pct/resultados/caso24f_matricial_plano_l2.csv,/clusteruy/home/mathiasr/generator-aware-row-scaling/results-revision/final-variants/gurobi_simple_1pct/resultados/caso24f_matricial_plano_l2_postprocesado.csv,/clusteruy/home/mathiasr/generator-aware-row-scaling/results-revision/final-variants/gurobi_simple_1pct/logs/caso24f_matricial_plano_l2.log
caso24f.txt,role_hybrid,OK,0,2.576695698,0.173844143695826,-280650562.2839376,-284143000.0,OPTIMAL,-281138456.8507176,1.0,11027.0,0.29,14400.0,10800.0,35590.0,10831.0,8519.0,28854.0,24.78472222222222,21.12037037037037,18.926664793481315,1,Model contains large bounds,2e-05,40000.0,0.005,2000.0,0.2,100000000.0,1.0,10000000000.0,0.0029999999999999996,1.0,0.35714285714285715,1.0,2611000000000.0,4579000000000.0,0.0002448,0.01945,0.01779033,2.594486028,1.03308478725919,1.03308478725919,1.0260009490403779,0.01779033,0.006904319362899018,-0.0034280996238099937,7342.994746863842,2.6163505850912983e-05,-861000.0,-0.003039374192500759,0.0029999999999999996,1.7537342014553812,1307306568541.0,,26726.05992113183,2.0,,,,2.0,1.2342095,0.221685324419653,,,,,,,,OK,REVISAR,9.54256393015385e-07,0.0,4.172325134277344e-07,869105643.91346,0.0,8.65893991531695e-09,4.65661287307739e-10,1.7508864402771e-07,8.86619091033936e-07,1.38327683414057e-12,1425689.716716,4.53902662091583,24698463.9648338,869105643.91346,1.0,7.27595761418343e-12,0.0,9.54256393015385e-07,0.0,0.0,0.0,0.0,0.0,0.0,0.0,0.0,0.0,0.0,-280650562.283938,800.433286861378,0.0,869105643.91346,0.0,0.0,0.0,333.0,0.0,1028.0,0.0,0.0,0.0,0.0,-284143128.736888,-280650562.283938,7342.9947464466095,2.616350584942636e-05,empeora,-2265.4724818468094,DIFIERE,9300000.0,2828,/clusteruy/home/mathiasr/generator-aware-row-scaling/results-revision/final-variants/gurobi_simple_1pct/resultados/caso24f_role_hybrid.csv,/clusteruy/home/mathiasr/generator-aware-row-scaling/results-revision/final-variants/gurobi_simple_1pct/resultados/caso24f_role_hybrid_postprocesado.csv,/clusteruy/home/mathiasr/generator-aware-row-scaling/results-revision/final-variants/gurobi_simple_1pct/logs/caso24f_role_hybrid.log
caso27a.txt,base,OK,0,1.43995932,0.008278325035672,-169212540.10279557,-254430000.0,OPTIMAL,-169226548.0668664,1.0,5954.0,0.24,14400.0,10800.0,35590.0,10307.0,8797.0,27419.0,28.42361111111111,18.546296296296298,22.958696262995222,3,Model contains large bounds | Model contains large matrix coefficients | Model contains large rhs,0.002,2000000000.0,0.003,3000.0,5.0,5000000000.0,1.0,10000000000.0,,,,,,,,,0.0,1.43995932,1.0,1.0,1.0,0.0,0.0,0.0,,,0.0,,,,2774627.667536,,,1.203869,,,,1.203869,1.0,0.306460891126204,,,,,,,,BASE,BASE,,,,,,2.4735377094213e-09,1.4210854715202e-14,6.51995651423933e-08,2.83122062683105e-07,9.57970270902458e-13,7859997.98698763,14.7537893312263,631302258.206315,790121808.821204,1.0,4.54747350886464e-13,0.0,4.76604327559471e-07,0.0,0.0,0.0,0.0,0.0,0.0,0.0,0.0,0.0,0.0,-169212540.102796,1063.15712201018,0.0,790121808.821204,0.0,0.0,0.0,593.0,0.0,812.0,0.0,0.0,0.0,0.0,-254430441.120084,,,,,,BASE,0.0,0,/clusteruy/home/mathiasr/generator-aware-row-scaling/results-revision/final-variants/gurobi_simple_1pct/resultados/caso27a_base.csv,/clusteruy/home/mathiasr/generator-aware-row-scaling/results-revision/final-variants/gurobi_simple_1pct/resultados/caso27a_base_postprocesado.csv,/clusteruy/home/mathiasr/generator-aware-row-scaling/results-revision/final-variants/gurobi_simple_1pct/logs/caso27a_base.log
caso27a.txt,matricial_plano,OK,0,1.450372376,0.004500112774075,-169218933.02404523,-252646000.0,OPTIMAL,-169226548.0668664,1.0,7061.0,0.26,14400.0,10800.0,35590.0,10314.0,8804.0,27443.0,28.375,18.48148148148148,22.891261590334363,1,Model contains large bounds,2e-05,40000.0,0.003,3000.0,0.05,80000000.0,1.0,10000000000.0,0.0019999999999999996,1.0,1.6,1.0,2234000000000.0,3272000000000.0,0.0,0.0,0.00937592,1.4597482960000001,0.9928204258628268,0.9928204258628268,0.9864435697207349,0.00937592,0.006464491571370082,0.0037782122615969997,-6392.921249657869,-3.778042245435362e-05,1784000.0,0.007011751758833471,0.0019999999999999996,1.4646374216651745,101113.0,,0.0364420066818526,1.0,,,,1.0,1.203869,0.307296839570494,,,,,,,,OK,REVISAR,1.10035762190819e-06,0.0,2.384185791015625e-07,787693750.577208,0.0,6.75125394646504e-09,4.65661287307739e-10,2.07731500267983e-07,3.44589352607727e-07,6.33093217693824e-13,7775387.52524794,12.6099315285733,354649152.938506,787693750.577208,1.0,7.27595761418343e-12,0.0,1.10035762190819e-06,0.0,0.0,0.0,0.0,0.0,3.0,0.0,0.0,0.0,0.0,-169218933.024045,520.540913365658,0.0,787693750.577208,0.0,0.0,0.0,688.0,0.0,819.0,0.0,0.0,0.0,0.0,-252646434.611273,-169218933.024045,-6392.921249419451,3.778042245294462e-05,mejora,0.0,DIFIERE,14540000.0,3763,/clusteruy/home/mathiasr/generator-aware-row-scaling/results-revision/final-variants/gurobi_simple_1pct/resultados/caso27a_matricial_plano.csv,/clusteruy/home/mathiasr/generator-aware-row-scaling/results-revision/final-variants/gurobi_simple_1pct/resultados/caso27a_matricial_plano_postprocesado.csv,/clusteruy/home/mathiasr/generator-aware-row-scaling/results-revision/final-variants/gurobi_simple_1pct/logs/caso27a_matricial_plano.log
caso27a.txt,matricial_plano_l2,OK,0,1.389866335,0.026625603240026,-169181522.75814337,-259263000.0,OPTIMAL,-169226568.35914838,1.0,5354.0,0.26,14400.0,10800.0,35590.0,10316.0,8808.0,27444.0,28.36111111111111,18.444444444444443,22.888451812306826,3,Model contains large bounds | Model contains large matrix coefficient range | Model contains large rhs,1e-09,2000000000.0,0.003,3000.0,0.03,4000000000.0,1.0,10000000000.0,2000000.0,1.0,133.33333333333334,1.0,2234000000000.0,3.504e+18,0.0,0.0,0.008139459,1.398005794,1.0360415845312205,1.0360415845312205,1.0300095508760103,0.008139459,0.005856289050989928,-0.018347278204354,31017.344652205706,0.00018330405437660152,-4833000.0,-0.01899540148567386,2000000.0,1568487.018800358,2068838.0,,0.7456272508942526,1.0,,,,1.0,1.203869,0.313809612362937,,,,,,,,OK,REVISAR,2.41287052631378e-05,0.0,3.5762786865234375e-07,793637552.817357,0.0,8.11977156271371e-09,4.65661287307739e-10,2.2135558538139e-07,2.41287052631378e-05,6.11168507601738e-13,7665167.68358906,61.5425809081227,272500270.040505,793637552.817357,1.0,7.27595761418343e-12,0.0,2.41287052631378e-05,0.0,0.0,0.0,0.0,0.0,1.0,0.0,0.0,0.0,0.0,-169181522.758143,1035.90367104863,0.0,793637552.817357,0.0,0.0,0.0,628.0,0.0,806.0,0.0,0.0,0.0,0.0,-259263082.345204,-169181522.758143,31017.344652563334,0.000183304054378715,empeora,-20.292281985282898,DIFIERE,20600000.0,3073,/clusteruy/home/mathiasr/generator-aware-row-scaling/results-revision/final-variants/gurobi_simple_1pct/resultados/caso27a_matricial_plano_l2.csv,/clusteruy/home/mathiasr/generator-aware-row-scaling/results-revision/final-variants/gurobi_simple_1pct/resultados/caso27a_matricial_plano_l2_postprocesado.csv,/clusteruy/home/mathiasr/generator-aware-row-scaling/results-revision/final-variants/gurobi_simple_1pct/logs/caso27a_matricial_plano_l2.log
caso27a.txt,role_hybrid,OK,0,1.45332928,0.004500112774075,-169218933.02404523,-252646000.0,OPTIMAL,-169226548.0668664,1.0,7061.0,0.26,14400.0,10800.0,35590.0,10314.0,8804.0,27443.0,28.375,18.48148148148148,22.891261590334363,1,Model contains large bounds,2e-05,40000.0,0.003,3000.0,0.05,80000000.0,1.0,10000000000.0,0.0019999999999999996,1.0,1.6,1.0,2234000000000.0,3272000000000.0,0.0003138,0.02279,0.01790701,1.47123629,0.9908004605811012,0.9908004605811012,0.978741028743928,0.01790701,0.012321371520155434,0.0037782122615969997,-6392.921249657869,-3.778042245435362e-05,1784000.0,0.007011751758833471,0.0019999999999999996,1.4646374216651745,101113.0,,0.0364420066818526,1.0,,,,1.0,1.203869,0.307242732586204,,,,,,,,OK,REVISAR,1.10035762190819e-06,0.0,2.384185791015625e-07,787693750.577208,0.0,6.75125394646504e-09,4.65661287307739e-10,2.07731500267983e-07,3.44589352607727e-07,6.33093217693824e-13,7775387.52524794,12.6099315285733,354649152.938506,787693750.577208,1.0,7.27595761418343e-12,0.0,1.10035762190819e-06,0.0,0.0,0.0,0.0,0.0,3.0,0.0,0.0,0.0,0.0,-169218933.024045,520.540913365658,0.0,787693750.577208,0.0,0.0,0.0,688.0,0.0,819.0,0.0,0.0,0.0,0.0,-252646434.611273,-169218933.024045,-6392.921249419451,3.778042245294462e-05,mejora,0.0,DIFIERE,14540000.0,3763,/clusteruy/home/mathiasr/generator-aware-row-scaling/results-revision/final-variants/gurobi_simple_1pct/resultados/caso27a_role_hybrid.csv,/clusteruy/home/mathiasr/generator-aware-row-scaling/results-revision/final-variants/gurobi_simple_1pct/resultados/caso27a_role_hybrid_postprocesado.csv,/clusteruy/home/mathiasr/generator-aware-row-scaling/results-revision/final-variants/gurobi_simple_1pct/logs/caso27a_role_hybrid.log
caso29c.txt,base,OK,0,2.231694,0.01048016421183,-267263973.63750166,-266147000.0,OPTIMAL,-267291983.34081793,1.0,9897.0,0.27,14400.0,10800.0,35590.0,10592.0,8571.0,28581.0,26.444444444444443,20.63888888888889,19.693734194998594,4,Model contains large bounds | Model contains large matrix coefficients | Model contains large rhs | max constraint violation (1.0713e-06) exceeds tolerance,0.002,2000000000.0,0.005,3000.0,5.0,5000000000.0,1.0,10000000000.0,,,,,,,,,0.0,2.231694,1.0,1.0,1.0,0.0,0.0,0.0,,,0.0,,,,43650434.355476,,,1.949761,,,,1.949761,1.0,0.237985441824583,,,,,,,,BASE,BASE,,,,,,4.33019860931499e-09,1.53273838066069e-11,1.19246542453767e-07,1.07125379145145e-06,3.02798678012506e-10,881329.244245354,0.839675253164258,30754179.2195724,315640497.344991,1.0,3.63797880709171e-12,0.0,1.07125379145145e-06,0.0,0.0,0.0,0.0,0.0,1.0,0.0,0.0,0.0,0.0,-267263973.637502,2880.68076253895,0.0,315640497.344991,0.0,0.0,0.0,410.0,0.0,894.0,0.0,0.0,0.0,0.0,-266146524.405683,,,,,,BASE,0.0,0,/clusteruy/home/mathiasr/generator-aware-row-scaling/results-revision/final-variants/gurobi_simple_1pct/resultados/caso29c_base.csv,/clusteruy/home/mathiasr/generator-aware-row-scaling/results-revision/final-variants/gurobi_simple_1pct/resultados/caso29c_base_postprocesado.csv,/clusteruy/home/mathiasr/generator-aware-row-scaling/results-revision/final-variants/gurobi_simple_1pct/logs/caso29c_base.log
caso29c.txt,matricial_plano,OK,0,2.45756145,0.011887001745017,-267260214.11450243,-266455000.0,OPTIMAL,-267291983.34081796,1.0,9480.0,0.28,14400.0,10800.0,35590.0,10593.0,8572.0,28583.0,26.4375,20.62962962962963,19.688114638943524,1,Model contains large bounds,2e-05,40000.0,0.005,3000.0,0.02,80000000.0,1.0,10000000000.0,0.0019999999999999996,1.0,4.0,1.0,2197000000000.0,3187000000000.0,0.0,0.0,0.009253743,2.466815193,0.9080928576577404,0.9080928576577404,0.904686336590112,0.009253743,0.003765416730474837,-0.0014068375331870008,3759.522999227047,1.4066703222508408e-05,-308000.0,-0.0011572552010730912,0.0019999999999999996,1.4506144742831133,2418154.0,,0.05539816580763622,2.0,,,,2.0,0.9748805,0.22251847214921,,,,,,,,OK,REVISAR,1.33446883410215e-06,0.0,4.172325134277344e-07,315695400.136078,0.0,7.67619989113765e-09,3.72529029846191e-09,2.16555781662465e-07,1.33446883410215e-06,2.89245915904053e-13,911848.613197431,0.975781504214803,30837158.2033065,315695400.136078,1.0,1.45519152283669e-11,0.0,1.33446883410215e-06,0.0,0.0,0.0,0.0,0.0,6.0,0.0,0.0,0.0,0.0,-267260214.114502,2880.68076253896,0.0,315695400.136078,0.0,0.0,0.0,453.0,0.0,899.0,0.0,0.0,0.0,0.0,-266454632.800361,-267260214.114502,3759.5229996442795,1.4066703224069534e-05,empeora,-2.9802322387695312e-08,DIFIERE,1040000.0,3603,/clusteruy/home/mathiasr/generator-aware-row-scaling/results-revision/final-variants/gurobi_simple_1pct/resultados/caso29c_matricial_plano.csv,/clusteruy/home/mathiasr/generator-aware-row-scaling/results-revision/final-variants/gurobi_simple_1pct/resultados/caso29c_matricial_plano_postprocesado.csv,/clusteruy/home/mathiasr/generator-aware-row-scaling/results-revision/final-variants/gurobi_simple_1pct/logs/caso29c_matricial_plano.log
caso29c.txt,matricial_plano_l2,OK,0,30.425434259,0.002547869397497,-267278729.32482767,-265019000.0,OPTIMAL,-267285539.23777816,3868.0,124256.0,0.27,14400.0,10800.0,35590.0,10699.0,8794.0,28647.0,25.70138888888889,18.574074074074073,19.50828884518123,3,Model contains large bounds | Model contains large matrix coefficient range | Model contains large rhs,0.0001,2000000000.0,0.005,3000.0,0.01,3000000000.0,1.0,10000000000.0,20.0,1.0,300.0,1.0,2197000000000.0,23220000000000.0,0.0,0.0,0.007822114,30.433256373,0.07334961864479728,0.07334961864479728,0.07333076594392741,0.007822114,0.0002570912853178481,0.007932294814333,-14755.687326014042,-5.52101621673396e-05,1128000.0,0.004238259307826126,20.0,10.568957669549386,1157918.0,,0.02652706707498634,34.0,,0.0,4.0,34.0,0.05734591176470588,0.05937545457172,,,,,,,,OK,REVISAR,1.95503307622857e-05,0.0,3.2782554626464844e-07,314052949.537705,0.0,1.14759874976816e-08,1.67638063430786e-08,3.68875917047264e-07,1.05309300124645e-06,3.02798764027289e-10,892019.062986616,1.20736376340351,35382593.2366417,314052949.537705,1.0,7.27595761418343e-12,0.0,1.95503307622857e-05,0.0,0.0,0.0,0.0,0.0,3.0,0.0,0.0,0.0,0.0,-267278729.324828,1354.21544979002,0.0,314052949.537705,0.0,0.0,0.0,475.0,0.0,885.0,0.0,0.0,0.0,0.0,-265019484.087206,-267278729.324828,-14755.687326341867,5.5210162168566195e-05,mejora,6444.103039771318,DIFIERE,30310000.0,4730,/clusteruy/home/mathiasr/generator-aware-row-scaling/results-revision/final-variants/gurobi_simple_1pct/resultados/caso29c_matricial_plano_l2.csv,/clusteruy/home/mathiasr/generator-aware-row-scaling/results-revision/final-variants/gurobi_simple_1pct/resultados/caso29c_matricial_plano_l2_postprocesado.csv,/clusteruy/home/mathiasr/generator-aware-row-scaling/results-revision/final-variants/gurobi_simple_1pct/logs/caso29c_matricial_plano_l2.log
caso29c.txt,role_hybrid,OK,0,2.424398394,0.011887001745017,-267260214.11450243,-266455000.0,OPTIMAL,-267291983.34081796,1.0,9480.0,0.28,14400.0,10800.0,35590.0,10593.0,8572.0,28583.0,26.4375,20.62962962962963,19.688114638943524,1,Model contains large bounds,2e-05,40000.0,0.005,3000.0,0.02,80000000.0,1.0,10000000000.0,0.0019999999999999996,1.0,4.0,1.0,2197000000000.0,3187000000000.0,0.0003261,0.02356,0.017542008,2.4419404019999997,0.9205145513720383,0.9205145513720383,0.9139019110262464,0.017542008,0.007235612778581969,-0.0014068375331870008,3759.522999227047,1.4066703222508408e-05,-308000.0,-0.0011572552010730912,0.0019999999999999996,1.4506144742831133,2418154.0,,0.05539816580763622,2.0,,,,2.0,0.9748805,0.221993882854266,,,,,,,,OK,REVISAR,1.33446883410215e-06,0.0,4.172325134277344e-07,315695400.136078,0.0,7.67619989113765e-09,3.72529029846191e-09,2.16555781662465e-07,1.33446883410215e-06,2.89245915904053e-13,911848.613197431,0.975781504214803,30837158.2033065,315695400.136078,1.0,1.45519152283669e-11,0.0,1.33446883410215e-06,0.0,0.0,0.0,0.0,0.0,6.0,0.0,0.0,0.0,0.0,-267260214.114502,2880.68076253896,0.0,315695400.136078,0.0,0.0,0.0,453.0,0.0,899.0,0.0,0.0,0.0,0.0,-266454632.800361,-267260214.114502,3759.5229996442795,1.4066703224069534e-05,empeora,-2.9802322387695312e-08,DIFIERE,1040000.0,3603,/clusteruy/home/mathiasr/generator-aware-row-scaling/results-revision/final-variants/gurobi_simple_1pct/resultados/caso29c_role_hybrid.csv,/clusteruy/home/mathiasr/generator-aware-row-scaling/results-revision/final-variants/gurobi_simple_1pct/resultados/caso29c_role_hybrid_postprocesado.csv,/clusteruy/home/mathiasr/generator-aware-row-scaling/results-revision/final-variants/gurobi_simple_1pct/logs/caso29c_role_hybrid.log
caso31e.txt,base,OK,0,2.204250208,0.013912490748896,-79254736.28490275,-78903300.0,OPTIMAL,-79265762.59275645,1.0,8660.0,0.27,14400.0,10800.0,35590.0,10486.0,8737.0,27864.0,27.180555555555557,19.10185185185185,21.708345040741783,4,Model contains large bounds | Model contains large matrix coefficients | Model contains large rhs | max constraint violation (6.8242e-06) exceeds tolerance,0.002,2000000000.0,0.003,2000.0,5.0,4000000000.0,1.0,10000000000.0,,,,,,,,,0.0,2.204250208,1.0,1.0,1.0,0.0,0.0,0.0,,,0.0,,,,102268329.41755,,,2.33319,,,,2.33319,1.0,0.3952850956903,,,,,,,,BASE,BASE,,,,,,4.97067026038613e-09,1.11758708953857e-08,1.52504071593285e-07,6.8241582980022e-06,7.17610405252194e-08,184967.707691984,0.41130023775021,6910544.26233733,27938188.1152775,0.999999999999966,6.8241582980022e-06,0.0,4.05590981245041e-07,0.0,0.0,0.0,1.0,0.0,0.0,0.0,0.0,0.0,0.0,-79254736.2849028,269.081971444077,0.0,27938188.1152775,0.0,0.0,0.0,365.0,0.0,795.0,0.0,0.0,0.0,0.0,-78903286.0582199,,,,,,BASE,0.0,0,/clusteruy/home/mathiasr/generator-aware-row-scaling/results-revision/final-variants/gurobi_simple_1pct/resultados/caso31e_base.csv,/clusteruy/home/mathiasr/generator-aware-row-scaling/results-revision/final-variants/gurobi_simple_1pct/resultados/caso31e_base_postprocesado.csv,/clusteruy/home/mathiasr/generator-aware-row-scaling/results-revision/final-variants/gurobi_simple_1pct/logs/caso31e_base.log
caso31e.txt,matricial_plano,OK,0,2.4043177,0.013912491031449,-79254736.28467494,-78903300.0,OPTIMAL,-79265762.59275255,1.0,9107.0,0.28,14400.0,10800.0,35590.0,10487.0,8738.0,27866.0,27.17361111111111,19.09259259259259,21.70272548468671,1,Model contains large bounds,2e-05,40000.0,0.003,2000.0,0.03,60000000.0,1.0,10000000000.0,0.0019999999999999996,1.0,2.5,1.0,2088000000000.0,2734000000000.0,0.0,0.0,0.009130534,2.413448234,0.9167882464118614,0.9167882464118614,0.9133198619912889,0.009130534,0.003797557203026871,-2.8255300009438766e-10,0.00022780895233154297,2.874389128147769e-12,0.0,0.0,0.0019999999999999996,1.3093869731800767,3958013.0,,0.03870223580009684,2.0,,,,2.0,1.166595,0.379695201327131,,,,,,,,OK,REVISAR,6.75092451274395e-07,0.0,4.470348358154297e-08,27938188.1707313,0.0,7.71522695489812e-09,2.60770320892334e-08,2.31906305998564e-07,6.75092451274395e-07,2.38399480445708e-12,184967.705504097,0.411300237750209,6910544.26233522,27938188.1707313,0.999999999999966,1.81898940354586e-12,0.0,6.75092451274395e-07,0.0,0.0,0.0,0.0,0.0,0.0,0.0,0.0,0.0,0.0,-79254736.2846749,269.081971444079,0.0,27938188.1707313,0.0,0.0,0.0,364.0,0.0,795.0,0.0,0.0,0.0,0.0,-78903286.0663608,-79254736.2846749,0.0002278536558151245,2.8749531762498386e-12,igual,3.904104232788086e-06,DIFIERE,0.00010000000000331966,5,/clusteruy/home/mathiasr/generator-aware-row-scaling/results-revision/final-variants/gurobi_simple_1pct/resultados/caso31e_matricial_plano.csv,/clusteruy/home/mathiasr/generator-aware-row-scaling/results-revision/final-variants/gurobi_simple_1pct/resultados/caso31e_matricial_plano_postprocesado.csv,/clusteruy/home/mathiasr/generator-aware-row-scaling/results-revision/final-variants/gurobi_simple_1pct/logs/caso31e_matricial_plano.log
caso31e.txt,matricial_plano_l2,OK,0,1.829953379,0.078485678237687,-79203599.11080566,-79409600.0,OPTIMAL,-79265762.59275644,1.0,7973.0,0.28,14400.0,10800.0,35590.0,10498.0,8786.0,28013.0,27.09722222222222,18.64814814814815,21.289688114638942,3,Model contains large bounds | Model contains large matrix coefficient range | Model contains large rhs,0.0001,2000000000.0,0.003,2000.0,0.01,3000000000.0,1.0,10000000000.0,20.0,1.0,375.0,1.0,2088000000000.0,18700000000000.0,0.0,0.0,0.007864239,1.837817618,1.204538997165348,1.204538997165348,1.1993846323003308,0.007864239,0.004297507843777697,-0.064573187488791,51137.17409709096,0.0006452254653054986,-506300.0,-0.006416715143726562,20.0,8.955938697318008,4090025.0,,0.03999307530781002,2.0,,,,2.0,1.166595,0.422647208180567,,,,,,,,OK,REVISAR,1.43051147460938e-06,0.0,4.470348358154297e-08,15336625.9920197,0.0,8.37282966288e-09,1.30385160446167e-08,2.62637622654438e-07,7.94709194451571e-07,1.58903301357448e-08,158091.772329794,0.602751620308608,5445034.18021389,15336625.9920197,0.999999999999966,4.76837158203125e-07,0.0,1.43051147460938e-06,0.0,0.0,0.0,0.0,0.0,1.0,0.0,0.0,0.0,0.0,-79203599.1108057,575.225448280737,0.0,15336625.9920197,0.0,0.0,0.0,806.0,0.0,770.0,0.0,0.0,0.0,0.0,-79409587.234516,-79203599.1108057,51137.174097046256,0.0006452254653049345,empeora,1.4901161193847656e-08,DIFIERE,264800000.0,4574,/clusteruy/home/mathiasr/generator-aware-row-scaling/results-revision/final-variants/gurobi_simple_1pct/resultados/caso31e_matricial_plano_l2.csv,/clusteruy/home/mathiasr/generator-aware-row-scaling/results-revision/final-variants/gurobi_simple_1pct/resultados/caso31e_matricial_plano_l2_postprocesado.csv,/clusteruy/home/mathiasr/generator-aware-row-scaling/results-revision/final-variants/gurobi_simple_1pct/logs/caso31e_matricial_plano_l2.log
caso31e.txt,role_hybrid,OK,0,2.42934262,0.013912491031449,-79254736.28467494,-78903300.0,OPTIMAL,-79265762.59275255,1.0,9107.0,0.29,14400.0,10800.0,35590.0,10487.0,8738.0,27866.0,27.17361111111111,19.09259259259259,21.70272548468671,1,Model contains large bounds,2e-05,40000.0,0.003,2000.0,0.03,60000000.0,1.0,10000000000.0,0.0019999999999999996,1.0,2.5,1.0,2088000000000.0,2734000000000.0,0.0003736,0.02565,0.018017673,2.447360293,0.9073443119357121,0.9073443119357121,0.9006643665440885,0.018017673,0.00741668665904359,-2.8255300009438766e-10,0.00022780895233154297,2.874389128147769e-12,0.0,0.0,0.0019999999999999996,1.3093869731800767,3958013.0,,0.03870223580009684,2.0,,,,2.0,1.166595,0.37917186717997,,,,,,,,OK,REVISAR,6.75092451274395e-07,0.0,4.470348358154297e-08,27938188.1707313,0.0,7.71522695489812e-09,2.60770320892334e-08,2.31906305998564e-07,6.75092451274395e-07,2.38399480445708e-12,184967.705504097,0.411300237750209,6910544.26233522,27938188.1707313,0.999999999999966,1.81898940354586e-12,0.0,6.75092451274395e-07,0.0,0.0,0.0,0.0,0.0,0.0,0.0,0.0,0.0,0.0,-79254736.2846749,269.081971444079,0.0,27938188.1707313,0.0,0.0,0.0,364.0,0.0,795.0,0.0,0.0,0.0,0.0,-78903286.0663608,-79254736.2846749,0.0002278536558151245,2.8749531762498386e-12,igual,3.904104232788086e-06,DIFIERE,0.00010000000000331966,5,/clusteruy/home/mathiasr/generator-aware-row-scaling/results-revision/final-variants/gurobi_simple_1pct/resultados/caso31e_role_hybrid.csv,/clusteruy/home/mathiasr/generator-aware-row-scaling/results-revision/final-variants/gurobi_simple_1pct/resultados/caso31e_role_hybrid_postprocesado.csv,/clusteruy/home/mathiasr/generator-aware-row-scaling/results-revision/final-variants/gurobi_simple_1pct/logs/caso31e_role_hybrid.log
caso33f.txt,base,OK,0,1.656640969,0.001851571181807,-68903725.3390779,-68700000.0,OPTIMAL,-68905001.14059947,1.0,7820.0,0.26,14400.0,10800.0,35590.0,10450.0,8759.0,27697.0,27.430555555555557,18.89814814814815,22.177577971340263,3,Model contains large bounds | Model contains large matrix coefficients | Model contains large rhs,0.002,2000000000.0,0.005,2000.0,5.0,4000000000.0,1.0,10000000000.0,,,,,,,,,0.0,1.656640969,1.0,1.0,1.0,0.0,0.0,0.0,,,0.0,,,,2921278.185977,,,1.541718,,,,1.541718,1.0,0.3986312124862,,,,,,,,BASE,BASE,,,,,,5.20736012741584e-09,2.98139639198778e-08,1.37843890115619e-07,2.64495611190796e-07,1.25003231901445e-07,157146.670593898,0.243791243323619,3717698.77714195,44001212.365008,1.0,1.25003231901445e-07,0.0,2.64495611190796e-07,3.11199256049262e-09,0.0,0.0,0.0,0.0,0.0,0.0,0.0,0.0,0.0,-68903725.3390779,261.896857448677,0.0,44001212.365008,3.11199256049262e-09,0.0,0.0,305.0,0.0,721.0,0.0,0.0,0.0,0.0,-68699960.9883181,,,,,,BASE,0.0,0,/clusteruy/home/mathiasr/generator-aware-row-scaling/results-revision/final-variants/gurobi_simple_1pct/resultados/caso33f_base.csv,/clusteruy/home/mathiasr/generator-aware-row-scaling/results-revision/final-variants/gurobi_simple_1pct/resultados/caso33f_base_postprocesado.csv,/clusteruy/home/mathiasr/generator-aware-row-scaling/results-revision/final-variants/gurobi_simple_1pct/logs/caso33f_base.log
caso33f.txt,matricial_plano,OK,0,1.85586038,0.001851571181807,-68903725.33907786,-68687400.0,OPTIMAL,-68905001.14059943,1.0,8700.0,0.28,14400.0,10800.0,35590.0,10457.0,8766.0,27713.0,27.381944444444443,18.833333333333332,22.13262152289969,1,Model contains large bounds,2e-05,40000.0,0.005,2000.0,0.03,60000000.0,1.0,10000000000.0,0.0019999999999999996,1.0,2.5,1.0,2080000000000.0,2680000000000.0,0.0,0.0,0.009085343,1.864945723,0.892653880029488,0.892653880029488,0.8883051922471419,0.009085343,0.00489548842030886,0.0,4.470348358154297e-08,6.487818091337644e-16,12600.0,0.0001834061135371179,0.0019999999999999996,1.2884615384615385,108844.0,,0.03725903288583861,2.0,,,,2.0,0.770859,0.369456597050012,,,,,,,,OK,REVISAR,6.31203874945641e-07,0.0,4.470348358154297e-08,44001212.3650089,0.0,8.17133344728248e-09,3.72529029846191e-08,2.47384305112064e-07,2.96160578727722e-07,1.37988752306994e-07,157238.455386232,0.231424814855221,3717698.77714171,44001212.3650089,1.0,1.37988752306994e-07,0.0,6.31203874945641e-07,3.43527094523112e-09,0.0,0.0,0.0,0.0,0.0,0.0,0.0,0.0,0.0,-68903725.3390779,261.896857448679,0.0,44001212.3650089,3.43527094523112e-09,0.0,0.0,293.0,0.0,721.0,0.0,0.0,0.0,0.0,-68687383.6483277,-68903725.3390779,0.0,0.0,igual,4.470348358154297e-08,DIFIERE,15.309000000000026,27,/clusteruy/home/mathiasr/generator-aware-row-scaling/results-revision/final-variants/gurobi_simple_1pct/resultados/caso33f_matricial_plano.csv,/clusteruy/home/mathiasr/generator-aware-row-scaling/results-revision/final-variants/gurobi_simple_1pct/resultados/caso33f_matricial_plano_postprocesado.csv,/clusteruy/home/mathiasr/generator-aware-row-scaling/results-revision/final-variants/gurobi_simple_1pct/logs/caso33f_matricial_plano.log
caso33f.txt,matricial_plano_l2,OK,0,1.889253144,0.024637376018205,-68888028.93787847,-68659500.0,OPTIMAL,-68905001.14059943,1.0,7329.0,0.27,14400.0,10800.0,35590.0,10450.0,8761.0,27812.0,27.430555555555557,18.87962962962963,21.854453498173644,3,Model contains large bounds | Model contains large matrix coefficient range | Model contains large rhs,0.0001,2000000000.0,0.005,2000.0,0.01,3000000000.0,1.0,10000000000.0,20.0,1.0,375.0,1.0,2080000000000.0,18450000000000.0,0.0,0.0,0.008037415,1.897290559,0.8768761212658328,0.8768761212658328,0.8731614465383527,0.008037415,0.00425428165914435,-0.022785804836398,15696.401199430227,0.00022780192394805402,40500.0,0.0005895196506550219,20.0,8.870192307692308,2615131.0,,0.8952009475007903,2.0,,,,2.0,0.770859,0.397590844875734,,,,,,,,OK,REVISAR,8.37826519273221e-07,0.0,2.9802322387695312e-08,43293180.3260354,0.0,8.16161500942862e-09,3.35276126861572e-08,2.40982044488192e-07,2.64495611190796e-07,1.86517468137026e-14,158025.533907475,0.222476785030227,3623234.25461541,43293180.3260354,1.0,7.105427357601e-15,0.0,8.37826519273221e-07,0.0,0.0,0.0,0.0,0.0,0.0,0.0,0.0,0.0,0.0,-68888028.9378785,1.99830545499997,0.0,43293180.3260354,0.0,0.0,0.0,279.0,0.0,715.0,0.0,0.0,0.0,0.0,-68659503.789568,-68888028.9378785,15696.401199400425,0.0002278019239476215,empeora,4.470348358154297e-08,DIFIERE,9140000.0,3745,/clusteruy/home/mathiasr/generator-aware-row-scaling/results-revision/final-variants/gurobi_simple_1pct/resultados/caso33f_matricial_plano_l2.csv,/clusteruy/home/mathiasr/generator-aware-row-scaling/results-revision/final-variants/gurobi_simple_1pct/resultados/caso33f_matricial_plano_l2_postprocesado.csv,/clusteruy/home/mathiasr/generator-aware-row-scaling/results-revision/final-variants/gurobi_simple_1pct/logs/caso33f_matricial_plano_l2.log
caso33f.txt,role_hybrid,OK,0,1.858058151,0.001851571181807,-68903725.33907786,-68687400.0,OPTIMAL,-68905001.14059943,1.0,8700.0,0.28,14400.0,10800.0,35590.0,10457.0,8766.0,27713.0,27.381944444444443,18.833333333333332,22.13262152289969,1,Model contains large bounds,2e-05,40000.0,0.005,2000.0,0.03,60000000.0,1.0,10000000000.0,0.0019999999999999996,1.0,2.5,1.0,2080000000000.0,2680000000000.0,0.0003779,0.02574,0.017691055,1.875749206,0.8915980202817667,0.8915980202817667,0.8831889485549913,0.017691055,0.009521260134123757,0.0,4.470348358154297e-08,6.487818091337644e-16,12600.0,0.0001834061135371179,0.0019999999999999996,1.2884615384615385,108844.0,,0.03725903288583861,2.0,,,,2.0,0.770859,0.369775959124574,,,,,,,,OK,REVISAR,6.31203874945641e-07,0.0,4.470348358154297e-08,44001212.3650089,0.0,8.17133344728248e-09,3.72529029846191e-08,2.47384305112064e-07,2.96160578727722e-07,1.37988752306994e-07,157238.455386232,0.231424814855221,3717698.77714171,44001212.3650089,1.0,1.37988752306994e-07,0.0,6.31203874945641e-07,3.43527094523112e-09,0.0,0.0,0.0,0.0,0.0,0.0,0.0,0.0,0.0,-68903725.3390779,261.896857448679,0.0,44001212.3650089,3.43527094523112e-09,0.0,0.0,293.0,0.0,721.0,0.0,0.0,0.0,0.0,-68687383.6483277,-68903725.3390779,0.0,0.0,igual,4.470348358154297e-08,DIFIERE,15.309000000000026,27,/clusteruy/home/mathiasr/generator-aware-row-scaling/results-revision/final-variants/gurobi_simple_1pct/resultados/caso33f_role_hybrid.csv,/clusteruy/home/mathiasr/generator-aware-row-scaling/results-revision/final-variants/gurobi_simple_1pct/resultados/caso33f_role_hybrid_postprocesado.csv,/clusteruy/home/mathiasr/generator-aware-row-scaling/results-revision/final-variants/gurobi_simple_1pct/logs/caso33f_role_hybrid.log
caso42b.txt,base,OK,0,2.729543005,0.015902717425881,-424503668.31637233,-424606000.0,OPTIMAL,-424571175.9352072,1.0,11998.0,0.23,14400.0,10800.0,35590.0,9798.0,8177.0,26122.0,31.958333333333332,24.287037037037038,26.602978364709188,4,Model contains large bounds | Model contains large matrix coefficients | Model contains large rhs | max constraint violation (1.3936e-06) exceeds tolerance,0.003,2000000000.0,0.003,3000.0,5.0,7000000000.0,1.0,10000000000.0,,,,,,,,,0.0,2.729543005,1.0,1.0,1.0,0.0,0.0,0.0,,,0.0,,,,35241740.498672,,,2.561823,,,,2.561823,1.0,0.149792401503394,,,,,,,,BASE,BASE,,,,,,4.43842554648446e-09,6.98491930961609e-10,1.22934579849243e-07,1.39362929019171e-06,5.00960450994213e-09,110975.779332657,3.64198779075857,5193562.24490789,17315140.0586028,1.0,3.63797880709171e-12,0.0,1.39362929019171e-06,0.0,0.0,0.0,0.0,0.0,1.0,0.0,0.0,0.0,0.0,-424503668.316372,1984.42825263451,0.0,17315140.0586028,0.0,0.0,0.0,1397.0,0.0,1031.0,0.0,0.0,0.0,0.0,-424605525.05438,,,,,,BASE,0.0,0,/clusteruy/home/mathiasr/generator-aware-row-scaling/results-revision/final-variants/gurobi_simple_1pct/resultados/caso42b_base.csv,/clusteruy/home/mathiasr/generator-aware-row-scaling/results-revision/final-variants/gurobi_simple_1pct/resultados/caso42b_base_postprocesado.csv,/clusteruy/home/mathiasr/generator-aware-row-scaling/results-revision/final-variants/gurobi_simple_1pct/logs/caso42b_base.log
caso42b.txt,matricial_plano,OK,0,2.520573539,0.015902717275981,-424503668.31632245,-424606000.0,OPTIMAL,-424571175.93452096,1.0,10856.0,0.23,14400.0,10800.0,35590.0,9798.0,8177.0,26122.0,31.958333333333332,24.287037037037038,26.602978364709188,1,Model contains large bounds,2e-05,40000.0,0.003,3000.0,0.05,100000000.0,1.0,10000000000.0,0.0029999999999999996,1.0,1.4285714285714286,1.0,2609000000000.0,4566000000000.0,0.0,0.0,0.009131562,2.529705101,1.08290552240063,1.08290552240063,1.0789965217372586,0.009131562,0.0036228111811499896,1.4990000213321863e-10,4.988908767700195e-05,1.175233370181876e-13,0.0,0.0,0.0029999999999999996,1.750095822154082,1412285.0,,0.04007421256771409,2.0,,,,2.0,1.2809115,0.184576187605599,,,,,,,,OK,REVISAR,1.14669091999531e-06,0.0,4.172325134277344e-07,17315140.0586028,0.0,9.9666750878727e-09,1.49011611938477e-08,2.54048500210047e-07,4.22820448875427e-07,3.19957999428532e-11,110975.779329659,3.6419877907586,5193562.24543746,17315140.0586028,1.0,1.45519152283669e-11,0.0,1.14669091999531e-06,0.0,0.0,0.0,0.0,0.0,4.0,0.0,0.0,0.0,0.0,-424503668.316322,1984.42825263449,0.0,17315140.0586028,0.0,0.0,0.0,1397.0,0.0,1035.0,0.0,0.0,0.0,0.0,-424605525.058758,-424503668.316322,5.030632019042969e-05,1.1850620841499442e-13,igual,0.0006862282752990723,OK,0.0,0,/clusteruy/home/mathiasr/generator-aware-row-scaling/results-revision/final-variants/gurobi_simple_1pct/resultados/caso42b_matricial_plano.csv,/clusteruy/home/mathiasr/generator-aware-row-scaling/results-revision/final-variants/gurobi_simple_1pct/resultados/caso42b_matricial_plano_postprocesado.csv,/clusteruy/home/mathiasr/generator-aware-row-scaling/results-revision/final-variants/gurobi_simple_1pct/logs/caso42b_matricial_plano.log
caso42b.txt,matricial_plano_l2,OK,0,2.630935294,0.015975361054519,-424503359.9900744,-424611000.0,OPTIMAL,-424571175.9345214,1.0,11352.0,0.23,14400.0,10800.0,35590.0,9799.0,8180.0,26127.0,31.95138888888889,24.25925925925926,26.588929474571508,3,Model contains large bounds | Model contains large matrix coefficient range | Model contains large rhs,0.0001,2000000000.0,0.003,3000.0,0.03,6000000000.0,1.0,10000000000.0,30.000000000000004,1.0,142.85714285714286,1.0,2609000000000.0,40950000000000.0,0.0,0.0,0.008096877,2.6390321709999998,1.0374800973725506,1.0374800973725506,1.0342969801560635,0.008096877,0.0030775659965736886,-7.2643628638e-05,308.3262979388237,7.263218694002794e-07,-5000.0,-1.1775622577165655e-05,30.000000000000004,15.695668838635493,5451231.0,,0.1546810947150983,2.0,,,,2.0,1.2809115,0.184400482161173,,,,,,,,OK,REVISAR,1.35856680572033e-06,0.0,4.172325134277344e-07,17300104.5657629,0.0,1.35715925417365e-08,1.86264514923096e-08,4.31670341640711e-07,6.9616362452507e-07,8.75165521984846e-13,110683.72649318,3.65896807983153,5047121.83037361,17300104.5657629,1.0,7.27595761418343e-12,0.0,1.35856680572033e-06,0.0,0.0,0.0,0.0,0.0,6.0,0.0,0.0,0.0,0.0,-424503359.990074,1984.42825263451,0.0,17300104.5657629,0.0,0.0,0.0,1424.0,0.0,1037.0,0.0,0.0,0.0,0.0,-424611033.486019,-424503359.990074,308.3262983560562,7.263218703831508e-07,igual,0.0006858110427856445,DIFIERE,3880000.0,2643,/clusteruy/home/mathiasr/generator-aware-row-scaling/results-revision/final-variants/gurobi_simple_1pct/resultados/caso42b_matricial_plano_l2.csv,/clusteruy/home/mathiasr/generator-aware-row-scaling/results-revision/final-variants/gurobi_simple_1pct/resultados/caso42b_matricial_plano_l2_postprocesado.csv,/clusteruy/home/mathiasr/generator-aware-row-scaling/results-revision/final-variants/gurobi_simple_1pct/logs/caso42b_matricial_plano_l2.log
caso42b.txt,role_hybrid,OK,0,2.524001443,0.015902717275981,-424503668.31632245,-424606000.0,OPTIMAL,-424571175.93452096,1.0,10856.0,0.24,14400.0,10800.0,35590.0,9798.0,8177.0,26122.0,31.958333333333332,24.287037037037038,26.602978364709188,1,Model contains large bounds,2e-05,40000.0,0.003,3000.0,0.05,100000000.0,1.0,10000000000.0,0.0029999999999999996,1.0,1.4285714285714286,1.0,2609000000000.0,4566000000000.0,0.000245,0.01944,0.017756431,2.541757874,1.0814348036804986,1.0814348036804986,1.0738800233180668,0.017756431,0.007035032031873526,1.4990000213321863e-10,4.988908767700195e-05,1.175233370181876e-13,0.0,0.0,0.0029999999999999996,1.750095822154082,1412285.0,,0.04007421256771409,2.0,,,,2.0,1.2809115,0.184432283212696,,,,,,,,OK,REVISAR,1.14669091999531e-06,0.0,4.172325134277344e-07,17315140.0586028,0.0,9.9666750878727e-09,1.49011611938477e-08,2.54048500210047e-07,4.22820448875427e-07,3.19957999428532e-11,110975.779329659,3.6419877907586,5193562.24543746,17315140.0586028,1.0,1.45519152283669e-11,0.0,1.14669091999531e-06,0.0,0.0,0.0,0.0,0.0,4.0,0.0,0.0,0.0,0.0,-424503668.316322,1984.42825263449,0.0,17315140.0586028,0.0,0.0,0.0,1397.0,0.0,1035.0,0.0,0.0,0.0,0.0,-424605525.058758,-424503668.316322,5.030632019042969e-05,1.1850620841499442e-13,igual,0.0006862282752990723,OK,0.0,0,/clusteruy/home/mathiasr/generator-aware-row-scaling/results-revision/final-variants/gurobi_simple_1pct/resultados/caso42b_role_hybrid.csv,/clusteruy/home/mathiasr/generator-aware-row-scaling/results-revision/final-variants/gurobi_simple_1pct/resultados/caso42b_role_hybrid_postprocesado.csv,/clusteruy/home/mathiasr/generator-aware-row-scaling/results-revision/final-variants/gurobi_simple_1pct/logs/caso42b_role_hybrid.log
caso44c.txt,base,OK,0,2.321200898,0.854658423644055,-586875059.1770072,-587384000.0,OPTIMAL,-591890836.3065295,1.0,11966.0,0.29,14400.0,10800.0,35590.0,11918.0,9161.0,31819.0,17.23611111111111,15.175925925925926,10.595672941837595,3,Model contains large bounds | Model contains large matrix coefficients | Model contains large rhs,0.003,2000000000.0,0.005,3000.0,5.0,7000000000.0,1.0,10000000000.0,,,,,,,,,0.0,2.321200898,1.0,1.0,1.0,0.0,0.0,0.0,,,0.0,,,,47084654.134808,,,2.334491,,,,2.334491,1.0,0.189665312144212,,,,,,,,BASE,BASE,,,,,,2.20604517378906e-09,7.27595761418343e-12,7.45104625821115e-08,1.78813934326172e-07,1.08777448823496e-10,287616.6484073,6.79830169454802,14905035.8186085,27328417.5346104,0.11396611934121,1.81898940354586e-12,0.0,1.78813934326172e-07,0.0,0.0,0.0,0.0,0.0,0.0,0.0,0.0,0.0,0.0,-586875059.177007,1804.34161770407,0.0,27328417.5346104,0.0,0.0,0.0,1905.0,0.0,1072.0,0.0,0.0,0.0,0.0,-587383659.255831,,,,,,BASE,0.0,0,/clusteruy/home/mathiasr/generator-aware-row-scaling/results-revision/final-variants/gurobi_simple_1pct/resultados/caso44c_base.csv,/clusteruy/home/mathiasr/generator-aware-row-scaling/results-revision/final-variants/gurobi_simple_1pct/resultados/caso44c_base_postprocesado.csv,/clusteruy/home/mathiasr/generator-aware-row-scaling/results-revision/final-variants/gurobi_simple_1pct/logs/caso44c_base.log
caso44c.txt,matricial_plano,OK,0,2.253044481,0.854658423644116,-586875059.1770067,-587384000.0,OPTIMAL,-591890836.3065294,1.0,11029.0,0.3,14400.0,10800.0,35590.0,11918.0,9161.0,31819.0,17.23611111111111,15.175925925925926,10.595672941837595,1,Model contains large bounds,3e-05,40000.0,0.005,3000.0,10.0,100000000.0,1.0,10000000000.0,0.002,1.0,0.007142857142857143,1.0,2782000000000.0,4703000000000.0,0.0,0.0,0.009167095,2.262211576,1.0302508084393207,1.0302508084393207,1.026075952676497,0.009167095,0.004068758995797207,-6.106226635438361e-14,4.76837158203125e-07,8.125019980774243e-16,0.0,0.0,0.002,1.690510424155284,5435463.0,,0.11544022356918529,2.0,,,,2.0,1.1672455,0.199189222776303,,,,,,,,OK,REVISAR,9.54139977693558e-07,0.0,2.384185791015625e-07,27328417.534608,0.0,1.03526829445872e-08,1.30385160446167e-08,2.27242708206177e-07,3.07336449623108e-07,2.49158172703338e-16,287616.648407267,6.79830169454802,14905035.8186046,27328417.534608,0.11396611934121,2.38418579101562e-07,0.0,9.54139977693558e-07,0.0,0.0,0.0,0.0,0.0,0.0,0.0,0.0,0.0,0.0,-586875059.177007,1804.34161770408,0.0,27328417.534608,0.0,0.0,0.0,1905.0,0.0,1072.0,0.0,0.0,0.0,0.0,-587383659.255829,-586875059.177007,2.384185791015625e-07,4.0625099903871216e-16,igual,1.1920928955078125e-07,OK,0.0,0,/clusteruy/home/mathiasr/generator-aware-row-scaling/results-revision/final-variants/gurobi_simple_1pct/resultados/caso44c_matricial_plano.csv,/clusteruy/home/mathiasr/generator-aware-row-scaling/results-revision/final-variants/gurobi_simple_1pct/resultados/caso44c_matricial_plano_postprocesado.csv,/clusteruy/home/mathiasr/generator-aware-row-scaling/results-revision/final-variants/gurobi_simple_1pct/logs/caso44c_matricial_plano.log
caso44c.txt,matricial_plano_l2,OK,0,2.024846535,0.854272161341234,-586877588.1125001,-587384000.0,OPTIMAL,-591891119.968896,1.0,9368.0,0.29,14400.0,10800.0,35590.0,11912.0,9160.0,31804.0,17.27777777777778,15.185185185185185,10.637819612250633,3,Model contains large bounds | Model contains large matrix coefficient range | Model contains large rhs,0.0001,2000000000.0,0.005,3000.0,5.0,7000000000.0,1.0,10000000000.0,30.000000000000004,1.0,1.0,1.0,2782000000000.0,48290000000000.0,0.0,0.0,0.008165731,2.033012266,1.1463589254185131,1.1463589254185131,1.1417544974123632,0.008165731,0.004032765376957321,0.0003862623028210166,-2528.935492873192,-4.309154824912129e-06,0.0,0.0,30.000000000000004,17.358015815959742,1351088.0,,0.028694869375735503,2.0,,,,2.0,1.1672455,0.226991907591573,,,,,,,,OK,REVISAR,1.9073486328125e-06,0.0,1.1920928955078125e-07,27328417.5346111,0.0,9.7350668869388e-09,1.11758708953857e-08,1.71391293406487e-07,1.78813934326172e-07,1.0877736050608e-10,287616.648352443,6.798301694548,14905035.8186093,27328417.5346111,0.11396611934121,2.8421709430404e-14,0.0,1.9073486328125e-06,0.0,0.0,0.0,0.0,0.0,1.0,0.0,0.0,0.0,0.0,-586877588.1125,1804.34161770407,0.0,27328417.5346111,0.0,0.0,0.0,1905.0,0.0,1073.0,0.0,0.0,0.0,0.0,-587383659.25583,-586877588.1125,-2528.9354927539825,4.309154824709004e-06,mejora,-283.66236650943756,DIFIERE,2.76436,6,/clusteruy/home/mathiasr/generator-aware-row-scaling/results-revision/final-variants/gurobi_simple_1pct/resultados/caso44c_matricial_plano_l2.csv,/clusteruy/home/mathiasr/generator-aware-row-scaling/results-revision/final-variants/gurobi_simple_1pct/resultados/caso44c_matricial_plano_l2_postprocesado.csv,/clusteruy/home/mathiasr/generator-aware-row-scaling/results-revision/final-variants/gurobi_simple_1pct/logs/caso44c_matricial_plano_l2.log
caso44c.txt,role_hybrid,OK,0,2.254712981,0.854658423644116,-586875059.1770067,-587384000.0,OPTIMAL,-591890836.3065294,1.0,11029.0,0.3,14400.0,10800.0,35590.0,11918.0,9161.0,31819.0,17.23611111111111,15.175925925925926,10.595672941837595,1,Model contains large bounds,3e-05,40000.0,0.005,3000.0,10.0,100000000.0,1.0,10000000000.0,0.002,1.0,0.007142857142857143,1.0,2782000000000.0,4703000000000.0,0.0002294,0.0179,0.018033012,2.272745993,1.0294884171778313,1.0294884171778313,1.021319982589009,0.018033012,0.007997919093011157,-6.106226635438361e-14,4.76837158203125e-07,8.125019980774243e-16,0.0,0.0,0.002,1.690510424155284,5435463.0,,0.11544022356918529,2.0,,,,2.0,1.1672455,0.199224828465992,,,,,,,,OK,REVISAR,9.54139977693558e-07,0.0,2.384185791015625e-07,27328417.534608,0.0,1.03526829445872e-08,1.30385160446167e-08,2.27242708206177e-07,3.07336449623108e-07,2.49158172703338e-16,287616.648407267,6.79830169454802,14905035.8186046,27328417.534608,0.11396611934121,2.38418579101562e-07,0.0,9.54139977693558e-07,0.0,0.0,0.0,0.0,0.0,0.0,0.0,0.0,0.0,0.0,-586875059.177007,1804.34161770408,0.0,27328417.534608,0.0,0.0,0.0,1905.0,0.0,1072.0,0.0,0.0,0.0,0.0,-587383659.255829,-586875059.177007,2.384185791015625e-07,4.0625099903871216e-16,igual,1.1920928955078125e-07,OK,0.0,0,/clusteruy/home/mathiasr/generator-aware-row-scaling/results-revision/final-variants/gurobi_simple_1pct/resultados/caso44c_role_hybrid.csv,/clusteruy/home/mathiasr/generator-aware-row-scaling/results-revision/final-variants/gurobi_simple_1pct/resultados/caso44c_role_hybrid_postprocesado.csv,/clusteruy/home/mathiasr/generator-aware-row-scaling/results-revision/final-variants/gurobi_simple_1pct/logs/caso44c_role_hybrid.log
caso46e.txt,base,OK,0,1.972806426,0.422169142374454,-255482660.9559105,-256855000.0,OPTIMAL,-256561229.9145835,1.0,9698.0,0.26,14400.0,10800.0,35590.0,10730.0,8444.0,28281.0,25.48611111111111,21.814814814814813,20.536667603259342,3,Model contains large bounds | Model contains large matrix coefficients | Model contains large rhs,0.003,2000000000.0,0.003,2000.0,5.0,7000000000.0,1.0,10000000000.0,,,,,,,,,0.0,1.972806426,1.0,1.0,1.0,0.0,0.0,0.0,,,0.0,,,,3471309.934312,,,1.677501,,,,1.677501,1.0,0.255880228036412,,,,,,,,BASE,BASE,,,,,,3.97900052725611e-09,2.78257417107843e-12,1.15488655865193e-07,3.85567545890808e-07,1.28263306642056e-12,596467.452925815,1.61844911624649,25189327.8412379,77283261.3449891,1.0,2.8421709430404e-14,0.0,4.76371496915817e-07,0.0,0.0,0.0,0.0,0.0,0.0,0.0,0.0,0.0,0.0,-255482660.95591,546.561482649195,0.0,77283261.3449891,0.0,0.0,0.0,642.0,0.0,952.0,0.0,0.0,0.0,0.0,-256854703.325913,,,,,,BASE,0.0,0,/clusteruy/home/mathiasr/generator-aware-row-scaling/results-revision/final-variants/gurobi_simple_1pct/resultados/caso46e_base.csv,/clusteruy/home/mathiasr/generator-aware-row-scaling/results-revision/final-variants/gurobi_simple_1pct/resultados/caso46e_base_postprocesado.csv,/clusteruy/home/mathiasr/generator-aware-row-scaling/results-revision/final-variants/gurobi_simple_1pct/logs/caso46e_base.log
caso46e.txt,matricial_plano,OK,0,1.962066813,0.422169142374453,-255482660.95591056,-256856000.0,OPTIMAL,-256561229.91458356,1.0,8695.0,0.27,14400.0,10800.0,35590.0,10731.0,8445.0,28284.0,25.479166666666668,21.805555555555557,20.528238269176736,1,Model contains large bounds,2e-05,40000.0,0.003,2000.0,0.1,100000000.0,1.0,10000000000.0,0.0029999999999999996,1.0,0.7142857142857143,1.0,2684000000000.0,4717000000000.0,0.0,0.0,0.009236292,1.971303105,1.0054736224724066,1.0054736224724066,1.000762602664292,0.009236292,0.004707429909523677,9.992007221626409e-16,-5.960464477539063e-08,-2.333021135460805e-16,-1000.0,-3.8932471627961305e-06,0.0029999999999999996,1.757451564828614,244426.0,,0.07041318828491305,2.0,,,,2.0,0.8387505,0.262622747062899,,,,,,,,OK,REVISAR,1.04587525129318e-06,0.0,4.470348358154297e-07,77283261.3449889,0.0,1.09399516756289e-08,6.51925802230835e-09,2.88709998130798e-07,3.85567545890808e-07,2.36398179382116e-13,596013.323549314,1.6205960904113,25189327.8412377,77283261.3449889,1.0,9.09494701772928e-13,0.0,1.04587525129318e-06,0.0,0.0,0.0,0.0,0.0,3.0,0.0,0.0,0.0,0.0,-255482660.955911,546.561482649187,0.0,77283261.3449889,0.0,0.0,0.0,644.0,0.0,955.0,0.0,0.0,0.0,0.0,-256856317.169759,-255482660.955911,-5.066394805908203e-07,1.9830679651416846e-15,igual,-5.960464477539063e-08,DIFIERE,13.892900000000004,15,/clusteruy/home/mathiasr/generator-aware-row-scaling/results-revision/final-variants/gurobi_simple_1pct/resultados/caso46e_matricial_plano.csv,/clusteruy/home/mathiasr/generator-aware-row-scaling/results-revision/final-variants/gurobi_simple_1pct/resultados/caso46e_matricial_plano_postprocesado.csv,/clusteruy/home/mathiasr/generator-aware-row-scaling/results-revision/final-variants/gurobi_simple_1pct/logs/caso46e_matricial_plano.log
caso46e.txt,matricial_plano_l2,OK,0,67.625807556,0.239231265435132,-255088217.32713878,-263008000.0,OPTIMAL,-255698468.0974264,10362.0,1132590.0,0.26,14400.0,10800.0,35590.0,10732.0,8448.0,28223.0,25.47222222222222,21.77777777777778,20.69963472885642,3,Model contains large bounds | Model contains large matrix coefficient range | Model contains large rhs,1e-09,2000000000.0,0.003,2000.0,0.07,6000000000.0,1.0,10000000000.0,3000000.0,1.0,61.22448979591836,1.0,2684000000000.0,5.612e+18,0.0,0.0,0.007955818,67.633763374,0.02917238990996664,0.02917238990996664,0.02916895833654575,0.007955818,0.00011764470233367486,0.182937876939322,394443.6287717223,0.0015439154551462604,-6153000.0,-0.02395514979268459,3000000.0,2090909.0909090908,362175.0,,0.10433381255303603,74.0,,0.0,4.0,74.0,0.022668932432432433,0.042575666753454,,,,,,,,REVISAR,REVISAR,4.97043290548027,0.0,2.086162567138672e-07,869075139.671054,0.0,0.000356444331939978,3.72529029846191e-09,9.5367431640625e-07,4.97043290548027,1.15053973618851e-07,2390347.48818837,2.06299064250324,36050469.3830446,869075139.671054,1.0,0.000502954550029244,0.0,4.97043290548027,0.0,0.0,0.0,2.0,0.0,97.0,0.0,0.0,0.0,0.0,-255088217.327139,1037.93725720836,0.0,869075139.671054,0.0,0.0,0.0,503.0,0.0,985.0,0.0,0.0,0.0,0.0,-263008014.764343,-255088217.327139,394443.6287715137,0.001543915455145444,empeora,862761.8171570897,DIFIERE,185320000.0,3724,/clusteruy/home/mathiasr/generator-aware-row-scaling/results-revision/final-variants/gurobi_simple_1pct/resultados/caso46e_matricial_plano_l2.csv,/clusteruy/home/mathiasr/generator-aware-row-scaling/results-revision/final-variants/gurobi_simple_1pct/resultados/caso46e_matricial_plano_l2_postprocesado.csv,/clusteruy/home/mathiasr/generator-aware-row-scaling/results-revision/final-variants/gurobi_simple_1pct/logs/caso46e_matricial_plano_l2.log
caso46e.txt,role_hybrid,OK,0,1.909752082,0.422169142374453,-255482660.95591056,-256856000.0,OPTIMAL,-256561229.91458356,1.0,8695.0,0.27,14400.0,10800.0,35590.0,10731.0,8445.0,28284.0,25.479166666666668,21.805555555555557,20.528238269176736,1,Model contains large bounds,2e-05,40000.0,0.003,2000.0,0.1,100000000.0,1.0,10000000000.0,0.0029999999999999996,1.0,0.7142857142857143,1.0,2684000000000.0,4717000000000.0,0.0002375,0.01889,0.017745936,1.927498018,1.0330170311603828,1.0330170311603828,1.023506331823372,0.017745936,0.009292272105505681,9.992007221626409e-16,-5.960464477539063e-08,-2.333021135460805e-16,-1000.0,-3.8932471627961305e-06,0.0029999999999999996,1.757451564828614,244426.0,,0.07041318828491305,2.0,,,,2.0,0.8387505,0.262279055932886,,,,,,,,OK,REVISAR,1.04587525129318e-06,0.0,4.470348358154297e-07,77283261.3449889,0.0,1.09399516756289e-08,6.51925802230835e-09,2.88709998130798e-07,3.85567545890808e-07,2.36398179382116e-13,596013.323549314,1.6205960904113,25189327.8412377,77283261.3449889,1.0,9.09494701772928e-13,0.0,1.04587525129318e-06,0.0,0.0,0.0,0.0,0.0,3.0,0.0,0.0,0.0,0.0,-255482660.955911,546.561482649187,0.0,77283261.3449889,0.0,0.0,0.0,644.0,0.0,955.0,0.0,0.0,0.0,0.0,-256856317.169759,-255482660.955911,-5.066394805908203e-07,1.9830679651416846e-15,igual,-5.960464477539063e-08,DIFIERE,13.892900000000004,15,/clusteruy/home/mathiasr/generator-aware-row-scaling/results-revision/final-variants/gurobi_simple_1pct/resultados/caso46e_role_hybrid.csv,/clusteruy/home/mathiasr/generator-aware-row-scaling/results-revision/final-variants/gurobi_simple_1pct/resultados/caso46e_role_hybrid_postprocesado.csv,/clusteruy/home/mathiasr/generator-aware-row-scaling/results-revision/final-variants/gurobi_simple_1pct/logs/caso46e_role_hybrid.log
