instancia,variante,status,rc,tiempo_solver_s,gap_pct,objetivo_solver,objetivo_post,status_solver,best_bound,nodos_explorados,iter_simplex,presolve_time_s,rows_cargadas,cols_cargadas,nz_cargados,rows_presolved,cols_presolved,nz_presolved,reduccion_rows_pct,reduccion_cols_pct,reduccion_nz_pct,solver_warnings,solver_warnings_txt,matrix_min,matrix_max,objective_min,objective_max,rhs_min,rhs_max,bounds_min,bounds_max,matrix_range_ratio_vs_base,objective_range_ratio_vs_base,rhs_range_ratio_vs_base,bounds_range_ratio_vs_base,kappa_antes,kappa_despues,rho_antes,rho_despues,tiempo_preprocesamiento_s,tiempo_total_s,speedup_vs_base,speedup_solver_vs_base,speedup_total_vs_base,overhead_preprocesamiento_vs_base,ratio_preproc_solver,gap_delta_vs_base,obj_solver_delta_vs_base,obj_solver_rel_delta_vs_base,obj_post_delta_vs_base,obj_post_rel_delta_vs_base,matrix_kappa_ratio_vs_base,kappa_proxy_ratio,kappa_solver,kappa_solver_exact,kappa_solver_ratio_vs_base,work_units,dettime_ticks,root_gap,root_time,tiempo_determinista,speedup_det_vs_base,primal_integral,kappa_arbol_max,kappa_attention,kappa_stable_frac,kappa_suspicious_frac,kappa_unstable_frac,kappa_illposed_frac,kappa_arbol_max_ratio_vs_base,mip_equivalente,post_factible,solver_max_viol,solver_int_viol,solver_obj_diff,post_max_viol,post_int_viol,verif_solver_avg_viol,verif_solver_p95_viol,verif_solver_p99_viol,verif_solver_max_viol_rel,verif_post_avg_viol,verif_post_p95_viol,verif_post_p99_viol,verif_post_max_viol_rel,verif_solver_max_le,verif_solver_max_ge,verif_solver_max_eq,verif_solver_max_lb,verif_solver_max_ub,verif_solver_max_int,verif_solver_viol_le_count,verif_solver_viol_ge_count,verif_solver_viol_eq_count,verif_solver_viol_lb_count,verif_solver_viol_ub_count,verif_solver_viol_int_count,verif_solver_missing,verif_solver_obj_original,verif_post_max_le,verif_post_max_ge,verif_post_max_eq,verif_post_max_lb,verif_post_max_ub,verif_post_max_int,verif_post_viol_le_count,verif_post_viol_ge_count,verif_post_viol_eq_count,verif_post_viol_lb_count,verif_post_viol_ub_count,verif_post_viol_int_count,verif_post_missing,verif_post_obj_original,obj_original_variante,abs_obj_diff_vs_base,rel_obj_diff_vs_base,sentido_obj_vs_base,best_bound_delta_vs_base,equivalente_vs_base,max_diff_post_csv,diffs_post_csv,csv,csv_post,log
instance001.txt,base,OK,0,3601.098257523,14.05496221083162,222323.27470466393,222323.0,TIME_LIMIT,191075.82245904004,179397.0,48008035.0,0.44,23763.0,16561.0,57555.0,20118.0,14390.0,52066.0,15.33897235197576,13.109111768613007,9.536964642515855,3,Model contains large bounds | Model contains large matrix coefficient range | Model contains large rhs,0.0007,10000000000.0,0.0004,100.0,5.0,10000000000.0,1.0,10000000000.0,,,,,,,,,0.0,3601.098257523,1.0,1.0,1.0,0.0,0.0,0.0,,,0.0,,,,401175199.082353,,,4631.030774,,0.444601,24.213842,4631.030774,1.0,0.195947290747793,,,,,,,,BASE,BASE,,,,,,1.89657171463776e-09,5.6843418860808e-14,6.33299350738525e-08,9.5367431640625e-07,363369.602696334,3.68901025785307,10532008.4662158,98471947.1493479,3.63797880709171e-12,0.0,9.5367431640625e-07,0.0,0.0,0.0,0.0,0.0,0.0,0.0,0.0,0.0,0.0,222323.274704664,31.5598107798355,6017.60146691959,98471947.1493479,0.0,0.0,0.0,896.0,283.0,1155.0,0.0,0.0,0.0,0.0,222323.274704664,,,,,,BASE,0.0,0,/clusteruy/home/mathiasr/generator-aware-row-scaling/results-revision/plano-control/full-gurobi-01pct/resultados/instance001_base.csv,/clusteruy/home/mathiasr/generator-aware-row-scaling/results-revision/plano-control/full-gurobi-01pct/resultados/instance001_base_postprocesado.csv,/clusteruy/home/mathiasr/generator-aware-row-scaling/results-revision/plano-control/full-gurobi-01pct/logs/instance001_base.log
instance001.txt,estructurado,OK,0,3600.989670208,14.222408557832376,222395.0871338713,222395.0,TIME_LIMIT,190765.14922914482,132653.0,24863527.0,0.45,23763.0,16561.0,57555.0,20112.0,14392.0,51905.0,15.36422168918066,13.097035203188213,9.816697072365564,1,Model contains large bounds,9e-06,100000.0,0.0004,100.0,0.1,5000000.0,1.0,10000000000.0,0.0007777777777777777,1.0,0.025,1.0,18380000000000.0,565500000000.0,1.0,1.5,0.120294344,3601.109964552,1.0000301548532333,1.0000301548532333,0.9999967490498444,0.120294344,3.3405911990036776e-05,-0.16744634700075522,71.81242920737714,0.00032300904753572636,72.0,0.00032385313260436394,0.0007777777777777777,0.030767138193688794,10025820.0,,0.024991126128766264,4342.0,,0.0,24.0,4342.0,1.0665662768309534,0.225547140576595,,,,,,,,OK,REVISAR,3.814697265625e-06,0.0,2.9103830456733704e-10,93353961.1096597,0.0,4.92789297822799e-09,1.84741111297626e-13,1.19209289550781e-07,1.81910581886768e-06,341032.969620534,3.66325421920359,9621378.13083119,93353961.1096597,1.9073486328125e-06,1.86264514923096e-09,3.814697265625e-06,0.0,0.0,0.0,3.0,0.0,8.0,0.0,0.0,0.0,0.0,222395.087133871,34.3641891502969,6017.60146691959,93353961.1096597,0.0,0.0,0.0,866.0,298.0,1165.0,0.0,0.0,0.0,0.0,222395.087133871,222395.087133871,71.8124292070861,0.00032300904753441724,empeora,-310.673229895212,DIFIERE,36660000.0,4815,/clusteruy/home/mathiasr/generator-aware-row-scaling/results-revision/plano-control/full-gurobi-01pct/resultados/instance001_estructurado.csv,/clusteruy/home/mathiasr/generator-aware-row-scaling/results-revision/plano-control/full-gurobi-01pct/resultados/instance001_estructurado_postprocesado.csv,/clusteruy/home/mathiasr/generator-aware-row-scaling/results-revision/plano-control/full-gurobi-01pct/logs/instance001_estructurado.log
instance001.txt,estructurado_solo_local,OK,0,3600.96699401,14.222408557832376,222395.0871338713,222395.0,TIME_LIMIT,190765.14922914482,132277.0,24791454.0,0.45,23763.0,16561.0,57555.0,20112.0,14392.0,51905.0,15.36422168918066,13.097035203188213,9.816697072365564,1,Model contains large bounds,9e-06,100000.0,0.0004,100.0,0.1,5000000.0,1.0,10000000000.0,0.0007777777777777777,1.0,0.025,1.0,18380000000000.0,565500000000.0,1.0,1.5,0.121093598,3601.0880876079996,1.0000364522955136,1.0000364522955136,1.0000028241228076,0.121093598,3.362807773618369e-05,-0.16744634700075522,71.81242920737714,0.00032300904753572636,72.0,0.00032385313260436394,0.0007777777777777777,0.030767138193688794,10025820.0,,0.024991126128766264,4336.0,,0.0,24.0,4336.0,1.0680421526752768,0.225882102441306,,,,,,,,OK,REVISAR,3.814697265625e-06,0.0,2.9103830456733704e-10,93353961.1096597,0.0,4.92789297822799e-09,1.84741111297626e-13,1.19209289550781e-07,1.81910581886768e-06,341032.969620534,3.66325421920359,9621378.13083119,93353961.1096597,1.9073486328125e-06,1.86264514923096e-09,3.814697265625e-06,0.0,0.0,0.0,3.0,0.0,8.0,0.0,0.0,0.0,0.0,222395.087133871,34.3641891502969,6017.60146691959,93353961.1096597,0.0,0.0,0.0,866.0,298.0,1165.0,0.0,0.0,0.0,0.0,222395.087133871,222395.087133871,71.8124292070861,0.00032300904753441724,empeora,-310.673229895212,DIFIERE,36660000.0,4815,/clusteruy/home/mathiasr/generator-aware-row-scaling/results-revision/plano-control/full-gurobi-01pct/resultados/instance001_estructurado_solo_local.csv,/clusteruy/home/mathiasr/generator-aware-row-scaling/results-revision/plano-control/full-gurobi-01pct/resultados/instance001_estructurado_solo_local_postprocesado.csv,/clusteruy/home/mathiasr/generator-aware-row-scaling/results-revision/plano-control/full-gurobi-01pct/logs/instance001_estructurado_solo_local.log
instance001.txt,estructurado_plano,OK,0,3600.964413064,12.28872099689265,222536.02653773144,222536.0,TIME_LIMIT,195189.19511893863,185479.0,40534039.0,0.45,23763.0,16561.0,57555.0,20112.0,14392.0,51905.0,15.36422168918066,13.097035203188213,9.816697072365564,1,Model contains large bounds,9e-06,100000.0,0.0004,100.0,0.1,90000.0,1.0,10000000000.0,0.0007777777777777777,1.0,0.00045,1.0,18380000000000.0,13070000000.0,0.0,0.0,0.040296248,3601.0047093119997,1.0000371690590761,1.0000371690590761,1.0000259783639711,0.040296248,1.1190404396613462e-05,1.7662412139389705,212.75183306750841,0.0009569480898935557,213.0,0.0009580655172879099,0.0007777777777777777,0.0007110990206746463,17217309.0,,0.04291718191798203,4693.0,,0.0,23.0,4693.0,0.9867953918602174,0.189149352470825,,,,,,,,OK,REVISAR,7.43865966796875e-05,0.0,4.3655745685100555e-10,12317652.2442917,0.0,8.03716240358284e-09,2.55795384873636e-13,1.32601708173753e-07,1.09267421066761e-06,49155.5650469128,5.38967674461843,1295710.2651421,12317652.2442917,7.43865966796875e-05,1.86264514923096e-09,1.73225998878479e-06,0.0,0.0,0.0,2.0,0.0,5.0,0.0,0.0,0.0,0.0,222536.026537731,414.190556071371,6143.28519515705,12317652.2442917,0.0,0.0,0.0,1504.0,377.0,1176.0,0.0,0.0,0.0,0.0,222536.026537731,222536.026537731,212.75183306707186,0.0009569480898915921,empeora,4113.372659898596,DIFIERE,61470000.0,5873,/clusteruy/home/mathiasr/generator-aware-row-scaling/results-revision/plano-control/full-gurobi-01pct/resultados/instance001_estructurado_plano.csv,/clusteruy/home/mathiasr/generator-aware-row-scaling/results-revision/plano-control/full-gurobi-01pct/resultados/instance001_estructurado_plano_postprocesado.csv,/clusteruy/home/mathiasr/generator-aware-row-scaling/results-revision/plano-control/full-gurobi-01pct/logs/instance001_estructurado_plano.log
instance001.txt,estructurado_matricial,OK,0,3601.090605994,14.456198586068346,222414.2994554165,222414.0,TIME_LIMIT,190261.64664232876,166839.0,30560605.0,0.45,23763.0,16561.0,57555.0,20119.0,14391.0,52069.0,15.334764129108278,13.10307348590061,9.531752236990705,1,Model contains large bounds,9e-06,100000.0,0.0004,100.0,0.02,300000000.0,1.0,10000000000.0,0.0007777777777777777,1.0,7.5,1.0,18380000000000.0,30850000000000.0,1.0,1.0,0.123448882,3601.214054876,1.0000021247810282,1.0000021247810282,0.9999678449125113,0.123448882,3.428097082437189e-05,-0.40123637523672606,91.02475075257826,0.00040942519793978516,91.0,0.00040931437593051554,0.0007777777777777777,1.6784548422198042,13743880.0,,0.03425904699851265,4611.0,,0.0,23.0,4611.0,1.0043441279548904,0.238118220633668,,,,,,,,OK,REVISAR,1.1444091796875e-05,0.0,4.94765117764473e-10,98307912.0458297,0.0,4.19918861663307e-09,1.13686837721616e-13,1.00582838058472e-07,1.49058178067207e-06,364363.67049422,3.71775753778555,9245136.07910917,98307912.0458297,1.1444091796875e-05,1.86264514923096e-09,1.49058178067207e-06,0.0,0.0,0.0,2.0,0.0,2.0,0.0,0.0,0.0,0.0,222414.299455417,32.4870649184559,6017.60146691953,98307912.0458297,0.0,0.0,0.0,904.0,287.0,1154.0,0.0,0.0,0.0,0.0,222414.299455417,222414.299455417,91.02475075307302,0.0004094251979420106,empeora,-814.1758167112712,DIFIERE,18410000.0,3906,/clusteruy/home/mathiasr/generator-aware-row-scaling/results-revision/plano-control/full-gurobi-01pct/resultados/instance001_estructurado_matricial.csv,/clusteruy/home/mathiasr/generator-aware-row-scaling/results-revision/plano-control/full-gurobi-01pct/resultados/instance001_estructurado_matricial_postprocesado.csv,/clusteruy/home/mathiasr/generator-aware-row-scaling/results-revision/plano-control/full-gurobi-01pct/logs/instance001_estructurado_matricial.log
instance001.txt,matricial_solo_local,OK,0,3601.09513375,14.494009381906531,222414.2994554165,222414.0,TIME_LIMIT,190177.55002564675,165231.0,30344149.0,0.46,23763.0,16561.0,57555.0,20119.0,14391.0,52069.0,15.334764129108278,13.10307348590061,9.531752236990705,1,Model contains large bounds,9e-06,100000.0,0.0004,100.0,0.02,300000000.0,1.0,10000000000.0,0.0007777777777777777,1.0,7.5,1.0,18380000000000.0,30850000000000.0,1.0,1.0,0.121631676,3601.216765426,1.0000008674508403,1.0000008674508403,0.9999670922605554,0.121631676,3.377630178665645e-05,-0.4390471710749111,91.02475075257826,0.00040942519793978516,91.0,0.00040931437593051554,0.0007777777777777777,1.6784548422198042,13743880.0,,0.03425904699851265,4593.0,,0.0,23.0,4593.0,1.0082801598084041,0.238376200666281,,,,,,,,OK,REVISAR,1.1444091796875e-05,0.0,4.94765117764473e-10,98307912.0458297,0.0,4.19918861663307e-09,1.13686837721616e-13,1.00582838058472e-07,1.49058178067207e-06,364363.67049422,3.71775753778555,9245136.07910917,98307912.0458297,1.1444091796875e-05,1.86264514923096e-09,1.49058178067207e-06,0.0,0.0,0.0,2.0,0.0,2.0,0.0,0.0,0.0,0.0,222414.299455417,32.4870649184559,6017.60146691953,98307912.0458297,0.0,0.0,0.0,904.0,287.0,1154.0,0.0,0.0,0.0,0.0,222414.299455417,222414.299455417,91.02475075307302,0.0004094251979420106,empeora,-898.2724333932856,DIFIERE,18410000.0,3906,/clusteruy/home/mathiasr/generator-aware-row-scaling/results-revision/plano-control/full-gurobi-01pct/resultados/instance001_matricial_solo_local.csv,/clusteruy/home/mathiasr/generator-aware-row-scaling/results-revision/plano-control/full-gurobi-01pct/resultados/instance001_matricial_solo_local_postprocesado.csv,/clusteruy/home/mathiasr/generator-aware-row-scaling/results-revision/plano-control/full-gurobi-01pct/logs/instance001_matricial_solo_local.log
instance001.txt,matricial_plano,OK,0,3601.041425954,16.724544645587187,222764.86799337296,222765.0,TIME_LIMIT,185508.45819113794,64474.0,16020562.0,0.45,23763.0,16561.0,57555.0,20119.0,14391.0,52069.0,15.334764129108278,13.10307348590061,9.531752236990705,1,Model contains large bounds,9e-06,100000.0,0.0004,100.0,0.02,300000000.0,1.0,10000000000.0,0.0007777777777777777,1.0,7.5,1.0,18380000000000.0,30850000000000.0,0.0,0.0,0.040522167,3601.0819481209996,1.0000157819814541,1.0000157819814541,1.0000045290282853,0.040522167,1.1252902204329608e-05,-2.669582434755567,441.5932887090312,0.0019862665719351576,442.0,0.0019880983973767897,0.0007777777777777777,1.6784548422198042,38720357.0,,0.0965173248210977,4474.0,,0.0,23.0,4474.0,1.0350985189986588,0.228819852323783,,,,,,,,OK,REVISAR,1.9073486328125e-06,0.0,2.9103830456733704e-11,92292323.7334733,0.0,4.30341927618051e-09,1.13686837721616e-13,1.19209289550781e-07,4.73984982818365e-07,339647.711276279,3.4975402290629,9233017.16515379,92292323.7334733,1.9073486328125e-06,1.86264514923096e-09,1.60001218318939e-06,0.0,0.0,0.0,7.0,0.0,4.0,0.0,0.0,0.0,0.0,222764.867993373,31.9563438504975,6017.60146691953,92292323.7334733,0.0,0.0,0.0,884.0,289.0,1164.0,0.0,0.0,0.0,0.0,222764.867993373,222764.867993373,441.5932887090603,0.0019862665719352886,empeora,-5567.3642679020995,DIFIERE,31450000.0,4926,/clusteruy/home/mathiasr/generator-aware-row-scaling/results-revision/plano-control/full-gurobi-01pct/resultados/instance001_matricial_plano.csv,/clusteruy/home/mathiasr/generator-aware-row-scaling/results-revision/plano-control/full-gurobi-01pct/resultados/instance001_matricial_plano_postprocesado.csv,/clusteruy/home/mathiasr/generator-aware-row-scaling/results-revision/plano-control/full-gurobi-01pct/logs/instance001_matricial_plano.log
instance002.txt,base,OK,0,832.890383321,0.055291852517397,1094187.6117155126,1094190.0,OPTIMAL,1093582.6151149792,25417.0,15975533.0,0.47,23763.0,16561.0,57555.0,20072.0,14325.0,52134.0,15.532550603879981,13.501600144918784,9.418816783945791,4,Model contains large bounds | Model contains large matrix coefficient range | Model contains large rhs | max constraint violation (1.0438e-06) exceeds tolerance,0.0006,10000000000.0,0.0005,100.0,5.0,10000000000.0,1.0,10000000000.0,,,,,,,,,0.0,832.890383321,1.0,1.0,1.0,0.0,0.0,0.0,,,0.0,,,,216192932.711346,,,1129.905479,,0.085979,38.548799,1129.905479,1.0,0.028801399559489,,,,,,,,BASE,BASE,,,,,,2.02956501298124e-09,6.03961325396085e-14,6.14672899246216e-08,1.0437797755003e-06,549905.458730962,2.66659349288616,16749034.554003,114246476.481718,3.63797880709171e-12,0.0,1.0437797755003e-06,0.0,0.0,0.0,0.0,0.0,1.0,0.0,0.0,0.0,0.0,1094187.61171551,33.2544996445658,8460.61218346888,114246476.481718,0.0,0.0,0.0,269.0,384.0,1088.0,0.0,0.0,0.0,0.0,1094187.61171551,,,,,,BASE,0.0,0,/clusteruy/home/mathiasr/generator-aware-row-scaling/results-revision/plano-control/full-gurobi-01pct/resultados/instance002_base.csv,/clusteruy/home/mathiasr/generator-aware-row-scaling/results-revision/plano-control/full-gurobi-01pct/resultados/instance002_base_postprocesado.csv,/clusteruy/home/mathiasr/generator-aware-row-scaling/results-revision/plano-control/full-gurobi-01pct/logs/instance002_base.log
instance002.txt,estructurado,OK,0,1172.891734798,1.49e-13,1094187.6117155121,1094190.0,OPTIMAL,1094187.6117155105,51635.0,39099874.0,0.47,23763.0,16561.0,57555.0,20046.0,14325.0,51816.0,15.64196439843454,13.501600144918784,9.971331769611675,1,Model contains large bounds,8e-06,100000.0,0.0005,100.0,0.2,5000000.0,1.0,10000000000.0,0.0007499999999999999,1.0,0.0125,1.0,22530000000000.0,576300000000.0,1.0,1.5,0.119668566,1173.011403364,0.7101170198496143,0.7101170198496143,0.7100445749567396,0.119668566,0.00010202865486183154,0.055291852517248004,-4.656612873077393e-10,-4.2557718833761627e-16,0.0,0.0,0.0007499999999999999,0.025579227696404794,3339540.0,,0.015447035932755714,1875.0,,0.0,32.0,1875.0,0.6026162554666666,0.02600206801338,,,,,,,,OK,REVISAR,6.97746872901917e-06,0.0,2.0954757928848267e-09,114246476.481718,0.0,3.92121258899153e-09,4.65661287307739e-10,9.28103690966968e-08,6.97746872901917e-06,549905.458730964,2.66659349288618,16749034.554003,114246476.481718,5.0931703299284e-11,0.0,6.97746872901917e-06,0.0,0.0,0.0,0.0,0.0,8.0,0.0,0.0,0.0,0.0,1094187.61171551,33.254499644566,8460.61218346894,114246476.481718,0.0,0.0,0.0,269.0,384.0,1091.0,0.0,0.0,0.0,0.0,1094187.61171551,1094187.61171551,-2.561137080192566e-09,2.3406745358568897e-15,igual,604.9966005312745,OK,0.0,0,/clusteruy/home/mathiasr/generator-aware-row-scaling/results-revision/plano-control/full-gurobi-01pct/resultados/instance002_estructurado.csv,/clusteruy/home/mathiasr/generator-aware-row-scaling/results-revision/plano-control/full-gurobi-01pct/resultados/instance002_estructurado_postprocesado.csv,/clusteruy/home/mathiasr/generator-aware-row-scaling/results-revision/plano-control/full-gurobi-01pct/logs/instance002_estructurado.log
instance002.txt,estructurado_solo_local,OK,0,1175.034738685,1.49e-13,1094187.6117155121,1094190.0,OPTIMAL,1094187.6117155105,51635.0,39099874.0,0.47,23763.0,16561.0,57555.0,20046.0,14325.0,51816.0,15.64196439843454,13.501600144918784,9.971331769611675,1,Model contains large bounds,8e-06,100000.0,0.0005,100.0,0.2,5000000.0,1.0,10000000000.0,0.0007499999999999999,1.0,0.0125,1.0,22530000000000.0,576300000000.0,1.0,1.5,0.120543593,1175.1552822780002,0.7088219232165857,0.7088219232165857,0.7087492145773868,0.120543593,0.00010258725893917166,0.055291852517248004,-4.656612873077393e-10,-4.2557718833761627e-16,0.0,0.0,0.0007499999999999999,0.025579227696404794,3339540.0,,0.015447035932755714,1875.0,,0.0,32.0,1875.0,0.6026162554666666,0.026036053832116,,,,,,,,OK,REVISAR,6.97746872901917e-06,0.0,2.0954757928848267e-09,114246476.481718,0.0,3.92121258899153e-09,4.65661287307739e-10,9.28103690966968e-08,6.97746872901917e-06,549905.458730964,2.66659349288618,16749034.554003,114246476.481718,5.0931703299284e-11,0.0,6.97746872901917e-06,0.0,0.0,0.0,0.0,0.0,8.0,0.0,0.0,0.0,0.0,1094187.61171551,33.254499644566,8460.61218346894,114246476.481718,0.0,0.0,0.0,269.0,384.0,1091.0,0.0,0.0,0.0,0.0,1094187.61171551,1094187.61171551,-2.561137080192566e-09,2.3406745358568897e-15,igual,604.9966005312745,OK,0.0,0,/clusteruy/home/mathiasr/generator-aware-row-scaling/results-revision/plano-control/full-gurobi-01pct/resultados/instance002_estructurado_solo_local.csv,/clusteruy/home/mathiasr/generator-aware-row-scaling/results-revision/plano-control/full-gurobi-01pct/resultados/instance002_estructurado_solo_local_postprocesado.csv,/clusteruy/home/mathiasr/generator-aware-row-scaling/results-revision/plano-control/full-gurobi-01pct/logs/instance002_estructurado_solo_local.log
instance002.txt,estructurado_plano,OK,0,1005.719861022,6.4e-14,1094187.6117155065,1094190.0,OPTIMAL,1094187.6117155058,40918.0,15996757.0,0.48,23763.0,16561.0,57555.0,20046.0,14325.0,51816.0,15.64196439843454,13.501600144918784,9.971331769611675,1,Model contains large bounds,8e-06,100000.0,0.0005,100.0,0.2,100000.0,1.0,10000000000.0,0.0007499999999999999,1.0,0.00025,1.0,22530000000000.0,14090000000.0,0.0,0.0,0.041843563,1005.7617045850001,0.8281534606213574,0.8281534606213574,0.8281190062457879,0.041843563,4.160558483699337e-05,0.055291852517333005,-6.05359673500061e-09,-5.532503448389012e-15,0.0,0.0,0.0007499999999999999,0.0006253883710608078,5274439.0,,0.02439690758551421,1392.0,,0.0,22.0,1392.0,0.811713706178161,0.03753440033608,,,,,,,,OK,REVISAR,2.86055728793144e-06,0.0,3.4924596548080444e-09,18992151.4946734,0.0,3.28939982999093e-09,1.4210854715202e-13,1.03730708360673e-07,2.86055728793144e-06,91472.4664692666,7.44590293869829,2931130.82566973,18992151.4946734,7.27595761418343e-12,0.0,2.86055728793144e-06,0.0,0.0,0.0,0.0,0.0,2.0,0.0,0.0,0.0,0.0,1094187.61171551,981.138765832715,8781.20415880415,18992151.4946734,0.0,0.0,0.0,1207.0,486.0,1088.0,0.0,0.0,0.0,0.0,1094187.61171551,1094187.61171551,-2.561137080192566e-09,2.3406745358568897e-15,igual,604.9966005266178,DIFIERE,82.0,2233,/clusteruy/home/mathiasr/generator-aware-row-scaling/results-revision/plano-control/full-gurobi-01pct/resultados/instance002_estructurado_plano.csv,/clusteruy/home/mathiasr/generator-aware-row-scaling/results-revision/plano-control/full-gurobi-01pct/resultados/instance002_estructurado_plano_postprocesado.csv,/clusteruy/home/mathiasr/generator-aware-row-scaling/results-revision/plano-control/full-gurobi-01pct/logs/instance002_estructurado_plano.log
instance002.txt,estructurado_matricial,OK,0,935.936492087,0.0,1094187.6117155144,1094190.0,OPTIMAL,1094187.6117155144,42007.0,17088238.0,0.48,23763.0,16561.0,57555.0,20066.0,14324.0,52088.0,15.55779994108488,13.507638427631182,9.498740335331423,1,Model contains large bounds,8e-06,100000.0,0.0005,100.0,0.03,300000000.0,1.0,10000000000.0,0.0007499999999999999,1.0,5.0,1.0,22530000000000.0,32420000000000.0,1.0,1.0,0.123044864,936.059536951,0.8899005331694863,0.8899005331694863,0.8897835558985382,0.123044864,0.0001314671081214369,0.055291852517397,1.862645149230957e-09,1.702308753350465e-15,0.0,0.0,0.0007499999999999999,1.4389702618730582,13164643.0,,0.060893031214748435,1255.0,,0.0,21.0,1255.0,0.9003230908366534,0.039253857331563,,,,,,,,OK,REVISAR,3.03797423839569e-06,0.0,4.423782229423523e-09,114246476.481718,0.0,3.11175109130298e-09,8.88178419700125e-14,1.05304643511774e-07,2.11130827665329e-06,549905.458730962,2.66659349288615,16749034.5540027,114246476.481718,1.45519152283669e-11,1.86264514923096e-09,3.03797423839569e-06,0.0,0.0,0.0,0.0,0.0,3.0,0.0,0.0,0.0,0.0,1094187.61171551,33.2544996445658,8460.61218346882,114246476.481718,0.0,0.0,0.0,269.0,384.0,1089.0,0.0,0.0,0.0,0.0,1094187.61171551,1094187.61171551,-2.561137080192566e-09,2.3406745358568897e-15,igual,604.9966005352326,OK,0.0,0,/clusteruy/home/mathiasr/generator-aware-row-scaling/results-revision/plano-control/full-gurobi-01pct/resultados/instance002_estructurado_matricial.csv,/clusteruy/home/mathiasr/generator-aware-row-scaling/results-revision/plano-control/full-gurobi-01pct/resultados/instance002_estructurado_matricial_postprocesado.csv,/clusteruy/home/mathiasr/generator-aware-row-scaling/results-revision/plano-control/full-gurobi-01pct/logs/instance002_estructurado_matricial.log
instance002.txt,matricial_solo_local,OK,0,930.861183928,0.0,1094187.6117155144,1094190.0,OPTIMAL,1094187.6117155144,42007.0,17088238.0,0.48,23763.0,16561.0,57555.0,20066.0,14324.0,52088.0,15.55779994108488,13.507638427631182,9.498740335331423,1,Model contains large bounds,8e-06,100000.0,0.0005,100.0,0.03,300000000.0,1.0,10000000000.0,0.0007499999999999999,1.0,5.0,1.0,22530000000000.0,32420000000000.0,1.0,1.0,0.121594719,930.9827786469999,0.8947525127284953,0.8947525127284953,0.8946356500078788,0.121594719,0.00013062604940395183,0.055291852517397,1.862645149230957e-09,1.702308753350465e-15,0.0,0.0,0.0007499999999999999,1.4389702618730582,13164643.0,,0.060893031214748435,1255.0,,0.0,21.0,1255.0,0.9003230908366534,0.039325749209339,,,,,,,,OK,REVISAR,3.03797423839569e-06,0.0,4.423782229423523e-09,114246476.481718,0.0,3.11175109130298e-09,8.88178419700125e-14,1.05304643511774e-07,2.11130827665329e-06,549905.458730962,2.66659349288615,16749034.5540027,114246476.481718,1.45519152283669e-11,1.86264514923096e-09,3.03797423839569e-06,0.0,0.0,0.0,0.0,0.0,3.0,0.0,0.0,0.0,0.0,1094187.61171551,33.2544996445658,8460.61218346882,114246476.481718,0.0,0.0,0.0,269.0,384.0,1089.0,0.0,0.0,0.0,0.0,1094187.61171551,1094187.61171551,-2.561137080192566e-09,2.3406745358568897e-15,igual,604.9966005352326,OK,0.0,0,/clusteruy/home/mathiasr/generator-aware-row-scaling/results-revision/plano-control/full-gurobi-01pct/resultados/instance002_matricial_solo_local.csv,/clusteruy/home/mathiasr/generator-aware-row-scaling/results-revision/plano-control/full-gurobi-01pct/resultados/instance002_matricial_solo_local_postprocesado.csv,/clusteruy/home/mathiasr/generator-aware-row-scaling/results-revision/plano-control/full-gurobi-01pct/logs/instance002_matricial_solo_local.log
instance002.txt,matricial_plano,OK,0,1224.938596029,0.061281593396159,1094187.6117155175,1094190.0,OPTIMAL,1093517.0761123148,57622.0,42759103.0,0.48,23763.0,16561.0,57555.0,20066.0,14324.0,52088.0,15.55779994108488,13.507638427631182,9.498740335331423,1,Model contains large bounds,8e-06,100000.0,0.0005,100.0,0.03,300000000.0,1.0,10000000000.0,0.0007499999999999999,1.0,5.0,1.0,22530000000000.0,32420000000000.0,0.0,0.0,0.040771457,1224.979367486,0.679944599689372,0.679944599689372,0.6799219688330945,0.040771457,3.3284490448886746e-05,-0.005989740878761994,4.889443516731262e-09,4.468560477544971e-15,0.0,0.0,0.0007499999999999999,1.4389702618730582,15504459.0,,0.07171584568262028,1936.0,,0.0,22.0,1936.0,0.5836288631198348,0.026557708927788,,,,,,,,OK,REVISAR,1.9073468138231e-06,0.0,2.561137080192566e-09,114246476.481718,0.0,2.98584629899025e-09,1.13686837721616e-13,9.72114503383646e-08,1.12713314592838e-06,549905.458730963,2.66659349288617,16749034.5540027,114246476.481718,7.27595761418343e-12,0.0,1.9073468138231e-06,0.0,0.0,0.0,0.0,0.0,2.0,0.0,0.0,0.0,0.0,1094187.61171552,33.254499644566,8460.61218346882,114246476.481718,0.0,0.0,0.0,269.0,384.0,1089.0,0.0,0.0,0.0,0.0,1094187.61171552,1094187.61171552,7.450580596923828e-09,6.80923501340186e-15,igual,-65.53900266438723,OK,0.0,0,/clusteruy/home/mathiasr/generator-aware-row-scaling/results-revision/plano-control/full-gurobi-01pct/resultados/instance002_matricial_plano.csv,/clusteruy/home/mathiasr/generator-aware-row-scaling/results-revision/plano-control/full-gurobi-01pct/resultados/instance002_matricial_plano_postprocesado.csv,/clusteruy/home/mathiasr/generator-aware-row-scaling/results-revision/plano-control/full-gurobi-01pct/logs/instance002_matricial_plano.log
instance003.txt,base,OK,0,3600.948254765,20.85466377644434,90963.14117400274,90963.1,TIME_LIMIT,71993.08392167206,328469.0,89348393.0,0.31,23763.0,16561.0,57555.0,20206.0,14480.0,50642.0,14.968648739637251,12.565666324497313,12.011119798453652,3,Model contains large bounds | Model contains large matrix coefficient range | Model contains large rhs,0.0003,10000000000.0,0.0005,100.0,5.0,10000000000.0,1.0,10000000000.0,,,,,,,,,0.0,3600.948254765,1.0,1.0,1.0,0.0,0.0,0.0,,,0.0,,,,314020475.290562,,,5283.907434,,0.896648,15.456169,5283.907434,1.0,0.293609850080177,,,,,,,,BASE,BASE,,,,,,1.65875412304941e-09,3.5527136788005e-14,5.40167093276978e-08,1.9557774066925e-07,589913.355095413,6.77935194243066,11395834.9587704,148644165.438989,3.63797880709171e-11,0.0,9.5367431640625e-07,0.0,0.0,0.0,0.0,0.0,0.0,0.0,0.0,0.0,0.0,90963.1411740027,43.8010731399294,13788.1189650823,148644165.438989,0.0,0.0,0.0,754.0,410.0,1069.0,0.0,0.0,0.0,0.0,90963.1411740027,,,,,,BASE,0.0,0,/clusteruy/home/mathiasr/generator-aware-row-scaling/results-revision/plano-control/full-gurobi-01pct/resultados/instance003_base.csv,/clusteruy/home/mathiasr/generator-aware-row-scaling/results-revision/plano-control/full-gurobi-01pct/resultados/instance003_base_postprocesado.csv,/clusteruy/home/mathiasr/generator-aware-row-scaling/results-revision/plano-control/full-gurobi-01pct/logs/instance003_base.log
instance003.txt,estructurado,OK,0,3600.873083311,21.226171878546324,90963.75528023115,90963.8,TIME_LIMIT,71655.63223726903,245944.0,61030648.0,0.34,23763.0,16561.0,57555.0,20215.0,14490.0,50626.0,14.930774733829903,12.505283497373346,12.038919294587785,1,Model contains large bounds,1e-05,100000.0,0.0005,100.0,0.2,5000000.0,1.0,10000000000.0,0.0003,1.0,0.0125,1.0,37980000000000.0,484900000000.0,1.0,1.5,0.119490713,3600.9925740239996,1.0000208758965565,1.0000208758965565,0.999987692488088,0.119490713,3.318381687869109e-05,-0.37150810210198415,0.6141062284150394,6.751154593928545e-06,0.6999999999970896,7.695428146106384e-06,0.0003,0.012767245918904687,5029480.0,,0.016016407832470925,4862.0,,1.0,16.0,4862.0,1.0867765187165774,0.345483846113703,,,,,,,,REVISAR,REVISAR,0.000306129455566406,0.0,4.3655745685100555e-11,148644165.186562,0.0,9.8913285663177e-08,1.45519152283669e-11,4.76837158203125e-07,4.75756824016571e-05,589692.827491103,6.77935158932968,11404051.7551085,148644165.186562,3.81459758500569e-05,0.0,0.000306129455566406,9.48536843873564e-07,0.0,0.0,7.0,0.0,176.0,0.0,0.0,0.0,0.0,90963.7552802312,43.8010731399298,13788.1189666449,148644165.186562,9.48536843873564e-07,0.0,0.0,766.0,410.0,1143.0,0.0,0.0,0.0,0.0,90963.7552802312,90963.7552802312,0.6141062284586951,6.751154594408472e-06,empeora,-337.4516844030295,DIFIERE,407000.0,1136,/clusteruy/home/mathiasr/generator-aware-row-scaling/results-revision/plano-control/full-gurobi-01pct/resultados/instance003_estructurado.csv,/clusteruy/home/mathiasr/generator-aware-row-scaling/results-revision/plano-control/full-gurobi-01pct/resultados/instance003_estructurado_postprocesado.csv,/clusteruy/home/mathiasr/generator-aware-row-scaling/results-revision/plano-control/full-gurobi-01pct/logs/instance003_estructurado.log
instance003.txt,estructurado_solo_local,OK,0,3600.865456775,21.211586103786008,90963.75528023115,90963.8,TIME_LIMIT,71668.90000572773,246340.0,61213392.0,0.33,23763.0,16561.0,57555.0,20215.0,14490.0,50626.0,14.930774733829903,12.505283497373346,12.038919294587785,1,Model contains large bounds,1e-05,100000.0,0.0005,100.0,0.2,5000000.0,1.0,10000000000.0,0.0003,1.0,0.0125,1.0,37980000000000.0,484900000000.0,1.0,1.5,0.120323869,3600.985780644,1.0000229939138225,1.0000229939138225,0.9999895789982838,0.120323869,3.3415263759330855e-05,-0.3569223273416675,0.6141062284150394,6.751154593928545e-06,0.6999999999970896,7.695428146106384e-06,0.0003,0.012767245918904687,5029480.0,,0.016016407832470925,4871.0,,1.0,17.0,4871.0,1.084768514473414,0.345612091569688,,,,,,,,REVISAR,REVISAR,0.000306129455566406,0.0,4.3655745685100555e-11,148644165.186562,0.0,9.8913285663177e-08,1.45519152283669e-11,4.76837158203125e-07,4.75756824016571e-05,589692.827491103,6.77935158932968,11404051.7551085,148644165.186562,3.81459758500569e-05,0.0,0.000306129455566406,9.48536843873564e-07,0.0,0.0,7.0,0.0,176.0,0.0,0.0,0.0,0.0,90963.7552802312,43.8010731399298,13788.1189666449,148644165.186562,9.48536843873564e-07,0.0,0.0,766.0,410.0,1143.0,0.0,0.0,0.0,0.0,90963.7552802312,90963.7552802312,0.6141062284586951,6.751154594408472e-06,empeora,-324.1839159443334,DIFIERE,407000.0,1136,/clusteruy/home/mathiasr/generator-aware-row-scaling/results-revision/plano-control/full-gurobi-01pct/resultados/instance003_estructurado_solo_local.csv,/clusteruy/home/mathiasr/generator-aware-row-scaling/results-revision/plano-control/full-gurobi-01pct/resultados/instance003_estructurado_solo_local_postprocesado.csv,/clusteruy/home/mathiasr/generator-aware-row-scaling/results-revision/plano-control/full-gurobi-01pct/logs/instance003_estructurado_solo_local.log
instance003.txt,estructurado_plano,OK,0,3600.871407116,18.05961769804312,90965.3065232888,90965.3,TIME_LIMIT,74537.31992732977,291574.0,78759506.0,0.33,23763.0,16561.0,57555.0,20215.0,14490.0,50626.0,14.930774733829903,12.505283497373346,12.038919294587785,1,Model contains large bounds,1e-05,100000.0,0.0005,100.0,0.2,90000.0,1.0,10000000000.0,0.0003,1.0,0.000225,1.0,37980000000000.0,10780000000.0,0.0,0.0,0.052768697,3600.9241758129997,1.0000213414033192,1.0000213414033192,1.000006686881152,0.052768697,1.4654424175136919e-05,2.7950460784012208,2.1653492860641563,2.380468899949349e-05,2.1999999999970896,2.418563131640291e-05,0.0003,0.0002838335966298052,7929134.0,,0.02525037258370876,5114.0,,1.0,16.0,5114.0,1.0332239800547516,0.264187287082164,,,,,,,,REVISAR,REVISAR,0.00289135100319982,0.0,1.0186340659856796e-10,30955331.8345697,0.0,1.92862324390052e-07,5.82076609134674e-11,5.29410317540171e-07,3.58577817678452e-05,135148.97674119,12.2821367879493,3235865.48048854,30955331.8345697,1.60407435032539e-05,0.0,0.00289135100319982,9.88147943551088e-07,4.122005066165e-07,0.0,3.0,0.0,178.0,0.0,0.0,0.0,0.0,90965.3065232887,1289.99129980343,13804.8003108772,30955331.8345697,9.88147943551088e-07,4.122005066165e-07,0.0,1709.0,464.0,1128.0,0.0,0.0,0.0,0.0,90965.3065232887,90965.3065232887,2.165349285962293,2.380468899837366e-05,empeora,2544.2360056577018,DIFIERE,10000.0,2785,/clusteruy/home/mathiasr/generator-aware-row-scaling/results-revision/plano-control/full-gurobi-01pct/resultados/instance003_estructurado_plano.csv,/clusteruy/home/mathiasr/generator-aware-row-scaling/results-revision/plano-control/full-gurobi-01pct/resultados/instance003_estructurado_plano_postprocesado.csv,/clusteruy/home/mathiasr/generator-aware-row-scaling/results-revision/plano-control/full-gurobi-01pct/logs/instance003_estructurado_plano.log
instance003.txt,estructurado_matricial,OK,0,3600.846036414,21.660753770448434,91036.68273219794,91036.7,TIME_LIMIT,71317.4510447922,239208.0,73832673.0,0.32,23763.0,16561.0,57555.0,20212.0,14487.0,50625.0,14.943399402432354,12.523398345510536,12.04065676309617,1,Model contains large bounds,1e-05,100000.0,0.0005,100.0,0.05,300000000.0,1.0,10000000000.0,0.0003,1.0,3.0,1.0,37980000000000.0,28180000000000.0,1.0,1.001,0.124321396,3600.97035781,1.0000283873150826,1.0000283873150826,0.9999938619197594,0.124321396,3.452560724418221e-05,-0.8060899940040933,73.54155819519656,0.0008084764581130663,73.59999999999127,0.0008091193022224535,0.0003,0.741969457609268,14141318.0,,0.04503310807015081,5127.0,,1.0,16.0,5127.0,1.0306041416032767,0.309591581161463,,,,,,,,OK,REVISAR,6.70459121465683e-05,0.0,2.9103830456733704e-11,148644165.439019,0.0,5.34920173680037e-08,6.02460303866728e-12,2.23638489842416e-07,6.70459121465683e-05,589699.350580525,6.73756297471335,11401928.9828071,148644165.439019,2.04386524274014e-05,0.0,6.70459121465683e-05,6.93132196888409e-07,5.08336370330653e-07,0.0,2.0,0.0,163.0,0.0,0.0,0.0,0.0,91036.6827321979,43.7920267580929,13788.1189650838,148644165.439019,6.93132196888409e-07,5.08336370330653e-07,0.0,753.0,410.0,1079.0,0.0,0.0,0.0,0.0,91036.6827321979,91036.6827321979,73.54155819516745,0.0008084764581127463,empeora,-675.6328768798703,DIFIERE,1194000.0,1542,/clusteruy/home/mathiasr/generator-aware-row-scaling/results-revision/plano-control/full-gurobi-01pct/resultados/instance003_estructurado_matricial.csv,/clusteruy/home/mathiasr/generator-aware-row-scaling/results-revision/plano-control/full-gurobi-01pct/resultados/instance003_estructurado_matricial_postprocesado.csv,/clusteruy/home/mathiasr/generator-aware-row-scaling/results-revision/plano-control/full-gurobi-01pct/logs/instance003_estructurado_matricial.log
instance003.txt,matricial_solo_local,OK,0,3600.853419949,21.660753770448434,91036.68273219794,91036.7,TIME_LIMIT,71317.4510447922,239550.0,74022654.0,0.32,23763.0,16561.0,57555.0,20212.0,14487.0,50625.0,14.943399402432354,12.523398345510536,12.04065676309617,1,Model contains large bounds,1e-05,100000.0,0.0005,100.0,0.05,300000000.0,1.0,10000000000.0,0.0003,1.0,3.0,1.0,37980000000000.0,28180000000000.0,1.0,1.001,0.121424652,3600.974844601,1.000026336761023,1.000026336761023,0.9999926159339769,0.121424652,3.372107604472269e-05,-0.8060899940040933,73.54155819519656,0.0008084764581130663,73.59999999999127,0.0008091193022224535,0.0003,0.741969457609268,14141318.0,,0.04503310807015081,5136.0,,1.0,16.0,5136.0,1.0287981764018692,0.309705386143774,,,,,,,,OK,REVISAR,6.70459121465683e-05,0.0,2.9103830456733704e-11,148644165.439019,0.0,5.34920173680037e-08,6.02460303866728e-12,2.23638489842416e-07,6.70459121465683e-05,589699.350580525,6.73756297471335,11401928.9828071,148644165.439019,2.04386524274014e-05,0.0,6.70459121465683e-05,6.93132196888409e-07,5.08336370330653e-07,0.0,2.0,0.0,163.0,0.0,0.0,0.0,0.0,91036.6827321979,43.7920267580929,13788.1189650838,148644165.439019,6.93132196888409e-07,5.08336370330653e-07,0.0,753.0,410.0,1079.0,0.0,0.0,0.0,0.0,91036.6827321979,91036.6827321979,73.54155819516745,0.0008084764581127463,empeora,-675.6328768798703,DIFIERE,1194000.0,1542,/clusteruy/home/mathiasr/generator-aware-row-scaling/results-revision/plano-control/full-gurobi-01pct/resultados/instance003_matricial_solo_local.csv,/clusteruy/home/mathiasr/generator-aware-row-scaling/results-revision/plano-control/full-gurobi-01pct/resultados/instance003_matricial_solo_local_postprocesado.csv,/clusteruy/home/mathiasr/generator-aware-row-scaling/results-revision/plano-control/full-gurobi-01pct/logs/instance003_matricial_solo_local.log
instance003.txt,matricial_plano,OK,0,3600.874667813,17.660075805346544,90963.14112980645,90963.1,TIME_LIMIT,74898.98145135827,253630.0,75513883.0,0.32,23763.0,16561.0,57555.0,20212.0,14487.0,50625.0,14.943399402432354,12.523398345510536,12.04065676309617,1,Model contains large bounds,1e-05,100000.0,0.0005,100.0,0.05,300000000.0,1.0,10000000000.0,0.0003,1.0,3.0,1.0,37980000000000.0,28180000000000.0,0.0,0.0,0.040643559,3600.915311372,1.0000204358548377,1.0000204358548377,1.0000091486164353,0.040643559,1.1287135140608758e-05,3.1945879710977962,-4.419629112817347e-05,-4.858703267912737e-10,0.0,0.0,0.0003,0.741969457609268,16654723.0,,0.05303706067124905,5006.0,,1.0,16.0,5006.0,1.0555148689572513,0.259217799623261,,,,,,,,REVISAR,REVISAR,0.00219071516767144,0.0,4.3655745685100555e-11,148644165.438925,0.0,1.67644128489986e-07,2.91038304567337e-11,1.86264514923096e-07,7.46614969102666e-05,589913.355048404,6.77935194241555,11395834.9587803,148644165.438925,7.46614969102666e-05,1.86264514923096e-09,0.00219071516767144,9.62348711626635e-07,8.71689962878008e-07,0.0,7.0,0.0,127.0,0.0,0.0,0.0,0.0,90963.1411298064,43.8010731399295,13788.1189650832,148644165.438925,9.62348711626635e-07,8.71689962878008e-07,0.0,761.0,410.0,1084.0,0.0,0.0,0.0,0.0,90963.1411298064,90963.1411298064,-4.4196334783919156e-05,4.858708067191337e-10,igual,2905.8975296862045,DIFIERE,1.33161e-06,38,/clusteruy/home/mathiasr/generator-aware-row-scaling/results-revision/plano-control/full-gurobi-01pct/resultados/instance003_matricial_plano.csv,/clusteruy/home/mathiasr/generator-aware-row-scaling/results-revision/plano-control/full-gurobi-01pct/resultados/instance003_matricial_plano_postprocesado.csv,/clusteruy/home/mathiasr/generator-aware-row-scaling/results-revision/plano-control/full-gurobi-01pct/logs/instance003_matricial_plano.log
instance004.txt,base,OK,0,128.887974771,0.099499151018224,-2603374.051383801,-2603370.0,OPTIMAL,-2605964.3864627564,2345.0,901148.0,0.47,23763.0,16561.0,57555.0,20109.0,14334.0,52030.0,15.376846357783108,13.447255600507216,9.599513508817653,3,Model contains large bounds | Model contains large matrix coefficient range | Model contains large rhs,0.0006,10000000000.0,0.0007,100.0,5.0,8000000000.0,1.0,10000000000.0,,,,,,,,,0.0,128.887974771,1.0,1.0,1.0,0.0,0.0,0.0,,,0.0,,,,54071333.486383,,,201.079338,,0.007389,11.646257,201.079338,1.0,0.029340867785313,,,,,,,,BASE,BASE,,,,,,1.72312601774619e-09,2.1316282072803e-14,5.96046447753906e-08,4.76837158203125e-07,281732.659250513,38.7976895557914,8599092.2604234,167381015.802371,1.16333133315192e-09,0.0,7.86036252975464e-07,7.94659152560764e-09,0.0,0.0,0.0,0.0,0.0,0.0,0.0,0.0,0.0,-2603374.0513838,111.904945015963,16788.5422608431,167381015.802371,7.94659152560764e-09,0.0,0.0,2629.0,455.0,1061.0,0.0,0.0,0.0,0.0,-2603374.0513838,,,,,,BASE,0.0,0,/clusteruy/home/mathiasr/generator-aware-row-scaling/results-revision/plano-control/full-gurobi-01pct/resultados/instance004_base.csv,/clusteruy/home/mathiasr/generator-aware-row-scaling/results-revision/plano-control/full-gurobi-01pct/resultados/instance004_base_postprocesado.csv,/clusteruy/home/mathiasr/generator-aware-row-scaling/results-revision/plano-control/full-gurobi-01pct/logs/instance004_base.log
instance004.txt,estructurado,OK,0,107.232141092,0.097867209482012,-2603241.340917051,-2603240.0,OPTIMAL,-2605789.0605734885,1460.0,533385.0,0.5,23763.0,16561.0,57555.0,20111.0,14336.0,51999.0,15.368429912048143,13.435179035082422,9.653375032577534,1,Model contains large bounds,1e-05,100000.0,0.0007,100.0,0.1,4000000.0,1.0,10000000000.0,0.0006,1.0,0.025,1.0,16000000000000.0,433300000000.0,1.0,1.5,0.119574826,107.35171591800001,1.2019528236447348,1.2019528236447348,1.2006140159832221,0.119574826,0.0011151024756412403,0.0016319415362120032,132.71046674996614,5.097633460678655e-05,130.0,4.993527619969501e-05,0.0006,0.02708125,4439272.0,,0.08210028704244847,155.0,,0.0,8.0,155.0,1.2972860516129032,0.027797403922253,,,,,,,,OK,REVISAR,2.44751572608948e-06,0.0,9.313225746154785e-10,167381015.802371,0.0,6.2479359557554e-09,1.27897692436818e-13,2.38418579101562e-07,4.76837158203125e-07,282027.712801544,37.0839933939326,8665308.11938047,167381015.802371,1.79827798192979e-09,1.86264514923096e-09,2.44751572608948e-06,8.75307794111138e-08,0.0,0.0,0.0,0.0,8.0,0.0,0.0,0.0,0.0,-2603241.34091705,111.904945015963,16788.5422608432,167381015.802371,8.75307794111138e-08,0.0,0.0,2616.0,445.0,1062.0,0.0,0.0,0.0,0.0,-2603241.34091705,-2603241.34091705,132.71046675089747,5.097633460714429e-05,empeora,175.3258892679587,DIFIERE,22230000.0,3528,/clusteruy/home/mathiasr/generator-aware-row-scaling/results-revision/plano-control/full-gurobi-01pct/resultados/instance004_estructurado.csv,/clusteruy/home/mathiasr/generator-aware-row-scaling/results-revision/plano-control/full-gurobi-01pct/resultados/instance004_estructurado_postprocesado.csv,/clusteruy/home/mathiasr/generator-aware-row-scaling/results-revision/plano-control/full-gurobi-01pct/logs/instance004_estructurado.log
instance004.txt,estructurado_solo_local,OK,0,106.693390558,0.097867209482012,-2603241.340917051,-2603240.0,OPTIMAL,-2605789.0605734885,1460.0,533385.0,0.49,23763.0,16561.0,57555.0,20111.0,14336.0,51999.0,15.368429912048143,13.435179035082422,9.653375032577534,1,Model contains large bounds,1e-05,100000.0,0.0007,100.0,0.1,4000000.0,1.0,10000000000.0,0.0006,1.0,0.025,1.0,16000000000000.0,433300000000.0,1.0,1.5,0.11961475,106.813005308,1.208022109869446,1.208022109869446,1.2066693039798464,0.11961475,0.0011211074029461626,0.0016319415362120032,132.71046674996614,5.097633460678655e-05,130.0,4.993527619969501e-05,0.0006,0.02708125,4439272.0,,0.08210028704244847,155.0,,0.0,8.0,155.0,1.2972860516129032,0.02778158049616,,,,,,,,OK,REVISAR,2.44751572608948e-06,0.0,9.313225746154785e-10,167381015.802371,0.0,6.2479359557554e-09,1.27897692436818e-13,2.38418579101562e-07,4.76837158203125e-07,282027.712801544,37.0839933939326,8665308.11938047,167381015.802371,1.79827798192979e-09,1.86264514923096e-09,2.44751572608948e-06,8.75307794111138e-08,0.0,0.0,0.0,0.0,8.0,0.0,0.0,0.0,0.0,-2603241.34091705,111.904945015963,16788.5422608432,167381015.802371,8.75307794111138e-08,0.0,0.0,2616.0,445.0,1062.0,0.0,0.0,0.0,0.0,-2603241.34091705,-2603241.34091705,132.71046675089747,5.097633460714429e-05,empeora,175.3258892679587,DIFIERE,22230000.0,3528,/clusteruy/home/mathiasr/generator-aware-row-scaling/results-revision/plano-control/full-gurobi-01pct/resultados/instance004_estructurado_solo_local.csv,/clusteruy/home/mathiasr/generator-aware-row-scaling/results-revision/plano-control/full-gurobi-01pct/resultados/instance004_estructurado_solo_local_postprocesado.csv,/clusteruy/home/mathiasr/generator-aware-row-scaling/results-revision/plano-control/full-gurobi-01pct/logs/instance004_estructurado_solo_local.log
instance004.txt,estructurado_plano,OK,0,146.501834718,0.09870488677213,-2602729.059967165,-2602730.0,OPTIMAL,-2605298.080738791,3894.0,952524.0,0.49,23763.0,16561.0,57555.0,20111.0,14336.0,51999.0,15.368429912048143,13.435179035082422,9.653375032577534,1,Model contains large bounds,1e-05,100000.0,0.0007,100.0,0.1,80000.0,1.0,10000000000.0,0.0006,1.0,0.0005,1.0,16000000000000.0,9796000000.0,0.0,0.0,0.041169848,146.543004566,0.879770379798282,0.879770379798282,0.8795232167698012,0.041169848,0.0002810193338482583,0.0007942642460939953,644.9914166359231,0.0002477521108782211,640.0,0.0002458352059061908,0.0006,0.00061225,3406687.0,,0.06300356918066242,215.0,,0.0,14.0,215.0,0.935252734883721,0.039266355121671,,,,,,,,OK,REVISAR,3.814697265625e-06,0.0,4.6566128730773926e-09,40760627.7000264,0.0,6.44591017995643e-09,1.13686837721616e-13,2.34693288803101e-07,1.17698446378001e-06,148723.100875497,47.0438872974016,6299008.79342971,40760627.7000264,9.5367431640625e-07,0.0,3.814697265625e-06,7.61629370543257e-08,0.0,0.0,0.0,0.0,14.0,0.0,0.0,0.0,0.0,-2602729.05996716,1007.81308837063,18106.7101637309,40760627.7000264,7.61629370543257e-08,0.0,0.0,3164.0,475.0,1067.0,0.0,0.0,0.0,0.0,-2602729.05996716,-2602729.05996716,644.9914166405797,0.00024775211088000977,empeora,666.3057239656337,DIFIERE,18690000.0,4623,/clusteruy/home/mathiasr/generator-aware-row-scaling/results-revision/plano-control/full-gurobi-01pct/resultados/instance004_estructurado_plano.csv,/clusteruy/home/mathiasr/generator-aware-row-scaling/results-revision/plano-control/full-gurobi-01pct/resultados/instance004_estructurado_plano_postprocesado.csv,/clusteruy/home/mathiasr/generator-aware-row-scaling/results-revision/plano-control/full-gurobi-01pct/logs/instance004_estructurado_plano.log
instance004.txt,estructurado_matricial,OK,0,125.607600378,0.094416429340868,-2603282.879102108,-2603280.0,OPTIMAL,-2605740.8058421984,3653.0,1194388.0,0.49,23763.0,16561.0,57555.0,20109.0,14334.0,52031.0,15.376846357783108,13.447255600507216,9.59777604030927,1,Model contains large bounds,1e-05,100000.0,0.0007,100.0,0.02,300000000.0,1.0,10000000000.0,0.0006,1.0,9.375,1.0,16000000000000.0,29920000000000.0,1.0,1.0,0.125079385,125.73267976300001,1.0261160501683666,1.0261160501683666,1.0250952657172945,0.125079385,0.0009957947180233488,0.005082721677356003,91.17228169273585,3.5020815254832095e-05,90.0,3.4570575830558084e-05,0.0006,1.87,7796963.0,,0.14419771988725857,167.0,,0.0,10.0,167.0,1.204067892215569,0.02550141788705,,,,,,,,OK,REVISAR,9.38773155212402e-07,0.0,1.862645149230957e-09,167381015.802371,0.0,3.43820540305533e-09,7.105427357601e-14,1.19209289550781e-07,4.76837158203125e-07,283094.948214323,38.7976739549557,8575278.18880174,167381015.802371,4.30187633721034e-10,1.86264514923096e-09,9.38773155212402e-07,2.93856557210286e-09,0.0,0.0,0.0,0.0,0.0,0.0,0.0,0.0,0.0,-2603282.87910211,111.904945015963,16788.5422608431,167381015.802371,2.93856557210286e-09,0.0,0.0,2623.0,452.0,1061.0,0.0,0.0,0.0,0.0,-2603282.87910211,-2603282.87910211,91.1722816908732,3.502081525411662e-05,empeora,223.5806205580011,DIFIERE,5090000.0,3242,/clusteruy/home/mathiasr/generator-aware-row-scaling/results-revision/plano-control/full-gurobi-01pct/resultados/instance004_estructurado_matricial.csv,/clusteruy/home/mathiasr/generator-aware-row-scaling/results-revision/plano-control/full-gurobi-01pct/resultados/instance004_estructurado_matricial_postprocesado.csv,/clusteruy/home/mathiasr/generator-aware-row-scaling/results-revision/plano-control/full-gurobi-01pct/logs/instance004_estructurado_matricial.log
instance004.txt,matricial_solo_local,OK,0,125.536613777,0.094416429340868,-2603282.879102108,-2603280.0,OPTIMAL,-2605740.8058421984,3653.0,1194388.0,0.49,23763.0,16561.0,57555.0,20109.0,14334.0,52031.0,15.376846357783108,13.447255600507216,9.59777604030927,1,Model contains large bounds,1e-05,100000.0,0.0007,100.0,0.02,300000000.0,1.0,10000000000.0,0.0006,1.0,9.375,1.0,16000000000000.0,29920000000000.0,1.0,1.0,0.12091283,125.657526607,1.0266962832050994,1.0266962832050994,1.0257083538983174,0.12091283,0.0009631678469102762,0.005082721677356003,91.17228169273585,3.5020815254832095e-05,90.0,3.4570575830558084e-05,0.0006,1.87,7796963.0,,0.14419771988725857,167.0,,0.0,10.0,167.0,1.204067892215569,0.025231526314838,,,,,,,,OK,REVISAR,9.38773155212402e-07,0.0,1.862645149230957e-09,167381015.802371,0.0,3.43820540305533e-09,7.105427357601e-14,1.19209289550781e-07,4.76837158203125e-07,283094.948214323,38.7976739549557,8575278.18880174,167381015.802371,4.30187633721034e-10,1.86264514923096e-09,9.38773155212402e-07,2.93856557210286e-09,0.0,0.0,0.0,0.0,0.0,0.0,0.0,0.0,0.0,-2603282.87910211,111.904945015963,16788.5422608431,167381015.802371,2.93856557210286e-09,0.0,0.0,2623.0,452.0,1061.0,0.0,0.0,0.0,0.0,-2603282.87910211,-2603282.87910211,91.1722816908732,3.502081525411662e-05,empeora,223.5806205580011,DIFIERE,5090000.0,3242,/clusteruy/home/mathiasr/generator-aware-row-scaling/results-revision/plano-control/full-gurobi-01pct/resultados/instance004_matricial_solo_local.csv,/clusteruy/home/mathiasr/generator-aware-row-scaling/results-revision/plano-control/full-gurobi-01pct/resultados/instance004_matricial_solo_local_postprocesado.csv,/clusteruy/home/mathiasr/generator-aware-row-scaling/results-revision/plano-control/full-gurobi-01pct/logs/instance004_matricial_solo_local.log
instance004.txt,matricial_plano,OK,0,98.45745283,0.089531366437344,-2603225.9427955067,-2603230.0,OPTIMAL,-2605556.646553543,2301.0,812262.0,0.49,23763.0,16561.0,57555.0,20109.0,14334.0,52031.0,15.376846357783108,13.447255600507216,9.59777604030927,1,Model contains large bounds,1e-05,100000.0,0.0007,100.0,0.02,300000000.0,1.0,10000000000.0,0.0006,1.0,9.375,1.0,16000000000000.0,29920000000000.0,0.0,0.0,0.040470773,98.49792360299999,1.3090728133455003,1.3090728133455003,1.308534942223639,0.040470773,0.0004110483446070682,0.009967784580880004,148.1085882941261,5.689101349665841e-05,140.0,5.3776451291979245e-05,0.0006,1.87,19612198.0,,0.36270971576720995,138.0,,0.0,9.0,138.0,1.457096652173913,0.031738261500871,,,,,,,,OK,REVISAR,7.89761543273926e-07,0.0,3.259629011154175e-09,167381015.802371,0.0,3.6242705029027e-09,7.8159700933611e-14,1.34641304612161e-07,4.76837158203125e-07,280426.411307802,36.9482349349188,8690073.03385787,167381015.802371,1.08461869367758e-09,0.0,7.89761543273926e-07,7.40891393025716e-09,0.0,0.0,0.0,0.0,0.0,0.0,0.0,0.0,0.0,-2603225.94279551,111.904945015963,16788.5422608431,167381015.802371,7.40891393025716e-09,0.0,0.0,2614.0,445.0,1062.0,0.0,0.0,0.0,0.0,-2603225.94279551,-2603225.94279551,148.10858829086646,5.689101349540633e-05,empeora,407.73990921350196,DIFIERE,21400000.0,3988,/clusteruy/home/mathiasr/generator-aware-row-scaling/results-revision/plano-control/full-gurobi-01pct/resultados/instance004_matricial_plano.csv,/clusteruy/home/mathiasr/generator-aware-row-scaling/results-revision/plano-control/full-gurobi-01pct/resultados/instance004_matricial_plano_postprocesado.csv,/clusteruy/home/mathiasr/generator-aware-row-scaling/results-revision/plano-control/full-gurobi-01pct/logs/instance004_matricial_plano.log
instance005.txt,base,OK,0,273.95331652,0.013210262399846,-1493580.1359871142,-1493580.0,OPTIMAL,-1493777.44184223,7457.0,2834927.0,0.38,23763.0,16561.0,57555.0,18803.0,13693.0,48664.0,20.87278542271599,17.317794819153434,15.447832508035791,3,Model contains large bounds | Model contains large matrix coefficient range | Model contains large rhs,0.0005,10000000000.0,0.001,100.0,5.0,10000000000.0,1.0,10000000000.0,,,,,,,,,0.0,273.95331652,1.0,1.0,1.0,0.0,0.0,0.0,,,0.0,,,,311255969.889106,,,354.610709,,0.262867,7.844291,354.610709,1.0,0.167402448213219,,,,,,,,BASE,BASE,,,,,,2.25366022216206e-09,1.77191594730165e-14,1.04308128356934e-07,4.76837158203125e-07,422329.734973717,16.3178437458936,8742202.8073175,148462826.982498,5.6843418860808e-13,1.86264514923096e-09,4.76837158203125e-07,0.0,0.0,0.0,0.0,0.0,0.0,0.0,0.0,0.0,0.0,-1493580.13598711,131.604320707869,23467.7584518654,148462826.982498,0.0,0.0,0.0,2029.0,437.0,1132.0,0.0,0.0,0.0,0.0,-1493580.13598711,,,,,,BASE,0.0,0,/clusteruy/home/mathiasr/generator-aware-row-scaling/results-revision/plano-control/full-gurobi-01pct/resultados/instance005_base.csv,/clusteruy/home/mathiasr/generator-aware-row-scaling/results-revision/plano-control/full-gurobi-01pct/resultados/instance005_base_postprocesado.csv,/clusteruy/home/mathiasr/generator-aware-row-scaling/results-revision/plano-control/full-gurobi-01pct/logs/instance005_base.log
instance005.txt,estructurado,OK,0,121.677938802,6.2e-14,-1493580.0907508107,-1493580.0,OPTIMAL,-1493580.0907508116,3451.0,1757682.0,0.38,23763.0,16561.0,57555.0,18796.0,13696.0,48336.0,20.90224298278837,17.299679971016243,16.017722178785508,1,Model contains large bounds,9e-06,100000.0,0.001,100.0,0.1,4000000.0,1.0,10000000000.0,0.0005555555555555556,1.0,0.02,1.0,25350000000000.0,488500000000.0,1.0,1.5,0.119403176,121.797341978,2.251462501890253,2.251462501890253,2.249255296305921,0.119403176,0.000981305051479368,0.013210262399784,0.045236303471028805,3.0287161954743e-08,0.0,0.0,0.0005555555555555556,0.019270216962524653,7468751.0,,0.023995526905591435,144.0,,0.0,7.0,144.0,2.4625743680555554,0.028189464209003,,,,,,,,OK,REVISAR,1.43551733344793e-06,0.0,6.984919309616089e-10,148462826.982498,0.0,4.67293472369781e-09,7.27595761418343e-12,1.78813934326172e-07,1.43551733344793e-06,422329.734973571,16.3178437458938,8742202.8073175,148462826.982498,2.91038304567337e-11,0.0,1.43551733344793e-06,0.0,0.0,0.0,0.0,0.0,1.0,0.0,0.0,0.0,0.0,-1493580.09075081,131.604320707876,23467.7584518655,148462826.982498,0.0,0.0,0.0,2029.0,437.0,1134.0,0.0,0.0,0.0,0.0,-1493580.09075081,-1493580.09075081,0.045236304169520736,3.0287162422405845e-08,igual,197.3510914184153,DIFIERE,10000.0,18,/clusteruy/home/mathiasr/generator-aware-row-scaling/results-revision/plano-control/full-gurobi-01pct/resultados/instance005_estructurado.csv,/clusteruy/home/mathiasr/generator-aware-row-scaling/results-revision/plano-control/full-gurobi-01pct/resultados/instance005_estructurado_postprocesado.csv,/clusteruy/home/mathiasr/generator-aware-row-scaling/results-revision/plano-control/full-gurobi-01pct/logs/instance005_estructurado.log
instance005.txt,estructurado_solo_local,OK,0,121.527071024,6.2e-14,-1493580.0907508107,-1493580.0,OPTIMAL,-1493580.0907508116,3451.0,1757682.0,0.38,23763.0,16561.0,57555.0,18796.0,13696.0,48336.0,20.90224298278837,17.299679971016243,16.017722178785508,1,Model contains large bounds,9e-06,100000.0,0.001,100.0,0.1,4000000.0,1.0,10000000000.0,0.0005555555555555556,1.0,0.02,1.0,25350000000000.0,488500000000.0,1.0,1.5,0.123055794,121.65012681799999,2.254257542880284,2.254257542880284,2.2519772373921145,0.123055794,0.0010125792793582436,0.013210262399784,0.045236303471028805,3.0287161954743e-08,0.0,0.0,0.0005555555555555556,0.019270216962524653,7468751.0,,0.023995526905591435,144.0,,0.0,7.0,144.0,2.4625743680555554,0.028214711136453,,,,,,,,OK,REVISAR,1.43551733344793e-06,0.0,6.984919309616089e-10,148462826.982498,0.0,4.67293472369781e-09,7.27595761418343e-12,1.78813934326172e-07,1.43551733344793e-06,422329.734973571,16.3178437458938,8742202.8073175,148462826.982498,2.91038304567337e-11,0.0,1.43551733344793e-06,0.0,0.0,0.0,0.0,0.0,1.0,0.0,0.0,0.0,0.0,-1493580.09075081,131.604320707876,23467.7584518655,148462826.982498,0.0,0.0,0.0,2029.0,437.0,1134.0,0.0,0.0,0.0,0.0,-1493580.09075081,-1493580.09075081,0.045236304169520736,3.0287162422405845e-08,igual,197.3510914184153,DIFIERE,10000.0,18,/clusteruy/home/mathiasr/generator-aware-row-scaling/results-revision/plano-control/full-gurobi-01pct/resultados/instance005_estructurado_solo_local.csv,/clusteruy/home/mathiasr/generator-aware-row-scaling/results-revision/plano-control/full-gurobi-01pct/resultados/instance005_estructurado_solo_local_postprocesado.csv,/clusteruy/home/mathiasr/generator-aware-row-scaling/results-revision/plano-control/full-gurobi-01pct/logs/instance005_estructurado_solo_local.log
instance005.txt,estructurado_plano,OK,0,126.887395021,0.0,-1493580.0907511525,-1493580.0,OPTIMAL,-1493580.0907511525,3897.0,2259224.0,0.38,23763.0,16561.0,57555.0,18796.0,13696.0,48336.0,20.90224298278837,17.299679971016243,16.017722178785508,1,Model contains large bounds,9e-06,100000.0,0.001,100.0,0.1,100000.0,1.0,10000000000.0,0.0005555555555555556,1.0,0.0005,1.0,25350000000000.0,12240000000.0,0.0,0.0,0.040116821,126.927511842,2.15902703711949,2.15902703711949,2.1583446531357082,0.040116821,0.0003161608053610102,0.013210262399846,0.04523596167564392,3.028693311172571e-08,0.0,0.0,0.0005555555555555556,0.00048284023668639054,11774459.0,,0.03782886157716106,160.0,,0.0,7.0,160.0,2.2163169312499997,0.030807991392577,,,,,,,,OK,REVISAR,1.77184119820595e-06,0.0,2.561137080192566e-09,40868645.5241043,0.0,4.73258112441859e-09,7.27595761418343e-12,1.83247029781343e-07,1.77184119820595e-06,136760.602167148,25.8328305529628,3812809.85181737,40868645.5241043,2.91038304567337e-11,0.0,1.77184119820595e-06,0.0,0.0,0.0,0.0,0.0,1.0,0.0,0.0,0.0,0.0,-1493580.09075115,1631.80525173013,23574.6951726069,40868645.5241043,0.0,0.0,0.0,2787.0,485.0,1133.0,0.0,0.0,0.0,0.0,-1493580.09075115,-1493580.09075115,0.045235964236781,3.0286934826489464e-08,igual,197.35109107755125,DIFIERE,10000.0,2076,/clusteruy/home/mathiasr/generator-aware-row-scaling/results-revision/plano-control/full-gurobi-01pct/resultados/instance005_estructurado_plano.csv,/clusteruy/home/mathiasr/generator-aware-row-scaling/results-revision/plano-control/full-gurobi-01pct/resultados/instance005_estructurado_plano_postprocesado.csv,/clusteruy/home/mathiasr/generator-aware-row-scaling/results-revision/plano-control/full-gurobi-01pct/logs/instance005_estructurado_plano.log
instance005.txt,estructurado_matricial,OK,0,222.220823045,6.2e-14,-1493580.09075082,-1493580.0,OPTIMAL,-1493580.090750821,6010.0,2504039.0,0.38,23763.0,16561.0,57555.0,18796.0,13691.0,48568.0,20.90224298278837,17.329871384578226,15.614629484840588,1,Model contains large bounds,9e-06,100000.0,0.001,100.0,0.02,300000000.0,1.0,10000000000.0,0.0005555555555555556,1.0,7.5,1.0,25350000000000.0,38470000000000.0,1.0,1.001,0.123176778,222.343999823,1.2327976864009909,1.2327976864009909,1.2321147264512842,0.123176778,0.0005542989910313514,0.013210262399784,0.04523629415780306,3.0287155719238444e-08,0.0,0.0,0.0005555555555555556,1.5175542406311637,17411847.0,,0.05594060414713806,259.0,,0.0,7.0,259.0,1.3691533166023167,0.023877379266857,,,,,,,,OK,REVISAR,1.17672607302666e-06,0.0,0.0,148462826.982498,0.0,3.86999381139663e-09,9.09494701772928e-13,1.564621925354e-07,1.17672607302666e-06,422329.734973564,16.3178437458937,8742202.80731744,148462826.982498,1.45519152283669e-11,1.86264514923096e-09,1.17672607302666e-06,0.0,0.0,0.0,0.0,0.0,1.0,0.0,0.0,0.0,0.0,-1493580.09075082,131.604320707876,23467.7584518655,148462826.982498,0.0,0.0,0.0,2029.0,437.0,1133.0,0.0,0.0,0.0,0.0,-1493580.09075082,-1493580.09075082,0.04523629415780306,3.0287155719238444e-08,igual,197.35109140910208,DIFIERE,10000.0,15,/clusteruy/home/mathiasr/generator-aware-row-scaling/results-revision/plano-control/full-gurobi-01pct/resultados/instance005_estructurado_matricial.csv,/clusteruy/home/mathiasr/generator-aware-row-scaling/results-revision/plano-control/full-gurobi-01pct/resultados/instance005_estructurado_matricial_postprocesado.csv,/clusteruy/home/mathiasr/generator-aware-row-scaling/results-revision/plano-control/full-gurobi-01pct/logs/instance005_estructurado_matricial.log
instance005.txt,matricial_solo_local,OK,0,222.431471696,6.2e-14,-1493580.09075082,-1493580.0,OPTIMAL,-1493580.090750821,6010.0,2504039.0,0.38,23763.0,16561.0,57555.0,18796.0,13691.0,48568.0,20.90224298278837,17.329871384578226,15.614629484840588,1,Model contains large bounds,9e-06,100000.0,0.001,100.0,0.02,300000000.0,1.0,10000000000.0,0.0005555555555555556,1.0,7.5,1.0,25350000000000.0,38470000000000.0,1.0,1.001,0.120588364,222.55206006,1.231630193475569,1.231630193475569,1.2309628427889736,0.120588364,0.000542137149390486,0.013210262399784,0.04523629415780306,3.0287155719238444e-08,0.0,0.0,0.0005555555555555556,1.5175542406311637,17411847.0,,0.05594060414713806,259.0,,0.0,7.0,259.0,1.3691533166023167,0.023908029186394,,,,,,,,OK,REVISAR,1.17672607302666e-06,0.0,0.0,148462826.982498,0.0,3.86999381139663e-09,9.09494701772928e-13,1.564621925354e-07,1.17672607302666e-06,422329.734973564,16.3178437458937,8742202.80731744,148462826.982498,1.45519152283669e-11,1.86264514923096e-09,1.17672607302666e-06,0.0,0.0,0.0,0.0,0.0,1.0,0.0,0.0,0.0,0.0,-1493580.09075082,131.604320707876,23467.7584518655,148462826.982498,0.0,0.0,0.0,2029.0,437.0,1133.0,0.0,0.0,0.0,0.0,-1493580.09075082,-1493580.09075082,0.04523629415780306,3.0287155719238444e-08,igual,197.35109140910208,DIFIERE,10000.0,15,/clusteruy/home/mathiasr/generator-aware-row-scaling/results-revision/plano-control/full-gurobi-01pct/resultados/instance005_matricial_solo_local.csv,/clusteruy/home/mathiasr/generator-aware-row-scaling/results-revision/plano-control/full-gurobi-01pct/resultados/instance005_matricial_solo_local_postprocesado.csv,/clusteruy/home/mathiasr/generator-aware-row-scaling/results-revision/plano-control/full-gurobi-01pct/logs/instance005_matricial_solo_local.log
instance005.txt,matricial_plano,OK,0,369.153673792,0.099241223484441,-1493580.0907508242,-1493580.0,OPTIMAL,-1495062.3379066053,6326.0,3131320.0,0.38,23763.0,16561.0,57555.0,18796.0,13691.0,48568.0,20.90224298278837,17.329871384578226,15.614629484840588,1,Model contains large bounds,9e-06,100000.0,0.001,100.0,0.02,300000000.0,1.0,10000000000.0,0.0005555555555555556,1.0,7.5,1.0,25350000000000.0,38470000000000.0,0.0,0.0,0.040808241,369.194482033,0.7421118519718681,0.7421118519718681,0.7420298239872204,0.040808241,0.00011054540127099871,-0.086030961084595,0.04523628996685147,3.0287152913261395e-08,0.0,0.0,0.0005555555555555556,1.5175542406311637,20506539.0,,0.0658831989866927,418.0,,0.0,7.0,418.0,0.8483509784688995,0.015092713597512,,,,,,,,OK,REVISAR,8.71019437909126e-07,0.0,4.190951585769653e-09,148462826.982498,0.0,3.89269744196754e-09,9.09494701772928e-13,1.564621925354e-07,8.71019437909126e-07,422329.734973567,16.3178437458937,8742202.80731744,148462826.982498,1.45519152283669e-11,1.86264514923096e-09,8.71019437909126e-07,0.0,0.0,0.0,0.0,0.0,0.0,0.0,0.0,0.0,0.0,-1493580.09075082,131.604320707876,23467.7584518654,148462826.982498,0.0,0.0,0.0,2029.0,437.0,1132.0,0.0,0.0,0.0,0.0,-1493580.09075082,-1493580.09075082,0.04523629415780306,3.0287155719238444e-08,igual,-1284.8960643752944,DIFIERE,10000.0,15,/clusteruy/home/mathiasr/generator-aware-row-scaling/results-revision/plano-control/full-gurobi-01pct/resultados/instance005_matricial_plano.csv,/clusteruy/home/mathiasr/generator-aware-row-scaling/results-revision/plano-control/full-gurobi-01pct/resultados/instance005_matricial_plano_postprocesado.csv,/clusteruy/home/mathiasr/generator-aware-row-scaling/results-revision/plano-control/full-gurobi-01pct/logs/instance005_matricial_plano.log
instance009.txt,base,OK,0,91.996388281,0.088246132426903,-11203743.746167934,-11203700.0,OPTIMAL,-11213630.616710948,2839.0,826342.0,0.41,23763.0,16561.0,57555.0,18816.0,13851.0,48496.0,20.818078525438708,16.36374615059477,15.739727217444184,3,Model contains large bounds | Model contains large matrix coefficient range | Model contains large rhs,0.0007,10000000000.0,0.002,100.0,5.0,9000000000.0,1.0,10000000000.0,,,,,,,,,0.0,91.996388281,1.0,1.0,1.0,0.0,0.0,0.0,,,0.0,,,,24066938.951409,,,156.428764,,0.022103,7.334555,156.428764,1.0,0.046712697147997,,,,,,,,BASE,BASE,,,,,,1.29445734741637e-09,0.0,2.23517417907715e-08,1.86264514923096e-09,160876.423538414,20.8109215635621,8508585.01726195,17312083.7079268,7.27595761418343e-12,0.0,4.06056642532349e-07,0.0,0.0,0.0,0.0,0.0,0.0,0.0,0.0,0.0,0.0,-11203743.7461679,675.879507060868,16795.2709009185,17312083.7079268,0.0,0.0,0.0,2087.0,467.0,916.0,0.0,0.0,0.0,0.0,-11203743.7461679,,,,,,BASE,0.0,0,/clusteruy/home/mathiasr/generator-aware-row-scaling/results-revision/plano-control/full-gurobi-01pct/resultados/instance009_base.csv,/clusteruy/home/mathiasr/generator-aware-row-scaling/results-revision/plano-control/full-gurobi-01pct/resultados/instance009_base_postprocesado.csv,/clusteruy/home/mathiasr/generator-aware-row-scaling/results-revision/plano-control/full-gurobi-01pct/logs/instance009_base.log
instance009.txt,estructurado,OK,0,46.08249533,0.099669675709625,-11203744.33984205,-11203700.0,OPTIMAL,-11214911.075492905,397.0,409653.0,0.42,23763.0,16561.0,57555.0,18808.0,13853.0,48352.0,20.85174430837857,16.35166958516998,15.989922682651377,1,Model contains large bounds,9e-06,100000.0,0.002,100.0,0.2,4000000.0,1.0,10000000000.0,0.0007777777777777777,1.0,0.011111111111111112,1.0,16770000000000.0,443100000000.0,1.0,1.5,0.119656334,46.202151664,1.9963412923325303,1.9963412923325303,1.9911710811659482,0.119656334,0.002596568027471875,-0.011423543282721993,-0.5936741158366203,-5.2988905252289205e-08,0.0,0.0,0.0007777777777777777,0.026422182468694096,460205.0,,0.019121875072237105,60.0,,0.0,7.0,60.0,2.6071460666666666,0.047922868422485,,,,,,,,OK,REVISAR,2.65240669250488e-06,0.0,5.029141902923584e-08,17312083.7079268,0.0,6.03989800144998e-09,5.6843418860808e-14,2.38418579101562e-07,1.14920339910896e-08,160876.260675057,20.8109133355732,8508587.59680399,17312083.7079268,4.36557456851006e-11,7.45058059692383e-09,2.65240669250488e-06,0.0,0.0,0.0,0.0,0.0,12.0,0.0,0.0,0.0,0.0,-11203744.339842,675.879507060861,16795.2651747897,17312083.7079268,0.0,0.0,0.0,2087.0,467.0,919.0,0.0,0.0,0.0,0.0,-11203744.339842,-11203744.339842,-0.5936740655452013,5.298890076348438e-08,igual,-1280.4587819576263,DIFIERE,60000.0,264,/clusteruy/home/mathiasr/generator-aware-row-scaling/results-revision/plano-control/full-gurobi-01pct/resultados/instance009_estructurado.csv,/clusteruy/home/mathiasr/generator-aware-row-scaling/results-revision/plano-control/full-gurobi-01pct/resultados/instance009_estructurado_postprocesado.csv,/clusteruy/home/mathiasr/generator-aware-row-scaling/results-revision/plano-control/full-gurobi-01pct/logs/instance009_estructurado.log
instance009.txt,estructurado_solo_local,OK,0,46.036104289,0.099669675709625,-11203744.33984205,-11203700.0,OPTIMAL,-11214911.075492905,397.0,409653.0,0.42,23763.0,16561.0,57555.0,18808.0,13853.0,48352.0,20.85174430837857,16.35166958516998,15.989922682651377,1,Model contains large bounds,9e-06,100000.0,0.002,100.0,0.2,4000000.0,1.0,10000000000.0,0.0007777777777777777,1.0,0.011111111111111112,1.0,16770000000000.0,443100000000.0,1.0,1.5,0.119349199,46.155453488,1.9983530253445418,1.9983530253445418,1.9931856655881026,0.119349199,0.002592513003506199,-0.011423543282721993,-0.5936741158366203,-5.2988905252289205e-08,0.0,0.0,0.0007777777777777777,0.026422182468694096,460205.0,,0.019121875072237105,60.0,,0.0,7.0,60.0,2.6071460666666666,0.047846699336154,,,,,,,,OK,REVISAR,2.65240669250488e-06,0.0,5.029141902923584e-08,17312083.7079268,0.0,6.03989800144998e-09,5.6843418860808e-14,2.38418579101562e-07,1.14920339910896e-08,160876.260675057,20.8109133355732,8508587.59680399,17312083.7079268,4.36557456851006e-11,7.45058059692383e-09,2.65240669250488e-06,0.0,0.0,0.0,0.0,0.0,12.0,0.0,0.0,0.0,0.0,-11203744.339842,675.879507060861,16795.2651747897,17312083.7079268,0.0,0.0,0.0,2087.0,467.0,919.0,0.0,0.0,0.0,0.0,-11203744.339842,-11203744.339842,-0.5936740655452013,5.298890076348438e-08,igual,-1280.4587819576263,DIFIERE,60000.0,264,/clusteruy/home/mathiasr/generator-aware-row-scaling/results-revision/plano-control/full-gurobi-01pct/resultados/instance009_estructurado_solo_local.csv,/clusteruy/home/mathiasr/generator-aware-row-scaling/results-revision/plano-control/full-gurobi-01pct/resultados/instance009_estructurado_solo_local_postprocesado.csv,/clusteruy/home/mathiasr/generator-aware-row-scaling/results-revision/plano-control/full-gurobi-01pct/logs/instance009_estructurado_solo_local.log
instance009.txt,estructurado_plano,OK,0,67.235269116,0.065205960906207,-11203744.339854574,-11203700.0,OPTIMAL,-11211049.84900885,2474.0,663893.0,0.42,23763.0,16561.0,57555.0,18808.0,13853.0,48352.0,20.85174430837857,16.35166958516998,15.989922682651377,1,Model contains large bounds,9e-06,100000.0,0.002,100.0,0.2,80000.0,1.0,10000000000.0,0.0007777777777777777,1.0,0.00022222222222222223,1.0,16770000000000.0,11480000000.0,0.0,0.0,0.040876731,67.276145847,1.3682757500721832,1.3682757500721832,1.3674443909170866,0.040876731,0.0006079656040266008,0.023040171520696,-0.5936866402626038,-5.299002313094362e-08,0.0,0.0,0.0007777777777777777,0.0006845557543231961,719206.0,,0.029883567721348876,86.0,,0.0,8.0,86.0,1.8189391162790698,0.052757020212997,,,,,,,,OK,REVISAR,1.28224492073059e-05,0.0,2.60770320892334e-08,17312083.7079268,0.0,6.58413945846482e-09,1.13686837721616e-13,2.1748244762421e-07,5.58793544769287e-09,158803.206292446,27.3810810935324,8508587.59680232,17312083.7079268,5.0931703299284e-11,1.28224492073059e-05,5.78537583351135e-06,0.0,0.0,0.0,0.0,1.0,13.0,0.0,0.0,0.0,0.0,-11203744.3398546,1443.62613158634,16828.3041689885,17312083.7079268,0.0,0.0,0.0,2363.0,468.0,922.0,0.0,0.0,0.0,0.0,-11203744.3398546,-11203744.3398546,-0.5936866663396358,5.299002545847205e-08,igual,2580.767702097073,DIFIERE,60000.0,1087,/clusteruy/home/mathiasr/generator-aware-row-scaling/results-revision/plano-control/full-gurobi-01pct/resultados/instance009_estructurado_plano.csv,/clusteruy/home/mathiasr/generator-aware-row-scaling/results-revision/plano-control/full-gurobi-01pct/resultados/instance009_estructurado_plano_postprocesado.csv,/clusteruy/home/mathiasr/generator-aware-row-scaling/results-revision/plano-control/full-gurobi-01pct/logs/instance009_estructurado_plano.log
instance009.txt,estructurado_matricial,OK,0,54.402528642,0.099595279734798,-11203744.339841617,-11203700.0,OPTIMAL,-11214902.740357654,416.0,430372.0,0.42,23763.0,16561.0,57555.0,18814.0,13851.0,48460.0,20.826494971173673,16.36374615059477,15.802276083745982,1,Model contains large bounds,9e-06,100000.0,0.002,100.0,0.03,500000000.0,1.0,10000000000.0,0.0007777777777777777,1.0,9.25925925925926,1.0,16770000000000.0,51490000000000.0,1.0,1.0,0.124083899,54.526612541,1.6910314755108031,1.6910314755108031,1.6871832669199005,0.124083899,0.0022808480064693973,-0.011349147307894991,-0.5936736837029457,-5.298886668181808e-08,0.0,0.0,0.0007777777777777777,3.0703637447823495,2247660.0,,0.09339201817638759,71.0,,0.0,7.0,71.0,2.203222028169014,0.040395806314876,,,,,,,,OK,REVISAR,1.77696347236633e-06,0.0,1.6763806343078613e-08,17312083.7079268,0.0,5.51085502393624e-09,5.6843418860808e-14,2.11764127016068e-07,3.72529029846191e-09,160876.260675034,20.8109133355784,8508587.59680225,17312083.7079268,1.45519152283669e-11,0.0,1.77696347236633e-06,0.0,0.0,0.0,0.0,0.0,13.0,0.0,0.0,0.0,0.0,-11203744.3398416,675.879507060876,16795.2651747935,17312083.7079268,0.0,0.0,0.0,2087.0,467.0,924.0,0.0,0.0,0.0,0.0,-11203744.3398416,-11203744.3398416,-0.5936736669391394,5.2988865185549805e-08,igual,-1272.1236467063427,DIFIERE,60000.0,284,/clusteruy/home/mathiasr/generator-aware-row-scaling/results-revision/plano-control/full-gurobi-01pct/resultados/instance009_estructurado_matricial.csv,/clusteruy/home/mathiasr/generator-aware-row-scaling/results-revision/plano-control/full-gurobi-01pct/resultados/instance009_estructurado_matricial_postprocesado.csv,/clusteruy/home/mathiasr/generator-aware-row-scaling/results-revision/plano-control/full-gurobi-01pct/logs/instance009_estructurado_matricial.log
instance009.txt,matricial_solo_local,OK,0,54.139033399,0.099595279734798,-11203744.339841617,-11203700.0,OPTIMAL,-11214902.740357654,416.0,430372.0,0.42,23763.0,16561.0,57555.0,18814.0,13851.0,48460.0,20.826494971173673,16.36374615059477,15.802276083745982,1,Model contains large bounds,9e-06,100000.0,0.002,100.0,0.03,500000000.0,1.0,10000000000.0,0.0007777777777777777,1.0,9.25925925925926,1.0,16770000000000.0,51490000000000.0,1.0,1.0,0.121038601,54.260072,1.6992617434263106,1.6992617434263106,1.6954711796364736,0.121038601,0.0022356993355968505,-0.011349147307894991,-0.5936736837029457,-5.298886668181808e-08,0.0,0.0,0.0007777777777777777,3.0703637447823495,2247660.0,,0.09339201817638759,71.0,,0.0,7.0,71.0,2.203222028169014,0.040608301386874,,,,,,,,OK,REVISAR,1.77696347236633e-06,0.0,1.6763806343078613e-08,17312083.7079268,0.0,5.51085502393624e-09,5.6843418860808e-14,2.11764127016068e-07,3.72529029846191e-09,160876.260675034,20.8109133355784,8508587.59680225,17312083.7079268,1.45519152283669e-11,0.0,1.77696347236633e-06,0.0,0.0,0.0,0.0,0.0,13.0,0.0,0.0,0.0,0.0,-11203744.3398416,675.879507060876,16795.2651747935,17312083.7079268,0.0,0.0,0.0,2087.0,467.0,924.0,0.0,0.0,0.0,0.0,-11203744.3398416,-11203744.3398416,-0.5936736669391394,5.2988865185549805e-08,igual,-1272.1236467063427,DIFIERE,60000.0,284,/clusteruy/home/mathiasr/generator-aware-row-scaling/results-revision/plano-control/full-gurobi-01pct/resultados/instance009_matricial_solo_local.csv,/clusteruy/home/mathiasr/generator-aware-row-scaling/results-revision/plano-control/full-gurobi-01pct/resultados/instance009_matricial_solo_local_postprocesado.csv,/clusteruy/home/mathiasr/generator-aware-row-scaling/results-revision/plano-control/full-gurobi-01pct/logs/instance009_matricial_solo_local.log
instance009.txt,matricial_plano,OK,0,55.49550983,0.097761285634882,-11203744.339841614,-11203700.0,OPTIMAL,-11214697.264347488,402.0,491368.0,0.42,23763.0,16561.0,57555.0,18814.0,13851.0,48460.0,20.826494971173673,16.36374615059477,15.802276083745982,1,Model contains large bounds,9e-06,100000.0,0.002,100.0,0.03,500000000.0,1.0,10000000000.0,0.0007777777777777777,1.0,9.25925925925926,1.0,16770000000000.0,51490000000000.0,0.0,0.0,0.040652488,55.536162318,1.6577266983007009,1.6577266983007009,1.6565132418446342,0.040652488,0.0007325365263699929,-0.009515153207978994,-0.5936736799776554,-5.298886634931402e-08,0.0,0.0,0.0007777777777777777,3.0703637447823495,2647147.0,,0.1099910132046528,78.0,,0.0,7.0,78.0,2.0054969743589743,0.041920514889918,,,,,,,,OK,REVISAR,3.76254320144653e-06,0.0,1.30385160446167e-08,17312083.7079268,0.0,5.28646310585922e-09,5.6843418860808e-14,2.0524486899376e-07,3.72529029846191e-09,160876.260675034,20.8109133355784,8508587.59680227,17312083.7079268,1.45519152283669e-11,0.0,3.76254320144653e-06,0.0,0.0,0.0,0.0,0.0,7.0,0.0,0.0,0.0,0.0,-11203744.3398416,675.879507060876,16795.2651747935,17312083.7079268,0.0,0.0,0.0,2087.0,467.0,920.0,0.0,0.0,0.0,0.0,-11203744.3398416,-11203744.3398416,-0.5936736669391394,5.2988865185549805e-08,igual,-1066.647636540234,DIFIERE,60000.0,284,/clusteruy/home/mathiasr/generator-aware-row-scaling/results-revision/plano-control/full-gurobi-01pct/resultados/instance009_matricial_plano.csv,/clusteruy/home/mathiasr/generator-aware-row-scaling/results-revision/plano-control/full-gurobi-01pct/resultados/instance009_matricial_plano_postprocesado.csv,/clusteruy/home/mathiasr/generator-aware-row-scaling/results-revision/plano-control/full-gurobi-01pct/logs/instance009_matricial_plano.log
instance010.txt,base,OK,0,67.426439651,0.097836754693285,-17507599.972385198,-17507600.0,OPTIMAL,-17524728.840022862,2280.0,536781.0,0.42,23763.0,16561.0,57555.0,21063.0,14955.0,53735.0,11.362201742204267,9.69748203610893,6.637129702024151,3,Model contains large bounds | Model contains large matrix coefficient range | Model contains large rhs,0.0006,10000000000.0,0.0001,100.0,5.0,10000000000.0,1.0,10000000000.0,,,,,,,,,0.0,67.426439651,1.0,1.0,1.0,0.0,0.0,0.0,,,0.0,,,,2524360.980015,,,92.268463,,0.003522,9.239646,92.268463,1.0,0.040308126508263,,,,,,,,BASE,BASE,,,,,,1.14666090272812e-09,2.1316282072803e-14,3.74298542737966e-08,2.36555933952332e-07,460714.200248118,9.07332187038692,16112725.2613743,138742602.43938,9.09494701772928e-13,0.0,5.60656189918518e-07,0.0,4.6293280320242e-10,0.0,0.0,0.0,0.0,0.0,0.0,0.0,0.0,-17507599.9723852,727.088255479641,14099.8601371388,138742602.43938,0.0,4.6293280320242e-10,0.0,677.0,414.0,907.0,0.0,0.0,0.0,0.0,-17507599.9723852,,,,,,BASE,0.0,0,/clusteruy/home/mathiasr/generator-aware-row-scaling/results-revision/plano-control/full-gurobi-01pct/resultados/instance010_base.csv,/clusteruy/home/mathiasr/generator-aware-row-scaling/results-revision/plano-control/full-gurobi-01pct/resultados/instance010_base_postprocesado.csv,/clusteruy/home/mathiasr/generator-aware-row-scaling/results-revision/plano-control/full-gurobi-01pct/logs/instance010_base.log
instance010.txt,estructurado,OK,0,52.108575629,0.049468649185993,-17511341.64068057,-17511300.0,OPTIMAL,-17520004.26484456,1012.0,284102.0,0.44,23763.0,16561.0,57555.0,21064.0,14956.0,53737.0,11.357993519336784,9.691443753396534,6.6336547650073845,1,Model contains large bounds,9e-06,100000.0,0.0001,100.0,0.6,5000000.0,1.0,10000000000.0,0.0006666666666666665,1.0,0.004166666666666667,1.0,19560000000000.0,552200000000.0,1.0,1.5,0.11967372,52.228249349,1.2939605206455718,1.2939605206455718,1.2909955913023723,0.11967372,0.0022966223612030175,0.048368105507291995,-3741.6682953722775,-0.00021371680306118626,-3700.0,-0.00021133679087938952,0.0006666666666666665,0.028231083844580777,43024.0,,0.01704352124779886,57.0,,0.0,9.0,57.0,1.6187449649122807,0.042387248039996,,,,,,,,OK,REVISAR,2.8654932975769e-05,0.0,2.9802322387695312e-08,137551828.826653,0.0,4.18268303406475e-08,2.05702122002541e-13,4.03944868594443e-07,1.95559114217758e-05,460594.450055358,8.66625691495099,16110405.8599766,137551828.826653,2.6946622710966e-09,1.74622982740402e-09,2.8654932975769e-05,2.74040860985648e-07,2.80808762909146e-08,0.0,0.0,0.0,192.0,0.0,0.0,0.0,0.0,-17511341.6406806,646.538702133015,14096.730398472,137551828.826653,2.74040860985648e-07,2.80808762909146e-08,0.0,702.0,410.0,1080.0,0.0,0.0,0.0,0.0,-17511341.6406806,-17511341.6406806,-3741.66829540208,0.0002137168030628885,mejora,4724.5751783028245,DIFIERE,1450000.0,2212,/clusteruy/home/mathiasr/generator-aware-row-scaling/results-revision/plano-control/full-gurobi-01pct/resultados/instance010_estructurado.csv,/clusteruy/home/mathiasr/generator-aware-row-scaling/results-revision/plano-control/full-gurobi-01pct/resultados/instance010_estructurado_postprocesado.csv,/clusteruy/home/mathiasr/generator-aware-row-scaling/results-revision/plano-control/full-gurobi-01pct/logs/instance010_estructurado.log
instance010.txt,estructurado_solo_local,OK,0,51.910632061,0.049468649185993,-17511341.64068057,-17511300.0,OPTIMAL,-17520004.26484456,1012.0,284102.0,0.44,23763.0,16561.0,57555.0,21064.0,14956.0,53737.0,11.357993519336784,9.691443753396534,6.6336547650073845,1,Model contains large bounds,9e-06,100000.0,0.0001,100.0,0.6,5000000.0,1.0,10000000000.0,0.0006666666666666665,1.0,0.004166666666666667,1.0,19560000000000.0,552200000000.0,1.0,1.5,0.119574565,52.030206626,1.2988945996991026,1.2988945996991026,1.295909511481862,0.119574565,0.0023034696410455637,0.048368105507291995,-3741.6682953722775,-0.00021371680306118626,-3700.0,-0.00021133679087938952,0.0006666666666666665,0.028231083844580777,43024.0,,0.01704352124779886,57.0,,0.0,9.0,57.0,1.6187449649122807,0.042410841303398,,,,,,,,OK,REVISAR,2.8654932975769e-05,0.0,2.9802322387695312e-08,137551828.826653,0.0,4.18268303406475e-08,2.05702122002541e-13,4.03944868594443e-07,1.95559114217758e-05,460594.450055358,8.66625691495099,16110405.8599766,137551828.826653,2.6946622710966e-09,1.74622982740402e-09,2.8654932975769e-05,2.74040860985648e-07,2.80808762909146e-08,0.0,0.0,0.0,192.0,0.0,0.0,0.0,0.0,-17511341.6406806,646.538702133015,14096.730398472,137551828.826653,2.74040860985648e-07,2.80808762909146e-08,0.0,702.0,410.0,1080.0,0.0,0.0,0.0,0.0,-17511341.6406806,-17511341.6406806,-3741.66829540208,0.0002137168030628885,mejora,4724.5751783028245,DIFIERE,1450000.0,2212,/clusteruy/home/mathiasr/generator-aware-row-scaling/results-revision/plano-control/full-gurobi-01pct/resultados/instance010_estructurado_solo_local.csv,/clusteruy/home/mathiasr/generator-aware-row-scaling/results-revision/plano-control/full-gurobi-01pct/resultados/instance010_estructurado_solo_local_postprocesado.csv,/clusteruy/home/mathiasr/generator-aware-row-scaling/results-revision/plano-control/full-gurobi-01pct/logs/instance010_estructurado_solo_local.log
instance010.txt,estructurado_plano,OK,0,144.224303703,0.090719337153481,-17501663.70165916,-17501700.0,OPTIMAL,-17517541.09496014,8547.0,740769.0,0.44,23763.0,16561.0,57555.0,21064.0,14956.0,53737.0,11.357993519336784,9.691443753396534,6.6336547650073845,1,Model contains large bounds,9e-06,100000.0,0.0001,100.0,0.6,90000.0,1.0,10000000000.0,0.0006666666666666665,1.0,7.5e-05,1.0,19560000000000.0,11660000000.0,0.0,0.0,0.040907891,144.265211594,0.46751093900131246,0.46751093900131246,0.46737837144519373,0.040907891,0.0002836407592179561,0.007117417539803994,5936.27072603628,0.0003390682181109679,5900.0,0.00033699650437524274,0.0006666666666666665,0.0005961145194274029,6843949.0,,2.711160984574929,153.0,,0.0,11.0,153.0,0.6030618496732026,0.016823942384198,,,,,,,,OK,REVISAR,5.7220458984375e-06,0.0,3.725290298461914e-08,36268178.8500362,0.0,4.52549818587555e-09,2.27373675443232e-13,1.19267497211695e-07,1.71363353729248e-07,140433.281554891,11.1060172938623,5348343.38352083,36268178.8500362,9.54173726741174e-10,5.82076609134674e-11,5.7220458984375e-06,6.51785835625615e-09,0.0,0.0,0.0,0.0,8.0,0.0,0.0,0.0,0.0,-17501663.7016592,1594.28131917488,13359.9215602153,36268178.8500362,6.51785835625615e-09,0.0,0.0,1273.0,475.0,897.0,0.0,0.0,0.0,0.0,-17501663.7016592,-17501663.7016592,5936.2707259990275,0.0003390682181088401,empeora,7187.745062723756,DIFIERE,79020000.0,5233,/clusteruy/home/mathiasr/generator-aware-row-scaling/results-revision/plano-control/full-gurobi-01pct/resultados/instance010_estructurado_plano.csv,/clusteruy/home/mathiasr/generator-aware-row-scaling/results-revision/plano-control/full-gurobi-01pct/resultados/instance010_estructurado_plano_postprocesado.csv,/clusteruy/home/mathiasr/generator-aware-row-scaling/results-revision/plano-control/full-gurobi-01pct/logs/instance010_estructurado_plano.log
instance010.txt,estructurado_matricial,OK,0,64.658145443,0.096235954102388,-17512387.50348369,-17512400.0,OPTIMAL,-17529240.716683775,2815.0,347260.0,0.43,23763.0,16561.0,57555.0,21063.0,14955.0,53737.0,11.362201742204267,9.69748203610893,6.6336547650073845,1,Model contains large bounds,9e-06,100000.0,0.0001,100.0,0.4,500000000.0,1.0,10000000000.0,0.0006666666666666665,1.0,0.625,1.0,19560000000000.0,51240000000000.0,1.0,1.0,0.123925559,64.782071002,1.0428143150261,1.0428143150261,1.0408194521740184,0.123925559,0.0019166271805498623,0.0016008005908969974,-4787.531098492444,-0.0002734544486990698,-4800.0,-0.00027416664762731615,0.0006666666666666665,2.6196319018404908,217884.0,,0.08631253680632685,81.0,,0.0,8.0,81.0,1.139116827160494,0.033040790506944,,,,,,,,OK,REVISAR,8.49366188049316e-07,0.0,1.1175870895385742e-08,137363519.760661,0.0,2.15418526106169e-09,5.6843418860808e-14,8.19563865661621e-08,5.0663948059082e-07,460238.967378336,8.71955318747069,16112724.9249219,137363519.760661,3.02434440068085e-08,7.45058059692383e-09,8.49366188049316e-07,1.78766754148253e-10,1.46734691952588e-07,0.0,0.0,0.0,0.0,0.0,0.0,0.0,0.0,-17512387.5034837,726.734732255471,14101.0648435794,137363519.760661,1.78766754148253e-10,1.46734691952588e-07,0.0,718.0,410.0,910.0,0.0,0.0,0.0,0.0,-17512387.5034837,-17512387.5034837,-4787.531098503619,0.0002734544486997081,mejora,-4511.876660913229,DIFIERE,5350000.0,2410,/clusteruy/home/mathiasr/generator-aware-row-scaling/results-revision/plano-control/full-gurobi-01pct/resultados/instance010_estructurado_matricial.csv,/clusteruy/home/mathiasr/generator-aware-row-scaling/results-revision/plano-control/full-gurobi-01pct/resultados/instance010_estructurado_matricial_postprocesado.csv,/clusteruy/home/mathiasr/generator-aware-row-scaling/results-revision/plano-control/full-gurobi-01pct/logs/instance010_estructurado_matricial.log
instance010.txt,matricial_solo_local,OK,0,64.631165229,0.096235954102388,-17512387.50348369,-17512400.0,OPTIMAL,-17529240.716683775,2815.0,347260.0,0.43,23763.0,16561.0,57555.0,21063.0,14955.0,53737.0,11.362201742204267,9.69748203610893,6.6336547650073845,1,Model contains large bounds,9e-06,100000.0,0.0001,100.0,0.4,500000000.0,1.0,10000000000.0,0.0006666666666666665,1.0,0.625,1.0,19560000000000.0,51240000000000.0,1.0,1.0,0.124154933,64.755320162,1.04324963679822,1.04324963679822,1.0412494213960735,0.124154933,0.001920976243583052,0.0016008005908969974,-4787.531098492444,-0.0002734544486990698,-4800.0,-0.00027416664762731615,0.0006666666666666665,2.6196319018404908,217884.0,,0.08631253680632685,81.0,,0.0,8.0,81.0,1.139116827160494,0.032489548224205,,,,,,,,OK,REVISAR,8.49366188049316e-07,0.0,1.1175870895385742e-08,137363519.760661,0.0,2.15418526106169e-09,5.6843418860808e-14,8.19563865661621e-08,5.0663948059082e-07,460238.967378336,8.71955318747069,16112724.9249219,137363519.760661,3.02434440068085e-08,7.45058059692383e-09,8.49366188049316e-07,1.78766754148253e-10,1.46734691952588e-07,0.0,0.0,0.0,0.0,0.0,0.0,0.0,0.0,-17512387.5034837,726.734732255471,14101.0648435794,137363519.760661,1.78766754148253e-10,1.46734691952588e-07,0.0,718.0,410.0,910.0,0.0,0.0,0.0,0.0,-17512387.5034837,-17512387.5034837,-4787.531098503619,0.0002734544486997081,mejora,-4511.876660913229,DIFIERE,5350000.0,2410,/clusteruy/home/mathiasr/generator-aware-row-scaling/results-revision/plano-control/full-gurobi-01pct/resultados/instance010_matricial_solo_local.csv,/clusteruy/home/mathiasr/generator-aware-row-scaling/results-revision/plano-control/full-gurobi-01pct/resultados/instance010_matricial_solo_local_postprocesado.csv,/clusteruy/home/mathiasr/generator-aware-row-scaling/results-revision/plano-control/full-gurobi-01pct/logs/instance010_matricial_solo_local.log
instance010.txt,matricial_plano,OK,0,49.159466873,0.09740986998491,-17509942.101062637,-17509900.0,OPTIMAL,-17526998.512897715,1302.0,434096.0,0.43,23763.0,16561.0,57555.0,21063.0,14955.0,53737.0,11.362201742204267,9.69748203610893,6.6336547650073845,1,Model contains large bounds,9e-06,100000.0,0.0001,100.0,0.4,500000000.0,1.0,10000000000.0,0.0006666666666666665,1.0,0.625,1.0,19560000000000.0,51240000000000.0,0.0,0.0,0.042116814,49.201583687,1.3715860634776904,1.3715860634776904,1.3704119786049762,0.042116814,0.0008567386238912193,0.0004268847083749999,-2342.1286774389446,-0.00013377782683709891,-2300.0,-0.00013137151865475564,0.0006666666666666665,2.6196319018404908,523736.0,,0.20747270463548678,60.0,,0.0,9.0,60.0,1.5378077166666666,0.04373754709982,,,,,,,,OK,REVISAR,3.84238983315299e-05,7.08759713730371e-07,3.725290298461914e-08,138742602.439412,7.08759713730371e-07,1.87189006269651e-08,7.95807864051312e-13,1.40406191349031e-07,3.84238983315299e-05,460499.830917312,8.92737498247108,16105714.4922479,138742602.439412,3.84238983315299e-05,6.98491930961609e-10,1.99303030967712e-05,6.53015897654471e-07,1.4674856174679e-07,7.08759713730371e-07,2.0,0.0,64.0,0.0,0.0,0.0,0.0,-17509942.1010626,790.499605987661,14079.524264839,138742602.439412,6.53015897654471e-07,1.4674856174679e-07,7.08759713730371e-07,679.0,408.0,913.0,0.0,0.0,0.0,0.0,-17509942.1010626,-17509942.1010626,-2342.1286774016917,0.00013377782683497109,mejora,-2269.672874853015,DIFIERE,13200000.0,2205,/clusteruy/home/mathiasr/generator-aware-row-scaling/results-revision/plano-control/full-gurobi-01pct/resultados/instance010_matricial_plano.csv,/clusteruy/home/mathiasr/generator-aware-row-scaling/results-revision/plano-control/full-gurobi-01pct/resultados/instance010_matricial_plano_postprocesado.csv,/clusteruy/home/mathiasr/generator-aware-row-scaling/results-revision/plano-control/full-gurobi-01pct/logs/instance010_matricial_plano.log
instance011.txt,base,OK,0,398.789844062,0.095817443881284,-4636312.843057431,-4636310.0,OPTIMAL,-4640755.239513989,29443.0,8858837.0,0.41,23763.0,16561.0,57555.0,19621.0,14209.0,50806.0,17.430459117114843,14.20204093955679,11.726174963078794,3,Model contains large bounds | Model contains large matrix coefficient range | Model contains large rhs,0.0006,10000000000.0,0.0003,100.0,5.0,10000000000.0,1.0,10000000000.0,,,,,,,,,0.0,398.789844062,1.0,1.0,1.0,0.0,0.0,0.0,,,0.0,,,,307723682.879147,,,574.765669,,0.029075,10.544673,574.765669,1.0,0.015345019364542,,,,,,,,BASE,BASE,,,,,,1.02833711039079e-09,2.1316282072803e-14,2.60770320892334e-08,1.02445483207703e-07,253174.793178672,7.59962419483747,13368002.0519438,115650364.002059,7.27595761418343e-12,7.45058059692383e-09,4.76837158203125e-07,0.0,0.0,0.0,0.0,0.0,0.0,0.0,0.0,0.0,0.0,-4636312.84305743,1358.69002004105,16443.3126554119,115650364.002059,0.0,0.0,0.0,922.0,428.0,861.0,0.0,0.0,0.0,0.0,-4636312.84305743,,,,,,BASE,0.0,0,/clusteruy/home/mathiasr/generator-aware-row-scaling/results-revision/plano-control/full-gurobi-01pct/resultados/instance011_base.csv,/clusteruy/home/mathiasr/generator-aware-row-scaling/results-revision/plano-control/full-gurobi-01pct/resultados/instance011_base_postprocesado.csv,/clusteruy/home/mathiasr/generator-aware-row-scaling/results-revision/plano-control/full-gurobi-01pct/logs/instance011_base.log
instance011.txt,estructurado,OK,0,397.266512231,0.099790543070449,-4636287.095569195,-4636290.0,OPTIMAL,-4640913.671640169,21969.0,6715058.0,0.45,23763.0,16561.0,57555.0,19621.0,14209.0,50808.0,17.430459117114843,14.20204093955679,11.722700026062027,1,Model contains large bounds,9e-06,100000.0,0.0003,100.0,0.4,5000000.0,1.0,10000000000.0,0.0006666666666666665,1.0,0.00625,1.0,20700000000000.0,559400000000.0,1.0,1.5,0.119170028,397.38568225899996,1.003834533704956,1.003834533704956,1.0035334987285345,0.119170028,0.00029997501508686385,-0.003973099189164997,25.747488236054778,5.553440655888854e-06,20.0,4.313775394656526e-06,0.0006666666666666665,0.02702415458937198,4403507.0,,0.014309938574761562,530.0,,0.0,11.0,530.0,1.0844635264150944,0.011781934601928,,,,,,,,OK,REVISAR,1.70469284057617e-05,0.0,4.6566128730773926e-09,115650364.002058,0.0,7.76144336909901e-09,9.2370555648813e-14,1.89989805221558e-07,1.6666017472744e-06,253219.650072665,7.00423199465798,13495359.4183516,115650364.002058,7.62939453125e-06,3.72529029846191e-09,1.70469284057617e-05,1.18421452022579e-08,0.0,0.0,1.0,0.0,13.0,0.0,0.0,0.0,0.0,-4636287.0955692,1403.84687310205,16538.675578974,115650364.002058,1.18421452022579e-08,0.0,0.0,844.0,422.0,860.0,0.0,0.0,0.0,0.0,-4636287.0955692,-4636287.0955692,25.747488231398165,5.5534406548844755e-06,empeora,-158.43212618026882,DIFIERE,22280000.0,4102,/clusteruy/home/mathiasr/generator-aware-row-scaling/results-revision/plano-control/full-gurobi-01pct/resultados/instance011_estructurado.csv,/clusteruy/home/mathiasr/generator-aware-row-scaling/results-revision/plano-control/full-gurobi-01pct/resultados/instance011_estructurado_postprocesado.csv,/clusteruy/home/mathiasr/generator-aware-row-scaling/results-revision/plano-control/full-gurobi-01pct/logs/instance011_estructurado.log
instance011.txt,estructurado_solo_local,OK,0,398.021636553,0.099790543070449,-4636287.095569195,-4636290.0,OPTIMAL,-4640913.671640169,21969.0,6715058.0,0.44,23763.0,16561.0,57555.0,19621.0,14209.0,50808.0,17.430459117114843,14.20204093955679,11.722700026062027,1,Model contains large bounds,9e-06,100000.0,0.0003,100.0,0.4,5000000.0,1.0,10000000000.0,0.0006666666666666665,1.0,0.00625,1.0,20700000000000.0,559400000000.0,1.0,1.5,0.119124857,398.14076141,1.0019300646961127,1.0019300646961127,1.0016302843489355,0.119124857,0.00029929241543666054,-0.003973099189164997,25.747488236054778,5.553440655888854e-06,20.0,4.313775394656526e-06,0.0006666666666666665,0.02702415458937198,4403507.0,,0.014309938574761562,530.0,,0.0,11.0,530.0,1.0844635264150944,0.011762046695488,,,,,,,,OK,REVISAR,1.70469284057617e-05,0.0,4.6566128730773926e-09,115650364.002058,0.0,7.76144336909901e-09,9.2370555648813e-14,1.89989805221558e-07,1.6666017472744e-06,253219.650072665,7.00423199465798,13495359.4183516,115650364.002058,7.62939453125e-06,3.72529029846191e-09,1.70469284057617e-05,1.18421452022579e-08,0.0,0.0,1.0,0.0,13.0,0.0,0.0,0.0,0.0,-4636287.0955692,1403.84687310205,16538.675578974,115650364.002058,1.18421452022579e-08,0.0,0.0,844.0,422.0,860.0,0.0,0.0,0.0,0.0,-4636287.0955692,-4636287.0955692,25.747488231398165,5.5534406548844755e-06,empeora,-158.43212618026882,DIFIERE,22280000.0,4102,/clusteruy/home/mathiasr/generator-aware-row-scaling/results-revision/plano-control/full-gurobi-01pct/resultados/instance011_estructurado_solo_local.csv,/clusteruy/home/mathiasr/generator-aware-row-scaling/results-revision/plano-control/full-gurobi-01pct/resultados/instance011_estructurado_solo_local_postprocesado.csv,/clusteruy/home/mathiasr/generator-aware-row-scaling/results-revision/plano-control/full-gurobi-01pct/logs/instance011_estructurado_solo_local.log
instance011.txt,estructurado_plano,OK,0,379.882669553,0.099020860661145,-4636286.9810774205,-4636290.0,OPTIMAL,-4640877.872348804,27848.0,7945189.0,0.43,23763.0,16561.0,57555.0,19621.0,14209.0,50808.0,17.430459117114843,14.20204093955679,11.722700026062027,1,Model contains large bounds,9e-06,100000.0,0.0003,100.0,0.4,90000.0,1.0,10000000000.0,0.0006666666666666665,1.0,0.0001125,1.0,20700000000000.0,12920000000.0,0.0,0.0,0.0407188,379.923388353,1.0497710899295503,1.0497710899295503,1.049658579301442,0.0407188,0.00010718783262188022,-0.003203416779860996,25.86198001075536,5.578135230775453e-06,20.0,4.313775394656526e-06,0.0006666666666666665,0.0006241545893719807,5686530.0,,0.018479338173764428,522.0,,0.0,11.0,522.0,1.1010836570881226,0.013198038110116,,,,,,,,OK,REVISAR,2.26381234824657e-06,0.0,9.313225746154785e-10,28627355.0097587,0.0,4.13935486742332e-09,5.6843418860808e-14,1.21979974210263e-07,2.38418579101562e-07,131160.754229753,11.1159694716385,4016257.05799517,28627355.0097587,5.47830849290709e-10,3.72529029846191e-09,2.26381234824657e-06,3.74217375598828e-09,0.0,0.0,0.0,0.0,7.0,0.0,0.0,0.0,0.0,-4636286.98107742,1533.11943284528,17721.4863238201,28627355.0097587,3.74217375598828e-09,0.0,0.0,1371.0,441.0,863.0,0.0,0.0,0.0,0.0,-4636286.98107742,-4636286.98107742,25.861980011686683,5.578135230976328e-06,empeora,-122.63283481542021,DIFIERE,6700000.0,2949,/clusteruy/home/mathiasr/generator-aware-row-scaling/results-revision/plano-control/full-gurobi-01pct/resultados/instance011_estructurado_plano.csv,/clusteruy/home/mathiasr/generator-aware-row-scaling/results-revision/plano-control/full-gurobi-01pct/resultados/instance011_estructurado_plano_postprocesado.csv,/clusteruy/home/mathiasr/generator-aware-row-scaling/results-revision/plano-control/full-gurobi-01pct/logs/instance011_estructurado_plano.log
instance011.txt,estructurado_matricial,OK,0,359.525847482,0.099765289695381,-4636287.095594278,-4636290.0,OPTIMAL,-4640912.500846307,26218.0,5936986.0,0.43,23763.0,16561.0,57555.0,19621.0,14209.0,50808.0,17.430459117114843,14.20204093955679,11.722700026062027,1,Model contains large bounds,9e-06,100000.0,0.0003,100.0,0.1,500000000.0,1.0,10000000000.0,0.0006666666666666665,1.0,2.5,1.0,20700000000000.0,51360000000000.0,1.0,1.0,0.123550776,359.649398258,1.1092104972562946,1.1092104972562946,1.1088294488843324,0.123550776,0.000343649217059938,-0.00394784581409699,25.7474631536752,5.553435245904578e-06,20.0,4.313775394656526e-06,0.0006666666666666665,2.4811594202898553,21542209.0,,0.07000504088097867,477.0,,0.0,11.0,477.0,1.2049594737945493,0.012497552363413,,,,,,,,OK,REVISAR,8.54954123497009e-07,0.0,2.7939677238464355e-09,115650364.002059,0.0,2.49326368074204e-09,3.36619621066328e-14,9.34861600399027e-08,1.69500708580017e-07,253219.650070223,7.00423199432149,13495359.4184881,115650364.002059,2.38418579101562e-07,3.72529029846191e-09,8.54954123497009e-07,0.0,0.0,0.0,0.0,0.0,0.0,0.0,0.0,0.0,0.0,-4636287.09559428,1403.84687310205,16538.6755785889,115650364.002059,0.0,0.0,0.0,843.0,422.0,847.0,0.0,0.0,0.0,0.0,-4636287.09559428,-4636287.09559428,25.74746315088123,5.553435245301951e-06,empeora,-157.26133231818676,DIFIERE,22280000.0,4091,/clusteruy/home/mathiasr/generator-aware-row-scaling/results-revision/plano-control/full-gurobi-01pct/resultados/instance011_estructurado_matricial.csv,/clusteruy/home/mathiasr/generator-aware-row-scaling/results-revision/plano-control/full-gurobi-01pct/resultados/instance011_estructurado_matricial_postprocesado.csv,/clusteruy/home/mathiasr/generator-aware-row-scaling/results-revision/plano-control/full-gurobi-01pct/logs/instance011_estructurado_matricial.log
instance011.txt,matricial_solo_local,OK,0,360.161846299,0.099765289695381,-4636287.095594278,-4636290.0,OPTIMAL,-4640912.500846307,26218.0,5936986.0,0.43,23763.0,16561.0,57555.0,19621.0,14209.0,50808.0,17.430459117114843,14.20204093955679,11.722700026062027,1,Model contains large bounds,9e-06,100000.0,0.0003,100.0,0.1,500000000.0,1.0,10000000000.0,0.0006666666666666665,1.0,2.5,1.0,20700000000000.0,51360000000000.0,1.0,1.0,0.121405396,360.283251695,1.1072517762776342,1.1072517762776342,1.1068786633456889,0.121405396,0.0003370856664789845,-0.00394784581409699,25.7474631536752,5.553435245904578e-06,20.0,4.313775394656526e-06,0.0006666666666666665,2.4811594202898553,21542209.0,,0.07000504088097867,477.0,,0.0,11.0,477.0,1.2049594737945493,0.01248210694922,,,,,,,,OK,REVISAR,8.54954123497009e-07,0.0,2.7939677238464355e-09,115650364.002059,0.0,2.49326368074204e-09,3.36619621066328e-14,9.34861600399027e-08,1.69500708580017e-07,253219.650070223,7.00423199432149,13495359.4184881,115650364.002059,2.38418579101562e-07,3.72529029846191e-09,8.54954123497009e-07,0.0,0.0,0.0,0.0,0.0,0.0,0.0,0.0,0.0,0.0,-4636287.09559428,1403.84687310205,16538.6755785889,115650364.002059,0.0,0.0,0.0,843.0,422.0,847.0,0.0,0.0,0.0,0.0,-4636287.09559428,-4636287.09559428,25.74746315088123,5.553435245301951e-06,empeora,-157.26133231818676,DIFIERE,22280000.0,4091,/clusteruy/home/mathiasr/generator-aware-row-scaling/results-revision/plano-control/full-gurobi-01pct/resultados/instance011_matricial_solo_local.csv,/clusteruy/home/mathiasr/generator-aware-row-scaling/results-revision/plano-control/full-gurobi-01pct/resultados/instance011_matricial_solo_local_postprocesado.csv,/clusteruy/home/mathiasr/generator-aware-row-scaling/results-revision/plano-control/full-gurobi-01pct/logs/instance011_matricial_solo_local.log
instance011.txt,matricial_plano,OK,0,241.667556059,0.097924547987603,-4636312.843057394,-4636310.0,OPTIMAL,-4640852.931452249,12109.0,3109196.0,0.43,23763.0,16561.0,57555.0,19621.0,14209.0,50808.0,17.430459117114843,14.20204093955679,11.722700026062027,1,Model contains large bounds,9e-06,100000.0,0.0003,100.0,0.1,500000000.0,1.0,10000000000.0,0.0006666666666666665,1.0,2.5,1.0,20700000000000.0,51360000000000.0,0.0,0.0,0.040724276,241.70828033499998,1.650158798993443,1.650158798993443,1.6498807716032315,0.040724276,0.00016851362534595952,-0.002107104106318994,3.725290298461914e-08,8.035027886524715e-15,0.0,0.0,0.0006666666666666665,2.4811594202898553,20597297.0,,0.06693438999327596,307.0,,0.0,11.0,307.0,1.8722008762214983,0.016982454504858,,,,,,,,OK,REVISAR,8.27014446258545e-07,0.0,3.725290298461914e-09,115650364.002059,0.0,2.85457455343432e-09,5.6843418860808e-14,9.68575477600098e-08,1.39698386192322e-07,253174.793178672,7.59962419483747,13368002.0519438,115650364.002059,1.59161572810262e-11,3.72529029846191e-09,8.27014446258545e-07,3.28512658985952e-11,0.0,0.0,0.0,0.0,0.0,0.0,0.0,0.0,0.0,-4636312.84305739,1358.69002004106,16443.3126554119,115650364.002059,3.28512658985952e-11,0.0,0.0,922.0,428.0,861.0,0.0,0.0,0.0,0.0,-4636312.84305739,-4636312.84305739,4.0978193283081055e-08,8.838530675177185e-15,igual,-97.69193826057017,DIFIERE,1.0,118,/clusteruy/home/mathiasr/generator-aware-row-scaling/results-revision/plano-control/full-gurobi-01pct/resultados/instance011_matricial_plano.csv,/clusteruy/home/mathiasr/generator-aware-row-scaling/results-revision/plano-control/full-gurobi-01pct/resultados/instance011_matricial_plano_postprocesado.csv,/clusteruy/home/mathiasr/generator-aware-row-scaling/results-revision/plano-control/full-gurobi-01pct/logs/instance011_matricial_plano.log
instance012.txt,base,OK,0,645.478680336,0.093037335453207,-6085346.847429135,-6085350.0,OPTIMAL,-6091008.491989069,33111.0,9736340.0,0.34,23763.0,16561.0,57555.0,21467.0,15092.0,54625.0,9.66207970374111,8.870237304510598,5.090782729563027,3,Model contains large bounds | Model contains large matrix coefficient range | Model contains large rhs,0.0007,9000000000.0,0.0001,100.0,5.0,6000000000.0,1.0,10000000000.0,,,,,,,,,0.0,645.478680336,1.0,1.0,1.0,0.0,0.0,0.0,,,0.0,,,,8776048217630997.0,,,944.717312,,0.049185,13.929218,944.717312,1.0,0.026771203618098,,,,,,,,BASE,BASE,,,,,,1.30110508383014e-09,4.9737991503207e-14,3.35276126861572e-08,2.19792127609253e-07,209809.746747172,2.5670677601982,14133491.454167,38728566.538691,5.6843418860808e-13,0.0,9.94652509689331e-07,0.0,0.0,0.0,0.0,0.0,0.0,0.0,0.0,0.0,0.0,-6085346.84742913,178.621849216048,271.141647926182,38728566.538691,0.0,0.0,0.0,965.0,7.0,897.0,0.0,0.0,0.0,0.0,-6085346.84742913,,,,,,BASE,0.0,0,/clusteruy/home/mathiasr/generator-aware-row-scaling/results-revision/plano-control/full-gurobi-01pct/resultados/instance012_base.csv,/clusteruy/home/mathiasr/generator-aware-row-scaling/results-revision/plano-control/full-gurobi-01pct/resultados/instance012_base_postprocesado.csv,/clusteruy/home/mathiasr/generator-aware-row-scaling/results-revision/plano-control/full-gurobi-01pct/logs/instance012_base.log
instance012.txt,estructurado,OK,0,572.846340527,0.09872236604278,-6085345.434999761,-6085350.0,OPTIMAL,-6091353.031995069,45590.0,9907308.0,0.36,23763.0,16561.0,57555.0,21467.0,15092.0,54627.0,9.66207970374111,8.870237304510598,5.08730779254626,1,Model contains large bounds,1e-05,90000.0,0.0001,100.0,4.0,6000000.0,1.0,10000000000.0,0.0007,1.0,0.00125,1.0,12010000000000.0,517900000000.0,1.0,1.5,0.11949006,572.965830587,1.1267920115229864,1.1267920115229864,1.1265570229113158,0.11949006,0.00020859007302040722,-0.005685030589572995,1.4124293737113476,2.3210334745472298e-07,0.0,0.0,0.0007,0.04312239800166528,1980019.0,,2.2561623989510002e-10,808.0,,0.0,14.0,808.0,1.169204594059406,0.01966599215459,,,,,,,,OK,REVISAR,3.51592898368835e-05,0.0,9.313225746154785e-10,38734112.0698032,0.0,7.34189926190574e-09,1.27897692436818e-13,1.90697610378267e-07,3.51592898368835e-05,209904.075753282,2.57701488035792,14125783.9603096,38734112.0698032,9.5367431640625e-07,0.0,3.51592898368835e-05,2.23431043226432e-07,0.0,0.0,0.0,0.0,20.0,0.0,0.0,0.0,0.0,-6085345.43499976,174.652474789022,275.896857009226,38734112.0698032,1.24641970194032e-08,0.0,0.0,956.0,10.0,909.0,0.0,0.0,0.0,0.0,-6085345.43499976,-6085345.43499976,1.4124293746426702,2.3210334760776645e-07,igual,-344.5400060005486,DIFIERE,5160000.0,2320,/clusteruy/home/mathiasr/generator-aware-row-scaling/results-revision/plano-control/full-gurobi-01pct/resultados/instance012_estructurado.csv,/clusteruy/home/mathiasr/generator-aware-row-scaling/results-revision/plano-control/full-gurobi-01pct/resultados/instance012_estructurado_postprocesado.csv,/clusteruy/home/mathiasr/generator-aware-row-scaling/results-revision/plano-control/full-gurobi-01pct/logs/instance012_estructurado.log
instance012.txt,estructurado_solo_local,OK,0,574.306682347,0.09872236604278,-6085345.434999761,-6085350.0,OPTIMAL,-6091353.031995069,45590.0,9907308.0,0.36,23763.0,16561.0,57555.0,21467.0,15092.0,54627.0,9.66207970374111,8.870237304510598,5.08730779254626,1,Model contains large bounds,1e-05,90000.0,0.0001,100.0,4.0,6000000.0,1.0,10000000000.0,0.0007,1.0,0.00125,1.0,12010000000000.0,517900000000.0,1.0,1.5,0.119427034,574.426109381,1.1239268150217996,1.1239268150217996,1.123693143112116,0.119427034,0.000207949929316409,-0.005685030589572995,1.4124293737113476,2.3210334745472298e-07,0.0,0.0,0.0007,0.04312239800166528,1980019.0,,2.2561623989510002e-10,808.0,,0.0,14.0,808.0,1.169204594059406,0.019577046537408,,,,,,,,OK,REVISAR,3.51592898368835e-05,0.0,9.313225746154785e-10,38734112.0698032,0.0,7.34189926190574e-09,1.27897692436818e-13,1.90697610378267e-07,3.51592898368835e-05,209904.075753282,2.57701488035792,14125783.9603096,38734112.0698032,9.5367431640625e-07,0.0,3.51592898368835e-05,2.23431043226432e-07,0.0,0.0,0.0,0.0,20.0,0.0,0.0,0.0,0.0,-6085345.43499976,174.652474789022,275.896857009226,38734112.0698032,1.24641970194032e-08,0.0,0.0,956.0,10.0,909.0,0.0,0.0,0.0,0.0,-6085345.43499976,-6085345.43499976,1.4124293746426702,2.3210334760776645e-07,igual,-344.5400060005486,DIFIERE,5160000.0,2320,/clusteruy/home/mathiasr/generator-aware-row-scaling/results-revision/plano-control/full-gurobi-01pct/resultados/instance012_estructurado_solo_local.csv,/clusteruy/home/mathiasr/generator-aware-row-scaling/results-revision/plano-control/full-gurobi-01pct/resultados/instance012_estructurado_solo_local_postprocesado.csv,/clusteruy/home/mathiasr/generator-aware-row-scaling/results-revision/plano-control/full-gurobi-01pct/logs/instance012_estructurado_solo_local.log
instance012.txt,estructurado_plano,OK,0,553.680169334,0.093288029116853,-6085351.662100283,-6085350.0,OPTIMAL,-6091028.566730686,22395.0,8764818.0,0.36,23763.0,16561.0,57555.0,21467.0,15092.0,54627.0,9.66207970374111,8.870237304510598,5.08730779254626,1,Model contains large bounds,1e-05,90000.0,0.0001,100.0,4.0,70000.0,1.0,10000000000.0,0.0007,1.0,1.4583333333333333e-05,1.0,12010000000000.0,8706000000.0,0.0,0.0,0.041185641,553.7213549749999,1.165796999940274,1.165796999940274,1.165710288282349,0.041185641,7.438525575069916e-05,-0.00025069366364599555,-4.81467114854604,-7.911909163534508e-07,0.0,0.0,0.0007,0.0007248959200666111,3134494.0,,3.5716462834637024e-10,783.0,,0.0,14.0,783.0,1.2065355197956578,0.013852690847677,,,,,,,,REVISAR,REVISAR,0.00019073486328125,0.0,3.725290298461914e-09,14222992.1609382,0.0,1.32438015912904e-08,1.56719082156086e-13,1.71717256307603e-07,8.62404704093933e-07,44585.4174652476,2.73944570773158,2688141.04724015,14222992.1609382,0.00019073486328125,0.0,3.48314642906189e-06,0.0,0.0,0.0,1.0,0.0,13.0,0.0,0.0,0.0,0.0,-6085351.66210028,1446.83697864997,777.195250862555,14222992.1609382,0.0,0.0,0.0,1979.0,72.0,910.0,0.0,0.0,0.0,0.0,-6085351.66210028,-6085351.66210028,-4.81467114482075,7.911909157412769e-07,igual,-20.074741617776453,DIFIERE,5160000.0,4281,/clusteruy/home/mathiasr/generator-aware-row-scaling/results-revision/plano-control/full-gurobi-01pct/resultados/instance012_estructurado_plano.csv,/clusteruy/home/mathiasr/generator-aware-row-scaling/results-revision/plano-control/full-gurobi-01pct/resultados/instance012_estructurado_plano_postprocesado.csv,/clusteruy/home/mathiasr/generator-aware-row-scaling/results-revision/plano-control/full-gurobi-01pct/logs/instance012_estructurado_plano.log
instance012.txt,estructurado_matricial,OK,0,570.996993567,0.093629730410629,-6085353.917564549,-6085350.0,OPTIMAL,-6091051.618032097,28682.0,8893760.0,0.35,23763.0,16561.0,57555.0,21467.0,15092.0,54627.0,9.66207970374111,8.870237304510598,5.08730779254626,1,Model contains large bounds,1e-05,90000.0,0.0001,100.0,10.0,400000000.0,1.0,10000000000.0,0.0007,1.0,0.03333333333333333,1.0,12010000000000.0,40420000000000.0,1.0,1.0,0.123950159,571.120943726,1.1304414692338665,1.1304414692338665,1.1301961299560987,0.123950159,0.00021707672789253639,-0.0005923949574219989,-7.07013541366905,-1.1618294882658918e-06,0.0,0.0,0.0007,3.365528726061615,4294168.0,,4.89305424664037e-10,844.0,,0.0,14.0,844.0,1.119333308056872,0.014389081667908,,,,,,,,OK,REVISAR,2.24635004997253e-06,0.0,1.862645149230957e-09,38715149.7452907,0.0,3.58740905811632e-09,9.9475983006414e-14,1.13621354103088e-07,3.07336449623108e-07,209799.409071743,2.57403135083767,14134073.7290618,38715149.7452907,7.27595761418343e-12,1.86264514923096e-09,2.24635004997253e-06,0.0,0.0,0.0,0.0,0.0,3.0,0.0,0.0,0.0,0.0,-6085353.91756455,179.018786658744,270.782550434276,38715149.7452907,0.0,0.0,0.0,962.0,9.0,900.0,0.0,0.0,0.0,0.0,-6085353.91756455,-6085353.91756455,-7.070135415531695,1.1618294885719788e-06,mejora,-43.12604302819818,DIFIERE,5160000.0,1564,/clusteruy/home/mathiasr/generator-aware-row-scaling/results-revision/plano-control/full-gurobi-01pct/resultados/instance012_estructurado_matricial.csv,/clusteruy/home/mathiasr/generator-aware-row-scaling/results-revision/plano-control/full-gurobi-01pct/resultados/instance012_estructurado_matricial_postprocesado.csv,/clusteruy/home/mathiasr/generator-aware-row-scaling/results-revision/plano-control/full-gurobi-01pct/logs/instance012_estructurado_matricial.log
instance012.txt,matricial_solo_local,OK,0,571.642602493,0.093629730410629,-6085353.917564549,-6085350.0,OPTIMAL,-6091051.618032097,28682.0,8893760.0,0.35,23763.0,16561.0,57555.0,21467.0,15092.0,54627.0,9.66207970374111,8.870237304510598,5.08730779254626,1,Model contains large bounds,1e-05,90000.0,0.0001,100.0,10.0,400000000.0,1.0,10000000000.0,0.0007,1.0,0.03333333333333333,1.0,12010000000000.0,40420000000000.0,1.0,1.0,0.121637713,571.7642402060001,1.1291647570020014,1.1291647570020014,1.1289245373293046,0.121637713,0.00021278629771385784,-0.0005923949574219989,-7.07013541366905,-1.1618294882658918e-06,0.0,0.0,0.0007,3.365528726061615,4294168.0,,4.89305424664037e-10,844.0,,0.0,14.0,844.0,1.119333308056872,0.014375468987562,,,,,,,,OK,REVISAR,2.24635004997253e-06,0.0,1.862645149230957e-09,38715149.7452907,0.0,3.58740905811632e-09,9.9475983006414e-14,1.13621354103088e-07,3.07336449623108e-07,209799.409071743,2.57403135083767,14134073.7290618,38715149.7452907,7.27595761418343e-12,1.86264514923096e-09,2.24635004997253e-06,0.0,0.0,0.0,0.0,0.0,3.0,0.0,0.0,0.0,0.0,-6085353.91756455,179.018786658744,270.782550434276,38715149.7452907,0.0,0.0,0.0,962.0,9.0,900.0,0.0,0.0,0.0,0.0,-6085353.91756455,-6085353.91756455,-7.070135415531695,1.1618294885719788e-06,mejora,-43.12604302819818,DIFIERE,5160000.0,1564,/clusteruy/home/mathiasr/generator-aware-row-scaling/results-revision/plano-control/full-gurobi-01pct/resultados/instance012_matricial_solo_local.csv,/clusteruy/home/mathiasr/generator-aware-row-scaling/results-revision/plano-control/full-gurobi-01pct/resultados/instance012_matricial_solo_local_postprocesado.csv,/clusteruy/home/mathiasr/generator-aware-row-scaling/results-revision/plano-control/full-gurobi-01pct/logs/instance012_matricial_solo_local.log
instance012.txt,matricial_plano,OK,0,447.481806734,0.080230459171368,-6085355.339881278,-6085360.0,OPTIMAL,-6090237.648412674,22018.0,6997454.0,0.35,23763.0,16561.0,57555.0,21467.0,15092.0,54627.0,9.66207970374111,8.870237304510598,5.08730779254626,1,Model contains large bounds,1e-05,90000.0,0.0001,100.0,10.0,400000000.0,1.0,10000000000.0,0.0007,1.0,0.03333333333333333,1.0,12010000000000.0,40420000000000.0,0.0,0.0,0.040998419,447.522805153,1.4424691029275674,1.4424691029275674,1.4423369555777665,0.040998419,9.162030362582093e-05,0.012806876281839005,-8.492452142760158,-1.3955576166291899e-06,-10.0,-1.6432908542647506e-06,0.0007,3.365528726061615,5057379.0,,5.762706487687447e-10,655.0,,0.0,14.0,655.0,1.442316506870229,0.020693154055159,,,,,,,,OK,REVISAR,2.6896595954895e-06,0.0,2.7939677238464355e-09,38715223.7028779,0.0,3.03078859244879e-09,8.5265128291212e-14,8.8540837168695e-08,5.6438148021698e-07,209799.488442464,2.57403135083767,14134070.5192829,38715223.7028779,1.45519152283669e-11,1.16415321826935e-10,2.6896595954895e-06,0.0,0.0,0.0,0.0,0.0,2.0,0.0,0.0,0.0,0.0,-6085355.33988128,179.018786658744,270.784529897166,38715223.7028779,0.0,0.0,0.0,962.0,9.0,897.0,0.0,0.0,0.0,0.0,-6085355.33988128,-6085355.33988128,-8.492452145554125,1.3955576170883203e-06,mejora,770.8435763949528,DIFIERE,5160000.0,1575,/clusteruy/home/mathiasr/generator-aware-row-scaling/results-revision/plano-control/full-gurobi-01pct/resultados/instance012_matricial_plano.csv,/clusteruy/home/mathiasr/generator-aware-row-scaling/results-revision/plano-control/full-gurobi-01pct/resultados/instance012_matricial_plano_postprocesado.csv,/clusteruy/home/mathiasr/generator-aware-row-scaling/results-revision/plano-control/full-gurobi-01pct/logs/instance012_matricial_plano.log
instance014.txt,base,OK,0,2.394676351,0.000159315354681,-1696763.9803202436,-1696760.0,OPTIMAL,-1696766.683525797,1.0,21781.0,0.34,23763.0,16561.0,57555.0,20032.0,14356.0,52245.0,15.700879518579304,13.314413380834491,9.225957779515246,4,Model contains large bounds | Model contains large matrix coefficient range | Model contains large rhs | max constraint violation (8.2017e-06) exceeds tolerance,0.0005,4000000000.0,0.0001,100.0,5.0,4000000000.0,1.0,10000000000.0,,,,,,,,,0.0,2.394676351,1.0,1.0,1.0,0.0,0.0,0.0,,,0.0,,,,44332401.481374,,,2.302928,,0.020971,2.210523,2.302928,1.0,0.445181991975639,,,,,,,,BASE,BASE,,,,,,2.03282698934429e-09,3.10862446895044e-15,2.49221920967121e-08,2.19792127609253e-07,701928.556313858,1.66977792922164,12431146.4019629,473452467.731855,9.5367431640625e-07,1.86264514923096e-09,8.2012265920639e-06,1.85367228190104e-09,2.46354829869233e-08,0.0,0.0,0.0,6.0,0.0,0.0,0.0,0.0,-1696763.98032024,37176.7163922661,5565.62724847114,473452467.731855,1.85367228190104e-09,2.46354829869233e-08,0.0,668.0,56.0,858.0,0.0,0.0,0.0,0.0,-1696763.98032024,,,,,,BASE,0.0,0,/clusteruy/home/mathiasr/generator-aware-row-scaling/results-revision/plano-control/full-gurobi-01pct/resultados/instance014_base.csv,/clusteruy/home/mathiasr/generator-aware-row-scaling/results-revision/plano-control/full-gurobi-01pct/resultados/instance014_base_postprocesado.csv,/clusteruy/home/mathiasr/generator-aware-row-scaling/results-revision/plano-control/full-gurobi-01pct/logs/instance014_base.log
instance014.txt,estructurado,OK,0,2.294931379,0.000240524357365,-1696763.9803210627,-1696760.0,OPTIMAL,-1696768.0614517224,1.0,17599.0,0.36,23763.0,16561.0,57555.0,20032.0,14356.0,52246.0,15.700879518579304,13.314413380834491,9.224220311006864,1,Model contains large bounds,2e-05,70000.0,0.0001,100.0,3.0,5000000.0,1.0,10000000000.0,0.00043749999999999995,1.0,0.0020833333333333333,1.0,8348000000000.0,353300000000.0,1.0,1.5,0.119568765,2.414500144,1.0434631609958915,1.0434631609958915,0.9917896906946717,0.119568765,0.052101237576916676,-8.1209002684e-05,-8.190982043743134e-07,-4.827413911861321e-13,0.0,0.0,0.00043749999999999995,0.04232151413512218,1127815.0,,0.025439970818495923,2.0,,,,2.0,1.151464,0.49457828608375,,,,,,,,OK,REVISAR,2.81333923339844e-05,0.0,2.7939677238464355e-09,487403798.505569,0.0,1.17441106468345e-08,1.27897692436818e-13,2.38418579101562e-07,2.38418579101562e-07,959187.591567308,5.87509780203717,12562633.1191154,487403798.505569,2.38418579101562e-07,1.86264514923096e-09,2.81333923339844e-05,7.0621340541851e-08,1.40762494993396e-07,0.0,0.0,0.0,11.0,0.0,0.0,0.0,0.0,-1696763.98032106,32496.6325074347,5551.09813687945,487403798.505569,7.0621340541851e-08,1.40762494993396e-07,0.0,783.0,100.0,874.0,0.0,0.0,0.0,0.0,-1696763.98032106,-1696763.98032106,-8.163042366504669e-07,4.810947463043148e-13,igual,-1.3779259254224598,DIFIERE,1228771000.0,4646,/clusteruy/home/mathiasr/generator-aware-row-scaling/results-revision/plano-control/full-gurobi-01pct/resultados/instance014_estructurado.csv,/clusteruy/home/mathiasr/generator-aware-row-scaling/results-revision/plano-control/full-gurobi-01pct/resultados/instance014_estructurado_postprocesado.csv,/clusteruy/home/mathiasr/generator-aware-row-scaling/results-revision/plano-control/full-gurobi-01pct/logs/instance014_estructurado.log
instance014.txt,estructurado_solo_local,OK,0,2.273447957,0.000240524357365,-1696763.9803210627,-1696760.0,OPTIMAL,-1696768.0614517224,1.0,17599.0,0.36,23763.0,16561.0,57555.0,20032.0,14356.0,52246.0,15.700879518579304,13.314413380834491,9.224220311006864,1,Model contains large bounds,2e-05,70000.0,0.0001,100.0,3.0,5000000.0,1.0,10000000000.0,0.00043749999999999995,1.0,0.0020833333333333333,1.0,8348000000000.0,353300000000.0,1.0,1.5,0.120016822,2.3934647790000003,1.0533235843937994,1.0533235843937994,1.0005062000538425,0.120016822,0.05279066170415969,-8.1209002684e-05,-8.190982043743134e-07,-4.827413911861321e-13,0.0,0.0,0.00043749999999999995,0.04232151413512218,1127815.0,,0.025439970818495923,2.0,,,,2.0,1.151464,0.495183169798925,,,,,,,,OK,REVISAR,2.81333923339844e-05,0.0,2.7939677238464355e-09,487403798.505569,0.0,1.17441106468345e-08,1.27897692436818e-13,2.38418579101562e-07,2.38418579101562e-07,959187.591567308,5.87509780203717,12562633.1191154,487403798.505569,2.38418579101562e-07,1.86264514923096e-09,2.81333923339844e-05,7.0621340541851e-08,1.40762494993396e-07,0.0,0.0,0.0,11.0,0.0,0.0,0.0,0.0,-1696763.98032106,32496.6325074347,5551.09813687945,487403798.505569,7.0621340541851e-08,1.40762494993396e-07,0.0,783.0,100.0,874.0,0.0,0.0,0.0,0.0,-1696763.98032106,-1696763.98032106,-8.163042366504669e-07,4.810947463043148e-13,igual,-1.3779259254224598,DIFIERE,1228771000.0,4646,/clusteruy/home/mathiasr/generator-aware-row-scaling/results-revision/plano-control/full-gurobi-01pct/resultados/instance014_estructurado_solo_local.csv,/clusteruy/home/mathiasr/generator-aware-row-scaling/results-revision/plano-control/full-gurobi-01pct/resultados/instance014_estructurado_solo_local_postprocesado.csv,/clusteruy/home/mathiasr/generator-aware-row-scaling/results-revision/plano-control/full-gurobi-01pct/logs/instance014_estructurado_solo_local.log
instance014.txt,estructurado_plano,OK,0,2.32643276,0.00024052434507,-1696763.9803202543,-1696760.0,OPTIMAL,-1696768.0614507054,1.0,17876.0,0.36,23763.0,16561.0,57555.0,20032.0,14356.0,52246.0,15.700879518579304,13.314413380834491,9.224220311006864,1,Model contains large bounds,2e-05,70000.0,0.0001,100.0,3.0,60000.0,1.0,10000000000.0,0.00043749999999999995,1.0,2.5e-05,1.0,8348000000000.0,4302000000.0,0.0,0.0,0.041061111,2.3674938709999997,1.0293340053378548,1.0293340053378548,1.0114815418671048,0.041061111,0.017649816365206274,-8.120899038899999e-05,-1.0710209608078003e-08,-6.312138713633337e-15,0.0,0.0,0.00043749999999999995,0.0005153330138955439,2146109.0,,0.04840949121381739,2.0,,,,2.0,1.151464,0.513556680310408,,,,,,,,OK,REVISAR,5.34101855009794e-06,0.0,4.423782229423523e-09,415204686.899483,0.0,6.98906238676011e-09,1.18838272555873e-13,2.38418579101562e-07,2.38418579101562e-07,564268.168538199,32.504411295688,10227869.1514983,415204686.899483,9.5367431640625e-07,1.86264514923096e-09,5.34101855009794e-06,0.0,0.0,0.0,0.0,0.0,5.0,0.0,0.0,0.0,0.0,-1696763.98032025,37176.7163922661,5934.03952114767,415204686.899483,0.0,0.0,0.0,1624.0,143.0,874.0,0.0,0.0,0.0,0.0,-1696763.98032025,-1696763.98032025,-6.28642737865448e-09,3.7049509840891325e-15,igual,-1.3779249084182084,DIFIERE,1316950000.0,5759,/clusteruy/home/mathiasr/generator-aware-row-scaling/results-revision/plano-control/full-gurobi-01pct/resultados/instance014_estructurado_plano.csv,/clusteruy/home/mathiasr/generator-aware-row-scaling/results-revision/plano-control/full-gurobi-01pct/resultados/instance014_estructurado_plano_postprocesado.csv,/clusteruy/home/mathiasr/generator-aware-row-scaling/results-revision/plano-control/full-gurobi-01pct/logs/instance014_estructurado_plano.log
instance014.txt,estructurado_matricial,OK,0,2.261107482,0.000158374708998,-1696763.9803212832,-1696760.0,OPTIMAL,-1696766.6675662994,1.0,19355.0,0.35,23763.0,16561.0,57555.0,20032.0,14356.0,52246.0,15.700879518579304,13.314413380834491,9.224220311006864,1,Model contains large bounds,2e-05,70000.0,0.0001,100.0,8.0,300000000.0,1.0,10000000000.0,0.00043749999999999995,1.0,0.046875,1.0,8348000000000.0,20570000000000.0,1.0,1.0,0.124698103,2.385805585,1.0590723218879696,1.0590723218879696,1.0037181428594906,0.124698103,0.05514912669684404,9.406456829999879e-07,-1.0395888239145279e-06,-6.12689116442888e-13,0.0,0.0,0.00043749999999999995,2.464063248682319,5110940.0,,0.11528678414020344,2.0,,0.0,2.0,2.0,1.151464,0.439263210100025,,,,,,,,OK,REVISAR,2.86102294921875e-06,0.0,3.259629011154175e-09,487403798.505569,0.0,7.34660957941338e-09,9.9475983006414e-14,1.73933804035189e-07,2.68220901489258e-07,793339.043342724,5.73959252196489,12319032.0904749,487403798.505569,9.5367431640625e-07,0.0,2.86102294921875e-06,9.59715062122171e-08,1.48845629155403e-07,0.0,0.0,0.0,26.0,0.0,0.0,0.0,0.0,-1696763.98032128,37176.7163922661,5476.51147488607,487403798.505569,9.59715062122171e-08,1.48845629155403e-07,0.0,771.0,105.0,915.0,0.0,0.0,0.0,0.0,-1696763.98032128,-1696763.98032128,-1.0363291949033737e-06,6.107680307474344e-13,igual,0.015959497541189194,DIFIERE,1247840000.0,4275,/clusteruy/home/mathiasr/generator-aware-row-scaling/results-revision/plano-control/full-gurobi-01pct/resultados/instance014_estructurado_matricial.csv,/clusteruy/home/mathiasr/generator-aware-row-scaling/results-revision/plano-control/full-gurobi-01pct/resultados/instance014_estructurado_matricial_postprocesado.csv,/clusteruy/home/mathiasr/generator-aware-row-scaling/results-revision/plano-control/full-gurobi-01pct/logs/instance014_estructurado_matricial.log
instance014.txt,matricial_solo_local,OK,0,2.274104998,0.000158374708998,-1696763.9803212832,-1696760.0,OPTIMAL,-1696766.6675662994,1.0,19355.0,0.35,23763.0,16561.0,57555.0,20032.0,14356.0,52246.0,15.700879518579304,13.314413380834491,9.224220311006864,1,Model contains large bounds,2e-05,70000.0,0.0001,100.0,8.0,300000000.0,1.0,10000000000.0,0.00043749999999999995,1.0,0.046875,1.0,8348000000000.0,20570000000000.0,1.0,1.0,0.121068742,2.3951737399999997,1.053019255094219,1.053019255094219,0.9997923369851243,0.121068742,0.053237973667212356,9.406456829999879e-07,-1.0395888239145279e-06,-6.12689116442888e-13,0.0,0.0,0.00043749999999999995,2.464063248682319,5110940.0,,0.11528678414020344,2.0,,0.0,2.0,2.0,1.151464,0.43862627943037,,,,,,,,OK,REVISAR,2.86102294921875e-06,0.0,3.259629011154175e-09,487403798.505569,0.0,7.34660957941338e-09,9.9475983006414e-14,1.73933804035189e-07,2.68220901489258e-07,793339.043342724,5.73959252196489,12319032.0904749,487403798.505569,9.5367431640625e-07,0.0,2.86102294921875e-06,9.59715062122171e-08,1.48845629155403e-07,0.0,0.0,0.0,26.0,0.0,0.0,0.0,0.0,-1696763.98032128,37176.7163922661,5476.51147488607,487403798.505569,9.59715062122171e-08,1.48845629155403e-07,0.0,771.0,105.0,915.0,0.0,0.0,0.0,0.0,-1696763.98032128,-1696763.98032128,-1.0363291949033737e-06,6.107680307474344e-13,igual,0.015959497541189194,DIFIERE,1247840000.0,4275,/clusteruy/home/mathiasr/generator-aware-row-scaling/results-revision/plano-control/full-gurobi-01pct/resultados/instance014_matricial_solo_local.csv,/clusteruy/home/mathiasr/generator-aware-row-scaling/results-revision/plano-control/full-gurobi-01pct/resultados/instance014_matricial_solo_local_postprocesado.csv,/clusteruy/home/mathiasr/generator-aware-row-scaling/results-revision/plano-control/full-gurobi-01pct/logs/instance014_matricial_solo_local.log
instance014.txt,matricial_plano,OK,0,2.235513488,0.000339391040612,-1696763.980320486,-1696760.0,OPTIMAL,-1696769.7389854155,1.0,19350.0,0.35,23763.0,16561.0,57555.0,20032.0,14356.0,52246.0,15.700879518579304,13.314413380834491,9.224220311006864,1,Model contains large bounds,2e-05,70000.0,0.0001,100.0,8.0,300000000.0,1.0,10000000000.0,0.00043749999999999995,1.0,0.046875,1.0,8348000000000.0,20570000000000.0,0.0,0.0,0.041423622,2.27693711,1.071197451437609,1.071197451437609,1.0517094830959122,0.041423622,0.018529801865369018,-0.00018007568593100001,-2.423767000436783e-07,-1.4284644349765878e-13,0.0,0.0,0.00043749999999999995,2.464063248682319,6045934.0,,0.13637731767227101,2.0,,,,2.0,1.151464,0.483042676373013,,,,,,,,OK,REVISAR,3.57627868652344e-06,0.0,3.958120942115784e-09,485656624.84555,0.0,8.00684081846108e-09,1.8092194409289e-13,1.78813934326172e-07,2.57045030593872e-07,830982.924381481,4.58190400019226,12055206.19882,485656624.84555,4.76837158203125e-07,0.0,3.57627868652344e-06,1.63912773132324e-08,1.69955455930904e-07,0.0,0.0,0.0,31.0,0.0,0.0,0.0,0.0,-1696763.98032049,37176.7163922661,5547.18288535281,485656624.84555,1.63912773132324e-08,1.69955455930904e-07,0.0,720.0,100.0,884.0,0.0,0.0,0.0,0.0,-1696763.98032049,-1696763.98032049,-2.4633482098579407e-07,1.4517919041356675e-13,igual,-3.0554596185684204,DIFIERE,1301631000.0,4336,/clusteruy/home/mathiasr/generator-aware-row-scaling/results-revision/plano-control/full-gurobi-01pct/resultados/instance014_matricial_plano.csv,/clusteruy/home/mathiasr/generator-aware-row-scaling/results-revision/plano-control/full-gurobi-01pct/resultados/instance014_matricial_plano_postprocesado.csv,/clusteruy/home/mathiasr/generator-aware-row-scaling/results-revision/plano-control/full-gurobi-01pct/logs/instance014_matricial_plano.log
instance019.txt,base,OK,0,244.752965132,0.053588495798366,-1406227.3858654094,-1406230.0,OPTIMAL,-1406980.9619689994,12559.0,2686831.0,0.45,23763.0,16561.0,57555.0,20959.0,14895.0,53768.0,11.799856920422506,10.059778998852726,6.579793241247502,3,Model contains large bounds | Model contains large matrix coefficient range | Model contains large rhs,0.0005,10000000000.0,0.0001,100.0,5.0,7000000000.0,1.0,10000000000.0,,,,,,,,,0.0,244.752965132,1.0,1.0,1.0,0.0,0.0,0.0,,,0.0,,,,16696430.166999,,,348.552031,,0.008465,8.979967,348.552031,1.0,0.013507476165932,,,,,,,,BASE,BASE,,,,,,1.44336265609308e-09,3.5527136788005e-14,4.38734423369183e-08,1.30385160446167e-08,219340.427355996,4.84010709148375,14241176.7402676,15641220.8675769,1.09139364212751e-11,0.0,5.28991222381592e-07,0.0,0.0,0.0,0.0,0.0,0.0,0.0,0.0,0.0,0.0,-1406227.38586541,73.6616718641151,1013.76768314495,15641220.8675769,0.0,0.0,0.0,2536.0,123.0,948.0,0.0,0.0,0.0,0.0,-1406227.38586541,,,,,,BASE,0.0,0,/clusteruy/home/mathiasr/generator-aware-row-scaling/results-revision/plano-control/full-gurobi-01pct/resultados/instance019_base.csv,/clusteruy/home/mathiasr/generator-aware-row-scaling/results-revision/plano-control/full-gurobi-01pct/resultados/instance019_base_postprocesado.csv,/clusteruy/home/mathiasr/generator-aware-row-scaling/results-revision/plano-control/full-gurobi-01pct/logs/instance019_base.log
instance019.txt,estructurado,OK,0,127.944021014,0.09801099366117,-1405652.6341816797,-1405650.0,OPTIMAL,-1407030.3282958656,4841.0,831895.0,0.47,23763.0,16561.0,57555.0,20959.0,14896.0,53766.0,11.799856920422506,10.05374071614033,6.583268178264269,1,Model contains large bounds,1e-05,100000.0,0.0001,100.0,2.0,4000000.0,1.0,10000000000.0,0.0005,1.0,0.0014285714285714286,1.0,19690000000000.0,381200000000.0,1.0,1.5,0.119226367,128.063247381,1.912969150041161,1.912969150041161,1.911188183474977,0.119226367,0.0009318635294958715,-0.044422497862804,574.7516837297007,0.0004087188811047024,580.0,0.00041245031040441465,0.0005,0.0193600812595226,1482899.0,,0.08881533268895976,140.0,,0.0,10.0,140.0,2.4896573642857143,0.025627781872535,,,,,,,,REVISAR,REVISAR,0.000276335747912526,0.0,2.3283064365386963e-10,27462256.6498831,0.0,7.24657210458856e-08,1.14674492124322e-11,2.63340771198275e-07,0.000150030202521541,218862.772010993,5.16593732681231,14041202.2761864,27462256.6498831,0.000150030202521541,4.65661287307739e-10,0.000276335747912526,7.91503983905262e-07,5.3353301154857e-07,0.0,4.0,0.0,96.0,0.0,0.0,0.0,0.0,-1405652.63418168,73.6963496611722,898.207311599283,27462256.6498831,7.91503983905262e-07,5.3353301154857e-07,0.0,2503.0,143.0,994.0,0.0,0.0,0.0,0.0,-1405652.63418168,-1405652.63418168,574.7516837294679,0.00040871888110453685,empeora,-49.36632686620578,DIFIERE,33580000.0,5932,/clusteruy/home/mathiasr/generator-aware-row-scaling/results-revision/plano-control/full-gurobi-01pct/resultados/instance019_estructurado.csv,/clusteruy/home/mathiasr/generator-aware-row-scaling/results-revision/plano-control/full-gurobi-01pct/resultados/instance019_estructurado_postprocesado.csv,/clusteruy/home/mathiasr/generator-aware-row-scaling/results-revision/plano-control/full-gurobi-01pct/logs/instance019_estructurado.log
instance019.txt,estructurado_solo_local,OK,0,129.276306838,0.09801099366117,-1405652.6341816797,-1405650.0,OPTIMAL,-1407030.3282958656,4841.0,831895.0,0.47,23763.0,16561.0,57555.0,20959.0,14896.0,53766.0,11.799856920422506,10.05374071614033,6.583268178264269,1,Model contains large bounds,1e-05,100000.0,0.0001,100.0,2.0,4000000.0,1.0,10000000000.0,0.0005,1.0,0.0014285714285714286,1.0,19690000000000.0,381200000000.0,1.0,1.5,0.120072526,129.396379364,1.8932546196474134,1.8932546196474134,1.8914977863754194,0.120072526,0.0009288053544913412,-0.044422497862804,574.7516837297007,0.0004087188811047024,580.0,0.00041245031040441465,0.0005,0.0193600812595226,1482899.0,,0.08881533268895976,140.0,,0.0,10.0,140.0,2.4896573642857143,0.025272817260462,,,,,,,,REVISAR,REVISAR,0.000276335747912526,0.0,2.3283064365386963e-10,27462256.6498831,0.0,7.24657210458856e-08,1.14674492124322e-11,2.63340771198275e-07,0.000150030202521541,218862.772010993,5.16593732681231,14041202.2761864,27462256.6498831,0.000150030202521541,4.65661287307739e-10,0.000276335747912526,7.91503983905262e-07,5.3353301154857e-07,0.0,4.0,0.0,96.0,0.0,0.0,0.0,0.0,-1405652.63418168,73.6963496611722,898.207311599283,27462256.6498831,7.91503983905262e-07,5.3353301154857e-07,0.0,2503.0,143.0,994.0,0.0,0.0,0.0,0.0,-1405652.63418168,-1405652.63418168,574.7516837294679,0.00040871888110453685,empeora,-49.36632686620578,DIFIERE,33580000.0,5932,/clusteruy/home/mathiasr/generator-aware-row-scaling/results-revision/plano-control/full-gurobi-01pct/resultados/instance019_estructurado_solo_local.csv,/clusteruy/home/mathiasr/generator-aware-row-scaling/results-revision/plano-control/full-gurobi-01pct/resultados/instance019_estructurado_solo_local_postprocesado.csv,/clusteruy/home/mathiasr/generator-aware-row-scaling/results-revision/plano-control/full-gurobi-01pct/logs/instance019_estructurado_solo_local.log
instance019.txt,estructurado_plano,OK,0,143.982013135,0.099054569350519,-1405916.8011340052,-1405920.0,OPTIMAL,-1407309.425966795,8295.0,930725.0,0.48,23763.0,16561.0,57555.0,20959.0,14896.0,53766.0,11.799856920422506,10.05374071614033,6.583268178264269,1,Model contains large bounds,1e-05,100000.0,0.0001,100.0,2.0,80000.0,1.0,10000000000.0,0.0005,1.0,2.857142857142857e-05,1.0,19690000000000.0,9679000000.0,0.0,0.0,0.041340707,144.02335384199998,1.6998856996291298,1.6998856996291298,1.6993977615637592,0.041340707,0.0002871241073788727,-0.045466073552153,310.5847314042039,0.00022086380518970358,310.0,0.00022044757969891127,0.0005,0.0004915693245302184,1927973.0,,0.11547216864421098,177.0,,0.0,11.0,177.0,1.9692205141242938,0.020719056201569,,,,,,,,OK,REVISAR,2.86847352981567e-06,0.0,4.889443516731262e-09,15633321.7028136,0.0,4.79725721646811e-09,6.3948846218409e-14,1.48196413647384e-07,1.67638063430786e-08,122435.457045339,6.73778902439793,3241694.9954315,15633321.7028136,5.45696821063757e-12,0.0,2.86847352981567e-06,0.0,0.0,0.0,0.0,0.0,10.0,0.0,0.0,0.0,0.0,-1405916.80113401,624.234888270235,1370.78682584717,15633321.7028136,0.0,0.0,0.0,2908.0,157.0,952.0,0.0,0.0,0.0,0.0,-1405916.80113401,-1405916.80113401,310.5847313993145,0.0002208638051862266,empeora,-328.4639977957122,DIFIERE,43680000.0,5218,/clusteruy/home/mathiasr/generator-aware-row-scaling/results-revision/plano-control/full-gurobi-01pct/resultados/instance019_estructurado_plano.csv,/clusteruy/home/mathiasr/generator-aware-row-scaling/results-revision/plano-control/full-gurobi-01pct/resultados/instance019_estructurado_plano_postprocesado.csv,/clusteruy/home/mathiasr/generator-aware-row-scaling/results-revision/plano-control/full-gurobi-01pct/logs/instance019_estructurado_plano.log
instance019.txt,estructurado_matricial,OK,0,129.436888505,0.099951705668002,-1405677.206736213,-1405680.0,OPTIMAL,-1407082.2050805322,4627.0,887712.0,0.46,23763.0,16561.0,57555.0,20958.0,14895.0,53766.0,11.80406514328999,10.059778998852726,6.583268178264269,1,Model contains large bounds,1e-05,100000.0,0.0001,100.0,2.0,300000000.0,1.0,10000000000.0,0.0005,1.0,0.10714285714285714,1.0,19690000000000.0,26440000000000.0,1.0,1.0,0.123336943,129.560225448,1.8909058148639402,1.8909058148639402,1.889105736623108,0.123336943,0.0009528732065838837,-0.046363209869636005,550.1791291963309,0.0003912447835438392,550.0,0.0003911166736593587,0.0005,1.3428136109700355,7221048.0,,0.4324905340707273,147.0,,0.0,9.0,147.0,2.3711022517006803,0.024740341796083,,,,,,,,REVISAR,REVISAR,0.000238282606005669,0.0,3.026798367500305e-09,58573517.0118165,0.0,3.15571525328547e-08,1.04236619336002e-12,1.7260201275349e-07,0.000238282606005669,224191.654712868,4.69482631623025,14152032.8677483,58573517.0118165,1.47037972055841e-05,0.0,0.000238282606005669,1.09307453404362e-07,0.0,0.0,2.0,0.0,39.0,0.0,0.0,0.0,0.0,-1405677.20673621,73.819983546322,992.017393877439,58573517.0118165,1.09307453404362e-07,0.0,0.0,2546.0,110.0,952.0,0.0,0.0,0.0,0.0,-1405677.20673621,-1405677.20673621,550.1791291993577,0.0003912447835459916,empeora,-101.24311153288,DIFIERE,19470000.0,5844,/clusteruy/home/mathiasr/generator-aware-row-scaling/results-revision/plano-control/full-gurobi-01pct/resultados/instance019_estructurado_matricial.csv,/clusteruy/home/mathiasr/generator-aware-row-scaling/results-revision/plano-control/full-gurobi-01pct/resultados/instance019_estructurado_matricial_postprocesado.csv,/clusteruy/home/mathiasr/generator-aware-row-scaling/results-revision/plano-control/full-gurobi-01pct/logs/instance019_estructurado_matricial.log
instance019.txt,matricial_solo_local,OK,0,129.264892413,0.099951705668002,-1405677.206736213,-1405680.0,OPTIMAL,-1407082.2050805322,4627.0,887712.0,0.47,23763.0,16561.0,57555.0,20958.0,14895.0,53766.0,11.80406514328999,10.059778998852726,6.583268178264269,1,Model contains large bounds,1e-05,100000.0,0.0001,100.0,2.0,300000000.0,1.0,10000000000.0,0.0005,1.0,0.10714285714285714,1.0,19690000000000.0,26440000000000.0,1.0,1.0,0.121506063,129.386398476,1.8934217989368436,1.8934217989368436,1.891643696824898,0.121506063,0.0009399772879691832,-0.046363209869636005,550.1791291963309,0.0003912447835438392,550.0,0.0003911166736593587,0.0005,1.3428136109700355,7221048.0,,0.4324905340707273,147.0,,0.0,9.0,147.0,2.3711022517006803,0.02481335834165,,,,,,,,REVISAR,REVISAR,0.000238282606005669,0.0,3.026798367500305e-09,58573517.0118165,0.0,3.15571525328547e-08,1.04236619336002e-12,1.7260201275349e-07,0.000238282606005669,224191.654712868,4.69482631623025,14152032.8677483,58573517.0118165,1.47037972055841e-05,0.0,0.000238282606005669,1.09307453404362e-07,0.0,0.0,2.0,0.0,39.0,0.0,0.0,0.0,0.0,-1405677.20673621,73.819983546322,992.017393877439,58573517.0118165,1.09307453404362e-07,0.0,0.0,2546.0,110.0,952.0,0.0,0.0,0.0,0.0,-1405677.20673621,-1405677.20673621,550.1791291993577,0.0003912447835459916,empeora,-101.24311153288,DIFIERE,19470000.0,5844,/clusteruy/home/mathiasr/generator-aware-row-scaling/results-revision/plano-control/full-gurobi-01pct/resultados/instance019_matricial_solo_local.csv,/clusteruy/home/mathiasr/generator-aware-row-scaling/results-revision/plano-control/full-gurobi-01pct/resultados/instance019_matricial_solo_local_postprocesado.csv,/clusteruy/home/mathiasr/generator-aware-row-scaling/results-revision/plano-control/full-gurobi-01pct/logs/instance019_matricial_solo_local.log
instance019.txt,matricial_plano,OK,0,142.223555368,0.065616793279457,-1406243.3894047686,-1406240.0,OPTIMAL,-1407166.1212226003,6333.0,1034165.0,0.47,23763.0,16561.0,57555.0,20958.0,14895.0,53766.0,11.80406514328999,10.059778998852726,6.583268178264269,1,Model contains large bounds,1e-05,100000.0,0.0001,100.0,2.0,300000000.0,1.0,10000000000.0,0.0005,1.0,0.10714285714285714,1.0,19690000000000.0,26440000000000.0,0.0,0.0,0.041367871,142.264923239,1.720903154886739,1.720903154886739,1.7204027497405228,0.041367871,0.00029086511649186126,-0.012028297481091008,-16.00353935919702,-1.1380477666738262e-05,-10.0,-7.111212248351976e-06,0.0005,1.3428136109700355,8831971.0,,0.5289736136205127,177.0,,0.0,9.0,177.0,1.9692205141242938,0.020420640180876,,,,,,,,OK,REVISAR,1.66893005371094e-06,0.0,1.3969838619232178e-09,15641204.5608206,0.0,4.35579372736754e-09,3.19744231092045e-14,1.83954834938053e-07,2.04890966415405e-08,219831.325895816,4.82967497657745,14281306.1644826,15641204.5608206,7.15255737304688e-07,0.0,1.66893005371094e-06,0.0,0.0,0.0,0.0,0.0,3.0,0.0,0.0,0.0,0.0,-1406243.38940477,73.6616718641149,882.29027778664,15641204.5608206,0.0,0.0,0.0,2540.0,123.0,949.0,0.0,0.0,0.0,0.0,-1406243.38940477,-1406243.38940477,-16.003539360594004,1.138047766773169e-05,mejora,-185.1592536009848,DIFIERE,26310000.0,3111,/clusteruy/home/mathiasr/generator-aware-row-scaling/results-revision/plano-control/full-gurobi-01pct/resultados/instance019_matricial_plano.csv,/clusteruy/home/mathiasr/generator-aware-row-scaling/results-revision/plano-control/full-gurobi-01pct/resultados/instance019_matricial_plano_postprocesado.csv,/clusteruy/home/mathiasr/generator-aware-row-scaling/results-revision/plano-control/full-gurobi-01pct/logs/instance019_matricial_plano.log
instance020.txt,base,OK,0,59.707444576,0.069144688196155,-847856.2839979344,-847856.0,OPTIMAL,-848442.5315818563,3713.0,406239.0,0.43,23763.0,16561.0,57555.0,21018.0,14930.0,54056.0,11.551571771241004,9.848439103918846,6.0794023108331166,3,Model contains large bounds | Model contains large matrix coefficient range | Model contains large rhs,0.0002,8000000000.0,0.0001,100.0,5.0,7000000000.0,1.0,10000000000.0,,,,,,,,,0.0,59.707444576,1.0,1.0,1.0,0.0,0.0,0.0,,,0.0,,,,132319761.265791,,,85.178075,,0.006209,6.82615,85.178075,1.0,0.036852780902588,,,,,,,,BASE,BASE,,,,,,2.04021959152113e-09,1.7752466163756e-14,7.96769745647918e-08,1.41561031341553e-07,236535.603977406,8.54847335425301,15248270.3422784,17320668.3249111,2.38418579101562e-07,1.39698386192322e-09,6.14672899246216e-07,0.0,0.0,8.88178419700125e-16,0.0,0.0,0.0,0.0,0.0,0.0,0.0,-847856.283997934,127.042155346933,1152.89453513391,17320668.3249111,0.0,0.0,8.88178419700125e-16,2820.0,36.0,878.0,0.0,0.0,0.0,0.0,-847856.283997934,,,,,,BASE,0.0,0,/clusteruy/home/mathiasr/generator-aware-row-scaling/results-revision/plano-control/full-gurobi-01pct/resultados/instance020_base.csv,/clusteruy/home/mathiasr/generator-aware-row-scaling/results-revision/plano-control/full-gurobi-01pct/resultados/instance020_base_postprocesado.csv,/clusteruy/home/mathiasr/generator-aware-row-scaling/results-revision/plano-control/full-gurobi-01pct/logs/instance020_base.log
instance020.txt,estructurado,OK,0,80.007876491,0.082593889508565,-847879.0670739487,-847879.0,OPTIMAL,-848579.363373774,5706.0,428741.0,0.46,23763.0,16561.0,57555.0,21018.0,14930.0,54058.0,11.551571771241004,9.848439103918846,6.0759273738163495,1,Model contains large bounds,1e-05,90000.0,0.0001,100.0,3.0,3000000.0,1.0,10000000000.0,0.000225,1.0,0.0007142857142857143,1.0,32450000000000.0,303300000000.0,1.0,1.5,0.120442553,80.12831904400001,0.7462695823793851,0.7462695823793851,0.7451478489547932,0.120442553,0.0015053836982356161,-0.013449201312409995,-22.78307601425331,-2.6871388989208477e-05,-23.0,-2.712724802324923e-05,0.000225,0.00934668721109399,2790117.0,,0.021086170148051323,99.0,,0.0,9.0,99.0,0.860384595959596,0.037929593398157,,,,,,,,OK,REVISAR,1.84774398803711e-06,0.0,3.4924596548080444e-10,17301732.6124695,0.0,7.7550719807164e-09,1.91846538655227e-13,2.38418579101562e-07,2.10478901863098e-07,237573.79086788,8.65665124991506,15266602.5698375,17301732.6124695,9.5367431640625e-07,2.3283064365387e-10,1.84774398803711e-06,0.0,0.0,0.0,0.0,0.0,9.0,0.0,0.0,0.0,0.0,-847879.067073949,124.5924016724,745.447352718154,17301732.6124695,0.0,0.0,0.0,2823.0,29.0,871.0,0.0,0.0,0.0,0.0,-847879.067073949,-847879.067073949,-22.783076014602557,2.6871388989620395e-05,mejora,-136.83179191767704,DIFIERE,33030000.0,5478,/clusteruy/home/mathiasr/generator-aware-row-scaling/results-revision/plano-control/full-gurobi-01pct/resultados/instance020_estructurado.csv,/clusteruy/home/mathiasr/generator-aware-row-scaling/results-revision/plano-control/full-gurobi-01pct/resultados/instance020_estructurado_postprocesado.csv,/clusteruy/home/mathiasr/generator-aware-row-scaling/results-revision/plano-control/full-gurobi-01pct/logs/instance020_estructurado.log
instance020.txt,estructurado_solo_local,OK,0,79.913289342,0.082593889508565,-847879.0670739487,-847879.0,OPTIMAL,-848579.363373774,5706.0,428741.0,0.46,23763.0,16561.0,57555.0,21018.0,14930.0,54058.0,11.551571771241004,9.848439103918846,6.0759273738163495,1,Model contains large bounds,1e-05,90000.0,0.0001,100.0,3.0,3000000.0,1.0,10000000000.0,0.000225,1.0,0.0007142857142857143,1.0,32450000000000.0,303300000000.0,1.0,1.5,0.11943293,80.032722272,0.7471528836771281,0.7471528836771281,0.7460379065087613,0.11943293,0.0014945315226466305,-0.013449201312409995,-22.78307601425331,-2.6871388989208477e-05,-23.0,-2.712724802324923e-05,0.000225,0.00934668721109399,2790117.0,,0.021086170148051323,99.0,,0.0,8.0,99.0,0.860384595959596,0.037241782288387,,,,,,,,OK,REVISAR,1.84774398803711e-06,0.0,3.4924596548080444e-10,17301732.6124695,0.0,7.7550719807164e-09,1.91846538655227e-13,2.38418579101562e-07,2.10478901863098e-07,237573.79086788,8.65665124991506,15266602.5698375,17301732.6124695,9.5367431640625e-07,2.3283064365387e-10,1.84774398803711e-06,0.0,0.0,0.0,0.0,0.0,9.0,0.0,0.0,0.0,0.0,-847879.067073949,124.5924016724,745.447352718154,17301732.6124695,0.0,0.0,0.0,2823.0,29.0,871.0,0.0,0.0,0.0,0.0,-847879.067073949,-847879.067073949,-22.783076014602557,2.6871388989620395e-05,mejora,-136.83179191767704,DIFIERE,33030000.0,5478,/clusteruy/home/mathiasr/generator-aware-row-scaling/results-revision/plano-control/full-gurobi-01pct/resultados/instance020_estructurado_solo_local.csv,/clusteruy/home/mathiasr/generator-aware-row-scaling/results-revision/plano-control/full-gurobi-01pct/resultados/instance020_estructurado_solo_local_postprocesado.csv,/clusteruy/home/mathiasr/generator-aware-row-scaling/results-revision/plano-control/full-gurobi-01pct/logs/instance020_estructurado_solo_local.log
instance020.txt,estructurado_plano,OK,0,93.450528226,0.086460606907254,-847835.6390925784,-847836.0,OPTIMAL,-848568.6829317139,11019.0,518421.0,0.46,23763.0,16561.0,57555.0,21018.0,14930.0,54058.0,11.551571771241004,9.848439103918846,6.0759273738163495,1,Model contains large bounds,1e-05,90000.0,0.0001,100.0,3.0,80000.0,1.0,10000000000.0,0.000225,1.0,1.904761904761905e-05,1.0,32450000000000.0,7929000000.0,0.0,0.0,0.041019853,93.491548079,0.6389203540038211,0.6389203540038211,0.6386400247169662,0.041019853,0.00043894725667893415,-0.017315918711099,20.644905355991796,2.4349533931203477e-05,20.0,2.3588911324564547e-05,0.000225,0.00024434514637904466,4285464.0,,0.03238718056172864,115.0,,0.0,8.0,115.0,0.7406789130434783,0.028194156213856,,,,,,,,OK,REVISAR,5.379319190979e-06,0.0,4.656612873077393e-10,17302959.6841623,0.0,8.40090942514758e-09,1.47437617670221e-13,2.38418579101562e-07,2.16066837310791e-07,190555.798917528,12.78589037096,14799745.0462814,17302959.6841623,1.9073486328125e-06,2.3283064365387e-10,5.379319190979e-06,0.0,0.0,0.0,1.0,0.0,9.0,0.0,0.0,0.0,0.0,-847835.639092578,611.66614022302,756.093015331018,17302959.6841623,0.0,0.0,0.0,3039.0,62.0,881.0,0.0,0.0,0.0,0.0,-847835.639092578,-847835.639092578,20.644905356457457,2.43495339317527e-05,empeora,-126.15134985756595,DIFIERE,21500000.0,5686,/clusteruy/home/mathiasr/generator-aware-row-scaling/results-revision/plano-control/full-gurobi-01pct/resultados/instance020_estructurado_plano.csv,/clusteruy/home/mathiasr/generator-aware-row-scaling/results-revision/plano-control/full-gurobi-01pct/resultados/instance020_estructurado_plano_postprocesado.csv,/clusteruy/home/mathiasr/generator-aware-row-scaling/results-revision/plano-control/full-gurobi-01pct/logs/instance020_estructurado_plano.log
instance020.txt,estructurado_matricial,OK,0,73.64644463,0.088895691301462,-847744.8089658222,-847745.0,OPTIMAL,-848498.4175742246,3396.0,391854.0,0.46,23763.0,16561.0,57555.0,21018.0,14930.0,54058.0,11.551571771241004,9.848439103918846,6.0759273738163495,1,Model contains large bounds,1e-05,90000.0,0.0001,100.0,10.0,300000000.0,1.0,10000000000.0,0.000225,1.0,0.02142857142857143,1.0,32450000000000.0,22470000000000.0,1.0,1.0,0.124641063,73.771085693,0.8107308489360269,0.8107308489360269,0.8093610662648215,0.124641063,0.0016924247141351784,-0.01975100310530699,111.47503211221192,0.00013147868832978244,111.0,0.00013091845785133326,0.000225,0.6924499229583976,27049298.0,,0.2044237213039254,101.0,,0.0,7.0,101.0,0.8433472772277228,0.027556668343616,,,,,,,,OK,REVISAR,9.5367431640625e-07,0.0,2.3283064365386963e-10,17304452.6073395,0.0,6.08863258291864e-09,1.47259981986277e-13,2.16066837310791e-07,2.79396772384644e-07,237331.141471874,8.50965272233685,15264467.4096778,17304452.6073395,2.38418579101562e-07,2.3283064365387e-10,9.5367431640625e-07,0.0,0.0,0.0,0.0,0.0,0.0,0.0,0.0,0.0,0.0,-847744.808965822,124.5924016724,561.092226065521,17304452.6073395,0.0,0.0,0.0,2819.0,35.0,871.0,0.0,0.0,0.0,0.0,-847744.808965822,-847744.808965822,111.47503211244475,0.00013147868833005705,empeora,-55.88599236833397,DIFIERE,28050000.0,5834,/clusteruy/home/mathiasr/generator-aware-row-scaling/results-revision/plano-control/full-gurobi-01pct/resultados/instance020_estructurado_matricial.csv,/clusteruy/home/mathiasr/generator-aware-row-scaling/results-revision/plano-control/full-gurobi-01pct/resultados/instance020_estructurado_matricial_postprocesado.csv,/clusteruy/home/mathiasr/generator-aware-row-scaling/results-revision/plano-control/full-gurobi-01pct/logs/instance020_estructurado_matricial.log
instance020.txt,matricial_solo_local,OK,0,73.264798873,0.088895691301462,-847744.8089658222,-847745.0,OPTIMAL,-848498.4175742246,3396.0,391854.0,0.45,23763.0,16561.0,57555.0,21018.0,14930.0,54058.0,11.551571771241004,9.848439103918846,6.0759273738163495,1,Model contains large bounds,1e-05,90000.0,0.0001,100.0,10.0,300000000.0,1.0,10000000000.0,0.000225,1.0,0.02142857142857143,1.0,32450000000000.0,22470000000000.0,1.0,1.0,0.121264419,73.386063292,0.8149540501639697,0.8149540501639697,0.8136074057880259,0.121264419,0.0016551525543693141,-0.01975100310530699,111.47503211221192,0.00013147868832978244,111.0,0.00013091845785133326,0.000225,0.6924499229583976,27049298.0,,0.2044237213039254,101.0,,0.0,7.0,101.0,0.8433472772277228,0.027697162958601,,,,,,,,OK,REVISAR,9.5367431640625e-07,0.0,2.3283064365386963e-10,17304452.6073395,0.0,6.08863258291864e-09,1.47259981986277e-13,2.16066837310791e-07,2.79396772384644e-07,237331.141471874,8.50965272233685,15264467.4096778,17304452.6073395,2.38418579101562e-07,2.3283064365387e-10,9.5367431640625e-07,0.0,0.0,0.0,0.0,0.0,0.0,0.0,0.0,0.0,0.0,-847744.808965822,124.5924016724,561.092226065521,17304452.6073395,0.0,0.0,0.0,2819.0,35.0,871.0,0.0,0.0,0.0,0.0,-847744.808965822,-847744.808965822,111.47503211244475,0.00013147868833005705,empeora,-55.88599236833397,DIFIERE,28050000.0,5834,/clusteruy/home/mathiasr/generator-aware-row-scaling/results-revision/plano-control/full-gurobi-01pct/resultados/instance020_matricial_solo_local.csv,/clusteruy/home/mathiasr/generator-aware-row-scaling/results-revision/plano-control/full-gurobi-01pct/resultados/instance020_matricial_solo_local_postprocesado.csv,/clusteruy/home/mathiasr/generator-aware-row-scaling/results-revision/plano-control/full-gurobi-01pct/logs/instance020_matricial_solo_local.log
instance020.txt,matricial_plano,OK,0,82.772519215,0.092153172288548,-847829.1347324173,-847829.0,OPTIMAL,-848610.4361756598,7079.0,463074.0,0.45,23763.0,16561.0,57555.0,21018.0,14930.0,54058.0,11.551571771241004,9.848439103918846,6.0759273738163495,1,Model contains large bounds,1e-05,90000.0,0.0001,100.0,10.0,300000000.0,1.0,10000000000.0,0.000225,1.0,0.02142857142857143,1.0,32450000000000.0,22470000000000.0,0.0,0.0,0.040838402,82.81335761700001,0.7213438124422803,0.7213438124422803,0.7209880904978933,0.040838402,0.0004933811654798503,-0.023008484092392992,27.149265517131425,3.202107011475257e-05,27.0,3.184503028816214e-05,0.000225,0.6924499229583976,15376585.0,,0.11620777465818594,109.0,,0.0,8.0,109.0,0.7814502293577982,0.028101720670368,,,,,,,,OK,REVISAR,1.42306089401245e-06,0.0,3.4924596548080444e-10,17311350.4909387,0.0,6.16373020081484e-09,1.55431223447522e-13,2.05598771572115e-07,2.49594449996948e-07,237834.568738248,8.58891354308179,15238686.4155696,17311350.4909387,9.5367431640625e-07,2.3283064365387e-10,1.42306089401245e-06,0.0,0.0,0.0,0.0,0.0,1.0,0.0,0.0,0.0,0.0,-847829.134732417,124.59609848378,559.556045046309,17311350.4909387,0.0,0.0,0.0,2822.0,27.0,866.0,0.0,0.0,0.0,0.0,-847829.134732417,-847829.134732417,27.14926551748067,3.2021070115164485e-05,empeora,-167.9045938034542,DIFIERE,48790000.0,5710,/clusteruy/home/mathiasr/generator-aware-row-scaling/results-revision/plano-control/full-gurobi-01pct/resultados/instance020_matricial_plano.csv,/clusteruy/home/mathiasr/generator-aware-row-scaling/results-revision/plano-control/full-gurobi-01pct/resultados/instance020_matricial_plano_postprocesado.csv,/clusteruy/home/mathiasr/generator-aware-row-scaling/results-revision/plano-control/full-gurobi-01pct/logs/instance020_matricial_plano.log
instance021.txt,base,OK,0,461.244901957,0.094425911288491,-667364.137400054,-667364.0,OPTIMAL,-667994.3020684066,49730.0,8326870.0,0.48,23763.0,16561.0,57555.0,20000.0,14429.0,51785.0,15.835542650338763,12.873618742829539,10.025193293371558,3,Model contains large bounds | Model contains large matrix coefficient range | Model contains large rhs,0.0002,10000000000.0,0.0001,100.0,5.0,8000000000.0,1.0,10000000000.0,,,,,,,,,0.0,461.244901957,1.0,1.0,1.0,0.0,0.0,0.0,,,0.0,,,,185248103.422806,,,659.580173,,0.003601,7.956978,659.580173,1.0,0.006792726682063,,,,,,,,BASE,BASE,,,,,,1.61681529033897e-09,2.57571741713036e-14,5.04683703184133e-08,2.38418579101562e-07,194107.777842907,5.12621764842238,12131455.5285597,14463814.4941243,1.45519152283669e-11,9.31322574615479e-10,7.15255737304688e-07,0.0,0.0,0.0,0.0,0.0,0.0,0.0,0.0,0.0,0.0,-667364.137400054,63.5719406516815,2179.49958059564,14463814.4941243,0.0,0.0,0.0,2526.0,140.0,962.0,0.0,0.0,0.0,0.0,-667364.137400054,,,,,,BASE,0.0,0,/clusteruy/home/mathiasr/generator-aware-row-scaling/results-revision/plano-control/full-gurobi-01pct/resultados/instance021_base.csv,/clusteruy/home/mathiasr/generator-aware-row-scaling/results-revision/plano-control/full-gurobi-01pct/resultados/instance021_base_postprocesado.csv,/clusteruy/home/mathiasr/generator-aware-row-scaling/results-revision/plano-control/full-gurobi-01pct/logs/instance021_base.log
instance021.txt,estructurado,OK,0,529.76020974,0.097855665917288,-667298.0790101975,-667298.0,OPTIMAL,-667951.0679890662,73629.0,5991846.0,0.51,23763.0,16561.0,57555.0,20000.0,14430.0,51772.0,15.835542650338763,12.867580460117143,10.047780383980541,1,Model contains large bounds,1e-05,100000.0,0.0001,100.0,0.4,3000000.0,1.0,10000000000.0,0.0002,1.0,0.0046875,1.0,61680000000000.0,319700000000.0,1.0,1.5,0.119992885,529.880202625,0.8706673198113039,0.8706673198113039,0.870470154710472,0.119992885,0.00022650414809162632,-0.0034297546287970077,66.05838985648006,9.89840270917661e-05,66.0,9.88965542043023e-05,0.0002,0.005183203631647211,2912886.0,,0.015724241955404512,681.0,,0.0,10.0,681.0,0.968546509544787,0.01086852552232,,,,,,,,OK,REVISAR,1.9073486328125e-06,0.0,4.656612873077393e-10,14463814.4941243,0.0,5.63237379207817e-09,1.12709841459944e-13,1.7233382095583e-07,2.38418579101562e-07,194173.385593887,5.03951919545182,12127875.9539125,14463814.4941243,1.99520400201436e-11,0.0,1.9073486328125e-06,0.0,0.0,0.0,0.0,0.0,12.0,0.0,0.0,0.0,0.0,-667298.079010198,63.5659097304559,1965.71632797862,14463814.4941243,0.0,0.0,0.0,2509.0,135.0,964.0,0.0,0.0,0.0,0.0,-667298.079010198,-667298.079010198,66.0583898560144,9.898402709106833e-05,empeora,43.2340793403564,DIFIERE,41430000.0,3607,/clusteruy/home/mathiasr/generator-aware-row-scaling/results-revision/plano-control/full-gurobi-01pct/resultados/instance021_estructurado.csv,/clusteruy/home/mathiasr/generator-aware-row-scaling/results-revision/plano-control/full-gurobi-01pct/resultados/instance021_estructurado_postprocesado.csv,/clusteruy/home/mathiasr/generator-aware-row-scaling/results-revision/plano-control/full-gurobi-01pct/logs/instance021_estructurado.log
instance021.txt,estructurado_solo_local,OK,0,529.72830466,0.097855665917288,-667298.0790101975,-667298.0,OPTIMAL,-667951.0679890662,73629.0,5991846.0,0.51,23763.0,16561.0,57555.0,20000.0,14430.0,51772.0,15.835542650338763,12.867580460117143,10.047780383980541,1,Model contains large bounds,1e-05,100000.0,0.0001,100.0,0.4,3000000.0,1.0,10000000000.0,0.0002,1.0,0.0046875,1.0,61680000000000.0,319700000000.0,1.0,1.5,0.119230325,529.847534985,0.8707197593548351,0.8707197593548351,0.8705238233675238,0.119230325,0.00022507825983836486,-0.0034297546287970077,66.05838985648006,9.89840270917661e-05,66.0,9.88965542043023e-05,0.0002,0.005183203631647211,2912886.0,,0.015724241955404512,681.0,,0.0,10.0,681.0,0.968546509544787,0.010814701742447,,,,,,,,OK,REVISAR,1.9073486328125e-06,0.0,4.656612873077393e-10,14463814.4941243,0.0,5.63237379207817e-09,1.12709841459944e-13,1.7233382095583e-07,2.38418579101562e-07,194173.385593887,5.03951919545182,12127875.9539125,14463814.4941243,1.99520400201436e-11,0.0,1.9073486328125e-06,0.0,0.0,0.0,0.0,0.0,12.0,0.0,0.0,0.0,0.0,-667298.079010198,63.5659097304559,1965.71632797862,14463814.4941243,0.0,0.0,0.0,2509.0,135.0,964.0,0.0,0.0,0.0,0.0,-667298.079010198,-667298.079010198,66.0583898560144,9.898402709106833e-05,empeora,43.2340793403564,DIFIERE,41430000.0,3607,/clusteruy/home/mathiasr/generator-aware-row-scaling/results-revision/plano-control/full-gurobi-01pct/resultados/instance021_estructurado_solo_local.csv,/clusteruy/home/mathiasr/generator-aware-row-scaling/results-revision/plano-control/full-gurobi-01pct/resultados/instance021_estructurado_solo_local_postprocesado.csv,/clusteruy/home/mathiasr/generator-aware-row-scaling/results-revision/plano-control/full-gurobi-01pct/logs/instance021_estructurado_solo_local.log
instance021.txt,estructurado_plano,OK,0,500.983086475,0.099971832634381,-667361.0739436909,-667361.0,OPTIMAL,-668028.2470396009,59095.0,4296400.0,0.51,23763.0,16561.0,57555.0,20000.0,14430.0,51772.0,15.835542650338763,12.867580460117143,10.047780383980541,1,Model contains large bounds,1e-05,100000.0,0.0001,100.0,0.4,90000.0,1.0,10000000000.0,0.0002,1.0,0.000140625,1.0,61680000000000.0,10680000000.0,0.0,0.0,0.04097611,501.02406258499997,0.9206795886112554,0.9206795886112554,0.9206042910938009,0.04097611,8.179140395400312e-05,-0.005545921345890006,3.0634563631610945,4.590382059029782e-06,3.0,4.495297918377377e-06,0.0002,0.00017315175097276265,4992988.0,,0.026952977697181166,607.0,,0.0,10.0,607.0,1.0866230197693574,0.014002103837651,,,,,,,,OK,REVISAR,3.39746475219727e-06,0.0,1.1641532182693481e-10,13829649.4374151,0.0,6.1346831200241e-09,1.06581410364015e-13,1.5397556126118e-07,3.57627868652344e-07,107300.000364111,6.20809079312586,2208192.11127541,13829649.4374151,9.5367431640625e-07,0.0,3.39746475219727e-06,7.50298255682195e-08,0.0,0.0,0.0,0.0,20.0,0.0,0.0,0.0,0.0,-667361.073943691,769.228842202341,2474.37130359531,13829649.4374151,7.50298255682195e-08,0.0,0.0,2840.0,165.0,970.0,0.0,0.0,0.0,0.0,-667361.073943691,-667361.073943691,3.063456363044679,4.5903820588553415e-06,empeora,-33.94497119425796,DIFIERE,4030000.0,3333,/clusteruy/home/mathiasr/generator-aware-row-scaling/results-revision/plano-control/full-gurobi-01pct/resultados/instance021_estructurado_plano.csv,/clusteruy/home/mathiasr/generator-aware-row-scaling/results-revision/plano-control/full-gurobi-01pct/resultados/instance021_estructurado_plano_postprocesado.csv,/clusteruy/home/mathiasr/generator-aware-row-scaling/results-revision/plano-control/full-gurobi-01pct/logs/instance021_estructurado_plano.log
instance021.txt,estructurado_matricial,OK,0,514.681358917,0.098022792542104,-667329.5381874585,-667330.0,OPTIMAL,-667983.6732362482,71084.0,5098345.0,0.5,23763.0,16561.0,57555.0,19999.0,14429.0,51784.0,15.839750873206246,12.873618742829539,10.02693076187994,1,Model contains large bounds,1e-05,100000.0,0.0001,100.0,0.1,200000000.0,1.0,10000000000.0,0.0002,1.0,1.25,1.0,61680000000000.0,24030000000000.0,1.0,1.0,0.124077867,514.805436784,0.8961756511398785,0.8961756511398785,0.895959655823385,0.124077867,0.0002410770564161998,-0.003596881253613002,34.599212595494464,5.184457877866732e-05,34.0,5.0946709741610274e-05,0.0002,0.38959143968871596,9528708.0,,0.05143754685710275,664.0,,0.0,9.0,664.0,0.9933436340361445,0.010346291491847,,,,,,,,OK,REVISAR,1.22282654047012e-06,0.0,4.656612873077393e-10,14463814.4941243,0.0,3.80279257171589e-09,8.34887714518118e-14,1.19209289550781e-07,2.38418579101562e-07,194084.990584678,5.08080778812736,12131051.3488988,14463814.4941243,9.5367431640625e-07,0.0,1.22282654047012e-06,3.36846402953379e-08,0.0,0.0,0.0,0.0,1.0,0.0,0.0,0.0,0.0,-667329.538187459,63.5719406516813,2107.8368121809,14463814.4941243,3.36846402953379e-08,0.0,0.0,2526.0,141.0,963.0,0.0,0.0,0.0,0.0,-667329.538187459,-667329.538187459,34.5992125950288,5.184457877796956e-05,empeora,10.628832158399746,DIFIERE,4030000.0,2444,/clusteruy/home/mathiasr/generator-aware-row-scaling/results-revision/plano-control/full-gurobi-01pct/resultados/instance021_estructurado_matricial.csv,/clusteruy/home/mathiasr/generator-aware-row-scaling/results-revision/plano-control/full-gurobi-01pct/resultados/instance021_estructurado_matricial_postprocesado.csv,/clusteruy/home/mathiasr/generator-aware-row-scaling/results-revision/plano-control/full-gurobi-01pct/logs/instance021_estructurado_matricial.log
instance021.txt,matricial_solo_local,OK,0,513.46981016,0.098022792542104,-667329.5381874585,-667330.0,OPTIMAL,-667983.6732362482,71084.0,5098345.0,0.51,23763.0,16561.0,57555.0,19999.0,14429.0,51784.0,15.839750873206246,12.873618742829539,10.02693076187994,1,Model contains large bounds,1e-05,100000.0,0.0001,100.0,0.1,200000000.0,1.0,10000000000.0,0.0002,1.0,1.25,1.0,61680000000000.0,24030000000000.0,1.0,1.0,0.121403316,513.591213476,0.8982902068054861,0.8982902068054861,0.8980778678733254,0.121403316,0.00023643710613126422,-0.003596881253613002,34.599212595494464,5.184457877866732e-05,34.0,5.0946709741610274e-05,0.0002,0.38959143968871596,9528708.0,,0.05143754685710275,664.0,,0.0,9.0,664.0,0.9933436340361445,0.010424327174254,,,,,,,,OK,REVISAR,1.22282654047012e-06,0.0,4.656612873077393e-10,14463814.4941243,0.0,3.80279257171589e-09,8.34887714518118e-14,1.19209289550781e-07,2.38418579101562e-07,194084.990584678,5.08080778812736,12131051.3488988,14463814.4941243,9.5367431640625e-07,0.0,1.22282654047012e-06,3.36846402953379e-08,0.0,0.0,0.0,0.0,1.0,0.0,0.0,0.0,0.0,-667329.538187459,63.5719406516813,2107.8368121809,14463814.4941243,3.36846402953379e-08,0.0,0.0,2526.0,141.0,963.0,0.0,0.0,0.0,0.0,-667329.538187459,-667329.538187459,34.5992125950288,5.184457877796956e-05,empeora,10.628832158399746,DIFIERE,4030000.0,2444,/clusteruy/home/mathiasr/generator-aware-row-scaling/results-revision/plano-control/full-gurobi-01pct/resultados/instance021_matricial_solo_local.csv,/clusteruy/home/mathiasr/generator-aware-row-scaling/results-revision/plano-control/full-gurobi-01pct/resultados/instance021_matricial_solo_local_postprocesado.csv,/clusteruy/home/mathiasr/generator-aware-row-scaling/results-revision/plano-control/full-gurobi-01pct/logs/instance021_matricial_solo_local.log
instance021.txt,matricial_plano,OK,0,308.095376449,0.095783990560228,-667315.8395189114,-667316.0,OPTIMAL,-667955.0212596431,41406.0,2613477.0,0.5,23763.0,16561.0,57555.0,19999.0,14429.0,51784.0,15.839750873206246,12.873618742829539,10.02693076187994,1,Model contains large bounds,1e-05,100000.0,0.0001,100.0,0.1,200000000.0,1.0,10000000000.0,0.0002,1.0,1.25,1.0,61680000000000.0,24030000000000.0,0.0,0.0,0.040617142,308.135993591,1.4970847900190782,1.4970847900190782,1.4968874508351888,0.040617142,0.00013183301375093334,-0.001358079271737006,48.29788114258554,7.237110662066216e-05,48.0,7.192476669403803e-05,0.0002,0.38959143968871596,10993374.0,,0.05934405695322546,390.0,,0.0,9.0,390.0,1.6912312128205127,0.015980891637405,,,,,,,,OK,REVISAR,2.86102294921875e-06,0.0,4.656612873077393e-10,14463814.4941243,0.0,4.25017504230428e-09,5.6843418860808e-14,1.19209289550781e-07,4.76837158203125e-07,194092.652444761,5.12771307562913,12129803.5122216,14463814.4941243,1.9073486328125e-06,0.0,2.86102294921875e-06,1.31626923878988e-08,0.0,0.0,1.0,0.0,8.0,0.0,0.0,0.0,0.0,-667315.839518911,63.5719406516813,2014.4695193198,14463814.4941243,1.31626923878988e-08,0.0,0.0,2528.0,140.0,967.0,0.0,0.0,0.0,0.0,-667315.839518911,-667315.839518911,48.2978811430512,7.237110662135992e-05,empeora,39.28080876346212,DIFIERE,21080000.0,2930,/clusteruy/home/mathiasr/generator-aware-row-scaling/results-revision/plano-control/full-gurobi-01pct/resultados/instance021_matricial_plano.csv,/clusteruy/home/mathiasr/generator-aware-row-scaling/results-revision/plano-control/full-gurobi-01pct/resultados/instance021_matricial_plano_postprocesado.csv,/clusteruy/home/mathiasr/generator-aware-row-scaling/results-revision/plano-control/full-gurobi-01pct/logs/instance021_matricial_plano.log
instance022.txt,base,OK,0,417.594168348,0.085861805868197,-533104.9285243562,-533105.0,OPTIMAL,-533562.6620431596,28338.0,4925253.0,0.45,23763.0,16561.0,57555.0,19857.0,14431.0,51208.0,16.43731852038884,12.861542177404747,11.027712622708714,4,Model contains large bounds | Model contains large matrix coefficient range | Model contains large rhs | max constraint violation (1.0468e-06) exceeds tolerance,0.0002,10000000000.0,0.0001,100.0,5.0,10000000000.0,1.0,10000000000.0,,,,,,,,,0.0,417.594168348,1.0,1.0,1.0,0.0,0.0,0.0,,,0.0,,,,9.926951609709886e+16,,,612.751168,,0.021093,10.934542,612.751168,1.0,0.020287645465495,,,,,,,,BASE,BASE,,,,,,2.14805000728453e-09,3.5527136788005e-14,8.38190317153931e-08,2.02096998691559e-07,322048.202795539,11.5343311414023,9065251.06377949,117257630.512692,7.03940941093606e-08,0.0,1.0468065738678e-06,0.0,0.0,0.0,0.0,0.0,1.0,0.0,0.0,0.0,0.0,-533104.928524356,280.521094975426,12668.2599697992,117257630.512692,0.0,0.0,0.0,1901.0,370.0,1004.0,0.0,0.0,0.0,0.0,-533104.928524356,,,,,,BASE,0.0,0,/clusteruy/home/mathiasr/generator-aware-row-scaling/results-revision/plano-control/full-gurobi-01pct/resultados/instance022_base.csv,/clusteruy/home/mathiasr/generator-aware-row-scaling/results-revision/plano-control/full-gurobi-01pct/resultados/instance022_base_postprocesado.csv,/clusteruy/home/mathiasr/generator-aware-row-scaling/results-revision/plano-control/full-gurobi-01pct/logs/instance022_base.log
instance022.txt,estructurado,OK,0,309.854493613,0.098856497078362,-533028.3298384245,-533028.0,OPTIMAL,-533555.262973738,8551.0,2534790.0,0.48,23763.0,16561.0,57555.0,19858.0,14433.0,51186.0,16.433110297521356,12.849465611979953,11.065936929893146,1,Model contains large bounds,9e-06,100000.0,0.0001,100.0,0.4,3000000.0,1.0,10000000000.0,0.0002222222222222222,1.0,0.00375,1.0,63930000000000.0,377100000000.0,1.0,1.5,0.12040288,309.97489649299996,1.3477105446453972,1.3477105446453972,1.3471870563474173,0.12040288,0.0003885787764316886,-0.012994691210165,76.59868593176361,0.00014368407012066108,77.0,0.00014443683702084956,0.0002222222222222222,0.005898639136555608,5317559.0,,5.356688749040255e-11,403.0,,0.0,12.0,403.0,1.5204743622828785,0.013430952209785,,,,,,,,OK,REVISAR,1.07288360595703e-05,0.0,4.656612873077393e-10,117257630.512692,0.0,9.70062169857387e-09,1.70530256582424e-13,2.16551125049595e-07,7.34347850084305e-07,322141.330433449,11.4315019788916,9036478.16151172,117257630.512692,2.86102294921875e-06,4.65661287307739e-10,1.07288360595703e-05,0.0,0.0,0.0,1.0,0.0,34.0,0.0,0.0,0.0,0.0,-533028.329838424,366.342617182849,12668.2599697992,117257630.512692,0.0,0.0,0.0,1922.0,367.0,1037.0,0.0,0.0,0.0,0.0,-533028.329838424,-533028.329838424,76.59868593222927,0.00014368407012153457,empeora,7.399069421575405,DIFIERE,4250000.0,3677,/clusteruy/home/mathiasr/generator-aware-row-scaling/results-revision/plano-control/full-gurobi-01pct/resultados/instance022_estructurado.csv,/clusteruy/home/mathiasr/generator-aware-row-scaling/results-revision/plano-control/full-gurobi-01pct/resultados/instance022_estructurado_postprocesado.csv,/clusteruy/home/mathiasr/generator-aware-row-scaling/results-revision/plano-control/full-gurobi-01pct/logs/instance022_estructurado.log
instance022.txt,estructurado_solo_local,OK,0,307.882409538,0.098856497078362,-533028.3298384245,-533028.0,OPTIMAL,-533555.262973738,8551.0,2534790.0,0.48,23763.0,16561.0,57555.0,19858.0,14433.0,51186.0,16.433110297521356,12.849465611979953,11.065936929893146,1,Model contains large bounds,9e-06,100000.0,0.0001,100.0,0.4,3000000.0,1.0,10000000000.0,0.0002222222222222222,1.0,0.00375,1.0,63930000000000.0,377100000000.0,1.0,1.5,0.120344903,308.002754441,1.3563430563461891,1.3563430563461891,1.3558130968857716,0.120344903,0.00039087943731694937,-0.012994691210165,76.59868593176361,0.00014368407012066108,77.0,0.00014443683702084956,0.0002222222222222222,0.005898639136555608,5317559.0,,5.356688749040255e-11,403.0,,0.0,12.0,403.0,1.5204743622828785,0.013616965598157,,,,,,,,OK,REVISAR,1.07288360595703e-05,0.0,4.656612873077393e-10,117257630.512692,0.0,9.70062169857387e-09,1.70530256582424e-13,2.16551125049595e-07,7.34347850084305e-07,322141.330433449,11.4315019788916,9036478.16151172,117257630.512692,2.86102294921875e-06,4.65661287307739e-10,1.07288360595703e-05,0.0,0.0,0.0,1.0,0.0,34.0,0.0,0.0,0.0,0.0,-533028.329838424,366.342617182849,12668.2599697992,117257630.512692,0.0,0.0,0.0,1922.0,367.0,1037.0,0.0,0.0,0.0,0.0,-533028.329838424,-533028.329838424,76.59868593222927,0.00014368407012153457,empeora,7.399069421575405,DIFIERE,4250000.0,3677,/clusteruy/home/mathiasr/generator-aware-row-scaling/results-revision/plano-control/full-gurobi-01pct/resultados/instance022_estructurado_solo_local.csv,/clusteruy/home/mathiasr/generator-aware-row-scaling/results-revision/plano-control/full-gurobi-01pct/resultados/instance022_estructurado_solo_local_postprocesado.csv,/clusteruy/home/mathiasr/generator-aware-row-scaling/results-revision/plano-control/full-gurobi-01pct/logs/instance022_estructurado_solo_local.log
instance022.txt,estructurado_plano,OK,0,364.348684969,0.095093213459095,-532938.1006603609,-532938.0,OPTIMAL,-533444.8886260267,13133.0,3227790.0,0.48,23763.0,16561.0,57555.0,19858.0,14433.0,51186.0,16.433110297521356,12.849465611979953,11.065936929893146,1,Model contains large bounds,9e-06,100000.0,0.0001,100.0,0.4,90000.0,1.0,10000000000.0,0.0002222222222222222,1.0,0.0001125,1.0,63930000000000.0,12490000000.0,0.0,0.0,0.040934292,364.38961926099995,1.1461388103638424,1.1461388103638424,1.1460100570233078,0.040934292,0.00011234922394047566,-0.009231407590897994,166.82786399533506,0.00031293626276747714,167.0,0.00031325911405820616,0.0002222222222222222,0.00019536993586735492,6544534.0,,6.592692557903244e-11,483.0,,0.0,12.0,483.0,1.2686359585921325,0.012218538605984,,,,,,,,OK,REVISAR,4.76837158203125e-06,0.0,1.1641532182693481e-10,21468356.4708384,0.0,8.27972064044079e-09,7.105427357601e-14,2.22804956138137e-07,2.94297933578491e-07,54897.5716821652,15.2171308861538,1136859.31886566,21468356.4708384,4.76837158203125e-06,0.0,2.75112688541412e-06,0.0,0.0,0.0,2.0,0.0,16.0,0.0,0.0,0.0,0.0,-532938.100660361,369.544912787595,13186.3146417977,21468356.4708384,0.0,0.0,0.0,2433.0,458.0,1018.0,0.0,0.0,0.0,0.0,-532938.100660361,-532938.100660361,166.82786399521865,0.0003129362627672588,empeora,117.77341713290662,DIFIERE,27730000.0,5425,/clusteruy/home/mathiasr/generator-aware-row-scaling/results-revision/plano-control/full-gurobi-01pct/resultados/instance022_estructurado_plano.csv,/clusteruy/home/mathiasr/generator-aware-row-scaling/results-revision/plano-control/full-gurobi-01pct/resultados/instance022_estructurado_plano_postprocesado.csv,/clusteruy/home/mathiasr/generator-aware-row-scaling/results-revision/plano-control/full-gurobi-01pct/logs/instance022_estructurado_plano.log
instance022.txt,estructurado_matricial,OK,0,413.056789183,0.099353011073648,-533088.0636993857,-533088.0,OPTIMAL,-533617.7027423453,6011.0,2453839.0,0.47,23763.0,16561.0,57555.0,19858.0,14432.0,51211.0,16.433110297521356,12.85550389469235,11.022500217183564,1,Model contains large bounds,9e-06,100000.0,0.0001,100.0,0.1,200000000.0,1.0,10000000000.0,0.0002222222222222222,1.0,1.0,1.0,63930000000000.0,26950000000000.0,1.0,1.0,0.124296424,413.181085607,1.0109848797642926,1.0109848797642926,1.0106807472431047,0.124296424,0.00030091848688857146,-0.013491205205450996,16.864824970485643,3.163509483427169e-05,17.0,3.1888652329278475e-05,0.0002222222222222222,0.4215548255904896,21275141.0,,2.1431696090056556e-10,563.0,,0.0,13.0,563.0,1.088367971580817,0.013032436592875,,,,,,,,OK,REVISAR,4.69591468572617e-05,0.0,2.3283064365386963e-10,117322665.405391,0.0,1.52049803844294e-08,4.2632564145606e-13,1.50874257087708e-07,4.69591468572617e-05,318913.662591501,11.4180448191133,8884706.11167311,117322665.405391,1.71661376953125e-05,4.65661287307739e-10,4.69591468572617e-05,3.49105707650112e-09,4.67629661216051e-07,0.0,1.0,0.0,21.0,0.0,0.0,0.0,0.0,-533088.063699386,292.049359152494,12668.2599697992,117322665.405391,0.0,4.67629661216051e-07,0.0,1906.0,368.0,1014.0,0.0,0.0,0.0,0.0,-533088.063699386,-533088.063699386,16.864824970252812,3.163509483383495e-05,empeora,-55.04069918568712,DIFIERE,8270000.0,5103,/clusteruy/home/mathiasr/generator-aware-row-scaling/results-revision/plano-control/full-gurobi-01pct/resultados/instance022_estructurado_matricial.csv,/clusteruy/home/mathiasr/generator-aware-row-scaling/results-revision/plano-control/full-gurobi-01pct/resultados/instance022_estructurado_matricial_postprocesado.csv,/clusteruy/home/mathiasr/generator-aware-row-scaling/results-revision/plano-control/full-gurobi-01pct/logs/instance022_estructurado_matricial.log
instance022.txt,matricial_solo_local,OK,0,413.893618302,0.099353011073648,-533088.0636993857,-533088.0,OPTIMAL,-533617.7027423453,6011.0,2453839.0,0.48,23763.0,16561.0,57555.0,19858.0,14432.0,51211.0,16.433110297521356,12.85550389469235,11.022500217183564,1,Model contains large bounds,9e-06,100000.0,0.0001,100.0,0.1,200000000.0,1.0,10000000000.0,0.0002222222222222222,1.0,1.0,1.0,63930000000000.0,26950000000000.0,1.0,1.0,0.121538834,414.01515713599997,1.0089408241208973,1.0089408241208973,1.0086446381257108,0.121538834,0.00029364751865132275,-0.013491205205450996,16.864824970485643,3.163509483427169e-05,17.0,3.1888652329278475e-05,0.0002222222222222222,0.4215548255904896,21275141.0,,2.1431696090056556e-10,563.0,,0.0,13.0,563.0,1.088367971580817,0.013077346042225,,,,,,,,OK,REVISAR,4.69591468572617e-05,0.0,2.3283064365386963e-10,117322665.405391,0.0,1.52049803844294e-08,4.2632564145606e-13,1.50874257087708e-07,4.69591468572617e-05,318913.662591501,11.4180448191133,8884706.11167311,117322665.405391,1.71661376953125e-05,4.65661287307739e-10,4.69591468572617e-05,3.49105707650112e-09,4.67629661216051e-07,0.0,1.0,0.0,21.0,0.0,0.0,0.0,0.0,-533088.063699386,292.049359152494,12668.2599697992,117322665.405391,0.0,4.67629661216051e-07,0.0,1906.0,368.0,1014.0,0.0,0.0,0.0,0.0,-533088.063699386,-533088.063699386,16.864824970252812,3.163509483383495e-05,empeora,-55.04069918568712,DIFIERE,8270000.0,5103,/clusteruy/home/mathiasr/generator-aware-row-scaling/results-revision/plano-control/full-gurobi-01pct/resultados/instance022_matricial_solo_local.csv,/clusteruy/home/mathiasr/generator-aware-row-scaling/results-revision/plano-control/full-gurobi-01pct/resultados/instance022_matricial_solo_local_postprocesado.csv,/clusteruy/home/mathiasr/generator-aware-row-scaling/results-revision/plano-control/full-gurobi-01pct/logs/instance022_matricial_solo_local.log
instance022.txt,matricial_plano,OK,0,439.775333718,0.099206009483467,-533048.671987511,-533049.0,OPTIMAL,-533577.4883035944,22172.0,4711297.0,0.47,23763.0,16561.0,57555.0,19858.0,14432.0,51211.0,16.433110297521356,12.85550389469235,11.022500217183564,1,Model contains large bounds,9e-06,100000.0,0.0001,100.0,0.1,200000000.0,1.0,10000000000.0,0.0002222222222222222,1.0,1.0,1.0,63930000000000.0,26950000000000.0,0.0,0.0,0.040509603,439.815843321,0.9495625068771515,0.9495625068771515,0.9494750466349583,0.040509603,9.21143135917128e-05,-0.01334420361527,56.25653684523422,0.00010552619913110408,56.0,0.00010504497237879968,0.0002222222222222222,0.4215548255904896,25323022.0,,2.55093637962642e-10,602.0,,0.0,12.0,602.0,1.0178590830564784,0.016099392998287,,,,,,,,OK,REVISAR,3.814697265625e-06,0.0,0.0,117257630.512692,0.0,5.47555848105664e-09,8.88178419700125e-14,1.25793740153314e-07,2.85916030406952e-07,321935.980602175,11.4812754093209,9024120.45427212,117257630.512692,9.5367431640625e-07,4.65661287307739e-10,3.814697265625e-06,0.0,0.0,0.0,0.0,0.0,7.0,0.0,0.0,0.0,0.0,-533048.671987511,386.196849932279,12668.2599697992,117257630.512692,0.0,0.0,0.0,1914.0,368.0,1008.0,0.0,0.0,0.0,0.0,-533048.671987511,-533048.671987511,56.25653684523422,0.00010552619913110408,empeora,-14.826260434812866,DIFIERE,3880000.0,3408,/clusteruy/home/mathiasr/generator-aware-row-scaling/results-revision/plano-control/full-gurobi-01pct/resultados/instance022_matricial_plano.csv,/clusteruy/home/mathiasr/generator-aware-row-scaling/results-revision/plano-control/full-gurobi-01pct/resultados/instance022_matricial_plano_postprocesado.csv,/clusteruy/home/mathiasr/generator-aware-row-scaling/results-revision/plano-control/full-gurobi-01pct/logs/instance022_matricial_plano.log
instance023.txt,base,OK,0,9.793673819,1.45e-13,-320152.22453661775,-320152.0,OPTIMAL,-320152.2245366182,1.0,25152.0,0.47,23763.0,16561.0,57555.0,19782.0,14242.0,51696.0,16.75293523545007,14.002777610047703,10.17982799061767,4,Model contains large bounds | Model contains large matrix coefficient range | Model contains large rhs | max constraint violation (1.1774e-06) exceeds tolerance,0.0002,10000000000.0,0.0002,100.0,5.0,10000000000.0,1.0,10000000000.0,,,,,,,,,0.0,9.793673819,1.0,1.0,1.0,0.0,0.0,0.0,,,0.0,,,,81287868.997942,,,8.070595,,0.045874,8.896443,8.070595,1.0,0.342188767317927,,,,,,,,BASE,BASE,,,,,,2.30444312140772e-09,2.8421709430404e-14,7.46827572584157e-08,1.17742456495762e-06,702383.222207021,8.49346107412856,18435362.5869841,138963786.895463,1.13686837721616e-13,0.0,1.17742456495762e-06,0.0,0.0,0.0,0.0,0.0,2.0,0.0,0.0,0.0,0.0,-320152.224536618,794.071148029259,9277.62356383438,138963786.895463,0.0,0.0,0.0,817.0,311.0,1066.0,0.0,0.0,0.0,0.0,-320152.224536618,,,,,,BASE,0.0,0,/clusteruy/home/mathiasr/generator-aware-row-scaling/results-revision/plano-control/full-gurobi-01pct/resultados/instance023_base.csv,/clusteruy/home/mathiasr/generator-aware-row-scaling/results-revision/plano-control/full-gurobi-01pct/resultados/instance023_base_postprocesado.csv,/clusteruy/home/mathiasr/generator-aware-row-scaling/results-revision/plano-control/full-gurobi-01pct/logs/instance023_base.log
instance023.txt,estructurado,OK,0,290.541447763,0.085714410226247,-329802.6387178436,-329803.0,OPTIMAL,-330085.3271045312,7318.0,2356982.0,0.48,23763.0,16561.0,57555.0,19752.0,14236.0,51417.0,16.87918192147456,14.039007306322082,10.664581704456607,1,Model contains large bounds,8e-06,100000.0,0.0002,100.0,0.5,4000000.0,1.0,10000000000.0,0.00025,1.0,0.004,1.0,57250000000000.0,446700000000.0,1.0,1.5,0.119380014,290.660827777,0.03370835347041046,0.03370835347041046,0.033694508798804756,0.119380014,0.0004108880675000301,-0.085714410226102,-9650.414181225875,-0.03014320514309623,-9651.0,-0.030145056098353284,0.00025,0.007802620087336245,14029842.0,,0.1725945356047555,347.0,,0.0,13.0,347.0,0.02325819884726225,0.028140157084842,,,,,,,,OK,REVISAR,1.1444091796875e-05,0.0,3.4924596548080444e-10,138489998.50054,0.0,5.72095401388457e-09,8.68638494466684e-14,1.62050127983093e-07,9.96049493551254e-07,742992.193669222,6.544785150814,25790951.9713049,138489998.50054,1.1444091796875e-05,1.86264514923096e-09,1.00806937552989e-06,5.76743961459642e-11,0.0,0.0,1.0,0.0,1.0,0.0,0.0,0.0,0.0,-329802.638717844,833.299213725302,9277.62356383441,138489998.50054,5.76743961459642e-11,0.0,0.0,1506.0,316.0,1062.0,0.0,0.0,0.0,0.0,-329802.638717844,-329802.638717844,-9650.414181226224,0.03014320514309732,mejora,-9933.10256791301,DIFIERE,58840000.0,6484,/clusteruy/home/mathiasr/generator-aware-row-scaling/results-revision/plano-control/full-gurobi-01pct/resultados/instance023_estructurado.csv,/clusteruy/home/mathiasr/generator-aware-row-scaling/results-revision/plano-control/full-gurobi-01pct/resultados/instance023_estructurado_postprocesado.csv,/clusteruy/home/mathiasr/generator-aware-row-scaling/results-revision/plano-control/full-gurobi-01pct/logs/instance023_estructurado.log
instance023.txt,estructurado_solo_local,OK,0,290.088002552,0.085714410226247,-329802.6387178436,-329803.0,OPTIMAL,-330085.3271045312,7318.0,2356982.0,0.47,23763.0,16561.0,57555.0,19752.0,14236.0,51417.0,16.87918192147456,14.039007306322082,10.664581704456607,1,Model contains large bounds,8e-06,100000.0,0.0002,100.0,0.5,4000000.0,1.0,10000000000.0,0.00025,1.0,0.004,1.0,57250000000000.0,446700000000.0,1.0,1.5,0.119816705,290.207819257,0.033761044003343184,0.033761044003343184,0.03374710524366332,0.119816705,0.00041303571311440966,-0.085714410226102,-9650.414181225875,-0.03014320514309623,-9651.0,-0.030145056098353284,0.00025,0.007802620087336245,14029842.0,,0.1725945356047555,347.0,,0.0,13.0,347.0,0.02325819884726225,0.028087743876738,,,,,,,,OK,REVISAR,1.1444091796875e-05,0.0,3.4924596548080444e-10,138489998.50054,0.0,5.72095401388457e-09,8.68638494466684e-14,1.62050127983093e-07,9.96049493551254e-07,742992.193669222,6.544785150814,25790951.9713049,138489998.50054,1.1444091796875e-05,1.86264514923096e-09,1.00806937552989e-06,5.76743961459642e-11,0.0,0.0,1.0,0.0,1.0,0.0,0.0,0.0,0.0,-329802.638717844,833.299213725302,9277.62356383441,138489998.50054,5.76743961459642e-11,0.0,0.0,1506.0,316.0,1062.0,0.0,0.0,0.0,0.0,-329802.638717844,-329802.638717844,-9650.414181226224,0.03014320514309732,mejora,-9933.10256791301,DIFIERE,58840000.0,6484,/clusteruy/home/mathiasr/generator-aware-row-scaling/results-revision/plano-control/full-gurobi-01pct/resultados/instance023_estructurado_solo_local.csv,/clusteruy/home/mathiasr/generator-aware-row-scaling/results-revision/plano-control/full-gurobi-01pct/resultados/instance023_estructurado_solo_local_postprocesado.csv,/clusteruy/home/mathiasr/generator-aware-row-scaling/results-revision/plano-control/full-gurobi-01pct/logs/instance023_estructurado_solo_local.log
instance023.txt,estructurado_plano,OK,0,345.440564009,0.060514166369197,-329897.179537494,-329897.0,OPTIMAL,-330096.81406556664,7123.0,2824329.0,0.48,23763.0,16561.0,57555.0,19752.0,14236.0,51417.0,16.87918192147456,14.039007306322082,10.664581704456607,1,Model contains large bounds,8e-06,100000.0,0.0002,100.0,0.5,100000.0,1.0,10000000000.0,0.00025,1.0,0.0001,1.0,57250000000000.0,13990000000.0,0.0,0.0,0.040617099,345.481181108,0.028351255872616162,0.028351255872616162,0.02834792270765806,0.040617099,0.00011758057168683227,-0.060514166369052,-9744.955000876274,-0.030438504729995042,-9745.0,-0.030438666633349157,0.00025,0.0002443668122270742,1494643.0,,0.018387036324421797,414.0,,0.0,13.0,414.0,0.01949419082125604,0.022517045341454,,,,,,,,OK,REVISAR,3.26381996273994e-06,0.0,0.0,23583185.5440663,0.0,5.24225617482314e-09,7.44293515708666e-14,1.62050127983093e-07,3.26381996273994e-06,130391.278442623,12.6407089915326,4220358.60451462,23583185.5440663,3.57473071503639e-10,1.86264514923096e-09,3.26381996273994e-06,2.44186019897461e-09,0.0,0.0,0.0,0.0,3.0,0.0,0.0,0.0,0.0,-329897.179537494,814.873910140792,9708.2724456111,23583185.5440663,2.44186019897461e-09,0.0,0.0,2441.0,494.0,1056.0,0.0,0.0,0.0,0.0,-329897.179537494,-329897.179537494,-9744.955000876274,0.030438504729995042,mejora,-9944.589528948418,DIFIERE,59420000.0,7403,/clusteruy/home/mathiasr/generator-aware-row-scaling/results-revision/plano-control/full-gurobi-01pct/resultados/instance023_estructurado_plano.csv,/clusteruy/home/mathiasr/generator-aware-row-scaling/results-revision/plano-control/full-gurobi-01pct/resultados/instance023_estructurado_plano_postprocesado.csv,/clusteruy/home/mathiasr/generator-aware-row-scaling/results-revision/plano-control/full-gurobi-01pct/logs/instance023_estructurado_plano.log
instance023.txt,estructurado_matricial,OK,0,294.243911654,0.085774917309105,-329860.4722132986,-329860.0,OPTIMAL,-330143.409760575,7506.0,3852279.0,0.48,23763.0,16561.0,57555.0,19782.0,14242.0,51697.0,16.75293523545007,14.002777610047703,10.178090522109287,1,Model contains large bounds,8e-06,100000.0,0.0002,100.0,0.2,300000000.0,1.0,10000000000.0,0.00025,1.0,0.75,1.0,57250000000000.0,29840000000000.0,1.0,1.0,0.123575168,294.367486822,0.033284202089171294,0.033284202089171294,0.03327022941539091,0.123575168,0.0004199752759721039,-0.08577491730896,-9708.247676680854,-0.03032384888386263,-9708.0,-0.030323096529148653,0.00025,0.5212227074235808,12486416.0,,0.15360737283340672,366.0,,0.0,11.0,366.0,0.022050806010928965,0.023440617584007,,,,,,,,OK,REVISAR,2.7043279260397e-06,0.0,4.0745362639427185e-10,139024916.637936,0.0,4.05893893027595e-09,5.6843418860808e-14,1.21071934700012e-07,2.7043279260397e-06,754599.415331555,6.56479383178574,27006191.5013663,139024916.637936,1.15927673696571e-09,0.0,2.7043279260397e-06,8.15397198994954e-09,0.0,0.0,0.0,0.0,5.0,0.0,0.0,0.0,0.0,-329860.472213299,914.429985960334,9277.62356383438,139024916.637936,8.15397198994954e-09,0.0,0.0,1537.0,314.0,1056.0,0.0,0.0,0.0,0.0,-329860.472213299,-329860.472213299,-9708.247676681262,0.030323848883863903,mejora,-9991.185223956767,DIFIERE,63370000.0,6471,/clusteruy/home/mathiasr/generator-aware-row-scaling/results-revision/plano-control/full-gurobi-01pct/resultados/instance023_estructurado_matricial.csv,/clusteruy/home/mathiasr/generator-aware-row-scaling/results-revision/plano-control/full-gurobi-01pct/resultados/instance023_estructurado_matricial_postprocesado.csv,/clusteruy/home/mathiasr/generator-aware-row-scaling/results-revision/plano-control/full-gurobi-01pct/logs/instance023_estructurado_matricial.log
instance023.txt,matricial_solo_local,OK,0,294.255568761,0.085774917309105,-329860.4722132986,-329860.0,OPTIMAL,-330143.409760575,7506.0,3852279.0,0.48,23763.0,16561.0,57555.0,19782.0,14242.0,51697.0,16.75293523545007,14.002777610047703,10.178090522109287,1,Model contains large bounds,8e-06,100000.0,0.0002,100.0,0.2,300000000.0,1.0,10000000000.0,0.00025,1.0,0.75,1.0,57250000000000.0,29840000000000.0,1.0,1.0,0.121664895,294.377233656,0.03328288351597726,0.03328288351597726,0.03326912783766621,0.121664895,0.0004134667544688629,-0.08577491730896,-9708.247676680854,-0.03032384888386263,-9708.0,-0.030323096529148653,0.00025,0.5212227074235808,12486416.0,,0.15360737283340672,366.0,,0.0,11.0,366.0,0.022050806010928965,0.023380407692603,,,,,,,,OK,REVISAR,2.7043279260397e-06,0.0,4.0745362639427185e-10,139024916.637936,0.0,4.05893893027595e-09,5.6843418860808e-14,1.21071934700012e-07,2.7043279260397e-06,754599.415331555,6.56479383178574,27006191.5013663,139024916.637936,1.15927673696571e-09,0.0,2.7043279260397e-06,8.15397198994954e-09,0.0,0.0,0.0,0.0,5.0,0.0,0.0,0.0,0.0,-329860.472213299,914.429985960334,9277.62356383438,139024916.637936,8.15397198994954e-09,0.0,0.0,1537.0,314.0,1056.0,0.0,0.0,0.0,0.0,-329860.472213299,-329860.472213299,-9708.247676681262,0.030323848883863903,mejora,-9991.185223956767,DIFIERE,63370000.0,6471,/clusteruy/home/mathiasr/generator-aware-row-scaling/results-revision/plano-control/full-gurobi-01pct/resultados/instance023_matricial_solo_local.csv,/clusteruy/home/mathiasr/generator-aware-row-scaling/results-revision/plano-control/full-gurobi-01pct/resultados/instance023_matricial_solo_local_postprocesado.csv,/clusteruy/home/mathiasr/generator-aware-row-scaling/results-revision/plano-control/full-gurobi-01pct/logs/instance023_matricial_solo_local.log
instance023.txt,matricial_plano,OK,0,254.0615416,0.095223666399983,-329827.73654746095,-329828.0,OPTIMAL,-330141.8106110055,10440.0,4031851.0,0.48,23763.0,16561.0,57555.0,19782.0,14242.0,51697.0,16.75293523545007,14.002777610047703,10.178090522109287,1,Model contains large bounds,8e-06,100000.0,0.0002,100.0,0.2,300000000.0,1.0,10000000000.0,0.00025,1.0,0.75,1.0,57250000000000.0,29840000000000.0,0.0,0.0,0.041871532,254.103413132,0.03854843105069154,0.03854843105069154,0.03854207898385232,0.041871532,0.00016480861973955686,-0.09522366639983801,-9675.512010843202,-0.030221598568766325,-9676.0,-0.030223144006596866,0.00025,0.5212227074235808,4186968.0,,0.0515079070421443,314.0,,0.0,11.0,314.0,0.02570253184713376,0.033930630200752,,,,,,,,OK,REVISAR,2.86102294921875e-06,0.0,5.820766091346741e-11,139024916.637936,0.0,4.10788794457795e-09,5.6843418860808e-14,1.32247805595398e-07,2.86102294921875e-06,755516.600801458,6.58046372647442,27188015.4266568,139024916.637936,8.50067116308024e-10,0.0,2.86102294921875e-06,1.59770816167196e-08,0.0,0.0,0.0,0.0,2.0,0.0,0.0,0.0,0.0,-329827.736547461,915.618715223842,9277.62356383438,139024916.637936,1.59770816167196e-08,0.0,0.0,1539.0,314.0,1051.0,0.0,0.0,0.0,0.0,-329827.736547461,-329827.736547461,-9675.51201084326,0.030221598568766505,mejora,-9989.586074387305,DIFIERE,65718000.0,6742,/clusteruy/home/mathiasr/generator-aware-row-scaling/results-revision/plano-control/full-gurobi-01pct/resultados/instance023_matricial_plano.csv,/clusteruy/home/mathiasr/generator-aware-row-scaling/results-revision/plano-control/full-gurobi-01pct/resultados/instance023_matricial_plano_postprocesado.csv,/clusteruy/home/mathiasr/generator-aware-row-scaling/results-revision/plano-control/full-gurobi-01pct/logs/instance023_matricial_plano.log
instance024.txt,base,OK,0,1083.940449706,2.98e-13,136647.39442766312,136647.0,OPTIMAL,136647.39442766272,41969.0,5484982.0,0.46,23763.0,16561.0,57555.0,19728.0,14224.0,50944.0,16.980179270294155,14.11146669887084,11.486404308921902,3,Model contains large bounds | Model contains large matrix coefficient range | Model contains large rhs,0.0003,10000000000.0,0.0002,100.0,5.0,10000000000.0,1.0,10000000000.0,,,,,,,,,0.0,1083.940449706,1.0,1.0,1.0,0.0,0.0,0.0,,,0.0,,,,68692741.297463,,,1273.4478,,0.953902,21.137922,1273.4478,1.0,0.511457851717698,,,,,,,,BASE,BASE,,,,,,1.62367877102361e-09,1.98951966012828e-13,5.02914190292358e-08,9.5367431640625e-07,639835.197339035,1.55798972662145,15188667.6835913,103846877.27071,7.27595761418343e-12,0.0,9.55536961555481e-07,0.0,3.24007487506606e-11,0.0,0.0,0.0,0.0,0.0,0.0,0.0,0.0,136647.394427663,220.11916109798,8125.67225395597,103846877.27071,0.0,3.24007487506606e-11,0.0,333.0,322.0,1045.0,0.0,0.0,0.0,0.0,136647.394427663,,,,,,BASE,0.0,0,/clusteruy/home/mathiasr/generator-aware-row-scaling/results-revision/plano-control/full-gurobi-01pct/resultados/instance024_base.csv,/clusteruy/home/mathiasr/generator-aware-row-scaling/results-revision/plano-control/full-gurobi-01pct/resultados/instance024_base_postprocesado.csv,/clusteruy/home/mathiasr/generator-aware-row-scaling/results-revision/plano-control/full-gurobi-01pct/logs/instance024_base.log
instance024.txt,estructurado,OK,0,1025.627000999,0.0,141507.58637462842,141508.0,OPTIMAL,141507.58637462836,20890.0,4929011.0,0.48,23763.0,16561.0,57555.0,19792.0,14265.0,50982.0,16.71085300677524,13.86389710766258,11.420380505603337,1,Model contains large bounds,8e-06,100000.0,0.0002,100.0,0.4,4000000.0,1.0,10000000000.0,0.00037499999999999995,1.0,0.005,1.0,44320000000000.0,475100000000.0,1.0,1.5,0.11982119,1025.746822189,1.0568563899450778,1.0568563899450778,1.0567329347341399,0.11982119,0.00011682725774895704,2.98e-13,4860.191946965293,0.035567395685236626,4861.0,0.03557341178364692,0.00037499999999999995,0.01071976534296029,4792352.0,,0.06976504226621967,1234.0,,1.0,25.0,1234.0,1.0319674230145865,0.533911361377182,,,,,,,,OK,REVISAR,5.7220458984375e-06,0.0,4.0745362639427185e-10,103665710.970533,0.0,4.69392558207304e-09,1.13686837721616e-13,1.06170773506165e-07,1.9073486328125e-06,607326.268688581,1.41274869584749,12234946.3237479,103665710.970533,1.9073486328125e-06,1.86264514923096e-09,5.7220458984375e-06,0.0,0.0,0.0,1.0,0.0,8.0,0.0,0.0,0.0,0.0,141507.586374628,503.605959481743,8125.67225395606,103665710.970533,0.0,0.0,0.0,327.0,275.0,1044.0,0.0,0.0,0.0,0.0,141507.586374628,141507.586374628,4860.191946964886,0.03556739568523365,empeora,4860.191946965642,DIFIERE,156040000.0,4644,/clusteruy/home/mathiasr/generator-aware-row-scaling/results-revision/plano-control/full-gurobi-01pct/resultados/instance024_estructurado.csv,/clusteruy/home/mathiasr/generator-aware-row-scaling/results-revision/plano-control/full-gurobi-01pct/resultados/instance024_estructurado_postprocesado.csv,/clusteruy/home/mathiasr/generator-aware-row-scaling/results-revision/plano-control/full-gurobi-01pct/logs/instance024_estructurado.log
instance024.txt,estructurado_solo_local,OK,0,1024.191021528,0.0,141507.58637462842,141508.0,OPTIMAL,141507.58637462836,20890.0,4929011.0,0.48,23763.0,16561.0,57555.0,19792.0,14265.0,50982.0,16.71085300677524,13.86389710766258,11.420380505603337,1,Model contains large bounds,8e-06,100000.0,0.0002,100.0,0.4,4000000.0,1.0,10000000000.0,0.00037499999999999995,1.0,0.005,1.0,44320000000000.0,475100000000.0,1.0,1.5,0.11937584,1024.310397368,1.0583381682929218,1.0583381682929218,1.058214826766595,0.11937584,0.00011655622583168332,2.98e-13,4860.191946965293,0.035567395685236626,4861.0,0.03557341178364692,0.00037499999999999995,0.01071976534296029,4792352.0,,0.06976504226621967,1234.0,,1.0,25.0,1234.0,1.0319674230145865,0.533286431227656,,,,,,,,OK,REVISAR,5.7220458984375e-06,0.0,4.0745362639427185e-10,103665710.970533,0.0,4.69392558207304e-09,1.13686837721616e-13,1.06170773506165e-07,1.9073486328125e-06,607326.268688581,1.41274869584749,12234946.3237479,103665710.970533,1.9073486328125e-06,1.86264514923096e-09,5.7220458984375e-06,0.0,0.0,0.0,1.0,0.0,8.0,0.0,0.0,0.0,0.0,141507.586374628,503.605959481743,8125.67225395606,103665710.970533,0.0,0.0,0.0,327.0,275.0,1044.0,0.0,0.0,0.0,0.0,141507.586374628,141507.586374628,4860.191946964886,0.03556739568523365,empeora,4860.191946965642,DIFIERE,156040000.0,4644,/clusteruy/home/mathiasr/generator-aware-row-scaling/results-revision/plano-control/full-gurobi-01pct/resultados/instance024_estructurado_solo_local.csv,/clusteruy/home/mathiasr/generator-aware-row-scaling/results-revision/plano-control/full-gurobi-01pct/resultados/instance024_estructurado_solo_local_postprocesado.csv,/clusteruy/home/mathiasr/generator-aware-row-scaling/results-revision/plano-control/full-gurobi-01pct/logs/instance024_estructurado_solo_local.log
instance024.txt,estructurado_plano,OK,0,2851.426236173,5.79582e-10,136595.39690945,136595.0,OPTIMAL,136595.39690865832,88378.0,35713630.0,0.48,23763.0,16561.0,57555.0,19792.0,14265.0,50982.0,16.71085300677524,13.86389710766258,11.420380505603337,1,Model contains large bounds,8e-06,100000.0,0.0002,100.0,0.4,100000.0,1.0,10000000000.0,0.00037499999999999995,1.0,0.000125,1.0,44320000000000.0,14160000000.0,0.0,0.0,0.04086678,2851.467102953,0.38013974759550323,0.38013974759550323,0.38013429949216787,0.04086678,1.4332048811772438e-05,-5.79284e-10,-51.997518213116564,-0.0003805233054819968,-52.0,-0.0003805425658814317,0.00037499999999999995,0.0003194945848375451,2007027.0,,0.0292174538690906,3658.0,,0.0,22.0,3658.0,0.348126790595954,0.066779020801515,,,,,,,,REVISAR,REVISAR,0.00028431648388505,0.0,0.0,16562970.5820347,0.0,1.32343201726681e-07,4.65661287307739e-10,1.10276043415071e-06,0.000125827267765999,96002.7424438548,7.5377535242916,1595161.77265846,16562970.5820347,9.78118805505801e-05,3.91155481338501e-08,0.00028431648388505,9.75366488481554e-07,2.01920556719415e-07,0.0,12.0,0.0,236.0,0.0,0.0,0.0,0.0,136595.39690945,942.176712275446,8499.92690872174,16562970.5820347,7.45822322939241e-07,0.0,0.0,1357.0,453.0,1099.0,0.0,0.0,0.0,0.0,136595.39690945,136595.39690945,-51.997518213116564,0.0003805233054819968,mejora,-51.997519004391506,DIFIERE,9390000.0,3130,/clusteruy/home/mathiasr/generator-aware-row-scaling/results-revision/plano-control/full-gurobi-01pct/resultados/instance024_estructurado_plano.csv,/clusteruy/home/mathiasr/generator-aware-row-scaling/results-revision/plano-control/full-gurobi-01pct/resultados/instance024_estructurado_plano_postprocesado.csv,/clusteruy/home/mathiasr/generator-aware-row-scaling/results-revision/plano-control/full-gurobi-01pct/logs/instance024_estructurado_plano.log
instance024.txt,estructurado_matricial,OK,0,2015.561492697,0.0,136611.0808574063,136611.0,OPTIMAL,136611.0808574063,63594.0,40242245.0,0.48,23763.0,16561.0,57555.0,19729.0,14225.0,51034.0,16.975971047426672,14.105428416158444,11.330032143167404,1,Model contains large bounds,8e-06,100000.0,0.0002,100.0,0.2,300000000.0,1.0,10000000000.0,0.00037499999999999995,1.0,0.75,1.0,44320000000000.0,31190000000000.0,1.0,1.001,0.124142227,2015.685634924,0.5377858495677011,0.5377858495677011,0.5377527283647429,0.124142227,6.159188268371147e-05,2.98e-13,-36.313570256810635,-0.00026574652527336633,-36.0,-0.00026345254561022194,0.00037499999999999995,0.703745487364621,1576864.0,,0.022955322064840026,2642.0,,0.0,20.0,2642.0,0.48200143830431486,0.044006904982994,,,,,,,,OK,REVISAR,2.27049458771944e-05,0.0,3.2014213502407074e-10,103846867.336482,0.0,7.51481236564445e-09,9.87654402706384e-14,1.34110450744629e-07,9.5367431640625e-07,639743.24472849,1.54693747491701,15123377.8685893,103846867.336482,2.47552591758904e-08,1.86264514923096e-09,2.27049458771944e-05,0.0,0.0,0.0,0.0,0.0,8.0,0.0,0.0,0.0,0.0,136611.080857406,220.11916109798,8125.6722539558,103846867.336482,0.0,0.0,0.0,334.0,322.0,1052.0,0.0,0.0,0.0,0.0,136611.080857406,136611.080857406,-36.31357025713078,0.0002657465252757092,mejora,-36.31357025640318,DIFIERE,2380000.0,649,/clusteruy/home/mathiasr/generator-aware-row-scaling/results-revision/plano-control/full-gurobi-01pct/resultados/instance024_estructurado_matricial.csv,/clusteruy/home/mathiasr/generator-aware-row-scaling/results-revision/plano-control/full-gurobi-01pct/resultados/instance024_estructurado_matricial_postprocesado.csv,/clusteruy/home/mathiasr/generator-aware-row-scaling/results-revision/plano-control/full-gurobi-01pct/logs/instance024_estructurado_matricial.log
instance024.txt,matricial_solo_local,OK,0,2018.411281508,0.0,136611.0808574063,136611.0,OPTIMAL,136611.0808574063,63594.0,40242245.0,0.48,23763.0,16561.0,57555.0,19729.0,14225.0,51034.0,16.975971047426672,14.105428416158444,11.330032143167404,1,Model contains large bounds,8e-06,100000.0,0.0002,100.0,0.2,300000000.0,1.0,10000000000.0,0.00037499999999999995,1.0,0.75,1.0,44320000000000.0,31190000000000.0,1.0,1.001,0.121166551,2018.532448059,0.5370265513459497,0.5370265513459497,0.5369943152255521,0.121166551,6.003065485715764e-05,2.98e-13,-36.313570256810635,-0.00026574652527336633,-36.0,-0.00026345254561022194,0.00037499999999999995,0.703745487364621,1576864.0,,0.022955322064840026,2642.0,,0.0,20.0,2642.0,0.48200143830431486,0.043969936891285,,,,,,,,OK,REVISAR,2.27049458771944e-05,0.0,3.2014213502407074e-10,103846867.336482,0.0,7.51481236564445e-09,9.87654402706384e-14,1.34110450744629e-07,9.5367431640625e-07,639743.24472849,1.54693747491701,15123377.8685893,103846867.336482,2.47552591758904e-08,1.86264514923096e-09,2.27049458771944e-05,0.0,0.0,0.0,0.0,0.0,8.0,0.0,0.0,0.0,0.0,136611.080857406,220.11916109798,8125.6722539558,103846867.336482,0.0,0.0,0.0,334.0,322.0,1052.0,0.0,0.0,0.0,0.0,136611.080857406,136611.080857406,-36.31357025713078,0.0002657465252757092,mejora,-36.31357025640318,DIFIERE,2380000.0,649,/clusteruy/home/mathiasr/generator-aware-row-scaling/results-revision/plano-control/full-gurobi-01pct/resultados/instance024_matricial_solo_local.csv,/clusteruy/home/mathiasr/generator-aware-row-scaling/results-revision/plano-control/full-gurobi-01pct/resultados/instance024_matricial_solo_local_postprocesado.csv,/clusteruy/home/mathiasr/generator-aware-row-scaling/results-revision/plano-control/full-gurobi-01pct/logs/instance024_matricial_solo_local.log
instance024.txt,matricial_plano,OK,0,3600.802409514,0.804465755718794,136595.3969178585,136595.0,TIME_LIMIT,135496.53372576617,130691.0,62381756.0,0.48,23763.0,16561.0,57555.0,19729.0,14225.0,51034.0,16.975971047426672,14.105428416158444,11.330032143167404,1,Model contains large bounds,8e-06,100000.0,0.0002,100.0,0.2,300000000.0,1.0,10000000000.0,0.00037499999999999995,1.0,0.75,1.0,44320000000000.0,31190000000000.0,0.0,0.0,0.04122699,3600.8436365039997,0.301027472888272,0.301027472888272,0.3010240263468869,0.04122699,1.1449389694660975e-05,-0.804465755718496,-51.99750980461249,-0.0003805232439476799,-52.0,-0.0003805425658814317,0.00037499999999999995,0.703745487364621,1869482.0,,0.02721513168188332,4488.0,,0.0,21.0,4488.0,0.2837450534759358,0.04030590854711,,,,,,,,REVISAR,REVISAR,0.000359643250703812,0.0,5.238689482212067e-10,103846900.985997,0.0,6.01355559569153e-08,7.85007614467709e-12,1.59375485964121e-07,0.000359643250703812,640013.169899283,1.55254653444332,15188676.6164388,103846900.985997,1.72530362760881e-05,1.86264514923096e-09,0.000359643250703812,9.9381610789402e-07,3.46035449183546e-08,0.0,2.0,0.0,114.0,0.0,0.0,0.0,0.0,136595.396917858,220.119161097995,8125.67225393056,103846900.985997,9.9381610789402e-07,3.46035449183546e-08,0.0,332.0,322.0,1059.0,0.0,0.0,0.0,0.0,136595.396917858,136595.396917858,-51.99750980513636,0.00038052324395151363,mejora,-1150.8607018965413,DIFIERE,9390000.0,824,/clusteruy/home/mathiasr/generator-aware-row-scaling/results-revision/plano-control/full-gurobi-01pct/resultados/instance024_matricial_plano.csv,/clusteruy/home/mathiasr/generator-aware-row-scaling/results-revision/plano-control/full-gurobi-01pct/resultados/instance024_matricial_plano_postprocesado.csv,/clusteruy/home/mathiasr/generator-aware-row-scaling/results-revision/plano-control/full-gurobi-01pct/logs/instance024_matricial_plano.log
instance025.txt,base,OK,0,2968.271690768,0.099269677497854,-1300443.203371797,-1300440.0,OPTIMAL,-1301734.149145827,200408.0,89365977.0,0.43,23763.0,16561.0,57555.0,19698.0,14384.0,51156.0,17.106425956318645,13.145341464887386,11.118060985144645,3,Model contains large bounds | Model contains large matrix coefficient range | Model contains large rhs,0.0007,10000000000.0,0.0004,100.0,5.0,10000000000.0,1.0,10000000000.0,,,,,,,,,0.0,2968.271690768,1.0,1.0,1.0,0.0,0.0,0.0,,,0.0,,,,468294180.358934,,,4493.709024,,0.03367,8.294419,4493.709024,1.0,0.00525333616025,,,,,,,,BASE,BASE,,,,,,1.6129945716797e-09,7.105427357601e-15,5.21540641784668e-08,1.564621925354e-07,99904.3194642315,4.69064935056826,5418544.49535654,11660083.3893543,1.36424205265939e-11,1.86264514923096e-09,6.63101673126221e-07,0.0,0.0,0.0,0.0,0.0,0.0,0.0,0.0,0.0,0.0,-1300443.2033718,36.1238661270151,3882.49522002804,11660083.3893543,0.0,0.0,0.0,1904.0,312.0,859.0,0.0,0.0,0.0,0.0,-1300443.2033718,,,,,,BASE,0.0,0,/clusteruy/home/mathiasr/generator-aware-row-scaling/results-revision/plano-control/full-gurobi-01pct/resultados/instance025_base.csv,/clusteruy/home/mathiasr/generator-aware-row-scaling/results-revision/plano-control/full-gurobi-01pct/resultados/instance025_base_postprocesado.csv,/clusteruy/home/mathiasr/generator-aware-row-scaling/results-revision/plano-control/full-gurobi-01pct/logs/instance025_base.log
instance025.txt,estructurado,OK,0,578.395969075,0.093004673960575,-1300444.6344651084,-1300440.0,OPTIMAL,-1301654.1087574305,37956.0,10086324.0,0.45,23763.0,16561.0,57555.0,19703.0,14388.0,51115.0,17.08538484198123,13.1211883340378,11.18929719398836,1,Model contains large bounds,9e-06,100000.0,0.0004,100.0,0.1,2000000.0,1.0,10000000000.0,0.0007777777777777777,1.0,0.01,1.0,18380000000000.0,210400000000.0,1.0,1.5,0.119969917,578.5159389920001,5.131902450003256,5.131902450003256,5.1308382201878215,0.119969917,0.00020741831446692468,0.00626500353727899,-1.4310933114029467,-1.1004658317198316e-06,0.0,0.0,0.0007777777777777777,0.011447225244831338,8270267.0,,0.017660409517925416,760.0,,0.0,8.0,760.0,5.912775031578947,0.008697613166012,,,,,,,,OK,REVISAR,1.9073486328125e-06,0.0,1.6298145055770874e-09,11660083.3893555,0.0,4.76525862835428e-09,3.5527136788005e-14,1.26659870147705e-07,9.5367431640625e-07,99852.5796496588,4.69485305700911,5412415.23798986,11660083.3893555,1.9073486328125e-06,1.86264514923096e-09,1.60180081820727e-06,3.5976653824907e-09,0.0,0.0,1.0,0.0,2.0,0.0,0.0,0.0,0.0,-1300444.63446511,36.1238661270151,3882.49522002798,11660083.3893555,3.5976653824907e-09,0.0,0.0,1917.0,312.0,863.0,0.0,0.0,0.0,0.0,-1300444.63446511,-1300444.63446511,-1.4310933130327612,1.100465832973108e-06,mejora,80.04038839647546,DIFIERE,950000.0,2864,/clusteruy/home/mathiasr/generator-aware-row-scaling/results-revision/plano-control/full-gurobi-01pct/resultados/instance025_estructurado.csv,/clusteruy/home/mathiasr/generator-aware-row-scaling/results-revision/plano-control/full-gurobi-01pct/resultados/instance025_estructurado_postprocesado.csv,/clusteruy/home/mathiasr/generator-aware-row-scaling/results-revision/plano-control/full-gurobi-01pct/logs/instance025_estructurado.log
instance025.txt,estructurado_solo_local,OK,0,578.03334296,0.093004673960575,-1300444.6344651084,-1300440.0,OPTIMAL,-1301654.1087574305,37956.0,10086324.0,0.45,23763.0,16561.0,57555.0,19703.0,14388.0,51115.0,17.08538484198123,13.1211883340378,11.18929719398836,1,Model contains large bounds,9e-06,100000.0,0.0004,100.0,0.1,2000000.0,1.0,10000000000.0,0.0007777777777777777,1.0,0.01,1.0,18380000000000.0,210400000000.0,1.0,1.5,0.119305725,578.152648685,5.135121921458785,5.135121921458785,5.134062254180262,0.119305725,0.0002063993824111561,0.00626500353727899,-1.4310933114029467,-1.1004658317198316e-06,0.0,0.0,0.0007777777777777777,0.011447225244831338,8270267.0,,0.017660409517925416,760.0,,0.0,8.0,760.0,5.912775031578947,0.008702029815501,,,,,,,,OK,REVISAR,1.9073486328125e-06,0.0,1.6298145055770874e-09,11660083.3893555,0.0,4.76525862835428e-09,3.5527136788005e-14,1.26659870147705e-07,9.5367431640625e-07,99852.5796496588,4.69485305700911,5412415.23798986,11660083.3893555,1.9073486328125e-06,1.86264514923096e-09,1.60180081820727e-06,3.5976653824907e-09,0.0,0.0,1.0,0.0,2.0,0.0,0.0,0.0,0.0,-1300444.63446511,36.1238661270151,3882.49522002798,11660083.3893555,3.5976653824907e-09,0.0,0.0,1917.0,312.0,863.0,0.0,0.0,0.0,0.0,-1300444.63446511,-1300444.63446511,-1.4310933130327612,1.100465832973108e-06,mejora,80.04038839647546,DIFIERE,950000.0,2864,/clusteruy/home/mathiasr/generator-aware-row-scaling/results-revision/plano-control/full-gurobi-01pct/resultados/instance025_estructurado_solo_local.csv,/clusteruy/home/mathiasr/generator-aware-row-scaling/results-revision/plano-control/full-gurobi-01pct/resultados/instance025_estructurado_solo_local_postprocesado.csv,/clusteruy/home/mathiasr/generator-aware-row-scaling/results-revision/plano-control/full-gurobi-01pct/logs/instance025_estructurado_solo_local.log
instance025.txt,estructurado_plano,OK,0,918.797928098,0.099386474693133,-1300160.1922788876,-1300160.0,OPTIMAL,-1301452.375659357,59035.0,19334406.0,0.45,23763.0,16561.0,57555.0,19703.0,14388.0,51115.0,17.08538484198123,13.1211883340378,11.18929719398836,1,Model contains large bounds,9e-06,100000.0,0.0004,100.0,0.1,90000.0,1.0,10000000000.0,0.0007777777777777777,1.0,0.00045,1.0,18380000000000.0,13070000000.0,0.0,0.0,0.040355107,918.838283205,3.230603378604268,3.230603378604268,3.230461491454591,0.040355107,4.3921634742406255e-05,-0.00011679719527900312,283.01109290937893,0.00021762664618922692,280.0,0.00021531174064162899,0.0007777777777777777,0.0007110990206746463,12601506.0,,0.02690937989095083,1224.0,,0.0,9.0,1224.0,3.671330901960784,0.006336679246412,,,,,,,,OK,REVISAR,9.53677954385057e-07,0.0,2.3283064365386963e-09,10328210.4977301,0.0,4.27360497967839e-09,3.90798504668055e-14,1.22934579849243e-07,1.62050127983093e-07,53881.9359068551,4.89472736760031,622039.912789427,10328210.4977301,3.63797880709171e-12,1.86264514923096e-09,9.53677954385057e-07,0.0,0.0,0.0,0.0,0.0,0.0,0.0,0.0,0.0,0.0,-1300160.19227889,227.0842723242,3975.11749436974,10328210.4977301,0.0,0.0,0.0,2274.0,317.0,863.0,0.0,0.0,0.0,0.0,-1300160.19227889,-1300160.19227889,283.0110929070506,0.00021762664618743652,empeora,281.7734864698723,DIFIERE,8730000.0,4260,/clusteruy/home/mathiasr/generator-aware-row-scaling/results-revision/plano-control/full-gurobi-01pct/resultados/instance025_estructurado_plano.csv,/clusteruy/home/mathiasr/generator-aware-row-scaling/results-revision/plano-control/full-gurobi-01pct/resultados/instance025_estructurado_plano_postprocesado.csv,/clusteruy/home/mathiasr/generator-aware-row-scaling/results-revision/plano-control/full-gurobi-01pct/logs/instance025_estructurado_plano.log
instance025.txt,estructurado_matricial,OK,0,893.849144909,0.098364598968059,-1300444.6344651128,-1300440.0,OPTIMAL,-1301723.811614606,53966.0,17875717.0,0.44,23763.0,16561.0,57555.0,19698.0,14385.0,51148.0,17.106425956318645,13.13930318217499,11.131960733211711,1,Model contains large bounds,9e-06,100000.0,0.0004,100.0,0.02,300000000.0,1.0,10000000000.0,0.0007777777777777777,1.0,7.5,1.0,18380000000000.0,30850000000000.0,1.0,1.0,0.123833197,893.9729781059999,3.3207747724255983,3.3207747724255983,3.3203147784809746,0.123833197,0.00013853925766478984,0.0009050785297949893,-1.431093315826729,-1.1004658351215813e-06,0.0,0.0,0.0007777777777777777,1.6784548422198042,31573894.0,,0.06742320388393365,1198.0,,0.0,8.0,1198.0,3.7510092020033388,0.009848682974085,,,,,,,,OK,REVISAR,1.9073486328125e-06,0.0,2.7939677238464355e-09,11660083.3893562,0.0,2.57476440494451e-09,9.76996261670138e-15,7.45058059692383e-08,1.564621925354e-07,99852.579649656,4.69485305700914,5412415.23798986,11660083.3893562,1.9073486328125e-06,0.0,8.54837708175182e-07,1.16517429351807e-08,0.0,0.0,1.0,0.0,0.0,0.0,0.0,0.0,0.0,-1300444.63446511,36.1238661270151,3882.49522002798,11660083.3893562,1.16517429351807e-08,0.0,0.0,1917.0,312.0,860.0,0.0,0.0,0.0,0.0,-1300444.63446511,-1300444.63446511,-1.4310933130327612,1.100465832973108e-06,mejora,10.337531220866367,DIFIERE,950000.0,2860,/clusteruy/home/mathiasr/generator-aware-row-scaling/results-revision/plano-control/full-gurobi-01pct/resultados/instance025_estructurado_matricial.csv,/clusteruy/home/mathiasr/generator-aware-row-scaling/results-revision/plano-control/full-gurobi-01pct/resultados/instance025_estructurado_matricial_postprocesado.csv,/clusteruy/home/mathiasr/generator-aware-row-scaling/results-revision/plano-control/full-gurobi-01pct/logs/instance025_estructurado_matricial.log
instance025.txt,matricial_solo_local,OK,0,893.027435443,0.098364598968059,-1300444.6344651128,-1300440.0,OPTIMAL,-1301723.811614606,53966.0,17875717.0,0.44,23763.0,16561.0,57555.0,19698.0,14385.0,51148.0,17.106425956318645,13.13930318217499,11.131960733211711,1,Model contains large bounds,9e-06,100000.0,0.0004,100.0,0.02,300000000.0,1.0,10000000000.0,0.0007777777777777777,1.0,7.5,1.0,18380000000000.0,30850000000000.0,1.0,1.0,0.121189701,893.148625144,3.3238303471556208,3.3238303471556208,3.323379342703946,0.121189701,0.00013570658211623922,0.0009050785297949893,-1.431093315826729,-1.1004658351215813e-06,0.0,0.0,0.0007777777777777777,1.6784548422198042,31573894.0,,0.06742320388393365,1198.0,,0.0,8.0,1198.0,3.7510092020033388,0.009854364874438,,,,,,,,OK,REVISAR,1.9073486328125e-06,0.0,2.7939677238464355e-09,11660083.3893562,0.0,2.57476440494451e-09,9.76996261670138e-15,7.45058059692383e-08,1.564621925354e-07,99852.579649656,4.69485305700914,5412415.23798986,11660083.3893562,1.9073486328125e-06,0.0,8.54837708175182e-07,1.16517429351807e-08,0.0,0.0,1.0,0.0,0.0,0.0,0.0,0.0,0.0,-1300444.63446511,36.1238661270151,3882.49522002798,11660083.3893562,1.16517429351807e-08,0.0,0.0,1917.0,312.0,860.0,0.0,0.0,0.0,0.0,-1300444.63446511,-1300444.63446511,-1.4310933130327612,1.100465832973108e-06,mejora,10.337531220866367,DIFIERE,950000.0,2860,/clusteruy/home/mathiasr/generator-aware-row-scaling/results-revision/plano-control/full-gurobi-01pct/resultados/instance025_matricial_solo_local.csv,/clusteruy/home/mathiasr/generator-aware-row-scaling/results-revision/plano-control/full-gurobi-01pct/resultados/instance025_matricial_solo_local_postprocesado.csv,/clusteruy/home/mathiasr/generator-aware-row-scaling/results-revision/plano-control/full-gurobi-01pct/logs/instance025_matricial_solo_local.log
instance025.txt,matricial_plano,OK,0,1017.676762159,0.099981589884333,-1300432.387386807,-1300430.0,OPTIMAL,-1301732.5803630871,57209.0,22080988.0,0.44,23763.0,16561.0,57555.0,19698.0,14385.0,51148.0,17.106425956318645,13.13930318217499,11.131960733211711,1,Model contains large bounds,9e-06,100000.0,0.0004,100.0,0.02,300000000.0,1.0,10000000000.0,0.0007777777777777777,1.0,7.5,1.0,18380000000000.0,30850000000000.0,0.0,0.0,0.040607888,1017.7173700469999,2.9167136375117924,2.9167136375117924,2.916597257872213,0.040607888,3.9902540285827516e-05,-0.0007119123864790106,10.815984989982098,8.317152922894554e-06,10.0,7.689705022915322e-06,0.0007777777777777777,1.6784548422198042,36916727.0,,0.07883234203701697,1375.0,,0.0,9.0,1375.0,3.268152017454545,0.007049708456956,,,,,,,,OK,REVISAR,2.98023223876953e-06,0.0,3.026798367500305e-09,11660083.3893543,0.0,2.91034496643644e-09,1.4210854715202e-14,8.00937414169312e-08,1.73225998878479e-07,99893.2438913457,4.6385108856363,5412415.23798986,11660083.3893543,1.9073486328125e-06,0.0,2.98023223876953e-06,2.06686309468101e-10,0.0,0.0,1.0,0.0,1.0,0.0,0.0,0.0,0.0,-1300432.38738681,35.476568101341,3882.49522002798,11660083.3893543,2.06686309468101e-10,0.0,0.0,1904.0,314.0,860.0,0.0,0.0,0.0,0.0,-1300432.38738681,-1300432.38738681,10.8159849869553,8.317152920567041e-06,empeora,1.5687827398069203,DIFIERE,17850000.0,3815,/clusteruy/home/mathiasr/generator-aware-row-scaling/results-revision/plano-control/full-gurobi-01pct/resultados/instance025_matricial_plano.csv,/clusteruy/home/mathiasr/generator-aware-row-scaling/results-revision/plano-control/full-gurobi-01pct/resultados/instance025_matricial_plano_postprocesado.csv,/clusteruy/home/mathiasr/generator-aware-row-scaling/results-revision/plano-control/full-gurobi-01pct/logs/instance025_matricial_plano.log
instance026.txt,base,OK,0,3601.731502682,1.517062202696173,-501893.8488368646,-501894.0,TIME_LIMIT,-509507.8907152257,222946.0,55182699.0,0.44,23763.0,16561.0,57555.0,19868.0,14342.0,51553.0,16.391028068846527,13.398949338808043,10.42828598731648,3,Model contains large bounds | Model contains large matrix coefficient range | Model contains large rhs,0.0006,10000000000.0,0.0005,100.0,5.0,10000000000.0,1.0,10000000000.0,,,,,,,,,0.0,3601.731502682,1.0,1.0,1.0,0.0,0.0,0.0,,,0.0,,,,307924777.630657,,,5029.195257,,0.115843,21.414994,5029.195257,1.0,0.029430647191223,,,,,,,,BASE,BASE,,,,,,2.52404792156328e-09,3.19744231092045e-14,9.03382897377014e-08,9.5367431640625e-07,511945.165454493,1.82582589868635,9969520.8735451,100029802.11575,1.81898940354586e-12,0.0,9.5367431640625e-07,0.0,0.0,0.0,0.0,0.0,0.0,0.0,0.0,0.0,0.0,-501893.848836865,212.701695926564,6620.66567684882,100029802.11575,0.0,0.0,0.0,910.0,346.0,1077.0,0.0,0.0,0.0,0.0,-501893.848836865,,,,,,BASE,0.0,0,/clusteruy/home/mathiasr/generator-aware-row-scaling/results-revision/plano-control/full-gurobi-01pct/resultados/instance026_base.csv,/clusteruy/home/mathiasr/generator-aware-row-scaling/results-revision/plano-control/full-gurobi-01pct/resultados/instance026_base_postprocesado.csv,/clusteruy/home/mathiasr/generator-aware-row-scaling/results-revision/plano-control/full-gurobi-01pct/logs/instance026_base.log
instance026.txt,estructurado,OK,0,250.513126455,1.52e-13,-497222.4034222627,-497222.0,OPTIMAL,-497222.40342226345,2772.0,895744.0,0.46,23763.0,16561.0,57555.0,19881.0,14348.0,51567.0,16.336321171569246,13.362719642533664,10.403961428199114,1,Model contains large bounds,8e-06,100000.0,0.0005,100.0,0.2,3000000.0,1.0,10000000000.0,0.0007499999999999999,1.0,0.0075,1.0,22530000000000.0,317800000000.0,1.0,1.5,0.119502172,250.632628627,14.377416280136458,14.377416280136458,14.370561097382973,0.119502172,0.0004770295820066193,1.517062202696021,4671.445414601883,0.009307636316778787,4672.0,0.009308738498567427,0.0007499999999999999,0.014105636928539726,6226059.0,,0.020219415429660225,300.0,,0.0,23.0,300.0,16.763984190000002,0.084765239096091,,,,,,,,OK,REVISAR,5.19654386152979e-05,1.23687527806686e-06,2.9103830456733704e-10,99328305.1794109,1.23687527806686e-06,3.92667333053922e-08,3.63797880709171e-12,2.76571227004752e-07,5.19654386152979e-05,561378.235091986,1.78911710648108,10125988.0188512,99328305.1794109,5.19654386152979e-05,0.0,3.4332275390625e-05,5.79823680175664e-07,8.86394673216273e-08,1.23687527806686e-06,11.0,0.0,104.0,0.0,0.0,1.0,0.0,-497222.403422263,200.131839041002,6620.66567684885,99328305.1794109,5.79823680175664e-07,8.86394673216273e-08,1.23687527806686e-06,896.0,334.0,1083.0,0.0,0.0,1.0,0.0,-497222.403422263,-497222.403422263,4671.445414601592,0.009307636316778207,empeora,12285.487292962265,DIFIERE,161810000.0,5862,/clusteruy/home/mathiasr/generator-aware-row-scaling/results-revision/plano-control/full-gurobi-01pct/resultados/instance026_estructurado.csv,/clusteruy/home/mathiasr/generator-aware-row-scaling/results-revision/plano-control/full-gurobi-01pct/resultados/instance026_estructurado_postprocesado.csv,/clusteruy/home/mathiasr/generator-aware-row-scaling/results-revision/plano-control/full-gurobi-01pct/logs/instance026_estructurado.log
instance026.txt,estructurado_solo_local,OK,0,250.217343093,1.52e-13,-497222.4034222627,-497222.0,OPTIMAL,-497222.40342226345,2772.0,895744.0,0.46,23763.0,16561.0,57555.0,19881.0,14348.0,51567.0,16.336321171569246,13.362719642533664,10.403961428199114,1,Model contains large bounds,8e-06,100000.0,0.0005,100.0,0.2,3000000.0,1.0,10000000000.0,0.0007499999999999999,1.0,0.0075,1.0,22530000000000.0,317800000000.0,1.0,1.5,0.119102946,250.336446039,14.394411906705123,14.394411906705123,14.38756345578576,0.119102946,0.00047599796452051763,1.517062202696021,4671.445414601883,0.009307636316778787,4672.0,0.009308738498567427,0.0007499999999999999,0.014105636928539726,6226059.0,,0.020219415429660225,300.0,,0.0,23.0,300.0,16.763984190000002,0.084604026320585,,,,,,,,OK,REVISAR,5.19654386152979e-05,1.23687527806686e-06,2.9103830456733704e-10,99328305.1794109,1.23687527806686e-06,3.92667333053922e-08,3.63797880709171e-12,2.76571227004752e-07,5.19654386152979e-05,561378.235091986,1.78911710648108,10125988.0188512,99328305.1794109,5.19654386152979e-05,0.0,3.4332275390625e-05,5.79823680175664e-07,8.86394673216273e-08,1.23687527806686e-06,11.0,0.0,104.0,0.0,0.0,1.0,0.0,-497222.403422263,200.131839041002,6620.66567684885,99328305.1794109,5.79823680175664e-07,8.86394673216273e-08,1.23687527806686e-06,896.0,334.0,1083.0,0.0,0.0,1.0,0.0,-497222.403422263,-497222.403422263,4671.445414601592,0.009307636316778207,empeora,12285.487292962265,DIFIERE,161810000.0,5862,/clusteruy/home/mathiasr/generator-aware-row-scaling/results-revision/plano-control/full-gurobi-01pct/resultados/instance026_estructurado_solo_local.csv,/clusteruy/home/mathiasr/generator-aware-row-scaling/results-revision/plano-control/full-gurobi-01pct/resultados/instance026_estructurado_solo_local_postprocesado.csv,/clusteruy/home/mathiasr/generator-aware-row-scaling/results-revision/plano-control/full-gurobi-01pct/logs/instance026_estructurado_solo_local.log
instance026.txt,estructurado_plano,OK,0,337.82155657,2.3e-14,-498812.42692286696,-498812.0,OPTIMAL,-498812.4269228671,2732.0,1255696.0,0.46,23763.0,16561.0,57555.0,19881.0,14348.0,51567.0,16.336321171569246,13.362719642533664,10.403961428199114,1,Model contains large bounds,8e-06,100000.0,0.0005,100.0,0.2,100000.0,1.0,10000000000.0,0.0007499999999999999,1.0,0.00025,1.0,22530000000000.0,14090000000.0,0.0,0.0,0.040994783,337.86255135299996,10.661639059542033,10.661639059542033,10.660345422298366,0.040994783,0.000121350405865842,1.51706220269615,3081.4219139976194,0.006139588921320301,3082.0,0.006140738881118324,0.0007499999999999999,0.0006253883710608078,10454428.0,,0.03395123991139048,412.0,,0.0,25.0,412.0,12.206784604368933,0.066445106084288,,,,,,,,OK,REVISAR,4.97270375490189e-05,0.0,5.820766091346741e-11,13660424.6660901,0.0,6.89046686939784e-09,5.6843418860808e-14,1.39698386192322e-07,1.9073486328125e-06,88705.2035464464,6.48144816995314,2960107.51875739,13660424.6660901,3.45706939697266e-06,0.0,4.97270375490189e-05,0.0,0.0,0.0,1.0,0.0,7.0,0.0,0.0,0.0,0.0,-498812.426922867,220.588664952818,6620.66567684885,13660424.6660901,0.0,0.0,0.0,1662.0,396.0,1062.0,0.0,0.0,0.0,0.0,-498812.426922867,-498812.426922867,3081.421913997561,0.006139588921320185,empeora,10695.463792358642,DIFIERE,155510000.0,6373,/clusteruy/home/mathiasr/generator-aware-row-scaling/results-revision/plano-control/full-gurobi-01pct/resultados/instance026_estructurado_plano.csv,/clusteruy/home/mathiasr/generator-aware-row-scaling/results-revision/plano-control/full-gurobi-01pct/resultados/instance026_estructurado_plano_postprocesado.csv,/clusteruy/home/mathiasr/generator-aware-row-scaling/results-revision/plano-control/full-gurobi-01pct/logs/instance026_estructurado_plano.log
instance026.txt,estructurado_matricial,OK,0,3601.30393173,1.075088602364507,-501976.513041158,-501977.0,TIME_LIMIT,-507373.20531941025,232821.0,64313708.0,0.45,23763.0,16561.0,57555.0,19869.0,14343.0,51559.0,16.386819845979044,13.392911056095647,10.41786117626618,1,Model contains large bounds,8e-06,100000.0,0.0005,100.0,0.03,300000000.0,1.0,10000000000.0,0.0007499999999999999,1.0,5.0,1.0,22530000000000.0,32060000000000.0,1.0,1.0,0.124500804,3601.428432534,1.0001187267056892,1.0001187267056892,1.000084152761516,0.124500804,3.457103492517282e-05,0.4419736003316661,-82.66420429339632,-0.00016470455751743128,-83.0,-0.00016537356493602235,0.0007499999999999999,1.4229915667998225,20879038.0,,0.06780564448452257,5206.0,,0.0,22.0,5206.0,0.966038274490972,0.021582310735273,,,,,,,,OK,REVISAR,2.73734331130981e-05,0.0,0.0,100029802.115476,0.0,5.76990975158665e-09,8.17124146124115e-14,1.23717036331073e-07,2.73734331130981e-05,528083.991768774,1.7086749910819,9369570.80474904,100029802.115476,3.67290908798168e-09,0.0,2.73734331130981e-05,0.0,0.0,0.0,0.0,0.0,10.0,0.0,0.0,0.0,0.0,-501976.513041158,212.701695926553,6620.66567684902,100029802.115476,0.0,0.0,0.0,864.0,340.0,1074.0,0.0,0.0,0.0,0.0,-501976.513041158,-501976.513041158,-82.66420429339632,0.00016470455751743128,mejora,2134.685395815468,DIFIERE,27310000.0,3539,/clusteruy/home/mathiasr/generator-aware-row-scaling/results-revision/plano-control/full-gurobi-01pct/resultados/instance026_estructurado_matricial.csv,/clusteruy/home/mathiasr/generator-aware-row-scaling/results-revision/plano-control/full-gurobi-01pct/resultados/instance026_estructurado_matricial_postprocesado.csv,/clusteruy/home/mathiasr/generator-aware-row-scaling/results-revision/plano-control/full-gurobi-01pct/logs/instance026_estructurado_matricial.log
instance026.txt,matricial_solo_local,OK,0,3602.116225664,1.078616312738824,-501976.513041158,-501977.0,TIME_LIMIT,-507390.91359693743,231951.0,64124452.0,0.45,23763.0,16561.0,57555.0,19869.0,14343.0,51559.0,16.386819845979044,13.392911056095647,10.41786117626618,1,Model contains large bounds,8e-06,100000.0,0.0005,100.0,0.03,300000000.0,1.0,10000000000.0,0.0007499999999999999,1.0,5.0,1.0,22530000000000.0,32060000000000.0,1.0,1.0,0.121678905,3602.237904569,0.9998931952891307,0.9998931952891307,0.9998594201992163,0.121678905,3.377983867735145e-05,0.4384458899573491,-82.66420429339632,-0.00016470455751743128,-83.0,-0.00016537356493602235,0.0007499999999999999,1.4229915667998225,20879038.0,,0.06780564448452257,5192.0,,0.0,22.0,5192.0,0.968643154275809,0.021579132360698,,,,,,,,OK,REVISAR,2.73734331130981e-05,0.0,0.0,100029802.115476,0.0,5.76990975158665e-09,8.17124146124115e-14,1.23717036331073e-07,2.73734331130981e-05,528083.991768774,1.7086749910819,9369570.80474904,100029802.115476,3.67290908798168e-09,0.0,2.73734331130981e-05,0.0,0.0,0.0,0.0,0.0,10.0,0.0,0.0,0.0,0.0,-501976.513041158,212.701695926553,6620.66567684902,100029802.115476,0.0,0.0,0.0,864.0,340.0,1074.0,0.0,0.0,0.0,0.0,-501976.513041158,-501976.513041158,-82.66420429339632,0.00016470455751743128,mejora,2116.9771182882832,DIFIERE,27310000.0,3539,/clusteruy/home/mathiasr/generator-aware-row-scaling/results-revision/plano-control/full-gurobi-01pct/resultados/instance026_matricial_solo_local.csv,/clusteruy/home/mathiasr/generator-aware-row-scaling/results-revision/plano-control/full-gurobi-01pct/resultados/instance026_matricial_solo_local_postprocesado.csv,/clusteruy/home/mathiasr/generator-aware-row-scaling/results-revision/plano-control/full-gurobi-01pct/logs/instance026_matricial_solo_local.log
instance026.txt,matricial_plano,OK,0,1405.505713322,0.0,-501927.4189709729,-501927.0,OPTIMAL,-501927.4189709729,41439.0,10710462.0,0.45,23763.0,16561.0,57555.0,19869.0,14343.0,51559.0,16.386819845979044,13.392911056095647,10.41786117626618,1,Model contains large bounds,8e-06,100000.0,0.0005,100.0,0.03,300000000.0,1.0,10000000000.0,0.0007499999999999999,1.0,5.0,1.0,22530000000000.0,32060000000000.0,0.0,0.0,0.041688084,1405.547401406,2.562587592880775,2.562587592880775,2.5625115873567186,0.041688084,2.9660558192586514e-05,1.517062202696173,-33.570134108304046,-6.688692078235785e-05,-33.0,-6.575093545649082e-05,0.0007499999999999999,1.4229915667998225,25078843.0,,0.08144470605116758,1789.0,,0.0,21.0,1789.0,2.811176778647289,0.036747827779033,,,,,,,,OK,REVISAR,2.35042534768581e-06,0.0,1.1641532182693481e-10,100029802.11575,0.0,3.58751182385549e-09,8.17124146124115e-14,1.1676922440529e-07,2.35042534768581e-06,522093.556354021,1.66848983787493,9370408.32507852,100029802.11575,9.09494701772928e-12,0.0,2.35042534768581e-06,0.0,0.0,0.0,0.0,0.0,3.0,0.0,0.0,0.0,0.0,-501927.418970973,212.701695926553,6620.66567684879,100029802.11575,0.0,0.0,0.0,877.0,337.0,1077.0,0.0,0.0,0.0,0.0,-501927.418970973,-501927.418970973,-33.57013410842046,6.68869207825898e-05,mejora,7580.4717442528345,DIFIERE,18400000.0,3711,/clusteruy/home/mathiasr/generator-aware-row-scaling/results-revision/plano-control/full-gurobi-01pct/resultados/instance026_matricial_plano.csv,/clusteruy/home/mathiasr/generator-aware-row-scaling/results-revision/plano-control/full-gurobi-01pct/resultados/instance026_matricial_plano_postprocesado.csv,/clusteruy/home/mathiasr/generator-aware-row-scaling/results-revision/plano-control/full-gurobi-01pct/logs/instance026_matricial_plano.log
instance027.txt,base,OK,0,993.407571666,0.093584357028048,-1047881.2035107267,-1047880.0,OPTIMAL,-1048861.85639745,68195.0,10604401.0,0.29,23763.0,16561.0,57555.0,20005.0,14525.0,50204.0,15.814501536001346,12.293943602439466,12.772131005125532,3,Model contains large bounds | Model contains large matrix coefficient range | Model contains large rhs,0.0003,10000000000.0,0.0003,100.0,5.0,10000000000.0,1.0,10000000000.0,,,,,,,,,0.0,993.407571666,1.0,1.0,1.0,0.0,0.0,0.0,,,0.0,,,,19992414.173386,,,1221.963893,,0.028554,10.121406,1221.963893,1.0,0.010643809808997,,,,,,,,BASE,BASE,,,,,,9.92462964838386e-10,5.32907051820075e-15,3.35276126861572e-08,4.86890305850807e-09,98524.7707455474,8.01157154933717,5315748.93867899,12470918.2141908,4.86889017992098e-09,0.0,2.5331974029541e-07,0.0,0.0,0.0,0.0,0.0,0.0,0.0,0.0,0.0,0.0,-1047881.20351073,77.3102090994539,3573.38746068784,12470918.2141908,0.0,0.0,0.0,2234.0,327.0,1025.0,0.0,0.0,0.0,0.0,-1047881.20351073,,,,,,BASE,0.0,0,/clusteruy/home/mathiasr/generator-aware-row-scaling/results-revision/plano-control/full-gurobi-01pct/resultados/instance027_base.csv,/clusteruy/home/mathiasr/generator-aware-row-scaling/results-revision/plano-control/full-gurobi-01pct/resultados/instance027_base_postprocesado.csv,/clusteruy/home/mathiasr/generator-aware-row-scaling/results-revision/plano-control/full-gurobi-01pct/logs/instance027_base.log
instance027.txt,estructurado,OK,0,961.578736967,0.083407097629198,-1047803.2014929451,-1047800.0,OPTIMAL,-1048677.1437321762,48680.0,3401168.0,0.32,23763.0,16561.0,57555.0,20015.0,14535.0,50226.0,15.772419307326516,12.2335607753155,12.7339066979411,1,Model contains large bounds,1e-05,100000.0,0.0003,100.0,0.2,2000000.0,1.0,10000000000.0,0.0003,1.0,0.005,1.0,37980000000000.0,239000000000.0,1.0,1.5,0.120521799,961.6992587660001,1.033100601620408,1.033100601620408,1.0329711316827739,0.120521799,0.00012533742102092274,0.010177259398850003,78.00201778160408,7.443784421389864e-05,80.0,7.634461961293278e-05,0.0003,0.006292785676671932,216677.0,,0.010837960744552877,1038.0,,0.0,11.0,1038.0,1.1772291840077072,0.009122612674296,,,,,,,,OK,REVISAR,7.99978151917458e-05,0.0,4.889443516731262e-09,12470918.2141908,0.0,2.31840897505772e-08,1.30739863379858e-12,1.15483999252319e-07,7.99978151917458e-05,98595.1558175546,8.0290670821147,5315748.93867903,12470918.2141908,1.05256956484112e-07,1.86264514923096e-09,7.99978151917458e-05,7.72687919265242e-07,0.0,0.0,0.0,0.0,75.0,0.0,0.0,0.0,0.0,-1047803.20149295,77.2995099585341,3555.23478928002,12470918.2141908,7.72687919265242e-07,0.0,0.0,2232.0,327.0,1048.0,0.0,0.0,0.0,0.0,-1047803.20149295,-1047803.20149295,78.00201777671464,7.443784420923261e-05,empeora,184.71266527380794,DIFIERE,3630000.0,2340,/clusteruy/home/mathiasr/generator-aware-row-scaling/results-revision/plano-control/full-gurobi-01pct/resultados/instance027_estructurado.csv,/clusteruy/home/mathiasr/generator-aware-row-scaling/results-revision/plano-control/full-gurobi-01pct/resultados/instance027_estructurado_postprocesado.csv,/clusteruy/home/mathiasr/generator-aware-row-scaling/results-revision/plano-control/full-gurobi-01pct/logs/instance027_estructurado.log
instance027.txt,estructurado_solo_local,OK,0,962.958689185,0.083407097629198,-1047803.2014929451,-1047800.0,OPTIMAL,-1048677.1437321762,48680.0,3401168.0,0.32,23763.0,16561.0,57555.0,20015.0,14535.0,50226.0,15.772419307326516,12.2335607753155,12.7339066979411,1,Model contains large bounds,1e-05,100000.0,0.0003,100.0,0.2,2000000.0,1.0,10000000000.0,0.0003,1.0,0.005,1.0,37980000000000.0,239000000000.0,1.0,1.5,0.119955933,963.078645118,1.0316201336806778,1.0316201336806778,1.0314916405858878,0.119955933,0.0001245701755923971,0.010177259398850003,78.00201778160408,7.443784421389864e-05,80.0,7.634461961293278e-05,0.0003,0.006292785676671932,216677.0,,0.010837960744552877,1038.0,,0.0,11.0,1038.0,1.1772291840077072,0.009105762796806,,,,,,,,OK,REVISAR,7.99978151917458e-05,0.0,4.889443516731262e-09,12470918.2141908,0.0,2.31840897505772e-08,1.30739863379858e-12,1.15483999252319e-07,7.99978151917458e-05,98595.1558175546,8.0290670821147,5315748.93867903,12470918.2141908,1.05256956484112e-07,1.86264514923096e-09,7.99978151917458e-05,7.72687919265242e-07,0.0,0.0,0.0,0.0,75.0,0.0,0.0,0.0,0.0,-1047803.20149295,77.2995099585341,3555.23478928002,12470918.2141908,7.72687919265242e-07,0.0,0.0,2232.0,327.0,1048.0,0.0,0.0,0.0,0.0,-1047803.20149295,-1047803.20149295,78.00201777671464,7.443784420923261e-05,empeora,184.71266527380794,DIFIERE,3630000.0,2340,/clusteruy/home/mathiasr/generator-aware-row-scaling/results-revision/plano-control/full-gurobi-01pct/resultados/instance027_estructurado_solo_local.csv,/clusteruy/home/mathiasr/generator-aware-row-scaling/results-revision/plano-control/full-gurobi-01pct/resultados/instance027_estructurado_solo_local_postprocesado.csv,/clusteruy/home/mathiasr/generator-aware-row-scaling/results-revision/plano-control/full-gurobi-01pct/logs/instance027_estructurado_solo_local.log
instance027.txt,estructurado_plano,OK,0,1147.312500391,0.089522913584642,-1047277.2034038279,-1047280.0,OPTIMAL,-1048214.7564696227,46839.0,3757982.0,0.32,23763.0,16561.0,57555.0,20015.0,14535.0,50226.0,15.772419307326516,12.2335607753155,12.7339066979411,1,Model contains large bounds,1e-05,100000.0,0.0003,100.0,0.2,90000.0,1.0,10000000000.0,0.0003,1.0,0.000225,1.0,37980000000000.0,10780000000.0,0.0,0.0,0.040864426,1147.353364817,0.8658561388701425,0.8658561388701425,0.865825300320138,0.040864426,3.561752006194786e-05,0.004061443443406004,604.0001068988349,0.0005764013180838128,600.0,0.0005725846470969959,0.0003,0.0002838335966298052,1690676.0,,0.08456587510329974,1174.0,,0.0,11.0,1174.0,1.0408551047700172,0.00871273049182,,,,,,,,OK,REVISAR,2.05199467018247e-06,0.0,2.0954757928848267e-09,12470918.2141908,0.0,2.75827581531183e-09,5.6843418860808e-14,7.07805156707764e-08,3.72529029846191e-09,45063.8660957178,8.45461569360017,268933.583633945,12470918.2141908,1.91307180994337e-09,1.86264514923096e-09,2.05199467018247e-06,8.71150595508358e-08,0.0,0.0,0.0,0.0,4.0,0.0,0.0,0.0,0.0,-1047277.20340383,368.466658876208,3792.42789098818,12470918.2141908,8.71150595508358e-08,0.0,0.0,2591.0,331.0,1030.0,0.0,0.0,0.0,0.0,-1047277.20340383,-1047277.20340383,604.0001068967395,0.0005764013180818131,empeora,647.0999278272502,DIFIERE,22000000.0,3915,/clusteruy/home/mathiasr/generator-aware-row-scaling/results-revision/plano-control/full-gurobi-01pct/resultados/instance027_estructurado_plano.csv,/clusteruy/home/mathiasr/generator-aware-row-scaling/results-revision/plano-control/full-gurobi-01pct/resultados/instance027_estructurado_plano_postprocesado.csv,/clusteruy/home/mathiasr/generator-aware-row-scaling/results-revision/plano-control/full-gurobi-01pct/logs/instance027_estructurado_plano.log
instance027.txt,estructurado_matricial,OK,0,1137.132207913,0.099548175729893,-1047108.8236789339,-1047110.0,OPTIMAL,-1048151.201410813,58250.0,4496603.0,0.31,23763.0,16561.0,57555.0,20012.0,14532.0,50234.0,15.785043975928966,12.251675623452691,12.720006949874033,1,Model contains large bounds,1e-05,100000.0,0.0003,100.0,0.05,300000000.0,1.0,10000000000.0,0.0003,1.0,3.0,1.0,37980000000000.0,28470000000000.0,1.0,1.001,0.125751044,1137.257958957,0.8736078045746496,0.8736078045746496,0.8735112063555679,0.125751044,0.0001105861245727911,-0.0059638187018449945,772.3798317927867,0.000737087209127404,770.0,0.000734816963774478,0.0003,0.7496050552922591,5568822.0,,0.27854675036760906,1151.0,,0.0,12.0,1151.0,1.0616541207645527,0.009395965115801,,,,,,,,OK,REVISAR,4.07379611715442e-05,0.0,3.841705620288849e-09,12470918.2141908,0.0,1.34297596081536e-08,2.8421709430404e-13,7.63684511184692e-08,4.07379611715442e-05,99098.9537522818,8.19322379770202,5315748.93867172,12470918.2141908,4.07379611715442e-05,1.86264514923096e-09,1.30948610603809e-05,2.81262683841917e-07,0.0,0.0,1.0,0.0,43.0,0.0,0.0,0.0,0.0,-1047108.82367893,77.1978681198133,3573.38745984808,12470918.2141908,2.81262683841917e-07,0.0,0.0,2176.0,328.0,1039.0,0.0,0.0,0.0,0.0,-1047108.82367893,-1047108.82367893,772.3798317966284,0.0007370872091310701,empeora,710.654986636946,DIFIERE,29500000.0,2500,/clusteruy/home/mathiasr/generator-aware-row-scaling/results-revision/plano-control/full-gurobi-01pct/resultados/instance027_estructurado_matricial.csv,/clusteruy/home/mathiasr/generator-aware-row-scaling/results-revision/plano-control/full-gurobi-01pct/resultados/instance027_estructurado_matricial_postprocesado.csv,/clusteruy/home/mathiasr/generator-aware-row-scaling/results-revision/plano-control/full-gurobi-01pct/logs/instance027_estructurado_matricial.log
instance027.txt,matricial_solo_local,OK,0,1127.904650104,0.099548175729893,-1047108.8236789339,-1047110.0,OPTIMAL,-1048151.201410813,58250.0,4496603.0,0.31,23763.0,16561.0,57555.0,20012.0,14532.0,50234.0,15.785043975928966,12.251675623452691,12.720006949874033,1,Model contains large bounds,1e-05,100000.0,0.0003,100.0,0.05,300000000.0,1.0,10000000000.0,0.0003,1.0,3.0,1.0,37980000000000.0,28470000000000.0,1.0,1.001,0.122333794,1128.026983898,0.880754921592354,0.880754921592354,0.8806594042929625,0.122333794,0.00010846111325874935,-0.0059638187018449945,772.3798317927867,0.000737087209127404,770.0,0.000734816963774478,0.0003,0.7496050552922591,5568822.0,,0.27854675036760906,1151.0,,0.0,11.0,1151.0,1.0616541207645527,0.009413548787606,,,,,,,,OK,REVISAR,4.07379611715442e-05,0.0,3.841705620288849e-09,12470918.2141908,0.0,1.34297596081536e-08,2.8421709430404e-13,7.63684511184692e-08,4.07379611715442e-05,99098.9537522818,8.19322379770202,5315748.93867172,12470918.2141908,4.07379611715442e-05,1.86264514923096e-09,1.30948610603809e-05,2.81262683841917e-07,0.0,0.0,1.0,0.0,43.0,0.0,0.0,0.0,0.0,-1047108.82367893,77.1978681198133,3573.38745984808,12470918.2141908,2.81262683841917e-07,0.0,0.0,2176.0,328.0,1039.0,0.0,0.0,0.0,0.0,-1047108.82367893,-1047108.82367893,772.3798317966284,0.0007370872091310701,empeora,710.654986636946,DIFIERE,29500000.0,2500,/clusteruy/home/mathiasr/generator-aware-row-scaling/results-revision/plano-control/full-gurobi-01pct/resultados/instance027_matricial_solo_local.csv,/clusteruy/home/mathiasr/generator-aware-row-scaling/results-revision/plano-control/full-gurobi-01pct/resultados/instance027_matricial_solo_local_postprocesado.csv,/clusteruy/home/mathiasr/generator-aware-row-scaling/results-revision/plano-control/full-gurobi-01pct/logs/instance027_matricial_solo_local.log
instance027.txt,matricial_plano,OK,0,936.61992645,0.077339025318899,-1047038.7315209941,-1047040.0,OPTIMAL,-1047848.5010706638,45307.0,3315355.0,0.31,23763.0,16561.0,57555.0,20012.0,14532.0,50234.0,15.785043975928966,12.251675623452691,12.720006949874033,1,Model contains large bounds,1e-05,100000.0,0.0003,100.0,0.05,300000000.0,1.0,10000000000.0,0.0003,1.0,3.0,1.0,37980000000000.0,28470000000000.0,0.0,0.0,0.040927623,936.660854073,1.060630404726961,1.060630404726961,1.0605840602244037,0.040927623,4.3697151687904925e-05,0.016245331709149005,842.4719897325849,0.000803976621500646,840.0,0.0008016185059357942,0.0003,0.7496050552922591,9085646.0,,0.454454670716799,976.0,,0.0,12.0,976.0,1.2520121854508197,0.009558554003945,,,,,,,,OK,REVISAR,7.0035457611084e-07,0.0,4.0745362639427185e-09,12470918.2141908,0.0,1.79767999702075e-09,2.8421709430404e-14,5.96046447753906e-08,3.72529029846191e-09,98988.2565358237,8.18305359427123,5315748.93867899,12470918.2141908,2.38418579101562e-07,1.86264514923096e-09,7.0035457611084e-07,0.0,0.0,0.0,0.0,0.0,0.0,0.0,0.0,0.0,0.0,-1047038.73152099,77.1889521690247,3573.38746068784,12470918.2141908,0.0,0.0,0.0,2167.0,328.0,1027.0,0.0,0.0,0.0,0.0,-1047038.73152099,-1047038.73152099,842.4719897366595,0.0008039766215045343,empeora,1013.3553267861716,DIFIERE,28546000.0,2455,/clusteruy/home/mathiasr/generator-aware-row-scaling/results-revision/plano-control/full-gurobi-01pct/resultados/instance027_matricial_plano.csv,/clusteruy/home/mathiasr/generator-aware-row-scaling/results-revision/plano-control/full-gurobi-01pct/resultados/instance027_matricial_plano_postprocesado.csv,/clusteruy/home/mathiasr/generator-aware-row-scaling/results-revision/plano-control/full-gurobi-01pct/logs/instance027_matricial_plano.log
instance028.txt,base,OK,0,129.554078905,0.094858690407767,-1280216.536664874,-1280220.0,OPTIMAL,-1281430.933305938,7014.0,714914.0,0.47,23763.0,16561.0,57555.0,19977.0,14385.0,52008.0,15.932331776290873,13.13930318217499,9.637737816002085,3,Model contains large bounds | Model contains large matrix coefficient range | Model contains large rhs,0.0006,10000000000.0,0.0002,100.0,5.0,8000000000.0,1.0,10000000000.0,,,,,,,,,0.0,129.554078905,1.0,1.0,1.0,0.0,0.0,0.0,,,0.0,,,,7315546.632107,,,161.784868,,0.015553,7.962696,161.784868,1.0,0.02593519273258,,,,,,,,BASE,BASE,,,,,,1.85012555497466e-09,3.73034936274053e-14,6.70552253723145e-08,3.72529029846191e-09,191885.790827713,8.76334502734543,12161532.5970867,14659873.3530536,9.09494701772928e-12,0.0,6.62228558212519e-07,0.0,0.0,0.0,0.0,0.0,0.0,0.0,0.0,0.0,0.0,-1280216.53666487,63.6099591510946,580.66389573249,14659873.3530536,0.0,0.0,0.0,2643.0,166.0,1080.0,0.0,0.0,0.0,0.0,-1280216.53666487,,,,,,BASE,0.0,0,/clusteruy/home/mathiasr/generator-aware-row-scaling/results-revision/plano-control/full-gurobi-01pct/resultados/instance028_base.csv,/clusteruy/home/mathiasr/generator-aware-row-scaling/results-revision/plano-control/full-gurobi-01pct/resultados/instance028_base_postprocesado.csv,/clusteruy/home/mathiasr/generator-aware-row-scaling/results-revision/plano-control/full-gurobi-01pct/logs/instance028_base.log
instance028.txt,estructurado,OK,0,137.845190411,0.097839087533733,-1280142.2365083073,-1280140.0,OPTIMAL,-1281394.715991641,8282.0,617964.0,0.48,23763.0,16561.0,57555.0,19937.0,14379.0,51580.0,16.100660690990196,13.175532878449369,10.381374337590131,1,Model contains large bounds,1e-05,100000.0,0.0002,100.0,0.1,2000000.0,1.0,10000000000.0,0.0006,1.0,0.0125,1.0,16000000000000.0,184900000000.0,1.0,1.5,0.120991656,137.966182067,0.939852007304142,0.939852007304142,0.9390277890134348,0.120991656,0.000877735781997548,-0.0029803971259659973,74.30015656678006,5.8037179210589924e-05,80.0,6.248925965849619e-05,0.0006,0.01155625,1655997.0,,0.2263668162174021,168.0,,0.0,8.0,168.0,0.9630051666666666,0.020437967903807,,,,,,,,REVISAR,REVISAR,0.00021688082779292,0.0,2.7939677238464355e-09,14659873.3530536,0.0,2.60072618166639e-08,3.41060513164848e-13,1.95020111277703e-07,4.25539910793304e-05,192136.921232314,8.51621407006271,12157952.6879748,14659873.3530536,1.12453574274696e-05,0.0,0.00021688082779292,7.71096683609291e-08,0.0,0.0,1.0,0.0,38.0,0.0,0.0,0.0,0.0,-1280142.23650831,63.6099591510952,607.179679318477,14659873.3530536,7.71096683609291e-08,0.0,0.0,2650.0,160.0,1087.0,0.0,0.0,0.0,0.0,-1280142.23650831,-1280142.23650831,74.30015656398609,5.8037179208407506e-05,empeora,36.21731429710053,DIFIERE,12200000.0,4630,/clusteruy/home/mathiasr/generator-aware-row-scaling/results-revision/plano-control/full-gurobi-01pct/resultados/instance028_estructurado.csv,/clusteruy/home/mathiasr/generator-aware-row-scaling/results-revision/plano-control/full-gurobi-01pct/resultados/instance028_estructurado_postprocesado.csv,/clusteruy/home/mathiasr/generator-aware-row-scaling/results-revision/plano-control/full-gurobi-01pct/logs/instance028_estructurado.log
instance028.txt,estructurado_solo_local,OK,0,136.210840463,0.097839087533733,-1280142.2365083073,-1280140.0,OPTIMAL,-1281394.715991641,8282.0,617964.0,0.47,23763.0,16561.0,57555.0,19937.0,14379.0,51580.0,16.100660690990196,13.175532878449369,10.381374337590131,1,Model contains large bounds,1e-05,100000.0,0.0002,100.0,0.1,2000000.0,1.0,10000000000.0,0.0006,1.0,0.0125,1.0,16000000000000.0,184900000000.0,1.0,1.5,0.120269477,136.33110994,0.9511289884463474,0.9511289884463474,0.9502899152073023,0.120269477,0.0008829655304319902,-0.0029803971259659973,74.30015656678006,5.8037179210589924e-05,80.0,6.248925965849619e-05,0.0006,0.01155625,1655997.0,,0.2263668162174021,168.0,,0.0,8.0,168.0,0.9630051666666666,0.020545650611643,,,,,,,,REVISAR,REVISAR,0.00021688082779292,0.0,2.7939677238464355e-09,14659873.3530536,0.0,2.60072618166639e-08,3.41060513164848e-13,1.95020111277703e-07,4.25539910793304e-05,192136.921232314,8.51621407006271,12157952.6879748,14659873.3530536,1.12453574274696e-05,0.0,0.00021688082779292,7.71096683609291e-08,0.0,0.0,1.0,0.0,38.0,0.0,0.0,0.0,0.0,-1280142.23650831,63.6099591510952,607.179679318477,14659873.3530536,7.71096683609291e-08,0.0,0.0,2650.0,160.0,1087.0,0.0,0.0,0.0,0.0,-1280142.23650831,-1280142.23650831,74.30015656398609,5.8037179208407506e-05,empeora,36.21731429710053,DIFIERE,12200000.0,4630,/clusteruy/home/mathiasr/generator-aware-row-scaling/results-revision/plano-control/full-gurobi-01pct/resultados/instance028_estructurado_solo_local.csv,/clusteruy/home/mathiasr/generator-aware-row-scaling/results-revision/plano-control/full-gurobi-01pct/resultados/instance028_estructurado_solo_local_postprocesado.csv,/clusteruy/home/mathiasr/generator-aware-row-scaling/results-revision/plano-control/full-gurobi-01pct/logs/instance028_estructurado_solo_local.log
instance028.txt,estructurado_plano,OK,0,132.550286943,0.096739045450182,-1280165.4703226667,-1280170.0,OPTIMAL,-1281403.8901788397,20237.0,1178686.0,0.48,23763.0,16561.0,57555.0,19937.0,14379.0,51580.0,16.100660690990196,13.175532878449369,10.381374337590131,1,Model contains large bounds,1e-05,100000.0,0.0002,100.0,0.1,80000.0,1.0,10000000000.0,0.0006,1.0,0.0005,1.0,16000000000000.0,9796000000.0,0.0,0.0,0.040538349,132.590825292,0.9773956880282844,0.9773956880282844,0.9770968588489266,0.040538349,0.00030583373250208447,-0.0018803550424150023,51.066342207370326,3.988883188495956e-05,50.0,3.905578728656012e-05,0.0006,0.00061225,2722762.0,,0.372188455207181,172.0,,0.0,8.0,172.0,0.9406096976744185,0.022580263482955,,,,,,,,OK,REVISAR,2.95042991638184e-06,0.0,3.259629011154175e-09,14343274.6574034,0.0,5.02661226148593e-09,1.13686837721616e-13,1.28149404190483e-07,3.72529029846191e-09,185603.325062734,8.97304531484202,12150637.2901135,14343274.6574034,1.89652442927695e-09,0.0,2.95042991638184e-06,1.71182408635268e-08,0.0,0.0,0.0,0.0,6.0,0.0,0.0,0.0,0.0,-1280165.47032267,198.965902848635,674.240153448161,14343274.6574034,1.71182408635268e-08,0.0,0.0,2798.0,157.0,1080.0,0.0,0.0,0.0,0.0,-1280165.47032267,-1280165.47032267,51.0663422041107,3.9888831882413407e-05,empeora,27.04312709835358,DIFIERE,7690000.0,4124,/clusteruy/home/mathiasr/generator-aware-row-scaling/results-revision/plano-control/full-gurobi-01pct/resultados/instance028_estructurado_plano.csv,/clusteruy/home/mathiasr/generator-aware-row-scaling/results-revision/plano-control/full-gurobi-01pct/resultados/instance028_estructurado_plano_postprocesado.csv,/clusteruy/home/mathiasr/generator-aware-row-scaling/results-revision/plano-control/full-gurobi-01pct/logs/instance028_estructurado_plano.log
instance028.txt,estructurado_matricial,OK,0,133.39006732,0.0961107167792,-1280216.0149338485,-1280220.0,OPTIMAL,-1281446.4397221236,9353.0,636575.0,0.48,23763.0,16561.0,57555.0,19967.0,14385.0,51916.0,15.974414004965704,13.13930318217499,9.797584918773348,1,Model contains large bounds,1e-05,100000.0,0.0002,100.0,0.02,300000000.0,1.0,10000000000.0,0.0006,1.0,9.375,1.0,16000000000000.0,26850000000000.0,1.0,1.0,0.124947058,133.51501437800002,0.9712423234197974,0.9712423234197974,0.9703334078833559,0.124947058,0.000936704362703818,-0.0012520263714329988,0.5217310255393386,4.0753342157141157e-07,0.0,0.0,0.0006,1.678125,813269.0,,0.11116995638175092,180.0,,0.0,9.0,180.0,0.8988048222222221,0.028954049628242,,,,,,,,REVISAR,REVISAR,0.000138043586048298,0.0,1.3969838619232178e-09,14659873.3530536,0.0,9.20209955704346e-09,4.86485851602919e-14,1.15483999252319e-07,5.02914190292358e-07,191903.183023741,8.79156975146305,12161505.7585709,14659873.3530536,1.03864294942468e-09,0.0,0.000138043586048298,0.0,0.0,0.0,0.0,0.0,2.0,0.0,0.0,0.0,0.0,-1280216.01493385,63.609959151095,580.672950437729,14659873.3530536,0.0,0.0,0.0,2644.0,165.0,1081.0,0.0,0.0,0.0,0.0,-1280216.01493385,-1280216.01493385,0.5217310241423547,4.0753342048020253e-07,igual,-15.506416185526177,DIFIERE,880000.0,2017,/clusteruy/home/mathiasr/generator-aware-row-scaling/results-revision/plano-control/full-gurobi-01pct/resultados/instance028_estructurado_matricial.csv,/clusteruy/home/mathiasr/generator-aware-row-scaling/results-revision/plano-control/full-gurobi-01pct/resultados/instance028_estructurado_matricial_postprocesado.csv,/clusteruy/home/mathiasr/generator-aware-row-scaling/results-revision/plano-control/full-gurobi-01pct/logs/instance028_estructurado_matricial.log
instance028.txt,matricial_solo_local,OK,0,133.864247475,0.0961107167792,-1280216.0149338485,-1280220.0,OPTIMAL,-1281446.4397221236,9353.0,636575.0,0.48,23763.0,16561.0,57555.0,19967.0,14385.0,51916.0,15.974414004965704,13.13930318217499,9.797584918773348,1,Model contains large bounds,1e-05,100000.0,0.0002,100.0,0.02,300000000.0,1.0,10000000000.0,0.0006,1.0,9.375,1.0,16000000000000.0,26850000000000.0,1.0,1.0,0.122690095,133.98693757,0.9678019437504779,0.9678019437504779,0.966915740105754,0.122690095,0.0009165262369469723,-0.0012520263714329988,0.5217310255393386,4.0753342157141157e-07,0.0,0.0,0.0006,1.678125,813269.0,,0.11116995638175092,180.0,,0.0,9.0,180.0,0.8988048222222221,0.028980248368259,,,,,,,,REVISAR,REVISAR,0.000138043586048298,0.0,1.3969838619232178e-09,14659873.3530536,0.0,9.20209955704346e-09,4.86485851602919e-14,1.15483999252319e-07,5.02914190292358e-07,191903.183023741,8.79156975146305,12161505.7585709,14659873.3530536,1.03864294942468e-09,0.0,0.000138043586048298,0.0,0.0,0.0,0.0,0.0,2.0,0.0,0.0,0.0,0.0,-1280216.01493385,63.609959151095,580.672950437729,14659873.3530536,0.0,0.0,0.0,2644.0,165.0,1081.0,0.0,0.0,0.0,0.0,-1280216.01493385,-1280216.01493385,0.5217310241423547,4.0753342048020253e-07,igual,-15.506416185526177,DIFIERE,880000.0,2017,/clusteruy/home/mathiasr/generator-aware-row-scaling/results-revision/plano-control/full-gurobi-01pct/resultados/instance028_matricial_solo_local.csv,/clusteruy/home/mathiasr/generator-aware-row-scaling/results-revision/plano-control/full-gurobi-01pct/resultados/instance028_matricial_solo_local_postprocesado.csv,/clusteruy/home/mathiasr/generator-aware-row-scaling/results-revision/plano-control/full-gurobi-01pct/logs/instance028_matricial_solo_local.log
instance028.txt,matricial_plano,OK,0,104.105325569,0.090940994497371,-1280185.6613148795,-1280190.0,OPTIMAL,-1281349.874886692,7099.0,454438.0,0.48,23763.0,16561.0,57555.0,19967.0,14385.0,51916.0,15.974414004965704,13.13930318217499,9.797584918773348,1,Model contains large bounds,1e-05,100000.0,0.0002,100.0,0.02,300000000.0,1.0,10000000000.0,0.0006,1.0,9.375,1.0,16000000000000.0,26850000000000.0,0.0,0.0,0.041104491,104.14643006,1.2444519835743928,1.2444519835743928,1.2439608235285873,0.041104491,0.0003948356222444772,0.0039176959103959935,30.875349994516,2.4117287279345877e-05,30.0,2.3433472371936072e-05,0.0006,1.678125,957816.0,,0.1309288352829668,130.0,,0.0,9.0,130.0,1.2444989846153844,0.03008222736398,,,,,,,,OK,REVISAR,1.84960663318634e-06,0.0,4.656612873077393e-10,14659873.3530536,0.0,2.77375381532532e-09,3.19744231092045e-14,9.28796362131838e-08,8.60464609155315e-09,191863.722234236,8.81554686548091,12159907.2410605,14659873.3530536,8.17428850987355e-09,0.0,1.84960663318634e-06,5.5837687810262e-08,0.0,0.0,0.0,0.0,2.0,0.0,0.0,0.0,0.0,-1280185.66131488,63.609959151095,581.212263652153,14659873.3530536,5.5837687810262e-08,0.0,0.0,2643.0,165.0,1080.0,0.0,0.0,0.0,0.0,-1280185.66131488,-1280185.66131488,30.87534999405034,2.411728727898214e-05,empeora,81.05841924599372,DIFIERE,130000.0,2553,/clusteruy/home/mathiasr/generator-aware-row-scaling/results-revision/plano-control/full-gurobi-01pct/resultados/instance028_matricial_plano.csv,/clusteruy/home/mathiasr/generator-aware-row-scaling/results-revision/plano-control/full-gurobi-01pct/resultados/instance028_matricial_plano_postprocesado.csv,/clusteruy/home/mathiasr/generator-aware-row-scaling/results-revision/plano-control/full-gurobi-01pct/logs/instance028_matricial_plano.log
instance029.txt,base,OK,0,325.028243632,0.092796736170002,-1532185.2198812247,-1532190.0,OPTIMAL,-1533607.0377573536,25255.0,4725136.0,0.45,23763.0,16561.0,57555.0,19877.0,14320.0,51751.0,16.353154063039177,13.531791558480768,10.084267222656589,4,Model contains large bounds | Model contains large matrix coefficient range | Model contains large rhs | max constraint violation (1.1865e-06) exceeds tolerance,0.0005,10000000000.0,0.0005,100.0,5.0,10000000000.0,1.0,10000000000.0,,,,,,,,,0.0,325.028243632,1.0,1.0,1.0,0.0,0.0,0.0,,,0.0,,,,79197034.196842,,,439.510592,,0.038877,12.41787,439.510592,1.0,0.039185964260422,,,,,,,,BASE,BASE,,,,,,2.4276193466556e-09,2.8421709430404e-14,6.74091279506693e-08,1.18650496006012e-06,194741.209283231,17.3965268030355,6108432.23256836,48397306.9851319,2.18278728425503e-11,1.86264514923096e-09,1.18650496006012e-06,0.0,0.0,0.0,0.0,0.0,2.0,0.0,0.0,0.0,0.0,-1532185.21988122,53.9611172311978,12338.3269303763,48397306.9851319,0.0,0.0,0.0,2422.0,461.0,957.0,0.0,0.0,0.0,0.0,-1532185.21988122,,,,,,BASE,0.0,0,/clusteruy/home/mathiasr/generator-aware-row-scaling/results-revision/plano-control/full-gurobi-01pct/resultados/instance029_base.csv,/clusteruy/home/mathiasr/generator-aware-row-scaling/results-revision/plano-control/full-gurobi-01pct/resultados/instance029_base_postprocesado.csv,/clusteruy/home/mathiasr/generator-aware-row-scaling/results-revision/plano-control/full-gurobi-01pct/logs/instance029_base.log
instance029.txt,estructurado,OK,0,196.49390036,0.023054099256203,-1531972.7926545453,-1531970.0,OPTIMAL,-1532325.9751827419,3927.0,1463656.0,0.47,23763.0,16561.0,57555.0,19863.0,14321.0,51510.0,16.41206918318394,13.525753275768372,10.502997133176962,1,Model contains large bounds,9e-06,100000.0,0.0005,100.0,0.1,3000000.0,1.0,10000000000.0,0.0005555555555555556,1.0,0.015,1.0,25350000000000.0,342500000000.0,1.0,1.5,0.1203333,196.61423366,1.6541391006871455,1.6541391006871455,1.6531267222192219,0.1203333,0.0006124022159442874,0.069742636913799,212.4272266793996,0.00013864330756033986,220.0,0.00014358532557972575,0.0005555555555555556,0.013510848126232742,9566900.0,,0.12079871546984625,243.0,,0.0,12.0,243.0,1.8086855637860082,0.024123860643666,,,,,,,,OK,REVISAR,1.01316254585981e-06,0.0,4.6566128730773926e-09,47518798.6993687,0.0,4.89993210287974e-09,5.6843418860808e-14,1.51582062244417e-07,1.01316254585981e-06,188754.396199749,17.4368826884231,5846223.30374843,47518798.6993687,2.38418579101562e-07,0.0,1.01316254585981e-06,0.0,0.0,0.0,0.0,0.0,1.0,0.0,0.0,0.0,0.0,-1531972.79265455,54.5674018833445,12338.3269303764,47518798.6993687,0.0,0.0,0.0,2410.0,458.0,956.0,0.0,0.0,0.0,0.0,-1531972.79265455,-1531972.79265455,212.427226674743,0.00013864330755730068,empeora,1281.062574611744,DIFIERE,26000000.0,4249,/clusteruy/home/mathiasr/generator-aware-row-scaling/results-revision/plano-control/full-gurobi-01pct/resultados/instance029_estructurado.csv,/clusteruy/home/mathiasr/generator-aware-row-scaling/results-revision/plano-control/full-gurobi-01pct/resultados/instance029_estructurado_postprocesado.csv,/clusteruy/home/mathiasr/generator-aware-row-scaling/results-revision/plano-control/full-gurobi-01pct/logs/instance029_estructurado.log
instance029.txt,estructurado_solo_local,OK,0,196.243453001,0.023054099256203,-1531972.7926545453,-1531970.0,OPTIMAL,-1532325.9751827419,3927.0,1463656.0,0.46,23763.0,16561.0,57555.0,19863.0,14321.0,51510.0,16.41206918318394,13.525753275768372,10.502997133176962,1,Model contains large bounds,9e-06,100000.0,0.0005,100.0,0.1,3000000.0,1.0,10000000000.0,0.0005555555555555556,1.0,0.015,1.0,25350000000000.0,342500000000.0,1.0,1.5,0.119245368,196.36269836900001,1.6562501253498823,1.6562501253498823,1.655244332715447,0.119245368,0.0006076399807304265,0.069742636913799,212.4272266793996,0.00013864330756033986,220.0,0.00014358532557972575,0.0005555555555555556,0.013510848126232742,9566900.0,,0.12079871546984625,243.0,,0.0,12.0,243.0,1.8086855637860082,0.024045160402933,,,,,,,,OK,REVISAR,1.01316254585981e-06,0.0,4.6566128730773926e-09,47518798.6993687,0.0,4.89993210287974e-09,5.6843418860808e-14,1.51582062244417e-07,1.01316254585981e-06,188754.396199749,17.4368826884231,5846223.30374843,47518798.6993687,2.38418579101562e-07,0.0,1.01316254585981e-06,0.0,0.0,0.0,0.0,0.0,1.0,0.0,0.0,0.0,0.0,-1531972.79265455,54.5674018833445,12338.3269303764,47518798.6993687,0.0,0.0,0.0,2410.0,458.0,956.0,0.0,0.0,0.0,0.0,-1531972.79265455,-1531972.79265455,212.427226674743,0.00013864330755730068,empeora,1281.062574611744,DIFIERE,26000000.0,4249,/clusteruy/home/mathiasr/generator-aware-row-scaling/results-revision/plano-control/full-gurobi-01pct/resultados/instance029_estructurado_solo_local.csv,/clusteruy/home/mathiasr/generator-aware-row-scaling/results-revision/plano-control/full-gurobi-01pct/resultados/instance029_estructurado_solo_local_postprocesado.csv,/clusteruy/home/mathiasr/generator-aware-row-scaling/results-revision/plano-control/full-gurobi-01pct/logs/instance029_estructurado_solo_local.log
instance029.txt,estructurado_plano,OK,0,224.021451129,0.030079473857238,-1532289.83795154,-1532290.0,OPTIMAL,-1532750.7426727638,4995.0,1595738.0,0.49,23763.0,16561.0,57555.0,19863.0,14321.0,51510.0,16.41206918318394,13.525753275768372,10.502997133176962,1,Model contains large bounds,9e-06,100000.0,0.0005,100.0,0.1,100000.0,1.0,10000000000.0,0.0005555555555555556,1.0,0.0005,1.0,25350000000000.0,12240000000.0,0.0,0.0,0.041387279,224.062838408,1.45088000275847,1.45088000275847,1.4506120066199923,0.041387279,0.00018474694629206577,0.062717262312764,-104.61807031533681,-6.828030251032367e-05,-100.0,-6.526605708169352e-05,0.0005555555555555556,0.00048284023668639054,23989565.0,,0.30290989104938715,285.0,,0.0,10.0,285.0,1.5421424280701754,0.026174653000889,,,,,,,,OK,REVISAR,1.27195380628109e-06,0.0,0.0,12429846.2327988,0.0,5.12665162119033e-09,7.105427357601e-14,1.55307352542879e-07,1.27195380628109e-06,60513.4104768872,19.6713052051022,1380961.71683859,12429846.2327988,2.38418579101562e-07,0.0,1.27195380628109e-06,0.0,0.0,0.0,0.0,0.0,3.0,0.0,0.0,0.0,0.0,-1532289.83795154,547.740269702641,12446.4979250358,12429846.2327988,0.0,0.0,0.0,3045.0,543.0,959.0,0.0,0.0,0.0,0.0,-1532289.83795154,-1532289.83795154,-104.61807031533681,6.828030251032367e-05,mejora,856.2950845898595,DIFIERE,6380000.0,5042,/clusteruy/home/mathiasr/generator-aware-row-scaling/results-revision/plano-control/full-gurobi-01pct/resultados/instance029_estructurado_plano.csv,/clusteruy/home/mathiasr/generator-aware-row-scaling/results-revision/plano-control/full-gurobi-01pct/resultados/instance029_estructurado_plano_postprocesado.csv,/clusteruy/home/mathiasr/generator-aware-row-scaling/results-revision/plano-control/full-gurobi-01pct/logs/instance029_estructurado_plano.log
instance029.txt,estructurado_matricial,OK,0,211.448436767,0.059208278738322,-1532308.595009465,-1532310.0,OPTIMAL,-1533215.8485535295,4849.0,1613796.0,0.47,23763.0,16561.0,57555.0,19878.0,14321.0,51754.0,16.348945840171694,13.525753275768372,10.07905481713144,1,Model contains large bounds,9e-06,100000.0,0.0005,100.0,0.02,300000000.0,1.0,10000000000.0,0.0005555555555555556,1.0,7.5,1.0,25350000000000.0,30030000000000.0,1.0,1.001,0.124317216,211.572753983,1.5371513197335966,1.5371513197335966,1.5362481109364214,0.124317216,0.0005879315917430406,0.033588457431680006,-123.37512824032456,-8.052233283511808e-05,-120.0,-7.831926849803223e-05,0.0005555555555555556,1.1846153846153846,4142559.0,,0.0523069966193909,274.0,,0.0,12.0,274.0,1.6040532554744524,0.031317600377732,,,,,,,,OK,REVISAR,1.61054776981473e-06,0.0,4.889443516731262e-09,48397306.9851319,0.0,3.65512812475648e-09,6.57252030578093e-14,1.19209289550781e-07,1.61054776981473e-06,194745.715098395,17.3965268030353,6108432.23256836,48397306.9851319,2.91038304567337e-11,0.0,1.61054776981473e-06,0.0,0.0,0.0,0.0,0.0,2.0,0.0,0.0,0.0,0.0,-1532308.59500947,53.9664668016579,12338.3269303762,48397306.9851319,0.0,0.0,0.0,2421.0,461.0,958.0,0.0,0.0,0.0,0.0,-1532308.59500947,-1532308.59500947,-123.375128245214,8.052233283830924e-05,mejora,391.18920382414944,DIFIERE,1550000.0,546,/clusteruy/home/mathiasr/generator-aware-row-scaling/results-revision/plano-control/full-gurobi-01pct/resultados/instance029_estructurado_matricial.csv,/clusteruy/home/mathiasr/generator-aware-row-scaling/results-revision/plano-control/full-gurobi-01pct/resultados/instance029_estructurado_matricial_postprocesado.csv,/clusteruy/home/mathiasr/generator-aware-row-scaling/results-revision/plano-control/full-gurobi-01pct/logs/instance029_estructurado_matricial.log
instance029.txt,matricial_solo_local,OK,0,210.212722438,0.059208278738322,-1532308.595009465,-1532310.0,OPTIMAL,-1533215.8485535295,4849.0,1613796.0,0.47,23763.0,16561.0,57555.0,19878.0,14321.0,51754.0,16.348945840171694,13.525753275768372,10.07905481713144,1,Model contains large bounds,9e-06,100000.0,0.0005,100.0,0.02,300000000.0,1.0,10000000000.0,0.0005555555555555556,1.0,7.5,1.0,25350000000000.0,30030000000000.0,1.0,1.001,0.122284328,210.335006766,1.546187309038175,1.546187309038175,1.5452883884117183,0.122284328,0.0005817170653696588,0.033588457431680006,-123.37512824032456,-8.052233283511808e-05,-120.0,-7.831926849803223e-05,0.0005555555555555556,1.1846153846153846,4142559.0,,0.0523069966193909,274.0,,0.0,12.0,274.0,1.6040532554744524,0.031203714399438,,,,,,,,OK,REVISAR,1.61054776981473e-06,0.0,4.889443516731262e-09,48397306.9851319,0.0,3.65512812475648e-09,6.57252030578093e-14,1.19209289550781e-07,1.61054776981473e-06,194745.715098395,17.3965268030353,6108432.23256836,48397306.9851319,2.91038304567337e-11,0.0,1.61054776981473e-06,0.0,0.0,0.0,0.0,0.0,2.0,0.0,0.0,0.0,0.0,-1532308.59500947,53.9664668016579,12338.3269303762,48397306.9851319,0.0,0.0,0.0,2421.0,461.0,958.0,0.0,0.0,0.0,0.0,-1532308.59500947,-1532308.59500947,-123.375128245214,8.052233283830924e-05,mejora,391.18920382414944,DIFIERE,1550000.0,546,/clusteruy/home/mathiasr/generator-aware-row-scaling/results-revision/plano-control/full-gurobi-01pct/resultados/instance029_matricial_solo_local.csv,/clusteruy/home/mathiasr/generator-aware-row-scaling/results-revision/plano-control/full-gurobi-01pct/resultados/instance029_matricial_solo_local_postprocesado.csv,/clusteruy/home/mathiasr/generator-aware-row-scaling/results-revision/plano-control/full-gurobi-01pct/logs/instance029_matricial_solo_local.log
instance029.txt,matricial_plano,OK,0,194.754213936,0.078055780909826,-1532308.5950094676,-1532310.0,OPTIMAL,-1533504.6504492506,4611.0,1672385.0,0.47,23763.0,16561.0,57555.0,19878.0,14321.0,51754.0,16.348945840171694,13.525753275768372,10.07905481713144,1,Model contains large bounds,9e-06,100000.0,0.0005,100.0,0.02,300000000.0,1.0,10000000000.0,0.0005555555555555556,1.0,7.5,1.0,25350000000000.0,30030000000000.0,0.0,0.0,0.041438838,194.79565277400002,1.668915075382197,1.668915075382197,1.6685600474313178,0.041438838,0.00021277505201308558,0.014740955260176006,-123.3751282428857,-8.052233283678964e-05,-120.0,-7.831926849803223e-05,0.0005555555555555556,1.1846153846153846,4878836.0,,0.06160377152348648,248.0,,0.0,11.0,248.0,1.772220129032258,0.031657884857375,,,,,,,,OK,REVISAR,1.9073486328125e-06,0.0,2.3283064365386963e-09,48397306.9851317,0.0,3.84114609840728e-09,7.72715225139109e-14,1.26659870147705e-07,1.9073486328125e-06,194745.715098394,17.3965268030353,6108432.23256836,48397306.9851317,2.91038304567337e-11,0.0,1.9073486328125e-06,0.0,0.0,0.0,0.0,0.0,3.0,0.0,0.0,0.0,0.0,-1532308.59500947,53.9664668016579,12338.3269303762,48397306.9851317,0.0,0.0,0.0,2421.0,461.0,959.0,0.0,0.0,0.0,0.0,-1532308.59500947,-1532308.59500947,-123.375128245214,8.052233283830924e-05,mejora,102.38730810303241,DIFIERE,1550000.0,546,/clusteruy/home/mathiasr/generator-aware-row-scaling/results-revision/plano-control/full-gurobi-01pct/resultados/instance029_matricial_plano.csv,/clusteruy/home/mathiasr/generator-aware-row-scaling/results-revision/plano-control/full-gurobi-01pct/resultados/instance029_matricial_plano_postprocesado.csv,/clusteruy/home/mathiasr/generator-aware-row-scaling/results-revision/plano-control/full-gurobi-01pct/logs/instance029_matricial_plano.log
instance030.txt,base,OK,0,310.743424444,0.088044475321317,-1681159.402233014,-1681160.0,OPTIMAL,-1682639.5702080252,9262.0,2988285.0,0.46,23763.0,16561.0,57555.0,19786.0,14457.0,51028.0,16.736102343980136,12.704546826882435,11.340456954217705,3,Model contains large bounds | Model contains large matrix coefficient range | Model contains large rhs,0.0005,10000000000.0,0.0005,100.0,5.0,10000000000.0,1.0,10000000000.0,,,,,,,,,0.0,310.743424444,1.0,1.0,1.0,0.0,0.0,0.0,,,0.0,,,,328683525.793389,,,430.484618,,0.030227,9.190635,430.484618,1.0,0.02557987759502,,,,,,,,BASE,BASE,,,,,,6.52050724089298e-10,1.4210854715202e-14,9.77888703346252e-09,3.72529029846191e-09,125584.652852574,7.30460387333163,6147946.76575819,15348205.8504745,3.63797880709171e-12,1.86264514923096e-09,2.37494532484561e-07,0.0,0.0,0.0,0.0,0.0,0.0,0.0,0.0,0.0,0.0,-1681159.40223301,38.3724689104175,12132.5503755866,15348205.8504745,0.0,0.0,0.0,1680.0,491.0,762.0,0.0,0.0,0.0,0.0,-1681159.40223301,,,,,,BASE,0.0,0,/clusteruy/home/mathiasr/generator-aware-row-scaling/results-revision/plano-control/full-gurobi-01pct/resultados/instance030_base.csv,/clusteruy/home/mathiasr/generator-aware-row-scaling/results-revision/plano-control/full-gurobi-01pct/resultados/instance030_base_postprocesado.csv,/clusteruy/home/mathiasr/generator-aware-row-scaling/results-revision/plano-control/full-gurobi-01pct/logs/instance030_base.log
instance030.txt,estructurado,OK,0,249.674855365,0.095650870850939,-1681234.982475267,-1681230.0,OPTIMAL,-1682843.0983770553,26844.0,2849293.0,0.49,23763.0,16561.0,57555.0,19796.0,14460.0,51090.0,16.694020115305307,12.686431978745246,11.232733906697941,1,Model contains large bounds,9e-06,100000.0,0.0005,100.0,0.7,2000000.0,1.0,10000000000.0,0.0005555555555555556,1.0,0.0014285714285714286,1.0,26780000000000.0,221100000000.0,1.0,1.5,0.120111838,249.79496720300003,1.244592387926785,1.244592387926785,1.243993936000597,0.120111838,0.00048107302525281665,-0.007606395529622001,-75.58024225290865,-4.495721354710241e-05,-70.0,-4.1637916676580455e-05,0.0005555555555555556,0.008256161314413741,5054445.0,,0.015377847088013872,315.0,,0.0,10.0,315.0,1.366617834920635,0.018637498315697,,,,,,,,OK,REVISAR,1.14180147647858e-06,0.0,3.026798367500305e-09,15348205.8504745,0.0,3.49407000254826e-09,2.8421709430404e-14,1.0780990123749e-07,5.58793544769287e-09,125194.371125567,7.32443656540254,6122120.36653356,15348205.8504745,2.38418579101562e-07,1.86264514923096e-09,1.14180147647858e-06,1.51943580789084e-08,0.0,0.0,0.0,0.0,2.0,0.0,0.0,0.0,0.0,-1681234.98247527,40.1841901062439,12079.5150903021,15348205.8504745,1.51943580789084e-08,0.0,0.0,1717.0,492.0,761.0,0.0,0.0,0.0,0.0,-1681234.98247527,-1681234.98247527,-75.58024225593545,4.495721354890283e-05,mejora,-203.5281690300908,DIFIERE,10630000.0,4452,/clusteruy/home/mathiasr/generator-aware-row-scaling/results-revision/plano-control/full-gurobi-01pct/resultados/instance030_estructurado.csv,/clusteruy/home/mathiasr/generator-aware-row-scaling/results-revision/plano-control/full-gurobi-01pct/resultados/instance030_estructurado_postprocesado.csv,/clusteruy/home/mathiasr/generator-aware-row-scaling/results-revision/plano-control/full-gurobi-01pct/logs/instance030_estructurado.log
instance030.txt,estructurado_solo_local,OK,0,249.974218011,0.095650870850939,-1681234.982475267,-1681230.0,OPTIMAL,-1682843.0983770553,26844.0,2849293.0,0.49,23763.0,16561.0,57555.0,19796.0,14460.0,51090.0,16.694020115305307,12.686431978745246,11.232733906697941,1,Model contains large bounds,9e-06,100000.0,0.0005,100.0,0.7,2000000.0,1.0,10000000000.0,0.0005555555555555556,1.0,0.0014285714285714286,1.0,26780000000000.0,221100000000.0,1.0,1.5,0.119690166,250.093908177,1.2431018963336686,1.2431018963336686,1.24250697151758,0.119690166,0.00047881004270101604,-0.007606395529622001,-75.58024225290865,-4.495721354710241e-05,-70.0,-4.1637916676580455e-05,0.0005555555555555556,0.008256161314413741,5054445.0,,0.015377847088013872,315.0,,0.0,10.0,315.0,1.366617834920635,0.018682265497556,,,,,,,,OK,REVISAR,1.14180147647858e-06,0.0,3.026798367500305e-09,15348205.8504745,0.0,3.49407000254826e-09,2.8421709430404e-14,1.0780990123749e-07,5.58793544769287e-09,125194.371125567,7.32443656540254,6122120.36653356,15348205.8504745,2.38418579101562e-07,1.86264514923096e-09,1.14180147647858e-06,1.51943580789084e-08,0.0,0.0,0.0,0.0,2.0,0.0,0.0,0.0,0.0,-1681234.98247527,40.1841901062439,12079.5150903021,15348205.8504745,1.51943580789084e-08,0.0,0.0,1717.0,492.0,761.0,0.0,0.0,0.0,0.0,-1681234.98247527,-1681234.98247527,-75.58024225593545,4.495721354890283e-05,mejora,-203.5281690300908,DIFIERE,10630000.0,4452,/clusteruy/home/mathiasr/generator-aware-row-scaling/results-revision/plano-control/full-gurobi-01pct/resultados/instance030_estructurado_solo_local.csv,/clusteruy/home/mathiasr/generator-aware-row-scaling/results-revision/plano-control/full-gurobi-01pct/resultados/instance030_estructurado_solo_local_postprocesado.csv,/clusteruy/home/mathiasr/generator-aware-row-scaling/results-revision/plano-control/full-gurobi-01pct/logs/instance030_estructurado_solo_local.log
instance030.txt,estructurado_plano,OK,0,302.933044962,0.099537300092536,-1680707.1759360584,-1680710.0,OPTIMAL,-1682380.1064814467,27786.0,5076295.0,0.49,23763.0,16561.0,57555.0,19796.0,14460.0,51090.0,16.694020115305307,12.686431978745246,11.232733906697941,1,Model contains large bounds,9e-06,100000.0,0.0005,100.0,0.7,100000.0,1.0,10000000000.0,0.0005555555555555556,1.0,7.142857142857143e-05,1.0,26780000000000.0,13280000000.0,0.0,0.0,0.041604294,302.974649256,1.025782527234623,1.025782527234623,1.0256416674037825,0.041604294,0.00013733824913428924,-0.011492824771219004,452.2262969557196,0.00026899667952666847,450.0,0.00026767232149230293,0.0005555555555555556,0.0004958924570575056,7325058.0,,0.022286051551620945,394.0,,0.0,11.0,394.0,1.0926005532994925,0.01861885021701,,,,,,,,OK,REVISAR,4.06894832849503e-06,0.0,1.6298145055770874e-09,12292511.8675334,0.0,3.95067137005562e-09,4.77839989798629e-14,1.16191804409029e-07,5.58793544769287e-09,93565.774784781,7.90309875972786,4800784.59546572,12292511.8675334,2.38418579101562e-07,1.86264514923096e-09,4.06894832849503e-06,2.30636789094481e-10,0.0,0.0,0.0,0.0,2.0,0.0,0.0,0.0,0.0,-1680707.17593606,1310.55561286084,12114.7594806949,12292511.8675334,2.30636789094481e-10,0.0,0.0,2159.0,494.0,767.0,0.0,0.0,0.0,0.0,-1680707.17593606,-1680707.17593606,452.2262969540898,0.00026899667952569897,empeora,259.46372657851316,DIFIERE,10630000.0,5198,/clusteruy/home/mathiasr/generator-aware-row-scaling/results-revision/plano-control/full-gurobi-01pct/resultados/instance030_estructurado_plano.csv,/clusteruy/home/mathiasr/generator-aware-row-scaling/results-revision/plano-control/full-gurobi-01pct/resultados/instance030_estructurado_plano_postprocesado.csv,/clusteruy/home/mathiasr/generator-aware-row-scaling/results-revision/plano-control/full-gurobi-01pct/logs/instance030_estructurado_plano.log
instance030.txt,estructurado_matricial,OK,0,346.574606167,0.099445009660983,-1680804.8472145023,-1680800.0,OPTIMAL,-1682476.323757197,37867.0,5749186.0,0.48,23763.0,16561.0,57555.0,19787.0,14458.0,51031.0,16.731894121112653,12.698508544170037,11.335244548692556,1,Model contains large bounds,9e-06,100000.0,0.0005,100.0,0.5,300000000.0,1.0,10000000000.0,0.0005555555555555556,1.0,0.3,1.0,26780000000000.0,34840000000000.0,1.0,1.001,0.124950027,346.699556194,0.896613366688111,0.896613366688111,0.8962902285058586,0.124950027,0.0003605285118315672,-0.011400534339666007,354.5550185118336,0.00021089910810414108,360.0,0.00021413785719384234,0.0005555555555555556,1.3009708737864079,19143422.0,,0.05824271829198274,463.0,,0.0,10.0,463.0,0.929772393088553,0.019262347747806,,,,,,,,OK,REVISAR,4.76837158203125e-07,0.0,2.3283064365386963e-09,15348205.8504745,0.0,1.34611703263951e-09,2.8421709430404e-14,2.98023223876953e-08,5.58793544769287e-09,124998.353165626,7.21680798898569,6118150.33215022,15348205.8504745,1.63709046319127e-11,0.0,4.76837158203125e-07,0.0,0.0,0.0,0.0,0.0,0.0,0.0,0.0,0.0,0.0,-1680804.8472145,483.740070094158,12087.2849861989,15348205.8504745,0.0,0.0,0.0,1708.0,488.0,763.0,0.0,0.0,0.0,0.0,-1680804.8472145,-1680804.8472145,354.55501851416193,0.000210899108105526,empeora,163.2464508281555,DIFIERE,10630000.0,3724,/clusteruy/home/mathiasr/generator-aware-row-scaling/results-revision/plano-control/full-gurobi-01pct/resultados/instance030_estructurado_matricial.csv,/clusteruy/home/mathiasr/generator-aware-row-scaling/results-revision/plano-control/full-gurobi-01pct/resultados/instance030_estructurado_matricial_postprocesado.csv,/clusteruy/home/mathiasr/generator-aware-row-scaling/results-revision/plano-control/full-gurobi-01pct/logs/instance030_estructurado_matricial.log
instance030.txt,matricial_solo_local,OK,0,344.822246124,0.099445009660983,-1680804.8472145023,-1680800.0,OPTIMAL,-1682476.323757197,37867.0,5749186.0,0.48,23763.0,16561.0,57555.0,19787.0,14458.0,51031.0,16.731894121112653,12.698508544170037,11.335244548692556,1,Model contains large bounds,9e-06,100000.0,0.0005,100.0,0.5,300000000.0,1.0,10000000000.0,0.0005555555555555556,1.0,0.3,1.0,26780000000000.0,34840000000000.0,1.0,1.001,0.122866194,344.945112318,0.9011698866211055,0.9011698866211055,0.9008488984112061,0.122866194,0.0003563174806181636,-0.011400534339666007,354.5550185118336,0.00021089910810414108,360.0,0.00021413785719384234,0.0005555555555555556,1.3009708737864079,19143422.0,,0.05824271829198274,463.0,,0.0,10.0,463.0,0.929772393088553,0.01916675880807,,,,,,,,OK,REVISAR,4.76837158203125e-07,0.0,2.3283064365386963e-09,15348205.8504745,0.0,1.34611703263951e-09,2.8421709430404e-14,2.98023223876953e-08,5.58793544769287e-09,124998.353165626,7.21680798898569,6118150.33215022,15348205.8504745,1.63709046319127e-11,0.0,4.76837158203125e-07,0.0,0.0,0.0,0.0,0.0,0.0,0.0,0.0,0.0,0.0,-1680804.8472145,483.740070094158,12087.2849861989,15348205.8504745,0.0,0.0,0.0,1708.0,488.0,763.0,0.0,0.0,0.0,0.0,-1680804.8472145,-1680804.8472145,354.55501851416193,0.000210899108105526,empeora,163.2464508281555,DIFIERE,10630000.0,3724,/clusteruy/home/mathiasr/generator-aware-row-scaling/results-revision/plano-control/full-gurobi-01pct/resultados/instance030_matricial_solo_local.csv,/clusteruy/home/mathiasr/generator-aware-row-scaling/results-revision/plano-control/full-gurobi-01pct/resultados/instance030_matricial_solo_local_postprocesado.csv,/clusteruy/home/mathiasr/generator-aware-row-scaling/results-revision/plano-control/full-gurobi-01pct/logs/instance030_matricial_solo_local.log
instance030.txt,matricial_plano,OK,0,460.235160637,0.099577107829625,-1680502.5054383513,-1680500.0,OPTIMAL,-1682175.9012302712,53508.0,7323230.0,0.48,23763.0,16561.0,57555.0,19787.0,14458.0,51031.0,16.731894121112653,12.698508544170037,11.335244548692556,1,Model contains large bounds,9e-06,100000.0,0.0005,100.0,0.5,300000000.0,1.0,10000000000.0,0.0005555555555555556,1.0,0.3,1.0,26780000000000.0,34840000000000.0,0.0,0.0,0.041498036,460.276658673,0.6751840168271973,0.6751840168271973,0.6751231429807639,0.041498036,9.016702666211684e-05,-0.011532632508308008,656.8967946628109,0.0003907403389531547,660.0,0.0003925860715220443,0.0005555555555555556,1.3009708737864079,29424508.0,,0.08952230851538416,587.0,,0.0,11.0,587.0,0.7333639148211244,0.016786168831292,,,,,,,,OK,REVISAR,2.39163637161255e-06,0.0,1.3969838619232178e-09,15348205.8504745,0.0,1.8219891734429e-09,2.8421709430404e-14,5.77419996261597e-08,7.45058059692383e-09,124898.01801604,7.20069583341667,6114506.34452606,15348205.8504745,1.37547718767761e-09,0.0,2.39163637161255e-06,9.39573709722996e-09,0.0,0.0,0.0,0.0,1.0,0.0,0.0,0.0,0.0,-1680502.50543835,1837.40846865826,12094.4173723542,15348205.8504745,9.39573709722996e-09,0.0,0.0,1710.0,486.0,764.0,0.0,0.0,0.0,0.0,-1680502.50543835,-1680502.50543835,656.8967946642078,0.00039074033895398564,empeora,463.66897775395773,DIFIERE,5280000.0,4249,/clusteruy/home/mathiasr/generator-aware-row-scaling/results-revision/plano-control/full-gurobi-01pct/resultados/instance030_matricial_plano.csv,/clusteruy/home/mathiasr/generator-aware-row-scaling/results-revision/plano-control/full-gurobi-01pct/resultados/instance030_matricial_plano_postprocesado.csv,/clusteruy/home/mathiasr/generator-aware-row-scaling/results-revision/plano-control/full-gurobi-01pct/logs/instance030_matricial_plano.log
instance031.txt,base,OK,0,240.377428176,0.089985786492815,-1238896.9779456393,-1238900.0,OPTIMAL,-1240011.8091350794,17086.0,2519531.0,0.41,23763.0,16561.0,57555.0,20054.0,14477.0,51172.0,15.608298615494677,12.583781172634502,11.090261489010512,3,Model contains large bounds | Model contains large matrix coefficient range | Model contains large rhs,0.0003,9000000000.0,0.0002,100.0,5.0,8000000000.0,1.0,10000000000.0,,,,,,,,,0.0,240.377428176,1.0,1.0,1.0,0.0,0.0,0.0,,,0.0,,,,17028294.299922,,,330.26594,,0.009866,8.440835,330.26594,1.0,0.013572358555444,,,,,,,,BASE,BASE,,,,,,9.37705283100145e-10,8.88178419700125e-16,2.23517417907715e-08,4.15581347112948e-08,183771.614463938,48.3884154095476,10709049.9205516,15926761.1629174,3.63797880709171e-12,0.0,5.81145286560059e-07,0.0,0.0,0.0,0.0,0.0,0.0,0.0,0.0,0.0,0.0,-1238896.97794564,117.508664726925,1713.9048958674,15926761.1629174,0.0,0.0,0.0,2881.0,203.0,1065.0,0.0,0.0,0.0,0.0,-1238896.97794564,,,,,,BASE,0.0,0,/clusteruy/home/mathiasr/generator-aware-row-scaling/results-revision/plano-control/full-gurobi-01pct/resultados/instance031_base.csv,/clusteruy/home/mathiasr/generator-aware-row-scaling/results-revision/plano-control/full-gurobi-01pct/resultados/instance031_base_postprocesado.csv,/clusteruy/home/mathiasr/generator-aware-row-scaling/results-revision/plano-control/full-gurobi-01pct/logs/instance031_base.log
instance031.txt,estructurado,OK,0,151.922583779,1.69e-13,-1238652.1306967714,-1238650.0,OPTIMAL,-1238652.1306967735,7132.0,616413.0,0.44,23763.0,16561.0,57555.0,20058.0,14482.0,51173.0,15.591465724024744,12.55358975907252,11.088524020502128,1,Model contains large bounds,1e-05,90000.0,0.0002,100.0,0.2,2000000.0,1.0,10000000000.0,0.0003,1.0,0.00625,1.0,26480000000000.0,209900000000.0,1.0,1.5,0.121877439,152.044461218,1.5822363087615348,1.5822363087615348,1.5809680027169748,0.121877439,0.0008022338481110463,0.08998578649264599,244.8472488678526,0.00019763326025208538,250.0,0.00020179191218015982,0.0003,0.007926737160120845,635581.0,,0.03732499502330726,162.0,,0.0,11.0,162.0,2.0386786419753085,0.020906318625336,,,,,,,,OK,REVISAR,3.79979610443115e-06,0.0,1.3969838619232178e-09,15896697.6933623,0.0,4.53807548144883e-09,2.38209452163558e-13,1.19209289550781e-07,5.58793544769287e-09,183425.164523077,46.9873484251215,10695913.7855625,15896697.6933623,9.5367431640625e-07,1.86264514923096e-09,3.79979610443115e-06,0.0,0.0,0.0,0.0,0.0,11.0,0.0,0.0,0.0,0.0,-1238652.13069677,117.508664726924,1718.63447829519,15896697.6933623,0.0,0.0,0.0,2891.0,187.0,1059.0,0.0,0.0,0.0,0.0,-1238652.13069677,-1238652.13069677,244.8472488692496,0.00019763326025321298,empeora,1359.6784383058548,DIFIERE,34080000.0,4061,/clusteruy/home/mathiasr/generator-aware-row-scaling/results-revision/plano-control/full-gurobi-01pct/resultados/instance031_estructurado.csv,/clusteruy/home/mathiasr/generator-aware-row-scaling/results-revision/plano-control/full-gurobi-01pct/resultados/instance031_estructurado_postprocesado.csv,/clusteruy/home/mathiasr/generator-aware-row-scaling/results-revision/plano-control/full-gurobi-01pct/logs/instance031_estructurado.log
instance031.txt,estructurado_solo_local,OK,0,151.979186404,1.69e-13,-1238652.1306967714,-1238650.0,OPTIMAL,-1238652.1306967735,7132.0,616413.0,0.44,23763.0,16561.0,57555.0,20058.0,14482.0,51173.0,15.591465724024744,12.55358975907252,11.088524020502128,1,Model contains large bounds,1e-05,90000.0,0.0002,100.0,0.2,2000000.0,1.0,10000000000.0,0.0003,1.0,0.00625,1.0,26480000000000.0,209900000000.0,1.0,1.5,0.12289121,152.102077614,1.5816470259092887,1.5816470259092887,1.5803691306967054,0.12289121,0.0008086055262417537,0.08998578649264599,244.8472488678526,0.00019763326025208538,250.0,0.00020179191218015982,0.0003,0.007926737160120845,635581.0,,0.03732499502330726,162.0,,0.0,11.0,162.0,2.0386786419753085,0.020924143953486,,,,,,,,OK,REVISAR,3.79979610443115e-06,0.0,1.3969838619232178e-09,15896697.6933623,0.0,4.53807548144883e-09,2.38209452163558e-13,1.19209289550781e-07,5.58793544769287e-09,183425.164523077,46.9873484251215,10695913.7855625,15896697.6933623,9.5367431640625e-07,1.86264514923096e-09,3.79979610443115e-06,0.0,0.0,0.0,0.0,0.0,11.0,0.0,0.0,0.0,0.0,-1238652.13069677,117.508664726924,1718.63447829519,15896697.6933623,0.0,0.0,0.0,2891.0,187.0,1059.0,0.0,0.0,0.0,0.0,-1238652.13069677,-1238652.13069677,244.8472488692496,0.00019763326025321298,empeora,1359.6784383058548,DIFIERE,34080000.0,4061,/clusteruy/home/mathiasr/generator-aware-row-scaling/results-revision/plano-control/full-gurobi-01pct/resultados/instance031_estructurado_solo_local.csv,/clusteruy/home/mathiasr/generator-aware-row-scaling/results-revision/plano-control/full-gurobi-01pct/resultados/instance031_estructurado_solo_local_postprocesado.csv,/clusteruy/home/mathiasr/generator-aware-row-scaling/results-revision/plano-control/full-gurobi-01pct/logs/instance031_estructurado_solo_local.log
instance031.txt,estructurado_plano,OK,0,140.925440303,0.096518952090827,-1238743.5239796157,-1238740.0,OPTIMAL,-1239939.1462480538,7423.0,1029807.0,0.44,23763.0,16561.0,57555.0,20058.0,14482.0,51173.0,15.591465724024744,12.55358975907252,11.088524020502128,1,Model contains large bounds,1e-05,90000.0,0.0002,100.0,0.2,80000.0,1.0,10000000000.0,0.0003,1.0,0.00025,1.0,26480000000000.0,8779000000.0,0.0,0.0,0.041052577,140.96649287999998,1.705706419360273,1.705706419360273,1.7052096797259841,0.041052577,0.000291307069268217,-0.0065331655980120085,153.45396602363326,0.00012386337908265247,160.0,0.00012914682379530228,0.0003,0.0003315332326283988,1100800.0,,0.06464534736195171,168.0,,0.0,13.0,168.0,1.9658686904761904,0.021696562016994,,,,,,,,OK,REVISAR,4.17232513427734e-05,0.0,4.423782229423523e-09,15466847.2109875,0.0,1.07438463882945e-08,1.28572708035789e-12,1.39698386192322e-07,5.27314841747284e-06,170951.950048375,52.2091920909821,10671472.8243061,15466847.2109875,4.17232513427734e-05,0.0,2.9444694519043e-05,1.65202835703701e-08,0.0,0.0,1.0,0.0,25.0,0.0,0.0,0.0,0.0,-1238743.52397962,433.156460730002,1901.08201604435,15466847.2109875,0.0,0.0,0.0,3203.0,198.0,1084.0,0.0,0.0,0.0,0.0,-1238743.52397962,-1238743.52397962,153.45396601920947,0.00012386337907908173,empeora,72.66288702562451,DIFIERE,18620000.0,5017,/clusteruy/home/mathiasr/generator-aware-row-scaling/results-revision/plano-control/full-gurobi-01pct/resultados/instance031_estructurado_plano.csv,/clusteruy/home/mathiasr/generator-aware-row-scaling/results-revision/plano-control/full-gurobi-01pct/resultados/instance031_estructurado_plano_postprocesado.csv,/clusteruy/home/mathiasr/generator-aware-row-scaling/results-revision/plano-control/full-gurobi-01pct/logs/instance031_estructurado_plano.log
instance031.txt,estructurado_matricial,OK,0,151.027759049,0.091624788511536,-1238897.2717924037,-1238900.0,OPTIMAL,-1240032.4087975586,4801.0,738189.0,0.44,23763.0,16561.0,57555.0,20055.0,14478.0,51175.0,15.604090392627194,12.577742889922106,11.085049083485362,1,Model contains large bounds,1e-05,90000.0,0.0002,100.0,0.03,300000000.0,1.0,10000000000.0,0.0003,1.0,6.25,1.0,26480000000000.0,31540000000000.0,1.0,1.001,0.1257252,151.153484249,1.5916109044431432,1.5916109044431432,1.5902870474359594,0.1257252,0.0008324641826884902,-0.0016390020187210114,-0.2938467643689364,-2.3718418044428382e-07,0.0,0.0,0.0003,1.1910876132930515,12276333.0,,0.7209373284120555,181.0,,0.0,11.0,181.0,1.8246737016574586,0.022415916181579,,,,,,,,OK,REVISAR,7.28294253349304e-07,0.0,3.725290298461914e-09,15926761.1629174,0.0,2.60599732459433e-09,3.19744231092045e-14,9.36863943934443e-08,7.45058059692383e-09,183922.904899235,48.057839391919,10709434.8801539,15926761.1629174,4.76837158203125e-07,0.0,7.28294253349304e-07,0.0,0.0,0.0,0.0,0.0,0.0,0.0,0.0,0.0,0.0,-1238897.2717924,117.508664726925,1713.89922072383,15926761.1629174,0.0,0.0,0.0,2882.0,203.0,1065.0,0.0,0.0,0.0,0.0,-1238897.2717924,-1238897.2717924,-0.2938467606436461,2.3718417743734267e-07,igual,-20.599662479246035,DIFIERE,5340000.0,2503,/clusteruy/home/mathiasr/generator-aware-row-scaling/results-revision/plano-control/full-gurobi-01pct/resultados/instance031_estructurado_matricial.csv,/clusteruy/home/mathiasr/generator-aware-row-scaling/results-revision/plano-control/full-gurobi-01pct/resultados/instance031_estructurado_matricial_postprocesado.csv,/clusteruy/home/mathiasr/generator-aware-row-scaling/results-revision/plano-control/full-gurobi-01pct/logs/instance031_estructurado_matricial.log
instance031.txt,matricial_solo_local,OK,0,150.320328519,0.091624788511536,-1238897.2717924037,-1238900.0,OPTIMAL,-1240032.4087975586,4801.0,738189.0,0.43,23763.0,16561.0,57555.0,20055.0,14478.0,51175.0,15.604090392627194,12.577742889922106,11.085049083485362,1,Model contains large bounds,1e-05,90000.0,0.0002,100.0,0.03,300000000.0,1.0,10000000000.0,0.0003,1.0,6.25,1.0,26480000000000.0,31540000000000.0,1.0,1.001,0.12270946,150.443037979,1.5991012695639306,1.5991012695639306,1.5977969562775896,0.12270946,0.000816319796590186,-0.0016390020187210114,-0.2938467643689364,-2.3718418044428382e-07,0.0,0.0,0.0003,1.1910876132930515,12276333.0,,0.7209373284120555,181.0,,0.0,11.0,181.0,1.8246737016574586,0.022222181933512,,,,,,,,OK,REVISAR,7.28294253349304e-07,0.0,3.725290298461914e-09,15926761.1629174,0.0,2.60599732459433e-09,3.19744231092045e-14,9.36863943934443e-08,7.45058059692383e-09,183922.904899235,48.057839391919,10709434.8801539,15926761.1629174,4.76837158203125e-07,0.0,7.28294253349304e-07,0.0,0.0,0.0,0.0,0.0,0.0,0.0,0.0,0.0,0.0,-1238897.2717924,117.508664726925,1713.89922072383,15926761.1629174,0.0,0.0,0.0,2882.0,203.0,1065.0,0.0,0.0,0.0,0.0,-1238897.2717924,-1238897.2717924,-0.2938467606436461,2.3718417743734267e-07,igual,-20.599662479246035,DIFIERE,5340000.0,2503,/clusteruy/home/mathiasr/generator-aware-row-scaling/results-revision/plano-control/full-gurobi-01pct/resultados/instance031_matricial_solo_local.csv,/clusteruy/home/mathiasr/generator-aware-row-scaling/results-revision/plano-control/full-gurobi-01pct/resultados/instance031_matricial_solo_local_postprocesado.csv,/clusteruy/home/mathiasr/generator-aware-row-scaling/results-revision/plano-control/full-gurobi-01pct/logs/instance031_matricial_solo_local.log
instance031.txt,matricial_plano,OK,0,137.635224887,0.096483969987057,-1238583.6643044874,-1238580.0,OPTIMAL,-1239778.6989954195,9679.0,1089022.0,0.44,23763.0,16561.0,57555.0,20055.0,14478.0,51175.0,15.604090392627194,12.577742889922106,11.085049083485362,1,Model contains large bounds,1e-05,90000.0,0.0002,100.0,0.03,300000000.0,1.0,10000000000.0,0.0003,1.0,6.25,1.0,26480000000000.0,31540000000000.0,0.0,0.0,0.041402266,137.676627153,1.7464818935221886,1.7464818935221886,1.7459566895757013,0.041402266,0.0003008115548471818,-0.006498183494241999,313.313641151879,0.00025289725193407216,320.0,0.00025829364759060456,0.0003,1.1910876132930515,14545175.0,,0.8541768625684738,167.0,,0.0,11.0,167.0,1.977640359281437,0.022742239438858,,,,,,,,OK,REVISAR,7.7858567237854e-07,0.0,2.561137080192566e-09,15926761.1629174,0.0,2.46335302603492e-09,9.09494701772928e-13,8.19563865661621e-08,4.76837158203125e-07,183817.755301001,47.5927271854904,10692983.2451247,15926761.1629174,4.76837158203125e-07,1.86264514923096e-09,7.7858567237854e-07,3.71367304646137e-08,0.0,0.0,0.0,0.0,0.0,0.0,0.0,0.0,0.0,-1238583.66430449,117.508664726925,1719.95728550537,15926761.1629174,3.71367304646137e-08,0.0,0.0,2815.0,203.0,1065.0,0.0,0.0,0.0,0.0,-1238583.66430449,-1238583.66430449,313.31364114931785,0.0002528972519320049,empeora,233.11013965983875,DIFIERE,9400000.0,4007,/clusteruy/home/mathiasr/generator-aware-row-scaling/results-revision/plano-control/full-gurobi-01pct/resultados/instance031_matricial_plano.csv,/clusteruy/home/mathiasr/generator-aware-row-scaling/results-revision/plano-control/full-gurobi-01pct/resultados/instance031_matricial_plano_postprocesado.csv,/clusteruy/home/mathiasr/generator-aware-row-scaling/results-revision/plano-control/full-gurobi-01pct/logs/instance031_matricial_plano.log
instance032.txt,base,OK,0,337.55363222,0.097062029435689,-1621612.356613841,-1621610.0,OPTIMAL,-1623186.3264767502,57994.0,3654441.0,0.45,23763.0,16561.0,57555.0,20103.0,14480.0,51520.0,15.402095694988006,12.565666324497313,10.485622448093128,3,Model contains large bounds | Model contains large matrix coefficient range | Model contains large rhs,0.0005,8000000000.0,0.0003,100.0,5.0,7000000000.0,1.0,10000000000.0,,,,,,,,,0.0,337.55363222,1.0,1.0,1.0,0.0,0.0,0.0,,,0.0,,,,42127010.899032,,,453.563783,,0.012567,7.770405,453.563783,1.0,0.010200497865909,,,,,,,,BASE,BASE,,,,,,1.63712027021674e-09,2.42028619368236e-15,6.57630153000361e-08,3.72529029846191e-09,226170.985387287,9.09355650613701,14669877.4356891,15611164.7623837,1.13686837721616e-13,0.0,5.10364770889282e-07,0.0,0.0,0.0,0.0,0.0,0.0,0.0,0.0,0.0,0.0,-1621612.35661384,117.657242213608,317.059847289172,15611164.7623837,0.0,0.0,0.0,2652.0,99.0,1021.0,0.0,0.0,0.0,0.0,-1621612.35661384,,,,,,BASE,0.0,0,/clusteruy/home/mathiasr/generator-aware-row-scaling/results-revision/plano-control/full-gurobi-01pct/resultados/instance032_base.csv,/clusteruy/home/mathiasr/generator-aware-row-scaling/results-revision/plano-control/full-gurobi-01pct/resultados/instance032_base_postprocesado.csv,/clusteruy/home/mathiasr/generator-aware-row-scaling/results-revision/plano-control/full-gurobi-01pct/logs/instance032_base.log
instance032.txt,estructurado,OK,0,172.962916837,0.092976417561058,-1621390.3303511722,-1621390.0,OPTIMAL,-1622897.8409950142,21566.0,958927.0,0.47,23763.0,16561.0,57555.0,20099.0,14482.0,51385.0,15.41892858645794,12.55358975907252,10.720180696724873,1,Model contains large bounds,1e-05,90000.0,0.0003,100.0,0.2,2000000.0,1.0,10000000000.0,0.0005625,1.0,0.007142857142857143,1.0,16880000000000.0,204600000000.0,1.0,1.5,0.12035784,173.083274677,1.9515953962438668,1.9515953962438668,1.9502383049426757,0.12035784,0.0006958592176924552,0.004085611874631009,222.0262626686599,0.00013691697757673885,220.0,0.0001356676389514125,0.0005625,0.012120853080568721,2389312.0,,0.05671686523704681,213.0,,0.0,9.0,213.0,2.1294074319248826,0.016075556414186,,,,,,,,OK,REVISAR,3.032386302948e-06,0.0,2.3283064365386963e-09,15622071.4475188,0.0,5.00454373375059e-09,6.25721696678729e-14,1.97435874724761e-07,7.45058059692383e-09,228963.114939585,8.4168155295815,15311655.8201897,15622071.4475188,1.19209289550781e-06,0.0,3.032386302948e-06,0.0,0.0,0.0,1.0,0.0,5.0,0.0,0.0,0.0,0.0,-1621390.33035117,106.504561134951,308.399247810768,15622071.4475188,0.0,0.0,0.0,2658.0,105.0,1012.0,0.0,0.0,0.0,0.0,-1621390.33035117,-1621390.33035117,222.02626267098822,0.00013691697757817466,empeora,288.4854817360174,DIFIERE,177300000.0,5649,/clusteruy/home/mathiasr/generator-aware-row-scaling/results-revision/plano-control/full-gurobi-01pct/resultados/instance032_estructurado.csv,/clusteruy/home/mathiasr/generator-aware-row-scaling/results-revision/plano-control/full-gurobi-01pct/resultados/instance032_estructurado_postprocesado.csv,/clusteruy/home/mathiasr/generator-aware-row-scaling/results-revision/plano-control/full-gurobi-01pct/logs/instance032_estructurado.log
instance032.txt,estructurado_solo_local,OK,0,173.661484627,0.092976417561058,-1621390.3303511722,-1621390.0,OPTIMAL,-1622897.8409950142,21566.0,958927.0,0.47,23763.0,16561.0,57555.0,20099.0,14482.0,51385.0,15.41892858645794,12.55358975907252,10.720180696724873,1,Model contains large bounds,1e-05,90000.0,0.0003,100.0,0.2,2000000.0,1.0,10000000000.0,0.0005625,1.0,0.007142857142857143,1.0,16880000000000.0,204600000000.0,1.0,1.5,0.120627633,173.78211226,1.9437449411711345,1.9437449411711345,1.9423957266382925,0.120627633,0.0006946136229290616,0.004085611874631009,222.0262626686599,0.00013691697757673885,220.0,0.0001356676389514125,0.0005625,0.012120853080568721,2389312.0,,0.05671686523704681,213.0,,0.0,9.0,213.0,2.1294074319248826,0.015935176635556,,,,,,,,OK,REVISAR,3.032386302948e-06,0.0,2.3283064365386963e-09,15622071.4475188,0.0,5.00454373375059e-09,6.25721696678729e-14,1.97435874724761e-07,7.45058059692383e-09,228963.114939585,8.4168155295815,15311655.8201897,15622071.4475188,1.19209289550781e-06,0.0,3.032386302948e-06,0.0,0.0,0.0,1.0,0.0,5.0,0.0,0.0,0.0,0.0,-1621390.33035117,106.504561134951,308.399247810768,15622071.4475188,0.0,0.0,0.0,2658.0,105.0,1012.0,0.0,0.0,0.0,0.0,-1621390.33035117,-1621390.33035117,222.02626267098822,0.00013691697757817466,empeora,288.4854817360174,DIFIERE,177300000.0,5649,/clusteruy/home/mathiasr/generator-aware-row-scaling/results-revision/plano-control/full-gurobi-01pct/resultados/instance032_estructurado_solo_local.csv,/clusteruy/home/mathiasr/generator-aware-row-scaling/results-revision/plano-control/full-gurobi-01pct/resultados/instance032_estructurado_solo_local_postprocesado.csv,/clusteruy/home/mathiasr/generator-aware-row-scaling/results-revision/plano-control/full-gurobi-01pct/logs/instance032_estructurado_solo_local.log
instance032.txt,estructurado_plano,OK,0,205.024104316,0.076986693240001,-1621542.0511244552,-1621540.0,OPTIMAL,-1622790.422729112,28035.0,1683754.0,0.47,23763.0,16561.0,57555.0,20099.0,14482.0,51385.0,15.41892858645794,12.55358975907252,10.720180696724873,1,Model contains large bounds,1e-05,90000.0,0.0003,100.0,0.2,70000.0,1.0,10000000000.0,0.0005625,1.0,0.00025,1.0,16880000000000.0,8222000000.0,0.0,0.0,0.041214179,205.065318495,1.6464094958304736,1.6464094958304736,1.6460785992353473,0.041214179,0.0002010211391362906,0.020075336195688007,70.30548938573338,4.3355299494967666e-05,70.0,4.316697602999488e-05,0.0005625,0.00048708530805687206,4438696.0,,0.10536460824715178,258.0,,0.0,7.0,258.0,1.7579991589147286,0.014297545276969,,,,,,,,OK,REVISAR,2.44379043579102e-06,0.0,4.889443516731262e-09,15429345.5767853,0.0,4.84363382997029e-09,5.6843418860808e-14,1.86038960237056e-07,5.58793544769287e-09,179974.507306357,10.3942440592805,13754308.257491,15429345.5767853,9.09494701772928e-13,0.0,2.44379043579102e-06,0.0,0.0,0.0,0.0,0.0,8.0,0.0,0.0,0.0,0.0,-1621542.05112446,117.657242213608,695.82842997089,15429345.5767853,0.0,0.0,0.0,2839.0,120.0,1023.0,0.0,0.0,0.0,0.0,-1621542.05112446,-1621542.05112446,70.30548938084394,4.335529949195249e-05,empeora,395.90374763822183,DIFIERE,35260000.0,5193,/clusteruy/home/mathiasr/generator-aware-row-scaling/results-revision/plano-control/full-gurobi-01pct/resultados/instance032_estructurado_plano.csv,/clusteruy/home/mathiasr/generator-aware-row-scaling/results-revision/plano-control/full-gurobi-01pct/resultados/instance032_estructurado_plano_postprocesado.csv,/clusteruy/home/mathiasr/generator-aware-row-scaling/results-revision/plano-control/full-gurobi-01pct/logs/instance032_estructurado_plano.log
instance032.txt,estructurado_matricial,OK,0,354.684946545,0.084386671435691,-1621508.441323103,-1621510.0,OPTIMAL,-1622876.7783237842,42306.0,1741425.0,0.47,23763.0,16561.0,57555.0,20103.0,14480.0,51521.0,15.402095694988006,12.565666324497313,10.483884979584746,1,Model contains large bounds,1e-05,90000.0,0.0003,100.0,0.03,300000000.0,1.0,10000000000.0,0.0005625,1.0,7.142857142857143,1.0,16880000000000.0,30530000000000.0,1.0,1.0,0.12525754,354.810204085,0.9516999114513407,0.9516999114513407,0.9513639357991351,0.12525754,0.0003531515538512097,0.012675357999998013,103.91529073799029,6.408146207949495e-05,100.0,6.16671086142784e-05,0.0005625,1.808649289099526,7550737.0,,0.17923742603284257,416.0,,0.0,7.0,416.0,1.0902975552884615,0.006796033235177,,,,,,,,OK,REVISAR,2.02655792236328e-06,0.0,3.026798367500305e-09,15611164.7623837,0.0,3.55059770879541e-09,3.87578857896572e-14,1.41561031341553e-07,5.58793544769287e-09,228617.394173111,8.87890218105571,15289125.1155486,15611164.7623837,2.39964492720901e-09,0.0,2.02655792236328e-06,0.0,0.0,0.0,0.0,0.0,3.0,0.0,0.0,0.0,0.0,-1621508.4413231,94.8392517520167,302.773308414471,15611164.7623837,0.0,0.0,0.0,2667.0,97.0,1020.0,0.0,0.0,0.0,0.0,-1621508.4413231,-1621508.4413231,103.91529074101709,6.408146208136148e-05,empeora,309.54815296595916,DIFIERE,191480000.0,5486,/clusteruy/home/mathiasr/generator-aware-row-scaling/results-revision/plano-control/full-gurobi-01pct/resultados/instance032_estructurado_matricial.csv,/clusteruy/home/mathiasr/generator-aware-row-scaling/results-revision/plano-control/full-gurobi-01pct/resultados/instance032_estructurado_matricial_postprocesado.csv,/clusteruy/home/mathiasr/generator-aware-row-scaling/results-revision/plano-control/full-gurobi-01pct/logs/instance032_estructurado_matricial.log
instance032.txt,matricial_solo_local,OK,0,356.100328894,0.084386671435691,-1621508.441323103,-1621510.0,OPTIMAL,-1622876.7783237842,42306.0,1741425.0,0.47,23763.0,16561.0,57555.0,20103.0,14480.0,51521.0,15.402095694988006,12.565666324497313,10.483884979584746,1,Model contains large bounds,1e-05,90000.0,0.0003,100.0,0.03,300000000.0,1.0,10000000000.0,0.0005625,1.0,7.142857142857143,1.0,16880000000000.0,30530000000000.0,1.0,1.0,0.123480286,356.22380918,0.9479172155453955,0.9479172155453955,0.9475886325426217,0.123480286,0.0003467570119452382,0.012675357999998013,103.91529073799029,6.408146207949495e-05,100.0,6.16671086142784e-05,0.0005625,1.808649289099526,7550737.0,,0.17923742603284257,416.0,,0.0,7.0,416.0,1.0902975552884615,0.00672001305196,,,,,,,,OK,REVISAR,2.02655792236328e-06,0.0,3.026798367500305e-09,15611164.7623837,0.0,3.55059770879541e-09,3.87578857896572e-14,1.41561031341553e-07,5.58793544769287e-09,228617.394173111,8.87890218105571,15289125.1155486,15611164.7623837,2.39964492720901e-09,0.0,2.02655792236328e-06,0.0,0.0,0.0,0.0,0.0,3.0,0.0,0.0,0.0,0.0,-1621508.4413231,94.8392517520167,302.773308414471,15611164.7623837,0.0,0.0,0.0,2667.0,97.0,1020.0,0.0,0.0,0.0,0.0,-1621508.4413231,-1621508.4413231,103.91529074101709,6.408146208136148e-05,empeora,309.54815296595916,DIFIERE,191480000.0,5486,/clusteruy/home/mathiasr/generator-aware-row-scaling/results-revision/plano-control/full-gurobi-01pct/resultados/instance032_matricial_solo_local.csv,/clusteruy/home/mathiasr/generator-aware-row-scaling/results-revision/plano-control/full-gurobi-01pct/resultados/instance032_matricial_solo_local_postprocesado.csv,/clusteruy/home/mathiasr/generator-aware-row-scaling/results-revision/plano-control/full-gurobi-01pct/logs/instance032_matricial_solo_local.log
instance032.txt,matricial_plano,OK,0,458.096251185,0.099072549751753,-1621631.015239797,-1621630.0,OPTIMAL,-1623237.6064341604,70510.0,3190520.0,0.47,23763.0,16561.0,57555.0,20103.0,14480.0,51521.0,15.402095694988006,12.565666324497313,10.483884979584746,1,Model contains large bounds,1e-05,90000.0,0.0003,100.0,0.03,300000000.0,1.0,10000000000.0,0.0005625,1.0,7.142857142857143,1.0,16880000000000.0,30530000000000.0,0.0,0.0,0.04142134,458.137672525,0.736861808728665,0.736861808728665,0.7367951872623618,0.04142134,9.042060460624067e-05,-0.002010520316063996,-18.658625956159085,-1.1506218412840027e-05,-20.0,-1.233342172285568e-05,0.0005625,1.808649289099526,8899342.0,,0.21125025987078735,585.0,,0.0,9.0,585.0,0.775322705982906,0.008660648985379,,,,,,,,OK,REVISAR,1.42678618431091e-06,0.0,3.026798367500305e-09,15611164.7623837,0.0,3.32645318343491e-09,5.6843418860808e-14,1.26659870147705e-07,7.45058059692383e-09,227618.950148286,8.42485796679029,14974451.6393333,15611164.7623837,1.2732925824821e-11,0.0,1.42678618431091e-06,0.0,0.0,0.0,0.0,0.0,2.0,0.0,0.0,0.0,0.0,-1621631.0152398,117.657242213608,309.630490877753,15611164.7623837,0.0,0.0,0.0,2665.0,96.0,1016.0,0.0,0.0,0.0,0.0,-1621631.0152398,-1621631.0152398,-18.658625959185883,1.1506218414706565e-05,mejora,-51.27995741018094,DIFIERE,81230000.0,4952,/clusteruy/home/mathiasr/generator-aware-row-scaling/results-revision/plano-control/full-gurobi-01pct/resultados/instance032_matricial_plano.csv,/clusteruy/home/mathiasr/generator-aware-row-scaling/results-revision/plano-control/full-gurobi-01pct/resultados/instance032_matricial_plano_postprocesado.csv,/clusteruy/home/mathiasr/generator-aware-row-scaling/results-revision/plano-control/full-gurobi-01pct/logs/instance032_matricial_plano.log
instance033.txt,base,OK,0,113.050125773,0.094429634327019,-826153.5754437045,-826154.0,OPTIMAL,-826933.7092439756,12128.0,705753.0,0.48,23763.0,16561.0,57555.0,19823.0,14477.0,51281.0,16.580398097883265,12.583781172634502,10.900877421596734,4,Model contains large bounds | Model contains large matrix coefficient range | Model contains large rhs | max constraint violation (1.7155e-06) exceeds tolerance,0.0007,10000000000.0,0.0001,100.0,5.0,9000000000.0,1.0,10000000000.0,,,,,,,,,0.0,113.050125773,1.0,1.0,1.0,0.0,0.0,0.0,,,0.0,,,,140493225.952648,,,156.665047,,0.007399,7.90423,156.665047,1.0,0.022387000660234,,,,,,,,BASE,BASE,,,,,,2.61915914101439e-09,2.42028619368236e-15,1.01565965451301e-07,1.86264514923096e-09,224319.966185761,1.94800620913851,14500624.1854272,16311960.7322905,2.00088834390044e-11,7.45058059692383e-09,1.71549618244171e-06,0.0,0.0,0.0,0.0,0.0,1.0,0.0,0.0,0.0,0.0,-826153.575443704,43.2584099306577,296.146265860254,16311960.7322905,0.0,0.0,0.0,2473.0,90.0,1024.0,0.0,0.0,0.0,0.0,-826153.575443704,,,,,,BASE,0.0,0,/clusteruy/home/mathiasr/generator-aware-row-scaling/results-revision/plano-control/full-gurobi-01pct/resultados/instance033_base.csv,/clusteruy/home/mathiasr/generator-aware-row-scaling/results-revision/plano-control/full-gurobi-01pct/resultados/instance033_base_postprocesado.csv,/clusteruy/home/mathiasr/generator-aware-row-scaling/results-revision/plano-control/full-gurobi-01pct/logs/instance033_base.log
instance033.txt,estructurado,OK,0,39.229439491,0.099988073622781,-826106.7424388758,-826107.0,OPTIMAL,-826932.7506567084,2620.0,117759.0,0.51,23763.0,16561.0,57555.0,19843.0,14478.0,51450.0,16.496233640533603,12.577742889922106,10.607245243679959,1,Model contains large bounds,9e-06,100000.0,0.0001,100.0,0.2,2000000.0,1.0,10000000000.0,0.0007777777777777777,1.0,0.005555555555555556,1.0,16770000000000.0,182000000000.0,1.0,1.5,0.120066917,39.349506408,2.8817675510998804,2.8817675510998804,2.8729744307546436,0.120066917,0.00306063299802042,-0.0055584392957620105,46.833004828658886,5.6688013246818136e-05,47.0,5.689011975975424e-05,0.0007777777777777777,0.010852713178294573,1683230.0,,0.011980862341130365,43.0,,0.0,7.0,43.0,3.6433731860465115,0.044455425793757,,,,,,,,OK,REVISAR,1.9073486328125e-06,0.0,1.1641532182693481e-10,16341558.8635795,0.0,5.44665231803294e-09,4.2632564145606e-14,2.22362577915194e-07,5.58793544769287e-09,224814.335850303,2.02214306470546,14503603.6878756,16341558.8635795,3.8198777474463e-11,0.0,1.9073486328125e-06,0.0,0.0,0.0,0.0,0.0,5.0,0.0,0.0,0.0,0.0,-826106.742438876,43.2584099306577,266.535254789706,16341558.8635795,0.0,0.0,0.0,2444.0,96.0,1028.0,0.0,0.0,0.0,0.0,-826106.742438876,-826106.742438876,46.83300482854247,5.668801324667722e-05,empeora,0.9585872672032565,DIFIERE,21480000.0,3975,/clusteruy/home/mathiasr/generator-aware-row-scaling/results-revision/plano-control/full-gurobi-01pct/resultados/instance033_estructurado.csv,/clusteruy/home/mathiasr/generator-aware-row-scaling/results-revision/plano-control/full-gurobi-01pct/resultados/instance033_estructurado_postprocesado.csv,/clusteruy/home/mathiasr/generator-aware-row-scaling/results-revision/plano-control/full-gurobi-01pct/logs/instance033_estructurado.log
instance033.txt,estructurado_solo_local,OK,0,39.409968699,0.099988073622781,-826106.7424388758,-826107.0,OPTIMAL,-826932.7506567084,2620.0,117759.0,0.52,23763.0,16561.0,57555.0,19843.0,14478.0,51450.0,16.496233640533603,12.577742889922106,10.607245243679959,1,Model contains large bounds,9e-06,100000.0,0.0001,100.0,0.2,2000000.0,1.0,10000000000.0,0.0007777777777777777,1.0,0.005555555555555556,1.0,16770000000000.0,182000000000.0,1.0,1.5,0.120117607,39.530086305999994,2.868566748591926,2.868566748591926,2.859850213781115,0.120117607,0.0030478990713597776,-0.0055584392957620105,46.833004828658886,5.6688013246818136e-05,47.0,5.689011975975424e-05,0.0007777777777777777,0.010852713178294573,1683230.0,,0.011980862341130365,43.0,,0.0,7.0,43.0,3.6433731860465115,0.044419275261599,,,,,,,,OK,REVISAR,1.9073486328125e-06,0.0,1.1641532182693481e-10,16341558.8635795,0.0,5.44665231803294e-09,4.2632564145606e-14,2.22362577915194e-07,5.58793544769287e-09,224814.335850303,2.02214306470546,14503603.6878756,16341558.8635795,3.8198777474463e-11,0.0,1.9073486328125e-06,0.0,0.0,0.0,0.0,0.0,5.0,0.0,0.0,0.0,0.0,-826106.742438876,43.2584099306577,266.535254789706,16341558.8635795,0.0,0.0,0.0,2444.0,96.0,1028.0,0.0,0.0,0.0,0.0,-826106.742438876,-826106.742438876,46.83300482854247,5.668801324667722e-05,empeora,0.9585872672032565,DIFIERE,21480000.0,3975,/clusteruy/home/mathiasr/generator-aware-row-scaling/results-revision/plano-control/full-gurobi-01pct/resultados/instance033_estructurado_solo_local.csv,/clusteruy/home/mathiasr/generator-aware-row-scaling/results-revision/plano-control/full-gurobi-01pct/resultados/instance033_estructurado_solo_local_postprocesado.csv,/clusteruy/home/mathiasr/generator-aware-row-scaling/results-revision/plano-control/full-gurobi-01pct/logs/instance033_estructurado_solo_local.log
instance033.txt,estructurado_plano,OK,0,46.102253348,0.099341222148054,-826078.1721019925,-826078.0,OPTIMAL,-826898.808254057,2364.0,115158.0,0.52,23763.0,16561.0,57555.0,19843.0,14478.0,51450.0,16.496233640533603,12.577742889922106,10.607245243679959,1,Model contains large bounds,9e-06,100000.0,0.0001,100.0,0.2,80000.0,1.0,10000000000.0,0.0007777777777777777,1.0,0.00022222222222222223,1.0,16770000000000.0,11480000000.0,0.0,0.0,0.042587347,46.144840695,2.452160524988836,2.452160524988836,2.4498974115051935,0.042587347,0.0009237584696464195,-0.004911587821035013,75.40334171196446,9.127036903697643e-05,76.0,9.199253407960259e-05,0.0007777777777777777,0.0006845557543231961,2479243.0,,0.01764670846717981,49.0,,0.0,8.0,49.0,3.197245857142857,0.050886452112618,,,,,,,,OK,REVISAR,2.38418579101562e-06,0.0,4.656612873077393e-10,16341558.8635795,0.0,5.60103498311618e-09,4.61852778244065e-14,2.33538448810579e-07,5.58793544769287e-09,224848.371913958,2.02216941690997,14502986.6286211,16341558.8635795,2.11002770811319e-10,0.0,2.38418579101562e-06,0.0,0.0,0.0,0.0,0.0,4.0,0.0,0.0,0.0,0.0,-826078.172101993,43.2584099306577,262.266033935783,16341558.8635795,0.0,0.0,0.0,2453.0,94.0,1027.0,0.0,0.0,0.0,0.0,-826078.172101993,-826078.172101993,75.4033417114988,9.127036903641278e-05,empeora,34.900989918620326,DIFIERE,25160000.0,4109,/clusteruy/home/mathiasr/generator-aware-row-scaling/results-revision/plano-control/full-gurobi-01pct/resultados/instance033_estructurado_plano.csv,/clusteruy/home/mathiasr/generator-aware-row-scaling/results-revision/plano-control/full-gurobi-01pct/resultados/instance033_estructurado_plano_postprocesado.csv,/clusteruy/home/mathiasr/generator-aware-row-scaling/results-revision/plano-control/full-gurobi-01pct/logs/instance033_estructurado_plano.log
instance033.txt,estructurado_matricial,OK,0,97.365104392,0.092673272669868,-826057.5836133935,-826058.0,OPTIMAL,-826823.1182102656,9649.0,375220.0,0.5,23763.0,16561.0,57555.0,19835.0,14483.0,51347.0,16.529899423473466,12.547551476360123,10.786204500043437,1,Model contains large bounds,9e-06,100000.0,0.0001,100.0,0.03,400000000.0,1.0,10000000000.0,0.0007777777777777777,1.0,7.407407407407407,1.0,16770000000000.0,37570000000000.0,1.0,1.0,0.123923494,97.489027886,1.1610948961534597,1.1610948961534597,1.1596189666102381,0.123923494,0.0012727711306206144,0.0017563616571509982,95.99183031101711,0.00011619126656864315,96.0,0.00011620109567949801,0.0007777777777777777,2.24031007751938,7672809.0,,0.054613373335067786,120.0,,0.0,8.0,120.0,1.3055420583333333,0.023001521938578,,,,,,,,OK,REVISAR,3.814697265625e-06,0.0,4.656612873077393e-10,16311960.7322905,0.0,4.37061121683718e-09,3.89022147828616e-14,1.64692755788566e-07,1.86264514923096e-08,223059.304737494,2.04684800220696,14470487.3981574,16311960.7322905,3.814697265625e-06,0.0,1.45472586154938e-06,0.0,0.0,0.0,1.0,0.0,2.0,0.0,0.0,0.0,0.0,-826057.583613393,43.2441444094305,288.095348717645,16311960.7322905,0.0,0.0,0.0,2480.0,81.0,1031.0,0.0,0.0,0.0,0.0,-826057.583613393,-826057.583613393,95.99183031148277,0.0001161912665692068,empeora,110.59103370993398,DIFIERE,47790000.0,4613,/clusteruy/home/mathiasr/generator-aware-row-scaling/results-revision/plano-control/full-gurobi-01pct/resultados/instance033_estructurado_matricial.csv,/clusteruy/home/mathiasr/generator-aware-row-scaling/results-revision/plano-control/full-gurobi-01pct/resultados/instance033_estructurado_matricial_postprocesado.csv,/clusteruy/home/mathiasr/generator-aware-row-scaling/results-revision/plano-control/full-gurobi-01pct/logs/instance033_estructurado_matricial.log
instance033.txt,matricial_solo_local,OK,0,97.254491033,0.092673272669868,-826057.5836133935,-826058.0,OPTIMAL,-826823.1182102656,9649.0,375220.0,0.5,23763.0,16561.0,57555.0,19835.0,14483.0,51347.0,16.529899423473466,12.547551476360123,10.786204500043437,1,Model contains large bounds,9e-06,100000.0,0.0001,100.0,0.03,400000000.0,1.0,10000000000.0,0.0007777777777777777,1.0,7.407407407407407,1.0,16770000000000.0,37570000000000.0,1.0,1.0,0.123693297,97.37818433,1.16241547893804,1.16241547893804,1.160938936691304,0.123693297,0.0012718517745162934,0.0017563616571509982,95.99183031101711,0.00011619126656864315,96.0,0.00011620109567949801,0.0007777777777777777,2.24031007751938,7672809.0,,0.054613373335067786,120.0,,0.0,8.0,120.0,1.3055420583333333,0.022901463302139,,,,,,,,OK,REVISAR,3.814697265625e-06,0.0,4.656612873077393e-10,16311960.7322905,0.0,4.37061121683718e-09,3.89022147828616e-14,1.64692755788566e-07,1.86264514923096e-08,223059.304737494,2.04684800220696,14470487.3981574,16311960.7322905,3.814697265625e-06,0.0,1.45472586154938e-06,0.0,0.0,0.0,1.0,0.0,2.0,0.0,0.0,0.0,0.0,-826057.583613393,43.2441444094305,288.095348717645,16311960.7322905,0.0,0.0,0.0,2480.0,81.0,1031.0,0.0,0.0,0.0,0.0,-826057.583613393,-826057.583613393,95.99183031148277,0.0001161912665692068,empeora,110.59103370993398,DIFIERE,47790000.0,4613,/clusteruy/home/mathiasr/generator-aware-row-scaling/results-revision/plano-control/full-gurobi-01pct/resultados/instance033_matricial_solo_local.csv,/clusteruy/home/mathiasr/generator-aware-row-scaling/results-revision/plano-control/full-gurobi-01pct/resultados/instance033_matricial_solo_local_postprocesado.csv,/clusteruy/home/mathiasr/generator-aware-row-scaling/results-revision/plano-control/full-gurobi-01pct/logs/instance033_matricial_solo_local.log
instance033.txt,matricial_plano,OK,0,175.775074695,0.097488525215063,-826061.4884142962,-826061.0,OPTIMAL,-826866.8035767209,14503.0,663717.0,0.5,23763.0,16561.0,57555.0,19835.0,14483.0,51347.0,16.529899423473466,12.547551476360123,10.786204500043437,1,Model contains large bounds,9e-06,100000.0,0.0001,100.0,0.03,400000000.0,1.0,10000000000.0,0.0007777777777777777,1.0,7.407407407407407,1.0,16770000000000.0,37570000000000.0,0.0,0.0,0.040701666,175.815776361,0.6431521987355797,0.6431521987355797,0.6430033078537606,0.040701666,0.00023155539015201325,-0.003058890888044008,92.08702940831427,0.00011146478348030733,93.0,0.0001125698114395137,0.0007777777777777777,2.24031007751938,8964591.0,,0.0638079945791937,233.0,,0.0,8.0,233.0,0.6723821759656652,0.016418274314825,,,,,,,,OK,REVISAR,5.35696744918823e-06,0.0,2.3283064365386963e-10,16311960.7322905,0.0,5.72304940255372e-09,4.2632564145606e-14,2.1420419216156e-07,4.09781932830811e-08,222965.978519578,2.07383489754025,14472610.5677536,16311960.7322905,3.814697265625e-06,0.0,5.35696744918823e-06,0.0,0.0,0.0,1.0,0.0,5.0,0.0,0.0,0.0,0.0,-826061.488414296,43.2494939798906,296.878318274496,16311960.7322905,0.0,0.0,0.0,2476.0,85.0,1036.0,0.0,0.0,0.0,0.0,-826061.488414296,-826061.488414296,92.0870294085471,0.00011146478348058915,empeora,66.90566725470126,DIFIERE,53280000.0,4612,/clusteruy/home/mathiasr/generator-aware-row-scaling/results-revision/plano-control/full-gurobi-01pct/resultados/instance033_matricial_plano.csv,/clusteruy/home/mathiasr/generator-aware-row-scaling/results-revision/plano-control/full-gurobi-01pct/resultados/instance033_matricial_plano_postprocesado.csv,/clusteruy/home/mathiasr/generator-aware-row-scaling/results-revision/plano-control/full-gurobi-01pct/logs/instance033_matricial_plano.log
instance034.txt,base,OK,0,101.955870638,0.033759717046672,-2990364.024189591,-2990360.0,OPTIMAL,-2991373.562622823,6963.0,597644.0,0.44,23763.0,16561.0,57555.0,20955.0,14939.0,53874.0,11.816689811892438,9.794094559507275,6.395621579358874,3,Model contains large bounds | Model contains large matrix coefficient range | Model contains large rhs,0.0006,10000000000.0,0.0001,100.0,5.0,10000000000.0,1.0,10000000000.0,,,,,,,,,0.0,101.955870638,1.0,1.0,1.0,0.0,0.0,0.0,,,0.0,,,,1685381954328422.2,,,130.134823,,0.004593,10.360463,130.134823,1.0,0.028455503196041,,,,,,,,BASE,BASE,,,,,,1.84536963311347e-09,2.1316282072803e-14,5.96046447753906e-08,6.76969158064367e-07,217879.218470936,9.19324223363042,13634177.1452201,19418698.8313016,6.76969083457379e-07,0.0,9.94652509689331e-07,0.0,0.0,0.0,0.0,0.0,0.0,0.0,0.0,0.0,0.0,-2990364.02418959,1125.2418511279,4755.368183118,19418698.8313016,0.0,0.0,0.0,2513.0,192.0,909.0,0.0,0.0,0.0,0.0,-2990364.02418959,,,,,,BASE,0.0,0,/clusteruy/home/mathiasr/generator-aware-row-scaling/results-revision/plano-control/full-gurobi-01pct/resultados/instance034_base.csv,/clusteruy/home/mathiasr/generator-aware-row-scaling/results-revision/plano-control/full-gurobi-01pct/resultados/instance034_base_postprocesado.csv,/clusteruy/home/mathiasr/generator-aware-row-scaling/results-revision/plano-control/full-gurobi-01pct/logs/instance034_base.log
instance034.txt,estructurado,OK,0,33.735072149,0.059660367259504,-2989647.3671945217,-2989650.0,OPTIMAL,-2991431.001793554,736.0,187296.0,0.47,23763.0,16561.0,57555.0,20957.0,14941.0,53880.0,11.808273366157472,9.782017994082484,6.385196768308575,1,Model contains large bounds,9e-06,100000.0,0.0001,100.0,0.6,3000000.0,1.0,10000000000.0,0.0006666666666666665,1.0,0.0025,1.0,19560000000000.0,332200000000.0,1.0,1.5,0.121725464,33.856797613,3.0222514476235456,3.0222514476235456,3.011385536322903,0.121725464,0.003608276379619609,-0.025900650212832,716.6569950692356,0.00023965543635225296,710.0,0.00023742960713760215,0.0006666666666666665,0.016983640081799593,2384506.0,,1.414816382646128e-09,41.0,,0.0,10.0,41.0,3.174020073170732,0.081988228172771,,,,,,,,OK,REVISAR,2.52723693847656e-05,0.0,1.862645149230957e-09,19406389.1833249,0.0,7.73438423243175e-09,1.13686837721616e-13,1.63912773132324e-07,1.88127160072327e-07,205754.258101795,8.60954313263272,11488774.0702207,19406389.1833249,2.38418579101562e-07,1.86264514923096e-09,2.52723693847656e-05,4.56273555374752e-07,0.0,0.0,0.0,0.0,16.0,0.0,0.0,0.0,0.0,-2989647.36719452,92.986251205083,4748.8587252578,19406389.1833249,4.56273555374752e-07,0.0,0.0,2436.0,162.0,912.0,0.0,0.0,0.0,0.0,-2989647.36719452,-2989647.36719452,716.6569950710982,0.00023965543635287584,empeora,-57.43917073123157,DIFIERE,133610000.0,5185,/clusteruy/home/mathiasr/generator-aware-row-scaling/results-revision/plano-control/full-gurobi-01pct/resultados/instance034_estructurado.csv,/clusteruy/home/mathiasr/generator-aware-row-scaling/results-revision/plano-control/full-gurobi-01pct/resultados/instance034_estructurado_postprocesado.csv,/clusteruy/home/mathiasr/generator-aware-row-scaling/results-revision/plano-control/full-gurobi-01pct/logs/instance034_estructurado.log
instance034.txt,estructurado_solo_local,OK,0,34.218761185,0.059660367259504,-2989647.3671945217,-2989650.0,OPTIMAL,-2991431.001793554,736.0,187296.0,0.48,23763.0,16561.0,57555.0,20957.0,14941.0,53880.0,11.808273366157472,9.782017994082484,6.385196768308575,1,Model contains large bounds,9e-06,100000.0,0.0001,100.0,0.6,3000000.0,1.0,10000000000.0,0.0006666666666666665,1.0,0.0025,1.0,19560000000000.0,332200000000.0,1.0,1.5,0.121572833,34.340334018,2.97953131870516,2.97953131870516,2.9689830793305125,0.121572833,0.003552812223175753,-0.025900650212832,716.6569950692356,0.00023965543635225296,710.0,0.00023742960713760215,0.0006666666666666665,0.016983640081799593,2384506.0,,1.414816382646128e-09,41.0,,0.0,10.0,41.0,3.174020073170732,0.080926059516674,,,,,,,,OK,REVISAR,2.52723693847656e-05,0.0,1.862645149230957e-09,19406389.1833249,0.0,7.73438423243175e-09,1.13686837721616e-13,1.63912773132324e-07,1.88127160072327e-07,205754.258101795,8.60954313263272,11488774.0702207,19406389.1833249,2.38418579101562e-07,1.86264514923096e-09,2.52723693847656e-05,4.56273555374752e-07,0.0,0.0,0.0,0.0,16.0,0.0,0.0,0.0,0.0,-2989647.36719452,92.986251205083,4748.8587252578,19406389.1833249,4.56273555374752e-07,0.0,0.0,2436.0,162.0,912.0,0.0,0.0,0.0,0.0,-2989647.36719452,-2989647.36719452,716.6569950710982,0.00023965543635287584,empeora,-57.43917073123157,DIFIERE,133610000.0,5185,/clusteruy/home/mathiasr/generator-aware-row-scaling/results-revision/plano-control/full-gurobi-01pct/resultados/instance034_estructurado_solo_local.csv,/clusteruy/home/mathiasr/generator-aware-row-scaling/results-revision/plano-control/full-gurobi-01pct/resultados/instance034_estructurado_solo_local_postprocesado.csv,/clusteruy/home/mathiasr/generator-aware-row-scaling/results-revision/plano-control/full-gurobi-01pct/logs/instance034_estructurado_solo_local.log
instance034.txt,estructurado_plano,OK,0,33.580790484,0.042754868125236,-2990214.3795097987,-2990210.0,OPTIMAL,-2991492.84172442,603.0,170050.0,0.47,23763.0,16561.0,57555.0,20957.0,14941.0,53880.0,11.808273366157472,9.782017994082484,6.385196768308575,1,Model contains large bounds,9e-06,100000.0,0.0001,100.0,0.6,90000.0,1.0,10000000000.0,0.0006666666666666665,1.0,7.5e-05,1.0,19560000000000.0,11660000000.0,0.0,0.0,0.040552157,33.621342641,3.0361367069836604,3.0361367069836604,3.0324746910514078,0.040552157,0.0012075998335810945,-0.008995151078563995,149.64467979222536,5.0042295380001464e-05,150.0,5.016118460653567e-05,0.0006666666666666665,0.0005961145194274029,3308294.0,,1.96293427226012e-09,41.0,,0.0,11.0,41.0,3.174020073170732,0.08756728334813,,,,,,,,OK,REVISAR,2.6702880859375e-05,0.0,1.3969838619232178e-09,15733504.7059201,0.0,7.47538031722569e-09,1.13686837721616e-13,1.7508864402771e-07,1.84401869773865e-07,75886.7152861046,11.9727348338355,2614752.27788405,15733504.7059201,2.38418579101562e-07,0.0,2.6702880859375e-05,4.54693771102075e-07,0.0,0.0,0.0,0.0,14.0,0.0,0.0,0.0,0.0,-2990214.3795098,591.975060810764,4768.68664501206,15733504.7059201,4.54693771102075e-07,0.0,0.0,3254.0,190.0,907.0,0.0,0.0,0.0,0.0,-2990214.3795098,-2990214.3795098,149.64467979082838,5.004229537953431e-05,empeora,-119.2791015971452,DIFIERE,133060000.0,6295,/clusteruy/home/mathiasr/generator-aware-row-scaling/results-revision/plano-control/full-gurobi-01pct/resultados/instance034_estructurado_plano.csv,/clusteruy/home/mathiasr/generator-aware-row-scaling/results-revision/plano-control/full-gurobi-01pct/resultados/instance034_estructurado_plano_postprocesado.csv,/clusteruy/home/mathiasr/generator-aware-row-scaling/results-revision/plano-control/full-gurobi-01pct/logs/instance034_estructurado_plano.log
instance034.txt,estructurado_matricial,OK,0,29.118544806,0.066766710636082,-2989568.8423630255,-2989570.0,OPTIMAL,-2991564.8791412725,546.0,143764.0,0.47,23763.0,16561.0,57555.0,20956.0,14940.0,53880.0,11.812481589024955,9.78805627679488,6.385196768308575,1,Model contains large bounds,9e-06,100000.0,0.0001,100.0,0.4,300000000.0,1.0,10000000000.0,0.0006666666666666665,1.0,0.375,1.0,19560000000000.0,36360000000000.0,1.0,1.0,0.126023667,29.244568472999998,3.5014067947856913,3.5014067947856913,3.4863181767284614,0.126023667,0.004327952095120918,-0.03300699358941,795.1818265654147,0.0002659147248070958,790.0,0.0002641822389277545,0.0006666666666666665,1.8588957055214723,10618528.0,,6.300368870527742e-09,35.0,,0.0,9.0,35.0,3.7181378000000005,0.081239531384856,,,,,,,,OK,REVISAR,2.76565551757812e-05,0.0,4.6566128730773926e-09,19397856.5452768,0.0,4.79989492361248e-09,4.43534098337738e-14,1.28532992675901e-07,1.78813934326172e-07,205578.793875572,8.24344373944145,11329743.44973,19397856.5452768,4.76837158203125e-07,0.0,2.76565551757812e-05,5.25373289472268e-07,0.0,0.0,0.0,0.0,3.0,0.0,0.0,0.0,0.0,-2989568.84236303,107.762008210739,4744.34631164727,19397856.5452768,5.25373289472268e-07,0.0,0.0,2425.0,163.0,902.0,0.0,0.0,0.0,0.0,-2989568.84236303,-2989568.84236303,795.181826560758,0.00026591472480553863,empeora,-191.3165184496902,DIFIERE,128820000.0,5270,/clusteruy/home/mathiasr/generator-aware-row-scaling/results-revision/plano-control/full-gurobi-01pct/resultados/instance034_estructurado_matricial.csv,/clusteruy/home/mathiasr/generator-aware-row-scaling/results-revision/plano-control/full-gurobi-01pct/resultados/instance034_estructurado_matricial_postprocesado.csv,/clusteruy/home/mathiasr/generator-aware-row-scaling/results-revision/plano-control/full-gurobi-01pct/logs/instance034_estructurado_matricial.log
instance034.txt,matricial_solo_local,OK,0,29.188914489,0.066766710636082,-2989568.8423630255,-2989570.0,OPTIMAL,-2991564.8791412725,546.0,143764.0,0.46,23763.0,16561.0,57555.0,20956.0,14940.0,53880.0,11.812481589024955,9.78805627679488,6.385196768308575,1,Model contains large bounds,9e-06,100000.0,0.0001,100.0,0.4,300000000.0,1.0,10000000000.0,0.0006666666666666665,1.0,0.375,1.0,19560000000000.0,36360000000000.0,1.0,1.0,0.122080136,29.310994625,3.4929654775761745,3.4929654775761745,3.478417295025518,0.122080136,0.004182414390436019,-0.03300699358941,795.1818265654147,0.0002659147248070958,790.0,0.0002641822389277545,0.0006666666666666665,1.8588957055214723,10618528.0,,6.300368870527742e-09,35.0,,0.0,9.0,35.0,3.7181378000000005,0.080936550975965,,,,,,,,OK,REVISAR,2.76565551757812e-05,0.0,4.6566128730773926e-09,19397856.5452768,0.0,4.79989492361248e-09,4.43534098337738e-14,1.28532992675901e-07,1.78813934326172e-07,205578.793875572,8.24344373944145,11329743.44973,19397856.5452768,4.76837158203125e-07,0.0,2.76565551757812e-05,5.25373289472268e-07,0.0,0.0,0.0,0.0,3.0,0.0,0.0,0.0,0.0,-2989568.84236303,107.762008210739,4744.34631164727,19397856.5452768,5.25373289472268e-07,0.0,0.0,2425.0,163.0,902.0,0.0,0.0,0.0,0.0,-2989568.84236303,-2989568.84236303,795.181826560758,0.00026591472480553863,empeora,-191.3165184496902,DIFIERE,128820000.0,5270,/clusteruy/home/mathiasr/generator-aware-row-scaling/results-revision/plano-control/full-gurobi-01pct/resultados/instance034_matricial_solo_local.csv,/clusteruy/home/mathiasr/generator-aware-row-scaling/results-revision/plano-control/full-gurobi-01pct/resultados/instance034_matricial_solo_local_postprocesado.csv,/clusteruy/home/mathiasr/generator-aware-row-scaling/results-revision/plano-control/full-gurobi-01pct/logs/instance034_matricial_solo_local.log
instance034.txt,matricial_plano,OK,0,40.2367401,0.072434239062782,-2989431.9109364334,-2989430.0,OPTIMAL,-2991597.28319342,665.0,258115.0,0.47,23763.0,16561.0,57555.0,20956.0,14940.0,53880.0,11.812481589024955,9.78805627679488,6.385196768308575,1,Model contains large bounds,9e-06,100000.0,0.0001,100.0,0.4,300000000.0,1.0,10000000000.0,0.0006666666666666665,1.0,0.375,1.0,19560000000000.0,36360000000000.0,0.0,0.0,0.040864913,40.277605013,2.5338998732156237,2.5338998732156237,2.531329025275776,0.040864913,0.001015611923292961,-0.03867452201611,932.1132531575859,0.0003117056136368531,930.0,0.00031099934456052113,0.0006666666666666665,1.8588957055214723,11950720.0,,7.090808092081435e-09,58.0,,0.0,9.0,58.0,2.2437038448275866,0.060369282742998,,,,,,,,OK,REVISAR,1.19581818580627e-06,0.0,3.259629011154175e-09,19428218.3488259,0.0,3.2879900462919e-09,5.6843418860808e-14,1.19209289550781e-07,1.62050127983093e-07,205892.266914455,8.58222931409342,11513387.699555,19428218.3488259,4.76837158203125e-07,0.0,1.19581818580627e-06,1.00831190745036e-07,0.0,0.0,0.0,0.0,1.0,0.0,0.0,0.0,0.0,-2989431.91093643,106.328156689068,4760.40187350719,19428218.3488259,1.00831190745036e-07,0.0,0.0,2468.0,159.0,897.0,0.0,0.0,0.0,0.0,-2989431.91093643,-2989431.91093643,932.1132531608455,0.00031170561363794315,empeora,-223.72057059733197,DIFIERE,134400000.0,5180,/clusteruy/home/mathiasr/generator-aware-row-scaling/results-revision/plano-control/full-gurobi-01pct/resultados/instance034_matricial_plano.csv,/clusteruy/home/mathiasr/generator-aware-row-scaling/results-revision/plano-control/full-gurobi-01pct/resultados/instance034_matricial_plano_postprocesado.csv,/clusteruy/home/mathiasr/generator-aware-row-scaling/results-revision/plano-control/full-gurobi-01pct/logs/instance034_matricial_plano.log
instance035.txt,base,OK,0,3600.649486365,0.759054815694323,-2342462.699514102,-2342460.0,TIME_LIMIT,-2360243.275440607,327099.0,51424329.0,0.44,23763.0,16561.0,57555.0,19470.0,14058.0,50451.0,18.065900770104786,15.113821629128676,12.34297628355486,3,Model contains large bounds | Model contains large matrix coefficient range | Model contains large rhs,0.0006,10000000000.0,0.0007,100.0,5.0,10000000000.0,1.0,10000000000.0,,,,,,,,,0.0,3600.649486365,1.0,1.0,1.0,0.0,0.0,0.0,,,0.0,,,,140827696.501879,,,5027.96167,,0.057519,13.360685,5027.96167,1.0,0.021937170991239,,,,,,,,BASE,BASE,,,,,,2.17248310466423e-09,8.5265128291212e-14,8.5681676864624e-08,2.49594449996948e-07,299608.527984152,6.81828757141462,12761926.8159652,112829263.022307,7.27595761418343e-12,0.0,6.45406544208527e-07,0.0,0.0,0.0,0.0,0.0,0.0,0.0,0.0,0.0,0.0,-2342462.6995141,18.9943864038013,20326.9469121883,112829263.022307,0.0,0.0,0.0,512.0,400.0,998.0,0.0,0.0,0.0,0.0,-2342462.6995141,,,,,,BASE,0.0,0,/clusteruy/home/mathiasr/generator-aware-row-scaling/results-revision/plano-control/full-gurobi-01pct/resultados/instance035_base.csv,/clusteruy/home/mathiasr/generator-aware-row-scaling/results-revision/plano-control/full-gurobi-01pct/resultados/instance035_base_postprocesado.csv,/clusteruy/home/mathiasr/generator-aware-row-scaling/results-revision/plano-control/full-gurobi-01pct/logs/instance035_base.log
instance035.txt,estructurado,OK,0,3600.599404057,1.778872460729576,-2342622.3395074205,-2342620.0,TIME_LIMIT,-2384294.603163817,167672.0,43393071.0,0.46,23763.0,16561.0,57555.0,19470.0,14058.0,50452.0,18.065900770104786,15.113821629128676,12.341238815046477,1,Model contains large bounds,9e-06,100000.0,0.0007,100.0,0.4,3000000.0,1.0,10000000000.0,0.0006666666666666665,1.0,0.00375,1.0,20700000000000.0,385900000000.0,1.0,1.5,0.120622056,3600.7200261129997,1.0000139094362854,1.0000139094362854,0.999980409543789,0.120622056,3.350054878754029e-05,-1.019817645035253,-159.63999331835657,-6.815049535323262e-05,-160.0,-6.830426133210385e-05,0.0006666666666666665,0.018642512077294685,4254127.0,,0.030208028006360518,4532.0,,0.0,13.0,4532.0,1.1094354964695499,0.03289944102598,,,,,,,,OK,REVISAR,1.06990337371826e-05,0.0,4.656612873077393e-10,112829263.022306,0.0,5.23085389013058e-09,1.13686837721616e-13,1.47148966789246e-07,4.95463609695435e-07,299932.485777992,6.83936047678752,12761781.3015932,112829263.022306,7.27595761418343e-12,1.86264514923096e-09,1.06990337371826e-05,0.0,0.0,0.0,0.0,0.0,4.0,0.0,0.0,0.0,0.0,-2342622.33950742,18.995894134108,20326.9469121883,112829263.022306,0.0,0.0,0.0,511.0,401.0,1003.0,0.0,0.0,0.0,0.0,-2342622.33950742,-2342622.33950742,-159.6399933178909,6.815049535303384e-05,mejora,-24051.327723209746,DIFIERE,540000.0,2596,/clusteruy/home/mathiasr/generator-aware-row-scaling/results-revision/plano-control/full-gurobi-01pct/resultados/instance035_estructurado.csv,/clusteruy/home/mathiasr/generator-aware-row-scaling/results-revision/plano-control/full-gurobi-01pct/resultados/instance035_estructurado_postprocesado.csv,/clusteruy/home/mathiasr/generator-aware-row-scaling/results-revision/plano-control/full-gurobi-01pct/logs/instance035_estructurado.log
instance035.txt,estructurado_solo_local,OK,0,3600.626556973,1.778487942900066,-2342622.3395074205,-2342620.0,TIME_LIMIT,-2384285.5953632435,167845.0,43503222.0,0.46,23763.0,16561.0,57555.0,19470.0,14058.0,50452.0,18.065900770104786,15.113821629128676,12.341238815046477,1,Model contains large bounds,9e-06,100000.0,0.0007,100.0,0.4,3000000.0,1.0,10000000000.0,0.0006666666666666665,1.0,0.00375,1.0,20700000000000.0,385900000000.0,1.0,1.5,0.122040186,3600.748597159,1.0000063681672169,1.0000063681672169,0.9999724749475489,0.122040186,3.389415260620574e-05,-1.019433127205743,-159.63999331835657,-6.815049535323262e-05,-160.0,-6.830426133210385e-05,0.0006666666666666665,0.018642512077294685,4254127.0,,0.030208028006360518,4538.0,,0.0,13.0,4538.0,1.1079686359629792,0.032877861722757,,,,,,,,OK,REVISAR,1.06990337371826e-05,0.0,4.656612873077393e-10,112829263.022306,0.0,5.23085389013058e-09,1.13686837721616e-13,1.47148966789246e-07,4.95463609695435e-07,299932.485777992,6.83936047678752,12761781.3015932,112829263.022306,7.27595761418343e-12,1.86264514923096e-09,1.06990337371826e-05,0.0,0.0,0.0,0.0,0.0,4.0,0.0,0.0,0.0,0.0,-2342622.33950742,18.995894134108,20326.9469121883,112829263.022306,0.0,0.0,0.0,511.0,401.0,1003.0,0.0,0.0,0.0,0.0,-2342622.33950742,-2342622.33950742,-159.6399933178909,6.815049535303384e-05,mejora,-24042.319922636263,DIFIERE,540000.0,2596,/clusteruy/home/mathiasr/generator-aware-row-scaling/results-revision/plano-control/full-gurobi-01pct/resultados/instance035_estructurado_solo_local.csv,/clusteruy/home/mathiasr/generator-aware-row-scaling/results-revision/plano-control/full-gurobi-01pct/resultados/instance035_estructurado_solo_local_postprocesado.csv,/clusteruy/home/mathiasr/generator-aware-row-scaling/results-revision/plano-control/full-gurobi-01pct/logs/instance035_estructurado_solo_local.log
instance035.txt,estructurado_plano,OK,0,3600.653096311,1.397235602850021,-2341471.357576664,-2341470.0,TIME_LIMIT,-2374187.229015261,109947.0,36582005.0,0.46,23763.0,16561.0,57555.0,19470.0,14058.0,50452.0,18.065900770104786,15.113821629128676,12.341238815046477,1,Model contains large bounds,9e-06,100000.0,0.0007,100.0,0.4,90000.0,1.0,10000000000.0,0.0006666666666666665,1.0,0.0001125,1.0,20700000000000.0,12920000000.0,0.0,0.0,0.04193698,3600.695033291,0.9999989974191061,0.9999989974191061,0.9999873505182808,0.04193698,1.1647048154393424e-05,-0.638180787155698,991.3419374381192,0.0004232050045636815,990.0,0.0004226326169923926,0.0006666666666666665,0.0006241545893719807,11044536.0,,0.078425879811594,4549.0,,0.0,14.0,4549.0,1.1052894416355241,0.029265919092226,,,,,,,,OK,REVISAR,1.36473681777716e-06,0.0,4.190951585769653e-09,30792683.844062,0.0,4.93950898696368e-09,5.82076609134674e-11,1.4026532880962e-07,1.37835741043091e-07,101044.862811834,10.8240373188177,3600379.09656689,30792683.844062,2.38418579101562e-07,1.86264514923096e-09,1.36473681777716e-06,0.0,0.0,0.0,0.0,0.0,1.0,0.0,0.0,0.0,0.0,-2341471.35757666,1754.45566046423,21641.2918323788,30792683.844062,0.0,0.0,0.0,1170.0,463.0,999.0,0.0,0.0,0.0,0.0,-2341471.35757666,-2341471.35757666,991.3419374423102,0.00042320500456547057,empeora,-13943.953574653715,DIFIERE,9520000.0,4779,/clusteruy/home/mathiasr/generator-aware-row-scaling/results-revision/plano-control/full-gurobi-01pct/resultados/instance035_estructurado_plano.csv,/clusteruy/home/mathiasr/generator-aware-row-scaling/results-revision/plano-control/full-gurobi-01pct/resultados/instance035_estructurado_plano_postprocesado.csv,/clusteruy/home/mathiasr/generator-aware-row-scaling/results-revision/plano-control/full-gurobi-01pct/logs/instance035_estructurado_plano.log
instance035.txt,estructurado_matricial,OK,0,3600.612256755,0.910232889432776,-2342478.357718532,-2342480.0,TIME_LIMIT,-2363800.366158331,160438.0,43127156.0,0.45,23763.0,16561.0,57555.0,19470.0,14058.0,50452.0,18.065900770104786,15.113821629128676,12.341238815046477,1,Model contains large bounds,9e-06,100000.0,0.0007,100.0,0.1,300000000.0,1.0,10000000000.0,0.0006666666666666665,1.0,1.5,1.0,20700000000000.0,30840000000000.0,1.0,1.0,0.125795652,3600.738052407,1.00001033979983,1.00001033979983,0.9999754033643351,0.125795652,3.493729483478777e-05,-0.15117807373845304,-15.658204429782927,-6.684505342616945e-06,-20.0,-8.538032666512982e-06,0.0006666666666666665,1.489855072463768,15708127.0,,0.11154146087868741,4764.0,,0.0,15.0,4764.0,1.0554075713685978,0.029026121196149,,,,,,,,OK,REVISAR,3.39793041348457e-06,0.0,1.862645149230957e-09,112556755.098995,0.0,4.4855036961494e-09,1.13686837721616e-13,1.1784490197897e-07,1.26659870147705e-07,302139.761818705,6.82966616819526,12937868.9311233,112556755.098995,1.43003049255896e-08,0.0,3.39793041348457e-06,0.0,2.27373675443232e-13,0.0,0.0,0.0,5.0,0.0,0.0,0.0,0.0,-2342478.35771853,18.5405595814847,20326.9469121883,112556755.098995,0.0,2.27373675443232e-13,0.0,505.0,402.0,1004.0,0.0,0.0,0.0,0.0,-2342478.35771853,-2342478.35771853,-15.658204427920282,6.684505341821779e-06,mejora,-3557.090717723593,DIFIERE,23830000.0,4257,/clusteruy/home/mathiasr/generator-aware-row-scaling/results-revision/plano-control/full-gurobi-01pct/resultados/instance035_estructurado_matricial.csv,/clusteruy/home/mathiasr/generator-aware-row-scaling/results-revision/plano-control/full-gurobi-01pct/resultados/instance035_estructurado_matricial_postprocesado.csv,/clusteruy/home/mathiasr/generator-aware-row-scaling/results-revision/plano-control/full-gurobi-01pct/logs/instance035_estructurado_matricial.log
instance035.txt,matricial_solo_local,OK,0,3600.578923868,0.910232889432776,-2342478.357718532,-2342480.0,TIME_LIMIT,-2363800.366158331,160884.0,43303798.0,0.45,23763.0,16561.0,57555.0,19470.0,14058.0,50452.0,18.065900770104786,15.113821629128676,12.341238815046477,1,Model contains large bounds,9e-06,100000.0,0.0007,100.0,0.1,300000000.0,1.0,10000000000.0,0.0006666666666666665,1.0,1.5,1.0,20700000000000.0,30840000000000.0,1.0,1.0,0.122277158,3600.701201026,1.0000195975420876,1.0000195975420876,0.9999856376138666,0.122277158,3.3960415973507145e-05,-0.15117807373845304,-15.658204429782927,-6.684505342616945e-06,-20.0,-8.538032666512982e-06,0.0006666666666666665,1.489855072463768,15708127.0,,0.11154146087868741,4773.0,,0.0,15.0,4773.0,1.0534174879530693,0.029029784542265,,,,,,,,OK,REVISAR,3.39793041348457e-06,0.0,1.862645149230957e-09,112556755.098995,0.0,4.4855036961494e-09,1.13686837721616e-13,1.1784490197897e-07,1.26659870147705e-07,302139.761818705,6.82966616819526,12937868.9311233,112556755.098995,1.43003049255896e-08,0.0,3.39793041348457e-06,0.0,2.27373675443232e-13,0.0,0.0,0.0,5.0,0.0,0.0,0.0,0.0,-2342478.35771853,18.5405595814847,20326.9469121883,112556755.098995,0.0,2.27373675443232e-13,0.0,505.0,402.0,1004.0,0.0,0.0,0.0,0.0,-2342478.35771853,-2342478.35771853,-15.658204427920282,6.684505341821779e-06,mejora,-3557.090717723593,DIFIERE,23830000.0,4257,/clusteruy/home/mathiasr/generator-aware-row-scaling/results-revision/plano-control/full-gurobi-01pct/resultados/instance035_matricial_solo_local.csv,/clusteruy/home/mathiasr/generator-aware-row-scaling/results-revision/plano-control/full-gurobi-01pct/resultados/instance035_matricial_solo_local_postprocesado.csv,/clusteruy/home/mathiasr/generator-aware-row-scaling/results-revision/plano-control/full-gurobi-01pct/logs/instance035_matricial_solo_local.log
instance035.txt,matricial_plano,OK,0,3600.892223156,1.934224047083458,-2342374.3807114665,-2342370.0,TIME_LIMIT,-2387681.14925591,154668.0,36367042.0,0.44,23763.0,16561.0,57555.0,19470.0,14058.0,50452.0,18.065900770104786,15.113821629128676,12.341238815046477,1,Model contains large bounds,9e-06,100000.0,0.0007,100.0,0.1,300000000.0,1.0,10000000000.0,0.0006666666666666665,1.0,1.5,1.0,20700000000000.0,30840000000000.0,0.0,0.0,0.040762163,3600.932985319,0.9999325898205342,0.9999325898205342,0.9999212706942462,0.040762163,1.1320017505071013e-05,-1.1751692313891349,88.31880263565108,3.7703397648112424e-05,90.0,3.842114699930842e-05,0.0006666666666666665,1.489855072463768,13174781.0,,0.09355248525153725,4649.0,,0.0,13.0,4649.0,1.0815146633684662,0.032156809342198,,,,,,,,OK,REVISAR,1.20373442769051e-06,0.0,3.259629011154175e-09,112829263.022307,0.0,4.56403969812932e-09,7.8159700933611e-14,1.39265321195126e-07,2.88709998130798e-07,308699.912039975,6.89729694743586,12805241.5111938,112829263.022307,7.27595761418343e-12,0.0,1.20373442769051e-06,0.0,0.0,0.0,0.0,0.0,2.0,0.0,0.0,0.0,0.0,-2342374.38071147,18.3596319446807,20326.9469121883,112829263.022307,0.0,0.0,0.0,503.0,402.0,997.0,0.0,0.0,0.0,0.0,-2342374.38071147,-2342374.38071147,88.31880263239145,3.7703397646720884e-05,empeora,-27437.873815302737,DIFIERE,11390000.0,3526,/clusteruy/home/mathiasr/generator-aware-row-scaling/results-revision/plano-control/full-gurobi-01pct/resultados/instance035_matricial_plano.csv,/clusteruy/home/mathiasr/generator-aware-row-scaling/results-revision/plano-control/full-gurobi-01pct/resultados/instance035_matricial_plano_postprocesado.csv,/clusteruy/home/mathiasr/generator-aware-row-scaling/results-revision/plano-control/full-gurobi-01pct/logs/instance035_matricial_plano.log
instance042.txt,base,OK,0,229.133984285,0.099925667880295,-975098.1571188954,-975098.0,OPTIMAL,-976072.5304648849,3424.0,2499183.0,0.35,23763.0,16561.0,57555.0,19222.0,13911.0,48702.0,19.109540041240585,16.001449187850977,15.381808704717226,3,Model contains large bounds | Model contains large matrix coefficient range | Model contains large rhs,0.0003,8000000000.0,0.0001,100.0,5.0,7000000000.0,1.0,10000000000.0,,,,,,,,,0.0,229.133984285,1.0,1.0,1.0,0.0,0.0,0.0,,,0.0,,,,107506529.897226,,,332.350852,,0.019162,10.442548,332.350852,1.0,0.024725135077575,,,,,,,,BASE,BASE,,,,,,2.26644303705923e-09,5.6843418860808e-14,6.65895640850067e-08,2.35624611377716e-07,245578.706298283,60.584222275925,13213815.235269,78569869.6715264,7.15255737304688e-07,6.98491930961609e-10,9.5367431640625e-07,0.0,0.0,0.0,0.0,0.0,0.0,0.0,0.0,0.0,0.0,-975098.157118895,112.378678409853,12209.5293946081,78569869.6715264,0.0,0.0,0.0,2779.0,420.0,1113.0,0.0,0.0,0.0,0.0,-975098.157118895,,,,,,BASE,0.0,0,/clusteruy/home/mathiasr/generator-aware-row-scaling/results-revision/plano-control/full-gurobi-01pct/resultados/instance042_base.csv,/clusteruy/home/mathiasr/generator-aware-row-scaling/results-revision/plano-control/full-gurobi-01pct/resultados/instance042_base_postprocesado.csv,/clusteruy/home/mathiasr/generator-aware-row-scaling/results-revision/plano-control/full-gurobi-01pct/logs/instance042_base.log
instance042.txt,estructurado,OK,0,222.26711911,0.097952581711064,-975081.151653183,-975081.0,OPTIMAL,-976036.2688150053,12019.0,1574100.0,0.36,23763.0,16561.0,57555.0,19216.0,13912.0,48565.0,19.134789378445483,15.995410905138579,15.619841890365738,1,Model contains large bounds,1e-05,90000.0,0.0001,100.0,0.2,4000000.0,1.0,10000000000.0,0.00033749999999999996,1.0,0.014285714285714285,1.0,22800000000000.0,352200000000.0,1.0,1.5,0.119874069,222.386993179,1.0308946514558528,1.0308946514558528,1.0303389645660137,0.119874069,0.0005393243475688112,0.001973086169231003,17.00546571239829,1.7439747566177365e-05,17.0,1.7434145080802135e-05,0.00033749999999999996,0.015447368421052632,16039531.0,,0.14919587689541702,270.0,,0.0,9.0,270.0,1.2309290814814813,0.017381381838244,,,,,,,,OK,REVISAR,4.99933958053589e-06,0.0,0.0,77991466.0436117,0.0,5.32263121023307e-09,1.13686837721616e-13,1.86264514923096e-07,2.38418579101562e-07,244396.213738404,60.6088532118412,13155014.2466318,77991466.0436117,2.38418579101562e-07,0.0,4.99933958053589e-06,0.0,0.0,0.0,0.0,0.0,8.0,0.0,0.0,0.0,0.0,-975081.151653183,112.378678409853,12040.1010347847,77991466.0436117,0.0,0.0,0.0,2787.0,416.0,1120.0,0.0,0.0,0.0,0.0,-975081.151653183,-975081.151653183,17.00546571239829,1.7439747566177365e-05,empeora,36.26164987962693,DIFIERE,13790000.0,4866,/clusteruy/home/mathiasr/generator-aware-row-scaling/results-revision/plano-control/full-gurobi-01pct/resultados/instance042_estructurado.csv,/clusteruy/home/mathiasr/generator-aware-row-scaling/results-revision/plano-control/full-gurobi-01pct/resultados/instance042_estructurado_postprocesado.csv,/clusteruy/home/mathiasr/generator-aware-row-scaling/results-revision/plano-control/full-gurobi-01pct/logs/instance042_estructurado.log
instance042.txt,estructurado_solo_local,OK,0,222.147712502,0.097952581711064,-975081.151653183,-975081.0,OPTIMAL,-976036.2688150053,12019.0,1574100.0,0.36,23763.0,16561.0,57555.0,19216.0,13912.0,48565.0,19.134789378445483,15.995410905138579,15.619841890365738,1,Model contains large bounds,1e-05,90000.0,0.0001,100.0,0.2,4000000.0,1.0,10000000000.0,0.00033749999999999996,1.0,0.014285714285714285,1.0,22800000000000.0,352200000000.0,1.0,1.5,0.119182597,222.26689509899998,1.0314487675984378,1.0314487675984378,1.030895690439826,0.119182597,0.0005365015721191682,0.001973086169231003,17.00546571239829,1.7439747566177365e-05,17.0,1.7434145080802135e-05,0.00033749999999999996,0.015447368421052632,16039531.0,,0.14919587689541702,270.0,,0.0,9.0,270.0,1.2309290814814813,0.017240086020389,,,,,,,,OK,REVISAR,4.99933958053589e-06,0.0,0.0,77991466.0436117,0.0,5.32263121023307e-09,1.13686837721616e-13,1.86264514923096e-07,2.38418579101562e-07,244396.213738404,60.6088532118412,13155014.2466318,77991466.0436117,2.38418579101562e-07,0.0,4.99933958053589e-06,0.0,0.0,0.0,0.0,0.0,8.0,0.0,0.0,0.0,0.0,-975081.151653183,112.378678409853,12040.1010347847,77991466.0436117,0.0,0.0,0.0,2787.0,416.0,1120.0,0.0,0.0,0.0,0.0,-975081.151653183,-975081.151653183,17.00546571239829,1.7439747566177365e-05,empeora,36.26164987962693,DIFIERE,13790000.0,4866,/clusteruy/home/mathiasr/generator-aware-row-scaling/results-revision/plano-control/full-gurobi-01pct/resultados/instance042_estructurado_solo_local.csv,/clusteruy/home/mathiasr/generator-aware-row-scaling/results-revision/plano-control/full-gurobi-01pct/resultados/instance042_estructurado_solo_local_postprocesado.csv,/clusteruy/home/mathiasr/generator-aware-row-scaling/results-revision/plano-control/full-gurobi-01pct/logs/instance042_estructurado_solo_local.log
instance042.txt,estructurado_plano,OK,0,187.897319476,0.097934898654137,-975098.1624239055,-975098.0,OPTIMAL,-976053.1238210537,20212.0,2177647.0,0.36,23763.0,16561.0,57555.0,19216.0,13912.0,48565.0,19.134789378445483,15.995410905138579,15.619841890365738,1,Model contains large bounds,1e-05,90000.0,0.0001,100.0,0.2,80000.0,1.0,10000000000.0,0.00033749999999999996,1.0,0.00028571428571428574,1.0,22800000000000.0,7684000000.0,0.0,0.0,0.041115523,187.938434999,1.219463826966766,1.219463826966766,1.219197043362733,0.041115523,0.00021881910351175424,0.0019907692261579985,-0.005305010010488331,-5.440488192658416e-09,0.0,0.0,0.00033749999999999996,0.0003370175438596491,5220718.0,,0.048561868799884965,252.0,,0.0,10.0,252.0,1.3188525873015873,0.029669538572058,,,,,,,,OK,REVISAR,2.86108115687966e-06,0.0,4.656612873077393e-10,22516782.8415705,0.0,5.49100898430411e-09,1.45661260830821e-13,2.16066837310791e-07,2.34693288803101e-07,80819.9468671809,67.2961803839199,2693292.70538646,22516782.8415705,2.38418579101562e-07,0.0,2.86108115687966e-06,0.0,0.0,0.0,0.0,0.0,7.0,0.0,0.0,0.0,0.0,-975098.162423905,1752.88798237954,13073.1239751513,22516782.8415705,0.0,0.0,0.0,3347.0,452.0,1116.0,0.0,0.0,0.0,0.0,-975098.162423905,-975098.162423905,-0.005305009544827044,5.440487715105173e-09,igual,19.40664383128751,DIFIERE,3100000.0,2105,/clusteruy/home/mathiasr/generator-aware-row-scaling/results-revision/plano-control/full-gurobi-01pct/resultados/instance042_estructurado_plano.csv,/clusteruy/home/mathiasr/generator-aware-row-scaling/results-revision/plano-control/full-gurobi-01pct/resultados/instance042_estructurado_plano_postprocesado.csv,/clusteruy/home/mathiasr/generator-aware-row-scaling/results-revision/plano-control/full-gurobi-01pct/logs/instance042_estructurado_plano.log
instance042.txt,estructurado_matricial,OK,0,189.223205832,0.086118811931744,-975098.1624239072,-975098.0,OPTIMAL,-975937.9053765549,13163.0,1843746.0,0.36,23763.0,16561.0,57555.0,19222.0,13911.0,48703.0,19.109540041240585,16.001449187850977,15.380071236208844,1,Model contains large bounds,1e-05,90000.0,0.0001,100.0,0.05,300000000.0,1.0,10000000000.0,0.00033749999999999996,1.0,4.285714285714286,1.0,22800000000000.0,22980000000000.0,1.0,1.0,0.123367969,189.34657380099998,1.210919048102559,1.210919048102559,1.2101300788564355,0.123367969,0.0006519706103570144,0.013806855948550995,-0.005305011756718159,-5.440489983483078e-09,0.0,0.0,0.00033749999999999996,1.0078947368421052,19020729.0,,0.17692626688056454,263.0,,0.0,12.0,263.0,1.2636914524714828,0.036226925776927,,,,,,,,OK,REVISAR,2.45869159698486e-06,0.0,2.3283064365386963e-10,78569866.0973874,0.0,4.88641987595601e-09,9.56734691470674e-14,1.63912773132324e-07,2.60770320892334e-07,245583.467150117,60.5842222759249,13213815.235269,78569866.0973874,3.63797880709171e-11,4.65661287307739e-10,2.45869159698486e-06,0.0,0.0,0.0,0.0,0.0,12.0,0.0,0.0,0.0,0.0,-975098.162423907,112.378678409853,12209.5283483069,78569866.0973874,0.0,0.0,0.0,2780.0,420.0,1115.0,0.0,0.0,0.0,0.0,-975098.162423907,-975098.162423907,-0.005305011523887515,5.440489744706456e-09,igual,134.62508833000902,DIFIERE,3100000.0,132,/clusteruy/home/mathiasr/generator-aware-row-scaling/results-revision/plano-control/full-gurobi-01pct/resultados/instance042_estructurado_matricial.csv,/clusteruy/home/mathiasr/generator-aware-row-scaling/results-revision/plano-control/full-gurobi-01pct/resultados/instance042_estructurado_matricial_postprocesado.csv,/clusteruy/home/mathiasr/generator-aware-row-scaling/results-revision/plano-control/full-gurobi-01pct/logs/instance042_estructurado_matricial.log
instance042.txt,matricial_solo_local,OK,0,189.965131874,0.086118811931744,-975098.1624239072,-975098.0,OPTIMAL,-975937.9053765549,13163.0,1843746.0,0.37,23763.0,16561.0,57555.0,19222.0,13911.0,48703.0,19.109540041240585,16.001449187850977,15.380071236208844,1,Model contains large bounds,1e-05,90000.0,0.0001,100.0,0.05,300000000.0,1.0,10000000000.0,0.00033749999999999996,1.0,4.285714285714286,1.0,22800000000000.0,22980000000000.0,1.0,1.0,0.12118267,190.086314544,1.206189693995948,1.206189693995948,1.2054207312855312,0.12118267,0.0006379205952404887,0.013806855948550995,-0.005305011756718159,-5.440489983483078e-09,0.0,0.0,0.00033749999999999996,1.0078947368421052,19020729.0,,0.17692626688056454,263.0,,0.0,12.0,263.0,1.2636914524714828,0.036373088314013,,,,,,,,OK,REVISAR,2.45869159698486e-06,0.0,2.3283064365386963e-10,78569866.0973874,0.0,4.88641987595601e-09,9.56734691470674e-14,1.63912773132324e-07,2.60770320892334e-07,245583.467150117,60.5842222759249,13213815.235269,78569866.0973874,3.63797880709171e-11,4.65661287307739e-10,2.45869159698486e-06,0.0,0.0,0.0,0.0,0.0,12.0,0.0,0.0,0.0,0.0,-975098.162423907,112.378678409853,12209.5283483069,78569866.0973874,0.0,0.0,0.0,2780.0,420.0,1115.0,0.0,0.0,0.0,0.0,-975098.162423907,-975098.162423907,-0.005305011523887515,5.440489744706456e-09,igual,134.62508833000902,DIFIERE,3100000.0,132,/clusteruy/home/mathiasr/generator-aware-row-scaling/results-revision/plano-control/full-gurobi-01pct/resultados/instance042_matricial_solo_local.csv,/clusteruy/home/mathiasr/generator-aware-row-scaling/results-revision/plano-control/full-gurobi-01pct/resultados/instance042_matricial_solo_local_postprocesado.csv,/clusteruy/home/mathiasr/generator-aware-row-scaling/results-revision/plano-control/full-gurobi-01pct/logs/instance042_matricial_solo_local.log
instance042.txt,matricial_plano,OK,0,283.775243761,0.090376147951346,-974968.4938206098,-974968.0,OPTIMAL,-975849.6327890641,34182.0,3265911.0,0.37,23763.0,16561.0,57555.0,19222.0,13911.0,48703.0,19.109540041240585,16.001449187850977,15.380071236208844,1,Model contains large bounds,1e-05,90000.0,0.0001,100.0,0.05,300000000.0,1.0,10000000000.0,0.00033749999999999996,1.0,4.285714285714286,1.0,22800000000000.0,22980000000000.0,0.0,0.0,0.041389592,283.816633353,0.807448814943069,0.807448814943069,0.8073310629402476,0.041389592,0.00014585342770371813,0.009549519928948993,129.66329828568269,0.00013297461115996409,130.0,0.00013331993297083984,0.00033749999999999996,1.0078947368421052,34178730.0,,0.3179223627873967,393.0,,0.0,10.0,393.0,0.8456764681933842,0.014467972333977,,,,,,,,OK,REVISAR,1.01758632808924e-06,0.0,2.3283064365386963e-10,77556320.542673,0.0,3.27350328608351e-09,1.13686837721616e-13,1.19209289550781e-07,2.79396772384644e-07,242630.522728606,62.3285050076284,13101064.9748313,77556320.542673,1.45519152283669e-11,0.0,1.01758632808924e-06,0.0,0.0,0.0,0.0,0.0,1.0,0.0,0.0,0.0,0.0,-974968.49382061,112.377170679546,11912.6040887741,77556320.542673,0.0,0.0,0.0,2800.0,417.0,1120.0,0.0,0.0,0.0,0.0,-974968.49382061,-974968.49382061,129.66329828544986,0.00013297461115972532,empeora,222.89767582085915,DIFIERE,45710000.0,5409,/clusteruy/home/mathiasr/generator-aware-row-scaling/results-revision/plano-control/full-gurobi-01pct/resultados/instance042_matricial_plano.csv,/clusteruy/home/mathiasr/generator-aware-row-scaling/results-revision/plano-control/full-gurobi-01pct/resultados/instance042_matricial_plano_postprocesado.csv,/clusteruy/home/mathiasr/generator-aware-row-scaling/results-revision/plano-control/full-gurobi-01pct/logs/instance042_matricial_plano.log
instance043.txt,base,OK,0,425.104667934,0.099040180407076,-997224.944988734,-997225.0,OPTIMAL,-998212.5983733152,13768.0,4109438.0,0.46,23763.0,16561.0,57555.0,21186.0,14909.0,54322.0,10.84459032950385,9.975243040879175,5.617235687603162,3,Model contains large bounds | Model contains large matrix coefficient range | Model contains large rhs,0.0003,10000000000.0,0.0001,100.0,5.0,7000000000.0,1.0,10000000000.0,,,,,,,,,0.0,425.104667934,1.0,1.0,1.0,0.0,0.0,0.0,,,0.0,,,,2867886026810459.0,,,614.22843,,0.014781,12.332741,614.22843,1.0,0.017075944979157,,,,,,,,BASE,BASE,,,,,,1.46866862617916e-09,3.5527136788005e-14,3.17953526973753e-08,1.02445483207703e-08,179560.751857868,25.6590991769911,10885597.6769649,14690672.4217676,4.78350581367692e-09,4.65661287307739e-10,6.0349702835083e-07,0.0,0.0,0.0,0.0,0.0,0.0,0.0,0.0,0.0,0.0,-997224.944988734,73.1384894476904,11014.7447650537,14690672.4217676,0.0,0.0,0.0,2372.0,535.0,1059.0,0.0,0.0,0.0,0.0,-997224.944988734,,,,,,BASE,0.0,0,/clusteruy/home/mathiasr/generator-aware-row-scaling/results-revision/plano-control/full-gurobi-01pct/resultados/instance043_base.csv,/clusteruy/home/mathiasr/generator-aware-row-scaling/results-revision/plano-control/full-gurobi-01pct/resultados/instance043_base_postprocesado.csv,/clusteruy/home/mathiasr/generator-aware-row-scaling/results-revision/plano-control/full-gurobi-01pct/logs/instance043_base.log
instance043.txt,estructurado,OK,0,298.133482103,0.099637457094225,-997251.7025914999,-997252.0,OPTIMAL,-998245.3388287909,22216.0,2160475.0,0.48,23763.0,16561.0,57555.0,21186.0,14910.0,54318.0,10.84459032950385,9.969204758166777,5.624185561636695,1,Model contains large bounds,1e-05,100000.0,0.0001,100.0,2.0,4000000.0,1.0,10000000000.0,0.0003,1.0,0.0014285714285714286,1.0,28710000000000.0,367500000000.0,1.0,1.5,0.119529806,298.253011909,1.425887038702797,1.425887038702797,1.4253155909912611,0.119529806,0.0004009271456424492,-0.0005972766871489982,-26.757602765923366,-2.6832063217417466e-05,-27.0,-2.7075133495449874e-05,0.0003,0.012800417972831766,81780.0,,2.8515777557224698e-11,372.0,,0.0,13.0,372.0,1.6511516935483872,0.016160731836408,,,,,,,,OK,REVISAR,3.7848949432373e-06,0.0,1.1641532182693481e-10,14694863.5618206,0.0,5.1382883524795e-09,1.13686837721616e-13,1.42976641654972e-07,1.39698386192322e-08,180067.038984795,25.2468506288793,10951531.7272685,14694863.5618206,1.76121024158333e-09,0.0,3.7848949432373e-06,1.88426847597383e-08,0.0,0.0,0.0,0.0,11.0,0.0,0.0,0.0,0.0,-997251.7025915,73.1384894476915,11009.7286808742,14694863.5618206,1.88426847597383e-08,0.0,0.0,2368.0,529.0,1064.0,0.0,0.0,0.0,0.0,-997251.7025915,-997251.7025915,-26.75760276603978,2.6832063217534208e-05,mejora,-32.74045547575224,DIFIERE,12890000.0,4914,/clusteruy/home/mathiasr/generator-aware-row-scaling/results-revision/plano-control/full-gurobi-01pct/resultados/instance043_estructurado.csv,/clusteruy/home/mathiasr/generator-aware-row-scaling/results-revision/plano-control/full-gurobi-01pct/resultados/instance043_estructurado_postprocesado.csv,/clusteruy/home/mathiasr/generator-aware-row-scaling/results-revision/plano-control/full-gurobi-01pct/logs/instance043_estructurado.log
instance043.txt,estructurado_solo_local,OK,0,298.55216294,0.099637457094225,-997251.7025914999,-997252.0,OPTIMAL,-998245.3388287909,22216.0,2160475.0,0.48,23763.0,16561.0,57555.0,21186.0,14910.0,54318.0,10.84459032950385,9.969204758166777,5.624185561636695,1,Model contains large bounds,1e-05,100000.0,0.0001,100.0,2.0,4000000.0,1.0,10000000000.0,0.0003,1.0,0.0014285714285714286,1.0,28710000000000.0,367500000000.0,1.0,1.5,0.11944619,298.67160913000004,1.4238874163488584,1.4238874163488584,1.4233179684278885,0.11944619,0.0004000848254581397,-0.0005972766871489982,-26.757602765923366,-2.6832063217417466e-05,-27.0,-2.7075133495449874e-05,0.0003,0.012800417972831766,81780.0,,2.8515777557224698e-11,372.0,,0.0,13.0,372.0,1.6511516935483872,0.016078395038304,,,,,,,,OK,REVISAR,3.7848949432373e-06,0.0,1.1641532182693481e-10,14694863.5618206,0.0,5.1382883524795e-09,1.13686837721616e-13,1.42976641654972e-07,1.39698386192322e-08,180067.038984795,25.2468506288793,10951531.7272685,14694863.5618206,1.76121024158333e-09,0.0,3.7848949432373e-06,1.88426847597383e-08,0.0,0.0,0.0,0.0,11.0,0.0,0.0,0.0,0.0,-997251.7025915,73.1384894476915,11009.7286808742,14694863.5618206,1.88426847597383e-08,0.0,0.0,2368.0,529.0,1064.0,0.0,0.0,0.0,0.0,-997251.7025915,-997251.7025915,-26.75760276603978,2.6832063217534208e-05,mejora,-32.74045547575224,DIFIERE,12890000.0,4914,/clusteruy/home/mathiasr/generator-aware-row-scaling/results-revision/plano-control/full-gurobi-01pct/resultados/instance043_estructurado_solo_local.csv,/clusteruy/home/mathiasr/generator-aware-row-scaling/results-revision/plano-control/full-gurobi-01pct/resultados/instance043_estructurado_solo_local_postprocesado.csv,/clusteruy/home/mathiasr/generator-aware-row-scaling/results-revision/plano-control/full-gurobi-01pct/logs/instance043_estructurado_solo_local.log
instance043.txt,estructurado_plano,OK,0,297.169391498,0.098911920423218,-997260.8339671115,-997261.0,OPTIMAL,-998247.243809617,14950.0,1554005.0,0.48,23763.0,16561.0,57555.0,21186.0,14910.0,54318.0,10.84459032950385,9.969204758166777,5.624185561636695,1,Model contains large bounds,1e-05,100000.0,0.0001,100.0,2.0,80000.0,1.0,10000000000.0,0.0003,1.0,2.857142857142857e-05,1.0,28710000000000.0,9679000000.0,0.0,0.0,0.041004063,297.210395561,1.4305129670020578,1.4305129670020578,1.4303156090203137,0.041004063,0.00013798212121814694,0.00012825998385800064,-35.88897837756667,-3.598884941448404e-05,-36.0,-3.610017799393317e-05,0.0003,0.0003371299198885406,4258826.0,,1.4850053175706167e-09,367.0,,0.0,13.0,367.0,1.673646948228883,0.017607892649671,,,,,,,,OK,REVISAR,2.39536166191101e-06,0.0,4.656612873077393e-10,7406329.50298258,0.0,4.32710751961818e-09,5.6843418860808e-14,1.34110450744629e-07,1.30385160446167e-08,40720.5435966175,29.663590645471,1739144.34969949,7406329.50298258,2.91038304567337e-11,0.0,2.39536166191101e-06,0.0,0.0,0.0,0.0,0.0,3.0,0.0,0.0,0.0,0.0,-997260.833967112,1273.83526103097,11437.1688236218,7406329.50298258,0.0,0.0,0.0,2845.0,537.0,1059.0,0.0,0.0,0.0,0.0,-997260.833967112,-997260.833967112,-35.888978378032334,3.598884941495099e-05,mejora,-34.64543630182743,DIFIERE,11960000.0,5761,/clusteruy/home/mathiasr/generator-aware-row-scaling/results-revision/plano-control/full-gurobi-01pct/resultados/instance043_estructurado_plano.csv,/clusteruy/home/mathiasr/generator-aware-row-scaling/results-revision/plano-control/full-gurobi-01pct/resultados/instance043_estructurado_plano_postprocesado.csv,/clusteruy/home/mathiasr/generator-aware-row-scaling/results-revision/plano-control/full-gurobi-01pct/logs/instance043_estructurado_plano.log
instance043.txt,estructurado_matricial,OK,0,349.827141534,0.099478584417603,-997257.8537046117,-997258.0,OPTIMAL,-998249.9117004704,30044.0,3490633.0,0.47,23763.0,16561.0,57555.0,21185.0,14909.0,54321.0,10.848798552371333,9.975243040879175,5.6189731561115455,1,Model contains large bounds,1e-05,100000.0,0.0001,100.0,2.0,300000000.0,1.0,10000000000.0,0.0003,1.0,0.10714285714285714,1.0,28710000000000.0,25790000000000.0,1.0,1.0,0.124189891,349.95133142500003,1.215184922673256,1.215184922673256,1.2147536807560526,0.124189891,0.000355003589645516,-0.0004384040105269993,-32.90871587768197,-3.3000293507553354e-05,-33.0,-3.309182982777207e-05,0.0003,0.8982932776036224,16459969.0,,5.739408346818468e-09,486.0,,0.0,13.0,486.0,1.2638445061728396,0.012637035700657,,,,,,,,OK,REVISAR,9.5367431640625e-07,0.0,3.4924596548080444e-10,14693493.7131401,0.0,2.89211490994776e-09,5.32907051820075e-14,9.82731580734291e-08,1.67638063430786e-08,180037.206483224,25.2468484918229,10948687.3133223,14693493.7131401,2.14507958541314e-09,4.65661287307739e-10,9.5367431640625e-07,1.46528085072835e-08,0.0,0.0,0.0,0.0,0.0,0.0,0.0,0.0,0.0,-997257.853704612,73.1384894476902,11008.5756231732,14693493.7131401,1.46528085072835e-08,0.0,0.0,2369.0,529.0,1059.0,0.0,0.0,0.0,0.0,-997257.853704612,-997257.853704612,-32.90871587803122,3.300029350790357e-05,mejora,-37.31332715519238,DIFIERE,11950000.0,4957,/clusteruy/home/mathiasr/generator-aware-row-scaling/results-revision/plano-control/full-gurobi-01pct/resultados/instance043_estructurado_matricial.csv,/clusteruy/home/mathiasr/generator-aware-row-scaling/results-revision/plano-control/full-gurobi-01pct/resultados/instance043_estructurado_matricial_postprocesado.csv,/clusteruy/home/mathiasr/generator-aware-row-scaling/results-revision/plano-control/full-gurobi-01pct/logs/instance043_estructurado_matricial.log
instance043.txt,matricial_solo_local,OK,0,348.242182037,0.099478584417603,-997257.8537046117,-997258.0,OPTIMAL,-998249.9117004704,30044.0,3490633.0,0.47,23763.0,16561.0,57555.0,21185.0,14909.0,54321.0,10.848798552371333,9.975243040879175,5.6189731561115455,1,Model contains large bounds,1e-05,100000.0,0.0001,100.0,2.0,300000000.0,1.0,10000000000.0,0.0003,1.0,0.10714285714285714,1.0,28710000000000.0,25790000000000.0,1.0,1.0,0.121995085,348.364177122,1.2207156107493995,1.2207156107493995,1.2202881233253926,0.121995085,0.00035031679472717717,-0.0004384040105269993,-32.90871587768197,-3.3000293507553354e-05,-33.0,-3.309182982777207e-05,0.0003,0.8982932776036224,16459969.0,,5.739408346818468e-09,486.0,,0.0,12.0,486.0,1.2638445061728396,0.012520566328681,,,,,,,,OK,REVISAR,9.5367431640625e-07,0.0,3.4924596548080444e-10,14693493.7131401,0.0,2.89211490994776e-09,5.32907051820075e-14,9.82731580734291e-08,1.67638063430786e-08,180037.206483224,25.2468484918229,10948687.3133223,14693493.7131401,2.14507958541314e-09,4.65661287307739e-10,9.5367431640625e-07,1.46528085072835e-08,0.0,0.0,0.0,0.0,0.0,0.0,0.0,0.0,0.0,-997257.853704612,73.1384894476902,11008.5756231732,14693493.7131401,1.46528085072835e-08,0.0,0.0,2369.0,529.0,1059.0,0.0,0.0,0.0,0.0,-997257.853704612,-997257.853704612,-32.90871587803122,3.300029350790357e-05,mejora,-37.31332715519238,DIFIERE,11950000.0,4957,/clusteruy/home/mathiasr/generator-aware-row-scaling/results-revision/plano-control/full-gurobi-01pct/resultados/instance043_matricial_solo_local.csv,/clusteruy/home/mathiasr/generator-aware-row-scaling/results-revision/plano-control/full-gurobi-01pct/resultados/instance043_matricial_solo_local_postprocesado.csv,/clusteruy/home/mathiasr/generator-aware-row-scaling/results-revision/plano-control/full-gurobi-01pct/logs/instance043_matricial_solo_local.log
instance043.txt,matricial_plano,OK,0,444.374414147,0.097303539319605,-997255.2388741081,-997255.0,OPTIMAL,-998225.6035175828,30243.0,4651127.0,0.47,23763.0,16561.0,57555.0,21185.0,14909.0,54321.0,10.848798552371333,9.975243040879175,5.6189731561115455,1,Model contains large bounds,1e-05,100000.0,0.0001,100.0,2.0,300000000.0,1.0,10000000000.0,0.0003,1.0,0.10714285714285714,1.0,28710000000000.0,25790000000000.0,0.0,0.0,0.040601079,444.415015226,0.9566362382722028,0.9566362382722028,0.9565488414423171,0.040601079,9.136682425322777e-05,0.0017366410874709998,-30.293885374092497,-3.037818651280804e-05,-30.0,-3.008348166161097e-05,0.0003,0.8982932776036224,19385480.0,,6.759501534849942e-09,612.0,,0.0,12.0,612.0,1.003641225490196,0.011648734028104,,,,,,,,OK,REVISAR,1.93342566490173e-06,0.0,1.1641532182693481e-10,14693493.7131401,0.0,3.42672967101824e-09,6.3948846218409e-14,1.19209289550781e-07,1.58324837684631e-08,180035.683200401,25.2548737559731,10948427.9646448,14693493.7131401,1.91307180994337e-09,0.0,1.93342566490173e-06,1.41561031341553e-08,0.0,0.0,0.0,0.0,4.0,0.0,0.0,0.0,0.0,-997255.238874108,73.1384894476902,11009.0657841011,14693493.7131401,1.41561031341553e-08,0.0,0.0,2367.0,529.0,1060.0,0.0,0.0,0.0,0.0,-997255.238874108,-997255.238874108,-30.29388537397608,3.03781865126913e-05,mejora,-13.005144267575815,DIFIERE,11960000.0,4929,/clusteruy/home/mathiasr/generator-aware-row-scaling/results-revision/plano-control/full-gurobi-01pct/resultados/instance043_matricial_plano.csv,/clusteruy/home/mathiasr/generator-aware-row-scaling/results-revision/plano-control/full-gurobi-01pct/resultados/instance043_matricial_plano_postprocesado.csv,/clusteruy/home/mathiasr/generator-aware-row-scaling/results-revision/plano-control/full-gurobi-01pct/logs/instance043_matricial_plano.log
instance044.txt,base,OK,0,2048.880829692,0.098832081795704,-818701.618856029,-818702.0,OPTIMAL,-819510.7587096395,181438.0,48387449.0,0.44,23763.0,16561.0,57555.0,21291.0,14920.0,54696.0,10.40272692841813,9.908821931042812,4.967422465467814,3,Model contains large bounds | Model contains large matrix coefficient range | Model contains large rhs,0.0002,8000000000.0,0.0002,100.0,5.0,7000000000.0,1.0,10000000000.0,,,,,,,,,0.0,2048.880829692,1.0,1.0,1.0,0.0,0.0,0.0,,,0.0,,,,232379360.390037,,,3425.699702,,0.008139,15.518724,3425.699702,1.0,0.007227826274056,,,,,,,,BASE,BASE,,,,,,2.89120521698549e-09,1.81188397618826e-13,1.15483999252319e-07,2.55182385444641e-07,428295.623389794,38.9494202679481,12759796.7873651,81565965.6193123,7.27595761418343e-12,4.65661287307739e-10,7.34813511371613e-07,0.0,0.0,0.0,0.0,0.0,0.0,0.0,0.0,0.0,0.0,-818701.618856029,108.511350173169,16131.0228009548,81565965.6193123,0.0,0.0,0.0,2669.0,345.0,1383.0,0.0,0.0,0.0,0.0,-818701.618856029,,,,,,BASE,0.0,0,/clusteruy/home/mathiasr/generator-aware-row-scaling/results-revision/plano-control/full-gurobi-01pct/resultados/instance044_base.csv,/clusteruy/home/mathiasr/generator-aware-row-scaling/results-revision/plano-control/full-gurobi-01pct/resultados/instance044_base_postprocesado.csv,/clusteruy/home/mathiasr/generator-aware-row-scaling/results-revision/plano-control/full-gurobi-01pct/logs/instance044_base.log
instance044.txt,estructurado,OK,0,2402.085701128,0.098799811930025,-818701.5895106918,-818702.0,OPTIMAL,-819510.4651413965,168891.0,52764936.0,0.46,23763.0,16561.0,57555.0,21290.0,14920.0,54695.0,10.406935151285612,9.908821931042812,4.969159933976196,1,Model contains large bounds,1e-05,90000.0,0.0002,100.0,3.0,4000000.0,1.0,10000000000.0,0.000225,1.0,0.0009523809523809523,1.0,43060000000000.0,390600000000.0,1.0,1.5,0.11947815,2402.205179278,0.8529590883164003,0.8529590883164003,0.8529166648070445,0.11947815,4.973933692036634e-05,3.226986567900214e-05,0.02934533718507737,3.584375126322772e-08,0.0,0.0,0.000225,0.009071063632141198,5597069.0,,0.024085912753204944,3861.0,,0.0,17.0,3861.0,0.8872571100751101,0.006304185651063,,,,,,,,OK,REVISAR,8.82148742675781e-06,0.0,2.3283064365386963e-10,81565961.3455307,0.0,9.86468569985836e-09,1.98951966012828e-13,2.46129930019384e-07,2.73808836936951e-07,428295.551757798,38.9494202679491,12759791.2591854,81565961.3455307,7.27595761418343e-12,0.0,8.82148742675781e-06,0.0,0.0,0.0,0.0,0.0,24.0,0.0,0.0,0.0,0.0,-818701.589510692,108.511350173169,16131.0214639936,81565961.3455307,0.0,0.0,0.0,2669.0,345.0,1398.0,0.0,0.0,0.0,0.0,-818701.589510692,-818701.589510692,0.029345336952246726,3.584375097883761e-08,igual,0.2935682430397719,DIFIERE,10000.0,87,/clusteruy/home/mathiasr/generator-aware-row-scaling/results-revision/plano-control/full-gurobi-01pct/resultados/instance044_estructurado.csv,/clusteruy/home/mathiasr/generator-aware-row-scaling/results-revision/plano-control/full-gurobi-01pct/resultados/instance044_estructurado_postprocesado.csv,/clusteruy/home/mathiasr/generator-aware-row-scaling/results-revision/plano-control/full-gurobi-01pct/logs/instance044_estructurado.log
instance044.txt,estructurado_solo_local,OK,0,2401.209273476,0.098799811930025,-818701.5895106918,-818702.0,OPTIMAL,-819510.4651413965,168891.0,52764936.0,0.46,23763.0,16561.0,57555.0,21290.0,14920.0,54695.0,10.406935151285612,9.908821931042812,4.969159933976196,1,Model contains large bounds,1e-05,90000.0,0.0002,100.0,3.0,4000000.0,1.0,10000000000.0,0.000225,1.0,0.0009523809523809523,1.0,43060000000000.0,390600000000.0,1.0,1.5,0.11945562,2401.3287290959997,0.8532704135054552,0.8532704135054552,0.8532279670277874,0.11945562,4.9748108721517465e-05,3.226986567900214e-05,0.02934533718507737,3.584375126322772e-08,0.0,0.0,0.000225,0.009071063632141198,5597069.0,,0.024085912753204944,3861.0,,0.0,17.0,3861.0,0.8872571100751101,0.006315548580834,,,,,,,,OK,REVISAR,8.82148742675781e-06,0.0,2.3283064365386963e-10,81565961.3455307,0.0,9.86468569985836e-09,1.98951966012828e-13,2.46129930019384e-07,2.73808836936951e-07,428295.551757798,38.9494202679491,12759791.2591854,81565961.3455307,7.27595761418343e-12,0.0,8.82148742675781e-06,0.0,0.0,0.0,0.0,0.0,24.0,0.0,0.0,0.0,0.0,-818701.589510692,108.511350173169,16131.0214639936,81565961.3455307,0.0,0.0,0.0,2669.0,345.0,1398.0,0.0,0.0,0.0,0.0,-818701.589510692,-818701.589510692,0.029345336952246726,3.584375097883761e-08,igual,0.2935682430397719,DIFIERE,10000.0,87,/clusteruy/home/mathiasr/generator-aware-row-scaling/results-revision/plano-control/full-gurobi-01pct/resultados/instance044_estructurado_solo_local.csv,/clusteruy/home/mathiasr/generator-aware-row-scaling/results-revision/plano-control/full-gurobi-01pct/resultados/instance044_estructurado_solo_local_postprocesado.csv,/clusteruy/home/mathiasr/generator-aware-row-scaling/results-revision/plano-control/full-gurobi-01pct/logs/instance044_estructurado_solo_local.log
instance044.txt,estructurado_plano,OK,0,1430.077489482,0.093953888741035,-818701.6188560262,-818702.0,OPTIMAL,-819470.8208641273,67118.0,25780933.0,0.47,23763.0,16561.0,57555.0,21290.0,14920.0,54695.0,10.406935151285612,9.908821931042812,4.969159933976196,1,Model contains large bounds,1e-05,90000.0,0.0002,100.0,3.0,90000.0,1.0,10000000000.0,0.000225,1.0,2.1428571428571428e-05,1.0,43060000000000.0,7929000000.0,0.0,0.0,0.041048037,1430.118537519,1.432706160862753,1.432706160862753,1.432665038554386,0.041048037,2.8703365588160086e-05,0.004878193054669008,2.7939677238464355e-09,3.4126813230813493e-15,0.0,0.0,0.000225,0.00018413841151881095,8989971.0,,0.03868661564826923,2179.0,,0.0,15.0,2179.0,1.5721430481872418,0.008793624885857,,,,,,,,OK,REVISAR,1.9073486328125e-06,0.0,2.3283064365386963e-10,16921432.6396082,0.0,9.07861006975738e-09,1.59161572810262e-12,2.60770320892334e-07,2.98023223876953e-07,84017.5265434835,62.1226082340584,2122264.79338625,16921432.6396082,2.18278728425503e-11,0.0,1.9073486328125e-06,0.0,0.0,0.0,0.0,0.0,10.0,0.0,0.0,0.0,0.0,-818701.618856026,1369.34002204194,16705.4859368077,16921432.6396082,0.0,0.0,0.0,3693.0,459.0,1386.0,0.0,0.0,0.0,0.0,-818701.618856026,-818701.618856026,3.026798367500305e-09,3.6970714333381285e-15,igual,39.93784551229328,DIFIERE,57.05000000000001,2471,/clusteruy/home/mathiasr/generator-aware-row-scaling/results-revision/plano-control/full-gurobi-01pct/resultados/instance044_estructurado_plano.csv,/clusteruy/home/mathiasr/generator-aware-row-scaling/results-revision/plano-control/full-gurobi-01pct/resultados/instance044_estructurado_plano_postprocesado.csv,/clusteruy/home/mathiasr/generator-aware-row-scaling/results-revision/plano-control/full-gurobi-01pct/logs/instance044_estructurado_plano.log
instance044.txt,estructurado_matricial,OK,0,2144.16066744,0.098939557818949,-818700.9094190856,-818701.0,OPTIMAL,-819510.9284787246,144482.0,49958912.0,0.46,23763.0,16561.0,57555.0,21290.0,14920.0,54695.0,10.406935151285612,9.908821931042812,4.969159933976196,1,Model contains large bounds,1e-05,90000.0,0.0002,100.0,10.0,200000000.0,1.0,10000000000.0,0.000225,1.0,0.014285714285714285,1.0,43060000000000.0,21100000000000.0,1.0,1.0,0.123952318,2144.284619758,0.9555631071892768,0.9555631071892768,0.955507869996863,0.123952318,5.780924903728958e-05,-0.00010747602324499839,0.7094369434053078,8.665390748788349e-07,1.0,1.2214456542185068e-06,0.000225,0.4900139340455179,22369653.0,,0.09626351050477834,3462.0,,0.0,17.0,3462.0,0.9895146452917388,0.006590085020365,,,,,,,,OK,REVISAR,2.00048089027405e-06,0.0,3.4924596548080444e-10,81565862.2987746,0.0,8.43137191381623e-09,1.98951966012828e-13,2.31675803661348e-07,2.99885869026184e-07,428293.886985589,38.9494202679479,12759663.1412489,81565862.2987746,7.27595761418343e-12,4.65661287307739e-10,2.00048089027405e-06,0.0,0.0,0.0,0.0,0.0,5.0,0.0,0.0,0.0,0.0,-818700.909419086,108.511350173169,16130.9904792299,81565862.2987746,0.0,0.0,0.0,2670.0,345.0,1383.0,0.0,0.0,0.0,0.0,-818700.909419086,-818700.909419086,0.7094369430560619,8.665390744522497e-07,igual,-0.1697690850123763,DIFIERE,10000.0,692,/clusteruy/home/mathiasr/generator-aware-row-scaling/results-revision/plano-control/full-gurobi-01pct/resultados/instance044_estructurado_matricial.csv,/clusteruy/home/mathiasr/generator-aware-row-scaling/results-revision/plano-control/full-gurobi-01pct/resultados/instance044_estructurado_matricial_postprocesado.csv,/clusteruy/home/mathiasr/generator-aware-row-scaling/results-revision/plano-control/full-gurobi-01pct/logs/instance044_estructurado_matricial.log
instance044.txt,matricial_solo_local,OK,0,2150.654245532,0.098939557818949,-818700.9094190856,-818701.0,OPTIMAL,-819510.9284787246,144482.0,49958912.0,0.46,23763.0,16561.0,57555.0,21290.0,14920.0,54695.0,10.406935151285612,9.908821931042812,4.969159933976196,1,Model contains large bounds,1e-05,90000.0,0.0002,100.0,10.0,200000000.0,1.0,10000000000.0,0.000225,1.0,0.014285714285714285,1.0,43060000000000.0,21100000000000.0,1.0,1.0,0.128669119,2150.782914651,0.9526779276346093,0.9526779276346093,0.9526209343282165,0.128669119,5.9827896216842406e-05,-0.00010747602324499839,0.7094369434053078,8.665390748788349e-07,1.0,1.2214456542185068e-06,0.000225,0.4900139340455179,22369653.0,,0.09626351050477834,3462.0,,0.0,17.0,3462.0,0.9895146452917388,0.006532452120055,,,,,,,,OK,REVISAR,2.00048089027405e-06,0.0,3.4924596548080444e-10,81565862.2987746,0.0,8.43137191381623e-09,1.98951966012828e-13,2.31675803661348e-07,2.99885869026184e-07,428293.886985589,38.9494202679479,12759663.1412489,81565862.2987746,7.27595761418343e-12,4.65661287307739e-10,2.00048089027405e-06,0.0,0.0,0.0,0.0,0.0,5.0,0.0,0.0,0.0,0.0,-818700.909419086,108.511350173169,16130.9904792299,81565862.2987746,0.0,0.0,0.0,2670.0,345.0,1383.0,0.0,0.0,0.0,0.0,-818700.909419086,-818700.909419086,0.7094369430560619,8.665390744522497e-07,igual,-0.1697690850123763,DIFIERE,10000.0,692,/clusteruy/home/mathiasr/generator-aware-row-scaling/results-revision/plano-control/full-gurobi-01pct/resultados/instance044_matricial_solo_local.csv,/clusteruy/home/mathiasr/generator-aware-row-scaling/results-revision/plano-control/full-gurobi-01pct/resultados/instance044_matricial_solo_local_postprocesado.csv,/clusteruy/home/mathiasr/generator-aware-row-scaling/results-revision/plano-control/full-gurobi-01pct/logs/instance044_matricial_solo_local.log
instance044.txt,matricial_plano,OK,0,1270.311004327,0.097995771747471,-818701.3924770722,-818701.0,OPTIMAL,-819503.6852249374,62828.0,20012777.0,0.46,23763.0,16561.0,57555.0,21290.0,14920.0,54695.0,10.406935151285612,9.908821931042812,4.969159933976196,1,Model contains large bounds,1e-05,90000.0,0.0002,100.0,10.0,200000000.0,1.0,10000000000.0,0.000225,1.0,0.014285714285714285,1.0,43060000000000.0,21100000000000.0,0.0,0.0,0.04100568,1270.352010007,1.6128970171186383,1.6128970171186383,1.612844954431733,0.04100568,3.228003210263022e-05,0.0008363100482330077,0.22637895680963993,2.765097217298276e-07,1.0,1.2214456542185068e-06,0.000225,0.4900139340455179,26345520.0,,0.11337289144690121,1988.0,,0.0,17.0,1988.0,1.7231889849094566,0.010261705964667,,,,,,,,OK,REVISAR,2.32085585594177e-06,0.0,2.3283064365386963e-10,81565932.650071,0.0,7.6551694282248e-09,1.4210854715202e-13,2.19214707612992e-07,2.98023223876953e-07,428295.070367276,38.9494202679479,12759754.1413133,81565932.650071,7.27595761418343e-12,0.0,2.32085585594177e-06,0.0,0.0,0.0,0.0,0.0,5.0,0.0,0.0,0.0,0.0,-818701.392477072,108.511350173169,16131.0124872026,81565932.650071,0.0,0.0,0.0,2668.0,345.0,1385.0,0.0,0.0,0.0,0.0,-818701.392477072,-818701.392477072,0.22637895704247057,2.765097220142177e-07,igual,7.0734847021522,DIFIERE,10000.0,332,/clusteruy/home/mathiasr/generator-aware-row-scaling/results-revision/plano-control/full-gurobi-01pct/resultados/instance044_matricial_plano.csv,/clusteruy/home/mathiasr/generator-aware-row-scaling/results-revision/plano-control/full-gurobi-01pct/resultados/instance044_matricial_plano_postprocesado.csv,/clusteruy/home/mathiasr/generator-aware-row-scaling/results-revision/plano-control/full-gurobi-01pct/logs/instance044_matricial_plano.log
